2026-05-14 17:14:40.242 | INFO     | arrange_library.core.constraints.index_validator_verified:__init__:75 - Index校验器初始化完成（真实数据验证版本）
2026-05-14 17:14:40.762 | INFO     | arrange_library.core.constraints.index_validator_verified:__init__:75 - Index校验器初始化完成（真实数据验证版本）
[32m2026-05-14 17:14:40[0m | [1mINFO    [0m | [1m================================================================================[0m
[32m2026-05-14 17:14:40[0m | [1mINFO    [0m | [1marrange_library: 端到端排机流程 - 排机与 Pooling 预测[0m
[32m2026-05-14 17:14:40[0m | [1mINFO    [0m | [1m================================================================================[0m
[32m2026-05-14 17:14:40[0m | [1mINFO    [0m | [1m调用时间: 2026-05-14 17:14:40[0m
[32m2026-05-14 17:14:40[0m | [1mINFO    [0m | [1m随机种子: 42 (固定，确保可复现)[0m
[32m2026-05-14 17:14:40[0m | [1mINFO    [0m | [1m运行模式: arrange[0m
[32m2026-05-14 17:14:40[0m | [1mINFO    [0m | [1m
使用数据文件: arrange_library/209_sta.csv[0m
[32m2026-05-14 17:14:40[0m | [1mINFO    [0m | [1m从标准化CSV文件加载数据: arrange_library/209_sta.csv[0m
[32m2026-05-14 17:14:40[0m | [1mINFO    [0m | [1m读取 327 行数据[0m
[32m2026-05-14 17:14:40[0m | [1mINFO    [0m | [1m成功创建 327 个文库对象[0m
[32m2026-05-14 17:14:40[0m | [1mINFO    [0m | [1m成功转换 327 个测试文库[0m
[32m2026-05-14 17:14:40[0m | [1mINFO    [0m | [1mAI可排文库筛选完成: 可排=327，不可排=0，机型排除=0[0m
[32m2026-05-14 17:14:40[0m | [1mINFO    [0m | [1m
================================================================================[0m
[32m2026-05-14 17:14:40[0m | [1mINFO    [0m | [1m步骤1: 处理包Lane文库（wkbaleno字段有值的文库）[0m
[32m2026-05-14 17:14:40[0m | [1mINFO    [0m | [1m================================================================================[0m
[32m2026-05-14 17:14:40[0m | [1mINFO    [0m | [1m包Lane文库数: 12[0m
[32m2026-05-14 17:14:40[0m | [1mINFO    [0m | [1m普通文库数: 315[0m
[32m2026-05-14 17:14:40[0m | [1mINFO    [0m | [1m
使用PackageLaneScheduler处理包Lane文库...[0m
[32m2026-05-14 17:14:40[0m | [1mINFO    [0m | [1m统一排机规则配置已加载: profiles=7, constraints=2, loading_rules=4[0m
[32m2026-05-14 17:14:40[0m | [1mINFO    [0m | [1m1.1模式规则配置加载完成: /data/work/yuyongpeng/liblane_v2_deepseek/paiji_complete2/paiji_complete/arrange_library/config/mode_1_1_rules.json[0m
[32m2026-05-14 17:14:40[0m | [1mINFO    [0m | [1m排机配置管理器初始化完成[0m
[32m2026-05-14 17:14:40[0m | [33m[1mWARNING [0m | [33m[1mPooling配置表不存在: /data/work/yuyongpeng/liblane_v2_deepseek/data/wktype_pooling_config.xlsx，将使用默认策略[0m
[32m2026-05-14 17:14:40[0m | [1mINFO    [0m | [1m产出效率修正表不存在: /data/work/yuyongpeng/liblane_v2_deepseek/data/production_efficiency_correction.csv，跳过后校准[0m
[32m2026-05-14 17:14:40[0m | [33m[1mWARNING [0m | [33m[1m模型文件不存在: models/loutput_pre_lane_v5/lightgbm_model.pkl[0m
[32m2026-05-14 17:14:40[0m | [33m[1mWARNING [0m | [33m[1mloutput预测器不可用，将使用规则降级策略[0m
[32m2026-05-14 17:14:40[0m | [1mINFO    [0m | [1m包Lane/FC排机程序初始化完成[0m
[32m2026-05-14 17:14:40[0m | [1mINFO    [0m | [1m============================================================[0m
[32m2026-05-14 17:14:40[0m | [1mINFO    [0m | [1m 开始包Lane/FC排机[0m
[32m2026-05-14 17:14:40[0m | [1mINFO    [0m | [1m============================================================[0m
[32m2026-05-14 17:14:40[0m | [1mINFO    [0m | [1m待排机文库总数: 12[0m
[32m2026-05-14 17:14:40[0m | [1mINFO    [0m | [1m文库 12527425 检测到多个包Lane编号 ['C2611046726', 'C2611046727', 'C2611046728', 'C2611046729', 'C2611046730', 'C2611046731', 'C2611046732', 'C2611046733']，按8份执行专用拆分[0m
[32m2026-05-14 17:14:40[0m | [1mINFO    [0m | [1m文库 12527424 检测到多个包Lane编号 ['C2611046726', 'C2611046727', 'C2611046728', 'C2611046729', 'C2611046730', 'C2611046731', 'C2611046732', 'C2611046733']，按8份执行专用拆分[0m
[32m2026-05-14 17:14:40[0m | [1mINFO    [0m | [1m文库 12527426 检测到多个包Lane编号 ['C2611046726', 'C2611046727', 'C2611046728', 'C2611046729', 'C2611046730', 'C2611046731', 'C2611046732', 'C2611046733']，按8份执行专用拆分[0m
[32m2026-05-14 17:14:40[0m | [1mINFO    [0m | [1m文库 12527418 检测到多个包Lane编号 ['C2611046726', 'C2611046727', 'C2611046728', 'C2611046729', 'C2611046730', 'C2611046731', 'C2611046732', 'C2611046733']，按8份执行专用拆分[0m
[32m2026-05-14 17:14:40[0m | [1mINFO    [0m | [1m文库 12527421 检测到多个包Lane编号 ['C2611046726', 'C2611046727', 'C2611046728', 'C2611046729', 'C2611046730', 'C2611046731', 'C2611046732', 'C2611046733']，按8份执行专用拆分[0m
[32m2026-05-14 17:14:40[0m | [1mINFO    [0m | [1m文库 12527428 检测到多个包Lane编号 ['C2611046726', 'C2611046727', 'C2611046728', 'C2611046729', 'C2611046730', 'C2611046731', 'C2611046732', 'C2611046733']，按8份执行专用拆分[0m
[32m2026-05-14 17:14:40[0m | [1mINFO    [0m | [1m文库 12527419 检测到多个包Lane编号 ['C2611046726', 'C2611046727', 'C2611046728', 'C2611046729', 'C2611046730', 'C2611046731', 'C2611046732', 'C2611046733']，按8份执行专用拆分[0m
[32m2026-05-14 17:14:40[0m | [1mINFO    [0m | [1m文库 12527420 检测到多个包Lane编号 ['C2611046726', 'C2611046727', 'C2611046728', 'C2611046729', 'C2611046730', 'C2611046731', 'C2611046732', 'C2611046733']，按8份执行专用拆分[0m
[32m2026-05-14 17:14:40[0m | [1mINFO    [0m | [1m文库 12527427 检测到多个包Lane编号 ['C2611046726', 'C2611046727', 'C2611046728', 'C2611046729', 'C2611046730', 'C2611046731', 'C2611046732', 'C2611046733']，按8份执行专用拆分[0m
[32m2026-05-14 17:14:40[0m | [1mINFO    [0m | [1m文库 12527429 检测到多个包Lane编号 ['C2611046726', 'C2611046727', 'C2611046728', 'C2611046729', 'C2611046730', 'C2611046731', 'C2611046732', 'C2611046733']，按8份执行专用拆分[0m
[32m2026-05-14 17:14:40[0m | [1mINFO    [0m | [1m文库 12527422 检测到多个包Lane编号 ['C2611046726', 'C2611046727', 'C2611046728', 'C2611046729', 'C2611046730', 'C2611046731', 'C2611046732', 'C2611046733']，按8份执行专用拆分[0m
[32m2026-05-14 17:14:40[0m | [1mINFO    [0m | [1m文库 12527423 检测到多个包Lane编号 ['C2611046726', 'C2611046727', 'C2611046728', 'C2611046729', 'C2611046730', 'C2611046731', 'C2611046732', 'C2611046733']，按8份执行专用拆分[0m
[32m2026-05-14 17:14:40[0m | [1mINFO    [0m | [1m  包Lane文库: 96[0m
[32m2026-05-14 17:14:40[0m | [1mINFO    [0m | [1m  Lane ID文库: 0[0m
[32m2026-05-14 17:14:40[0m | [1mINFO    [0m | [1m  包FC文库: 0[0m
[32m2026-05-14 17:14:40[0m | [1mINFO    [0m | [1m  RunCycle文库: 0[0m
[32m2026-05-14 17:14:40[0m | [1mINFO    [0m | [1m  普通文库: 0[0m
[32m2026-05-14 17:14:40[0m | [1mINFO    [0m | [1mIndex校验器初始化完成（真实数据验证版本）[0m
[32m2026-05-14 17:14:40[0m | [1mINFO    [0m | [1mIndex校验器初始化完成（真实数据验证版本）[0m
[32m2026-05-14 17:14:40[0m | [1mINFO    [0m | [1mIndex校验器初始化完成（真实数据验证版本）[0m
[32m2026-05-14 17:14:40[0m | [1mINFO    [0m | [1mIndex校验器初始化完成（真实数据验证版本）[0m
[32m2026-05-14 17:14:40[0m | [1mINFO    [0m | [1mIndex校验器初始化完成（真实数据验证版本）[0m
[32m2026-05-14 17:14:40[0m | [1mINFO    [0m | [1mIndex校验器初始化完成（真实数据验证版本）[0m
[32m2026-05-14 17:14:40[0m | [1mINFO    [0m | [1mIndex校验器初始化完成（真实数据验证版本）[0m
[32m2026-05-14 17:14:40[0m | [1mINFO    [0m | [1mIndex校验器初始化完成（真实数据验证版本）[0m
[32m2026-05-14 17:14:40[0m | [1mINFO    [0m | [1m------------------------------------------------------------[0m
[32m2026-05-14 17:14:40[0m | [1mINFO    [0m | [1m 包Lane/FC排机结果:[0m
[32m2026-05-14 17:14:40[0m | [1mINFO    [0m | [1m  生成Run数: 1[0m
[32m2026-05-14 17:14:40[0m | [1mINFO    [0m | [1m  生成Lane数: 8[0m
[32m2026-05-14 17:14:40[0m | [1mINFO    [0m | [1m  排机文库数: 96[0m
[32m2026-05-14 17:14:40[0m | [1mINFO    [0m | [1m  剩余文库数: 0[0m
[32m2026-05-14 17:14:40[0m | [1mINFO    [0m | [1m============================================================[0m
[32m2026-05-14 17:14:40[0m | [1mINFO    [0m | [1m包Lane处理结果:[0m
[32m2026-05-14 17:14:40[0m | [1mINFO    [0m | [1m  - 成功生成Run数: 1[0m
[32m2026-05-14 17:14:40[0m | [1mINFO    [0m | [1m  - 成功生成Lane数: 8[0m
[32m2026-05-14 17:14:40[0m | [1mINFO    [0m | [1m  - 已分配文库数: 96[0m
[32m2026-05-14 17:14:40[0m | [1mINFO    [0m | [1m  - 失败包数: 0[0m
[32m2026-05-14 17:14:40[0m | [1mINFO    [0m | [1m  - 剩余未分配: 0[0m
[32m2026-05-14 17:14:40[0m | [1mINFO    [0m | [1m
包Lane处理完成，形成8条包Lane[0m
[32m2026-05-14 17:14:40[0m | [1mINFO    [0m | [1m剩余315个文库进入普通排机流程[0m
[32m2026-05-14 17:14:40[0m | [1mINFO    [0m | [1m
================================================================================[0m
[32m2026-05-14 17:14:40[0m | [1mINFO    [0m | [1m步骤1.2: 处理10+24 Lane seq文库[0m
[32m2026-05-14 17:14:40[0m | [1mINFO    [0m | [1m================================================================================[0m
[32m2026-05-14 17:14:40[0m | [1mINFO    [0m | [1m10+24 Lane seq成Lane成功: lane=LS_NovaX-25B_001, 文库数=11, 合同量=950.000G, 平衡文库=50.000G, 有效总量=1000.000G[0m
[32m2026-05-14 17:14:40[0m | [1mINFO    [0m | [1m10+24 Lane seq处理完成: 输入文库=11, 生成Lane=1, 未分配=0[0m
[32m2026-05-14 17:14:40[0m | [1mINFO    [0m | [1m
================================================================================[0m
[32m2026-05-14 17:14:40[0m | [1mINFO    [0m | [1m步骤1.3: 全局碱基不均衡专Lane预抽取[0m
[32m2026-05-14 17:14:40[0m | [1mINFO    [0m | [1m================================================================================[0m
[32m2026-05-14 17:14:40[0m | [1mINFO    [0m | [1mIndex校验器初始化完成（真实数据验证版本）[0m
[32m2026-05-14 17:14:40[0m | [1mINFO    [0m | [1mIndex校验器初始化完成（真实数据验证版本）[0m
[32m2026-05-14 17:14:40[0m | [1mINFO    [0m | [1m成Lane校验程序初始化完成 (严格模式: True, 碱基不均衡上限: 35%, 特殊文库关键词: 9个)[0m
[32m2026-05-14 17:14:40[0m | [33m[1mWARNING [0m | [33m[1mPooling配置表不存在: /data/work/yuyongpeng/liblane_v2_deepseek/data/wktype_pooling_config.xlsx，将使用默认策略[0m
[32m2026-05-14 17:14:40[0m | [1mINFO    [0m | [1m产出效率修正表不存在: /data/work/yuyongpeng/liblane_v2_deepseek/data/production_efficiency_correction.csv，跳过后校准[0m
[32m2026-05-14 17:14:40[0m | [33m[1mWARNING [0m | [33m[1m模型文件不存在: models/loutput_pre_lane_v5/lightgbm_model.pkl[0m
[32m2026-05-14 17:14:40[0m | [33m[1mWARNING [0m | [33m[1mloutput预测器不可用，将使用规则降级策略[0m
[32m2026-05-14 17:14:40[0m | [1mINFO    [0m | [1m逐Lane贪心排机器初始化完成 - 基础容量: 985.0GB, 利用率区间: [100%, 100%], 配置模式: 按机型自动[0m
[32m2026-05-14 17:14:40[0m | [1mINFO    [0m | [1m启用检查: Index=True, 碱基不均衡=True, 规则检查器=False[0m
[32m2026-05-14 17:14:40[0m | [1mINFO    [0m | [1mIndex校验器初始化完成（真实数据验证版本）[0m
[32m2026-05-14 17:14:40[0m | [1mINFO    [0m | [1m成Lane校验程序初始化完成 (严格模式: False, 碱基不均衡上限: 35%, 特殊文库关键词: 9个)[0m
[32m2026-05-14 17:14:40[0m | [1mINFO    [0m | [1m专用Lane DL_NovaSeq X Plus_001 形成成功 - 分组=G29, 碱基不均衡=1305.0G, 平衡文库=870.0G, 总量(含平衡)=2175.0G, 模式=1.1, 容量规则=tj_1595_mode_1_1[0m
[32m2026-05-14 17:14:40[0m | [1mINFO    [0m | [1mIndex校验器初始化完成（真实数据验证版本）[0m
[32m2026-05-14 17:14:40[0m | [1mINFO    [0m | [1m成Lane校验程序初始化完成 (严格模式: False, 碱基不均衡上限: 35%, 特殊文库关键词: 9个)[0m
[32m2026-05-14 17:14:40[0m | [1mINFO    [0m | [1m专用Lane DL_NovaSeq X Plus_002 形成成功 - 分组=G29, 碱基不均衡=1300.6G, 平衡文库=867.1G, 总量(含平衡)=2167.7G, 模式=1.1, 容量规则=tj_1595_mode_1_1[0m
[32m2026-05-14 17:14:40[0m | [1mINFO    [0m | [1mIndex校验器初始化完成（真实数据验证版本）[0m
[32m2026-05-14 17:14:40[0m | [1mINFO    [0m | [1m成Lane校验程序初始化完成 (严格模式: False, 碱基不均衡上限: 35%, 特殊文库关键词: 9个)[0m
[32m2026-05-14 17:14:40[0m | [1mINFO    [0m | [1m专用Lane DL_NovaSeq X Plus_003 形成成功 - 分组=G29, 碱基不均衡=633.0G, 平衡文库=422.0G, 总量(含平衡)=1055.0G, 模式=3.6T-NEW, 容量规则=tj_1595_standard_pe150_25b[0m
[32m2026-05-14 17:14:40[0m | [1mINFO    [0m | [1m专用Lane分组G29剩余合同量37.4G无法满足1.1或3.6T-NEW有效容量下限[0m
[32m2026-05-14 17:14:40[0m | [1mINFO    [0m | [1m全局碱基不均专Lane预抽取: 机型=NovaSeq X Plus, 生成Lane=3, 消耗3238.6G, 剩余不均文库=1个/37.4G[0m
[32m2026-05-14 17:14:40[0m | [1mINFO    [0m | [1mIndex校验器初始化完成（真实数据验证版本）[0m
[32m2026-05-14 17:14:40[0m | [1mINFO    [0m | [1m成Lane校验程序初始化完成 (严格模式: False, 碱基不均衡上限: 35%, 特殊文库关键词: 9个)[0m
[32m2026-05-14 17:14:40[0m | [1mINFO    [0m | [1m专用Lane DL_Nova X-25B_001 形成成功 - 分组=G54, 碱基不均衡=1050.0G, 平衡文库=0.0G, 总量(含平衡)=1050.0G, 模式=3.6T-NEW, 容量规则=tj_1595_special_combo_36t[0m
[32m2026-05-14 17:14:40[0m | [1mINFO    [0m | [1m专用Lane分组G54剩余合同量900.0G无法满足1.1或3.6T-NEW有效容量下限[0m
[32m2026-05-14 17:14:40[0m | [1mINFO    [0m | [1m全局碱基不均专Lane预抽取: 机型=Nova X-25B, 生成Lane=1, 消耗1050.0G, 剩余不均文库=6个/900.0G[0m
[32m2026-05-14 17:14:40[0m | [1mINFO    [0m | [1m全局碱基不均专Lane预抽取完成: 生成Lane=4, 后续普通排机池 304 -> 232[0m
[32m2026-05-14 17:14:40[0m | [1mINFO    [0m | [1m全局碱基不均衡专Lane预抽取完成: 生成Lane=4, 剩余普通排机文库=232[0m
[32m2026-05-14 17:14:40[0m | [1mINFO    [0m | [1m
================================================================================[0m
[32m2026-05-14 17:14:40[0m | [1mINFO    [0m | [1m步骤1.5: 三阶段未成Lane池顺序消耗[0m
[32m2026-05-14 17:14:40[0m | [1mINFO    [0m | [1m================================================================================[0m
[32m2026-05-14 17:14:40[0m | [1mINFO    [0m | [1m1.1第二轮候选识别: 候选文库=12, 分组数=2, 非候选文库=220[0m
[32m2026-05-14 17:14:40[0m | [1mINFO    [0m | [1m1.1第二轮直出Lane: 候选分组=2[0m
[32m2026-05-14 17:14:40[0m | [1mINFO    [0m | [1m1.1第二轮直出完成: 生成Lane=2, 调度分组=2, 回流3.6T文库=0[0m
[32m2026-05-14 17:14:40[0m | [1mINFO    [0m | [1m1.1第二轮历史Lane直出完成: 候选文库=12, 生成Lane=2, 回流未成Lane池=0[0m
[32m2026-05-14 17:14:41[0m | [1mINFO    [0m | [1m命中拆分规则且当前合同量>500G的原始文库13个：从1.1候选池移出，保留到3.6T-NEW流程拆分与排机[0m
[32m2026-05-14 17:14:41[0m | [1mINFO    [0m | [1m步骤1.5-1: 3.6T-NEW高优预消耗使用当前未成Lane全集: 高优=10个/1650.0G, 普通补料候选=197个, lane上限=3[0m
[32m2026-05-14 17:14:41[0m | [1mINFO    [0m | [1mIndex校验器初始化完成（真实数据验证版本）[0m
[32m2026-05-14 17:14:41[0m | [1mINFO    [0m | [1mIndex校验器初始化完成（真实数据验证版本）[0m
[32m2026-05-14 17:14:41[0m | [1mINFO    [0m | [1m成Lane校验程序初始化完成 (严格模式: True, 碱基不均衡上限: 35%, 特殊文库关键词: 9个)[0m
[32m2026-05-14 17:14:41[0m | [33m[1mWARNING [0m | [33m[1mPooling配置表不存在: /data/work/yuyongpeng/liblane_v2_deepseek/data/wktype_pooling_config.xlsx，将使用默认策略[0m
[32m2026-05-14 17:14:41[0m | [1mINFO    [0m | [1m产出效率修正表不存在: /data/work/yuyongpeng/liblane_v2_deepseek/data/production_efficiency_correction.csv，跳过后校准[0m
[32m2026-05-14 17:14:41[0m | [33m[1mWARNING [0m | [33m[1m模型文件不存在: models/loutput_pre_lane_v5/lightgbm_model.pkl[0m
[32m2026-05-14 17:14:41[0m | [33m[1mWARNING [0m | [33m[1mloutput预测器不可用，将使用规则降级策略[0m
[32m2026-05-14 17:14:41[0m | [1mINFO    [0m | [1m逐Lane贪心排机器初始化完成 - 基础容量: 985.0GB, 利用率区间: [100%, 100%], 配置模式: 按机型自动[0m
[32m2026-05-14 17:14:41[0m | [1mINFO    [0m | [1m启用检查: Index=True, 碱基不均衡=True, 规则检查器=False[0m
[32m2026-05-14 17:14:41[0m | [1mINFO    [0m | [1m开始逐Lane贪心排机 - 文库数: 7[0m
[32m2026-05-14 17:14:41[0m | [1mINFO    [0m | [1m============================================================[0m
[32m2026-05-14 17:14:41[0m | [1mINFO    [0m | [1m[拆分] 开始文库拆分预处理[0m
[32m2026-05-14 17:14:41[0m | [1mINFO    [0m | [1m  拆分规则: 1.1模式文库（兼容旧名1.0）不拆分；3.6T-NEW模式按 单index >100.0G、多index >300.0G[0m
[32m2026-05-14 17:14:41[0m | [1mINFO    [0m | [1m  最小保留数据量: >2.0G[0m
[32m2026-05-14 17:14:41[0m | [1mINFO    [0m | [1m------------------------------------------------------------[0m
[32m2026-05-14 17:14:41[0m | [1mINFO    [0m | [1m 拆分完成[0m
[32m2026-05-14 17:14:41[0m | [1mINFO    [0m | [1m  原始文库数: 7[0m
[32m2026-05-14 17:14:41[0m | [1mINFO    [0m | [1m  拆分文库数: 3[0m
[32m2026-05-14 17:14:41[0m | [1mINFO    [0m | [1m  最终文库数: 12[0m
[32m2026-05-14 17:14:41[0m | [1mINFO    [0m | [1m============================================================[0m
[32m2026-05-14 17:14:41[0m | [1mINFO    [0m | [1m预拆分完成: 原始文库7个，触发拆分3个，拆分后文库12个[0m
[32m2026-05-14 17:14:41[0m | [1mINFO    [0m | [1m使用外部传入的全局分析报告（全量文库），跳过内部分析[0m
[32m2026-05-14 17:14:41[0m | [1mINFO    [0m | [1m处理机器类型 Nova X-25B - 文库数: 12 - Lane容量: 1050.0GB, 利用率区间: [100%, 100%], 特殊文库上限: 350GB[0m
[32m2026-05-14 17:14:41[0m | [1mINFO    [0m | [1m3.6T-NEW拆分家族原子分散失败: 3个原始文库回滚为未分配并禁止继续成Lane[0m
[32m2026-05-14 17:14:41[0m | [33m[1mWARNING [0m | [33m[1mLane GL_Nova X-25B_005 数据量150.0G低于下限995.0G，4 个文库无法形成有效Lane[0m
[32m2026-05-14 17:14:41[0m | [1mINFO    [0m | [1m剩余池总量200.0GB不足最小成Lane门槛995.0GB，跳过后续随机重试[0m
[32m2026-05-14 17:14:41[0m | [1mINFO    [0m | [1m预拆分回滚完成: 3个原始文库因子片段未全部成Lane而回滚[0m
[32m2026-05-14 17:14:41[0m | [1mINFO    [0m | [1m逐Lane贪心排机完成 - Lane数: 0, 已分配: 0/7, 未分配: 7, 平均利用率: 0.0%, 耗时: 0.00秒[0m
[32m2026-05-14 17:14:41[0m | [1mINFO    [0m | [1mIndex校验器初始化完成（真实数据验证版本）[0m
[32m2026-05-14 17:14:41[0m | [1mINFO    [0m | [1m成Lane校验程序初始化完成 (严格模式: False, 碱基不均衡上限: 35%, 特殊文库关键词: 9个)[0m
[32m2026-05-14 17:14:41[0m | [1mINFO    [0m | [1m最终验证结果: 0条Lane通过，7个文库未分配[0m
[32m2026-05-14 17:14:41[0m | [1mINFO    [0m | [1m3.6T-NEW高优先级预消耗完成: 高优输入=5, 36T禁排高优=0, 36T补料=0, 1.1补料=2, 保留Lane=0, 剩余高优回1.1=5, 剩余高优留36T=0, 剩余36T补料=0, 剩余1.1补料=2[0m
[32m2026-05-14 17:14:41[0m | [1mINFO    [0m | [1mIndex校验器初始化完成（真实数据验证版本）[0m
[32m2026-05-14 17:14:41[0m | [1mINFO    [0m | [1mIndex校验器初始化完成（真实数据验证版本）[0m
[32m2026-05-14 17:14:41[0m | [1mINFO    [0m | [1m成Lane校验程序初始化完成 (严格模式: True, 碱基不均衡上限: 35%, 特殊文库关键词: 9个)[0m
[32m2026-05-14 17:14:41[0m | [33m[1mWARNING [0m | [33m[1mPooling配置表不存在: /data/work/yuyongpeng/liblane_v2_deepseek/data/wktype_pooling_config.xlsx，将使用默认策略[0m
[32m2026-05-14 17:14:41[0m | [1mINFO    [0m | [1m产出效率修正表不存在: /data/work/yuyongpeng/liblane_v2_deepseek/data/production_efficiency_correction.csv，跳过后校准[0m
[32m2026-05-14 17:14:41[0m | [33m[1mWARNING [0m | [33m[1m模型文件不存在: models/loutput_pre_lane_v5/lightgbm_model.pkl[0m
[32m2026-05-14 17:14:41[0m | [33m[1mWARNING [0m | [33m[1mloutput预测器不可用，将使用规则降级策略[0m
[32m2026-05-14 17:14:41[0m | [1mINFO    [0m | [1m逐Lane贪心排机器初始化完成 - 基础容量: 985.0GB, 利用率区间: [100%, 100%], 配置模式: 按机型自动[0m
[32m2026-05-14 17:14:41[0m | [1mINFO    [0m | [1m启用检查: Index=True, 碱基不均衡=True, 规则检查器=False[0m
[32m2026-05-14 17:14:41[0m | [1mINFO    [0m | [1m开始逐Lane贪心排机 - 文库数: 5[0m
[32m2026-05-14 17:14:41[0m | [1mINFO    [0m | [1m============================================================[0m
[32m2026-05-14 17:14:41[0m | [1mINFO    [0m | [1m[拆分] 开始文库拆分预处理[0m
[32m2026-05-14 17:14:41[0m | [1mINFO    [0m | [1m  拆分规则: 1.1模式文库（兼容旧名1.0）不拆分；3.6T-NEW模式按 单index >100.0G、多index >300.0G[0m
[32m2026-05-14 17:14:41[0m | [1mINFO    [0m | [1m  最小保留数据量: >2.0G[0m
[32m2026-05-14 17:14:41[0m | [1mINFO    [0m | [1m------------------------------------------------------------[0m
[32m2026-05-14 17:14:41[0m | [1mINFO    [0m | [1m 拆分完成[0m
[32m2026-05-14 17:14:41[0m | [1mINFO    [0m | [1m  原始文库数: 5[0m
[32m2026-05-14 17:14:41[0m | [1mINFO    [0m | [1m  拆分文库数: 2[0m
[32m2026-05-14 17:14:41[0m | [1mINFO    [0m | [1m  最终文库数: 9[0m
[32m2026-05-14 17:14:41[0m | [1mINFO    [0m | [1m============================================================[0m
[32m2026-05-14 17:14:41[0m | [1mINFO    [0m | [1m预拆分完成: 原始文库5个，触发拆分2个，拆分后文库9个[0m
[32m2026-05-14 17:14:41[0m | [1mINFO    [0m | [1m使用外部传入的全局分析报告（全量文库），跳过内部分析[0m
[32m2026-05-14 17:14:41[0m | [1mINFO    [0m | [1m处理机器类型 Nova X-25B - 文库数: 9 - Lane容量: 1050.0GB, 利用率区间: [100%, 100%], 特殊文库上限: 350GB[0m
[32m2026-05-14 17:14:41[0m | [1mINFO    [0m | [1m3.6T-NEW拆分家族原子分散失败: 2个原始文库回滚为未分配并禁止继续成Lane[0m
[32m2026-05-14 17:14:41[0m | [33m[1mWARNING [0m | [33m[1mLane GL_Nova X-25B_005 数据量150.0G低于下限995.0G，3 个文库无法形成有效Lane[0m
[32m2026-05-14 17:14:41[0m | [1mINFO    [0m | [1m剩余池总量150.0GB不足最小成Lane门槛995.0GB，跳过后续随机重试[0m
[32m2026-05-14 17:14:41[0m | [1mINFO    [0m | [1m预拆分回滚完成: 2个原始文库因子片段未全部成Lane而回滚[0m
[32m2026-05-14 17:14:41[0m | [1mINFO    [0m | [1m逐Lane贪心排机完成 - Lane数: 0, 已分配: 0/5, 未分配: 5, 平均利用率: 0.0%, 耗时: 0.00秒[0m
[32m2026-05-14 17:14:41[0m | [1mINFO    [0m | [1mIndex校验器初始化完成（真实数据验证版本）[0m
[32m2026-05-14 17:14:41[0m | [1mINFO    [0m | [1m成Lane校验程序初始化完成 (严格模式: False, 碱基不均衡上限: 35%, 特殊文库关键词: 9个)[0m
[32m2026-05-14 17:14:41[0m | [1mINFO    [0m | [1m最终验证结果: 0条Lane通过，5个文库未分配[0m
[32m2026-05-14 17:14:41[0m | [1mINFO    [0m | [1m3.6T-NEW高优先级预消耗完成: 高优输入=5, 36T禁排高优=0, 36T补料=0, 1.1补料=0, 保留Lane=0, 剩余高优回1.1=5, 剩余高优留36T=0, 剩余36T补料=0, 剩余1.1补料=0[0m
[32m2026-05-14 17:14:41[0m | [1mINFO    [0m | [1mIndex校验器初始化完成（真实数据验证版本）[0m
[32m2026-05-14 17:14:41[0m | [1mINFO    [0m | [1mIndex校验器初始化完成（真实数据验证版本）[0m
[32m2026-05-14 17:14:41[0m | [1mINFO    [0m | [1m成Lane校验程序初始化完成 (严格模式: True, 碱基不均衡上限: 35%, 特殊文库关键词: 9个)[0m
[32m2026-05-14 17:14:41[0m | [33m[1mWARNING [0m | [33m[1mPooling配置表不存在: /data/work/yuyongpeng/liblane_v2_deepseek/data/wktype_pooling_config.xlsx，将使用默认策略[0m
[32m2026-05-14 17:14:41[0m | [1mINFO    [0m | [1m产出效率修正表不存在: /data/work/yuyongpeng/liblane_v2_deepseek/data/production_efficiency_correction.csv，跳过后校准[0m
[32m2026-05-14 17:14:41[0m | [33m[1mWARNING [0m | [33m[1m模型文件不存在: models/loutput_pre_lane_v5/lightgbm_model.pkl[0m
[32m2026-05-14 17:14:41[0m | [33m[1mWARNING [0m | [33m[1mloutput预测器不可用，将使用规则降级策略[0m
[32m2026-05-14 17:14:41[0m | [1mINFO    [0m | [1m逐Lane贪心排机器初始化完成 - 基础容量: 985.0GB, 利用率区间: [100%, 100%], 配置模式: 按机型自动[0m
[32m2026-05-14 17:14:41[0m | [1mINFO    [0m | [1m启用检查: Index=True, 碱基不均衡=True, 规则检查器=False[0m
[32m2026-05-14 17:14:41[0m | [1mINFO    [0m | [1m开始逐Lane贪心排机 - 文库数: 5[0m
[32m2026-05-14 17:14:41[0m | [1mINFO    [0m | [1m============================================================[0m
[32m2026-05-14 17:14:41[0m | [1mINFO    [0m | [1m[拆分] 开始文库拆分预处理[0m
[32m2026-05-14 17:14:41[0m | [1mINFO    [0m | [1m  拆分规则: 1.1模式文库（兼容旧名1.0）不拆分；3.6T-NEW模式按 单index >100.0G、多index >300.0G[0m
[32m2026-05-14 17:14:41[0m | [1mINFO    [0m | [1m  最小保留数据量: >2.0G[0m
[32m2026-05-14 17:14:41[0m | [1mINFO    [0m | [1m------------------------------------------------------------[0m
[32m2026-05-14 17:14:41[0m | [1mINFO    [0m | [1m 拆分完成[0m
[32m2026-05-14 17:14:41[0m | [1mINFO    [0m | [1m  原始文库数: 5[0m
[32m2026-05-14 17:14:41[0m | [1mINFO    [0m | [1m  拆分文库数: 2[0m
[32m2026-05-14 17:14:41[0m | [1mINFO    [0m | [1m  最终文库数: 9[0m
[32m2026-05-14 17:14:41[0m | [1mINFO    [0m | [1m============================================================[0m
[32m2026-05-14 17:14:41[0m | [1mINFO    [0m | [1m预拆分完成: 原始文库5个，触发拆分2个，拆分后文库9个[0m
[32m2026-05-14 17:14:41[0m | [1mINFO    [0m | [1m使用外部传入的全局分析报告（全量文库），跳过内部分析[0m
[32m2026-05-14 17:14:41[0m | [1mINFO    [0m | [1m处理机器类型 Nova X-25B - 文库数: 9 - Lane容量: 1050.0GB, 利用率区间: [100%, 100%], 特殊文库上限: 350GB[0m
[32m2026-05-14 17:14:41[0m | [1mINFO    [0m | [1m3.6T-NEW拆分家族原子分散失败: 2个原始文库回滚为未分配并禁止继续成Lane[0m
[32m2026-05-14 17:14:41[0m | [33m[1mWARNING [0m | [33m[1mLane GL_Nova X-25B_005 数据量100.0G低于下限995.0G，3 个文库无法形成有效Lane[0m
[32m2026-05-14 17:14:41[0m | [1mINFO    [0m | [1m剩余池总量150.0GB不足最小成Lane门槛995.0GB，跳过后续随机重试[0m
[32m2026-05-14 17:14:41[0m | [1mINFO    [0m | [1m预拆分回滚完成: 2个原始文库因子片段未全部成Lane而回滚[0m
[32m2026-05-14 17:14:41[0m | [1mINFO    [0m | [1m逐Lane贪心排机完成 - Lane数: 0, 已分配: 0/5, 未分配: 5, 平均利用率: 0.0%, 耗时: 0.01秒[0m
[32m2026-05-14 17:14:41[0m | [1mINFO    [0m | [1mIndex校验器初始化完成（真实数据验证版本）[0m
[32m2026-05-14 17:14:41[0m | [1mINFO    [0m | [1m成Lane校验程序初始化完成 (严格模式: False, 碱基不均衡上限: 35%, 特殊文库关键词: 9个)[0m
[32m2026-05-14 17:14:41[0m | [1mINFO    [0m | [1m最终验证结果: 0条Lane通过，5个文库未分配[0m
[32m2026-05-14 17:14:41[0m | [1mINFO    [0m | [1m3.6T-NEW高优先级预消耗完成: 高优输入=3, 36T禁排高优=0, 36T补料=0, 1.1补料=2, 保留Lane=0, 剩余高优回1.1=3, 剩余高优留36T=0, 剩余36T补料=0, 剩余1.1补料=2[0m
[32m2026-05-14 17:14:41[0m | [1mINFO    [0m | [1mIndex校验器初始化完成（真实数据验证版本）[0m
[32m2026-05-14 17:14:41[0m | [1mINFO    [0m | [1mIndex校验器初始化完成（真实数据验证版本）[0m
[32m2026-05-14 17:14:41[0m | [1mINFO    [0m | [1m成Lane校验程序初始化完成 (严格模式: True, 碱基不均衡上限: 35%, 特殊文库关键词: 9个)[0m
[32m2026-05-14 17:14:41[0m | [33m[1mWARNING [0m | [33m[1mPooling配置表不存在: /data/work/yuyongpeng/liblane_v2_deepseek/data/wktype_pooling_config.xlsx，将使用默认策略[0m
[32m2026-05-14 17:14:41[0m | [1mINFO    [0m | [1m产出效率修正表不存在: /data/work/yuyongpeng/liblane_v2_deepseek/data/production_efficiency_correction.csv，跳过后校准[0m
[32m2026-05-14 17:14:41[0m | [33m[1mWARNING [0m | [33m[1m模型文件不存在: models/loutput_pre_lane_v5/lightgbm_model.pkl[0m
[32m2026-05-14 17:14:41[0m | [33m[1mWARNING [0m | [33m[1mloutput预测器不可用，将使用规则降级策略[0m
[32m2026-05-14 17:14:41[0m | [1mINFO    [0m | [1m逐Lane贪心排机器初始化完成 - 基础容量: 985.0GB, 利用率区间: [100%, 100%], 配置模式: 按机型自动[0m
[32m2026-05-14 17:14:41[0m | [1mINFO    [0m | [1m启用检查: Index=True, 碱基不均衡=True, 规则检查器=False[0m
[32m2026-05-14 17:14:41[0m | [1mINFO    [0m | [1m开始逐Lane贪心排机 - 文库数: 3[0m
[32m2026-05-14 17:14:41[0m | [1mINFO    [0m | [1m============================================================[0m
[32m2026-05-14 17:14:41[0m | [1mINFO    [0m | [1m[拆分] 开始文库拆分预处理[0m
[32m2026-05-14 17:14:41[0m | [1mINFO    [0m | [1m  拆分规则: 1.1模式文库（兼容旧名1.0）不拆分；3.6T-NEW模式按 单index >100.0G、多index >300.0G[0m
[32m2026-05-14 17:14:41[0m | [1mINFO    [0m | [1m  最小保留数据量: >2.0G[0m
[32m2026-05-14 17:14:41[0m | [1mINFO    [0m | [1m------------------------------------------------------------[0m
[32m2026-05-14 17:14:41[0m | [1mINFO    [0m | [1m 拆分完成[0m
[32m2026-05-14 17:14:41[0m | [1mINFO    [0m | [1m  原始文库数: 3[0m
[32m2026-05-14 17:14:41[0m | [1mINFO    [0m | [1m  拆分文库数: 1[0m
[32m2026-05-14 17:14:41[0m | [1mINFO    [0m | [1m  最终文库数: 6[0m
[32m2026-05-14 17:14:41[0m | [1mINFO    [0m | [1m============================================================[0m
[32m2026-05-14 17:14:41[0m | [1mINFO    [0m | [1m预拆分完成: 原始文库3个，触发拆分1个，拆分后文库6个[0m
[32m2026-05-14 17:14:41[0m | [1mINFO    [0m | [1m使用外部传入的全局分析报告（全量文库），跳过内部分析[0m
[32m2026-05-14 17:14:41[0m | [1mINFO    [0m | [1m处理机器类型 Nova X-25B - 文库数: 6 - Lane容量: 1050.0GB, 利用率区间: [100%, 100%], 特殊文库上限: 350GB[0m
[32m2026-05-14 17:14:41[0m | [1mINFO    [0m | [1m3.6T-NEW拆分家族原子分散失败: 1个原始文库回滚为未分配并禁止继续成Lane[0m
[32m2026-05-14 17:14:41[0m | [33m[1mWARNING [0m | [33m[1mLane GL_Nova X-25B_005 数据量100.0G低于下限995.0G，2 个文库无法形成有效Lane[0m
[32m2026-05-14 17:14:41[0m | [1mINFO    [0m | [1m剩余池总量100.0GB不足最小成Lane门槛995.0GB，跳过后续随机重试[0m
[32m2026-05-14 17:14:41[0m | [1mINFO    [0m | [1m预拆分回滚完成: 1个原始文库因子片段未全部成Lane而回滚[0m
[32m2026-05-14 17:14:41[0m | [1mINFO    [0m | [1m逐Lane贪心排机完成 - Lane数: 0, 已分配: 0/3, 未分配: 3, 平均利用率: 0.0%, 耗时: 0.00秒[0m
[32m2026-05-14 17:14:41[0m | [1mINFO    [0m | [1mIndex校验器初始化完成（真实数据验证版本）[0m
[32m2026-05-14 17:14:41[0m | [1mINFO    [0m | [1m成Lane校验程序初始化完成 (严格模式: False, 碱基不均衡上限: 35%, 特殊文库关键词: 9个)[0m
[32m2026-05-14 17:14:41[0m | [1mINFO    [0m | [1m最终验证结果: 0条Lane通过，3个文库未分配[0m
[32m2026-05-14 17:14:41[0m | [1mINFO    [0m | [1m3.6T-NEW高优先级预消耗完成: 高优输入=3, 36T禁排高优=0, 36T补料=0, 1.1补料=0, 保留Lane=0, 剩余高优回1.1=3, 剩余高优留36T=0, 剩余36T补料=0, 剩余1.1补料=0[0m
[32m2026-05-14 17:14:41[0m | [1mINFO    [0m | [1mIndex校验器初始化完成（真实数据验证版本）[0m
[32m2026-05-14 17:14:41[0m | [1mINFO    [0m | [1mIndex校验器初始化完成（真实数据验证版本）[0m
[32m2026-05-14 17:14:41[0m | [1mINFO    [0m | [1m成Lane校验程序初始化完成 (严格模式: True, 碱基不均衡上限: 35%, 特殊文库关键词: 9个)[0m
[32m2026-05-14 17:14:41[0m | [33m[1mWARNING [0m | [33m[1mPooling配置表不存在: /data/work/yuyongpeng/liblane_v2_deepseek/data/wktype_pooling_config.xlsx，将使用默认策略[0m
[32m2026-05-14 17:14:41[0m | [1mINFO    [0m | [1m产出效率修正表不存在: /data/work/yuyongpeng/liblane_v2_deepseek/data/production_efficiency_correction.csv，跳过后校准[0m
[32m2026-05-14 17:14:41[0m | [33m[1mWARNING [0m | [33m[1m模型文件不存在: models/loutput_pre_lane_v5/lightgbm_model.pkl[0m
[32m2026-05-14 17:14:41[0m | [33m[1mWARNING [0m | [33m[1mloutput预测器不可用，将使用规则降级策略[0m
[32m2026-05-14 17:14:41[0m | [1mINFO    [0m | [1m逐Lane贪心排机器初始化完成 - 基础容量: 985.0GB, 利用率区间: [100%, 100%], 配置模式: 按机型自动[0m
[32m2026-05-14 17:14:41[0m | [1mINFO    [0m | [1m启用检查: Index=True, 碱基不均衡=True, 规则检查器=False[0m
[32m2026-05-14 17:14:41[0m | [1mINFO    [0m | [1m开始逐Lane贪心排机 - 文库数: 5[0m
[32m2026-05-14 17:14:41[0m | [1mINFO    [0m | [1m============================================================[0m
[32m2026-05-14 17:14:41[0m | [1mINFO    [0m | [1m[拆分] 开始文库拆分预处理[0m
[32m2026-05-14 17:14:41[0m | [1mINFO    [0m | [1m  拆分规则: 1.1模式文库（兼容旧名1.0）不拆分；3.6T-NEW模式按 单index >100.0G、多index >300.0G[0m
[32m2026-05-14 17:14:41[0m | [1mINFO    [0m | [1m  最小保留数据量: >2.0G[0m
[32m2026-05-14 17:14:41[0m | [1mINFO    [0m | [1m------------------------------------------------------------[0m
[32m2026-05-14 17:14:41[0m | [1mINFO    [0m | [1m 拆分完成[0m
[32m2026-05-14 17:14:41[0m | [1mINFO    [0m | [1m  原始文库数: 5[0m
[32m2026-05-14 17:14:41[0m | [1mINFO    [0m | [1m  拆分文库数: 3[0m
[32m2026-05-14 17:14:41[0m | [1mINFO    [0m | [1m  最终文库数: 12[0m
[32m2026-05-14 17:14:41[0m | [1mINFO    [0m | [1m============================================================[0m
[32m2026-05-14 17:14:41[0m | [1mINFO    [0m | [1m预拆分完成: 原始文库5个，触发拆分3个，拆分后文库12个[0m
[32m2026-05-14 17:14:41[0m | [1mINFO    [0m | [1m使用外部传入的全局分析报告（全量文库），跳过内部分析[0m
[32m2026-05-14 17:14:41[0m | [1mINFO    [0m | [1m处理机器类型 Nova X-25B - 文库数: 12 - Lane容量: 1050.0GB, 利用率区间: [100%, 100%], 特殊文库上限: 350GB[0m
[32m2026-05-14 17:14:41[0m | [1mINFO    [0m | [1m3.6T-NEW拆分家族原子分散失败: 3个原始文库回滚为未分配并禁止继续成Lane[0m
[32m2026-05-14 17:14:41[0m | [33m[1mWARNING [0m | [33m[1mLane GL_Nova X-25B_005 数据量50.0G低于下限995.0G，2 个文库无法形成有效Lane[0m
[32m2026-05-14 17:14:41[0m | [1mINFO    [0m | [1m剩余池总量100.0GB不足最小成Lane门槛995.0GB，跳过后续随机重试[0m
[32m2026-05-14 17:14:41[0m | [1mINFO    [0m | [1m预拆分回滚完成: 3个原始文库因子片段未全部成Lane而回滚[0m
[32m2026-05-14 17:14:41[0m | [1mINFO    [0m | [1m逐Lane贪心排机完成 - Lane数: 0, 已分配: 0/5, 未分配: 5, 平均利用率: 0.0%, 耗时: 0.01秒[0m
[32m2026-05-14 17:14:41[0m | [1mINFO    [0m | [1mIndex校验器初始化完成（真实数据验证版本）[0m
[32m2026-05-14 17:14:41[0m | [1mINFO    [0m | [1m成Lane校验程序初始化完成 (严格模式: False, 碱基不均衡上限: 35%, 特殊文库关键词: 9个)[0m
[32m2026-05-14 17:14:41[0m | [1mINFO    [0m | [1m最终验证结果: 0条Lane通过，5个文库未分配[0m
[32m2026-05-14 17:14:41[0m | [1mINFO    [0m | [1m3.6T-NEW高优先级预消耗完成: 高优输入=3, 36T禁排高优=0, 36T补料=0, 1.1补料=2, 保留Lane=0, 剩余高优回1.1=3, 剩余高优留36T=0, 剩余36T补料=0, 剩余1.1补料=2[0m
[32m2026-05-14 17:14:41[0m | [1mINFO    [0m | [1mIndex校验器初始化完成（真实数据验证版本）[0m
[32m2026-05-14 17:14:41[0m | [1mINFO    [0m | [1mIndex校验器初始化完成（真实数据验证版本）[0m
[32m2026-05-14 17:14:41[0m | [1mINFO    [0m | [1m成Lane校验程序初始化完成 (严格模式: True, 碱基不均衡上限: 35%, 特殊文库关键词: 9个)[0m
[32m2026-05-14 17:14:41[0m | [33m[1mWARNING [0m | [33m[1mPooling配置表不存在: /data/work/yuyongpeng/liblane_v2_deepseek/data/wktype_pooling_config.xlsx，将使用默认策略[0m
[32m2026-05-14 17:14:41[0m | [1mINFO    [0m | [1m产出效率修正表不存在: /data/work/yuyongpeng/liblane_v2_deepseek/data/production_efficiency_correction.csv，跳过后校准[0m
[32m2026-05-14 17:14:41[0m | [33m[1mWARNING [0m | [33m[1m模型文件不存在: models/loutput_pre_lane_v5/lightgbm_model.pkl[0m
[32m2026-05-14 17:14:41[0m | [33m[1mWARNING [0m | [33m[1mloutput预测器不可用，将使用规则降级策略[0m
[32m2026-05-14 17:14:41[0m | [1mINFO    [0m | [1m逐Lane贪心排机器初始化完成 - 基础容量: 985.0GB, 利用率区间: [100%, 100%], 配置模式: 按机型自动[0m
[32m2026-05-14 17:14:41[0m | [1mINFO    [0m | [1m启用检查: Index=True, 碱基不均衡=True, 规则检查器=False[0m
[32m2026-05-14 17:14:41[0m | [1mINFO    [0m | [1m开始逐Lane贪心排机 - 文库数: 4[0m
[32m2026-05-14 17:14:41[0m | [1mINFO    [0m | [1m============================================================[0m
[32m2026-05-14 17:14:41[0m | [1mINFO    [0m | [1m[拆分] 开始文库拆分预处理[0m
[32m2026-05-14 17:14:41[0m | [1mINFO    [0m | [1m  拆分规则: 1.1模式文库（兼容旧名1.0）不拆分；3.6T-NEW模式按 单index >100.0G、多index >300.0G[0m
[32m2026-05-14 17:14:41[0m | [1mINFO    [0m | [1m  最小保留数据量: >2.0G[0m
[32m2026-05-14 17:14:41[0m | [1mINFO    [0m | [1m------------------------------------------------------------[0m
[32m2026-05-14 17:14:41[0m | [1mINFO    [0m | [1m 拆分完成[0m
[32m2026-05-14 17:14:41[0m | [1mINFO    [0m | [1m  原始文库数: 4[0m
[32m2026-05-14 17:14:41[0m | [1mINFO    [0m | [1m  拆分文库数: 2[0m
[32m2026-05-14 17:14:41[0m | [1mINFO    [0m | [1m  最终文库数: 10[0m
[32m2026-05-14 17:14:41[0m | [1mINFO    [0m | [1m============================================================[0m
[32m2026-05-14 17:14:41[0m | [1mINFO    [0m | [1m预拆分完成: 原始文库4个，触发拆分2个，拆分后文库10个[0m
[32m2026-05-14 17:14:41[0m | [1mINFO    [0m | [1m使用外部传入的全局分析报告（全量文库），跳过内部分析[0m
[32m2026-05-14 17:14:41[0m | [1mINFO    [0m | [1m处理机器类型 Nova X-25B - 文库数: 10 - Lane容量: 1050.0GB, 利用率区间: [100%, 100%], 特殊文库上限: 350GB[0m
[32m2026-05-14 17:14:41[0m | [1mINFO    [0m | [1m3.6T-NEW拆分家族原子分散失败: 2个原始文库回滚为未分配并禁止继续成Lane[0m
[32m2026-05-14 17:14:41[0m | [33m[1mWARNING [0m | [33m[1mLane GL_Nova X-25B_005 数据量150.0G低于下限995.0G，2 个文库无法形成有效Lane[0m
[32m2026-05-14 17:14:41[0m | [1mINFO    [0m | [1m剩余池总量150.0GB不足最小成Lane门槛995.0GB，跳过后续随机重试[0m
[32m2026-05-14 17:14:41[0m | [1mINFO    [0m | [1m预拆分回滚完成: 2个原始文库因子片段未全部成Lane而回滚[0m
[32m2026-05-14 17:14:41[0m | [1mINFO    [0m | [1m逐Lane贪心排机完成 - Lane数: 0, 已分配: 0/4, 未分配: 4, 平均利用率: 0.0%, 耗时: 0.01秒[0m
[32m2026-05-14 17:14:41[0m | [1mINFO    [0m | [1mIndex校验器初始化完成（真实数据验证版本）[0m
[32m2026-05-14 17:14:41[0m | [1mINFO    [0m | [1m成Lane校验程序初始化完成 (严格模式: False, 碱基不均衡上限: 35%, 特殊文库关键词: 9个)[0m
[32m2026-05-14 17:14:41[0m | [1mINFO    [0m | [1m最终验证结果: 0条Lane通过，4个文库未分配[0m
[32m2026-05-14 17:14:41[0m | [1mINFO    [0m | [1m3.6T-NEW高优先级预消耗完成: 高优输入=3, 36T禁排高优=0, 36T补料=0, 1.1补料=1, 保留Lane=0, 剩余高优回1.1=3, 剩余高优留36T=0, 剩余36T补料=0, 剩余1.1补料=1[0m
[32m2026-05-14 17:14:41[0m | [1mINFO    [0m | [1mIndex校验器初始化完成（真实数据验证版本）[0m
[32m2026-05-14 17:14:41[0m | [1mINFO    [0m | [1mIndex校验器初始化完成（真实数据验证版本）[0m
[32m2026-05-14 17:14:41[0m | [1mINFO    [0m | [1m成Lane校验程序初始化完成 (严格模式: True, 碱基不均衡上限: 35%, 特殊文库关键词: 9个)[0m
[32m2026-05-14 17:14:41[0m | [33m[1mWARNING [0m | [33m[1mPooling配置表不存在: /data/work/yuyongpeng/liblane_v2_deepseek/data/wktype_pooling_config.xlsx，将使用默认策略[0m
[32m2026-05-14 17:14:41[0m | [1mINFO    [0m | [1m产出效率修正表不存在: /data/work/yuyongpeng/liblane_v2_deepseek/data/production_efficiency_correction.csv，跳过后校准[0m
[32m2026-05-14 17:14:41[0m | [33m[1mWARNING [0m | [33m[1m模型文件不存在: models/loutput_pre_lane_v5/lightgbm_model.pkl[0m
[32m2026-05-14 17:14:41[0m | [33m[1mWARNING [0m | [33m[1mloutput预测器不可用，将使用规则降级策略[0m
[32m2026-05-14 17:14:41[0m | [1mINFO    [0m | [1m逐Lane贪心排机器初始化完成 - 基础容量: 985.0GB, 利用率区间: [100%, 100%], 配置模式: 按机型自动[0m
[32m2026-05-14 17:14:41[0m | [1mINFO    [0m | [1m启用检查: Index=True, 碱基不均衡=True, 规则检查器=False[0m
[32m2026-05-14 17:14:41[0m | [1mINFO    [0m | [1m开始逐Lane贪心排机 - 文库数: 3[0m
[32m2026-05-14 17:14:41[0m | [1mINFO    [0m | [1m============================================================[0m
[32m2026-05-14 17:14:41[0m | [1mINFO    [0m | [1m[拆分] 开始文库拆分预处理[0m
[32m2026-05-14 17:14:41[0m | [1mINFO    [0m | [1m  拆分规则: 1.1模式文库（兼容旧名1.0）不拆分；3.6T-NEW模式按 单index >100.0G、多index >300.0G[0m
[32m2026-05-14 17:14:41[0m | [1mINFO    [0m | [1m  最小保留数据量: >2.0G[0m
[32m2026-05-14 17:14:41[0m | [1mINFO    [0m | [1m------------------------------------------------------------[0m
[32m2026-05-14 17:14:41[0m | [1mINFO    [0m | [1m 拆分完成[0m
[32m2026-05-14 17:14:41[0m | [1mINFO    [0m | [1m  原始文库数: 3[0m
[32m2026-05-14 17:14:41[0m | [1mINFO    [0m | [1m  拆分文库数: 2[0m
[32m2026-05-14 17:14:41[0m | [1mINFO    [0m | [1m  最终文库数: 9[0m
[32m2026-05-14 17:14:41[0m | [1mINFO    [0m | [1m============================================================[0m
[32m2026-05-14 17:14:41[0m | [1mINFO    [0m | [1m预拆分完成: 原始文库3个，触发拆分2个，拆分后文库9个[0m
[32m2026-05-14 17:14:41[0m | [1mINFO    [0m | [1m使用外部传入的全局分析报告（全量文库），跳过内部分析[0m
[32m2026-05-14 17:14:41[0m | [1mINFO    [0m | [1m处理机器类型 Nova X-25B - 文库数: 9 - Lane容量: 1050.0GB, 利用率区间: [100%, 100%], 特殊文库上限: 350GB[0m
[32m2026-05-14 17:14:41[0m | [1mINFO    [0m | [1m3.6T-NEW拆分家族原子分散失败: 2个原始文库回滚为未分配并禁止继续成Lane[0m
[32m2026-05-14 17:14:41[0m | [33m[1mWARNING [0m | [33m[1mLane GL_Nova X-25B_005 数据量50.0G低于下限995.0G，1 个文库无法形成有效Lane[0m
[32m2026-05-14 17:14:41[0m | [1mINFO    [0m | [1m剩余池总量50.0GB不足最小成Lane门槛995.0GB，跳过后续随机重试[0m
[32m2026-05-14 17:14:41[0m | [1mINFO    [0m | [1m预拆分回滚完成: 2个原始文库因子片段未全部成Lane而回滚[0m
[32m2026-05-14 17:14:41[0m | [1mINFO    [0m | [1m逐Lane贪心排机完成 - Lane数: 0, 已分配: 0/3, 未分配: 3, 平均利用率: 0.0%, 耗时: 0.00秒[0m
[32m2026-05-14 17:14:41[0m | [1mINFO    [0m | [1mIndex校验器初始化完成（真实数据验证版本）[0m
[32m2026-05-14 17:14:41[0m | [1mINFO    [0m | [1m成Lane校验程序初始化完成 (严格模式: False, 碱基不均衡上限: 35%, 特殊文库关键词: 9个)[0m
[32m2026-05-14 17:14:41[0m | [1mINFO    [0m | [1m最终验证结果: 0条Lane通过，3个文库未分配[0m
[32m2026-05-14 17:14:41[0m | [1mINFO    [0m | [1m3.6T-NEW高优先级预消耗完成: 高优输入=3, 36T禁排高优=0, 36T补料=0, 1.1补料=0, 保留Lane=0, 剩余高优回1.1=3, 剩余高优留36T=0, 剩余36T补料=0, 剩余1.1补料=0[0m
[32m2026-05-14 17:14:41[0m | [1mINFO    [0m | [1mIndex校验器初始化完成（真实数据验证版本）[0m
[32m2026-05-14 17:14:41[0m | [1mINFO    [0m | [1mIndex校验器初始化完成（真实数据验证版本）[0m
[32m2026-05-14 17:14:41[0m | [1mINFO    [0m | [1m成Lane校验程序初始化完成 (严格模式: True, 碱基不均衡上限: 35%, 特殊文库关键词: 9个)[0m
[32m2026-05-14 17:14:41[0m | [33m[1mWARNING [0m | [33m[1mPooling配置表不存在: /data/work/yuyongpeng/liblane_v2_deepseek/data/wktype_pooling_config.xlsx，将使用默认策略[0m
[32m2026-05-14 17:14:41[0m | [1mINFO    [0m | [1m产出效率修正表不存在: /data/work/yuyongpeng/liblane_v2_deepseek/data/production_efficiency_correction.csv，跳过后校准[0m
[32m2026-05-14 17:14:41[0m | [33m[1mWARNING [0m | [33m[1m模型文件不存在: models/loutput_pre_lane_v5/lightgbm_model.pkl[0m
[32m2026-05-14 17:14:41[0m | [33m[1mWARNING [0m | [33m[1mloutput预测器不可用，将使用规则降级策略[0m
[32m2026-05-14 17:14:41[0m | [1mINFO    [0m | [1m逐Lane贪心排机器初始化完成 - 基础容量: 985.0GB, 利用率区间: [100%, 100%], 配置模式: 按机型自动[0m
[32m2026-05-14 17:14:41[0m | [1mINFO    [0m | [1m启用检查: Index=True, 碱基不均衡=True, 规则检查器=False[0m
[32m2026-05-14 17:14:41[0m | [1mINFO    [0m | [1m开始逐Lane贪心排机 - 文库数: 5[0m
[32m2026-05-14 17:14:41[0m | [1mINFO    [0m | [1m============================================================[0m
[32m2026-05-14 17:14:41[0m | [1mINFO    [0m | [1m[拆分] 开始文库拆分预处理[0m
[32m2026-05-14 17:14:41[0m | [1mINFO    [0m | [1m  拆分规则: 1.1模式文库（兼容旧名1.0）不拆分；3.6T-NEW模式按 单index >100.0G、多index >300.0G[0m
[32m2026-05-14 17:14:41[0m | [1mINFO    [0m | [1m  最小保留数据量: >2.0G[0m
[32m2026-05-14 17:14:41[0m | [1mINFO    [0m | [1m------------------------------------------------------------[0m
[32m2026-05-14 17:14:41[0m | [1mINFO    [0m | [1m 拆分完成[0m
[32m2026-05-14 17:14:41[0m | [1mINFO    [0m | [1m  原始文库数: 5[0m
[32m2026-05-14 17:14:41[0m | [1mINFO    [0m | [1m  拆分文库数: 4[0m
[32m2026-05-14 17:14:41[0m | [1mINFO    [0m | [1m  最终文库数: 13[0m
[32m2026-05-14 17:14:41[0m | [1mINFO    [0m | [1m============================================================[0m
[32m2026-05-14 17:14:41[0m | [1mINFO    [0m | [1m预拆分完成: 原始文库5个，触发拆分4个，拆分后文库13个[0m
[32m2026-05-14 17:14:41[0m | [1mINFO    [0m | [1m使用外部传入的全局分析报告（全量文库），跳过内部分析[0m
[32m2026-05-14 17:14:41[0m | [1mINFO    [0m | [1m处理机器类型 Nova X-25B - 文库数: 13 - Lane容量: 1050.0GB, 利用率区间: [100%, 100%], 特殊文库上限: 350GB[0m
[32m2026-05-14 17:14:41[0m | [1mINFO    [0m | [1m3.6T-NEW拆分家族原子分散失败: 4个原始文库回滚为未分配并禁止继续成Lane[0m
[32m2026-05-14 17:14:41[0m | [33m[1mWARNING [0m | [33m[1m剩余 1 个文库无法分配（全部有约束冲突）[0m
[32m2026-05-14 17:14:41[0m | [1mINFO    [0m | [1m剩余池总量50.0GB不足最小成Lane门槛995.0GB，跳过后续随机重试[0m
[32m2026-05-14 17:14:41[0m | [1mINFO    [0m | [1m预拆分回滚完成: 4个原始文库因子片段未全部成Lane而回滚[0m
[32m2026-05-14 17:14:41[0m | [1mINFO    [0m | [1m逐Lane贪心排机完成 - Lane数: 0, 已分配: 0/5, 未分配: 5, 平均利用率: 0.0%, 耗时: 0.00秒[0m
[32m2026-05-14 17:14:41[0m | [1mINFO    [0m | [1mIndex校验器初始化完成（真实数据验证版本）[0m
[32m2026-05-14 17:14:41[0m | [1mINFO    [0m | [1m成Lane校验程序初始化完成 (严格模式: False, 碱基不均衡上限: 35%, 特殊文库关键词: 9个)[0m
[32m2026-05-14 17:14:41[0m | [1mINFO    [0m | [1m最终验证结果: 0条Lane通过，5个文库未分配[0m
[32m2026-05-14 17:14:41[0m | [1mINFO    [0m | [1m3.6T-NEW高优先级预消耗完成: 高优输入=3, 36T禁排高优=0, 36T补料=0, 1.1补料=2, 保留Lane=0, 剩余高优回1.1=3, 剩余高优留36T=0, 剩余36T补料=0, 剩余1.1补料=2[0m
[32m2026-05-14 17:14:41[0m | [1mINFO    [0m | [1mIndex校验器初始化完成（真实数据验证版本）[0m
[32m2026-05-14 17:14:41[0m | [1mINFO    [0m | [1mIndex校验器初始化完成（真实数据验证版本）[0m
[32m2026-05-14 17:14:41[0m | [1mINFO    [0m | [1m成Lane校验程序初始化完成 (严格模式: True, 碱基不均衡上限: 35%, 特殊文库关键词: 9个)[0m
[32m2026-05-14 17:14:41[0m | [33m[1mWARNING [0m | [33m[1mPooling配置表不存在: /data/work/yuyongpeng/liblane_v2_deepseek/data/wktype_pooling_config.xlsx，将使用默认策略[0m
[32m2026-05-14 17:14:41[0m | [1mINFO    [0m | [1m产出效率修正表不存在: /data/work/yuyongpeng/liblane_v2_deepseek/data/production_efficiency_correction.csv，跳过后校准[0m
[32m2026-05-14 17:14:41[0m | [33m[1mWARNING [0m | [33m[1m模型文件不存在: models/loutput_pre_lane_v5/lightgbm_model.pkl[0m
[32m2026-05-14 17:14:41[0m | [33m[1mWARNING [0m | [33m[1mloutput预测器不可用，将使用规则降级策略[0m
[32m2026-05-14 17:14:41[0m | [1mINFO    [0m | [1m逐Lane贪心排机器初始化完成 - 基础容量: 985.0GB, 利用率区间: [100%, 100%], 配置模式: 按机型自动[0m
[32m2026-05-14 17:14:41[0m | [1mINFO    [0m | [1m启用检查: Index=True, 碱基不均衡=True, 规则检查器=False[0m
[32m2026-05-14 17:14:41[0m | [1mINFO    [0m | [1m开始逐Lane贪心排机 - 文库数: 3[0m
[32m2026-05-14 17:14:41[0m | [1mINFO    [0m | [1m============================================================[0m
[32m2026-05-14 17:14:41[0m | [1mINFO    [0m | [1m[拆分] 开始文库拆分预处理[0m
[32m2026-05-14 17:14:41[0m | [1mINFO    [0m | [1m  拆分规则: 1.1模式文库（兼容旧名1.0）不拆分；3.6T-NEW模式按 单index >100.0G、多index >300.0G[0m
[32m2026-05-14 17:14:41[0m | [1mINFO    [0m | [1m  最小保留数据量: >2.0G[0m
[32m2026-05-14 17:14:41[0m | [1mINFO    [0m | [1m------------------------------------------------------------[0m
[32m2026-05-14 17:14:41[0m | [1mINFO    [0m | [1m 拆分完成[0m
[32m2026-05-14 17:14:41[0m | [1mINFO    [0m | [1m  原始文库数: 3[0m
[32m2026-05-14 17:14:41[0m | [1mINFO    [0m | [1m  拆分文库数: 3[0m
[32m2026-05-14 17:14:41[0m | [1mINFO    [0m | [1m  最终文库数: 10[0m
[32m2026-05-14 17:14:41[0m | [1mINFO    [0m | [1m============================================================[0m
[32m2026-05-14 17:14:41[0m | [1mINFO    [0m | [1m预拆分完成: 原始文库3个，触发拆分3个，拆分后文库10个[0m
[32m2026-05-14 17:14:41[0m | [1mINFO    [0m | [1m使用外部传入的全局分析报告（全量文库），跳过内部分析[0m
[32m2026-05-14 17:14:41[0m | [1mINFO    [0m | [1m处理机器类型 Nova X-25B - 文库数: 10 - Lane容量: 1050.0GB, 利用率区间: [100%, 100%], 特殊文库上限: 350GB[0m
[32m2026-05-14 17:14:41[0m | [1mINFO    [0m | [1m3.6T-NEW拆分家族原子分散失败: 3个原始文库回滚为未分配并禁止继续成Lane[0m
[32m2026-05-14 17:14:41[0m | [1mINFO    [0m | [1m预拆分回滚完成: 3个原始文库因子片段未全部成Lane而回滚[0m
[32m2026-05-14 17:14:41[0m | [1mINFO    [0m | [1m逐Lane贪心排机完成 - Lane数: 0, 已分配: 0/3, 未分配: 3, 平均利用率: 0.0%, 耗时: 0.00秒[0m
[32m2026-05-14 17:14:41[0m | [1mINFO    [0m | [1mIndex校验器初始化完成（真实数据验证版本）[0m
[32m2026-05-14 17:14:41[0m | [1mINFO    [0m | [1m成Lane校验程序初始化完成 (严格模式: False, 碱基不均衡上限: 35%, 特殊文库关键词: 9个)[0m
[32m2026-05-14 17:14:41[0m | [1mINFO    [0m | [1m最终验证结果: 0条Lane通过，3个文库未分配[0m
[32m2026-05-14 17:14:41[0m | [1mINFO    [0m | [1m3.6T-NEW高优先级预消耗完成: 高优输入=3, 36T禁排高优=0, 36T补料=0, 1.1补料=0, 保留Lane=0, 剩余高优回1.1=3, 剩余高优留36T=0, 剩余36T补料=0, 剩余1.1补料=0[0m
[32m2026-05-14 17:14:41[0m | [1mINFO    [0m | [1mIndex校验器初始化完成（真实数据验证版本）[0m
[32m2026-05-14 17:14:41[0m | [1mINFO    [0m | [1mIndex校验器初始化完成（真实数据验证版本）[0m
[32m2026-05-14 17:14:41[0m | [1mINFO    [0m | [1m成Lane校验程序初始化完成 (严格模式: True, 碱基不均衡上限: 35%, 特殊文库关键词: 9个)[0m
[32m2026-05-14 17:14:41[0m | [33m[1mWARNING [0m | [33m[1mPooling配置表不存在: /data/work/yuyongpeng/liblane_v2_deepseek/data/wktype_pooling_config.xlsx，将使用默认策略[0m
[32m2026-05-14 17:14:41[0m | [1mINFO    [0m | [1m产出效率修正表不存在: /data/work/yuyongpeng/liblane_v2_deepseek/data/production_efficiency_correction.csv，跳过后校准[0m
[32m2026-05-14 17:14:41[0m | [33m[1mWARNING [0m | [33m[1m模型文件不存在: models/loutput_pre_lane_v5/lightgbm_model.pkl[0m
[32m2026-05-14 17:14:41[0m | [33m[1mWARNING [0m | [33m[1mloutput预测器不可用，将使用规则降级策略[0m
[32m2026-05-14 17:14:41[0m | [1mINFO    [0m | [1m逐Lane贪心排机器初始化完成 - 基础容量: 985.0GB, 利用率区间: [100%, 100%], 配置模式: 按机型自动[0m
[32m2026-05-14 17:14:41[0m | [1mINFO    [0m | [1m启用检查: Index=True, 碱基不均衡=True, 规则检查器=False[0m
[32m2026-05-14 17:14:41[0m | [1mINFO    [0m | [1m开始逐Lane贪心排机 - 文库数: 3[0m
[32m2026-05-14 17:14:41[0m | [1mINFO    [0m | [1m============================================================[0m
[32m2026-05-14 17:14:41[0m | [1mINFO    [0m | [1m[拆分] 开始文库拆分预处理[0m
[32m2026-05-14 17:14:41[0m | [1mINFO    [0m | [1m  拆分规则: 1.1模式文库（兼容旧名1.0）不拆分；3.6T-NEW模式按 单index >100.0G、多index >300.0G[0m
[32m2026-05-14 17:14:41[0m | [1mINFO    [0m | [1m  最小保留数据量: >2.0G[0m
[32m2026-05-14 17:14:41[0m | [1mINFO    [0m | [1m------------------------------------------------------------[0m
[32m2026-05-14 17:14:41[0m | [1mINFO    [0m | [1m 拆分完成[0m
[32m2026-05-14 17:14:41[0m | [1mINFO    [0m | [1m  原始文库数: 3[0m
[32m2026-05-14 17:14:41[0m | [1mINFO    [0m | [1m  拆分文库数: 3[0m
[32m2026-05-14 17:14:41[0m | [1mINFO    [0m | [1m  最终文库数: 10[0m
[32m2026-05-14 17:14:41[0m | [1mINFO    [0m | [1m============================================================[0m
[32m2026-05-14 17:14:41[0m | [1mINFO    [0m | [1m预拆分完成: 原始文库3个，触发拆分3个，拆分后文库10个[0m
[32m2026-05-14 17:14:41[0m | [1mINFO    [0m | [1m使用外部传入的全局分析报告（全量文库），跳过内部分析[0m
[32m2026-05-14 17:14:41[0m | [1mINFO    [0m | [1m处理机器类型 Nova X-25B - 文库数: 10 - Lane容量: 1050.0GB, 利用率区间: [100%, 100%], 特殊文库上限: 350GB[0m
[32m2026-05-14 17:14:41[0m | [1mINFO    [0m | [1m3.6T-NEW拆分家族原子分散失败: 3个原始文库回滚为未分配并禁止继续成Lane[0m
[32m2026-05-14 17:14:41[0m | [1mINFO    [0m | [1m预拆分回滚完成: 3个原始文库因子片段未全部成Lane而回滚[0m
[32m2026-05-14 17:14:41[0m | [1mINFO    [0m | [1m逐Lane贪心排机完成 - Lane数: 0, 已分配: 0/3, 未分配: 3, 平均利用率: 0.0%, 耗时: 0.00秒[0m
[32m2026-05-14 17:14:41[0m | [1mINFO    [0m | [1mIndex校验器初始化完成（真实数据验证版本）[0m
[32m2026-05-14 17:14:41[0m | [1mINFO    [0m | [1m成Lane校验程序初始化完成 (严格模式: False, 碱基不均衡上限: 35%, 特殊文库关键词: 9个)[0m
[32m2026-05-14 17:14:41[0m | [1mINFO    [0m | [1m最终验证结果: 0条Lane通过，3个文库未分配[0m
[32m2026-05-14 17:14:41[0m | [1mINFO    [0m | [1m3.6T-NEW高优先级预消耗完成: 高优输入=3, 36T禁排高优=0, 36T补料=0, 1.1补料=0, 保留Lane=0, 剩余高优回1.1=3, 剩余高优留36T=0, 剩余36T补料=0, 剩余1.1补料=0[0m
[32m2026-05-14 17:14:41[0m | [1mINFO    [0m | [1mIndex校验器初始化完成（真实数据验证版本）[0m
[32m2026-05-14 17:14:41[0m | [1mINFO    [0m | [1mIndex校验器初始化完成（真实数据验证版本）[0m
[32m2026-05-14 17:14:41[0m | [1mINFO    [0m | [1m成Lane校验程序初始化完成 (严格模式: True, 碱基不均衡上限: 35%, 特殊文库关键词: 9个)[0m
[32m2026-05-14 17:14:41[0m | [33m[1mWARNING [0m | [33m[1mPooling配置表不存在: /data/work/yuyongpeng/liblane_v2_deepseek/data/wktype_pooling_config.xlsx，将使用默认策略[0m
[32m2026-05-14 17:14:41[0m | [1mINFO    [0m | [1m产出效率修正表不存在: /data/work/yuyongpeng/liblane_v2_deepseek/data/production_efficiency_correction.csv，跳过后校准[0m
[32m2026-05-14 17:14:41[0m | [33m[1mWARNING [0m | [33m[1m模型文件不存在: models/loutput_pre_lane_v5/lightgbm_model.pkl[0m
[32m2026-05-14 17:14:41[0m | [33m[1mWARNING [0m | [33m[1mloutput预测器不可用，将使用规则降级策略[0m
[32m2026-05-14 17:14:41[0m | [1mINFO    [0m | [1m逐Lane贪心排机器初始化完成 - 基础容量: 985.0GB, 利用率区间: [100%, 100%], 配置模式: 按机型自动[0m
[32m2026-05-14 17:14:41[0m | [1mINFO    [0m | [1m启用检查: Index=True, 碱基不均衡=True, 规则检查器=False[0m
[32m2026-05-14 17:14:41[0m | [1mINFO    [0m | [1m开始逐Lane贪心排机 - 文库数: 8[0m
[32m2026-05-14 17:14:41[0m | [1mINFO    [0m | [1m============================================================[0m
[32m2026-05-14 17:14:41[0m | [1mINFO    [0m | [1m[拆分] 开始文库拆分预处理[0m
[32m2026-05-14 17:14:41[0m | [1mINFO    [0m | [1m  拆分规则: 1.1模式文库（兼容旧名1.0）不拆分；3.6T-NEW模式按 单index >100.0G、多index >300.0G[0m
[32m2026-05-14 17:14:41[0m | [1mINFO    [0m | [1m  最小保留数据量: >2.0G[0m
[32m2026-05-14 17:14:41[0m | [1mINFO    [0m | [1m------------------------------------------------------------[0m
[32m2026-05-14 17:14:41[0m | [1mINFO    [0m | [1m 拆分完成[0m
[32m2026-05-14 17:14:41[0m | [1mINFO    [0m | [1m  原始文库数: 8[0m
[32m2026-05-14 17:14:41[0m | [1mINFO    [0m | [1m  拆分文库数: 4[0m
[32m2026-05-14 17:14:41[0m | [1mINFO    [0m | [1m  最终文库数: 16[0m
[32m2026-05-14 17:14:41[0m | [1mINFO    [0m | [1m============================================================[0m
[32m2026-05-14 17:14:41[0m | [1mINFO    [0m | [1m预拆分完成: 原始文库8个，触发拆分4个，拆分后文库16个[0m
[32m2026-05-14 17:14:41[0m | [1mINFO    [0m | [1m使用外部传入的全局分析报告（全量文库），跳过内部分析[0m
[32m2026-05-14 17:14:41[0m | [1mINFO    [0m | [1m处理机器类型 Nova X-25B - 文库数: 16 - Lane容量: 1050.0GB, 利用率区间: [100%, 100%], 特殊文库上限: 350GB[0m
[32m2026-05-14 17:14:41[0m | [1mINFO    [0m | [1m3.6T-NEW拆分家族原子分散失败: 4个原始文库回滚为未分配并禁止继续成Lane[0m
[32m2026-05-14 17:14:41[0m | [33m[1mWARNING [0m | [33m[1mLane GL_Nova X-25B_005 数据量150.0G低于下限995.0G，4 个文库无法形成有效Lane[0m
[32m2026-05-14 17:14:41[0m | [1mINFO    [0m | [1m剩余池总量200.0GB不足最小成Lane门槛995.0GB，跳过后续随机重试[0m
[32m2026-05-14 17:14:41[0m | [1mINFO    [0m | [1m预拆分回滚完成: 4个原始文库因子片段未全部成Lane而回滚[0m
[32m2026-05-14 17:14:41[0m | [1mINFO    [0m | [1m逐Lane贪心排机完成 - Lane数: 0, 已分配: 0/8, 未分配: 8, 平均利用率: 0.0%, 耗时: 0.00秒[0m
[32m2026-05-14 17:14:41[0m | [1mINFO    [0m | [1mIndex校验器初始化完成（真实数据验证版本）[0m
[32m2026-05-14 17:14:41[0m | [1mINFO    [0m | [1m成Lane校验程序初始化完成 (严格模式: False, 碱基不均衡上限: 35%, 特殊文库关键词: 9个)[0m
[32m2026-05-14 17:14:41[0m | [1mINFO    [0m | [1m最终验证结果: 0条Lane通过，8个文库未分配[0m
[32m2026-05-14 17:14:41[0m | [1mINFO    [0m | [1m3.6T-NEW高优先级预消耗完成: 高优输入=6, 36T禁排高优=0, 36T补料=0, 1.1补料=2, 保留Lane=0, 剩余高优回1.1=6, 剩余高优留36T=0, 剩余36T补料=0, 剩余1.1补料=2[0m
[32m2026-05-14 17:14:41[0m | [1mINFO    [0m | [1mIndex校验器初始化完成（真实数据验证版本）[0m
[32m2026-05-14 17:14:41[0m | [1mINFO    [0m | [1mIndex校验器初始化完成（真实数据验证版本）[0m
[32m2026-05-14 17:14:41[0m | [1mINFO    [0m | [1m成Lane校验程序初始化完成 (严格模式: True, 碱基不均衡上限: 35%, 特殊文库关键词: 9个)[0m
[32m2026-05-14 17:14:41[0m | [33m[1mWARNING [0m | [33m[1mPooling配置表不存在: /data/work/yuyongpeng/liblane_v2_deepseek/data/wktype_pooling_config.xlsx，将使用默认策略[0m
[32m2026-05-14 17:14:41[0m | [1mINFO    [0m | [1m产出效率修正表不存在: /data/work/yuyongpeng/liblane_v2_deepseek/data/production_efficiency_correction.csv，跳过后校准[0m
[32m2026-05-14 17:14:41[0m | [33m[1mWARNING [0m | [33m[1m模型文件不存在: models/loutput_pre_lane_v5/lightgbm_model.pkl[0m
[32m2026-05-14 17:14:41[0m | [33m[1mWARNING [0m | [33m[1mloutput预测器不可用，将使用规则降级策略[0m
[32m2026-05-14 17:14:41[0m | [1mINFO    [0m | [1m逐Lane贪心排机器初始化完成 - 基础容量: 985.0GB, 利用率区间: [100%, 100%], 配置模式: 按机型自动[0m
[32m2026-05-14 17:14:41[0m | [1mINFO    [0m | [1m启用检查: Index=True, 碱基不均衡=True, 规则检查器=False[0m
[32m2026-05-14 17:14:41[0m | [1mINFO    [0m | [1m开始逐Lane贪心排机 - 文库数: 6[0m
[32m2026-05-14 17:14:41[0m | [1mINFO    [0m | [1m============================================================[0m
[32m2026-05-14 17:14:41[0m | [1mINFO    [0m | [1m[拆分] 开始文库拆分预处理[0m
[32m2026-05-14 17:14:41[0m | [1mINFO    [0m | [1m  拆分规则: 1.1模式文库（兼容旧名1.0）不拆分；3.6T-NEW模式按 单index >100.0G、多index >300.0G[0m
[32m2026-05-14 17:14:41[0m | [1mINFO    [0m | [1m  最小保留数据量: >2.0G[0m
[32m2026-05-14 17:14:41[0m | [1mINFO    [0m | [1m------------------------------------------------------------[0m
[32m2026-05-14 17:14:41[0m | [1mINFO    [0m | [1m 拆分完成[0m
[32m2026-05-14 17:14:41[0m | [1mINFO    [0m | [1m  原始文库数: 6[0m
[32m2026-05-14 17:14:41[0m | [1mINFO    [0m | [1m  拆分文库数: 3[0m
[32m2026-05-14 17:14:41[0m | [1mINFO    [0m | [1m  最终文库数: 13[0m
[32m2026-05-14 17:14:41[0m | [1mINFO    [0m | [1m============================================================[0m
[32m2026-05-14 17:14:41[0m | [1mINFO    [0m | [1m预拆分完成: 原始文库6个，触发拆分3个，拆分后文库13个[0m
[32m2026-05-14 17:14:41[0m | [1mINFO    [0m | [1m使用外部传入的全局分析报告（全量文库），跳过内部分析[0m
[32m2026-05-14 17:14:41[0m | [1mINFO    [0m | [1m处理机器类型 Nova X-25B - 文库数: 13 - Lane容量: 1050.0GB, 利用率区间: [100%, 100%], 特殊文库上限: 350GB[0m
[32m2026-05-14 17:14:41[0m | [1mINFO    [0m | [1m3.6T-NEW拆分家族原子分散失败: 3个原始文库回滚为未分配并禁止继续成Lane[0m
[32m2026-05-14 17:14:41[0m | [33m[1mWARNING [0m | [33m[1mLane GL_Nova X-25B_005 数据量150.0G低于下限995.0G，3 个文库无法形成有效Lane[0m
[32m2026-05-14 17:14:41[0m | [1mINFO    [0m | [1m剩余池总量150.0GB不足最小成Lane门槛995.0GB，跳过后续随机重试[0m
[32m2026-05-14 17:14:41[0m | [1mINFO    [0m | [1m预拆分回滚完成: 3个原始文库因子片段未全部成Lane而回滚[0m
[32m2026-05-14 17:14:41[0m | [1mINFO    [0m | [1m逐Lane贪心排机完成 - Lane数: 0, 已分配: 0/6, 未分配: 6, 平均利用率: 0.0%, 耗时: 0.00秒[0m
[32m2026-05-14 17:14:41[0m | [1mINFO    [0m | [1mIndex校验器初始化完成（真实数据验证版本）[0m
[32m2026-05-14 17:14:41[0m | [1mINFO    [0m | [1m成Lane校验程序初始化完成 (严格模式: False, 碱基不均衡上限: 35%, 特殊文库关键词: 9个)[0m
[32m2026-05-14 17:14:41[0m | [1mINFO    [0m | [1m最终验证结果: 0条Lane通过，6个文库未分配[0m
[32m2026-05-14 17:14:41[0m | [1mINFO    [0m | [1m3.6T-NEW高优先级预消耗完成: 高优输入=6, 36T禁排高优=0, 36T补料=0, 1.1补料=0, 保留Lane=0, 剩余高优回1.1=6, 剩余高优留36T=0, 剩余36T补料=0, 剩余1.1补料=0[0m
[32m2026-05-14 17:14:41[0m | [1mINFO    [0m | [1mIndex校验器初始化完成（真实数据验证版本）[0m
[32m2026-05-14 17:14:41[0m | [1mINFO    [0m | [1mIndex校验器初始化完成（真实数据验证版本）[0m
[32m2026-05-14 17:14:41[0m | [1mINFO    [0m | [1m成Lane校验程序初始化完成 (严格模式: True, 碱基不均衡上限: 35%, 特殊文库关键词: 9个)[0m
[32m2026-05-14 17:14:41[0m | [33m[1mWARNING [0m | [33m[1mPooling配置表不存在: /data/work/yuyongpeng/liblane_v2_deepseek/data/wktype_pooling_config.xlsx，将使用默认策略[0m
[32m2026-05-14 17:14:41[0m | [1mINFO    [0m | [1m产出效率修正表不存在: /data/work/yuyongpeng/liblane_v2_deepseek/data/production_efficiency_correction.csv，跳过后校准[0m
[32m2026-05-14 17:14:41[0m | [33m[1mWARNING [0m | [33m[1m模型文件不存在: models/loutput_pre_lane_v5/lightgbm_model.pkl[0m
[32m2026-05-14 17:14:41[0m | [33m[1mWARNING [0m | [33m[1mloutput预测器不可用，将使用规则降级策略[0m
[32m2026-05-14 17:14:41[0m | [1mINFO    [0m | [1m逐Lane贪心排机器初始化完成 - 基础容量: 985.0GB, 利用率区间: [100%, 100%], 配置模式: 按机型自动[0m
[32m2026-05-14 17:14:41[0m | [1mINFO    [0m | [1m启用检查: Index=True, 碱基不均衡=True, 规则检查器=False[0m
[32m2026-05-14 17:14:41[0m | [1mINFO    [0m | [1m开始逐Lane贪心排机 - 文库数: 5[0m
[32m2026-05-14 17:14:41[0m | [1mINFO    [0m | [1m============================================================[0m
[32m2026-05-14 17:14:41[0m | [1mINFO    [0m | [1m[拆分] 开始文库拆分预处理[0m
[32m2026-05-14 17:14:41[0m | [1mINFO    [0m | [1m  拆分规则: 1.1模式文库（兼容旧名1.0）不拆分；3.6T-NEW模式按 单index >100.0G、多index >300.0G[0m
[32m2026-05-14 17:14:41[0m | [1mINFO    [0m | [1m  最小保留数据量: >2.0G[0m
[32m2026-05-14 17:14:41[0m | [1mINFO    [0m | [1m------------------------------------------------------------[0m
[32m2026-05-14 17:14:41[0m | [1mINFO    [0m | [1m 拆分完成[0m
[32m2026-05-14 17:14:41[0m | [1mINFO    [0m | [1m  原始文库数: 5[0m
[32m2026-05-14 17:14:41[0m | [1mINFO    [0m | [1m  拆分文库数: 4[0m
[32m2026-05-14 17:14:41[0m | [1mINFO    [0m | [1m  最终文库数: 15[0m
[32m2026-05-14 17:14:41[0m | [1mINFO    [0m | [1m============================================================[0m
[32m2026-05-14 17:14:41[0m | [1mINFO    [0m | [1m预拆分完成: 原始文库5个，触发拆分4个，拆分后文库15个[0m
[32m2026-05-14 17:14:41[0m | [1mINFO    [0m | [1m使用外部传入的全局分析报告（全量文库），跳过内部分析[0m
[32m2026-05-14 17:14:41[0m | [1mINFO    [0m | [1m处理机器类型 Nova X-25B - 文库数: 15 - Lane容量: 1050.0GB, 利用率区间: [100%, 100%], 特殊文库上限: 350GB[0m
[32m2026-05-14 17:14:41[0m | [1mINFO    [0m | [1m3.6T-NEW拆分家族原子分散失败: 4个原始文库回滚为未分配并禁止继续成Lane[0m
[32m2026-05-14 17:14:41[0m | [33m[1mWARNING [0m | [33m[1m剩余 1 个文库无法分配（全部有约束冲突）[0m
[32m2026-05-14 17:14:41[0m | [1mINFO    [0m | [1m剩余池总量50.0GB不足最小成Lane门槛995.0GB，跳过后续随机重试[0m
[32m2026-05-14 17:14:41[0m | [1mINFO    [0m | [1m预拆分回滚完成: 4个原始文库因子片段未全部成Lane而回滚[0m
[32m2026-05-14 17:14:41[0m | [1mINFO    [0m | [1m逐Lane贪心排机完成 - Lane数: 0, 已分配: 0/5, 未分配: 5, 平均利用率: 0.0%, 耗时: 0.01秒[0m
[32m2026-05-14 17:14:41[0m | [1mINFO    [0m | [1mIndex校验器初始化完成（真实数据验证版本）[0m
[32m2026-05-14 17:14:41[0m | [1mINFO    [0m | [1m成Lane校验程序初始化完成 (严格模式: False, 碱基不均衡上限: 35%, 特殊文库关键词: 9个)[0m
[32m2026-05-14 17:14:41[0m | [1mINFO    [0m | [1m最终验证结果: 0条Lane通过，5个文库未分配[0m
[32m2026-05-14 17:14:41[0m | [1mINFO    [0m | [1m3.6T-NEW高优先级预消耗完成: 高优输入=3, 36T禁排高优=0, 36T补料=0, 1.1补料=2, 保留Lane=0, 剩余高优回1.1=3, 剩余高优留36T=0, 剩余36T补料=0, 剩余1.1补料=2[0m
[32m2026-05-14 17:14:41[0m | [1mINFO    [0m | [1mIndex校验器初始化完成（真实数据验证版本）[0m
[32m2026-05-14 17:14:41[0m | [1mINFO    [0m | [1mIndex校验器初始化完成（真实数据验证版本）[0m
[32m2026-05-14 17:14:41[0m | [1mINFO    [0m | [1m成Lane校验程序初始化完成 (严格模式: True, 碱基不均衡上限: 35%, 特殊文库关键词: 9个)[0m
[32m2026-05-14 17:14:41[0m | [33m[1mWARNING [0m | [33m[1mPooling配置表不存在: /data/work/yuyongpeng/liblane_v2_deepseek/data/wktype_pooling_config.xlsx，将使用默认策略[0m
[32m2026-05-14 17:14:41[0m | [1mINFO    [0m | [1m产出效率修正表不存在: /data/work/yuyongpeng/liblane_v2_deepseek/data/production_efficiency_correction.csv，跳过后校准[0m
[32m2026-05-14 17:14:41[0m | [33m[1mWARNING [0m | [33m[1m模型文件不存在: models/loutput_pre_lane_v5/lightgbm_model.pkl[0m
[32m2026-05-14 17:14:41[0m | [33m[1mWARNING [0m | [33m[1mloutput预测器不可用，将使用规则降级策略[0m
[32m2026-05-14 17:14:41[0m | [1mINFO    [0m | [1m逐Lane贪心排机器初始化完成 - 基础容量: 985.0GB, 利用率区间: [100%, 100%], 配置模式: 按机型自动[0m
[32m2026-05-14 17:14:41[0m | [1mINFO    [0m | [1m启用检查: Index=True, 碱基不均衡=True, 规则检查器=False[0m
[32m2026-05-14 17:14:41[0m | [1mINFO    [0m | [1m开始逐Lane贪心排机 - 文库数: 3[0m
[32m2026-05-14 17:14:41[0m | [1mINFO    [0m | [1m============================================================[0m
[32m2026-05-14 17:14:41[0m | [1mINFO    [0m | [1m[拆分] 开始文库拆分预处理[0m
[32m2026-05-14 17:14:41[0m | [1mINFO    [0m | [1m  拆分规则: 1.1模式文库（兼容旧名1.0）不拆分；3.6T-NEW模式按 单index >100.0G、多index >300.0G[0m
[32m2026-05-14 17:14:41[0m | [1mINFO    [0m | [1m  最小保留数据量: >2.0G[0m
[32m2026-05-14 17:14:41[0m | [1mINFO    [0m | [1m------------------------------------------------------------[0m
[32m2026-05-14 17:14:41[0m | [1mINFO    [0m | [1m 拆分完成[0m
[32m2026-05-14 17:14:41[0m | [1mINFO    [0m | [1m  原始文库数: 3[0m
[32m2026-05-14 17:14:41[0m | [1mINFO    [0m | [1m  拆分文库数: 3[0m
[32m2026-05-14 17:14:41[0m | [1mINFO    [0m | [1m  最终文库数: 12[0m
[32m2026-05-14 17:14:41[0m | [1mINFO    [0m | [1m============================================================[0m
[32m2026-05-14 17:14:41[0m | [1mINFO    [0m | [1m预拆分完成: 原始文库3个，触发拆分3个，拆分后文库12个[0m
[32m2026-05-14 17:14:41[0m | [1mINFO    [0m | [1m使用外部传入的全局分析报告（全量文库），跳过内部分析[0m
[32m2026-05-14 17:14:41[0m | [1mINFO    [0m | [1m处理机器类型 Nova X-25B - 文库数: 12 - Lane容量: 1050.0GB, 利用率区间: [100%, 100%], 特殊文库上限: 350GB[0m
[32m2026-05-14 17:14:41[0m | [1mINFO    [0m | [1m3.6T-NEW拆分家族原子分散失败: 3个原始文库回滚为未分配并禁止继续成Lane[0m
[32m2026-05-14 17:14:41[0m | [1mINFO    [0m | [1m预拆分回滚完成: 3个原始文库因子片段未全部成Lane而回滚[0m
[32m2026-05-14 17:14:41[0m | [1mINFO    [0m | [1m逐Lane贪心排机完成 - Lane数: 0, 已分配: 0/3, 未分配: 3, 平均利用率: 0.0%, 耗时: 0.00秒[0m
[32m2026-05-14 17:14:41[0m | [1mINFO    [0m | [1mIndex校验器初始化完成（真实数据验证版本）[0m
[32m2026-05-14 17:14:41[0m | [1mINFO    [0m | [1m成Lane校验程序初始化完成 (严格模式: False, 碱基不均衡上限: 35%, 特殊文库关键词: 9个)[0m
[32m2026-05-14 17:14:41[0m | [1mINFO    [0m | [1m最终验证结果: 0条Lane通过，3个文库未分配[0m
[32m2026-05-14 17:14:41[0m | [1mINFO    [0m | [1m3.6T-NEW高优先级预消耗完成: 高优输入=3, 36T禁排高优=0, 36T补料=0, 1.1补料=0, 保留Lane=0, 剩余高优回1.1=3, 剩余高优留36T=0, 剩余36T补料=0, 剩余1.1补料=0[0m
[32m2026-05-14 17:14:41[0m | [1mINFO    [0m | [1mIndex校验器初始化完成（真实数据验证版本）[0m
[32m2026-05-14 17:14:41[0m | [1mINFO    [0m | [1mIndex校验器初始化完成（真实数据验证版本）[0m
[32m2026-05-14 17:14:41[0m | [1mINFO    [0m | [1m成Lane校验程序初始化完成 (严格模式: True, 碱基不均衡上限: 35%, 特殊文库关键词: 9个)[0m
[32m2026-05-14 17:14:41[0m | [33m[1mWARNING [0m | [33m[1mPooling配置表不存在: /data/work/yuyongpeng/liblane_v2_deepseek/data/wktype_pooling_config.xlsx，将使用默认策略[0m
[32m2026-05-14 17:14:41[0m | [1mINFO    [0m | [1m产出效率修正表不存在: /data/work/yuyongpeng/liblane_v2_deepseek/data/production_efficiency_correction.csv，跳过后校准[0m
[32m2026-05-14 17:14:41[0m | [33m[1mWARNING [0m | [33m[1m模型文件不存在: models/loutput_pre_lane_v5/lightgbm_model.pkl[0m
[32m2026-05-14 17:14:41[0m | [33m[1mWARNING [0m | [33m[1mloutput预测器不可用，将使用规则降级策略[0m
[32m2026-05-14 17:14:41[0m | [1mINFO    [0m | [1m逐Lane贪心排机器初始化完成 - 基础容量: 985.0GB, 利用率区间: [100%, 100%], 配置模式: 按机型自动[0m
[32m2026-05-14 17:14:41[0m | [1mINFO    [0m | [1m启用检查: Index=True, 碱基不均衡=True, 规则检查器=False[0m
[32m2026-05-14 17:14:41[0m | [1mINFO    [0m | [1m开始逐Lane贪心排机 - 文库数: 9[0m
[32m2026-05-14 17:14:41[0m | [1mINFO    [0m | [1m============================================================[0m
[32m2026-05-14 17:14:41[0m | [1mINFO    [0m | [1m[拆分] 开始文库拆分预处理[0m
[32m2026-05-14 17:14:41[0m | [1mINFO    [0m | [1m  拆分规则: 1.1模式文库（兼容旧名1.0）不拆分；3.6T-NEW模式按 单index >100.0G、多index >300.0G[0m
[32m2026-05-14 17:14:41[0m | [1mINFO    [0m | [1m  最小保留数据量: >2.0G[0m
[32m2026-05-14 17:14:41[0m | [1mINFO    [0m | [1m------------------------------------------------------------[0m
[32m2026-05-14 17:14:41[0m | [1mINFO    [0m | [1m 拆分完成[0m
[32m2026-05-14 17:14:41[0m | [1mINFO    [0m | [1m  原始文库数: 9[0m
[32m2026-05-14 17:14:41[0m | [1mINFO    [0m | [1m  拆分文库数: 5[0m
[32m2026-05-14 17:14:41[0m | [1mINFO    [0m | [1m  最终文库数: 20[0m
[32m2026-05-14 17:14:41[0m | [1mINFO    [0m | [1m============================================================[0m
[32m2026-05-14 17:14:41[0m | [1mINFO    [0m | [1m预拆分完成: 原始文库9个，触发拆分5个，拆分后文库20个[0m
[32m2026-05-14 17:14:41[0m | [1mINFO    [0m | [1m使用外部传入的全局分析报告（全量文库），跳过内部分析[0m
[32m2026-05-14 17:14:41[0m | [1mINFO    [0m | [1m处理机器类型 Nova X-25B - 文库数: 20 - Lane容量: 1050.0GB, 利用率区间: [100%, 100%], 特殊文库上限: 350GB[0m
[32m2026-05-14 17:14:41[0m | [1mINFO    [0m | [1m3.6T-NEW拆分家族原子分散失败: 5个原始文库回滚为未分配并禁止继续成Lane[0m
[32m2026-05-14 17:14:41[0m | [33m[1mWARNING [0m | [33m[1mLane GL_Nova X-25B_005 数据量150.0G低于下限995.0G，4 个文库无法形成有效Lane[0m
[32m2026-05-14 17:14:41[0m | [1mINFO    [0m | [1m剩余池总量200.0GB不足最小成Lane门槛995.0GB，跳过后续随机重试[0m
[32m2026-05-14 17:14:41[0m | [1mINFO    [0m | [1m预拆分回滚完成: 5个原始文库因子片段未全部成Lane而回滚[0m
[32m2026-05-14 17:14:41[0m | [1mINFO    [0m | [1m逐Lane贪心排机完成 - Lane数: 0, 已分配: 0/9, 未分配: 9, 平均利用率: 0.0%, 耗时: 0.00秒[0m
[32m2026-05-14 17:14:41[0m | [1mINFO    [0m | [1mIndex校验器初始化完成（真实数据验证版本）[0m
[32m2026-05-14 17:14:41[0m | [1mINFO    [0m | [1m成Lane校验程序初始化完成 (严格模式: False, 碱基不均衡上限: 35%, 特殊文库关键词: 9个)[0m
[32m2026-05-14 17:14:41[0m | [1mINFO    [0m | [1m最终验证结果: 0条Lane通过，9个文库未分配[0m
[32m2026-05-14 17:14:41[0m | [1mINFO    [0m | [1m3.6T-NEW高优先级预消耗完成: 高优输入=7, 36T禁排高优=0, 36T补料=0, 1.1补料=2, 保留Lane=0, 剩余高优回1.1=7, 剩余高优留36T=0, 剩余36T补料=0, 剩余1.1补料=2[0m
[32m2026-05-14 17:14:41[0m | [1mINFO    [0m | [1mIndex校验器初始化完成（真实数据验证版本）[0m
[32m2026-05-14 17:14:41[0m | [1mINFO    [0m | [1mIndex校验器初始化完成（真实数据验证版本）[0m
[32m2026-05-14 17:14:41[0m | [1mINFO    [0m | [1m成Lane校验程序初始化完成 (严格模式: True, 碱基不均衡上限: 35%, 特殊文库关键词: 9个)[0m
[32m2026-05-14 17:14:41[0m | [33m[1mWARNING [0m | [33m[1mPooling配置表不存在: /data/work/yuyongpeng/liblane_v2_deepseek/data/wktype_pooling_config.xlsx，将使用默认策略[0m
[32m2026-05-14 17:14:41[0m | [1mINFO    [0m | [1m产出效率修正表不存在: /data/work/yuyongpeng/liblane_v2_deepseek/data/production_efficiency_correction.csv，跳过后校准[0m
[32m2026-05-14 17:14:41[0m | [33m[1mWARNING [0m | [33m[1m模型文件不存在: models/loutput_pre_lane_v5/lightgbm_model.pkl[0m
[32m2026-05-14 17:14:41[0m | [33m[1mWARNING [0m | [33m[1mloutput预测器不可用，将使用规则降级策略[0m
[32m2026-05-14 17:14:41[0m | [1mINFO    [0m | [1m逐Lane贪心排机器初始化完成 - 基础容量: 985.0GB, 利用率区间: [100%, 100%], 配置模式: 按机型自动[0m
[32m2026-05-14 17:14:41[0m | [1mINFO    [0m | [1m启用检查: Index=True, 碱基不均衡=True, 规则检查器=False[0m
[32m2026-05-14 17:14:41[0m | [1mINFO    [0m | [1m开始逐Lane贪心排机 - 文库数: 7[0m
[32m2026-05-14 17:14:41[0m | [1mINFO    [0m | [1m============================================================[0m
[32m2026-05-14 17:14:41[0m | [1mINFO    [0m | [1m[拆分] 开始文库拆分预处理[0m
[32m2026-05-14 17:14:41[0m | [1mINFO    [0m | [1m  拆分规则: 1.1模式文库（兼容旧名1.0）不拆分；3.6T-NEW模式按 单index >100.0G、多index >300.0G[0m
[32m2026-05-14 17:14:41[0m | [1mINFO    [0m | [1m  最小保留数据量: >2.0G[0m
[32m2026-05-14 17:14:41[0m | [1mINFO    [0m | [1m------------------------------------------------------------[0m
[32m2026-05-14 17:14:41[0m | [1mINFO    [0m | [1m 拆分完成[0m
[32m2026-05-14 17:14:41[0m | [1mINFO    [0m | [1m  原始文库数: 7[0m
[32m2026-05-14 17:14:41[0m | [1mINFO    [0m | [1m  拆分文库数: 4[0m
[32m2026-05-14 17:14:41[0m | [1mINFO    [0m | [1m  最终文库数: 17[0m
[32m2026-05-14 17:14:41[0m | [1mINFO    [0m | [1m============================================================[0m
[32m2026-05-14 17:14:41[0m | [1mINFO    [0m | [1m预拆分完成: 原始文库7个，触发拆分4个，拆分后文库17个[0m
[32m2026-05-14 17:14:41[0m | [1mINFO    [0m | [1m使用外部传入的全局分析报告（全量文库），跳过内部分析[0m
[32m2026-05-14 17:14:41[0m | [1mINFO    [0m | [1m处理机器类型 Nova X-25B - 文库数: 17 - Lane容量: 1050.0GB, 利用率区间: [100%, 100%], 特殊文库上限: 350GB[0m
[32m2026-05-14 17:14:41[0m | [1mINFO    [0m | [1m3.6T-NEW拆分家族原子分散失败: 4个原始文库回滚为未分配并禁止继续成Lane[0m
[32m2026-05-14 17:14:41[0m | [33m[1mWARNING [0m | [33m[1mLane GL_Nova X-25B_005 数据量150.0G低于下限995.0G，3 个文库无法形成有效Lane[0m
[32m2026-05-14 17:14:41[0m | [1mINFO    [0m | [1m剩余池总量150.0GB不足最小成Lane门槛995.0GB，跳过后续随机重试[0m
[32m2026-05-14 17:14:41[0m | [1mINFO    [0m | [1m预拆分回滚完成: 4个原始文库因子片段未全部成Lane而回滚[0m
[32m2026-05-14 17:14:41[0m | [1mINFO    [0m | [1m逐Lane贪心排机完成 - Lane数: 0, 已分配: 0/7, 未分配: 7, 平均利用率: 0.0%, 耗时: 0.00秒[0m
[32m2026-05-14 17:14:41[0m | [1mINFO    [0m | [1mIndex校验器初始化完成（真实数据验证版本）[0m
[32m2026-05-14 17:14:41[0m | [1mINFO    [0m | [1m成Lane校验程序初始化完成 (严格模式: False, 碱基不均衡上限: 35%, 特殊文库关键词: 9个)[0m
[32m2026-05-14 17:14:41[0m | [1mINFO    [0m | [1m最终验证结果: 0条Lane通过，7个文库未分配[0m
[32m2026-05-14 17:14:41[0m | [1mINFO    [0m | [1m3.6T-NEW高优先级预消耗完成: 高优输入=7, 36T禁排高优=0, 36T补料=0, 1.1补料=0, 保留Lane=0, 剩余高优回1.1=7, 剩余高优留36T=0, 剩余36T补料=0, 剩余1.1补料=0[0m
[32m2026-05-14 17:14:41[0m | [1mINFO    [0m | [1mIndex校验器初始化完成（真实数据验证版本）[0m
[32m2026-05-14 17:14:41[0m | [1mINFO    [0m | [1mIndex校验器初始化完成（真实数据验证版本）[0m
[32m2026-05-14 17:14:41[0m | [1mINFO    [0m | [1m成Lane校验程序初始化完成 (严格模式: True, 碱基不均衡上限: 35%, 特殊文库关键词: 9个)[0m
[32m2026-05-14 17:14:41[0m | [33m[1mWARNING [0m | [33m[1mPooling配置表不存在: /data/work/yuyongpeng/liblane_v2_deepseek/data/wktype_pooling_config.xlsx，将使用默认策略[0m
[32m2026-05-14 17:14:41[0m | [1mINFO    [0m | [1m产出效率修正表不存在: /data/work/yuyongpeng/liblane_v2_deepseek/data/production_efficiency_correction.csv，跳过后校准[0m
[32m2026-05-14 17:14:41[0m | [33m[1mWARNING [0m | [33m[1m模型文件不存在: models/loutput_pre_lane_v5/lightgbm_model.pkl[0m
[32m2026-05-14 17:14:41[0m | [33m[1mWARNING [0m | [33m[1mloutput预测器不可用，将使用规则降级策略[0m
[32m2026-05-14 17:14:41[0m | [1mINFO    [0m | [1m逐Lane贪心排机器初始化完成 - 基础容量: 985.0GB, 利用率区间: [100%, 100%], 配置模式: 按机型自动[0m
[32m2026-05-14 17:14:41[0m | [1mINFO    [0m | [1m启用检查: Index=True, 碱基不均衡=True, 规则检查器=False[0m
[32m2026-05-14 17:14:41[0m | [1mINFO    [0m | [1m开始逐Lane贪心排机 - 文库数: 12[0m
[32m2026-05-14 17:14:41[0m | [1mINFO    [0m | [1m============================================================[0m
[32m2026-05-14 17:14:41[0m | [1mINFO    [0m | [1m[拆分] 开始文库拆分预处理[0m
[32m2026-05-14 17:14:41[0m | [1mINFO    [0m | [1m  拆分规则: 1.1模式文库（兼容旧名1.0）不拆分；3.6T-NEW模式按 单index >100.0G、多index >300.0G[0m
[32m2026-05-14 17:14:41[0m | [1mINFO    [0m | [1m  最小保留数据量: >2.0G[0m
[32m2026-05-14 17:14:41[0m | [1mINFO    [0m | [1m------------------------------------------------------------[0m
[32m2026-05-14 17:14:41[0m | [1mINFO    [0m | [1m 拆分完成[0m
[32m2026-05-14 17:14:41[0m | [1mINFO    [0m | [1m  原始文库数: 12[0m
[32m2026-05-14 17:14:41[0m | [1mINFO    [0m | [1m  拆分文库数: 5[0m
[32m2026-05-14 17:14:41[0m | [1mINFO    [0m | [1m  最终文库数: 23[0m
[32m2026-05-14 17:14:41[0m | [1mINFO    [0m | [1m============================================================[0m
[32m2026-05-14 17:14:41[0m | [1mINFO    [0m | [1m预拆分完成: 原始文库12个，触发拆分5个，拆分后文库23个[0m
[32m2026-05-14 17:14:41[0m | [1mINFO    [0m | [1m使用外部传入的全局分析报告（全量文库），跳过内部分析[0m
[32m2026-05-14 17:14:41[0m | [1mINFO    [0m | [1m处理机器类型 Nova X-25B - 文库数: 23 - Lane容量: 1050.0GB, 利用率区间: [100%, 100%], 特殊文库上限: 350GB[0m
[32m2026-05-14 17:14:41[0m | [1mINFO    [0m | [1m3.6T-NEW拆分家族原子分散失败: 5个原始文库回滚为未分配并禁止继续成Lane[0m
[32m2026-05-14 17:14:41[0m | [33m[1mWARNING [0m | [33m[1mLane GL_Nova X-25B_005 数据量300.0G低于下限995.0G，7 个文库无法形成有效Lane[0m
[32m2026-05-14 17:14:41[0m | [1mINFO    [0m | [1m剩余池总量350.0GB不足最小成Lane门槛995.0GB，跳过后续随机重试[0m
[32m2026-05-14 17:14:41[0m | [1mINFO    [0m | [1m预拆分回滚完成: 5个原始文库因子片段未全部成Lane而回滚[0m
[32m2026-05-14 17:14:41[0m | [1mINFO    [0m | [1m逐Lane贪心排机完成 - Lane数: 0, 已分配: 0/12, 未分配: 12, 平均利用率: 0.0%, 耗时: 0.00秒[0m
[32m2026-05-14 17:14:41[0m | [1mINFO    [0m | [1mIndex校验器初始化完成（真实数据验证版本）[0m
[32m2026-05-14 17:14:41[0m | [1mINFO    [0m | [1m成Lane校验程序初始化完成 (严格模式: False, 碱基不均衡上限: 35%, 特殊文库关键词: 9个)[0m
[32m2026-05-14 17:14:41[0m | [1mINFO    [0m | [1m最终验证结果: 0条Lane通过，12个文库未分配[0m
[32m2026-05-14 17:14:41[0m | [1mINFO    [0m | [1m3.6T-NEW高优先级预消耗完成: 高优输入=10, 36T禁排高优=0, 36T补料=0, 1.1补料=2, 保留Lane=0, 剩余高优回1.1=10, 剩余高优留36T=0, 剩余36T补料=0, 剩余1.1补料=2[0m
[32m2026-05-14 17:14:41[0m | [1mINFO    [0m | [1mIndex校验器初始化完成（真实数据验证版本）[0m
[32m2026-05-14 17:14:41[0m | [1mINFO    [0m | [1mIndex校验器初始化完成（真实数据验证版本）[0m
[32m2026-05-14 17:14:41[0m | [1mINFO    [0m | [1m成Lane校验程序初始化完成 (严格模式: True, 碱基不均衡上限: 35%, 特殊文库关键词: 9个)[0m
[32m2026-05-14 17:14:41[0m | [33m[1mWARNING [0m | [33m[1mPooling配置表不存在: /data/work/yuyongpeng/liblane_v2_deepseek/data/wktype_pooling_config.xlsx，将使用默认策略[0m
[32m2026-05-14 17:14:41[0m | [1mINFO    [0m | [1m产出效率修正表不存在: /data/work/yuyongpeng/liblane_v2_deepseek/data/production_efficiency_correction.csv，跳过后校准[0m
[32m2026-05-14 17:14:41[0m | [33m[1mWARNING [0m | [33m[1m模型文件不存在: models/loutput_pre_lane_v5/lightgbm_model.pkl[0m
[32m2026-05-14 17:14:41[0m | [33m[1mWARNING [0m | [33m[1mloutput预测器不可用，将使用规则降级策略[0m
[32m2026-05-14 17:14:41[0m | [1mINFO    [0m | [1m逐Lane贪心排机器初始化完成 - 基础容量: 985.0GB, 利用率区间: [100%, 100%], 配置模式: 按机型自动[0m
[32m2026-05-14 17:14:41[0m | [1mINFO    [0m | [1m启用检查: Index=True, 碱基不均衡=True, 规则检查器=False[0m
[32m2026-05-14 17:14:41[0m | [1mINFO    [0m | [1m开始逐Lane贪心排机 - 文库数: 10[0m
[32m2026-05-14 17:14:41[0m | [1mINFO    [0m | [1m============================================================[0m
[32m2026-05-14 17:14:41[0m | [1mINFO    [0m | [1m[拆分] 开始文库拆分预处理[0m
[32m2026-05-14 17:14:41[0m | [1mINFO    [0m | [1m  拆分规则: 1.1模式文库（兼容旧名1.0）不拆分；3.6T-NEW模式按 单index >100.0G、多index >300.0G[0m
[32m2026-05-14 17:14:41[0m | [1mINFO    [0m | [1m  最小保留数据量: >2.0G[0m
[32m2026-05-14 17:14:41[0m | [1mINFO    [0m | [1m------------------------------------------------------------[0m
[32m2026-05-14 17:14:41[0m | [1mINFO    [0m | [1m 拆分完成[0m
[32m2026-05-14 17:14:41[0m | [1mINFO    [0m | [1m  原始文库数: 10[0m
[32m2026-05-14 17:14:41[0m | [1mINFO    [0m | [1m  拆分文库数: 4[0m
[32m2026-05-14 17:14:41[0m | [1mINFO    [0m | [1m  最终文库数: 20[0m
[32m2026-05-14 17:14:41[0m | [1mINFO    [0m | [1m============================================================[0m
[32m2026-05-14 17:14:41[0m | [1mINFO    [0m | [1m预拆分完成: 原始文库10个，触发拆分4个，拆分后文库20个[0m
[32m2026-05-14 17:14:41[0m | [1mINFO    [0m | [1m使用外部传入的全局分析报告（全量文库），跳过内部分析[0m
[32m2026-05-14 17:14:41[0m | [1mINFO    [0m | [1m处理机器类型 Nova X-25B - 文库数: 20 - Lane容量: 1050.0GB, 利用率区间: [100%, 100%], 特殊文库上限: 350GB[0m
[32m2026-05-14 17:14:41[0m | [1mINFO    [0m | [1m3.6T-NEW拆分家族原子分散失败: 4个原始文库回滚为未分配并禁止继续成Lane[0m
[32m2026-05-14 17:14:41[0m | [33m[1mWARNING [0m | [33m[1mLane GL_Nova X-25B_005 数据量300.0G低于下限995.0G，6 个文库无法形成有效Lane[0m
[32m2026-05-14 17:14:41[0m | [1mINFO    [0m | [1m剩余池总量300.0GB不足最小成Lane门槛995.0GB，跳过后续随机重试[0m
[32m2026-05-14 17:14:41[0m | [1mINFO    [0m | [1m预拆分回滚完成: 4个原始文库因子片段未全部成Lane而回滚[0m
[32m2026-05-14 17:14:41[0m | [1mINFO    [0m | [1m逐Lane贪心排机完成 - Lane数: 0, 已分配: 0/10, 未分配: 10, 平均利用率: 0.0%, 耗时: 0.00秒[0m
[32m2026-05-14 17:14:41[0m | [1mINFO    [0m | [1mIndex校验器初始化完成（真实数据验证版本）[0m
[32m2026-05-14 17:14:41[0m | [1mINFO    [0m | [1m成Lane校验程序初始化完成 (严格模式: False, 碱基不均衡上限: 35%, 特殊文库关键词: 9个)[0m
[32m2026-05-14 17:14:41[0m | [1mINFO    [0m | [1m最终验证结果: 0条Lane通过，10个文库未分配[0m
[32m2026-05-14 17:14:41[0m | [1mINFO    [0m | [1m3.6T-NEW高优先级预消耗完成: 高优输入=10, 36T禁排高优=0, 36T补料=0, 1.1补料=0, 保留Lane=0, 剩余高优回1.1=10, 剩余高优留36T=0, 剩余36T补料=0, 剩余1.1补料=0[0m
[32m2026-05-14 17:14:41[0m | [1mINFO    [0m | [1mIndex校验器初始化完成（真实数据验证版本）[0m
[32m2026-05-14 17:14:41[0m | [1mINFO    [0m | [1mIndex校验器初始化完成（真实数据验证版本）[0m
[32m2026-05-14 17:14:41[0m | [1mINFO    [0m | [1m成Lane校验程序初始化完成 (严格模式: True, 碱基不均衡上限: 35%, 特殊文库关键词: 9个)[0m
[32m2026-05-14 17:14:41[0m | [33m[1mWARNING [0m | [33m[1mPooling配置表不存在: /data/work/yuyongpeng/liblane_v2_deepseek/data/wktype_pooling_config.xlsx，将使用默认策略[0m
[32m2026-05-14 17:14:41[0m | [1mINFO    [0m | [1m产出效率修正表不存在: /data/work/yuyongpeng/liblane_v2_deepseek/data/production_efficiency_correction.csv，跳过后校准[0m
[32m2026-05-14 17:14:41[0m | [33m[1mWARNING [0m | [33m[1m模型文件不存在: models/loutput_pre_lane_v5/lightgbm_model.pkl[0m
[32m2026-05-14 17:14:41[0m | [33m[1mWARNING [0m | [33m[1mloutput预测器不可用，将使用规则降级策略[0m
[32m2026-05-14 17:14:41[0m | [1mINFO    [0m | [1m逐Lane贪心排机器初始化完成 - 基础容量: 985.0GB, 利用率区间: [100%, 100%], 配置模式: 按机型自动[0m
[32m2026-05-14 17:14:41[0m | [1mINFO    [0m | [1m启用检查: Index=True, 碱基不均衡=True, 规则检查器=False[0m
[32m2026-05-14 17:14:41[0m | [1mINFO    [0m | [1m开始逐Lane贪心排机 - 文库数: 12[0m
[32m2026-05-14 17:14:41[0m | [1mINFO    [0m | [1m============================================================[0m
[32m2026-05-14 17:14:41[0m | [1mINFO    [0m | [1m[拆分] 开始文库拆分预处理[0m
[32m2026-05-14 17:14:41[0m | [1mINFO    [0m | [1m  拆分规则: 1.1模式文库（兼容旧名1.0）不拆分；3.6T-NEW模式按 单index >100.0G、多index >300.0G[0m
[32m2026-05-14 17:14:41[0m | [1mINFO    [0m | [1m  最小保留数据量: >2.0G[0m
[32m2026-05-14 17:14:41[0m | [1mINFO    [0m | [1m------------------------------------------------------------[0m
[32m2026-05-14 17:14:41[0m | [1mINFO    [0m | [1m 拆分完成[0m
[32m2026-05-14 17:14:41[0m | [1mINFO    [0m | [1m  原始文库数: 12[0m
[32m2026-05-14 17:14:41[0m | [1mINFO    [0m | [1m  拆分文库数: 5[0m
[32m2026-05-14 17:14:41[0m | [1mINFO    [0m | [1m  最终文库数: 23[0m
[32m2026-05-14 17:14:41[0m | [1mINFO    [0m | [1m============================================================[0m
[32m2026-05-14 17:14:41[0m | [1mINFO    [0m | [1m预拆分完成: 原始文库12个，触发拆分5个，拆分后文库23个[0m
[32m2026-05-14 17:14:41[0m | [1mINFO    [0m | [1m使用外部传入的全局分析报告（全量文库），跳过内部分析[0m
[32m2026-05-14 17:14:41[0m | [1mINFO    [0m | [1m处理机器类型 Nova X-25B - 文库数: 23 - Lane容量: 1050.0GB, 利用率区间: [100%, 100%], 特殊文库上限: 350GB[0m
[32m2026-05-14 17:14:41[0m | [1mINFO    [0m | [1m3.6T-NEW拆分家族原子分散失败: 5个原始文库回滚为未分配并禁止继续成Lane[0m
[32m2026-05-14 17:14:41[0m | [33m[1mWARNING [0m | [33m[1mLane GL_Nova X-25B_005 数据量300.0G低于下限995.0G，7 个文库无法形成有效Lane[0m
[32m2026-05-14 17:14:41[0m | [1mINFO    [0m | [1m剩余池总量350.0GB不足最小成Lane门槛995.0GB，跳过后续随机重试[0m
[32m2026-05-14 17:14:41[0m | [1mINFO    [0m | [1m预拆分回滚完成: 5个原始文库因子片段未全部成Lane而回滚[0m
[32m2026-05-14 17:14:41[0m | [1mINFO    [0m | [1m逐Lane贪心排机完成 - Lane数: 0, 已分配: 0/12, 未分配: 12, 平均利用率: 0.0%, 耗时: 0.00秒[0m
[32m2026-05-14 17:14:41[0m | [1mINFO    [0m | [1mIndex校验器初始化完成（真实数据验证版本）[0m
[32m2026-05-14 17:14:41[0m | [1mINFO    [0m | [1m成Lane校验程序初始化完成 (严格模式: False, 碱基不均衡上限: 35%, 特殊文库关键词: 9个)[0m
[32m2026-05-14 17:14:41[0m | [1mINFO    [0m | [1m最终验证结果: 0条Lane通过，12个文库未分配[0m
[32m2026-05-14 17:14:41[0m | [1mINFO    [0m | [1m3.6T-NEW高优先级预消耗完成: 高优输入=10, 36T禁排高优=0, 36T补料=0, 1.1补料=2, 保留Lane=0, 剩余高优回1.1=10, 剩余高优留36T=0, 剩余36T补料=0, 剩余1.1补料=2[0m
[32m2026-05-14 17:14:41[0m | [1mINFO    [0m | [1mIndex校验器初始化完成（真实数据验证版本）[0m
[32m2026-05-14 17:14:41[0m | [1mINFO    [0m | [1mIndex校验器初始化完成（真实数据验证版本）[0m
[32m2026-05-14 17:14:41[0m | [1mINFO    [0m | [1m成Lane校验程序初始化完成 (严格模式: True, 碱基不均衡上限: 35%, 特殊文库关键词: 9个)[0m
[32m2026-05-14 17:14:41[0m | [33m[1mWARNING [0m | [33m[1mPooling配置表不存在: /data/work/yuyongpeng/liblane_v2_deepseek/data/wktype_pooling_config.xlsx，将使用默认策略[0m
[32m2026-05-14 17:14:41[0m | [1mINFO    [0m | [1m产出效率修正表不存在: /data/work/yuyongpeng/liblane_v2_deepseek/data/production_efficiency_correction.csv，跳过后校准[0m
[32m2026-05-14 17:14:41[0m | [33m[1mWARNING [0m | [33m[1m模型文件不存在: models/loutput_pre_lane_v5/lightgbm_model.pkl[0m
[32m2026-05-14 17:14:41[0m | [33m[1mWARNING [0m | [33m[1mloutput预测器不可用，将使用规则降级策略[0m
[32m2026-05-14 17:14:41[0m | [1mINFO    [0m | [1m逐Lane贪心排机器初始化完成 - 基础容量: 985.0GB, 利用率区间: [100%, 100%], 配置模式: 按机型自动[0m
[32m2026-05-14 17:14:41[0m | [1mINFO    [0m | [1m启用检查: Index=True, 碱基不均衡=True, 规则检查器=False[0m
[32m2026-05-14 17:14:41[0m | [1mINFO    [0m | [1m开始逐Lane贪心排机 - 文库数: 10[0m
[32m2026-05-14 17:14:41[0m | [1mINFO    [0m | [1m============================================================[0m
[32m2026-05-14 17:14:41[0m | [1mINFO    [0m | [1m[拆分] 开始文库拆分预处理[0m
[32m2026-05-14 17:14:41[0m | [1mINFO    [0m | [1m  拆分规则: 1.1模式文库（兼容旧名1.0）不拆分；3.6T-NEW模式按 单index >100.0G、多index >300.0G[0m
[32m2026-05-14 17:14:41[0m | [1mINFO    [0m | [1m  最小保留数据量: >2.0G[0m
[32m2026-05-14 17:14:41[0m | [1mINFO    [0m | [1m------------------------------------------------------------[0m
[32m2026-05-14 17:14:41[0m | [1mINFO    [0m | [1m 拆分完成[0m
[32m2026-05-14 17:14:41[0m | [1mINFO    [0m | [1m  原始文库数: 10[0m
[32m2026-05-14 17:14:41[0m | [1mINFO    [0m | [1m  拆分文库数: 4[0m
[32m2026-05-14 17:14:41[0m | [1mINFO    [0m | [1m  最终文库数: 20[0m
[32m2026-05-14 17:14:41[0m | [1mINFO    [0m | [1m============================================================[0m
[32m2026-05-14 17:14:41[0m | [1mINFO    [0m | [1m预拆分完成: 原始文库10个，触发拆分4个，拆分后文库20个[0m
[32m2026-05-14 17:14:41[0m | [1mINFO    [0m | [1m使用外部传入的全局分析报告（全量文库），跳过内部分析[0m
[32m2026-05-14 17:14:41[0m | [1mINFO    [0m | [1m处理机器类型 Nova X-25B - 文库数: 20 - Lane容量: 1050.0GB, 利用率区间: [100%, 100%], 特殊文库上限: 350GB[0m
[32m2026-05-14 17:14:41[0m | [1mINFO    [0m | [1m3.6T-NEW拆分家族原子分散失败: 4个原始文库回滚为未分配并禁止继续成Lane[0m
[32m2026-05-14 17:14:41[0m | [33m[1mWARNING [0m | [33m[1mLane GL_Nova X-25B_005 数据量300.0G低于下限995.0G，6 个文库无法形成有效Lane[0m
[32m2026-05-14 17:14:41[0m | [1mINFO    [0m | [1m剩余池总量300.0GB不足最小成Lane门槛995.0GB，跳过后续随机重试[0m
[32m2026-05-14 17:14:41[0m | [1mINFO    [0m | [1m预拆分回滚完成: 4个原始文库因子片段未全部成Lane而回滚[0m
[32m2026-05-14 17:14:41[0m | [1mINFO    [0m | [1m逐Lane贪心排机完成 - Lane数: 0, 已分配: 0/10, 未分配: 10, 平均利用率: 0.0%, 耗时: 0.00秒[0m
[32m2026-05-14 17:14:41[0m | [1mINFO    [0m | [1mIndex校验器初始化完成（真实数据验证版本）[0m
[32m2026-05-14 17:14:41[0m | [1mINFO    [0m | [1m成Lane校验程序初始化完成 (严格模式: False, 碱基不均衡上限: 35%, 特殊文库关键词: 9个)[0m
[32m2026-05-14 17:14:41[0m | [1mINFO    [0m | [1m最终验证结果: 0条Lane通过，10个文库未分配[0m
[32m2026-05-14 17:14:41[0m | [1mINFO    [0m | [1m3.6T-NEW高优先级预消耗完成: 高优输入=10, 36T禁排高优=0, 36T补料=0, 1.1补料=0, 保留Lane=0, 剩余高优回1.1=10, 剩余高优留36T=0, 剩余36T补料=0, 剩余1.1补料=0[0m
[32m2026-05-14 17:14:41[0m | [1mINFO    [0m | [1m3.6T-NEW高优先级预消耗汇总: 累计Lane=0, 剩余高优回1.1=10, 剩余高优留36T=0, 剩余36T补料=0, 剩余1.1补料=197[0m
[32m2026-05-14 17:14:41[0m | [1mINFO    [0m | [1m步骤1.5-1完成: 3.6T-NEW高优预消耗Lane=0, 消耗文库=0个, 剩余未成Lane池=207个[0m
[32m2026-05-14 17:14:41[0m | [1mINFO    [0m | [1m步骤1.5-2: 1.1首轮使用剩余未成Lane全集，候选207个文库[0m
[32m2026-05-14 17:14:41[0m | [1mINFO    [0m | [1m1.1首轮策略: expensive_rescue=True, peak_window_mixed=False, post_fill_optimization=True[0m
[32m2026-05-14 17:14:41[0m | [1mINFO    [0m | [1m
================================================================================[0m
[32m2026-05-14 17:14:41[0m | [1mINFO    [0m | [1m排机流程：纯规则排机[0m
[32m2026-05-14 17:14:41[0m | [1mINFO    [0m | [1m================================================================================[0m
[32m2026-05-14 17:14:41[0m | [1mINFO    [0m | [1mIndex校验器初始化完成（真实数据验证版本）[0m
[32m2026-05-14 17:14:41[0m | [1mINFO    [0m | [1mIndex校验器初始化完成（真实数据验证版本）[0m
[32m2026-05-14 17:14:41[0m | [1mINFO    [0m | [1m成Lane校验程序初始化完成 (严格模式: True, 碱基不均衡上限: 35%, 特殊文库关键词: 9个)[0m
[32m2026-05-14 17:14:41[0m | [33m[1mWARNING [0m | [33m[1mPooling配置表不存在: /data/work/yuyongpeng/liblane_v2_deepseek/data/wktype_pooling_config.xlsx，将使用默认策略[0m
[32m2026-05-14 17:14:41[0m | [1mINFO    [0m | [1m产出效率修正表不存在: /data/work/yuyongpeng/liblane_v2_deepseek/data/production_efficiency_correction.csv，跳过后校准[0m
[32m2026-05-14 17:14:41[0m | [33m[1mWARNING [0m | [33m[1m模型文件不存在: models/loutput_pre_lane_v5/lightgbm_model.pkl[0m
[32m2026-05-14 17:14:41[0m | [33m[1mWARNING [0m | [33m[1mloutput预测器不可用，将使用规则降级策略[0m
[32m2026-05-14 17:14:41[0m | [1mINFO    [0m | [1m逐Lane贪心排机器初始化完成 - 基础容量: 985.0GB, 利用率区间: [100%, 100%], 配置模式: 按机型自动[0m
[32m2026-05-14 17:14:41[0m | [1mINFO    [0m | [1m启用检查: Index=True, 碱基不均衡=True, 规则检查器=False[0m
[32m2026-05-14 17:14:41[0m | [1mINFO    [0m | [1m排机阶段：Pooling优化器已禁用（V6流程不需要）[0m
[32m2026-05-14 17:14:41[0m | [1mINFO    [0m | [1mIndex校验器初始化完成（真实数据验证版本）[0m
[32m2026-05-14 17:14:41[0m | [1mINFO    [0m | [1m成Lane校验程序初始化完成 (严格模式: True, 碱基不均衡上限: 35%, 特殊文库关键词: 9个)[0m
[32m2026-05-14 17:14:41[0m | [1mINFO    [0m | [1m严格校验容量区间改为按统一配置表动态解析[0m
[32m2026-05-14 17:14:41[0m | [1mINFO    [0m | [1m============================================================[0m
[32m2026-05-14 17:14:41[0m | [1mINFO    [0m | [1m[拆分] 开始文库拆分预处理[0m
[32m2026-05-14 17:14:41[0m | [1mINFO    [0m | [1m  拆分规则: 1.1模式文库（兼容旧名1.0）不拆分；3.6T-NEW模式按 单index >100.0G、多index >300.0G[0m
[32m2026-05-14 17:14:41[0m | [1mINFO    [0m | [1m  最小保留数据量: >2.0G[0m
[32m2026-05-14 17:14:41[0m | [1mINFO    [0m | [1m------------------------------------------------------------[0m
[32m2026-05-14 17:14:41[0m | [1mINFO    [0m | [1m 拆分完成[0m
[32m2026-05-14 17:14:41[0m | [1mINFO    [0m | [1m  原始文库数: 207[0m
[32m2026-05-14 17:14:41[0m | [1mINFO    [0m | [1m  拆分文库数: 0[0m
[32m2026-05-14 17:14:41[0m | [1mINFO    [0m | [1m  最终文库数: 207[0m
[32m2026-05-14 17:14:41[0m | [1mINFO    [0m | [1m============================================================[0m
[32m2026-05-14 17:14:41[0m | [1mINFO    [0m | [1m主流程前置拆分完成: 无需拆分[0m
[32m2026-05-14 17:14:41[0m | [1mINFO    [0m | [1mPeak窗口混排预构Lane已按调用方要求关闭[0m
[32m2026-05-14 17:14:41[0m | [1mINFO    [0m | [1m开始逐Lane贪心排机 - 文库数: 207[0m
[32m2026-05-14 17:14:41[0m | [1mINFO    [0m | [1m预拆分完成: 使用外层已拆分文库[0m
[32m2026-05-14 17:14:41[0m | [1mINFO    [0m | [1m===== 批次全局分析报告 =====[0m
[32m2026-05-14 17:14:41[0m | [1mINFO    [0m | [1m机器类型: NovaSeq X Plus[0m
[32m2026-05-14 17:14:41[0m | [1mINFO    [0m | [1m文库总数: 207[0m
[32m2026-05-14 17:14:41[0m | [1mINFO    [0m | [1m总数据量: 25528.0 GB[0m
[32m2026-05-14 17:14:41[0m | [1mINFO    [0m | [1m预估Lane数: 12~13[0m
[32m2026-05-14 17:14:41[0m | [1mINFO    [0m | [1m--- 特征标记 ---[0m
[32m2026-05-14 17:14:41[0m | [1mINFO    [0m | [1m  包Lane文库: 无[0m
[32m2026-05-14 17:14:41[0m | [1mINFO    [0m | [1m  碱基不均衡: 有[0m
[32m2026-05-14 17:14:41[0m | [1mINFO    [0m | [1m  客户文库:   无[0m
[32m2026-05-14 17:14:41[0m | [1mINFO    [0m | [1m  10bp文库:   有[0m
[32m2026-05-14 17:14:41[0m | [1mINFO    [0m | [1m  非10bp文库: 有[0m
[32m2026-05-14 17:14:41[0m | [1mINFO    [0m | [1m  特殊组合:   有[0m
[32m2026-05-14 17:14:41[0m | [1mINFO    [0m | [1m--- 分组画像 ---[0m
[32m2026-05-14 17:14:41[0m | [1mINFO    [0m | [1m  [10bp] 10碱基文库: 146个文库, 17178.0GB, 预估8~9条Lane[0m
[32m2026-05-14 17:14:41[0m | [1mINFO    [0m | [1m  [all] 全部文库: 207个文库, 25528.0GB, 预估12~13条Lane[0m
[32m2026-05-14 17:14:41[0m | [1mINFO    [0m | [1m  [non_10bp] 非10碱基文库: 61个文库, 8350.0GB, 预估4~4条Lane[0m
[32m2026-05-14 17:14:41[0m | [1mINFO    [0m | [1m  [imbalance] 碱基不均衡文库: 6个文库, 900.0GB, 预估1~1条Lane[0m
[32m2026-05-14 17:14:41[0m | [1mINFO    [0m | [1m  [special_combo_b] 10X 3端/Visium组合: 6个文库, 900.0GB, 预估1~1条Lane[0m
[32m2026-05-14 17:14:41[0m | [1mINFO    [0m | [1m--- 专用Lane推荐 ---[0m
[32m2026-05-14 17:14:41[0m | [1mINFO    [0m | [1m  [non_10bp] 非10bp文库集中排入专用Lane，避免触发10bp>=40%混排规则 - 约3条Lane, 8350.0GB, 置信度: high[0m
[32m2026-05-14 17:14:41[0m | [1mINFO    [0m | [1m--- 尾部风险 ---[0m
[32m2026-05-14 17:14:41[0m | [1mINFO    [0m | [1m  [imbalance] 碱基不均衡文库排完整Lane后剩余900.0GB，不足半Lane(998GB)，需要大文库骨架携带或混入散样Lane - 900.0GB, 6个, 严重程度: medium[0m
[32m2026-05-14 17:14:41[0m | [1mINFO    [0m | [1m  [special_combo_b] 10X 3端/Visium组合排完整Lane后剩余900.0GB，不足半Lane(998GB)，需要大文库骨架携带或混入散样Lane - 900.0GB, 6个, 严重程度: medium[0m
[32m2026-05-14 17:14:41[0m | [1mINFO    [0m | [1m--- 策略建议 ---[0m
[32m2026-05-14 17:14:41[0m | [1mINFO    [0m | [1m  - 非10bp文库建议走专用Lane，避免10bp>=40%混排红线[0m
[32m2026-05-14 17:14:41[0m | [1mINFO    [0m | [1m===== 报告结束 =====[0m
[32m2026-05-14 17:14:41[0m | [1mINFO    [0m | [1m===== 策略执行计划 =====[0m
[32m2026-05-14 17:14:41[0m | [1mINFO    [0m | [1m预估专用Lane: 0[0m
[32m2026-05-14 17:14:41[0m | [1mINFO    [0m | [1m预估混排Lane: 12~13[0m
[32m2026-05-14 17:14:41[0m | [1mINFO    [0m | [1m--- 策略决策 ---[0m
[32m2026-05-14 17:14:41[0m | [1mINFO    [0m | [1m  [P100] package_lane_first: 禁用 | 无包Lane/包FC文库，跳过[0m
[32m2026-05-14 17:14:41[0m | [1mINFO    [0m | [1m  [P90] special_combo_split: 禁用 | 仅有3端/Visium文库，无互斥冲突，无需分离[0m
[32m2026-05-14 17:14:41[0m | [1mINFO    [0m | [1m  [P80] dedicated_imbalance_lane: 禁用 | 碱基不均衡文库900GB，不足以形成专用Lane，将混入散样[0m
[32m2026-05-14 17:14:41[0m | [1mINFO    [0m | [1m  [P70] dedicated_non_10bp_lane: 启用 | 非10bp文库8350GB数据量充足，走专用Lane可提升排机效率[0m
[32m2026-05-14 17:14:41[0m | [1mINFO    [0m | [1m  [P60] backbone_reservation: 启用 | 存在2个中等尾部风险，启用骨架预留以降低排不上风险[0m
[32m2026-05-14 17:14:41[0m | [1mINFO    [0m | [1m  [P50] small_library_clustering: 启用 | 小文库聚类始终启用，可提升同尺寸小文库Lane利用率[0m
[32m2026-05-14 17:14:41[0m | [1mINFO    [0m | [1m--- 执行顺序 ---[0m
[32m2026-05-14 17:14:41[0m | [1mINFO    [0m | [1m  1. dedicated_non_10bp_lane[0m
[32m2026-05-14 17:14:41[0m | [1mINFO    [0m | [1m  2. backbone_reservation[0m
[32m2026-05-14 17:14:41[0m | [1mINFO    [0m | [1m  3. small_library_clustering[0m
[32m2026-05-14 17:14:41[0m | [1mINFO    [0m | [1m===== 计划结束 =====[0m
[32m2026-05-14 17:14:41[0m | [1mINFO    [0m | [1m处理机器类型 Nova X-25B - 文库数: 134 - Lane容量: 1050.0GB, 利用率区间: [100%, 100%], 特殊文库上限: 350GB[0m
[32m2026-05-14 17:14:41[0m | [1mINFO    [0m | [1m非10bp专用Lane分析: 61个非10bp文库, 总量8350.0GB, 可组8.0条Lane[0m
[32m2026-05-14 17:14:41[0m | [1mINFO    [0m | [1m非10bp专用Lane NB_Nova X-25B_001 形成成功 - 文库数: 5 (客户0+内部5), 数据量: 2250.0GB, 客户占比: 0.0%, 利用率: 214.3%[0m
[32m2026-05-14 17:14:41[0m | [1mINFO    [0m | [1m非10bp专用Lane NB_Nova X-25B_002 形成成功 - 文库数: 9 (客户0+内部9), 数据量: 2250.0GB, 客户占比: 0.0%, 利用率: 214.3%[0m
[32m2026-05-14 17:14:41[0m | [1mINFO    [0m | [1m非10bp专用Lane NB_Nova X-25B_003 形成成功 - 文库数: 15 (客户0+内部15), 数据量: 2250.0GB, 客户占比: 0.0%, 利用率: 214.3%[0m
[32m2026-05-14 17:14:41[0m | [1mINFO    [0m | [1m非10bp专用Lane策略: 形成3条专用Lane[0m
[32m2026-05-14 17:14:41[0m | [33m[1mWARNING [0m | [33m[1mLane GL_Nova X-25B_001 数据量600.0G低于下限2095.0G，105 个文库无法形成有效Lane[0m
[32m2026-05-14 17:14:41[0m | [1mINFO    [0m | [1m第二轮排机: 105 个未分配文库（随机顺序）[0m
[32m2026-05-14 17:14:41[0m | [33m[1mWARNING [0m | [33m[1mLane GL_Nova X-25B_002 数据量600.0G低于下限2095.0G，105 个文库无法形成有效Lane[0m
[32m2026-05-14 17:14:41[0m | [1mINFO    [0m | [1m第三轮排机: 105 个未分配文库（小文库优先）[0m
[32m2026-05-14 17:14:41[0m | [33m[1mWARNING [0m | [33m[1mLane GL_Nova X-25B_003 数据量600.0G低于下限2095.0G，105 个文库无法形成有效Lane[0m
[32m2026-05-14 17:14:41[0m | [1mINFO    [0m | [1m第4轮排机: 105 个未分配文库[0m
[32m2026-05-14 17:14:41[0m | [33m[1mWARNING [0m | [33m[1mLane GL_Nova X-25B_004 数据量600.0G低于下限2095.0G，105 个文库无法形成有效Lane[0m
[32m2026-05-14 17:14:41[0m | [1mINFO    [0m | [1m第4轮排机后未分配池无变化，连续1轮停滞[0m
[32m2026-05-14 17:14:41[0m | [1mINFO    [0m | [1m第5轮排机: 105 个未分配文库[0m
[32m2026-05-14 17:14:41[0m | [33m[1mWARNING [0m | [33m[1mLane GL_Nova X-25B_005 数据量600.0G低于下限2095.0G，105 个文库无法形成有效Lane[0m
[32m2026-05-14 17:14:41[0m | [1mINFO    [0m | [1m第5轮排机后未分配池无变化，连续2轮停滞[0m
[32m2026-05-14 17:14:41[0m | [1mINFO    [0m | [1m第6轮排机: 105 个未分配文库[0m
[32m2026-05-14 17:14:41[0m | [33m[1mWARNING [0m | [33m[1mLane GL_Nova X-25B_006 数据量550.0G低于下限2095.0G，105 个文库无法形成有效Lane[0m
[32m2026-05-14 17:14:41[0m | [1mINFO    [0m | [1m第6轮排机后未分配池无变化，连续3轮停滞[0m
[32m2026-05-14 17:14:41[0m | [1mINFO    [0m | [1m第7轮排机: 105 个未分配文库[0m
[32m2026-05-14 17:14:41[0m | [33m[1mWARNING [0m | [33m[1mLane GL_Nova X-25B_007 数据量600.0G低于下限2095.0G，105 个文库无法形成有效Lane[0m
[32m2026-05-14 17:14:41[0m | [1mINFO    [0m | [1m第7轮排机后未分配池无变化，连续4轮停滞[0m
[32m2026-05-14 17:14:41[0m | [1mINFO    [0m | [1m第8轮排机: 105 个未分配文库[0m
[32m2026-05-14 17:14:41[0m | [33m[1mWARNING [0m | [33m[1mLane GL_Nova X-25B_008 数据量600.0G低于下限2095.0G，105 个文库无法形成有效Lane[0m
[32m2026-05-14 17:14:41[0m | [1mINFO    [0m | [1m第8轮排机后未分配池无变化，连续5轮停滞[0m
[32m2026-05-14 17:14:41[0m | [1mINFO    [0m | [1m连续5轮无新Lane且未分配池不变，提前结束无效重试[0m
[32m2026-05-14 17:14:41[0m | [1mINFO    [0m | [1m专用Lane分组G54剩余合同量900.0G无法满足1.1或3.6T-NEW有效容量下限[0m
[32m2026-05-14 17:14:41[0m | [1mINFO    [0m | [1m专用Lane创建完成: 0条Lane, 6个碱基不均衡文库待分配, 99个中性文库待分配[0m
[32m2026-05-14 17:14:41[0m | [1mINFO    [0m | [1m处理机器类型 NovaSeq X Plus - 文库数: 73 - Lane容量: 1100GB, 利用率区间: [100%, 100%], 特殊文库上限: 350GB[0m
[32m2026-05-14 17:14:41[0m | [1mINFO    [0m | [1mLane GL_NovaSeq X Plus_001 通过验证 - 文库数: 20, 数据量: 2250.0GB, 规则: tj_1595_mode_1_1[0m
[32m2026-05-14 17:14:41[0m | [1mINFO    [0m | [1mLane GL_NovaSeq X Plus_002 通过验证 - 文库数: 24, 数据量: 2172.0GB, 规则: tj_1595_mode_1_1[0m
[32m2026-05-14 17:14:41[0m | [33m[1mWARNING [0m | [33m[1mLane GL_NovaSeq X Plus_003 数据量1856.0G低于下限2095.0G，29 个文库无法形成有效Lane[0m
[32m2026-05-14 17:14:41[0m | [1mINFO    [0m | [1m剩余池总量1856.0GB不足最小成Lane门槛2095.0GB，跳过后续随机重试[0m
[32m2026-05-14 17:14:41[0m | [1mINFO    [0m | [1m最后填充策略: 尝试将134个未分配文库塞入已有Lane[0m
[32m2026-05-14 17:14:41[0m | [1mINFO    [0m | [1m最后填充策略: 成功塞入1个文库，踢出0个违反规则的文库，剩余132个无法分配[0m
[32m2026-05-14 17:14:41[0m | [1mINFO    [0m | [1m挪移优化: 未分配数据量14156GB已足够，尝试精选组建新Lane[0m
[32m2026-05-14 17:14:41[0m | [1mINFO    [0m | [1m残余精选: 内部132个, 客户0个[0m
[32m2026-05-14 17:14:41[0m | [1mINFO    [0m | [1mIndex校验器初始化完成（真实数据验证版本）[0m
[32m2026-05-14 17:14:41[0m | [1mINFO    [0m | [1m成Lane校验程序初始化完成 (严格模式: True, 碱基不均衡上限: 35%, 特殊文库关键词: 9个)[0m
[32m2026-05-14 17:14:41[0m | [1mINFO    [0m | [1m残余精选: 验证失败 - ValidationError(rule_type=<ValidationRuleType.CUSTOMER_PRODUCTION_MIX_RATIO: 'customer_production_mix_ratio'>, severity=<ValidationSeverity.ERROR: 'error'>, message='手工/客户侧与产线混合Lane少数侧占比2.4%不符合规则(应>=5%)', current_value=0.024390243902439025, threshold_value=0.05, affected_libraries=[])[0m
[32m2026-05-14 17:14:41[0m | [1mINFO    [0m | [1m挪移优化: 精选组建失败，继续尝试挪移策略[0m
[32m2026-05-14 17:14:41[0m | [1mINFO    [0m | [1m挪移优化: 未分配132个文库(14156GB)，需要从现有Lane挪出-12061GB[0m
[32m2026-05-14 17:14:41[0m | [33m[1mWARNING [0m | [33m[1m挪移优化: 新Lane GL_NovaSeq X Plus_004 验证失败: 容量超限: 14156.0GB > 2255.0GB，放弃创建[0m
[32m2026-05-14 17:14:41[0m | [1mINFO    [0m | [1m逐Lane贪心排机完成 - Lane数: 5, 已分配: 75/207, 未分配: 132, 平均利用率: 151.6%, 耗时: 0.49秒[0m
[32m2026-05-14 17:14:41[0m | [1mINFO    [0m | [1mIndex校验器初始化完成（真实数据验证版本）[0m
[32m2026-05-14 17:14:41[0m | [1mINFO    [0m | [1m成Lane校验程序初始化完成 (严格模式: False, 碱基不均衡上限: 35%, 特殊文库关键词: 9个)[0m
[32m2026-05-14 17:14:41[0m | [33m[1mWARNING [0m | [33m[1mLane GL_NovaSeq X Plus_002 验证失败: ['Lane有效数据量2372.0G(原始2372.0G+平衡0.0G)超过上限2255G，规则=tj_1595_mode_1_1，需剔除约117.0G的文库'][0m
[32m2026-05-14 17:14:41[0m | [1mINFO    [0m | [1m有1条Lane验证失败，尝试挪移优化...[0m
[32m2026-05-14 17:14:41[0m | [1mINFO    [0m | [1mkeep_failed_lanes=True，保留1条验证失败的Lane供外层矫正（未分配池不变）[0m
[32m2026-05-14 17:14:41[0m | [1mINFO    [0m | [1m最终验证结果（含待矫正Lane）: 5条Lane，132个文库未分配[0m
[32m2026-05-14 17:14:41[0m | [1mINFO    [0m | [1mwkspecialsplits边排边检查完成: 无需调整[0m
[32m2026-05-14 17:14:41[0m | [33m[1mWARNING [0m | [33m[1mLane GL_NovaSeq X Plus_002 验证失败 - 错误: ['capacity_exceeded'], 警告: [][0m
[32m2026-05-14 17:14:41[0m | [1mINFO    [0m | [1m验证完成：4条Lane通过验证[0m
[32m2026-05-14 17:14:41[0m | [1mINFO    [0m | [1m57规则二次改排救援已关闭，失败Lane文库回收到未分配池[0m
[32m2026-05-14 17:14:41[0m | [1mINFO    [0m | [1m高成本救援(EX/RB)跳过: 未分配池过大=158个/16528.0G，优先保证主排机时效[0m
[32m2026-05-14 17:14:41[0m | [1mINFO    [0m | [1m分层重组救援（大池降配）: 未分配=158个/16528.0G，每机台每阶段限 4 条[0m
[32m2026-05-14 17:14:41[0m | [1mINFO    [0m | [1m补Lane尝试: variant=general:检验科单菌二代测序分析技术服务（委托）合同-2025-XYC|Z|DNA小片段文库|NOVA X-25B|NA|NORMAL, lane_prefix=MG, pool_size=29, pool_data=2900.000G, prioritize_scattered_mix=True[0m
[32m2026-05-14 17:14:41[0m | [1mINFO    [0m | [1m补Lane尝试: variant=non_clinical_relaxed, lane_prefix=MG, pool_size=29, pool_data=2900.000G, prioritize_scattered_mix=False[0m
[32m2026-05-14 17:14:41[0m | [1mINFO    [0m | [1m补Lane尝试跳过: lane_prefix=MG, pool_size=7, pool_data=700.000G不足最小门槛2095.000G[0m
[32m2026-05-14 17:14:41[0m | [1mINFO    [0m | [1m补Lane轻校验跳过: variant=manual_or_risk:（极速周期）北大WY组-16例样本宏基因组测序分析技术服务（委托）合同|S|META文库|NOVA X-25B|NA|MANUAL_RISK, lane_prefix=RM, pool_size=4, reason=总量1600.0G低于最小门槛2095.0G[0m
[32m2026-05-14 17:14:41[0m | [1mINFO    [0m | [1m补Lane轻校验跳过: variant=manual_or_risk:9个样本XPLUS宏基因组建库测序30G技术服务（委托）合同|S|META文库|NOVA X-25B|NA|MANUAL_RISK, lane_prefix=RM, pool_size=3, reason=总量1200.0G低于最小门槛2095.0G[0m
[32m2026-05-14 17:14:41[0m | [1mINFO    [0m | [1m补Lane轻校验跳过: variant=manual_or_risk:HONG KONG-CUHK-PROF. YU JUN-JENNIFER-TIN-6 META-X PLUS-10G-WOBI-AMEA2025090317|S|META文库|NOVA X-25B|NA|MANUAL_RISK, lane_prefix=RM, pool_size=2, reason=总量800.0G低于最小门槛2095.0G[0m
[32m2026-05-14 17:14:41[0m | [1mINFO    [0m | [1m补Lane轻校验跳过: variant=manual_or_risk:NCRNA产品竞争力增强研发项目|S|SMALL RNA文库|NOVA X-25B|NA|MANUAL_RISK, lane_prefix=RM, pool_size=15, reason=总量750.0G低于最小门槛2095.0G[0m
[32m2026-05-14 17:14:41[0m | [1mINFO    [0m | [1m补Lane轻校验跳过: variant=manual_or_risk:山东省农科院畜牧所32样本宏基因组+32样本扩增子分析技术服务（委托）合同-盛清凯|S|META文库|NOVA X-25B|NA|MANUAL_RISK, lane_prefix=RM, pool_size=7, reason=总量700.0G低于最小门槛2095.0G[0m
[32m2026-05-14 17:14:41[0m | [1mINFO    [0m | [1m补Lane轻校验跳过: variant=manual_or_risk:南科大医院73例META测序分析技术服务（委托）合同|S|META文库|NOVA X-25B|NA|MANUAL_RISK, lane_prefix=RM, pool_size=4, reason=总量550.0G低于最小门槛2095.0G[0m
[32m2026-05-14 17:14:41[0m | [1mINFO    [0m | [1m补Lane轻校验跳过: variant=manual_or_risk:医大四院20个组织SMALL RNA分析技术服务（委托）合同|S|SMALL RNA文库|NOVA X-25B|NA|MANUAL_RISK, lane_prefix=RM, pool_size=8, reason=总量400.0G低于最小门槛2095.0G[0m
[32m2026-05-14 17:14:41[0m | [1mINFO    [0m | [1m补Lane轻校验跳过: variant=manual_or_risk:100个META建库测序分析技术服务（委托）合同|S|META文库|NOVA X-25B|NA|MANUAL_RISK, lane_prefix=RM, pool_size=6, reason=总量400.0G低于最小门槛2095.0G[0m
[32m2026-05-14 17:14:41[0m | [1mINFO    [0m | [1m补Lane轻校验跳过: variant=manual_or_risk:YC北京百安济民建库测序技术服务（委托）合同2025|S|VIP-真核普通转录组文库|NOVA X-25B|NA|MANUAL_RISK, lane_prefix=RM, pool_size=2, reason=总量400.0G低于最小门槛2095.0G[0m
[32m2026-05-14 17:14:41[0m | [1mINFO    [0m | [1m补Lane轻校验跳过: variant=manual_or_risk:济南市妇幼100例宏基因组测序分析技术服务（委托）合同-白佳佳|S|META文库|NOVA X-25B|NA|MANUAL_RISK, lane_prefix=RM, pool_size=1, reason=总量400.0G低于最小门槛2095.0G[0m
[32m2026-05-14 17:14:41[0m | [1mINFO    [0m | [1m补Lane轻校验跳过: variant=manual_or_risk:西湖大学鞠峰LAB闫慧贞二三代宏基因组测序分析技术服务（委托）合同|S|META文库|NOVA X-25B|NA|MANUAL_RISK, lane_prefix=RM, pool_size=1, reason=总量400.0G低于最小门槛2095.0G[0m
[32m2026-05-14 17:14:41[0m | [1mINFO    [0m | [1m补Lane轻校验跳过: variant=manual_or_risk:NVUK2025071079-CZ-IOCB-KOTACKA2-ADD 2 SAMPLES-SRNASEQ-WOBI|S|SMALL RNA文库|NOVA X-25B|NA|MANUAL_RISK, lane_prefix=RM, pool_size=4, reason=总量200.0G低于最小门槛2095.0G[0m
[32m2026-05-14 17:14:41[0m | [1mINFO    [0m | [1m补Lane轻校验跳过: variant=manual_or_risk:百易汇能非编码和WGBS测序分析技术服务（委托）合同|S|SMALL RNA文库|NOVA X-25B|NA|MANUAL_RISK, lane_prefix=RM, pool_size=4, reason=总量200.0G低于最小门槛2095.0G[0m
[32m2026-05-14 17:14:41[0m | [1mINFO    [0m | [1m补Lane轻校验跳过: variant=manual_or_risk:YC北京百安济民建库测序技术服务（委托）合同2025|S|DNA小片段文库|NOVA X-25B|NA|MANUAL_RISK, lane_prefix=RM, pool_size=1, reason=总量200.0G低于最小门槛2095.0G[0m
[32m2026-05-14 17:14:41[0m | [1mINFO    [0m | [1m补Lane轻校验跳过: variant=manual_or_risk:内蒙古农业大学宏基因组建库测序分析技术服务（委托）合同|S|META文库|NOVA X-25B|NA|MANUAL_RISK, lane_prefix=RM, pool_size=2, reason=总量150.0G低于最小门槛2095.0G[0m
[32m2026-05-14 17:14:41[0m | [1mINFO    [0m | [1m补Lane轻校验跳过: variant=manual_or_risk:重庆市畜牧科学院30例转录组+30例宏基因组（需要返样）分析技术服务（委托）合同|S|META文库|NOVA X-25B|NA|MANUAL_RISK, lane_prefix=RM, pool_size=1, reason=总量100.0G低于最小门槛2095.0G[0m
[32m2026-05-14 17:14:41[0m | [1mINFO    [0m | [1m补Lane轻校验跳过: variant=manual_or_risk:80例非靶向代谢组学+26例宏基因组技术服务合同分析技术服务（委托）合同|S|META文库|NOVA X-25B|NA|MANUAL_RISK, lane_prefix=RM, pool_size=1, reason=总量50.0G低于最小门槛2095.0G[0m
[32m2026-05-14 17:14:41[0m | [1mINFO    [0m | [1m补Lane轻校验跳过: variant=manual_or_risk:海南省人民医院宏基因组建库测序分析技术服务（委托）合同|S|META文库|NOVA X-25B|NA|MANUAL_RISK, lane_prefix=RM, pool_size=1, reason=总量50.0G低于最小门槛2095.0G[0m
[32m2026-05-14 17:14:41[0m | [1mINFO    [0m | [1m补Lane轻校验跳过: variant=manual_or_risk:瑞兴SMALLRNA测序技术服务（委托）合同|S|SMALL RNA文库|NOVA X-25B|NA|MANUAL_RISK, lane_prefix=RM, pool_size=1, reason=总量50.0G低于最小门槛2095.0G[0m
[32m2026-05-14 17:14:41[0m | [1mINFO    [0m | [1m补Lane轻校验跳过: variant=manual_or_risk:郑州大学15个样本宏基因组+9个样本扩增子分析技术服务（委托）合同|S|META文库|NOVA X-25B|NA|MANUAL_RISK, lane_prefix=RM, pool_size=1, reason=总量50.0G低于最小门槛2095.0G[0m
[32m2026-05-14 17:14:41[0m | [1mINFO    [0m | [1m补Lane轻校验跳过: variant=manual_or_risk:非靶向代谢组学+宏基因组学分析技术服务（委托）合同|S|META文库|NOVA X-25B|NA|MANUAL_RISK, lane_prefix=RM, pool_size=1, reason=总量50.0G低于最小门槛2095.0G[0m
[32m2026-05-14 17:14:41[0m | [1mINFO    [0m | [1m补Lane轻校验跳过: variant=ten_x:250804-同济V3转V4重签分析技术服务（委托）合同|S|10X转录组-3'文库|NOVA X-25B|NA|TENX+MANUAL_RISK+IMBALANCE, lane_prefix=RM, pool_size=1, reason=总量150.0G低于最小门槛1995.0G[0m
[32m2026-05-14 17:14:41[0m | [1mINFO    [0m | [1m补Lane轻校验跳过: variant=ten_x:山东大学4例10X3'单细胞建库测序矩阵分析技术服务（委托）合同-邵琪琪|S|10X转录组-3'文库|NOVA X-25B|NA|TENX+MANUAL_RISK+IMBALANCE, lane_prefix=RM, pool_size=1, reason=总量150.0G低于最小门槛1995.0G[0m
[32m2026-05-14 17:14:41[0m | [1mINFO    [0m | [1m补Lane轻校验跳过: variant=ten_x:整形医院15例3'单细胞转录组分析技术服务（委托）合同|S|10X转录组-3'文库|NOVA X-25B|NA|TENX+MANUAL_RISK+IMBALANCE, lane_prefix=RM, pool_size=1, reason=总量150.0G低于最小门槛1995.0G[0m
[32m2026-05-14 17:14:41[0m | [1mINFO    [0m | [1m补Lane轻校验跳过: variant=ten_x:深圳市人民医院10XATAC 多组学建库测序技术服务（委托）合同|S|10X转录组-3'文库|NOVA X-25B|NA|TENX+MANUAL_RISK+IMBALANCE, lane_prefix=RM, pool_size=1, reason=总量150.0G低于最小门槛1995.0G[0m
[32m2026-05-14 17:14:41[0m | [1mINFO    [0m | [1m补Lane轻校验跳过: variant=ten_x:茵菲多组学80个10X3'单细胞转录组测序技术服务（委托）合同|S|10X转录组-3'文库|NOVA X-25B|NA|TENX+MANUAL_RISK+IMBALANCE, lane_prefix=RM, pool_size=1, reason=总量150.0G低于最小门槛1995.0G[0m
[32m2026-05-14 17:14:41[0m | [1mINFO    [0m | [1m补Lane轻校验跳过: variant=ten_x:贵州医科大学附属医院2例组织照光解离10X单细胞转录分析技术服务（委托）合同|S|10X转录组-3'文库|NOVA X-25B|NA|TENX+MANUAL_RISK+IMBALANCE, lane_prefix=RM, pool_size=1, reason=总量150.0G低于最小门槛1995.0G[0m
[32m2026-05-14 17:14:41[0m | [1mINFO    [0m | [1m补Lane轻校验跳过: variant=general:检验科单菌二代测序分析技术服务（委托）合同-2025-XYC|Z|DNA小片段文库|NOVA X-25B|NA|NORMAL, lane_prefix=RM, pool_size=7, reason=总量700.0G低于最小门槛2095.0G[0m
[32m2026-05-14 17:14:41[0m | [1mINFO    [0m | [1m补Lane尝试: variant=full_priority, lane_prefix=RM, pool_size=83, pool_data=10300.000G, prioritize_scattered_mix=True[0m
[32m2026-05-14 17:14:41[0m | [1mINFO    [0m | [1m补Lane尝试: variant=non_clinical_relaxed, lane_prefix=RM, pool_size=83, pool_data=10300.000G, prioritize_scattered_mix=False[0m
[32m2026-05-14 17:14:41[0m | [1mINFO    [0m | [1m补Lane轻校验跳过: variant=manual_or_risk:9个样本XPLUS宏基因组建库测序30G技术服务（委托）合同|S|META文库|NOVA X-25B|NA|MANUAL_RISK, lane_prefix=RM, pool_size=3, reason=总量1200.0G低于最小门槛2095.0G[0m
[32m2026-05-14 17:14:41[0m | [1mINFO    [0m | [1m补Lane轻校验跳过: variant=manual_or_risk:HONG KONG-CUHK-PROF. YU JUN-JENNIFER-TIN-6 META-X PLUS-10G-WOBI-AMEA2025090317|S|META文库|NOVA X-25B|NA|MANUAL_RISK, lane_prefix=RM, pool_size=2, reason=总量800.0G低于最小门槛2095.0G[0m
[32m2026-05-14 17:14:41[0m | [1mINFO    [0m | [1m补Lane轻校验跳过: variant=manual_or_risk:（极速周期）北大WY组-16例样本宏基因组测序分析技术服务（委托）合同|S|META文库|NOVA X-25B|NA|MANUAL_RISK, lane_prefix=RM, pool_size=2, reason=总量800.0G低于最小门槛2095.0G[0m
[32m2026-05-14 17:14:41[0m | [1mINFO    [0m | [1m补Lane轻校验跳过: variant=manual_or_risk:NCRNA产品竞争力增强研发项目|S|SMALL RNA文库|NOVA X-25B|NA|MANUAL_RISK, lane_prefix=RM, pool_size=15, reason=总量750.0G低于最小门槛2095.0G[0m
[32m2026-05-14 17:14:41[0m | [1mINFO    [0m | [1m补Lane轻校验跳过: variant=manual_or_risk:南科大医院73例META测序分析技术服务（委托）合同|S|META文库|NOVA X-25B|NA|MANUAL_RISK, lane_prefix=RM, pool_size=4, reason=总量550.0G低于最小门槛2095.0G[0m
[32m2026-05-14 17:14:41[0m | [1mINFO    [0m | [1m补Lane轻校验跳过: variant=manual_or_risk:山东省农科院畜牧所32样本宏基因组+32样本扩增子分析技术服务（委托）合同-盛清凯|S|META文库|NOVA X-25B|NA|MANUAL_RISK, lane_prefix=RM, pool_size=4, reason=总量400.0G低于最小门槛2095.0G[0m
[32m2026-05-14 17:14:41[0m | [1mINFO    [0m | [1m补Lane轻校验跳过: variant=manual_or_risk:济南市妇幼100例宏基因组测序分析技术服务（委托）合同-白佳佳|S|META文库|NOVA X-25B|NA|MANUAL_RISK, lane_prefix=RM, pool_size=1, reason=总量400.0G低于最小门槛2095.0G[0m
[32m2026-05-14 17:14:41[0m | [1mINFO    [0m | [1m补Lane轻校验跳过: variant=manual_or_risk:西湖大学鞠峰LAB闫慧贞二三代宏基因组测序分析技术服务（委托）合同|S|META文库|NOVA X-25B|NA|MANUAL_RISK, lane_prefix=RM, pool_size=1, reason=总量400.0G低于最小门槛2095.0G[0m
[32m2026-05-14 17:14:41[0m | [1mINFO    [0m | [1m补Lane轻校验跳过: variant=manual_or_risk:100个META建库测序分析技术服务（委托）合同|S|META文库|NOVA X-25B|NA|MANUAL_RISK, lane_prefix=RM, pool_size=5, reason=总量350.0G低于最小门槛2095.0G[0m
[32m2026-05-14 17:14:41[0m | [1mINFO    [0m | [1m补Lane轻校验跳过: variant=manual_or_risk:医大四院20个组织SMALL RNA分析技术服务（委托）合同|S|SMALL RNA文库|NOVA X-25B|NA|MANUAL_RISK, lane_prefix=RM, pool_size=6, reason=总量300.0G低于最小门槛2095.0G[0m
[32m2026-05-14 17:14:41[0m | [1mINFO    [0m | [1m补Lane轻校验跳过: variant=manual_or_risk:YC北京百安济民建库测序技术服务（委托）合同2025|S|DNA小片段文库|NOVA X-25B|NA|MANUAL_RISK, lane_prefix=RM, pool_size=1, reason=总量200.0G低于最小门槛2095.0G[0m
[32m2026-05-14 17:14:41[0m | [1mINFO    [0m | [1m补Lane轻校验跳过: variant=manual_or_risk:YC北京百安济民建库测序技术服务（委托）合同2025|S|VIP-真核普通转录组文库|NOVA X-25B|NA|MANUAL_RISK, lane_prefix=RM, pool_size=1, reason=总量200.0G低于最小门槛2095.0G[0m
[32m2026-05-14 17:14:41[0m | [1mINFO    [0m | [1m补Lane轻校验跳过: variant=manual_or_risk:百易汇能非编码和WGBS测序分析技术服务（委托）合同|S|SMALL RNA文库|NOVA X-25B|NA|MANUAL_RISK, lane_prefix=RM, pool_size=3, reason=总量150.0G低于最小门槛2095.0G[0m
[32m2026-05-14 17:14:41[0m | [1mINFO    [0m | [1m补Lane轻校验跳过: variant=manual_or_risk:重庆市畜牧科学院30例转录组+30例宏基因组（需要返样）分析技术服务（委托）合同|S|META文库|NOVA X-25B|NA|MANUAL_RISK, lane_prefix=RM, pool_size=1, reason=总量100.0G低于最小门槛2095.0G[0m
[32m2026-05-14 17:14:41[0m | [1mINFO    [0m | [1m补Lane轻校验跳过: variant=manual_or_risk:80例非靶向代谢组学+26例宏基因组技术服务合同分析技术服务（委托）合同|S|META文库|NOVA X-25B|NA|MANUAL_RISK, lane_prefix=RM, pool_size=1, reason=总量50.0G低于最小门槛2095.0G[0m
[32m2026-05-14 17:14:41[0m | [1mINFO    [0m | [1m补Lane轻校验跳过: variant=manual_or_risk:NVUK2025071079-CZ-IOCB-KOTACKA2-ADD 2 SAMPLES-SRNASEQ-WOBI|S|SMALL RNA文库|NOVA X-25B|NA|MANUAL_RISK, lane_prefix=RM, pool_size=1, reason=总量50.0G低于最小门槛2095.0G[0m
[32m2026-05-14 17:14:41[0m | [1mINFO    [0m | [1m补Lane轻校验跳过: variant=manual_or_risk:内蒙古农业大学宏基因组建库测序分析技术服务（委托）合同|S|META文库|NOVA X-25B|NA|MANUAL_RISK, lane_prefix=RM, pool_size=1, reason=总量50.0G低于最小门槛2095.0G[0m
[32m2026-05-14 17:14:41[0m | [1mINFO    [0m | [1m补Lane轻校验跳过: variant=manual_or_risk:海南省人民医院宏基因组建库测序分析技术服务（委托）合同|S|META文库|NOVA X-25B|NA|MANUAL_RISK, lane_prefix=RM, pool_size=1, reason=总量50.0G低于最小门槛2095.0G[0m
[32m2026-05-14 17:14:41[0m | [1mINFO    [0m | [1m补Lane轻校验跳过: variant=manual_or_risk:非靶向代谢组学+宏基因组学分析技术服务（委托）合同|S|META文库|NOVA X-25B|NA|MANUAL_RISK, lane_prefix=RM, pool_size=1, reason=总量50.0G低于最小门槛2095.0G[0m
[32m2026-05-14 17:14:41[0m | [1mINFO    [0m | [1m补Lane轻校验跳过: variant=ten_x:250804-同济V3转V4重签分析技术服务（委托）合同|S|10X转录组-3'文库|NOVA X-25B|NA|TENX+MANUAL_RISK+IMBALANCE, lane_prefix=RM, pool_size=1, reason=总量150.0G低于最小门槛1995.0G[0m
[32m2026-05-14 17:14:41[0m | [1mINFO    [0m | [1m补Lane轻校验跳过: variant=ten_x:山东大学4例10X3'单细胞建库测序矩阵分析技术服务（委托）合同-邵琪琪|S|10X转录组-3'文库|NOVA X-25B|NA|TENX+MANUAL_RISK+IMBALANCE, lane_prefix=RM, pool_size=1, reason=总量150.0G低于最小门槛1995.0G[0m
[32m2026-05-14 17:14:41[0m | [1mINFO    [0m | [1m补Lane轻校验跳过: variant=ten_x:整形医院15例3'单细胞转录组分析技术服务（委托）合同|S|10X转录组-3'文库|NOVA X-25B|NA|TENX+MANUAL_RISK+IMBALANCE, lane_prefix=RM, pool_size=1, reason=总量150.0G低于最小门槛1995.0G[0m
[32m2026-05-14 17:14:41[0m | [1mINFO    [0m | [1m补Lane轻校验跳过: variant=ten_x:深圳市人民医院10XATAC 多组学建库测序技术服务（委托）合同|S|10X转录组-3'文库|NOVA X-25B|NA|TENX+MANUAL_RISK+IMBALANCE, lane_prefix=RM, pool_size=1, reason=总量150.0G低于最小门槛1995.0G[0m
[32m2026-05-14 17:14:41[0m | [1mINFO    [0m | [1m补Lane轻校验跳过: variant=ten_x:茵菲多组学80个10X3'单细胞转录组测序技术服务（委托）合同|S|10X转录组-3'文库|NOVA X-25B|NA|TENX+MANUAL_RISK+IMBALANCE, lane_prefix=RM, pool_size=1, reason=总量150.0G低于最小门槛1995.0G[0m
[32m2026-05-14 17:14:41[0m | [1mINFO    [0m | [1m补Lane轻校验跳过: variant=ten_x:贵州医科大学附属医院2例组织照光解离10X单细胞转录分析技术服务（委托）合同|S|10X转录组-3'文库|NOVA X-25B|NA|TENX+MANUAL_RISK+IMBALANCE, lane_prefix=RM, pool_size=1, reason=总量150.0G低于最小门槛1995.0G[0m
[32m2026-05-14 17:14:41[0m | [1mINFO    [0m | [1m补Lane轻校验跳过: variant=general:检验科单菌二代测序分析技术服务（委托）合同-2025-XYC|Z|DNA小片段文库|NOVA X-25B|NA|NORMAL, lane_prefix=RM, pool_size=3, reason=总量300.0G低于最小门槛2095.0G[0m
[32m2026-05-14 17:14:41[0m | [1mINFO    [0m | [1m补Lane尝试: variant=full_priority, lane_prefix=RM, pool_size=63, pool_data=8050.000G, prioritize_scattered_mix=True[0m
[32m2026-05-14 17:14:41[0m | [1mINFO    [0m | [1m补Lane尝试: variant=non_clinical_relaxed, lane_prefix=RM, pool_size=63, pool_data=8050.000G, prioritize_scattered_mix=False[0m
[32m2026-05-14 17:14:41[0m | [1mINFO    [0m | [1m补Lane轻校验跳过: variant=manual_or_risk:HONG KONG-CUHK-PROF. YU JUN-JENNIFER-TIN-6 META-X PLUS-10G-WOBI-AMEA2025090317|S|META文库|NOVA X-25B|NA|MANUAL_RISK, lane_prefix=RM, pool_size=2, reason=总量800.0G低于最小门槛2095.0G[0m
[32m2026-05-14 17:14:41[0m | [1mINFO    [0m | [1m补Lane轻校验跳过: variant=manual_or_risk:NCRNA产品竞争力增强研发项目|S|SMALL RNA文库|NOVA X-25B|NA|MANUAL_RISK, lane_prefix=RM, pool_size=13, reason=总量650.0G低于最小门槛2095.0G[0m
[32m2026-05-14 17:14:41[0m | [1mINFO    [0m | [1m补Lane轻校验跳过: variant=manual_or_risk:南科大医院73例META测序分析技术服务（委托）合同|S|META文库|NOVA X-25B|NA|MANUAL_RISK, lane_prefix=RM, pool_size=3, reason=总量500.0G低于最小门槛2095.0G[0m
[32m2026-05-14 17:14:41[0m | [1mINFO    [0m | [1m补Lane轻校验跳过: variant=manual_or_risk:山东省农科院畜牧所32样本宏基因组+32样本扩增子分析技术服务（委托）合同-盛清凯|S|META文库|NOVA X-25B|NA|MANUAL_RISK, lane_prefix=RM, pool_size=4, reason=总量400.0G低于最小门槛2095.0G[0m
[32m2026-05-14 17:14:41[0m | [1mINFO    [0m | [1m补Lane轻校验跳过: variant=manual_or_risk:9个样本XPLUS宏基因组建库测序30G技术服务（委托）合同|S|META文库|NOVA X-25B|NA|MANUAL_RISK, lane_prefix=RM, pool_size=1, reason=总量400.0G低于最小门槛2095.0G[0m
[32m2026-05-14 17:14:41[0m | [1mINFO    [0m | [1m补Lane轻校验跳过: variant=manual_or_risk:济南市妇幼100例宏基因组测序分析技术服务（委托）合同-白佳佳|S|META文库|NOVA X-25B|NA|MANUAL_RISK, lane_prefix=RM, pool_size=1, reason=总量400.0G低于最小门槛2095.0G[0m
[32m2026-05-14 17:14:41[0m | [1mINFO    [0m | [1m补Lane轻校验跳过: variant=manual_or_risk:西湖大学鞠峰LAB闫慧贞二三代宏基因组测序分析技术服务（委托）合同|S|META文库|NOVA X-25B|NA|MANUAL_RISK, lane_prefix=RM, pool_size=1, reason=总量400.0G低于最小门槛2095.0G[0m
[32m2026-05-14 17:14:41[0m | [1mINFO    [0m | [1m补Lane轻校验跳过: variant=manual_or_risk:医大四院20个组织SMALL RNA分析技术服务（委托）合同|S|SMALL RNA文库|NOVA X-25B|NA|MANUAL_RISK, lane_prefix=RM, pool_size=6, reason=总量300.0G低于最小门槛2095.0G[0m
[32m2026-05-14 17:14:41[0m | [1mINFO    [0m | [1m补Lane轻校验跳过: variant=manual_or_risk:100个META建库测序分析技术服务（委托）合同|S|META文库|NOVA X-25B|NA|MANUAL_RISK, lane_prefix=RM, pool_size=4, reason=总量300.0G低于最小门槛2095.0G[0m
[32m2026-05-14 17:14:41[0m | [1mINFO    [0m | [1m补Lane轻校验跳过: variant=manual_or_risk:YC北京百安济民建库测序技术服务（委托）合同2025|S|DNA小片段文库|NOVA X-25B|NA|MANUAL_RISK, lane_prefix=RM, pool_size=1, reason=总量200.0G低于最小门槛2095.0G[0m
[32m2026-05-14 17:14:41[0m | [1mINFO    [0m | [1m补Lane轻校验跳过: variant=manual_or_risk:百易汇能非编码和WGBS测序分析技术服务（委托）合同|S|SMALL RNA文库|NOVA X-25B|NA|MANUAL_RISK, lane_prefix=RM, pool_size=3, reason=总量150.0G低于最小门槛2095.0G[0m
[32m2026-05-14 17:14:41[0m | [1mINFO    [0m | [1m补Lane轻校验跳过: variant=manual_or_risk:重庆市畜牧科学院30例转录组+30例宏基因组（需要返样）分析技术服务（委托）合同|S|META文库|NOVA X-25B|NA|MANUAL_RISK, lane_prefix=RM, pool_size=1, reason=总量100.0G低于最小门槛2095.0G[0m
[32m2026-05-14 17:14:41[0m | [1mINFO    [0m | [1m补Lane轻校验跳过: variant=manual_or_risk:80例非靶向代谢组学+26例宏基因组技术服务合同分析技术服务（委托）合同|S|META文库|NOVA X-25B|NA|MANUAL_RISK, lane_prefix=RM, pool_size=1, reason=总量50.0G低于最小门槛2095.0G[0m
[32m2026-05-14 17:14:41[0m | [1mINFO    [0m | [1m补Lane轻校验跳过: variant=manual_or_risk:NVUK2025071079-CZ-IOCB-KOTACKA2-ADD 2 SAMPLES-SRNASEQ-WOBI|S|SMALL RNA文库|NOVA X-25B|NA|MANUAL_RISK, lane_prefix=RM, pool_size=1, reason=总量50.0G低于最小门槛2095.0G[0m
[32m2026-05-14 17:14:41[0m | [1mINFO    [0m | [1m补Lane轻校验跳过: variant=manual_or_risk:内蒙古农业大学宏基因组建库测序分析技术服务（委托）合同|S|META文库|NOVA X-25B|NA|MANUAL_RISK, lane_prefix=RM, pool_size=1, reason=总量50.0G低于最小门槛2095.0G[0m
[32m2026-05-14 17:14:41[0m | [1mINFO    [0m | [1m补Lane轻校验跳过: variant=manual_or_risk:海南省人民医院宏基因组建库测序分析技术服务（委托）合同|S|META文库|NOVA X-25B|NA|MANUAL_RISK, lane_prefix=RM, pool_size=1, reason=总量50.0G低于最小门槛2095.0G[0m
[32m2026-05-14 17:14:41[0m | [1mINFO    [0m | [1m补Lane轻校验跳过: variant=manual_or_risk:非靶向代谢组学+宏基因组学分析技术服务（委托）合同|S|META文库|NOVA X-25B|NA|MANUAL_RISK, lane_prefix=RM, pool_size=1, reason=总量50.0G低于最小门槛2095.0G[0m
[32m2026-05-14 17:14:41[0m | [1mINFO    [0m | [1m补Lane轻校验跳过: variant=ten_x:250804-同济V3转V4重签分析技术服务（委托）合同|S|10X转录组-3'文库|NOVA X-25B|NA|TENX+MANUAL_RISK+IMBALANCE, lane_prefix=RM, pool_size=1, reason=总量150.0G低于最小门槛1995.0G[0m
[32m2026-05-14 17:14:41[0m | [1mINFO    [0m | [1m补Lane轻校验跳过: variant=ten_x:山东大学4例10X3'单细胞建库测序矩阵分析技术服务（委托）合同-邵琪琪|S|10X转录组-3'文库|NOVA X-25B|NA|TENX+MANUAL_RISK+IMBALANCE, lane_prefix=RM, pool_size=1, reason=总量150.0G低于最小门槛1995.0G[0m
[32m2026-05-14 17:14:41[0m | [1mINFO    [0m | [1m补Lane轻校验跳过: variant=ten_x:整形医院15例3'单细胞转录组分析技术服务（委托）合同|S|10X转录组-3'文库|NOVA X-25B|NA|TENX+MANUAL_RISK+IMBALANCE, lane_prefix=RM, pool_size=1, reason=总量150.0G低于最小门槛1995.0G[0m
[32m2026-05-14 17:14:41[0m | [1mINFO    [0m | [1m补Lane轻校验跳过: variant=ten_x:深圳市人民医院10XATAC 多组学建库测序技术服务（委托）合同|S|10X转录组-3'文库|NOVA X-25B|NA|TENX+MANUAL_RISK+IMBALANCE, lane_prefix=RM, pool_size=1, reason=总量150.0G低于最小门槛1995.0G[0m
[32m2026-05-14 17:14:41[0m | [1mINFO    [0m | [1m补Lane轻校验跳过: variant=ten_x:茵菲多组学80个10X3'单细胞转录组测序技术服务（委托）合同|S|10X转录组-3'文库|NOVA X-25B|NA|TENX+MANUAL_RISK+IMBALANCE, lane_prefix=RM, pool_size=1, reason=总量150.0G低于最小门槛1995.0G[0m
[32m2026-05-14 17:14:41[0m | [1mINFO    [0m | [1m补Lane轻校验跳过: variant=ten_x:贵州医科大学附属医院2例组织照光解离10X单细胞转录分析技术服务（委托）合同|S|10X转录组-3'文库|NOVA X-25B|NA|TENX+MANUAL_RISK+IMBALANCE, lane_prefix=RM, pool_size=1, reason=总量150.0G低于最小门槛1995.0G[0m
[32m2026-05-14 17:14:41[0m | [1mINFO    [0m | [1m补Lane轻校验跳过: variant=general:检验科单菌二代测序分析技术服务（委托）合同-2025-XYC|Z|DNA小片段文库|NOVA X-25B|NA|NORMAL, lane_prefix=RM, pool_size=1, reason=总量100.0G低于最小门槛2095.0G[0m
[32m2026-05-14 17:14:41[0m | [1mINFO    [0m | [1m补Lane尝试: variant=full_priority, lane_prefix=RM, pool_size=52, pool_data=5850.000G, prioritize_scattered_mix=True[0m
[32m2026-05-14 17:14:41[0m | [1mINFO    [0m | [1m补Lane尝试: variant=non_clinical_relaxed, lane_prefix=RM, pool_size=52, pool_data=5850.000G, prioritize_scattered_mix=False[0m
[32m2026-05-14 17:14:41[0m | [1mINFO    [0m | [1m补Lane轻校验跳过: variant=manual_or_risk:HONG KONG-CUHK-PROF. YU JUN-JENNIFER-TIN-6 META-X PLUS-10G-WOBI-AMEA2025090317|S|META文库|NOVA X-25B|NA|MANUAL_RISK, lane_prefix=RM, pool_size=2, reason=总量800.0G低于最小门槛2095.0G[0m
[32m2026-05-14 17:14:41[0m | [1mINFO    [0m | [1m补Lane轻校验跳过: variant=manual_or_risk:济南市妇幼100例宏基因组测序分析技术服务（委托）合同-白佳佳|S|META文库|NOVA X-25B|NA|MANUAL_RISK, lane_prefix=RM, pool_size=1, reason=总量400.0G低于最小门槛2095.0G[0m
[32m2026-05-14 17:14:41[0m | [1mINFO    [0m | [1m补Lane轻校验跳过: variant=manual_or_risk:NCRNA产品竞争力增强研发项目|S|SMALL RNA文库|NOVA X-25B|NA|MANUAL_RISK, lane_prefix=RM, pool_size=6, reason=总量300.0G低于最小门槛2095.0G[0m
[32m2026-05-14 17:14:41[0m | [1mINFO    [0m | [1m补Lane轻校验跳过: variant=manual_or_risk:100个META建库测序分析技术服务（委托）合同|S|META文库|NOVA X-25B|NA|MANUAL_RISK, lane_prefix=RM, pool_size=2, reason=总量200.0G低于最小门槛2095.0G[0m
[32m2026-05-14 17:14:41[0m | [1mINFO    [0m | [1m补Lane轻校验跳过: variant=manual_or_risk:山东省农科院畜牧所32样本宏基因组+32样本扩增子分析技术服务（委托）合同-盛清凯|S|META文库|NOVA X-25B|NA|MANUAL_RISK, lane_prefix=RM, pool_size=2, reason=总量200.0G低于最小门槛2095.0G[0m
[32m2026-05-14 17:14:41[0m | [1mINFO    [0m | [1m补Lane轻校验跳过: variant=manual_or_risk:YC北京百安济民建库测序技术服务（委托）合同2025|S|DNA小片段文库|NOVA X-25B|NA|MANUAL_RISK, lane_prefix=RM, pool_size=1, reason=总量200.0G低于最小门槛2095.0G[0m
[32m2026-05-14 17:14:41[0m | [1mINFO    [0m | [1m补Lane轻校验跳过: variant=manual_or_risk:医大四院20个组织SMALL RNA分析技术服务（委托）合同|S|SMALL RNA文库|NOVA X-25B|NA|MANUAL_RISK, lane_prefix=RM, pool_size=3, reason=总量150.0G低于最小门槛2095.0G[0m
[32m2026-05-14 17:14:41[0m | [1mINFO    [0m | [1m补Lane轻校验跳过: variant=manual_or_risk:南科大医院73例META测序分析技术服务（委托）合同|S|META文库|NOVA X-25B|NA|MANUAL_RISK, lane_prefix=RM, pool_size=2, reason=总量100.0G低于最小门槛2095.0G[0m
[32m2026-05-14 17:14:41[0m | [1mINFO    [0m | [1m补Lane轻校验跳过: variant=manual_or_risk:重庆市畜牧科学院30例转录组+30例宏基因组（需要返样）分析技术服务（委托）合同|S|META文库|NOVA X-25B|NA|MANUAL_RISK, lane_prefix=RM, pool_size=1, reason=总量100.0G低于最小门槛2095.0G[0m
[32m2026-05-14 17:14:41[0m | [1mINFO    [0m | [1m补Lane轻校验跳过: variant=manual_or_risk:80例非靶向代谢组学+26例宏基因组技术服务合同分析技术服务（委托）合同|S|META文库|NOVA X-25B|NA|MANUAL_RISK, lane_prefix=RM, pool_size=1, reason=总量50.0G低于最小门槛2095.0G[0m
[32m2026-05-14 17:14:41[0m | [1mINFO    [0m | [1m补Lane轻校验跳过: variant=manual_or_risk:NVUK2025071079-CZ-IOCB-KOTACKA2-ADD 2 SAMPLES-SRNASEQ-WOBI|S|SMALL RNA文库|NOVA X-25B|NA|MANUAL_RISK, lane_prefix=RM, pool_size=1, reason=总量50.0G低于最小门槛2095.0G[0m
[32m2026-05-14 17:14:41[0m | [1mINFO    [0m | [1m补Lane轻校验跳过: variant=manual_or_risk:百易汇能非编码和WGBS测序分析技术服务（委托）合同|S|SMALL RNA文库|NOVA X-25B|NA|MANUAL_RISK, lane_prefix=RM, pool_size=1, reason=总量50.0G低于最小门槛2095.0G[0m
[32m2026-05-14 17:14:41[0m | [1mINFO    [0m | [1m补Lane轻校验跳过: variant=ten_x:250804-同济V3转V4重签分析技术服务（委托）合同|S|10X转录组-3'文库|NOVA X-25B|NA|TENX+MANUAL_RISK+IMBALANCE, lane_prefix=RM, pool_size=1, reason=总量150.0G低于最小门槛1995.0G[0m
[32m2026-05-14 17:14:41[0m | [1mINFO    [0m | [1m补Lane轻校验跳过: variant=ten_x:山东大学4例10X3'单细胞建库测序矩阵分析技术服务（委托）合同-邵琪琪|S|10X转录组-3'文库|NOVA X-25B|NA|TENX+MANUAL_RISK+IMBALANCE, lane_prefix=RM, pool_size=1, reason=总量150.0G低于最小门槛1995.0G[0m
[32m2026-05-14 17:14:41[0m | [1mINFO    [0m | [1m补Lane轻校验跳过: variant=ten_x:整形医院15例3'单细胞转录组分析技术服务（委托）合同|S|10X转录组-3'文库|NOVA X-25B|NA|TENX+MANUAL_RISK+IMBALANCE, lane_prefix=RM, pool_size=1, reason=总量150.0G低于最小门槛1995.0G[0m
[32m2026-05-14 17:14:41[0m | [1mINFO    [0m | [1m补Lane轻校验跳过: variant=ten_x:深圳市人民医院10XATAC 多组学建库测序技术服务（委托）合同|S|10X转录组-3'文库|NOVA X-25B|NA|TENX+MANUAL_RISK+IMBALANCE, lane_prefix=RM, pool_size=1, reason=总量150.0G低于最小门槛1995.0G[0m
[32m2026-05-14 17:14:41[0m | [1mINFO    [0m | [1m补Lane轻校验跳过: variant=ten_x:茵菲多组学80个10X3'单细胞转录组测序技术服务（委托）合同|S|10X转录组-3'文库|NOVA X-25B|NA|TENX+MANUAL_RISK+IMBALANCE, lane_prefix=RM, pool_size=1, reason=总量150.0G低于最小门槛1995.0G[0m
[32m2026-05-14 17:14:41[0m | [1mINFO    [0m | [1m补Lane轻校验跳过: variant=ten_x:贵州医科大学附属医院2例组织照光解离10X单细胞转录分析技术服务（委托）合同|S|10X转录组-3'文库|NOVA X-25B|NA|TENX+MANUAL_RISK+IMBALANCE, lane_prefix=RM, pool_size=1, reason=总量150.0G低于最小门槛1995.0G[0m
[32m2026-05-14 17:14:41[0m | [1mINFO    [0m | [1m补Lane轻校验跳过: variant=general:检验科单菌二代测序分析技术服务（委托）合同-2025-XYC|Z|DNA小片段文库|NOVA X-25B|NA|NORMAL, lane_prefix=RM, pool_size=1, reason=总量100.0G低于最小门槛2095.0G[0m
[32m2026-05-14 17:14:41[0m | [1mINFO    [0m | [1m补Lane尝试: variant=full_priority, lane_prefix=RM, pool_size=30, pool_data=3600.000G, prioritize_scattered_mix=True[0m
[32m2026-05-14 17:14:41[0m | [1mINFO    [0m | [1m补Lane尝试: variant=non_clinical_relaxed, lane_prefix=RM, pool_size=30, pool_data=3600.000G, prioritize_scattered_mix=False[0m
[32m2026-05-14 17:14:41[0m | [1mINFO    [0m | [1m未分配大簇专项regroup跳过: machine=NovaSeq X Plus, count=21, data=1722.0G, reason=总量1722.0G低于最小门槛2095.0G[0m
[32m2026-05-14 17:14:41[0m | [1mINFO    [0m | [1m补Lane轻校验跳过: variant=general:239个刺参组织转录组测序分析技术服务（委托）合同|Z|VIP-真核普通转录组文库|NOVASEQ X PLUS|NA|NORMAL, lane_prefix=RM, pool_size=21, reason=总量1722.0G低于最小门槛2095.0G[0m
[32m2026-05-14 17:14:41[0m | [1mINFO    [0m | [1m补Lane轻校验跳过: variant=general:怀化市农业科学院40例转录组+20扩增子测序项目分析技术服务（委托）合同-CL|Z|VIP-真核普通转录组文库|NOVASEQ X PLUS|NA|NORMAL, lane_prefix=RM, pool_size=12, reason=总量786.0G低于最小门槛2095.0G[0m
[32m2026-05-14 17:14:41[0m | [1mINFO    [0m | [1m补Lane轻校验跳过: variant=general:晨光生物科技集团邯郸有限公司16例DEEP DIA蛋白HQ非靶代谢转录分析技术服务（委托）合同|Z|VIP-真核普通转录组文库|NOVASEQ X PLUS|NA|NORMAL, lane_prefix=RM, pool_size=7, reason=总量672.0G低于最小门槛2095.0G[0m
[32m2026-05-14 17:14:41[0m | [1mINFO    [0m | [1m补Lane轻校验跳过: variant=general:（极速周期）2025年艾斯基因建库测序年度框架分析技术服务（委托）合同|Z|VIP-真核普通转录组文库|NOVASEQ X PLUS|NA|NORMAL, lane_prefix=RM, pool_size=6, reason=总量333.0G低于最小门槛2095.0G[0m
[32m2026-05-14 17:14:41[0m | [1mINFO    [0m | [1m补Lane轻校验跳过: variant=general:郭老师7月份转录组合同-100个分析技术服务（委托）合同|Z|VIP-真核普通转录组文库|NOVASEQ X PLUS|NA|NORMAL, lane_prefix=RM, pool_size=3, reason=总量303.0G低于最小门槛2095.0G[0m
[32m2026-05-14 17:14:41[0m | [1mINFO    [0m | [1m补Lane轻校验跳过: variant=general:微生物所12个样本转录组建库测序-技术服务（委托）合同|Z|VIP-真核普通转录组文库|NOVASEQ X PLUS|NA|NORMAL, lane_prefix=RM, pool_size=2, reason=总量103.0G低于最小门槛2095.0G[0m
[32m2026-05-14 17:14:41[0m | [1mINFO    [0m | [1m补Lane轻校验跳过: variant=general:浙一李帅峰6个MRNA 测序分析技术服务（委托）合同|Z|VIP-真核普通转录组文库|NOVASEQ X PLUS|NA|NORMAL, lane_prefix=RM, pool_size=1, reason=总量59.0G低于最小门槛2095.0G[0m
[32m2026-05-14 17:14:41[0m | [1mINFO    [0m | [1m补Lane轻校验跳过: variant=general:首医陈老师组自建库+MRNA分析技术服务（委托）合同|Z|VIP-真核普通转录组文库|NOVASEQ X PLUS|NA|NORMAL, lane_prefix=RM, pool_size=1, reason=总量50.0G低于最小门槛2095.0G[0m
[32m2026-05-14 17:14:42[0m | [1mINFO    [0m | [1m补Lane尝试: variant=full_priority, lane_prefix=RM, pool_size=53, pool_data=4028.000G, prioritize_scattered_mix=True[0m
[32m2026-05-14 17:14:42[0m | [1mINFO    [0m | [1m补Lane尝试: variant=non_clinical_relaxed, lane_prefix=RM, pool_size=53, pool_data=4028.000G, prioritize_scattered_mix=False[0m
[32m2026-05-14 17:14:42[0m | [1mINFO    [0m | [1m补Lane尝试跳过: lane_prefix=RM, pool_size=24, pool_data=1822.000G不足最小门槛2095.000G[0m
[32m2026-05-14 17:14:42[0m | [1mINFO    [0m | [1m剩余库分层重组搜索完成: 新增Lane=6 (大簇专项=1, 高约束专项=0, 专lane=0, 混排lane=5, 普通lane=0), 跳过拆分文库=0, 剩余未分配=37[0m
[32m2026-05-14 17:14:42[0m | [1mINFO    [0m | [1m脚本内置 Pooling 预测已停用，后续统一调用 prediction_delivery[0m
[32m2026-05-14 17:14:42[0m | [33m[1mWARNING [0m | [33m[1mLane NB_Nova X-25B_001 利用率异常: 214.29% (数据量=2250.00GB, 容量=1050.00GB)[0m
[32m2026-05-14 17:14:42[0m | [33m[1mWARNING [0m | [33m[1mLane NB_Nova X-25B_002 利用率异常: 214.29% (数据量=2250.00GB, 容量=1050.00GB)[0m
[32m2026-05-14 17:14:42[0m | [33m[1mWARNING [0m | [33m[1mLane NB_Nova X-25B_003 利用率异常: 214.29% (数据量=2250.00GB, 容量=1050.00GB)[0m
[32m2026-05-14 17:14:42[0m | [33m[1mWARNING [0m | [33m[1mLane MG_Nova X-25B_001 利用率异常: 225.64% (数据量=2200.00GB, 容量=975.00GB)[0m
[32m2026-05-14 17:14:42[0m | [33m[1mWARNING [0m | [33m[1mLane RM_Nova X-25B_001 利用率异常: 230.77% (数据量=2250.00GB, 容量=975.00GB)[0m
[32m2026-05-14 17:14:42[0m | [33m[1mWARNING [0m | [33m[1mLane RM_Nova X-25B_002 利用率异常: 225.64% (数据量=2200.00GB, 容量=975.00GB)[0m
[32m2026-05-14 17:14:42[0m | [33m[1mWARNING [0m | [33m[1mLane RM_Nova X-25B_003 利用率异常: 230.77% (数据量=2250.00GB, 容量=975.00GB)[0m
[32m2026-05-14 17:14:42[0m | [33m[1mWARNING [0m | [33m[1mLane RM_Nova X-25B_004 利用率异常: 225.64% (数据量=2200.00GB, 容量=975.00GB)[0m
[32m2026-05-14 17:14:42[0m | [33m[1mWARNING [0m | [33m[1mLane RM_NovaSeq X Plus_001 利用率异常: 226.26% (数据量=2206.00GB, 容量=975.00GB)[0m
[32m2026-05-14 17:14:42[0m | [1mINFO    [0m | [1mIndex校验器初始化完成（真实数据验证版本）[0m
[32m2026-05-14 17:14:42[0m | [1mINFO    [0m | [1m成Lane校验程序初始化完成 (严格模式: True, 碱基不均衡上限: 35%, 特殊文库关键词: 9个)[0m
[32m2026-05-14 17:14:42[0m | [1mINFO    [0m | [1m1.1首轮高优回填成功: lane=RM_Nova X-25B_004, 文库=12527472, 数据量50.0G, lane内高优累计150.0G[0m
[32m2026-05-14 17:14:42[0m | [1mINFO    [0m | [1m1.1首轮高优回填完成: 消耗高优文库=1个/50.0G, 变更Lane=1, 剩余高优未分配=1[0m
[32m2026-05-14 17:14:42[0m | [1mINFO    [0m | [1m1.1首轮Lane高优封顶生效: lane=RM_Nova X-25B_001, 保留高优0.0G, 回退2个/800.0G到未分配池 (单Lane上限150.0G)[0m
[32m2026-05-14 17:14:42[0m | [1mINFO    [0m | [1m1.1首轮Lane高优封顶生效: lane=RM_Nova X-25B_002, 保留高优50.0G, 回退1个/400.0G到未分配池 (单Lane上限150.0G)[0m
[32m2026-05-14 17:14:42[0m | [1mINFO    [0m | [1m1.1首轮单Lane高优封顶完成: 调整Lane=2, 回退高优文库=3个/1200.0G[0m
[32m2026-05-14 17:14:42[0m | [1mINFO    [0m | [1mIndex校验器初始化完成（真实数据验证版本）[0m
[32m2026-05-14 17:14:42[0m | [1mINFO    [0m | [1m成Lane校验程序初始化完成 (严格模式: True, 碱基不均衡上限: 35%, 特殊文库关键词: 9个)[0m
[32m2026-05-14 17:14:42[0m | [1mINFO    [0m | [1m1.1首轮二次补排启动: 首轮剩余文库=39个[0m
[32m2026-05-14 17:14:42[0m | [1mINFO    [0m | [1m1.1首轮二次补排策略: expensive_rescue=True, peak_window_mixed=True, post_fill_optimization=True[0m
[32m2026-05-14 17:14:42[0m | [1mINFO    [0m | [1m
================================================================================[0m
[32m2026-05-14 17:14:42[0m | [1mINFO    [0m | [1m排机流程：纯规则排机[0m
[32m2026-05-14 17:14:42[0m | [1mINFO    [0m | [1m================================================================================[0m
[32m2026-05-14 17:14:42[0m | [1mINFO    [0m | [1mIndex校验器初始化完成（真实数据验证版本）[0m
[32m2026-05-14 17:14:42[0m | [1mINFO    [0m | [1mIndex校验器初始化完成（真实数据验证版本）[0m
[32m2026-05-14 17:14:42[0m | [1mINFO    [0m | [1m成Lane校验程序初始化完成 (严格模式: True, 碱基不均衡上限: 35%, 特殊文库关键词: 9个)[0m
[32m2026-05-14 17:14:42[0m | [33m[1mWARNING [0m | [33m[1mPooling配置表不存在: /data/work/yuyongpeng/liblane_v2_deepseek/data/wktype_pooling_config.xlsx，将使用默认策略[0m
[32m2026-05-14 17:14:42[0m | [1mINFO    [0m | [1m产出效率修正表不存在: /data/work/yuyongpeng/liblane_v2_deepseek/data/production_efficiency_correction.csv，跳过后校准[0m
[32m2026-05-14 17:14:42[0m | [33m[1mWARNING [0m | [33m[1m模型文件不存在: models/loutput_pre_lane_v5/lightgbm_model.pkl[0m
[32m2026-05-14 17:14:42[0m | [33m[1mWARNING [0m | [33m[1mloutput预测器不可用，将使用规则降级策略[0m
[32m2026-05-14 17:14:42[0m | [1mINFO    [0m | [1m逐Lane贪心排机器初始化完成 - 基础容量: 985.0GB, 利用率区间: [100%, 100%], 配置模式: 按机型自动[0m
[32m2026-05-14 17:14:42[0m | [1mINFO    [0m | [1m启用检查: Index=True, 碱基不均衡=True, 规则检查器=False[0m
[32m2026-05-14 17:14:42[0m | [1mINFO    [0m | [1m排机阶段：Pooling优化器已禁用（V6流程不需要）[0m
[32m2026-05-14 17:14:42[0m | [1mINFO    [0m | [1mIndex校验器初始化完成（真实数据验证版本）[0m
[32m2026-05-14 17:14:42[0m | [1mINFO    [0m | [1m成Lane校验程序初始化完成 (严格模式: True, 碱基不均衡上限: 35%, 特殊文库关键词: 9个)[0m
[32m2026-05-14 17:14:42[0m | [1mINFO    [0m | [1m严格校验容量区间改为按统一配置表动态解析[0m
[32m2026-05-14 17:14:42[0m | [1mINFO    [0m | [1m============================================================[0m
[32m2026-05-14 17:14:42[0m | [1mINFO    [0m | [1m[拆分] 开始文库拆分预处理[0m
[32m2026-05-14 17:14:42[0m | [1mINFO    [0m | [1m  拆分规则: 1.1模式文库（兼容旧名1.0）不拆分；3.6T-NEW模式按 单index >100.0G、多index >300.0G[0m
[32m2026-05-14 17:14:42[0m | [1mINFO    [0m | [1m  最小保留数据量: >2.0G[0m
[32m2026-05-14 17:14:42[0m | [1mINFO    [0m | [1m------------------------------------------------------------[0m
[32m2026-05-14 17:14:42[0m | [1mINFO    [0m | [1m 拆分完成[0m
[32m2026-05-14 17:14:42[0m | [1mINFO    [0m | [1m  原始文库数: 39[0m
[32m2026-05-14 17:14:42[0m | [1mINFO    [0m | [1m  拆分文库数: 0[0m
[32m2026-05-14 17:14:42[0m | [1mINFO    [0m | [1m  最终文库数: 39[0m
[32m2026-05-14 17:14:42[0m | [1mINFO    [0m | [1m============================================================[0m
[32m2026-05-14 17:14:42[0m | [1mINFO    [0m | [1m主流程前置拆分完成: 无需拆分[0m
[32m2026-05-14 17:14:42[0m | [1mINFO    [0m | [1m混排Peak窗口: 440-500bp, 36个文库/4222G, 理论最多2条Lane[0m
[32m2026-05-14 17:14:42[0m | [1mINFO    [0m | [1m混排Lane预抽取完成: 新增Lane=0，使用文库=0个/0.0G，剩余待排=39个/4372.0G[0m
[32m2026-05-14 17:14:42[0m | [1mINFO    [0m | [1m开始逐Lane贪心排机 - 文库数: 39[0m
[32m2026-05-14 17:14:42[0m | [1mINFO    [0m | [1m预拆分完成: 使用外层已拆分文库[0m
[32m2026-05-14 17:14:42[0m | [1mINFO    [0m | [1m===== 批次全局分析报告 =====[0m
[32m2026-05-14 17:14:42[0m | [1mINFO    [0m | [1m机器类型: Nova X-25B[0m
[32m2026-05-14 17:14:42[0m | [1mINFO    [0m | [1m文库总数: 39[0m
[32m2026-05-14 17:14:42[0m | [1mINFO    [0m | [1m总数据量: 4372.0 GB[0m
[32m2026-05-14 17:14:42[0m | [1mINFO    [0m | [1m预估Lane数: 3~3[0m
[32m2026-05-14 17:14:42[0m | [1mINFO    [0m | [1m--- 特征标记 ---[0m
[32m2026-05-14 17:14:42[0m | [1mINFO    [0m | [1m  包Lane文库: 无[0m
[32m2026-05-14 17:14:42[0m | [1mINFO    [0m | [1m  碱基不均衡: 有[0m
[32m2026-05-14 17:14:42[0m | [1mINFO    [0m | [1m  客户文库:   无[0m
[32m2026-05-14 17:14:42[0m | [1mINFO    [0m | [1m  10bp文库:   有[0m
[32m2026-05-14 17:14:42[0m | [1mINFO    [0m | [1m  非10bp文库: 有[0m
[32m2026-05-14 17:14:42[0m | [1mINFO    [0m | [1m  特殊组合:   有[0m
[32m2026-05-14 17:14:42[0m | [1mINFO    [0m | [1m--- 分组画像 ---[0m
[32m2026-05-14 17:14:42[0m | [1mINFO    [0m | [1m  [imbalance] 碱基不均衡文库: 6个文库, 900.0GB, 预估1~1条Lane[0m
[32m2026-05-14 17:14:42[0m | [1mINFO    [0m | [1m  [10bp] 10碱基文库: 36个文库, 4222.0GB, 预估3~3条Lane[0m
[32m2026-05-14 17:14:42[0m | [1mINFO    [0m | [1m  [special_combo_b] 10X 3端/Visium组合: 6个文库, 900.0GB, 预估1~1条Lane[0m
[32m2026-05-14 17:14:42[0m | [1mINFO    [0m | [1m  [all] 全部文库: 39个文库, 4372.0GB, 预估3~3条Lane[0m
[32m2026-05-14 17:14:42[0m | [1mINFO    [0m | [1m  [non_10bp] 非10碱基文库: 3个文库, 150.0GB, 预估1~1条Lane[0m
[32m2026-05-14 17:14:42[0m | [1mINFO    [0m | [1m--- 尾部风险 ---[0m
[32m2026-05-14 17:14:42[0m | [1mINFO    [0m | [1m  [imbalance] 碱基不均衡文库排完整Lane后剩余900.0GB，不足半Lane(998GB)，需要大文库骨架携带或混入散样Lane - 900.0GB, 6个, 严重程度: medium[0m
[32m2026-05-14 17:14:42[0m | [1mINFO    [0m | [1m  [non_10bp] 非10碱基文库排完整Lane后剩余150.0GB，不足半Lane(1048GB)，需要大文库骨架携带或混入散样Lane - 150.0GB, 3个, 严重程度: high[0m
[32m2026-05-14 17:14:42[0m | [1mINFO    [0m | [1m  [special_combo_b] 10X 3端/Visium组合排完整Lane后剩余900.0GB，不足半Lane(998GB)，需要大文库骨架携带或混入散样Lane - 900.0GB, 6个, 严重程度: medium[0m
[32m2026-05-14 17:14:42[0m | [1mINFO    [0m | [1m--- 策略建议 ---[0m
[32m2026-05-14 17:14:42[0m | [1mINFO    [0m | [1m  - 存在1个高风险尾部分组，建议启用骨架预留(大带小)[0m
[32m2026-05-14 17:14:42[0m | [1mINFO    [0m | [1m===== 报告结束 =====[0m
[32m2026-05-14 17:14:42[0m | [1mINFO    [0m | [1m===== 策略执行计划 =====[0m
[32m2026-05-14 17:14:42[0m | [1mINFO    [0m | [1m预估专用Lane: 0[0m
[32m2026-05-14 17:14:42[0m | [1mINFO    [0m | [1m预估混排Lane: 3~3[0m
[32m2026-05-14 17:14:42[0m | [1mINFO    [0m | [1m--- 策略决策 ---[0m
[32m2026-05-14 17:14:42[0m | [1mINFO    [0m | [1m  [P100] package_lane_first: 禁用 | 无包Lane/包FC文库，跳过[0m
[32m2026-05-14 17:14:42[0m | [1mINFO    [0m | [1m  [P90] special_combo_split: 禁用 | 仅有3端/Visium文库，无互斥冲突，无需分离[0m
[32m2026-05-14 17:14:42[0m | [1mINFO    [0m | [1m  [P80] dedicated_imbalance_lane: 禁用 | 碱基不均衡文库900GB，不足以形成专用Lane，将混入散样[0m
[32m2026-05-14 17:14:42[0m | [1mINFO    [0m | [1m  [P70] dedicated_non_10bp_lane: 禁用 | 非10bp文库150GB，不足以形成专用Lane或10bp占比未触发红线[0m
[32m2026-05-14 17:14:42[0m | [1mINFO    [0m | [1m  [P60] backbone_reservation: 启用 | 存在1个高风险尾部分组(non_10bp)，需要预留骨架文库携带尾部碎片[0m
[32m2026-05-14 17:14:42[0m | [1mINFO    [0m | [1m  [P50] small_library_clustering: 启用 | 小文库聚类始终启用，可提升同尺寸小文库Lane利用率[0m
[32m2026-05-14 17:14:42[0m | [1mINFO    [0m | [1m--- 执行顺序 ---[0m
[32m2026-05-14 17:14:42[0m | [1mINFO    [0m | [1m  1. backbone_reservation[0m
[32m2026-05-14 17:14:42[0m | [1mINFO    [0m | [1m  2. small_library_clustering[0m
[32m2026-05-14 17:14:42[0m | [1mINFO    [0m | [1m===== 计划结束 =====[0m
[32m2026-05-14 17:14:42[0m | [1mINFO    [0m | [1m处理机器类型 Nova X-25B - 文库数: 15 - Lane容量: 1050.0GB, 利用率区间: [100%, 100%], 特殊文库上限: 350GB[0m
[32m2026-05-14 17:14:42[0m | [33m[1mWARNING [0m | [33m[1mLane GL_Nova X-25B_001 数据量1250.0G低于下限2095.0G，15 个文库无法形成有效Lane[0m
[32m2026-05-14 17:14:42[0m | [1mINFO    [0m | [1m第二轮排机: 15 个未分配文库（随机顺序）[0m
[32m2026-05-14 17:14:42[0m | [33m[1mWARNING [0m | [33m[1mLane GL_Nova X-25B_002 数据量1250.0G低于下限2095.0G，15 个文库无法形成有效Lane[0m
[32m2026-05-14 17:14:42[0m | [1mINFO    [0m | [1m第三轮排机: 15 个未分配文库（小文库优先）[0m
[32m2026-05-14 17:14:42[0m | [33m[1mWARNING [0m | [33m[1mLane GL_Nova X-25B_003 数据量1250.0G低于下限2095.0G，15 个文库无法形成有效Lane[0m
[32m2026-05-14 17:14:42[0m | [1mINFO    [0m | [1m第4轮排机: 15 个未分配文库[0m
[32m2026-05-14 17:14:42[0m | [33m[1mWARNING [0m | [33m[1mLane GL_Nova X-25B_004 数据量1250.0G低于下限2095.0G，15 个文库无法形成有效Lane[0m
[32m2026-05-14 17:14:42[0m | [1mINFO    [0m | [1m第4轮排机后未分配池无变化，连续1轮停滞[0m
[32m2026-05-14 17:14:42[0m | [1mINFO    [0m | [1m第5轮排机: 15 个未分配文库[0m
[32m2026-05-14 17:14:42[0m | [33m[1mWARNING [0m | [33m[1mLane GL_Nova X-25B_005 数据量1250.0G低于下限2095.0G，15 个文库无法形成有效Lane[0m
[32m2026-05-14 17:14:42[0m | [1mINFO    [0m | [1m第5轮排机后未分配池无变化，连续2轮停滞[0m
[32m2026-05-14 17:14:42[0m | [1mINFO    [0m | [1m第6轮排机: 15 个未分配文库[0m
[32m2026-05-14 17:14:42[0m | [33m[1mWARNING [0m | [33m[1mLane GL_Nova X-25B_006 数据量1250.0G低于下限2095.0G，15 个文库无法形成有效Lane[0m
[32m2026-05-14 17:14:42[0m | [1mINFO    [0m | [1m第6轮排机后未分配池无变化，连续3轮停滞[0m
[32m2026-05-14 17:14:42[0m | [1mINFO    [0m | [1m第7轮排机: 15 个未分配文库[0m
[32m2026-05-14 17:14:42[0m | [33m[1mWARNING [0m | [33m[1mLane GL_Nova X-25B_007 数据量1250.0G低于下限2095.0G，15 个文库无法形成有效Lane[0m
[32m2026-05-14 17:14:42[0m | [1mINFO    [0m | [1m第7轮排机后未分配池无变化，连续4轮停滞[0m
[32m2026-05-14 17:14:42[0m | [1mINFO    [0m | [1m第8轮排机: 15 个未分配文库[0m
[32m2026-05-14 17:14:42[0m | [33m[1mWARNING [0m | [33m[1mLane GL_Nova X-25B_008 数据量1250.0G低于下限2095.0G，15 个文库无法形成有效Lane[0m
[32m2026-05-14 17:14:42[0m | [1mINFO    [0m | [1m第8轮排机后未分配池无变化，连续5轮停滞[0m
[32m2026-05-14 17:14:42[0m | [1mINFO    [0m | [1m连续5轮无新Lane且未分配池不变，提前结束无效重试[0m
[32m2026-05-14 17:14:42[0m | [1mINFO    [0m | [1m专用Lane分组G54剩余合同量900.0G无法满足1.1或3.6T-NEW有效容量下限[0m
[32m2026-05-14 17:14:42[0m | [1mINFO    [0m | [1m专用Lane创建完成: 0条Lane, 6个碱基不均衡文库待分配, 9个中性文库待分配[0m
[32m2026-05-14 17:14:42[0m | [1mINFO    [0m | [1m处理机器类型 NovaSeq X Plus - 文库数: 24 - Lane容量: 1100GB, 利用率区间: [100%, 100%], 特殊文库上限: 350GB[0m
[32m2026-05-14 17:14:42[0m | [33m[1mWARNING [0m | [33m[1mLane GL_NovaSeq X Plus_001 数据量1822.0G低于下限2095.0G，24 个文库无法形成有效Lane[0m
[32m2026-05-14 17:14:42[0m | [1mINFO    [0m | [1m剩余池总量1822.0GB不足最小成Lane门槛2095.0GB，跳过后续随机重试[0m
[32m2026-05-14 17:14:42[0m | [1mINFO    [0m | [1m逐Lane贪心排机完成 - Lane数: 0, 已分配: 0/39, 未分配: 39, 平均利用率: 0.0%, 耗时: 0.05秒[0m
[32m2026-05-14 17:14:42[0m | [1mINFO    [0m | [1mIndex校验器初始化完成（真实数据验证版本）[0m
[32m2026-05-14 17:14:42[0m | [1mINFO    [0m | [1m成Lane校验程序初始化完成 (严格模式: False, 碱基不均衡上限: 35%, 特殊文库关键词: 9个)[0m
[32m2026-05-14 17:14:42[0m | [1mINFO    [0m | [1m最终验证结果: 0条Lane通过，39个文库未分配[0m
[32m2026-05-14 17:14:42[0m | [1mINFO    [0m | [1mwkspecialsplits边排边检查完成: 无需调整[0m
[32m2026-05-14 17:14:42[0m | [1mINFO    [0m | [1m验证完成：0条Lane通过验证[0m
[32m2026-05-14 17:14:42[0m | [1mINFO    [0m | [1m57规则二次改排救援已关闭，失败Lane文库回收到未分配池[0m
[32m2026-05-14 17:14:42[0m | [1mINFO    [0m | [1m补Lane轻校验跳过: variant=manual_or_risk:（极速周期）北大WY组-16例样本宏基因组测序分析技术服务（委托）合同|S|META文库|NOVA X-25B|NA|MANUAL_RISK, lane_prefix=EX, pool_size=3, reason=总量1200.0G低于最小门槛2095.0G[0m
[32m2026-05-14 17:14:42[0m | [1mINFO    [0m | [1m补Lane轻校验跳过: variant=manual_or_risk:NCRNA产品竞争力增强研发项目|S|SMALL RNA文库|NOVA X-25B|NA|MANUAL_RISK, lane_prefix=EX, pool_size=3, reason=总量150.0G低于最小门槛2095.0G[0m
[32m2026-05-14 17:14:42[0m | [1mINFO    [0m | [1m补Lane轻校验跳过: variant=manual_or_risk:100个META建库测序分析技术服务（委托）合同|S|META文库|NOVA X-25B|NA|MANUAL_RISK, lane_prefix=EX, pool_size=1, reason=总量100.0G低于最小门槛2095.0G[0m
[32m2026-05-14 17:14:42[0m | [1mINFO    [0m | [1m补Lane轻校验跳过: variant=manual_or_risk:山东省农科院畜牧所32样本宏基因组+32样本扩增子分析技术服务（委托）合同-盛清凯|S|META文库|NOVA X-25B|NA|MANUAL_RISK, lane_prefix=EX, pool_size=1, reason=总量100.0G低于最小门槛2095.0G[0m
[32m2026-05-14 17:14:42[0m | [1mINFO    [0m | [1m补Lane轻校验跳过: variant=ten_x:250804-同济V3转V4重签分析技术服务（委托）合同|S|10X转录组-3'文库|NOVA X-25B|NA|TENX+MANUAL_RISK+IMBALANCE, lane_prefix=EX, pool_size=1, reason=总量150.0G低于最小门槛1995.0G[0m
[32m2026-05-14 17:14:42[0m | [1mINFO    [0m | [1m补Lane轻校验跳过: variant=ten_x:山东大学4例10X3'单细胞建库测序矩阵分析技术服务（委托）合同-邵琪琪|S|10X转录组-3'文库|NOVA X-25B|NA|TENX+MANUAL_RISK+IMBALANCE, lane_prefix=EX, pool_size=1, reason=总量150.0G低于最小门槛1995.0G[0m
[32m2026-05-14 17:14:42[0m | [1mINFO    [0m | [1m补Lane轻校验跳过: variant=ten_x:整形医院15例3'单细胞转录组分析技术服务（委托）合同|S|10X转录组-3'文库|NOVA X-25B|NA|TENX+MANUAL_RISK+IMBALANCE, lane_prefix=EX, pool_size=1, reason=总量150.0G低于最小门槛1995.0G[0m
[32m2026-05-14 17:14:42[0m | [1mINFO    [0m | [1m补Lane轻校验跳过: variant=ten_x:深圳市人民医院10XATAC 多组学建库测序技术服务（委托）合同|S|10X转录组-3'文库|NOVA X-25B|NA|TENX+MANUAL_RISK+IMBALANCE, lane_prefix=EX, pool_size=1, reason=总量150.0G低于最小门槛1995.0G[0m
[32m2026-05-14 17:14:42[0m | [1mINFO    [0m | [1m补Lane轻校验跳过: variant=ten_x:茵菲多组学80个10X3'单细胞转录组测序技术服务（委托）合同|S|10X转录组-3'文库|NOVA X-25B|NA|TENX+MANUAL_RISK+IMBALANCE, lane_prefix=EX, pool_size=1, reason=总量150.0G低于最小门槛1995.0G[0m
[32m2026-05-14 17:14:42[0m | [1mINFO    [0m | [1m补Lane轻校验跳过: variant=ten_x:贵州医科大学附属医院2例组织照光解离10X单细胞转录分析技术服务（委托）合同|S|10X转录组-3'文库|NOVA X-25B|NA|TENX+MANUAL_RISK+IMBALANCE, lane_prefix=EX, pool_size=1, reason=总量150.0G低于最小门槛1995.0G[0m
[32m2026-05-14 17:14:42[0m | [1mINFO    [0m | [1m补Lane轻校验跳过: variant=general:239个刺参组织转录组测序分析技术服务（委托）合同|Z|VIP-真核普通转录组文库|NOVASEQ X PLUS|NA|NORMAL, lane_prefix=EX, pool_size=10, reason=总量828.0G低于最小门槛2095.0G[0m
[32m2026-05-14 17:14:42[0m | [1mINFO    [0m | [1m补Lane轻校验跳过: variant=general:怀化市农业科学院40例转录组+20扩增子测序项目分析技术服务（委托）合同-CL|Z|VIP-真核普通转录组文库|NOVASEQ X PLUS|NA|NORMAL, lane_prefix=EX, pool_size=6, reason=总量389.0G低于最小门槛2095.0G[0m
[32m2026-05-14 17:14:42[0m | [1mINFO    [0m | [1m补Lane轻校验跳过: variant=general:晨光生物科技集团邯郸有限公司16例DEEP DIA蛋白HQ非靶代谢转录分析技术服务（委托）合同|Z|VIP-真核普通转录组文库|NOVASEQ X PLUS|NA|NORMAL, lane_prefix=EX, pool_size=3, reason=总量287.0G低于最小门槛2095.0G[0m
[32m2026-05-14 17:14:42[0m | [1mINFO    [0m | [1m补Lane轻校验跳过: variant=general:郭老师7月份转录组合同-100个分析技术服务（委托）合同|Z|VIP-真核普通转录组文库|NOVASEQ X PLUS|NA|NORMAL, lane_prefix=EX, pool_size=1, reason=总量102.0G低于最小门槛2095.0G[0m
[32m2026-05-14 17:14:42[0m | [1mINFO    [0m | [1m补Lane轻校验跳过: variant=general:检验科单菌二代测序分析技术服务（委托）合同-2025-XYC|Z|DNA小片段文库|NOVA X-25B|NA|NORMAL, lane_prefix=EX, pool_size=1, reason=总量100.0G低于最小门槛2095.0G[0m
[32m2026-05-14 17:14:42[0m | [1mINFO    [0m | [1m补Lane轻校验跳过: variant=general:浙一李帅峰6个MRNA 测序分析技术服务（委托）合同|Z|VIP-真核普通转录组文库|NOVASEQ X PLUS|NA|NORMAL, lane_prefix=EX, pool_size=1, reason=总量59.0G低于最小门槛2095.0G[0m
[32m2026-05-14 17:14:42[0m | [1mINFO    [0m | [1m补Lane轻校验跳过: variant=general:（极速周期）2025年艾斯基因建库测序年度框架分析技术服务（委托）合同|Z|VIP-真核普通转录组文库|NOVASEQ X PLUS|NA|NORMAL, lane_prefix=EX, pool_size=1, reason=总量56.0G低于最小门槛2095.0G[0m
[32m2026-05-14 17:14:42[0m | [1mINFO    [0m | [1m补Lane轻校验跳过: variant=general:微生物所12个样本转录组建库测序-技术服务（委托）合同|Z|VIP-真核普通转录组文库|NOVASEQ X PLUS|NA|NORMAL, lane_prefix=EX, pool_size=1, reason=总量51.0G低于最小门槛2095.0G[0m
[32m2026-05-14 17:14:42[0m | [1mINFO    [0m | [1m补Lane轻校验跳过: variant=general:首医陈老师组自建库+MRNA分析技术服务（委托）合同|Z|VIP-真核普通转录组文库|NOVASEQ X PLUS|NA|NORMAL, lane_prefix=EX, pool_size=1, reason=总量50.0G低于最小门槛2095.0G[0m
[32m2026-05-14 17:14:42[0m | [1mINFO    [0m | [1m补Lane尝试: variant=full_priority, lane_prefix=EX, pool_size=39, pool_data=4372.000G, prioritize_scattered_mix=True[0m
[32m2026-05-14 17:14:42[0m | [1mINFO    [0m | [1m补Lane尝试: variant=non_clinical_relaxed, lane_prefix=EX, pool_size=39, pool_data=4372.000G, prioritize_scattered_mix=False[0m
[32m2026-05-14 17:14:42[0m | [1mINFO    [0m | [1m补Lane轻校验跳过: variant=ten_x:250804-同济V3转V4重签分析技术服务（委托）合同|S|10X转录组-3'文库|NOVA X-25B|NA|TENX+MANUAL_RISK+IMBALANCE, lane_prefix=EX, pool_size=1, reason=总量150.0G低于最小门槛1995.0G[0m
[32m2026-05-14 17:14:42[0m | [1mINFO    [0m | [1m补Lane轻校验跳过: variant=ten_x:山东大学4例10X3'单细胞建库测序矩阵分析技术服务（委托）合同-邵琪琪|S|10X转录组-3'文库|NOVA X-25B|NA|TENX+MANUAL_RISK+IMBALANCE, lane_prefix=EX, pool_size=1, reason=总量150.0G低于最小门槛1995.0G[0m
[32m2026-05-14 17:14:42[0m | [1mINFO    [0m | [1m补Lane轻校验跳过: variant=ten_x:整形医院15例3'单细胞转录组分析技术服务（委托）合同|S|10X转录组-3'文库|NOVA X-25B|NA|TENX+MANUAL_RISK+IMBALANCE, lane_prefix=EX, pool_size=1, reason=总量150.0G低于最小门槛1995.0G[0m
[32m2026-05-14 17:14:42[0m | [1mINFO    [0m | [1m补Lane轻校验跳过: variant=ten_x:深圳市人民医院10XATAC 多组学建库测序技术服务（委托）合同|S|10X转录组-3'文库|NOVA X-25B|NA|TENX+MANUAL_RISK+IMBALANCE, lane_prefix=EX, pool_size=1, reason=总量150.0G低于最小门槛1995.0G[0m
[32m2026-05-14 17:14:42[0m | [1mINFO    [0m | [1m补Lane轻校验跳过: variant=ten_x:茵菲多组学80个10X3'单细胞转录组测序技术服务（委托）合同|S|10X转录组-3'文库|NOVA X-25B|NA|TENX+MANUAL_RISK+IMBALANCE, lane_prefix=EX, pool_size=1, reason=总量150.0G低于最小门槛1995.0G[0m
[32m2026-05-14 17:14:42[0m | [1mINFO    [0m | [1m补Lane轻校验跳过: variant=ten_x:贵州医科大学附属医院2例组织照光解离10X单细胞转录分析技术服务（委托）合同|S|10X转录组-3'文库|NOVA X-25B|NA|TENX+MANUAL_RISK+IMBALANCE, lane_prefix=EX, pool_size=1, reason=总量150.0G低于最小门槛1995.0G[0m
[32m2026-05-14 17:14:42[0m | [1mINFO    [0m | [1m补Lane轻校验跳过: variant=manual_or_risk:（极速周期）北大WY组-16例样本宏基因组测序分析技术服务（委托）合同|S|META文库|NOVA X-25B|NA|MANUAL_RISK, lane_prefix=EX, pool_size=1, reason=总量400.0G低于最小门槛2095.0G[0m
[32m2026-05-14 17:14:42[0m | [1mINFO    [0m | [1m补Lane轻校验跳过: variant=manual_or_risk:100个META建库测序分析技术服务（委托）合同|S|META文库|NOVA X-25B|NA|MANUAL_RISK, lane_prefix=EX, pool_size=1, reason=总量100.0G低于最小门槛2095.0G[0m
[32m2026-05-14 17:14:42[0m | [1mINFO    [0m | [1m补Lane轻校验跳过: variant=manual_or_risk:NCRNA产品竞争力增强研发项目|S|SMALL RNA文库|NOVA X-25B|NA|MANUAL_RISK, lane_prefix=EX, pool_size=1, reason=总量50.0G低于最小门槛2095.0G[0m
[32m2026-05-14 17:14:42[0m | [1mINFO    [0m | [1m补Lane轻校验跳过: variant=general:239个刺参组织转录组测序分析技术服务（委托）合同|Z|VIP-真核普通转录组文库|NOVASEQ X PLUS|NA|NORMAL, lane_prefix=EX, pool_size=4, reason=总量333.0G低于最小门槛2095.0G[0m
[32m2026-05-14 17:14:42[0m | [1mINFO    [0m | [1m补Lane轻校验跳过: variant=general:怀化市农业科学院40例转录组+20扩增子测序项目分析技术服务（委托）合同-CL|Z|VIP-真核普通转录组文库|NOVASEQ X PLUS|NA|NORMAL, lane_prefix=EX, pool_size=2, reason=总量122.0G低于最小门槛2095.0G[0m
[32m2026-05-14 17:14:42[0m | [1mINFO    [0m | [1m补Lane轻校验跳过: variant=general:郭老师7月份转录组合同-100个分析技术服务（委托）合同|Z|VIP-真核普通转录组文库|NOVASEQ X PLUS|NA|NORMAL, lane_prefix=EX, pool_size=1, reason=总量102.0G低于最小门槛2095.0G[0m
[32m2026-05-14 17:14:42[0m | [1mINFO    [0m | [1m补Lane轻校验跳过: variant=general:晨光生物科技集团邯郸有限公司16例DEEP DIA蛋白HQ非靶代谢转录分析技术服务（委托）合同|Z|VIP-真核普通转录组文库|NOVASEQ X PLUS|NA|NORMAL, lane_prefix=EX, pool_size=1, reason=总量96.0G低于最小门槛2095.0G[0m
[32m2026-05-14 17:14:42[0m | [1mINFO    [0m | [1m补Lane轻校验跳过: variant=general:（极速周期）2025年艾斯基因建库测序年度框架分析技术服务（委托）合同|Z|VIP-真核普通转录组文库|NOVASEQ X PLUS|NA|NORMAL, lane_prefix=EX, pool_size=1, reason=总量56.0G低于最小门槛2095.0G[0m
[32m2026-05-14 17:14:42[0m | [1mINFO    [0m | [1m补Lane轻校验跳过: variant=general:首医陈老师组自建库+MRNA分析技术服务（委托）合同|Z|VIP-真核普通转录组文库|NOVASEQ X PLUS|NA|NORMAL, lane_prefix=EX, pool_size=1, reason=总量50.0G低于最小门槛2095.0G[0m
[32m2026-05-14 17:14:42[0m | [1mINFO    [0m | [1m补Lane尝试: variant=full_priority, lane_prefix=EX, pool_size=19, pool_data=2209.000G, prioritize_scattered_mix=True[0m
[32m2026-05-14 17:14:42[0m | [1mINFO    [0m | [1m补Lane尝试: variant=non_clinical_relaxed, lane_prefix=EX, pool_size=19, pool_data=2209.000G, prioritize_scattered_mix=False[0m
[32m2026-05-14 17:14:42[0m | [1mINFO    [0m | [1mLane数量提升停止: machine_type=Nova X-25B, 当前池首次构Lane失败，跳过同池重复尝试[0m
[32m2026-05-14 17:14:42[0m | [1mINFO    [0m | [1mLane数量提升新增Lane数: 1[0m
[32m2026-05-14 17:14:42[0m | [1mINFO    [0m | [1m补Lane轻校验跳过: variant=ten_x:250804-同济V3转V4重签分析技术服务（委托）合同|S|10X转录组-3'文库|NOVA X-25B|NA|TENX+MANUAL_RISK+IMBALANCE, lane_prefix=RB, pool_size=1, reason=总量150.0G低于最小门槛1995.0G[0m
[32m2026-05-14 17:14:42[0m | [1mINFO    [0m | [1m补Lane轻校验跳过: variant=ten_x:山东大学4例10X3'单细胞建库测序矩阵分析技术服务（委托）合同-邵琪琪|S|10X转录组-3'文库|NOVA X-25B|NA|TENX+MANUAL_RISK+IMBALANCE, lane_prefix=RB, pool_size=1, reason=总量150.0G低于最小门槛1995.0G[0m
[32m2026-05-14 17:14:42[0m | [1mINFO    [0m | [1m补Lane轻校验跳过: variant=ten_x:整形医院15例3'单细胞转录组分析技术服务（委托）合同|S|10X转录组-3'文库|NOVA X-25B|NA|TENX+MANUAL_RISK+IMBALANCE, lane_prefix=RB, pool_size=1, reason=总量150.0G低于最小门槛1995.0G[0m
[32m2026-05-14 17:14:42[0m | [1mINFO    [0m | [1m补Lane轻校验跳过: variant=ten_x:深圳市人民医院10XATAC 多组学建库测序技术服务（委托）合同|S|10X转录组-3'文库|NOVA X-25B|NA|TENX+MANUAL_RISK+IMBALANCE, lane_prefix=RB, pool_size=1, reason=总量150.0G低于最小门槛1995.0G[0m
[32m2026-05-14 17:14:42[0m | [1mINFO    [0m | [1m补Lane轻校验跳过: variant=ten_x:茵菲多组学80个10X3'单细胞转录组测序技术服务（委托）合同|S|10X转录组-3'文库|NOVA X-25B|NA|TENX+MANUAL_RISK+IMBALANCE, lane_prefix=RB, pool_size=1, reason=总量150.0G低于最小门槛1995.0G[0m
[32m2026-05-14 17:14:42[0m | [1mINFO    [0m | [1m补Lane轻校验跳过: variant=ten_x:贵州医科大学附属医院2例组织照光解离10X单细胞转录分析技术服务（委托）合同|S|10X转录组-3'文库|NOVA X-25B|NA|TENX+MANUAL_RISK+IMBALANCE, lane_prefix=RB, pool_size=1, reason=总量150.0G低于最小门槛1995.0G[0m
[32m2026-05-14 17:14:42[0m | [1mINFO    [0m | [1m补Lane轻校验跳过: variant=manual_or_risk:（极速周期）北大WY组-16例样本宏基因组测序分析技术服务（委托）合同|S|META文库|NOVA X-25B|NA|MANUAL_RISK, lane_prefix=RB, pool_size=1, reason=总量400.0G低于最小门槛2095.0G[0m
[32m2026-05-14 17:14:42[0m | [1mINFO    [0m | [1m补Lane轻校验跳过: variant=manual_or_risk:100个META建库测序分析技术服务（委托）合同|S|META文库|NOVA X-25B|NA|MANUAL_RISK, lane_prefix=RB, pool_size=1, reason=总量100.0G低于最小门槛2095.0G[0m
[32m2026-05-14 17:14:42[0m | [1mINFO    [0m | [1m补Lane轻校验跳过: variant=manual_or_risk:NCRNA产品竞争力增强研发项目|S|SMALL RNA文库|NOVA X-25B|NA|MANUAL_RISK, lane_prefix=RB, pool_size=1, reason=总量50.0G低于最小门槛2095.0G[0m
[32m2026-05-14 17:14:42[0m | [1mINFO    [0m | [1m补Lane轻校验跳过: variant=general:239个刺参组织转录组测序分析技术服务（委托）合同|Z|VIP-真核普通转录组文库|NOVASEQ X PLUS|NA|NORMAL, lane_prefix=RB, pool_size=4, reason=总量333.0G低于最小门槛2095.0G[0m
[32m2026-05-14 17:14:42[0m | [1mINFO    [0m | [1m补Lane轻校验跳过: variant=general:怀化市农业科学院40例转录组+20扩增子测序项目分析技术服务（委托）合同-CL|Z|VIP-真核普通转录组文库|NOVASEQ X PLUS|NA|NORMAL, lane_prefix=RB, pool_size=2, reason=总量122.0G低于最小门槛2095.0G[0m
[32m2026-05-14 17:14:42[0m | [1mINFO    [0m | [1m补Lane轻校验跳过: variant=general:郭老师7月份转录组合同-100个分析技术服务（委托）合同|Z|VIP-真核普通转录组文库|NOVASEQ X PLUS|NA|NORMAL, lane_prefix=RB, pool_size=1, reason=总量102.0G低于最小门槛2095.0G[0m
[32m2026-05-14 17:14:42[0m | [1mINFO    [0m | [1m补Lane轻校验跳过: variant=general:晨光生物科技集团邯郸有限公司16例DEEP DIA蛋白HQ非靶代谢转录分析技术服务（委托）合同|Z|VIP-真核普通转录组文库|NOVASEQ X PLUS|NA|NORMAL, lane_prefix=RB, pool_size=1, reason=总量96.0G低于最小门槛2095.0G[0m
[32m2026-05-14 17:14:42[0m | [1mINFO    [0m | [1m补Lane轻校验跳过: variant=general:（极速周期）2025年艾斯基因建库测序年度框架分析技术服务（委托）合同|Z|VIP-真核普通转录组文库|NOVASEQ X PLUS|NA|NORMAL, lane_prefix=RB, pool_size=1, reason=总量56.0G低于最小门槛2095.0G[0m
[32m2026-05-14 17:14:42[0m | [1mINFO    [0m | [1m补Lane轻校验跳过: variant=general:首医陈老师组自建库+MRNA分析技术服务（委托）合同|Z|VIP-真核普通转录组文库|NOVASEQ X PLUS|NA|NORMAL, lane_prefix=RB, pool_size=1, reason=总量50.0G低于最小门槛2095.0G[0m
[32m2026-05-14 17:14:42[0m | [1mINFO    [0m | [1m补Lane尝试: variant=full_priority, lane_prefix=RB, pool_size=19, pool_data=2209.000G, prioritize_scattered_mix=True[0m
[32m2026-05-14 17:14:42[0m | [1mINFO    [0m | [1m补Lane尝试: variant=non_clinical_relaxed, lane_prefix=RB, pool_size=19, pool_data=2209.000G, prioritize_scattered_mix=False[0m
[32m2026-05-14 17:14:42[0m | [1mINFO    [0m | [1m跨Lane多文库交换停止: machine_type=Nova X-25B, 当前池首次构Lane失败，跳过同池重复尝试[0m
[32m2026-05-14 17:14:42[0m | [1mINFO    [0m | [1m跨Lane多文库交换未新增Lane，剩余未分配19个[0m
[32m2026-05-14 17:14:42[0m | [1mINFO    [0m | [1m补Lane尝试跳过: lane_prefix=RM, pool_size=9, pool_data=1450.000G不足最小门槛2095.000G[0m
[32m2026-05-14 17:14:42[0m | [1mINFO    [0m | [1m补Lane尝试跳过: lane_prefix=RM, pool_size=10, pool_data=759.000G不足最小门槛2095.000G[0m
[32m2026-05-14 17:14:42[0m | [1mINFO    [0m | [1m剩余库分层重组搜索未新增Lane: 跳过拆分文库=0, 剩余未分配=19[0m
[32m2026-05-14 17:14:42[0m | [1mINFO    [0m | [1m脚本内置 Pooling 预测已停用，后续统一调用 prediction_delivery[0m
[32m2026-05-14 17:14:42[0m | [33m[1mWARNING [0m | [33m[1mLane EX_Nova X-25B_002 利用率异常: 221.85% (数据量=2163.00GB, 容量=975.00GB)[0m
[32m2026-05-14 17:14:42[0m | [1mINFO    [0m | [1mIndex校验器初始化完成（真实数据验证版本）[0m
[32m2026-05-14 17:14:42[0m | [1mINFO    [0m | [1m成Lane校验程序初始化完成 (严格模式: True, 碱基不均衡上限: 35%, 特殊文库关键词: 9个)[0m
[32m2026-05-14 17:14:42[0m | [1mINFO    [0m | [1m1.1首轮二次补排完成: 新增Lane=1, 剩余文库=19[0m
[32m2026-05-14 17:14:42[0m | [1mINFO    [0m | [1m步骤1.5-3候选池接收1.1剩余文库19个，继续进入3.6T-NEW[0m
[32m2026-05-14 17:14:42[0m | [1mINFO    [0m | [1m1.1首轮排机完成: 生成13条Lane[0m
[32m2026-05-14 17:14:42[0m | [1mINFO    [0m | [1m三阶段未成Lane池顺序消耗完成: 3.6T-NEW最终候选池=32个文库, 1.1 Lane=13条[0m
[32m2026-05-14 17:14:42[0m | [1mINFO    [0m | [1m
================================================================================[0m
[32m2026-05-14 17:14:42[0m | [1mINFO    [0m | [1m步骤1.6: 尾货碱基不均衡专Lane二次抽取[0m
[32m2026-05-14 17:14:42[0m | [1mINFO    [0m | [1m================================================================================[0m
[32m2026-05-14 17:14:42[0m | [1mINFO    [0m | [1mIndex校验器初始化完成（真实数据验证版本）[0m
[32m2026-05-14 17:14:42[0m | [1mINFO    [0m | [1mIndex校验器初始化完成（真实数据验证版本）[0m
[32m2026-05-14 17:14:42[0m | [1mINFO    [0m | [1m成Lane校验程序初始化完成 (严格模式: True, 碱基不均衡上限: 35%, 特殊文库关键词: 9个)[0m
[32m2026-05-14 17:14:42[0m | [33m[1mWARNING [0m | [33m[1mPooling配置表不存在: /data/work/yuyongpeng/liblane_v2_deepseek/data/wktype_pooling_config.xlsx，将使用默认策略[0m
[32m2026-05-14 17:14:42[0m | [1mINFO    [0m | [1m产出效率修正表不存在: /data/work/yuyongpeng/liblane_v2_deepseek/data/production_efficiency_correction.csv，跳过后校准[0m
[32m2026-05-14 17:14:42[0m | [33m[1mWARNING [0m | [33m[1m模型文件不存在: models/loutput_pre_lane_v5/lightgbm_model.pkl[0m
[32m2026-05-14 17:14:42[0m | [33m[1mWARNING [0m | [33m[1mloutput预测器不可用，将使用规则降级策略[0m
[32m2026-05-14 17:14:42[0m | [1mINFO    [0m | [1m逐Lane贪心排机器初始化完成 - 基础容量: 985.0GB, 利用率区间: [100%, 100%], 配置模式: 按机型自动[0m
[32m2026-05-14 17:14:42[0m | [1mINFO    [0m | [1m启用检查: Index=True, 碱基不均衡=True, 规则检查器=False[0m
[32m2026-05-14 17:14:42[0m | [1mINFO    [0m | [1m专用Lane分组G54剩余合同量900.0G无法满足1.1或3.6T-NEW有效容量下限[0m
[32m2026-05-14 17:14:42[0m | [1mINFO    [0m | [1m尾货碱基不均衡专Lane二次抽取未形成新Lane[0m
[32m2026-05-14 17:14:42[0m | [1mINFO    [0m | [1m
================================================================================[0m
[32m2026-05-14 17:14:42[0m | [1mINFO    [0m | [1m步骤2: 处理普通文库（使用GreedyLaneScheduler）[0m
[32m2026-05-14 17:14:42[0m | [1mINFO    [0m | [1m================================================================================[0m
[32m2026-05-14 17:14:42[0m | [1mINFO    [0m | [1mIndex校验器初始化完成（真实数据验证版本）[0m
[32m2026-05-14 17:14:42[0m | [1mINFO    [0m | [1m成Lane校验程序初始化完成 (严格模式: True, 碱基不均衡上限: 35%, 特殊文库关键词: 9个)[0m
[32m2026-05-14 17:14:42[0m | [1mINFO    [0m | [1m步骤2前置拆分家族构建未构建出完整拆分Lane[0m
[32m2026-05-14 17:14:42[0m | [1mINFO    [0m | [1m排机超时保护已启动，最大允许时间: 10 分钟[0m
[32m2026-05-14 17:14:42[0m | [1mINFO    [0m | [1m
================================================================================[0m
[32m2026-05-14 17:14:42[0m | [1mINFO    [0m | [1m排机流程：纯规则排机[0m
[32m2026-05-14 17:14:42[0m | [1mINFO    [0m | [1m================================================================================[0m
[32m2026-05-14 17:14:42[0m | [1mINFO    [0m | [1mIndex校验器初始化完成（真实数据验证版本）[0m
[32m2026-05-14 17:14:42[0m | [1mINFO    [0m | [1mIndex校验器初始化完成（真实数据验证版本）[0m
[32m2026-05-14 17:14:42[0m | [1mINFO    [0m | [1m成Lane校验程序初始化完成 (严格模式: True, 碱基不均衡上限: 35%, 特殊文库关键词: 9个)[0m
[32m2026-05-14 17:14:42[0m | [33m[1mWARNING [0m | [33m[1mPooling配置表不存在: /data/work/yuyongpeng/liblane_v2_deepseek/data/wktype_pooling_config.xlsx，将使用默认策略[0m
[32m2026-05-14 17:14:42[0m | [1mINFO    [0m | [1m产出效率修正表不存在: /data/work/yuyongpeng/liblane_v2_deepseek/data/production_efficiency_correction.csv，跳过后校准[0m
[32m2026-05-14 17:14:42[0m | [33m[1mWARNING [0m | [33m[1m模型文件不存在: models/loutput_pre_lane_v5/lightgbm_model.pkl[0m
[32m2026-05-14 17:14:42[0m | [33m[1mWARNING [0m | [33m[1mloutput预测器不可用，将使用规则降级策略[0m
[32m2026-05-14 17:14:42[0m | [1mINFO    [0m | [1m逐Lane贪心排机器初始化完成 - 基础容量: 985.0GB, 利用率区间: [100%, 100%], 配置模式: 按机型自动[0m
[32m2026-05-14 17:14:42[0m | [1mINFO    [0m | [1m启用检查: Index=True, 碱基不均衡=True, 规则检查器=False[0m
[32m2026-05-14 17:14:42[0m | [1mINFO    [0m | [1m排机阶段：Pooling优化器已禁用（V6流程不需要）[0m
[32m2026-05-14 17:14:42[0m | [1mINFO    [0m | [1mIndex校验器初始化完成（真实数据验证版本）[0m
[32m2026-05-14 17:14:42[0m | [1mINFO    [0m | [1m成Lane校验程序初始化完成 (严格模式: True, 碱基不均衡上限: 35%, 特殊文库关键词: 9个)[0m
[32m2026-05-14 17:14:42[0m | [1mINFO    [0m | [1m严格校验容量区间改为按统一配置表动态解析[0m
[32m2026-05-14 17:14:42[0m | [1mINFO    [0m | [1m============================================================[0m
[32m2026-05-14 17:14:42[0m | [1mINFO    [0m | [1m[拆分] 开始文库拆分预处理[0m
[32m2026-05-14 17:14:42[0m | [1mINFO    [0m | [1m  拆分规则: 1.1模式文库（兼容旧名1.0）不拆分；3.6T-NEW模式按 单index >100.0G、多index >300.0G[0m
[32m2026-05-14 17:14:42[0m | [1mINFO    [0m | [1m  最小保留数据量: >2.0G[0m
[32m2026-05-14 17:14:42[0m | [1mINFO    [0m | [1m------------------------------------------------------------[0m
[32m2026-05-14 17:14:42[0m | [1mINFO    [0m | [1m 拆分完成[0m
[32m2026-05-14 17:14:42[0m | [1mINFO    [0m | [1m  原始文库数: 32[0m
[32m2026-05-14 17:14:42[0m | [1mINFO    [0m | [1m  拆分文库数: 21[0m
[32m2026-05-14 17:14:42[0m | [1mINFO    [0m | [1m  最终文库数: 107[0m
[32m2026-05-14 17:14:42[0m | [1mINFO    [0m | [1m============================================================[0m
[32m2026-05-14 17:14:42[0m | [1mINFO    [0m | [1m主流程前置拆分完成: 原始文库32个，触发拆分21个，拆分后文库107个[0m
[32m2026-05-14 17:14:42[0m | [1mINFO    [0m | [1m混排Peak窗口: 440-500bp, 88个文库/7959G, 理论最多7条Lane[0m
[32m2026-05-14 17:14:42[0m | [1mINFO    [0m | [1m混排Lane预抽取完成: 新增Lane=0，使用文库=0个/0.0G，剩余待排=107个/9809.0G[0m
[32m2026-05-14 17:14:42[0m | [1mINFO    [0m | [1m主流程规则分桶预调度: bucket=manual_or_risk:SINGAPORE-AMILI-400-SHOTGUN METAGENOMICS-6GB-PE150-NOVASEQXPLUS-WOBI-AWS-AMEA2023100602|S|META文库|NOVA X-25B|NA|MANUAL_RISK, count=30, data=2900.0G[0m
[32m2026-05-14 17:14:42[0m | [1mINFO    [0m | [1m开始逐Lane贪心排机 - 文库数: 30[0m
[32m2026-05-14 17:14:42[0m | [1mINFO    [0m | [1m预拆分完成: 使用外层已拆分文库[0m
[32m2026-05-14 17:14:42[0m | [1mINFO    [0m | [1m===== 批次全局分析报告 =====[0m
[32m2026-05-14 17:14:42[0m | [1mINFO    [0m | [1m机器类型: Nova X-25B[0m
[32m2026-05-14 17:14:42[0m | [1mINFO    [0m | [1m文库总数: 30[0m
[32m2026-05-14 17:14:42[0m | [1mINFO    [0m | [1m总数据量: 2900.0 GB[0m
[32m2026-05-14 17:14:42[0m | [1mINFO    [0m | [1m预估Lane数: 3~3[0m
[32m2026-05-14 17:14:42[0m | [1mINFO    [0m | [1m--- 特征标记 ---[0m
[32m2026-05-14 17:14:42[0m | [1mINFO    [0m | [1m  包Lane文库: 无[0m
[32m2026-05-14 17:14:42[0m | [1mINFO    [0m | [1m  碱基不均衡: 无[0m
[32m2026-05-14 17:14:42[0m | [1mINFO    [0m | [1m  客户文库:   无[0m
[32m2026-05-14 17:14:42[0m | [1mINFO    [0m | [1m  10bp文库:   有[0m
[32m2026-05-14 17:14:42[0m | [1mINFO    [0m | [1m  非10bp文库: 无[0m
[32m2026-05-14 17:14:42[0m | [1mINFO    [0m | [1m  特殊组合:   无[0m
[32m2026-05-14 17:14:42[0m | [1mINFO    [0m | [1m--- 分组画像 ---[0m
[32m2026-05-14 17:14:42[0m | [1mINFO    [0m | [1m  [10bp] 10碱基文库: 30个文库, 2900.0GB, 预估3~3条Lane[0m
[32m2026-05-14 17:14:42[0m | [1mINFO    [0m | [1m  [all] 全部文库: 30个文库, 2900.0GB, 预估3~3条Lane[0m
[32m2026-05-14 17:14:42[0m | [1mINFO    [0m | [1m--- 策略建议 ---[0m
[32m2026-05-14 17:14:42[0m | [1mINFO    [0m | [1m  - 数据分布较均匀，可按常规贪心排机流程处理[0m
[32m2026-05-14 17:14:42[0m | [1mINFO    [0m | [1m===== 报告结束 =====[0m
[32m2026-05-14 17:14:42[0m | [1mINFO    [0m | [1m===== 策略执行计划 =====[0m
[32m2026-05-14 17:14:42[0m | [1mINFO    [0m | [1m预估专用Lane: 0[0m
[32m2026-05-14 17:14:42[0m | [1mINFO    [0m | [1m预估混排Lane: 3~3[0m
[32m2026-05-14 17:14:42[0m | [1mINFO    [0m | [1m--- 策略决策 ---[0m
[32m2026-05-14 17:14:42[0m | [1mINFO    [0m | [1m  [P100] package_lane_first: 禁用 | 无包Lane/包FC文库，跳过[0m
[32m2026-05-14 17:14:42[0m | [1mINFO    [0m | [1m  [P80] dedicated_imbalance_lane: 禁用 | 无碱基不均衡文库，无需专用Lane[0m
[32m2026-05-14 17:14:42[0m | [1mINFO    [0m | [1m  [P70] dedicated_non_10bp_lane: 禁用 | 无非10bp文库，无需专用Lane[0m
[32m2026-05-14 17:14:42[0m | [1mINFO    [0m | [1m  [P60] backbone_reservation: 禁用 | 无显著尾部风险，无需骨架预留[0m
[32m2026-05-14 17:14:42[0m | [1mINFO    [0m | [1m  [P50] small_library_clustering: 启用 | 小文库聚类始终启用，可提升同尺寸小文库Lane利用率[0m
[32m2026-05-14 17:14:42[0m | [1mINFO    [0m | [1m--- 执行顺序 ---[0m
[32m2026-05-14 17:14:42[0m | [1mINFO    [0m | [1m  1. small_library_clustering[0m
[32m2026-05-14 17:14:42[0m | [1mINFO    [0m | [1m===== 计划结束 =====[0m
[32m2026-05-14 17:14:42[0m | [1mINFO    [0m | [1m处理机器类型 Nova X-25B - 文库数: 30 - Lane容量: 1050.0GB, 利用率区间: [100%, 100%], 特殊文库上限: 350GB[0m
[32m2026-05-14 17:14:42[0m | [33m[1mWARNING [0m | [33m[1mLane GL_Nova X-25B_001 数据量483.3G低于下限995.0G，30 个文库无法形成有效Lane[0m
[32m2026-05-14 17:14:42[0m | [1mINFO    [0m | [1m第二轮排机: 30 个未分配文库（随机顺序）[0m
[32m2026-05-14 17:14:42[0m | [33m[1mWARNING [0m | [33m[1mLane GL_Nova X-25B_002 数据量483.3G低于下限995.0G，30 个文库无法形成有效Lane[0m
[32m2026-05-14 17:14:42[0m | [1mINFO    [0m | [1m第三轮排机: 30 个未分配文库（小文库优先）[0m
[32m2026-05-14 17:14:42[0m | [33m[1mWARNING [0m | [33m[1mLane GL_Nova X-25B_003 数据量483.3G低于下限995.0G，30 个文库无法形成有效Lane[0m
[32m2026-05-14 17:14:42[0m | [1mINFO    [0m | [1m第4轮排机: 30 个未分配文库[0m
[32m2026-05-14 17:14:42[0m | [33m[1mWARNING [0m | [33m[1mLane GL_Nova X-25B_004 数据量483.3G低于下限995.0G，30 个文库无法形成有效Lane[0m
[32m2026-05-14 17:14:42[0m | [1mINFO    [0m | [1m第4轮排机后未分配池无变化，连续1轮停滞[0m
[32m2026-05-14 17:14:42[0m | [1mINFO    [0m | [1m第5轮排机: 30 个未分配文库[0m
[32m2026-05-14 17:14:42[0m | [33m[1mWARNING [0m | [33m[1mLane GL_Nova X-25B_005 数据量483.3G低于下限995.0G，30 个文库无法形成有效Lane[0m
[32m2026-05-14 17:14:42[0m | [1mINFO    [0m | [1m第5轮排机后未分配池无变化，连续2轮停滞[0m
[32m2026-05-14 17:14:42[0m | [1mINFO    [0m | [1m第6轮排机: 30 个未分配文库[0m
[32m2026-05-14 17:14:42[0m | [33m[1mWARNING [0m | [33m[1mLane GL_Nova X-25B_006 数据量483.3G低于下限995.0G，30 个文库无法形成有效Lane[0m
[32m2026-05-14 17:14:42[0m | [1mINFO    [0m | [1m第6轮排机后未分配池无变化，连续3轮停滞[0m
[32m2026-05-14 17:14:42[0m | [1mINFO    [0m | [1m第7轮排机: 30 个未分配文库[0m
[32m2026-05-14 17:14:42[0m | [33m[1mWARNING [0m | [33m[1mLane GL_Nova X-25B_007 数据量483.3G低于下限995.0G，30 个文库无法形成有效Lane[0m
[32m2026-05-14 17:14:42[0m | [1mINFO    [0m | [1m第7轮排机后未分配池无变化，连续4轮停滞[0m
[32m2026-05-14 17:14:42[0m | [1mINFO    [0m | [1m第8轮排机: 30 个未分配文库[0m
[32m2026-05-14 17:14:42[0m | [33m[1mWARNING [0m | [33m[1mLane GL_Nova X-25B_008 数据量483.3G低于下限995.0G，30 个文库无法形成有效Lane[0m
[32m2026-05-14 17:14:42[0m | [1mINFO    [0m | [1m第8轮排机后未分配池无变化，连续5轮停滞[0m
[32m2026-05-14 17:14:42[0m | [1mINFO    [0m | [1m连续5轮无新Lane且未分配池不变，提前结束无效重试[0m
[32m2026-05-14 17:14:42[0m | [1mINFO    [0m | [1m逐Lane贪心排机完成 - Lane数: 0, 已分配: 0/30, 未分配: 30, 平均利用率: 0.0%, 耗时: 0.02秒[0m
[32m2026-05-14 17:14:42[0m | [1mINFO    [0m | [1mIndex校验器初始化完成（真实数据验证版本）[0m
[32m2026-05-14 17:14:42[0m | [1mINFO    [0m | [1m成Lane校验程序初始化完成 (严格模式: False, 碱基不均衡上限: 35%, 特殊文库关键词: 9个)[0m
[32m2026-05-14 17:14:42[0m | [1mINFO    [0m | [1m最终验证结果: 0条Lane通过，30个文库未分配[0m
[32m2026-05-14 17:14:42[0m | [1mINFO    [0m | [1m主流程规则分桶预调度: bucket=manual_or_risk:瑞兴SMALLRNA测序技术服务（委托）合同|S|SMALL RNA文库|NOVA X-25B|NA|MANUAL_RISK, count=18, data=1800.0G[0m
[32m2026-05-14 17:14:42[0m | [1mINFO    [0m | [1m开始逐Lane贪心排机 - 文库数: 18[0m
[32m2026-05-14 17:14:42[0m | [1mINFO    [0m | [1m预拆分完成: 使用外层已拆分文库[0m
[32m2026-05-14 17:14:42[0m | [1mINFO    [0m | [1m使用外部传入的全局分析报告（全量文库），跳过内部分析[0m
[32m2026-05-14 17:14:42[0m | [1mINFO    [0m | [1m处理机器类型 Nova X-25B - 文库数: 18 - Lane容量: 1050.0GB, 利用率区间: [100%, 100%], 特殊文库上限: 350GB[0m
[32m2026-05-14 17:14:42[0m | [33m[1mWARNING [0m | [33m[1m剩余 18 个文库无法分配（全部有约束冲突）[0m
[32m2026-05-14 17:14:42[0m | [1mINFO    [0m | [1m第二轮排机: 18 个未分配文库（随机顺序）[0m
[32m2026-05-14 17:14:42[0m | [33m[1mWARNING [0m | [33m[1m剩余 18 个文库无法分配（全部有约束冲突）[0m
[32m2026-05-14 17:14:42[0m | [1mINFO    [0m | [1m第三轮排机: 18 个未分配文库（小文库优先）[0m
[32m2026-05-14 17:14:42[0m | [33m[1mWARNING [0m | [33m[1m剩余 18 个文库无法分配（全部有约束冲突）[0m
[32m2026-05-14 17:14:42[0m | [1mINFO    [0m | [1m第4轮排机: 18 个未分配文库[0m
[32m2026-05-14 17:14:42[0m | [33m[1mWARNING [0m | [33m[1m剩余 18 个文库无法分配（全部有约束冲突）[0m
[32m2026-05-14 17:14:42[0m | [1mINFO    [0m | [1m第4轮排机后未分配池无变化，连续1轮停滞[0m
[32m2026-05-14 17:14:42[0m | [1mINFO    [0m | [1m第5轮排机: 18 个未分配文库[0m
[32m2026-05-14 17:14:42[0m | [33m[1mWARNING [0m | [33m[1m剩余 18 个文库无法分配（全部有约束冲突）[0m
[32m2026-05-14 17:14:42[0m | [1mINFO    [0m | [1m第5轮排机后未分配池无变化，连续2轮停滞[0m
[32m2026-05-14 17:14:42[0m | [1mINFO    [0m | [1m第6轮排机: 18 个未分配文库[0m
[32m2026-05-14 17:14:42[0m | [33m[1mWARNING [0m | [33m[1m剩余 18 个文库无法分配（全部有约束冲突）[0m
[32m2026-05-14 17:14:42[0m | [1mINFO    [0m | [1m第6轮排机后未分配池无变化，连续3轮停滞[0m
[32m2026-05-14 17:14:42[0m | [1mINFO    [0m | [1m第7轮排机: 18 个未分配文库[0m
[32m2026-05-14 17:14:42[0m | [33m[1mWARNING [0m | [33m[1m剩余 18 个文库无法分配（全部有约束冲突）[0m
[32m2026-05-14 17:14:42[0m | [1mINFO    [0m | [1m第7轮排机后未分配池无变化，连续4轮停滞[0m
[32m2026-05-14 17:14:42[0m | [1mINFO    [0m | [1m第8轮排机: 18 个未分配文库[0m
[32m2026-05-14 17:14:42[0m | [33m[1mWARNING [0m | [33m[1m剩余 18 个文库无法分配（全部有约束冲突）[0m
[32m2026-05-14 17:14:42[0m | [1mINFO    [0m | [1m第8轮排机后未分配池无变化，连续5轮停滞[0m
[32m2026-05-14 17:14:42[0m | [1mINFO    [0m | [1m连续5轮无新Lane且未分配池不变，提前结束无效重试[0m
[32m2026-05-14 17:14:42[0m | [1mINFO    [0m | [1m逐Lane贪心排机完成 - Lane数: 0, 已分配: 0/18, 未分配: 18, 平均利用率: 0.0%, 耗时: 0.02秒[0m
[32m2026-05-14 17:14:42[0m | [1mINFO    [0m | [1mIndex校验器初始化完成（真实数据验证版本）[0m
[32m2026-05-14 17:14:42[0m | [1mINFO    [0m | [1m成Lane校验程序初始化完成 (严格模式: False, 碱基不均衡上限: 35%, 特殊文库关键词: 9个)[0m
[32m2026-05-14 17:14:42[0m | [1mINFO    [0m | [1m最终验证结果: 0条Lane通过，18个文库未分配[0m
[32m2026-05-14 17:14:42[0m | [1mINFO    [0m | [1m主流程规则分桶预调度: bucket=manual_or_risk:（极速周期）北大WY组-16例样本宏基因组测序分析技术服务（委托）合同|S|META文库|NOVA X-25B|NA|MANUAL_RISK, count=16, data=1560.0G[0m
[32m2026-05-14 17:14:42[0m | [1mINFO    [0m | [1m开始逐Lane贪心排机 - 文库数: 16[0m
[32m2026-05-14 17:14:42[0m | [1mINFO    [0m | [1m预拆分完成: 使用外层已拆分文库[0m
[32m2026-05-14 17:14:42[0m | [1mINFO    [0m | [1m使用外部传入的全局分析报告（全量文库），跳过内部分析[0m
[32m2026-05-14 17:14:42[0m | [1mINFO    [0m | [1m处理机器类型 Nova X-25B - 文库数: 16 - Lane容量: 1050.0GB, 利用率区间: [100%, 100%], 特殊文库上限: 350GB[0m
[32m2026-05-14 17:14:42[0m | [33m[1mWARNING [0m | [33m[1mLane GL_Nova X-25B_001 数据量293.3G低于下限995.0G，16 个文库无法形成有效Lane[0m
[32m2026-05-14 17:14:42[0m | [1mINFO    [0m | [1m第二轮排机: 16 个未分配文库（随机顺序）[0m
[32m2026-05-14 17:14:42[0m | [33m[1mWARNING [0m | [33m[1mLane GL_Nova X-25B_002 数据量293.3G低于下限995.0G，16 个文库无法形成有效Lane[0m
[32m2026-05-14 17:14:42[0m | [1mINFO    [0m | [1m第三轮排机: 16 个未分配文库（小文库优先）[0m
[32m2026-05-14 17:14:42[0m | [33m[1mWARNING [0m | [33m[1mLane GL_Nova X-25B_003 数据量293.3G低于下限995.0G，16 个文库无法形成有效Lane[0m
[32m2026-05-14 17:14:42[0m | [1mINFO    [0m | [1m第4轮排机: 16 个未分配文库[0m
[32m2026-05-14 17:14:42[0m | [33m[1mWARNING [0m | [33m[1mLane GL_Nova X-25B_004 数据量293.3G低于下限995.0G，16 个文库无法形成有效Lane[0m
[32m2026-05-14 17:14:42[0m | [1mINFO    [0m | [1m第4轮排机后未分配池无变化，连续1轮停滞[0m
[32m2026-05-14 17:14:42[0m | [1mINFO    [0m | [1m第5轮排机: 16 个未分配文库[0m
[32m2026-05-14 17:14:42[0m | [33m[1mWARNING [0m | [33m[1mLane GL_Nova X-25B_005 数据量293.3G低于下限995.0G，16 个文库无法形成有效Lane[0m
[32m2026-05-14 17:14:42[0m | [1mINFO    [0m | [1m第5轮排机后未分配池无变化，连续2轮停滞[0m
[32m2026-05-14 17:14:42[0m | [1mINFO    [0m | [1m第6轮排机: 16 个未分配文库[0m
[32m2026-05-14 17:14:42[0m | [33m[1mWARNING [0m | [33m[1mLane GL_Nova X-25B_006 数据量293.3G低于下限995.0G，16 个文库无法形成有效Lane[0m
[32m2026-05-14 17:14:42[0m | [1mINFO    [0m | [1m第6轮排机后未分配池无变化，连续3轮停滞[0m
[32m2026-05-14 17:14:42[0m | [1mINFO    [0m | [1m第7轮排机: 16 个未分配文库[0m
[32m2026-05-14 17:14:42[0m | [33m[1mWARNING [0m | [33m[1mLane GL_Nova X-25B_007 数据量293.3G低于下限995.0G，16 个文库无法形成有效Lane[0m
[32m2026-05-14 17:14:42[0m | [1mINFO    [0m | [1m第7轮排机后未分配池无变化，连续4轮停滞[0m
[32m2026-05-14 17:14:42[0m | [1mINFO    [0m | [1m第8轮排机: 16 个未分配文库[0m
[32m2026-05-14 17:14:42[0m | [33m[1mWARNING [0m | [33m[1mLane GL_Nova X-25B_008 数据量293.3G低于下限995.0G，16 个文库无法形成有效Lane[0m
[32m2026-05-14 17:14:42[0m | [1mINFO    [0m | [1m第8轮排机后未分配池无变化，连续5轮停滞[0m
[32m2026-05-14 17:14:42[0m | [1mINFO    [0m | [1m连续5轮无新Lane且未分配池不变，提前结束无效重试[0m
[32m2026-05-14 17:14:42[0m | [1mINFO    [0m | [1m逐Lane贪心排机完成 - Lane数: 0, 已分配: 0/16, 未分配: 16, 平均利用率: 0.0%, 耗时: 0.01秒[0m
[32m2026-05-14 17:14:42[0m | [1mINFO    [0m | [1mIndex校验器初始化完成（真实数据验证版本）[0m
[32m2026-05-14 17:14:42[0m | [1mINFO    [0m | [1m成Lane校验程序初始化完成 (严格模式: False, 碱基不均衡上限: 35%, 特殊文库关键词: 9个)[0m
[32m2026-05-14 17:14:42[0m | [1mINFO    [0m | [1m最终验证结果: 0条Lane通过，16个文库未分配[0m
[32m2026-05-14 17:14:42[0m | [1mINFO    [0m | [1m主流程规则分桶预调度: bucket=manual_or_risk:余代静山西医科大学301个宏基因组测序分析和301个HQ非靶代谢分析技术服务（委托）合同|S|META文库|NOVA X-25B|NA|MANUAL_RISK, count=12, data=1160.0G[0m
[32m2026-05-14 17:14:42[0m | [1mINFO    [0m | [1m开始逐Lane贪心排机 - 文库数: 12[0m
[32m2026-05-14 17:14:42[0m | [1mINFO    [0m | [1m预拆分完成: 使用外层已拆分文库[0m
[32m2026-05-14 17:14:42[0m | [1mINFO    [0m | [1m使用外部传入的全局分析报告（全量文库），跳过内部分析[0m
[32m2026-05-14 17:14:42[0m | [1mINFO    [0m | [1m处理机器类型 Nova X-25B - 文库数: 12 - Lane容量: 1050.0GB, 利用率区间: [100%, 100%], 特殊文库上限: 350GB[0m
[32m2026-05-14 17:14:42[0m | [33m[1mWARNING [0m | [33m[1mLane GL_Nova X-25B_001 数据量193.3G低于下限995.0G，12 个文库无法形成有效Lane[0m
[32m2026-05-14 17:14:42[0m | [1mINFO    [0m | [1m第二轮排机: 12 个未分配文库（随机顺序）[0m
[32m2026-05-14 17:14:42[0m | [33m[1mWARNING [0m | [33m[1mLane GL_Nova X-25B_002 数据量193.3G低于下限995.0G，12 个文库无法形成有效Lane[0m
[32m2026-05-14 17:14:42[0m | [1mINFO    [0m | [1m第三轮排机: 12 个未分配文库（小文库优先）[0m
[32m2026-05-14 17:14:42[0m | [33m[1mWARNING [0m | [33m[1mLane GL_Nova X-25B_003 数据量193.3G低于下限995.0G，12 个文库无法形成有效Lane[0m
[32m2026-05-14 17:14:42[0m | [1mINFO    [0m | [1m第4轮排机: 12 个未分配文库[0m
[32m2026-05-14 17:14:42[0m | [33m[1mWARNING [0m | [33m[1mLane GL_Nova X-25B_004 数据量193.3G低于下限995.0G，12 个文库无法形成有效Lane[0m
[32m2026-05-14 17:14:42[0m | [1mINFO    [0m | [1m第4轮排机后未分配池无变化，连续1轮停滞[0m
[32m2026-05-14 17:14:42[0m | [1mINFO    [0m | [1m第5轮排机: 12 个未分配文库[0m
[32m2026-05-14 17:14:42[0m | [33m[1mWARNING [0m | [33m[1mLane GL_Nova X-25B_005 数据量193.3G低于下限995.0G，12 个文库无法形成有效Lane[0m
[32m2026-05-14 17:14:42[0m | [1mINFO    [0m | [1m第5轮排机后未分配池无变化，连续2轮停滞[0m
[32m2026-05-14 17:14:42[0m | [1mINFO    [0m | [1m第6轮排机: 12 个未分配文库[0m
[32m2026-05-14 17:14:42[0m | [33m[1mWARNING [0m | [33m[1mLane GL_Nova X-25B_006 数据量193.3G低于下限995.0G，12 个文库无法形成有效Lane[0m
[32m2026-05-14 17:14:42[0m | [1mINFO    [0m | [1m第6轮排机后未分配池无变化，连续3轮停滞[0m
[32m2026-05-14 17:14:42[0m | [1mINFO    [0m | [1m第7轮排机: 12 个未分配文库[0m
[32m2026-05-14 17:14:42[0m | [33m[1mWARNING [0m | [33m[1mLane GL_Nova X-25B_007 数据量193.3G低于下限995.0G，12 个文库无法形成有效Lane[0m
[32m2026-05-14 17:14:42[0m | [1mINFO    [0m | [1m第7轮排机后未分配池无变化，连续4轮停滞[0m
[32m2026-05-14 17:14:42[0m | [1mINFO    [0m | [1m第8轮排机: 12 个未分配文库[0m
[32m2026-05-14 17:14:42[0m | [33m[1mWARNING [0m | [33m[1mLane GL_Nova X-25B_008 数据量193.3G低于下限995.0G，12 个文库无法形成有效Lane[0m
[32m2026-05-14 17:14:42[0m | [1mINFO    [0m | [1m第8轮排机后未分配池无变化，连续5轮停滞[0m
[32m2026-05-14 17:14:42[0m | [1mINFO    [0m | [1m连续5轮无新Lane且未分配池不变，提前结束无效重试[0m
[32m2026-05-14 17:14:42[0m | [1mINFO    [0m | [1m逐Lane贪心排机完成 - Lane数: 0, 已分配: 0/12, 未分配: 12, 平均利用率: 0.0%, 耗时: 0.01秒[0m
[32m2026-05-14 17:14:42[0m | [1mINFO    [0m | [1mIndex校验器初始化完成（真实数据验证版本）[0m
[32m2026-05-14 17:14:42[0m | [1mINFO    [0m | [1m成Lane校验程序初始化完成 (严格模式: False, 碱基不均衡上限: 35%, 特殊文库关键词: 9个)[0m
[32m2026-05-14 17:14:42[0m | [1mINFO    [0m | [1m最终验证结果: 0条Lane通过，12个文库未分配[0m
[32m2026-05-14 17:14:42[0m | [1mINFO    [0m | [1m主流程规则分桶跳过: bucket=manual_or_risk:内蒙古农业大学宏基因组建库测序技术服务（委托）合同|S|META文库|NOVA X-25B|NA|MANUAL_RISK, count=6, reason=总量580.0G低于最小门槛995.0G[0m
[32m2026-05-14 17:14:42[0m | [1mINFO    [0m | [1m主流程规则分桶跳过: bucket=manual_or_risk:100个META建库测序分析技术服务（委托）合同|S|META文库|NOVA X-25B|NA|MANUAL_RISK, count=1, reason=总量100.0G低于最小门槛2095.0G[0m
[32m2026-05-14 17:14:42[0m | [1mINFO    [0m | [1m主流程规则分桶跳过: bucket=manual_or_risk:NCRNA产品竞争力增强研发项目|S|SMALL RNA文库|NOVA X-25B|NA|MANUAL_RISK, count=1, reason=总量50.0G低于最小门槛2095.0G[0m
[32m2026-05-14 17:14:42[0m | [1mINFO    [0m | [1m主流程规则分桶跳过: bucket=ten_x:250804-同济V3转V4重签分析技术服务（委托）合同|S|10X转录组-3'文库|NOVA X-25B|NA|TENX+MANUAL_RISK+IMBALANCE, count=2, reason=总量150.0G低于最小门槛970.0G[0m
[32m2026-05-14 17:14:42[0m | [1mINFO    [0m | [1m主流程规则分桶跳过: bucket=ten_x:山东大学4例10X3'单细胞建库测序矩阵分析技术服务（委托）合同-邵琪琪|S|10X转录组-3'文库|NOVA X-25B|NA|TENX+MANUAL_RISK+IMBALANCE, count=2, reason=总量150.0G低于最小门槛970.0G[0m
[32m2026-05-14 17:14:42[0m | [1mINFO    [0m | [1m主流程规则分桶跳过: bucket=ten_x:整形医院15例3'单细胞转录组分析技术服务（委托）合同|S|10X转录组-3'文库|NOVA X-25B|NA|TENX+MANUAL_RISK+IMBALANCE, count=2, reason=总量150.0G低于最小门槛970.0G[0m
[32m2026-05-14 17:14:42[0m | [1mINFO    [0m | [1m主流程规则分桶跳过: bucket=ten_x:深圳市人民医院10XATAC 多组学建库测序技术服务（委托）合同|S|10X转录组-3'文库|NOVA X-25B|NA|TENX+MANUAL_RISK+IMBALANCE, count=2, reason=总量150.0G低于最小门槛970.0G[0m
[32m2026-05-14 17:14:42[0m | [1mINFO    [0m | [1m主流程规则分桶跳过: bucket=ten_x:茵菲多组学80个10X3'单细胞转录组测序技术服务（委托）合同|S|10X转录组-3'文库|NOVA X-25B|NA|TENX+MANUAL_RISK+IMBALANCE, count=2, reason=总量150.0G低于最小门槛970.0G[0m
[32m2026-05-14 17:14:42[0m | [1mINFO    [0m | [1m主流程规则分桶跳过: bucket=ten_x:贵州医科大学附属医院2例组织照光解离10X单细胞转录分析技术服务（委托）合同|S|10X转录组-3'文库|NOVA X-25B|NA|TENX+MANUAL_RISK+IMBALANCE, count=2, reason=总量150.0G低于最小门槛970.0G[0m
[32m2026-05-14 17:14:42[0m | [1mINFO    [0m | [1m主流程规则分桶跳过: bucket=general:239个刺参组织转录组测序分析技术服务（委托）合同|Z|VIP-真核普通转录组文库|NOVASEQ X PLUS|NA|NORMAL, count=4, reason=总量333.0G低于最小门槛2095.0G[0m
[32m2026-05-14 17:14:42[0m | [1mINFO    [0m | [1m主流程规则分桶跳过: bucket=general:怀化市农业科学院40例转录组+20扩增子测序项目分析技术服务（委托）合同-CL|Z|VIP-真核普通转录组文库|NOVASEQ X PLUS|NA|NORMAL, count=2, reason=总量122.0G低于最小门槛2095.0G[0m
[32m2026-05-14 17:14:42[0m | [1mINFO    [0m | [1m主流程规则分桶跳过: bucket=general:郭老师7月份转录组合同-100个分析技术服务（委托）合同|Z|VIP-真核普通转录组文库|NOVASEQ X PLUS|NA|NORMAL, count=2, reason=总量102.0G低于最小门槛995.0G[0m
[32m2026-05-14 17:14:42[0m | [1mINFO    [0m | [1m主流程规则分桶跳过: bucket=general:晨光生物科技集团邯郸有限公司16例DEEP DIA蛋白HQ非靶代谢转录分析技术服务（委托）合同|Z|VIP-真核普通转录组文库|NOVASEQ X PLUS|NA|NORMAL, count=1, reason=总量96.0G低于最小门槛2095.0G[0m
[32m2026-05-14 17:14:42[0m | [1mINFO    [0m | [1m主流程规则分桶跳过: bucket=general:（极速周期）2025年艾斯基因建库测序年度框架分析技术服务（委托）合同|Z|VIP-真核普通转录组文库|NOVASEQ X PLUS|NA|NORMAL, count=1, reason=总量56.0G低于最小门槛2095.0G[0m
[32m2026-05-14 17:14:42[0m | [1mINFO    [0m | [1m主流程规则分桶跳过: bucket=general:首医陈老师组自建库+MRNA分析技术服务（委托）合同|Z|VIP-真核普通转录组文库|NOVASEQ X PLUS|NA|NORMAL, count=1, reason=总量50.0G低于最小门槛2095.0G[0m
[32m2026-05-14 17:14:42[0m | [1mINFO    [0m | [1m主流程规则分桶预调度完成: 分桶=19，桶后尾货=107个/9809.0G[0m
[32m2026-05-14 17:14:42[0m | [1mINFO    [0m | [1m主流程尾货统一补排启动: count=107, data=9809.0G[0m
[32m2026-05-14 17:14:42[0m | [1mINFO    [0m | [1m开始逐Lane贪心排机 - 文库数: 107[0m
[32m2026-05-14 17:14:42[0m | [1mINFO    [0m | [1m预拆分完成: 使用外层已拆分文库[0m
[32m2026-05-14 17:14:42[0m | [1mINFO    [0m | [1m使用外部传入的全局分析报告（全量文库），跳过内部分析[0m
[32m2026-05-14 17:14:42[0m | [1mINFO    [0m | [1m处理机器类型 Nova X-25B - 文库数: 96 - Lane容量: 1050.0GB, 利用率区间: [100%, 100%], 特殊文库上限: 350GB[0m
[32m2026-05-14 17:14:42[0m | [1mINFO    [0m | [1mLane GL_Nova X-25B_001 通过验证 - 文库数: 11, 数据量: 1066.7GB, 规则: tj_1595_standard_pe150_25b[0m
[32m2026-05-14 17:14:42[0m | [33m[1mWARNING [0m | [33m[1mLane GL_Nova X-25B_002 数据量966.7G低于下限995.0G，85 个文库无法形成有效Lane[0m
[32m2026-05-14 17:14:42[0m | [1mINFO    [0m | [1m第二轮排机: 85 个未分配文库（随机顺序）[0m
[32m2026-05-14 17:14:42[0m | [33m[1mWARNING [0m | [33m[1mLane GL_Nova X-25B_003 数据量966.7G低于下限995.0G，85 个文库无法形成有效Lane[0m
[32m2026-05-14 17:14:42[0m | [1mINFO    [0m | [1m第三轮排机: 85 个未分配文库（小文库优先）[0m
[32m2026-05-14 17:14:42[0m | [33m[1mWARNING [0m | [33m[1mLane GL_Nova X-25B_004 数据量966.7G低于下限995.0G，85 个文库无法形成有效Lane[0m
[32m2026-05-14 17:14:42[0m | [1mINFO    [0m | [1m第4轮排机: 85 个未分配文库[0m
[32m2026-05-14 17:14:42[0m | [33m[1mWARNING [0m | [33m[1mLane GL_Nova X-25B_005 数据量966.7G低于下限995.0G，85 个文库无法形成有效Lane[0m
[32m2026-05-14 17:14:42[0m | [1mINFO    [0m | [1m第4轮排机后未分配池无变化，连续1轮停滞[0m
[32m2026-05-14 17:14:42[0m | [1mINFO    [0m | [1m第5轮排机: 85 个未分配文库[0m
[32m2026-05-14 17:14:42[0m | [33m[1mWARNING [0m | [33m[1mLane GL_Nova X-25B_006 数据量966.7G低于下限995.0G，85 个文库无法形成有效Lane[0m
[32m2026-05-14 17:14:42[0m | [1mINFO    [0m | [1m第5轮排机后未分配池无变化，连续2轮停滞[0m
[32m2026-05-14 17:14:42[0m | [1mINFO    [0m | [1m第6轮排机: 85 个未分配文库[0m
[32m2026-05-14 17:14:42[0m | [33m[1mWARNING [0m | [33m[1mLane GL_Nova X-25B_007 数据量966.7G低于下限995.0G，85 个文库无法形成有效Lane[0m
[32m2026-05-14 17:14:42[0m | [1mINFO    [0m | [1m第6轮排机后未分配池无变化，连续3轮停滞[0m
[32m2026-05-14 17:14:42[0m | [1mINFO    [0m | [1m第7轮排机: 85 个未分配文库[0m
[32m2026-05-14 17:14:42[0m | [33m[1mWARNING [0m | [33m[1mLane GL_Nova X-25B_008 数据量966.7G低于下限995.0G，85 个文库无法形成有效Lane[0m
[32m2026-05-14 17:14:42[0m | [1mINFO    [0m | [1m第7轮排机后未分配池无变化，连续4轮停滞[0m
[32m2026-05-14 17:14:42[0m | [1mINFO    [0m | [1m第8轮排机: 85 个未分配文库[0m
[32m2026-05-14 17:14:42[0m | [33m[1mWARNING [0m | [33m[1mLane GL_Nova X-25B_009 数据量966.7G低于下限995.0G，85 个文库无法形成有效Lane[0m
[32m2026-05-14 17:14:42[0m | [1mINFO    [0m | [1m第8轮排机后未分配池无变化，连续5轮停滞[0m
[32m2026-05-14 17:14:42[0m | [1mINFO    [0m | [1m连续5轮无新Lane且未分配池不变，提前结束无效重试[0m
[32m2026-05-14 17:14:42[0m | [1mINFO    [0m | [1m专用Lane分组G54剩余合同量900.0G无法满足1.1或3.6T-NEW有效容量下限[0m
[32m2026-05-14 17:14:42[0m | [1mINFO    [0m | [1m专用Lane创建完成: 0条Lane, 12个碱基不均衡文库待分配, 73个中性文库待分配[0m
[32m2026-05-14 17:14:42[0m | [1mINFO    [0m | [1m处理机器类型 NovaSeq X Plus - 文库数: 11 - Lane容量: 1100GB, 利用率区间: [100%, 100%], 特殊文库上限: 350GB[0m
[32m2026-05-14 17:14:42[0m | [33m[1mWARNING [0m | [33m[1mLane GL_NovaSeq X Plus_001 数据量708.0G低于下限995.0G，11 个文库无法形成有效Lane[0m
[32m2026-05-14 17:14:42[0m | [1mINFO    [0m | [1m剩余池总量759.0GB不足最小成Lane门槛995.0GB，跳过后续随机重试[0m
[32m2026-05-14 17:14:42[0m | [1mINFO    [0m | [1m最后填充策略: 尝试将96个未分配文库塞入已有Lane[0m
[32m2026-05-14 17:14:42[0m | [1mINFO    [0m | [1m挪移优化: 未分配数据量8742GB已足够，尝试精选组建新Lane[0m
[32m2026-05-14 17:14:42[0m | [1mINFO    [0m | [1m残余精选: 内部96个, 客户0个[0m
[32m2026-05-14 17:14:42[0m | [1mINFO    [0m | [1mIndex校验器初始化完成（真实数据验证版本）[0m
[32m2026-05-14 17:14:42[0m | [1mINFO    [0m | [1m成Lane校验程序初始化完成 (严格模式: True, 碱基不均衡上限: 35%, 特殊文库关键词: 9个)[0m
[32m2026-05-14 17:14:42[0m | [1mINFO    [0m | [1m残余精选: 验证失败 - ValidationError(rule_type=<ValidationRuleType.PEAK_SIZE: 'peak_size'>, severity=<ValidationSeverity.ERROR: 'error'>, message='Peak Size范围351bp超过150bp，最佳窗口覆盖72.1%<75%', current_value=351.0, threshold_value=150, affected_libraries=[])[0m
[32m2026-05-14 17:14:42[0m | [1mINFO    [0m | [1m挪移优化: 精选组建失败，继续尝试挪移策略[0m
[32m2026-05-14 17:14:42[0m | [1mINFO    [0m | [1m挪移优化: 未分配96个文库(8742GB)，需要从现有Lane挪出-7747GB[0m
[32m2026-05-14 17:14:42[0m | [33m[1mWARNING [0m | [33m[1m挪移优化: 新Lane GL_NovaSeq X Plus_002 验证失败: 容量超限: 8742.3GB > 1105.0GB，放弃创建[0m
[32m2026-05-14 17:14:42[0m | [1mINFO    [0m | [1m逐Lane贪心排机完成 - Lane数: 1, 已分配: 11/107, 未分配: 96, 平均利用率: 101.6%, 耗时: 0.12秒[0m
[32m2026-05-14 17:14:42[0m | [1mINFO    [0m | [1mIndex校验器初始化完成（真实数据验证版本）[0m
[32m2026-05-14 17:14:42[0m | [1mINFO    [0m | [1m成Lane校验程序初始化完成 (严格模式: False, 碱基不均衡上限: 35%, 特殊文库关键词: 9个)[0m
[32m2026-05-14 17:14:42[0m | [1mINFO    [0m | [1m最终验证结果: 1条Lane通过，96个文库未分配[0m
[32m2026-05-14 17:14:42[0m | [1mINFO    [0m | [1mwkspecialsplits边排边检查完成: 无需调整[0m
[32m2026-05-14 17:14:42[0m | [1mINFO    [0m | [1m验证完成：1条Lane通过验证[0m
[32m2026-05-14 17:14:42[0m | [1mINFO    [0m | [1m57规则二次改排救援已关闭，失败Lane文库回收到未分配池[0m
[32m2026-05-14 17:14:42[0m | [1mINFO    [0m | [1m补Lane轻校验跳过: variant=manual_or_risk:余代静山西医科大学301个宏基因组测序分析和301个HQ非靶代谢分析技术服务（委托）合同|S|META文库|NOVA X-25B|NA|MANUAL_RISK, lane_prefix=EX, pool_size=10, reason=总量966.7G低于最小门槛995.0G[0m
[32m2026-05-14 17:14:42[0m | [1mINFO    [0m | [1m补Lane轻校验跳过: variant=manual_or_risk:内蒙古农业大学宏基因组建库测序技术服务（委托）合同|S|META文库|NOVA X-25B|NA|MANUAL_RISK, lane_prefix=EX, pool_size=5, reason=总量483.3G低于最小门槛995.0G[0m
[32m2026-05-14 17:14:42[0m | [1mINFO    [0m | [1m补Lane轻校验跳过: variant=manual_or_risk:NCRNA产品竞争力增强研发项目|S|SMALL RNA文库|NOVA X-25B|NA|MANUAL_RISK, lane_prefix=EX, pool_size=1, reason=总量50.0G低于最小门槛2095.0G[0m
[32m2026-05-14 17:14:42[0m | [1mINFO    [0m | [1m补Lane轻校验跳过: variant=ten_x:250804-同济V3转V4重签分析技术服务（委托）合同|S|10X转录组-3'文库|NOVA X-25B|NA|TENX+MANUAL_RISK+IMBALANCE, lane_prefix=EX, pool_size=2, reason=总量150.0G低于最小门槛970.0G[0m
[32m2026-05-14 17:14:42[0m | [1mINFO    [0m | [1m补Lane轻校验跳过: variant=ten_x:山东大学4例10X3'单细胞建库测序矩阵分析技术服务（委托）合同-邵琪琪|S|10X转录组-3'文库|NOVA X-25B|NA|TENX+MANUAL_RISK+IMBALANCE, lane_prefix=EX, pool_size=2, reason=总量150.0G低于最小门槛970.0G[0m
[32m2026-05-14 17:14:42[0m | [1mINFO    [0m | [1m补Lane轻校验跳过: variant=ten_x:整形医院15例3'单细胞转录组分析技术服务（委托）合同|S|10X转录组-3'文库|NOVA X-25B|NA|TENX+MANUAL_RISK+IMBALANCE, lane_prefix=EX, pool_size=2, reason=总量150.0G低于最小门槛970.0G[0m
[32m2026-05-14 17:14:42[0m | [1mINFO    [0m | [1m补Lane轻校验跳过: variant=ten_x:深圳市人民医院10XATAC 多组学建库测序技术服务（委托）合同|S|10X转录组-3'文库|NOVA X-25B|NA|TENX+MANUAL_RISK+IMBALANCE, lane_prefix=EX, pool_size=2, reason=总量150.0G低于最小门槛970.0G[0m
[32m2026-05-14 17:14:42[0m | [1mINFO    [0m | [1m补Lane轻校验跳过: variant=ten_x:茵菲多组学80个10X3'单细胞转录组测序技术服务（委托）合同|S|10X转录组-3'文库|NOVA X-25B|NA|TENX+MANUAL_RISK+IMBALANCE, lane_prefix=EX, pool_size=2, reason=总量150.0G低于最小门槛970.0G[0m
[32m2026-05-14 17:14:42[0m | [1mINFO    [0m | [1m补Lane轻校验跳过: variant=ten_x:贵州医科大学附属医院2例组织照光解离10X单细胞转录分析技术服务（委托）合同|S|10X转录组-3'文库|NOVA X-25B|NA|TENX+MANUAL_RISK+IMBALANCE, lane_prefix=EX, pool_size=2, reason=总量150.0G低于最小门槛970.0G[0m
[32m2026-05-14 17:14:42[0m | [1mINFO    [0m | [1m补Lane轻校验跳过: variant=general:239个刺参组织转录组测序分析技术服务（委托）合同|Z|VIP-真核普通转录组文库|NOVASEQ X PLUS|NA|NORMAL, lane_prefix=EX, pool_size=4, reason=总量333.0G低于最小门槛2095.0G[0m
[32m2026-05-14 17:14:42[0m | [1mINFO    [0m | [1m补Lane轻校验跳过: variant=general:怀化市农业科学院40例转录组+20扩增子测序项目分析技术服务（委托）合同-CL|Z|VIP-真核普通转录组文库|NOVASEQ X PLUS|NA|NORMAL, lane_prefix=EX, pool_size=2, reason=总量122.0G低于最小门槛2095.0G[0m
[32m2026-05-14 17:14:42[0m | [1mINFO    [0m | [1m补Lane轻校验跳过: variant=general:郭老师7月份转录组合同-100个分析技术服务（委托）合同|Z|VIP-真核普通转录组文库|NOVASEQ X PLUS|NA|NORMAL, lane_prefix=EX, pool_size=2, reason=总量102.0G低于最小门槛995.0G[0m
[32m2026-05-14 17:14:42[0m | [1mINFO    [0m | [1m补Lane轻校验跳过: variant=general:晨光生物科技集团邯郸有限公司16例DEEP DIA蛋白HQ非靶代谢转录分析技术服务（委托）合同|Z|VIP-真核普通转录组文库|NOVASEQ X PLUS|NA|NORMAL, lane_prefix=EX, pool_size=1, reason=总量96.0G低于最小门槛2095.0G[0m
[32m2026-05-14 17:14:42[0m | [1mINFO    [0m | [1m补Lane轻校验跳过: variant=general:（极速周期）2025年艾斯基因建库测序年度框架分析技术服务（委托）合同|Z|VIP-真核普通转录组文库|NOVASEQ X PLUS|NA|NORMAL, lane_prefix=EX, pool_size=1, reason=总量56.0G低于最小门槛2095.0G[0m
[32m2026-05-14 17:14:42[0m | [1mINFO    [0m | [1m补Lane轻校验跳过: variant=general:首医陈老师组自建库+MRNA分析技术服务（委托）合同|Z|VIP-真核普通转录组文库|NOVASEQ X PLUS|NA|NORMAL, lane_prefix=EX, pool_size=1, reason=总量50.0G低于最小门槛2095.0G[0m
[32m2026-05-14 17:14:42[0m | [1mINFO    [0m | [1m补Lane尝试: variant=manual_or_risk:SINGAPORE-AMILI-400-SHOTGUN METAGENOMICS-6GB-PE150-NOVASEQXPLUS-WOBI-AWS-AMEA2023100602|S|META文库|NOVA X-25B|NA|MANUAL_RISK, lane_prefix=EX, pool_size=25, pool_data=2416.667G, prioritize_scattered_mix=True[0m
[32m2026-05-14 17:14:42[0m | [1mINFO    [0m | [1m补Lane尝试: variant=manual_or_risk:瑞兴SMALLRNA测序技术服务（委托）合同|S|SMALL RNA文库|NOVA X-25B|NA|MANUAL_RISK, lane_prefix=EX, pool_size=18, pool_data=1800.000G, prioritize_scattered_mix=True[0m
[32m2026-05-14 17:14:42[0m | [1mINFO    [0m | [1m补Lane尝试: variant=manual_or_risk:（极速周期）北大WY组-16例样本宏基因组测序分析技术服务（委托）合同|S|META文库|NOVA X-25B|NA|MANUAL_RISK, lane_prefix=EX, pool_size=14, pool_data=1366.667G, prioritize_scattered_mix=True[0m
[32m2026-05-14 17:14:42[0m | [1mINFO    [0m | [1m补Lane尝试: variant=full_priority, lane_prefix=EX, pool_size=96, pool_data=8742.333G, prioritize_scattered_mix=True[0m
[32m2026-05-14 17:14:42[0m | [1mINFO    [0m | [1m补Lane尝试: variant=non_clinical_relaxed, lane_prefix=EX, pool_size=96, pool_data=8742.333G, prioritize_scattered_mix=False[0m
[32m2026-05-14 17:14:42[0m | [1mINFO    [0m | [1m补Lane轻校验跳过: variant=manual_or_risk:余代静山西医科大学301个宏基因组测序分析和301个HQ非靶代谢分析技术服务（委托）合同|S|META文库|NOVA X-25B|NA|MANUAL_RISK, lane_prefix=EX, pool_size=10, reason=总量966.7G低于最小门槛995.0G[0m
[32m2026-05-14 17:14:42[0m | [1mINFO    [0m | [1m补Lane轻校验跳过: variant=manual_or_risk:内蒙古农业大学宏基因组建库测序技术服务（委托）合同|S|META文库|NOVA X-25B|NA|MANUAL_RISK, lane_prefix=EX, pool_size=4, reason=总量386.7G低于最小门槛995.0G[0m
[32m2026-05-14 17:14:42[0m | [1mINFO    [0m | [1m补Lane轻校验跳过: variant=manual_or_risk:NCRNA产品竞争力增强研发项目|S|SMALL RNA文库|NOVA X-25B|NA|MANUAL_RISK, lane_prefix=EX, pool_size=1, reason=总量50.0G低于最小门槛2095.0G[0m
[32m2026-05-14 17:14:42[0m | [1mINFO    [0m | [1m补Lane轻校验跳过: variant=ten_x:250804-同济V3转V4重签分析技术服务（委托）合同|S|10X转录组-3'文库|NOVA X-25B|NA|TENX+MANUAL_RISK+IMBALANCE, lane_prefix=EX, pool_size=2, reason=总量150.0G低于最小门槛970.0G[0m
[32m2026-05-14 17:14:42[0m | [1mINFO    [0m | [1m补Lane轻校验跳过: variant=ten_x:山东大学4例10X3'单细胞建库测序矩阵分析技术服务（委托）合同-邵琪琪|S|10X转录组-3'文库|NOVA X-25B|NA|TENX+MANUAL_RISK+IMBALANCE, lane_prefix=EX, pool_size=2, reason=总量150.0G低于最小门槛970.0G[0m
[32m2026-05-14 17:14:42[0m | [1mINFO    [0m | [1m补Lane轻校验跳过: variant=ten_x:整形医院15例3'单细胞转录组分析技术服务（委托）合同|S|10X转录组-3'文库|NOVA X-25B|NA|TENX+MANUAL_RISK+IMBALANCE, lane_prefix=EX, pool_size=2, reason=总量150.0G低于最小门槛970.0G[0m
[32m2026-05-14 17:14:42[0m | [1mINFO    [0m | [1m补Lane轻校验跳过: variant=ten_x:深圳市人民医院10XATAC 多组学建库测序技术服务（委托）合同|S|10X转录组-3'文库|NOVA X-25B|NA|TENX+MANUAL_RISK+IMBALANCE, lane_prefix=EX, pool_size=2, reason=总量150.0G低于最小门槛970.0G[0m
[32m2026-05-14 17:14:42[0m | [1mINFO    [0m | [1m补Lane轻校验跳过: variant=ten_x:茵菲多组学80个10X3'单细胞转录组测序技术服务（委托）合同|S|10X转录组-3'文库|NOVA X-25B|NA|TENX+MANUAL_RISK+IMBALANCE, lane_prefix=EX, pool_size=2, reason=总量150.0G低于最小门槛970.0G[0m
[32m2026-05-14 17:14:42[0m | [1mINFO    [0m | [1m补Lane轻校验跳过: variant=ten_x:贵州医科大学附属医院2例组织照光解离10X单细胞转录分析技术服务（委托）合同|S|10X转录组-3'文库|NOVA X-25B|NA|TENX+MANUAL_RISK+IMBALANCE, lane_prefix=EX, pool_size=2, reason=总量150.0G低于最小门槛970.0G[0m
[32m2026-05-14 17:14:42[0m | [1mINFO    [0m | [1m补Lane轻校验跳过: variant=general:239个刺参组织转录组测序分析技术服务（委托）合同|Z|VIP-真核普通转录组文库|NOVASEQ X PLUS|NA|NORMAL, lane_prefix=EX, pool_size=3, reason=总量244.0G低于最小门槛995.0G[0m
[32m2026-05-14 17:14:42[0m | [1mINFO    [0m | [1m补Lane轻校验跳过: variant=general:郭老师7月份转录组合同-100个分析技术服务（委托）合同|Z|VIP-真核普通转录组文库|NOVASEQ X PLUS|NA|NORMAL, lane_prefix=EX, pool_size=2, reason=总量102.0G低于最小门槛995.0G[0m
[32m2026-05-14 17:14:42[0m | [1mINFO    [0m | [1m补Lane轻校验跳过: variant=general:晨光生物科技集团邯郸有限公司16例DEEP DIA蛋白HQ非靶代谢转录分析技术服务（委托）合同|Z|VIP-真核普通转录组文库|NOVASEQ X PLUS|NA|NORMAL, lane_prefix=EX, pool_size=1, reason=总量96.0G低于最小门槛2095.0G[0m
[32m2026-05-14 17:14:42[0m | [1mINFO    [0m | [1m补Lane轻校验跳过: variant=general:怀化市农业科学院40例转录组+20扩增子测序项目分析技术服务（委托）合同-CL|Z|VIP-真核普通转录组文库|NOVASEQ X PLUS|NA|NORMAL, lane_prefix=EX, pool_size=1, reason=总量62.0G低于最小门槛2095.0G[0m
[32m2026-05-14 17:14:42[0m | [1mINFO    [0m | [1m补Lane轻校验跳过: variant=general:（极速周期）2025年艾斯基因建库测序年度框架分析技术服务（委托）合同|Z|VIP-真核普通转录组文库|NOVASEQ X PLUS|NA|NORMAL, lane_prefix=EX, pool_size=1, reason=总量56.0G低于最小门槛2095.0G[0m
[32m2026-05-14 17:14:42[0m | [1mINFO    [0m | [1m补Lane轻校验跳过: variant=general:首医陈老师组自建库+MRNA分析技术服务（委托）合同|Z|VIP-真核普通转录组文库|NOVASEQ X PLUS|NA|NORMAL, lane_prefix=EX, pool_size=1, reason=总量50.0G低于最小门槛2095.0G[0m
[32m2026-05-14 17:14:42[0m | [1mINFO    [0m | [1m补Lane尝试: variant=manual_or_risk:SINGAPORE-AMILI-400-SHOTGUN METAGENOMICS-6GB-PE150-NOVASEQXPLUS-WOBI-AWS-AMEA2023100602|S|META文库|NOVA X-25B|NA|MANUAL_RISK, lane_prefix=EX, pool_size=22, pool_data=2126.667G, prioritize_scattered_mix=True[0m
[32m2026-05-14 17:14:42[0m | [1mINFO    [0m | [1m补Lane尝试: variant=manual_or_risk:瑞兴SMALLRNA测序技术服务（委托）合同|S|SMALL RNA文库|NOVA X-25B|NA|MANUAL_RISK, lane_prefix=EX, pool_size=16, pool_data=1600.000G, prioritize_scattered_mix=True[0m
[32m2026-05-14 17:14:42[0m | [1mINFO    [0m | [1m补Lane尝试: variant=manual_or_risk:（极速周期）北大WY组-16例样本宏基因组测序分析技术服务（委托）合同|S|META文库|NOVA X-25B|NA|MANUAL_RISK, lane_prefix=EX, pool_size=11, pool_data=1073.333G, prioritize_scattered_mix=True[0m
[32m2026-05-14 17:14:42[0m | [1mINFO    [0m | [1m补Lane尝试: variant=full_priority, lane_prefix=EX, pool_size=85, pool_data=7713.333G, prioritize_scattered_mix=True[0m
[32m2026-05-14 17:14:42[0m | [1mINFO    [0m | [1m补Lane尝试: variant=non_clinical_relaxed, lane_prefix=EX, pool_size=85, pool_data=7713.333G, prioritize_scattered_mix=False[0m
[32m2026-05-14 17:14:42[0m | [1mINFO    [0m | [1mLane数量提升新增Lane数: 2[0m
[32m2026-05-14 17:14:42[0m | [1mINFO    [0m | [1m补Lane轻校验跳过: variant=manual_or_risk:余代静山西医科大学301个宏基因组测序分析和301个HQ非靶代谢分析技术服务（委托）合同|S|META文库|NOVA X-25B|NA|MANUAL_RISK, lane_prefix=RB, pool_size=9, reason=总量870.0G低于最小门槛995.0G[0m
[32m2026-05-14 17:14:42[0m | [1mINFO    [0m | [1m补Lane轻校验跳过: variant=manual_or_risk:（极速周期）北大WY组-16例样本宏基因组测序分析技术服务（委托）合同|S|META文库|NOVA X-25B|NA|MANUAL_RISK, lane_prefix=RB, pool_size=8, reason=总量780.0G低于最小门槛995.0G[0m
[32m2026-05-14 17:14:42[0m | [1mINFO    [0m | [1m补Lane轻校验跳过: variant=manual_or_risk:内蒙古农业大学宏基因组建库测序技术服务（委托）合同|S|META文库|NOVA X-25B|NA|MANUAL_RISK, lane_prefix=RB, pool_size=3, reason=总量290.0G低于最小门槛995.0G[0m
[32m2026-05-14 17:14:42[0m | [1mINFO    [0m | [1m补Lane轻校验跳过: variant=manual_or_risk:NCRNA产品竞争力增强研发项目|S|SMALL RNA文库|NOVA X-25B|NA|MANUAL_RISK, lane_prefix=RB, pool_size=1, reason=总量50.0G低于最小门槛2095.0G[0m
[32m2026-05-14 17:14:42[0m | [1mINFO    [0m | [1m补Lane轻校验跳过: variant=ten_x:250804-同济V3转V4重签分析技术服务（委托）合同|S|10X转录组-3'文库|NOVA X-25B|NA|TENX+MANUAL_RISK+IMBALANCE, lane_prefix=RB, pool_size=2, reason=总量150.0G低于最小门槛970.0G[0m
[32m2026-05-14 17:14:42[0m | [1mINFO    [0m | [1m补Lane轻校验跳过: variant=ten_x:山东大学4例10X3'单细胞建库测序矩阵分析技术服务（委托）合同-邵琪琪|S|10X转录组-3'文库|NOVA X-25B|NA|TENX+MANUAL_RISK+IMBALANCE, lane_prefix=RB, pool_size=2, reason=总量150.0G低于最小门槛970.0G[0m
[32m2026-05-14 17:14:42[0m | [1mINFO    [0m | [1m补Lane轻校验跳过: variant=ten_x:整形医院15例3'单细胞转录组分析技术服务（委托）合同|S|10X转录组-3'文库|NOVA X-25B|NA|TENX+MANUAL_RISK+IMBALANCE, lane_prefix=RB, pool_size=2, reason=总量150.0G低于最小门槛970.0G[0m
[32m2026-05-14 17:14:42[0m | [1mINFO    [0m | [1m补Lane轻校验跳过: variant=ten_x:深圳市人民医院10XATAC 多组学建库测序技术服务（委托）合同|S|10X转录组-3'文库|NOVA X-25B|NA|TENX+MANUAL_RISK+IMBALANCE, lane_prefix=RB, pool_size=2, reason=总量150.0G低于最小门槛970.0G[0m
[32m2026-05-14 17:14:42[0m | [1mINFO    [0m | [1m补Lane轻校验跳过: variant=ten_x:茵菲多组学80个10X3'单细胞转录组测序技术服务（委托）合同|S|10X转录组-3'文库|NOVA X-25B|NA|TENX+MANUAL_RISK+IMBALANCE, lane_prefix=RB, pool_size=2, reason=总量150.0G低于最小门槛970.0G[0m
[32m2026-05-14 17:14:42[0m | [1mINFO    [0m | [1m补Lane轻校验跳过: variant=ten_x:贵州医科大学附属医院2例组织照光解离10X单细胞转录分析技术服务（委托）合同|S|10X转录组-3'文库|NOVA X-25B|NA|TENX+MANUAL_RISK+IMBALANCE, lane_prefix=RB, pool_size=2, reason=总量150.0G低于最小门槛970.0G[0m
[32m2026-05-14 17:14:42[0m | [1mINFO    [0m | [1m补Lane轻校验跳过: variant=general:239个刺参组织转录组测序分析技术服务（委托）合同|Z|VIP-真核普通转录组文库|NOVASEQ X PLUS|NA|NORMAL, lane_prefix=RB, pool_size=2, reason=总量157.0G低于最小门槛995.0G[0m
[32m2026-05-14 17:14:42[0m | [1mINFO    [0m | [1m补Lane轻校验跳过: variant=general:郭老师7月份转录组合同-100个分析技术服务（委托）合同|Z|VIP-真核普通转录组文库|NOVASEQ X PLUS|NA|NORMAL, lane_prefix=RB, pool_size=2, reason=总量102.0G低于最小门槛995.0G[0m
[32m2026-05-14 17:14:42[0m | [1mINFO    [0m | [1m补Lane轻校验跳过: variant=general:（极速周期）2025年艾斯基因建库测序年度框架分析技术服务（委托）合同|Z|VIP-真核普通转录组文库|NOVASEQ X PLUS|NA|NORMAL, lane_prefix=RB, pool_size=1, reason=总量56.0G低于最小门槛2095.0G[0m
[32m2026-05-14 17:14:42[0m | [1mINFO    [0m | [1m补Lane轻校验跳过: variant=general:首医陈老师组自建库+MRNA分析技术服务（委托）合同|Z|VIP-真核普通转录组文库|NOVASEQ X PLUS|NA|NORMAL, lane_prefix=RB, pool_size=1, reason=总量50.0G低于最小门槛2095.0G[0m
[32m2026-05-14 17:14:42[0m | [1mINFO    [0m | [1m补Lane尝试: variant=manual_or_risk:SINGAPORE-AMILI-400-SHOTGUN METAGENOMICS-6GB-PE150-NOVASEQXPLUS-WOBI-AWS-AMEA2023100602|S|META文库|NOVA X-25B|NA|MANUAL_RISK, lane_prefix=RB, pool_size=20, pool_data=1933.333G, prioritize_scattered_mix=True[0m
[32m2026-05-14 17:14:42[0m | [1mINFO    [0m | [1m补Lane尝试: variant=manual_or_risk:瑞兴SMALLRNA测序技术服务（委托）合同|S|SMALL RNA文库|NOVA X-25B|NA|MANUAL_RISK, lane_prefix=RB, pool_size=15, pool_data=1500.000G, prioritize_scattered_mix=True[0m
[32m2026-05-14 17:14:42[0m | [1mINFO    [0m | [1m补Lane尝试: variant=full_priority, lane_prefix=RB, pool_size=74, pool_data=6688.333G, prioritize_scattered_mix=True[0m
[32m2026-05-14 17:14:42[0m | [1mINFO    [0m | [1m补Lane尝试: variant=non_clinical_relaxed, lane_prefix=RB, pool_size=74, pool_data=6688.333G, prioritize_scattered_mix=False[0m
[32m2026-05-14 17:14:42[0m | [1mINFO    [0m | [1m跨Lane多文库交换完成：新增1条，剩余未分配62个[0m
[32m2026-05-14 17:14:42[0m | [1mINFO    [0m | [1mIndex校验器初始化完成（真实数据验证版本）[0m
[32m2026-05-14 17:14:42[0m | [1mINFO    [0m | [1m成Lane校验程序初始化完成 (严格模式: True, 碱基不均衡上限: 35%, 特殊文库关键词: 9个)[0m
[32m2026-05-14 17:14:42[0m | [1mINFO    [0m | [1mLane LS_NovaX-25B_001 尝试补平衡文库模板: sample_id=phix, test_no=Novaseq X Plus-PE150, index_seq=GGGGGGGGGG;ACCGAGATCT[0m
[32m2026-05-14 17:14:42[0m | [1mINFO    [0m | [1mLane LS_NovaX-25B_001 平衡文库补充成功: sample_id=phix, 数据量=50.000G[0m
[32m2026-05-14 17:14:42[0m | [1mINFO    [0m | [1mLane DL_NovaSeq X Plus_001 尝试补平衡文库模板: sample_id=phix, test_no=Novaseq X Plus-PE150, index_seq=GGGGGGGGGG;ACCGAGATCT[0m
[32m2026-05-14 17:14:42[0m | [1mINFO    [0m | [1mLane DL_NovaSeq X Plus_001 平衡文库补充成功: sample_id=phix, 数据量=870.003G[0m
[32m2026-05-14 17:14:42[0m | [1mINFO    [0m | [1mLane DL_NovaSeq X Plus_002 尝试补平衡文库模板: sample_id=phix, test_no=Novaseq X Plus-PE150, index_seq=GGGGGGGGGG;ACCGAGATCT[0m
[32m2026-05-14 17:14:43[0m | [1mINFO    [0m | [1mLane DL_NovaSeq X Plus_002 平衡文库补充成功: sample_id=phix, 数据量=867.067G[0m
[32m2026-05-14 17:14:43[0m | [1mINFO    [0m | [1mLane DL_NovaSeq X Plus_003 尝试补平衡文库模板: sample_id=phix, test_no=Novaseq X Plus-PE150, index_seq=GGGGGGGGGG;ACCGAGATCT[0m
[32m2026-05-14 17:14:43[0m | [1mINFO    [0m | [1mLane DL_NovaSeq X Plus_003 平衡文库补充成功: sample_id=phix, 数据量=422.000G[0m
[32m2026-05-14 17:14:43[0m | [1mINFO    [0m | [1mLane M11R2_002 尝试补平衡文库模板: sample_id=phix, test_no=Novaseq X Plus-PE150, index_seq=GGGGGGGGGG;ACCGAGATCT[0m
[32m2026-05-14 17:14:43[0m | [1mINFO    [0m | [1mLane M11R2_002 候选平衡文库 phix 注入校验失败: ['AI Lane M11R2_002 Index对数不足: 当前1对, 要求>=5对'][0m
[32m2026-05-14 17:14:43[0m | [1mINFO    [0m | [1mLane M11R2_002 尝试补平衡文库模板: sample_id=FDSW250185295-1r, test_no=Novaseq X Plus-PE150, index_seq=AGCATCGAGT;AGCATCCTCA[0m
[32m2026-05-14 17:14:43[0m | [1mINFO    [0m | [1mLane M11R2_002 候选平衡文库 FDSW250185295-1r 注入校验失败: ['AI Lane M11R2_002 Index对数不足: 当前1对, 要求>=5对'][0m
[32m2026-05-14 17:14:43[0m | [1mINFO    [0m | [1mLane M11R2_002 尝试补平衡文库模板: sample_id=FDSW250185296-1r, test_no=Novaseq X Plus-PE150, index_seq=CTCACACTGA;CTCACACATG[0m
[32m2026-05-14 17:14:43[0m | [1mINFO    [0m | [1mLane M11R2_002 候选平衡文库 FDSW250185296-1r 注入校验失败: ['AI Lane M11R2_002 Index对数不足: 当前1对, 要求>=5对'][0m
[32m2026-05-14 17:14:43[0m | [1mINFO    [0m | [1mLane M11R2_002 尝试补平衡文库模板: sample_id=FDSW250185298-1r, test_no=Novaseq X Plus-PE150, index_seq=CCGACTAGAT;CCGACTAAGA[0m
[32m2026-05-14 17:14:43[0m | [1mINFO    [0m | [1mLane M11R2_002 候选平衡文库 FDSW250185298-1r 注入校验失败: ['AI Lane M11R2_002 Index对数不足: 当前1对, 要求>=5对'][0m
[32m2026-05-14 17:14:43[0m | [1mINFO    [0m | [1mLane M11R2_002 尝试补平衡文库模板: sample_id=FDSW250185306-1r, test_no=Novaseq X Plus-PE150, index_seq=ACAGAGCGAT;GACTACTCAC[0m
[32m2026-05-14 17:14:43[0m | [1mINFO    [0m | [1mLane M11R2_002 候选平衡文库 FDSW250185306-1r 注入校验失败: ['AI Lane M11R2_002 Index对数不足: 当前1对, 要求>=5对'][0m
[32m2026-05-14 17:14:43[0m | [1mINFO    [0m | [1mLane M11R2_002 尝试补平衡文库模板: sample_id=FDSW250185309-1r, test_no=Novaseq X Plus-PE150, index_seq=GTCACACACT;CAAGTGCTTC[0m
[32m2026-05-14 17:14:43[0m | [1mINFO    [0m | [1mLane M11R2_002 候选平衡文库 FDSW250185309-1r 注入校验失败: ['AI Lane M11R2_002 Index对数不足: 当前1对, 要求>=5对'][0m
[32m2026-05-14 17:14:43[0m | [1mINFO    [0m | [1mLane M11R2_002 尝试补平衡文库模板: sample_id=FDSW250185313-1r, test_no=Novaseq X Plus-PE150, index_seq=ATCGAATGCG;CGATATCTGC[0m
[32m2026-05-14 17:14:43[0m | [1mINFO    [0m | [1mLane M11R2_002 候选平衡文库 FDSW250185313-1r 注入校验失败: ['AI Lane M11R2_002 Index对数不足: 当前1对, 要求>=5对'][0m
[32m2026-05-14 17:14:43[0m | [1mINFO    [0m | [1mLane M11R2_002 尝试补平衡文库模板: sample_id=FDSW250185316-1r, test_no=Novaseq X Plus-PE150, index_seq=TCATTGCACC;ATCGAAGCTC[0m
[32m2026-05-14 17:14:43[0m | [1mINFO    [0m | [1mLane M11R2_002 候选平衡文库 FDSW250185316-1r 注入校验失败: ['AI Lane M11R2_002 Index对数不足: 当前1对, 要求>=5对'][0m
[32m2026-05-14 17:14:43[0m | [33m[1mWARNING [0m | [33m[1mLane M11R2_002 平衡文库补充失败: 需补 4.767G，实验室=天津科技服务实验室，工序=Novaseq X Plus-PE150[0m
[32m2026-05-14 17:14:43[0m | [1mINFO    [0m | [1m预构建Lane平衡文库前置处理完成: 需补平衡文库Lane=5，成功=4，失败移除=1，专Lane保留=0[0m
[32m2026-05-14 17:14:43[0m | [33m[1mWARNING [0m | [33m[1mLane DL_NovaSeq X Plus_001 终态过滤淘汰: 含按规则应拆分文库但不是3.6T-NEW模式，应拆分文库只能排入3.6T-NEW Lane[0m
[32m2026-05-14 17:14:43[0m | [33m[1mWARNING [0m | [33m[1mLane DL_NovaSeq X Plus_002 终态过滤淘汰: 含按规则应拆分文库但不是3.6T-NEW模式，应拆分文库只能排入3.6T-NEW Lane[0m
[32m2026-05-14 17:14:43[0m | [33m[1mWARNING [0m | [33m[1mLane RM_Nova X-25B_001 终态过滤淘汰: ['Lane有效数据量1450.0G(原始1450.0G+平衡0.0G)低于下限2095G，规则=tj_1595_mode_1_1，需添加约645.0G的文库'][0m
[32m2026-05-14 17:14:43[0m | [33m[1mWARNING [0m | [33m[1mLane RM_Nova X-25B_002 终态过滤淘汰: ['Lane有效数据量1800.0G(原始1800.0G+平衡0.0G)低于下限2095G，规则=tj_1595_mode_1_1，需添加约295.0G的文库'][0m
[32m2026-05-14 17:14:43[0m | [1mINFO    [0m | [1m
合并21条预构建Lane到最终结果（过滤掉4条未通过严格校验的预构建Lane）[0m
[32m2026-05-14 17:14:43[0m | [1mINFO    [0m | [1m最终Lane总数: 25 (预构建Lane: 21, 普通Lane: 4)[0m
[32m2026-05-14 17:14:43[0m | [1mINFO    [0m | [1m全局预拆分回滚完成: 21个原始文库因拆分子文库未全部成Lane而回滚[0m
[32m2026-05-14 17:14:43[0m | [1mINFO    [0m | [1m分层重组救援（大池降配）: 未分配=106个/16754.1G，每机台每阶段限 4 条[0m
[32m2026-05-14 17:14:43[0m | [1mINFO    [0m | [1m补Lane尝试: variant=manual_or_risk:军科院PE150自建库测序分析技术服务（委托）合同|S|客户-PCR产物|NOVASEQ X PLUS|NA|MANUAL_RISK+IMBALANCE, lane_prefix=MG, pool_size=42, pool_data=2100.000G, prioritize_scattered_mix=True[0m
[32m2026-05-14 17:14:43[0m | [1mINFO    [0m | [1m补Lane尝试: variant=manual_or_risk:军科院PE150自建库测序分析技术服务（委托）合同|S|客户-PCR产物|NOVASEQ X PLUS|NA|MANUAL_RISK+IMBALANCE:relaxed, lane_prefix=MG, pool_size=42, pool_data=2100.000G, prioritize_scattered_mix=False[0m
[32m2026-05-14 17:14:44[0m | [1mINFO    [0m | [1m补Lane轻校验跳过: variant=manual_or_risk:云舟生物2025年-PE150自建库年度合作协议分析技术服务（委托）合同|S|客户-PCR产物|NOVASEQ X PLUS|NA|MANUAL_RISK+IMBALANCE, lane_prefix=RM, pool_size=1, reason=总量94.2G低于最小门槛2095.0G[0m
[32m2026-05-14 17:14:44[0m | [1mINFO    [0m | [1m补Lane轻校验跳过: variant=manual_or_risk:1个样本自建库测序技术服务技术服务（委托）合同-MHM|S|客户-PCR产物|NOVASEQ X PLUS|NA|MANUAL_RISK+IMBALANCE, lane_prefix=RM, pool_size=1, reason=总量52.8G低于最小门槛2095.0G[0m
[32m2026-05-14 17:14:44[0m | [1mINFO    [0m | [1m补Lane轻校验跳过: variant=general:郭老师7月份转录组合同-100个分析技术服务（委托）合同|Z|VIP-真核普通转录组文库|NOVASEQ X PLUS|NA|NORMAL, lane_prefix=RM, pool_size=1, reason=总量102.0G低于最小门槛2095.0G[0m
[32m2026-05-14 17:14:44[0m | [1mINFO    [0m | [1m补Lane轻校验跳过: variant=general:239个刺参组织转录组测序分析技术服务（委托）合同|Z|VIP-真核普通转录组文库|NOVASEQ X PLUS|NA|NORMAL, lane_prefix=RM, pool_size=1, reason=总量72.0G低于最小门槛2095.0G[0m
[32m2026-05-14 17:14:44[0m | [1mINFO    [0m | [1m补Lane轻校验跳过: variant=general:首医陈老师组自建库+MRNA分析技术服务（委托）合同|Z|VIP-真核普通转录组文库|NOVASEQ X PLUS|NA|NORMAL, lane_prefix=RM, pool_size=1, reason=总量50.0G低于最小门槛2095.0G[0m
[32m2026-05-14 17:14:44[0m | [1mINFO    [0m | [1m补Lane尝试: variant=manual_or_risk:军科院PE150自建库测序分析技术服务（委托）合同|S|客户-PCR产物|NOVASEQ X PLUS|NA|MANUAL_RISK+IMBALANCE, lane_prefix=RM, pool_size=51, pool_data=2496.000G, prioritize_scattered_mix=True[0m
[32m2026-05-14 17:14:44[0m | [1mINFO    [0m | [1m补Lane尝试: variant=manual_or_risk:军科院PE150自建库测序分析技术服务（委托）合同|S|客户-PCR产物|NOVASEQ X PLUS|NA|MANUAL_RISK+IMBALANCE:relaxed, lane_prefix=RM, pool_size=51, pool_data=2496.000G, prioritize_scattered_mix=False[0m
[32m2026-05-14 17:14:47[0m | [1mINFO    [0m | [1m补Lane尝试: variant=full_priority, lane_prefix=RM, pool_size=56, pool_data=2867.004G, prioritize_scattered_mix=True[0m
[32m2026-05-14 17:14:47[0m | [1mINFO    [0m | [1m补Lane尝试: variant=non_clinical_relaxed, lane_prefix=RM, pool_size=56, pool_data=2867.004G, prioritize_scattered_mix=False[0m
[32m2026-05-14 17:14:49[0m | [1mINFO    [0m | [1m补Lane尝试: variant=cluster_fast_path, lane_prefix=OG, pool_size=53, pool_data=2643.004G, prioritize_scattered_mix=False[0m
[32m2026-05-14 17:14:51[0m | [1mINFO    [0m | [1m补Lane轻校验跳过: variant=manual_or_risk:9个样本XPLUS宏基因组建库测序30G技术服务（委托）合同|S|META文库|NOVA X-25B|NA|MANUAL_RISK, lane_prefix=RM, pool_size=2, reason=总量800.0G低于最小门槛2095.0G[0m
[32m2026-05-14 17:14:51[0m | [1mINFO    [0m | [1m补Lane轻校验跳过: variant=manual_or_risk:（极速周期）北大WY组-16例样本宏基因组测序分析技术服务（委托）合同|S|META文库|NOVA X-25B|NA|MANUAL_RISK, lane_prefix=RM, pool_size=2, reason=总量800.0G低于最小门槛2095.0G[0m
[32m2026-05-14 17:14:51[0m | [1mINFO    [0m | [1m补Lane轻校验跳过: variant=manual_or_risk:YC北京百安济民建库测序技术服务（委托）合同2025|S|VIP-真核普通转录组文库|NOVA X-25B|NA|MANUAL_RISK, lane_prefix=RM, pool_size=2, reason=总量400.0G低于最小门槛2095.0G[0m
[32m2026-05-14 17:14:51[0m | [1mINFO    [0m | [1m补Lane轻校验跳过: variant=manual_or_risk:山东省农科院畜牧所32样本宏基因组+32样本扩增子分析技术服务（委托）合同-盛清凯|S|META文库|NOVA X-25B|NA|MANUAL_RISK, lane_prefix=RM, pool_size=3, reason=总量300.0G低于最小门槛2095.0G[0m
[32m2026-05-14 17:14:51[0m | [1mINFO    [0m | [1m补Lane轻校验跳过: variant=manual_or_risk:NVUK2025071079-CZ-IOCB-KOTACKA2-ADD 2 SAMPLES-SRNASEQ-WOBI|S|SMALL RNA文库|NOVA X-25B|NA|MANUAL_RISK, lane_prefix=RM, pool_size=3, reason=总量150.0G低于最小门槛2095.0G[0m
[32m2026-05-14 17:14:51[0m | [1mINFO    [0m | [1m补Lane轻校验跳过: variant=manual_or_risk:100个META建库测序分析技术服务（委托）合同|S|META文库|NOVA X-25B|NA|MANUAL_RISK, lane_prefix=RM, pool_size=2, reason=总量100.0G低于最小门槛2095.0G[0m
[32m2026-05-14 17:14:51[0m | [1mINFO    [0m | [1m补Lane轻校验跳过: variant=manual_or_risk:NCRNA产品竞争力增强研发项目|S|SMALL RNA文库|NOVA X-25B|NA|MANUAL_RISK, lane_prefix=RM, pool_size=2, reason=总量100.0G低于最小门槛2095.0G[0m
[32m2026-05-14 17:14:51[0m | [1mINFO    [0m | [1m补Lane轻校验跳过: variant=manual_or_risk:医大四院20个组织SMALL RNA分析技术服务（委托）合同|S|SMALL RNA文库|NOVA X-25B|NA|MANUAL_RISK, lane_prefix=RM, pool_size=2, reason=总量100.0G低于最小门槛2095.0G[0m
[32m2026-05-14 17:14:51[0m | [1mINFO    [0m | [1m补Lane轻校验跳过: variant=manual_or_risk:内蒙古农业大学宏基因组建库测序分析技术服务（委托）合同|S|META文库|NOVA X-25B|NA|MANUAL_RISK, lane_prefix=RM, pool_size=1, reason=总量100.0G低于最小门槛2095.0G[0m
[32m2026-05-14 17:14:51[0m | [1mINFO    [0m | [1m补Lane轻校验跳过: variant=manual_or_risk:南科大医院73例META测序分析技术服务（委托）合同|S|META文库|NOVA X-25B|NA|MANUAL_RISK, lane_prefix=RM, pool_size=1, reason=总量50.0G低于最小门槛2095.0G[0m
[32m2026-05-14 17:14:51[0m | [1mINFO    [0m | [1m补Lane轻校验跳过: variant=manual_or_risk:瑞兴SMALLRNA测序技术服务（委托）合同|S|SMALL RNA文库|NOVA X-25B|NA|MANUAL_RISK, lane_prefix=RM, pool_size=1, reason=总量50.0G低于最小门槛2095.0G[0m
[32m2026-05-14 17:14:51[0m | [1mINFO    [0m | [1m补Lane轻校验跳过: variant=manual_or_risk:百易汇能非编码和WGBS测序分析技术服务（委托）合同|S|SMALL RNA文库|NOVA X-25B|NA|MANUAL_RISK, lane_prefix=RM, pool_size=1, reason=总量50.0G低于最小门槛2095.0G[0m
[32m2026-05-14 17:14:51[0m | [1mINFO    [0m | [1m补Lane轻校验跳过: variant=manual_or_risk:郑州大学15个样本宏基因组+9个样本扩增子分析技术服务（委托）合同|S|META文库|NOVA X-25B|NA|MANUAL_RISK, lane_prefix=RM, pool_size=1, reason=总量50.0G低于最小门槛2095.0G[0m
[32m2026-05-14 17:14:51[0m | [1mINFO    [0m | [1m补Lane轻校验跳过: variant=ten_x:250804-同济V3转V4重签分析技术服务（委托）合同|S|10X转录组-3'文库|NOVA X-25B|NA|TENX+MANUAL_RISK+IMBALANCE, lane_prefix=RM, pool_size=1, reason=总量150.0G低于最小门槛1995.0G[0m
[32m2026-05-14 17:14:51[0m | [1mINFO    [0m | [1m补Lane轻校验跳过: variant=ten_x:山东大学4例10X3'单细胞建库测序矩阵分析技术服务（委托）合同-邵琪琪|S|10X转录组-3'文库|NOVA X-25B|NA|TENX+MANUAL_RISK+IMBALANCE, lane_prefix=RM, pool_size=1, reason=总量150.0G低于最小门槛1995.0G[0m
[32m2026-05-14 17:14:51[0m | [1mINFO    [0m | [1m补Lane轻校验跳过: variant=ten_x:整形医院15例3'单细胞转录组分析技术服务（委托）合同|S|10X转录组-3'文库|NOVA X-25B|NA|TENX+MANUAL_RISK+IMBALANCE, lane_prefix=RM, pool_size=1, reason=总量150.0G低于最小门槛1995.0G[0m
[32m2026-05-14 17:14:51[0m | [1mINFO    [0m | [1m补Lane轻校验跳过: variant=ten_x:深圳市人民医院10XATAC 多组学建库测序技术服务（委托）合同|S|10X转录组-3'文库|NOVA X-25B|NA|TENX+MANUAL_RISK+IMBALANCE, lane_prefix=RM, pool_size=1, reason=总量150.0G低于最小门槛1995.0G[0m
[32m2026-05-14 17:14:51[0m | [1mINFO    [0m | [1m补Lane轻校验跳过: variant=ten_x:茵菲多组学80个10X3'单细胞转录组测序技术服务（委托）合同|S|10X转录组-3'文库|NOVA X-25B|NA|TENX+MANUAL_RISK+IMBALANCE, lane_prefix=RM, pool_size=1, reason=总量150.0G低于最小门槛1995.0G[0m
[32m2026-05-14 17:14:51[0m | [1mINFO    [0m | [1m补Lane轻校验跳过: variant=ten_x:贵州医科大学附属医院2例组织照光解离10X单细胞转录分析技术服务（委托）合同|S|10X转录组-3'文库|NOVA X-25B|NA|TENX+MANUAL_RISK+IMBALANCE, lane_prefix=RM, pool_size=1, reason=总量150.0G低于最小门槛1995.0G[0m
[32m2026-05-14 17:14:51[0m | [1mINFO    [0m | [1m补Lane轻校验跳过: variant=general:检验科单菌二代测序分析技术服务（委托）合同-2025-XYC|Z|DNA小片段文库|NOVA X-25B|NA|NORMAL, lane_prefix=RM, pool_size=6, reason=总量600.0G低于最小门槛2095.0G[0m
[32m2026-05-14 17:14:51[0m | [1mINFO    [0m | [1m补Lane尝试: variant=full_priority, lane_prefix=RM, pool_size=35, pool_data=4550.000G, prioritize_scattered_mix=True[0m
[32m2026-05-14 17:14:51[0m | [1mINFO    [0m | [1m补Lane尝试: variant=non_clinical_relaxed, lane_prefix=RM, pool_size=35, pool_data=4550.000G, prioritize_scattered_mix=False[0m
[32m2026-05-14 17:14:51[0m | [1mINFO    [0m | [1m补Lane轻校验跳过: variant=manual_or_risk:（极速周期）北大WY组-16例样本宏基因组测序分析技术服务（委托）合同|S|META文库|NOVA X-25B|NA|MANUAL_RISK, lane_prefix=RM, pool_size=2, reason=总量800.0G低于最小门槛2095.0G[0m
[32m2026-05-14 17:14:51[0m | [1mINFO    [0m | [1m补Lane轻校验跳过: variant=manual_or_risk:YC北京百安济民建库测序技术服务（委托）合同2025|S|VIP-真核普通转录组文库|NOVA X-25B|NA|MANUAL_RISK, lane_prefix=RM, pool_size=1, reason=总量200.0G低于最小门槛2095.0G[0m
[32m2026-05-14 17:14:51[0m | [1mINFO    [0m | [1m补Lane轻校验跳过: variant=manual_or_risk:内蒙古农业大学宏基因组建库测序分析技术服务（委托）合同|S|META文库|NOVA X-25B|NA|MANUAL_RISK, lane_prefix=RM, pool_size=1, reason=总量100.0G低于最小门槛2095.0G[0m
[32m2026-05-14 17:14:51[0m | [1mINFO    [0m | [1m补Lane轻校验跳过: variant=manual_or_risk:山东省农科院畜牧所32样本宏基因组+32样本扩增子分析技术服务（委托）合同-盛清凯|S|META文库|NOVA X-25B|NA|MANUAL_RISK, lane_prefix=RM, pool_size=1, reason=总量100.0G低于最小门槛2095.0G[0m
[32m2026-05-14 17:14:51[0m | [1mINFO    [0m | [1m补Lane轻校验跳过: variant=manual_or_risk:100个META建库测序分析技术服务（委托）合同|S|META文库|NOVA X-25B|NA|MANUAL_RISK, lane_prefix=RM, pool_size=1, reason=总量50.0G低于最小门槛2095.0G[0m
[32m2026-05-14 17:14:51[0m | [1mINFO    [0m | [1m补Lane轻校验跳过: variant=manual_or_risk:医大四院20个组织SMALL RNA分析技术服务（委托）合同|S|SMALL RNA文库|NOVA X-25B|NA|MANUAL_RISK, lane_prefix=RM, pool_size=1, reason=总量50.0G低于最小门槛2095.0G[0m
[32m2026-05-14 17:14:51[0m | [1mINFO    [0m | [1m补Lane轻校验跳过: variant=ten_x:250804-同济V3转V4重签分析技术服务（委托）合同|S|10X转录组-3'文库|NOVA X-25B|NA|TENX+MANUAL_RISK+IMBALANCE, lane_prefix=RM, pool_size=1, reason=总量150.0G低于最小门槛1995.0G[0m
[32m2026-05-14 17:14:51[0m | [1mINFO    [0m | [1m补Lane轻校验跳过: variant=ten_x:山东大学4例10X3'单细胞建库测序矩阵分析技术服务（委托）合同-邵琪琪|S|10X转录组-3'文库|NOVA X-25B|NA|TENX+MANUAL_RISK+IMBALANCE, lane_prefix=RM, pool_size=1, reason=总量150.0G低于最小门槛1995.0G[0m
[32m2026-05-14 17:14:51[0m | [1mINFO    [0m | [1m补Lane轻校验跳过: variant=ten_x:整形医院15例3'单细胞转录组分析技术服务（委托）合同|S|10X转录组-3'文库|NOVA X-25B|NA|TENX+MANUAL_RISK+IMBALANCE, lane_prefix=RM, pool_size=1, reason=总量150.0G低于最小门槛1995.0G[0m
[32m2026-05-14 17:14:51[0m | [1mINFO    [0m | [1m补Lane轻校验跳过: variant=ten_x:深圳市人民医院10XATAC 多组学建库测序技术服务（委托）合同|S|10X转录组-3'文库|NOVA X-25B|NA|TENX+MANUAL_RISK+IMBALANCE, lane_prefix=RM, pool_size=1, reason=总量150.0G低于最小门槛1995.0G[0m
[32m2026-05-14 17:14:51[0m | [1mINFO    [0m | [1m补Lane轻校验跳过: variant=ten_x:茵菲多组学80个10X3'单细胞转录组测序技术服务（委托）合同|S|10X转录组-3'文库|NOVA X-25B|NA|TENX+MANUAL_RISK+IMBALANCE, lane_prefix=RM, pool_size=1, reason=总量150.0G低于最小门槛1995.0G[0m
[32m2026-05-14 17:14:51[0m | [1mINFO    [0m | [1m补Lane轻校验跳过: variant=ten_x:贵州医科大学附属医院2例组织照光解离10X单细胞转录分析技术服务（委托）合同|S|10X转录组-3'文库|NOVA X-25B|NA|TENX+MANUAL_RISK+IMBALANCE, lane_prefix=RM, pool_size=1, reason=总量150.0G低于最小门槛1995.0G[0m
[32m2026-05-14 17:14:51[0m | [1mINFO    [0m | [1m补Lane轻校验跳过: variant=general:检验科单菌二代测序分析技术服务（委托）合同-2025-XYC|Z|DNA小片段文库|NOVA X-25B|NA|NORMAL, lane_prefix=RM, pool_size=1, reason=总量100.0G低于最小门槛2095.0G[0m
[32m2026-05-14 17:14:51[0m | [1mINFO    [0m | [1m补Lane尝试: variant=full_priority, lane_prefix=RM, pool_size=14, pool_data=2300.000G, prioritize_scattered_mix=True[0m
[32m2026-05-14 17:14:51[0m | [1mINFO    [0m | [1m补Lane尝试: variant=non_clinical_relaxed, lane_prefix=RM, pool_size=14, pool_data=2300.000G, prioritize_scattered_mix=False[0m
[32m2026-05-14 17:14:51[0m | [1mINFO    [0m | [1m剩余库分层重组搜索完成: 新增Lane=1 (大簇专项=0, 高约束专项=0, 专lane=0, 混排lane=1, 普通lane=0), 跳过拆分文库=15, 剩余未分配=85[0m
[32m2026-05-14 17:14:51[0m | [1mINFO    [0m | [1m脚本内置 Pooling 预测已停用，后续统一调用 prediction_delivery[0m
[32m2026-05-14 17:14:51[0m | [33m[1mWARNING [0m | [33m[1mLane PKG_LANE_0001 利用率异常: 400.00% (数据量=1000.00GB, 容量=250.00GB)[0m
[32m2026-05-14 17:14:51[0m | [33m[1mWARNING [0m | [33m[1mLane PKG_LANE_0002 利用率异常: 400.00% (数据量=1000.00GB, 容量=250.00GB)[0m
[32m2026-05-14 17:14:51[0m | [33m[1mWARNING [0m | [33m[1mLane PKG_LANE_0003 利用率异常: 400.00% (数据量=1000.00GB, 容量=250.00GB)[0m
[32m2026-05-14 17:14:51[0m | [33m[1mWARNING [0m | [33m[1mLane PKG_LANE_0004 利用率异常: 400.00% (数据量=1000.00GB, 容量=250.00GB)[0m
[32m2026-05-14 17:14:51[0m | [33m[1mWARNING [0m | [33m[1mLane PKG_LANE_0005 利用率异常: 400.00% (数据量=1000.00GB, 容量=250.00GB)[0m
[32m2026-05-14 17:14:51[0m | [33m[1mWARNING [0m | [33m[1mLane PKG_LANE_0006 利用率异常: 400.00% (数据量=1000.00GB, 容量=250.00GB)[0m
[32m2026-05-14 17:14:51[0m | [33m[1mWARNING [0m | [33m[1mLane PKG_LANE_0007 利用率异常: 400.00% (数据量=1000.00GB, 容量=250.00GB)[0m
[32m2026-05-14 17:14:51[0m | [33m[1mWARNING [0m | [33m[1mLane PKG_LANE_0008 利用率异常: 400.00% (数据量=1000.01GB, 容量=250.00GB)[0m
[32m2026-05-14 17:14:51[0m | [33m[1mWARNING [0m | [33m[1mLane LS_NovaX-25B_001 利用率异常: 400.00% (数据量=1000.00GB, 容量=250.00GB)[0m
[32m2026-05-14 17:14:51[0m | [33m[1mWARNING [0m | [33m[1mLane M11R2_001 利用率异常: 880.88% (数据量=2202.20GB, 容量=250.00GB)[0m
[32m2026-05-14 17:14:51[0m | [33m[1mWARNING [0m | [33m[1mLane NB_Nova X-25B_001 利用率异常: 214.29% (数据量=2250.00GB, 容量=1050.00GB)[0m
[32m2026-05-14 17:14:51[0m | [33m[1mWARNING [0m | [33m[1mLane NB_Nova X-25B_002 利用率异常: 214.29% (数据量=2250.00GB, 容量=1050.00GB)[0m
[32m2026-05-14 17:14:51[0m | [33m[1mWARNING [0m | [33m[1mLane NB_Nova X-25B_003 利用率异常: 214.29% (数据量=2250.00GB, 容量=1050.00GB)[0m
[32m2026-05-14 17:14:51[0m | [33m[1mWARNING [0m | [33m[1mLane MG_Nova X-25B_001 利用率异常: 225.64% (数据量=2200.00GB, 容量=975.00GB)[0m
[32m2026-05-14 17:14:51[0m | [33m[1mWARNING [0m | [33m[1mLane RM_Nova X-25B_003 利用率异常: 230.77% (数据量=2250.00GB, 容量=975.00GB)[0m
[32m2026-05-14 17:14:51[0m | [33m[1mWARNING [0m | [33m[1mLane RM_Nova X-25B_004 利用率异常: 230.77% (数据量=2250.00GB, 容量=975.00GB)[0m
[32m2026-05-14 17:14:51[0m | [33m[1mWARNING [0m | [33m[1mLane RM_NovaSeq X Plus_001 利用率异常: 226.26% (数据量=2206.00GB, 容量=975.00GB)[0m
[32m2026-05-14 17:14:51[0m | [33m[1mWARNING [0m | [33m[1mLane EX_Nova X-25B_002 利用率异常: 221.85% (数据量=2163.00GB, 容量=975.00GB)[0m
[32m2026-05-14 17:14:51[0m | [33m[1mWARNING [0m | [33m[1mLane RM_Nova X-25B_001 利用率异常: 230.77% (数据量=2250.00GB, 容量=975.00GB)[0m
[32m2026-05-14 17:14:51[0m | [1mINFO    [0m | [1mIndex校验器初始化完成（真实数据验证版本）[0m
[32m2026-05-14 17:14:51[0m | [1mINFO    [0m | [1m成Lane校验程序初始化完成 (严格模式: True, 碱基不均衡上限: 35%, 特殊文库关键词: 9个)[0m
[32m2026-05-14 17:14:51[0m | [1mINFO    [0m | [1m排后包Lane校验通过[0m
[32m2026-05-14 17:14:51[0m | [1mINFO    [0m | [1m排后校验通过：包Lane编号文库拆分规则满足约束[0m
[32m2026-05-14 17:14:51[0m | [1mINFO    [0m | [1mIndex校验器初始化完成（真实数据验证版本）[0m
[32m2026-05-14 17:14:51[0m | [1mINFO    [0m | [1m成Lane校验程序初始化完成 (严格模式: True, 碱基不均衡上限: 35%, 特殊文库关键词: 9个)[0m
[32m2026-05-14 17:14:51[0m | [1mINFO    [0m | [1m平衡文库后处理完成: 需补平衡文库Lane=2，成功=2，失败移除=0，专Lane保留=0，回收文库=0[0m
[32m2026-05-14 17:14:51[0m | [1mINFO    [0m | [1m排后包Lane校验通过[0m
[32m2026-05-14 17:14:51[0m | [1mINFO    [0m | [1mIndex校验器初始化完成（真实数据验证版本）[0m
[32m2026-05-14 17:14:51[0m | [1mINFO    [0m | [1m成Lane校验程序初始化完成 (严格模式: True, 碱基不均衡上限: 35%, 特殊文库关键词: 9个)[0m
[32m2026-05-14 17:14:51[0m | [1mINFO    [0m | [1m排后包Lane校验通过[0m
[32m2026-05-14 17:14:51[0m | [1mINFO    [0m | [1m排后校验通过：包Lane编号文库拆分规则满足约束[0m
[32m2026-05-14 17:14:52[0m | [33m[1mWARNING [0m | [33m[1mLane GL_Nova X-25B_001 终态过滤淘汰: ['AI Lane GL_Nova X-25B_001 Index对数不足: 当前1对, 要求>=5对'][0m
[32m2026-05-14 17:14:52[0m | [33m[1mWARNING [0m | [33m[1mLane EX_Nova X-25B_009 终态过滤淘汰: ['AI Lane EX_Nova X-25B_009 Index对数不足: 当前2对, 要求>=5对'][0m
[32m2026-05-14 17:14:52[0m | [33m[1mWARNING [0m | [33m[1mLane EX_Nova X-25B_014 终态过滤淘汰: ['AI Lane EX_Nova X-25B_014 Index对数不足: 当前3对, 要求>=5对'][0m
[32m2026-05-14 17:14:52[0m | [33m[1mWARNING [0m | [33m[1mLane RB_Nova X-25B_006 终态过滤淘汰: ['AI Lane RB_Nova X-25B_006 Index对数不足: 当前3对, 要求>=5对'][0m
[32m2026-05-14 17:14:52[0m | [33m[1mWARNING [0m | [33m[1m终态总复核淘汰Lane GL_Nova X-25B_001: 回收1个原始文库到未分配池[0m
[32m2026-05-14 17:14:52[0m | [33m[1mWARNING [0m | [33m[1m终态总复核淘汰Lane EX_Nova X-25B_009: 回收2个原始文库到未分配池[0m
[32m2026-05-14 17:14:52[0m | [33m[1mWARNING [0m | [33m[1m终态总复核淘汰Lane EX_Nova X-25B_014: 回收3个原始文库到未分配池[0m
[32m2026-05-14 17:14:52[0m | [33m[1mWARNING [0m | [33m[1m终态总复核淘汰Lane RB_Nova X-25B_006: 回收3个原始文库到未分配池[0m
[32m2026-05-14 17:14:52[0m | [1mINFO    [0m | [1m终态总复核完成: 淘汰4条不合规非包Lane，回收9个文库到未分配池，当前有效Lane=22，未分配=94[0m
[32m2026-05-14 17:14:52[0m | [33m[1mWARNING [0m | [33m[1m终态总复核: 淘汰4条不合规Lane，回收9个文库[0m
[32m2026-05-14 17:14:52[0m | [1mINFO    [0m | [1m补Lane尝试: variant=manual_or_risk:军科院PE150自建库测序分析技术服务（委托）合同|S|客户-PCR产物|NOVASEQ X PLUS|NA|MANUAL_RISK+IMBALANCE, lane_prefix=MG, pool_size=42, pool_data=2100.000G, prioritize_scattered_mix=True[0m
[32m2026-05-14 17:14:52[0m | [1mINFO    [0m | [1m补Lane尝试: variant=manual_or_risk:军科院PE150自建库测序分析技术服务（委托）合同|S|客户-PCR产物|NOVASEQ X PLUS|NA|MANUAL_RISK+IMBALANCE:relaxed, lane_prefix=MG, pool_size=42, pool_data=2100.000G, prioritize_scattered_mix=False[0m
[32m2026-05-14 17:14:53[0m | [1mINFO    [0m | [1m补Lane轻校验跳过: variant=manual_or_risk:云舟生物2025年-PE150自建库年度合作协议分析技术服务（委托）合同|S|客户-PCR产物|NOVASEQ X PLUS|NA|MANUAL_RISK+IMBALANCE, lane_prefix=RM, pool_size=1, reason=总量94.2G低于最小门槛2095.0G[0m
[32m2026-05-14 17:14:53[0m | [1mINFO    [0m | [1m补Lane轻校验跳过: variant=manual_or_risk:1个样本自建库测序技术服务技术服务（委托）合同-MHM|S|客户-PCR产物|NOVASEQ X PLUS|NA|MANUAL_RISK+IMBALANCE, lane_prefix=RM, pool_size=1, reason=总量52.8G低于最小门槛2095.0G[0m
[32m2026-05-14 17:14:53[0m | [1mINFO    [0m | [1m补Lane轻校验跳过: variant=general:239个刺参组织转录组测序分析技术服务（委托）合同|Z|VIP-真核普通转录组文库|NOVASEQ X PLUS|NA|NORMAL, lane_prefix=RM, pool_size=4, reason=总量333.0G低于最小门槛995.0G[0m
[32m2026-05-14 17:14:53[0m | [1mINFO    [0m | [1m补Lane轻校验跳过: variant=general:怀化市农业科学院40例转录组+20扩增子测序项目分析技术服务（委托）合同-CL|Z|VIP-真核普通转录组文库|NOVASEQ X PLUS|NA|NORMAL, lane_prefix=RM, pool_size=2, reason=总量122.0G低于最小门槛995.0G[0m
[32m2026-05-14 17:14:53[0m | [1mINFO    [0m | [1m补Lane轻校验跳过: variant=general:郭老师7月份转录组合同-100个分析技术服务（委托）合同|Z|VIP-真核普通转录组文库|NOVASEQ X PLUS|NA|NORMAL, lane_prefix=RM, pool_size=1, reason=总量102.0G低于最小门槛2095.0G[0m
[32m2026-05-14 17:14:53[0m | [1mINFO    [0m | [1m补Lane轻校验跳过: variant=general:晨光生物科技集团邯郸有限公司16例DEEP DIA蛋白HQ非靶代谢转录分析技术服务（委托）合同|Z|VIP-真核普通转录组文库|NOVASEQ X PLUS|NA|NORMAL, lane_prefix=RM, pool_size=1, reason=总量96.0G低于最小门槛2095.0G[0m
[32m2026-05-14 17:14:53[0m | [1mINFO    [0m | [1m补Lane轻校验跳过: variant=general:（极速周期）2025年艾斯基因建库测序年度框架分析技术服务（委托）合同|Z|VIP-真核普通转录组文库|NOVASEQ X PLUS|NA|NORMAL, lane_prefix=RM, pool_size=1, reason=总量56.0G低于最小门槛2095.0G[0m
[32m2026-05-14 17:14:53[0m | [1mINFO    [0m | [1m补Lane轻校验跳过: variant=general:首医陈老师组自建库+MRNA分析技术服务（委托）合同|Z|VIP-真核普通转录组文库|NOVASEQ X PLUS|NA|NORMAL, lane_prefix=RM, pool_size=1, reason=总量50.0G低于最小门槛2095.0G[0m
[32m2026-05-14 17:14:53[0m | [1mINFO    [0m | [1m补Lane尝试: variant=manual_or_risk:军科院PE150自建库测序分析技术服务（委托）合同|S|客户-PCR产物|NOVASEQ X PLUS|NA|MANUAL_RISK+IMBALANCE, lane_prefix=RM, pool_size=51, pool_data=2496.000G, prioritize_scattered_mix=True[0m
[32m2026-05-14 17:14:53[0m | [1mINFO    [0m | [1m补Lane尝试: variant=manual_or_risk:军科院PE150自建库测序分析技术服务（委托）合同|S|客户-PCR产物|NOVASEQ X PLUS|NA|MANUAL_RISK+IMBALANCE:relaxed, lane_prefix=RM, pool_size=51, pool_data=2496.000G, prioritize_scattered_mix=False[0m
[32m2026-05-14 17:14:54[0m | [1mINFO    [0m | [1m补Lane尝试: variant=full_priority, lane_prefix=RM, pool_size=63, pool_data=3402.004G, prioritize_scattered_mix=True[0m
[32m2026-05-14 17:14:54[0m | [1mINFO    [0m | [1m补Lane尝试: variant=non_clinical_relaxed, lane_prefix=RM, pool_size=63, pool_data=3402.004G, prioritize_scattered_mix=False[0m
[32m2026-05-14 17:14:55[0m | [1mINFO    [0m | [1m补Lane尝试: variant=cluster_fast_path, lane_prefix=OG, pool_size=53, pool_data=2643.004G, prioritize_scattered_mix=False[0m
[32m2026-05-14 17:14:56[0m | [1mINFO    [0m | [1m补Lane轻校验跳过: variant=manual_or_risk:（极速周期）北大WY组-16例样本宏基因组测序分析技术服务（委托）合同|S|META文库|NOVA X-25B|NA|MANUAL_RISK, lane_prefix=RM, pool_size=2, reason=总量800.0G低于最小门槛2095.0G[0m
[32m2026-05-14 17:14:56[0m | [1mINFO    [0m | [1m补Lane轻校验跳过: variant=manual_or_risk:YC北京百安济民建库测序技术服务（委托）合同2025|S|VIP-真核普通转录组文库|NOVA X-25B|NA|MANUAL_RISK, lane_prefix=RM, pool_size=1, reason=总量200.0G低于最小门槛2095.0G[0m
[32m2026-05-14 17:14:56[0m | [1mINFO    [0m | [1m补Lane轻校验跳过: variant=manual_or_risk:100个META建库测序分析技术服务（委托）合同|S|META文库|NOVA X-25B|NA|MANUAL_RISK, lane_prefix=RM, pool_size=2, reason=总量150.0G低于最小门槛2095.0G[0m
[32m2026-05-14 17:14:56[0m | [1mINFO    [0m | [1m补Lane轻校验跳过: variant=manual_or_risk:内蒙古农业大学宏基因组建库测序分析技术服务（委托）合同|S|META文库|NOVA X-25B|NA|MANUAL_RISK, lane_prefix=RM, pool_size=1, reason=总量100.0G低于最小门槛2095.0G[0m
[32m2026-05-14 17:14:56[0m | [1mINFO    [0m | [1m补Lane轻校验跳过: variant=manual_or_risk:山东省农科院畜牧所32样本宏基因组+32样本扩增子分析技术服务（委托）合同-盛清凯|S|META文库|NOVA X-25B|NA|MANUAL_RISK, lane_prefix=RM, pool_size=1, reason=总量100.0G低于最小门槛2095.0G[0m
[32m2026-05-14 17:14:56[0m | [1mINFO    [0m | [1m补Lane轻校验跳过: variant=manual_or_risk:NCRNA产品竞争力增强研发项目|S|SMALL RNA文库|NOVA X-25B|NA|MANUAL_RISK, lane_prefix=RM, pool_size=1, reason=总量50.0G低于最小门槛2095.0G[0m
[32m2026-05-14 17:14:56[0m | [1mINFO    [0m | [1m补Lane轻校验跳过: variant=manual_or_risk:医大四院20个组织SMALL RNA分析技术服务（委托）合同|S|SMALL RNA文库|NOVA X-25B|NA|MANUAL_RISK, lane_prefix=RM, pool_size=1, reason=总量50.0G低于最小门槛2095.0G[0m
[32m2026-05-14 17:14:56[0m | [1mINFO    [0m | [1m补Lane轻校验跳过: variant=ten_x:250804-同济V3转V4重签分析技术服务（委托）合同|S|10X转录组-3'文库|NOVA X-25B|NA|TENX+MANUAL_RISK+IMBALANCE, lane_prefix=RM, pool_size=1, reason=总量150.0G低于最小门槛1995.0G[0m
[32m2026-05-14 17:14:56[0m | [1mINFO    [0m | [1m补Lane轻校验跳过: variant=ten_x:山东大学4例10X3'单细胞建库测序矩阵分析技术服务（委托）合同-邵琪琪|S|10X转录组-3'文库|NOVA X-25B|NA|TENX+MANUAL_RISK+IMBALANCE, lane_prefix=RM, pool_size=1, reason=总量150.0G低于最小门槛1995.0G[0m
[32m2026-05-14 17:14:56[0m | [1mINFO    [0m | [1m补Lane轻校验跳过: variant=ten_x:整形医院15例3'单细胞转录组分析技术服务（委托）合同|S|10X转录组-3'文库|NOVA X-25B|NA|TENX+MANUAL_RISK+IMBALANCE, lane_prefix=RM, pool_size=1, reason=总量150.0G低于最小门槛1995.0G[0m
[32m2026-05-14 17:14:56[0m | [1mINFO    [0m | [1m补Lane轻校验跳过: variant=ten_x:深圳市人民医院10XATAC 多组学建库测序技术服务（委托）合同|S|10X转录组-3'文库|NOVA X-25B|NA|TENX+MANUAL_RISK+IMBALANCE, lane_prefix=RM, pool_size=1, reason=总量150.0G低于最小门槛1995.0G[0m
[32m2026-05-14 17:14:56[0m | [1mINFO    [0m | [1m补Lane轻校验跳过: variant=ten_x:茵菲多组学80个10X3'单细胞转录组测序技术服务（委托）合同|S|10X转录组-3'文库|NOVA X-25B|NA|TENX+MANUAL_RISK+IMBALANCE, lane_prefix=RM, pool_size=1, reason=总量150.0G低于最小门槛1995.0G[0m
[32m2026-05-14 17:14:56[0m | [1mINFO    [0m | [1m补Lane轻校验跳过: variant=ten_x:贵州医科大学附属医院2例组织照光解离10X单细胞转录分析技术服务（委托）合同|S|10X转录组-3'文库|NOVA X-25B|NA|TENX+MANUAL_RISK+IMBALANCE, lane_prefix=RM, pool_size=1, reason=总量150.0G低于最小门槛1995.0G[0m
[32m2026-05-14 17:14:56[0m | [1mINFO    [0m | [1m补Lane轻校验跳过: variant=general:检验科单菌二代测序分析技术服务（委托）合同-2025-XYC|Z|DNA小片段文库|NOVA X-25B|NA|NORMAL, lane_prefix=RM, pool_size=1, reason=总量100.0G低于最小门槛2095.0G[0m
[32m2026-05-14 17:14:56[0m | [1mINFO    [0m | [1m补Lane尝试: variant=full_priority, lane_prefix=RM, pool_size=16, pool_data=2450.000G, prioritize_scattered_mix=True[0m
[32m2026-05-14 17:14:56[0m | [1mINFO    [0m | [1m补Lane尝试: variant=non_clinical_relaxed, lane_prefix=RM, pool_size=16, pool_data=2450.000G, prioritize_scattered_mix=False[0m
[32m2026-05-14 17:14:56[0m | [1mINFO    [0m | [1m终态回收池分层重组未新增Lane: 跳过拆分规则文库=15，剩余未分配=94[0m
[32m2026-05-14 17:14:56[0m | [1mINFO    [0m | [1m终态全局3.6混排补Lane成功: 机型=Nova X-25B, 新增Lane=9, 使用原始/补料文库=27，剩余候选=2[0m
[32m2026-05-14 17:14:56[0m | [1mINFO    [0m | [1m终态全局3.6增量混排未成Lane明细: 机型=NovaSeq X Plus, 候选items=62, best_total=1103.6G, best_index_pairs=21, validation_top=[('碱基不均衡占比39.7%超过35%限制', 1), ('碱基不均衡占比42.6%超过35%限制', 1), ('碱基不均衡占比45.0%超过35%限制', 1)][0m
[32m2026-05-14 17:14:56[0m | [1mINFO    [0m | [1mIndex校验器初始化完成（真实数据验证版本）[0m
[32m2026-05-14 17:14:56[0m | [1mINFO    [0m | [1mIndex校验器初始化完成（真实数据验证版本）[0m
[32m2026-05-14 17:14:56[0m | [1mINFO    [0m | [1m成Lane校验程序初始化完成 (严格模式: True, 碱基不均衡上限: 35%, 特殊文库关键词: 9个)[0m
[32m2026-05-14 17:14:56[0m | [33m[1mWARNING [0m | [33m[1mPooling配置表不存在: /data/work/yuyongpeng/liblane_v2_deepseek/data/wktype_pooling_config.xlsx，将使用默认策略[0m
[32m2026-05-14 17:14:56[0m | [1mINFO    [0m | [1m产出效率修正表不存在: /data/work/yuyongpeng/liblane_v2_deepseek/data/production_efficiency_correction.csv，跳过后校准[0m
[32m2026-05-14 17:14:56[0m | [33m[1mWARNING [0m | [33m[1m模型文件不存在: models/loutput_pre_lane_v5/lightgbm_model.pkl[0m
[32m2026-05-14 17:14:56[0m | [33m[1mWARNING [0m | [33m[1mloutput预测器不可用，将使用规则降级策略[0m
[32m2026-05-14 17:14:56[0m | [1mINFO    [0m | [1m逐Lane贪心排机器初始化完成 - 基础容量: 985.0GB, 利用率区间: [100%, 100%], 配置模式: 按机型自动[0m
[32m2026-05-14 17:14:56[0m | [1mINFO    [0m | [1m启用检查: Index=True, 碱基不均衡=True, 规则检查器=False[0m
[32m2026-05-14 17:14:56[0m | [1mINFO    [0m | [1mIndex校验器初始化完成（真实数据验证版本）[0m
[32m2026-05-14 17:14:56[0m | [1mINFO    [0m | [1m成Lane校验程序初始化完成 (严格模式: False, 碱基不均衡上限: 35%, 特殊文库关键词: 9个)[0m
[32m2026-05-14 17:14:56[0m | [1mINFO    [0m | [1m专用Lane DL_NovaSeq X Plus_001 形成成功 - 分组=G29, 碱基不均衡=1305.0G, 平衡文库=870.0G, 总量(含平衡)=2175.0G, 模式=1.1, 容量规则=tj_1595_mode_1_1[0m
[32m2026-05-14 17:14:56[0m | [1mINFO    [0m | [1mIndex校验器初始化完成（真实数据验证版本）[0m
[32m2026-05-14 17:14:56[0m | [1mINFO    [0m | [1m成Lane校验程序初始化完成 (严格模式: False, 碱基不均衡上限: 35%, 特殊文库关键词: 9个)[0m
[32m2026-05-14 17:14:56[0m | [1mINFO    [0m | [1m专用Lane DL_NovaSeq X Plus_002 形成成功 - 分组=G29, 碱基不均衡=1300.6G, 平衡文库=867.1G, 总量(含平衡)=2167.7G, 模式=1.1, 容量规则=tj_1595_mode_1_1[0m
[32m2026-05-14 17:14:56[0m | [1mINFO    [0m | [1m专用Lane分组G29剩余合同量37.4G无法满足1.1或3.6T-NEW有效容量下限[0m
[32m2026-05-14 17:14:56[0m | [1mINFO    [0m | [1m全局碱基不均专Lane预抽取: 机型=NovaSeq X Plus, 生成Lane=2, 消耗2605.6G, 剩余不均文库=1个/37.4G[0m
[32m2026-05-14 17:14:56[0m | [1mINFO    [0m | [1m全局碱基不均专Lane预抽取完成: 生成Lane=2, 后续普通排机池 53 -> 1[0m
[32m2026-05-14 17:14:56[0m | [1mINFO    [0m | [1mLane DL_NovaSeq X Plus_001 尝试补平衡文库模板: sample_id=phix, test_no=Novaseq X Plus-PE150, index_seq=GGGGGGGGGG;ACCGAGATCT[0m
[32m2026-05-14 17:14:56[0m | [1mINFO    [0m | [1mLane DL_NovaSeq X Plus_001 平衡文库补充成功: sample_id=phix, 数据量=870.003G[0m
[32m2026-05-14 17:14:56[0m | [1mINFO    [0m | [1mLane DL_NovaSeq X Plus_002 尝试补平衡文库模板: sample_id=phix, test_no=Novaseq X Plus-PE150, index_seq=GGGGGGGGGG;ACCGAGATCT[0m
[32m2026-05-14 17:14:56[0m | [1mINFO    [0m | [1mLane DL_NovaSeq X Plus_002 平衡文库补充成功: sample_id=phix, 数据量=867.067G[0m
[32m2026-05-14 17:14:56[0m | [1mINFO    [0m | [1m终态全局碱基不均专Lane补Lane成功: 机型=NovaSeq X Plus, 新增Lane=2, 使用文库=52, 剩余不均衡候选=1[0m
[32m2026-05-14 17:14:56[0m | [1mINFO    [0m | [1m终态全局3.6混排增量完成: 新增Lane=11，使用拆分原始文库=21，使用普通补料文库=58，剩余未分配=15[0m
[32m2026-05-14 17:14:56[0m | [1mINFO    [0m | [1m终态文库类型专池未成Lane: 文库类型=平衡文库, 机型=NovaSeq X Plus, 模式=1.1, 剩余文库=2, 剩余数据量=1737.1G, reason=no_mode_eligible_libraries[0m
[32m2026-05-14 17:14:56[0m | [1mINFO    [0m | [1m终态文库类型专池未成Lane: 文库类型=平衡文库, 机型=NovaSeq X Plus, 模式=3.6T-NEW, 剩余文库=2, 剩余数据量=1737.1G, reason=no_mode_eligible_libraries[0m
[32m2026-05-14 17:14:56[0m | [1mINFO    [0m | [1m终态文库类型专池未成Lane: 文库类型=VIP-真核普通转录组文库, 机型=NovaSeq X Plus, 模式=1.1, 剩余文库=10, 剩余数据量=759.0G, reason=no_valid_subset(best_shortage=1336.0G,best_index_pairs=10)[0m
[32m2026-05-14 17:14:56[0m | [1mINFO    [0m | [1m终态文库类型专池未成Lane: 文库类型=VIP-真核普通转录组文库, 机型=NovaSeq X Plus, 模式=3.6T-NEW, 剩余文库=10, 剩余数据量=759.0G, reason=no_valid_subset(best_shortage=338.0G,best_index_pairs=9)[0m
[32m2026-05-14 17:14:56[0m | [1mINFO    [0m | [1m终态文库类型专池未成Lane: 文库类型=Meta文库, 机型=Nova X-25B, 模式=1.1, 剩余文库=2, 剩余数据量=500.0G, reason=no_valid_subset(best_shortage=1595.0G,best_index_pairs=2)[0m
[32m2026-05-14 17:14:56[0m | [1mINFO    [0m | [1m终态文库类型专池未成Lane: 文库类型=Meta文库, 机型=Nova X-25B, 模式=3.6T-NEW, 剩余文库=2, 剩余数据量=500.0G, reason=no_valid_subset(best_shortage=895.0G,best_index_pairs=1)[0m
[32m2026-05-14 17:14:56[0m | [1mINFO    [0m | [1m终态文库类型碱基不均专Lane未成Lane: 文库类型=客户-PCR产物, 机型=NovaSeq X Plus, 剩余文库=1, 剩余数据量=37.4G, reason=no_valid_dedicated_imbalance_subset(best_shortage=559.6G,best_index_pairs=1, validation_top=[])[0m
[32m2026-05-14 17:14:56[0m | [1mINFO    [0m | [1m终态文库类型专池未成Lane: 文库类型=客户-PCR产物, 机型=NovaSeq X Plus, 模式=3.6T-NEW, 剩余文库=1, 剩余数据量=37.4G, reason=no_valid_subset(best_shortage=957.6G,best_index_pairs=1)[0m
[32m2026-05-14 17:14:56[0m | [1mINFO    [0m | [1m终态文库类型专池增量未新增Lane: 跳过拆分规则文库=0，跳过不支持机型=0，剩余未分配=15[0m
[32m2026-05-14 17:14:56[0m | [1mINFO    [0m | [1marrange 收集排机结果，用于后续 prediction_delivery 预测[0m
[32m2026-05-14 17:14:56[0m | [33m[1mWARNING [0m | [33m[1m排机规则映射文件不存在，跳过显式排机规则解析: /data/work/yuyongpeng/liblane_v2_deepseek/paiji_complete2/merge_deal/config[0m
[32m2026-05-14 17:14:56[0m | [1mINFO    [0m | [1marrange Lane PKG_LANE_0001 排机浓度规则命中: no_loading_concentration_rule_matched, lsjnd=[0m
[32m2026-05-14 17:14:56[0m | [1mINFO    [0m | [1marrange Lane PKG_LANE_0001 输出规则命中: package_lane_capacity, lsjfs=25B, lcxms=LANE SEQ[0m
[32m2026-05-14 17:14:56[0m | [1mINFO    [0m | [1marrange Lane PKG_LANE_0001 显式排机规则: P7P5[0m
[32m2026-05-14 17:14:56[0m | [1mINFO    [0m | [1marrange Lane PKG_LANE_0002 排机浓度规则命中: no_loading_concentration_rule_matched, lsjnd=[0m
[32m2026-05-14 17:14:56[0m | [1mINFO    [0m | [1marrange Lane PKG_LANE_0002 输出规则命中: package_lane_capacity, lsjfs=25B, lcxms=LANE SEQ[0m
[32m2026-05-14 17:14:56[0m | [1mINFO    [0m | [1marrange Lane PKG_LANE_0002 显式排机规则: P7P5[0m
[32m2026-05-14 17:14:56[0m | [1mINFO    [0m | [1marrange Lane PKG_LANE_0003 排机浓度规则命中: no_loading_concentration_rule_matched, lsjnd=[0m
[32m2026-05-14 17:14:56[0m | [1mINFO    [0m | [1marrange Lane PKG_LANE_0003 输出规则命中: package_lane_capacity, lsjfs=25B, lcxms=LANE SEQ[0m
[32m2026-05-14 17:14:56[0m | [1mINFO    [0m | [1marrange Lane PKG_LANE_0003 显式排机规则: P7P5[0m
[32m2026-05-14 17:14:56[0m | [1mINFO    [0m | [1marrange Lane PKG_LANE_0004 排机浓度规则命中: no_loading_concentration_rule_matched, lsjnd=[0m
[32m2026-05-14 17:14:56[0m | [1mINFO    [0m | [1marrange Lane PKG_LANE_0004 输出规则命中: package_lane_capacity, lsjfs=25B, lcxms=LANE SEQ[0m
[32m2026-05-14 17:14:56[0m | [1mINFO    [0m | [1marrange Lane PKG_LANE_0004 显式排机规则: P7P5[0m
[32m2026-05-14 17:14:56[0m | [1mINFO    [0m | [1marrange Lane PKG_LANE_0005 排机浓度规则命中: no_loading_concentration_rule_matched, lsjnd=[0m
[32m2026-05-14 17:14:56[0m | [1mINFO    [0m | [1marrange Lane PKG_LANE_0005 输出规则命中: package_lane_capacity, lsjfs=25B, lcxms=LANE SEQ[0m
[32m2026-05-14 17:14:56[0m | [1mINFO    [0m | [1marrange Lane PKG_LANE_0005 显式排机规则: P7P5[0m
[32m2026-05-14 17:14:56[0m | [1mINFO    [0m | [1marrange Lane PKG_LANE_0006 排机浓度规则命中: no_loading_concentration_rule_matched, lsjnd=[0m
[32m2026-05-14 17:14:56[0m | [1mINFO    [0m | [1marrange Lane PKG_LANE_0006 输出规则命中: package_lane_capacity, lsjfs=25B, lcxms=LANE SEQ[0m
[32m2026-05-14 17:14:56[0m | [1mINFO    [0m | [1marrange Lane PKG_LANE_0006 显式排机规则: P7P5[0m
[32m2026-05-14 17:14:56[0m | [1mINFO    [0m | [1marrange Lane PKG_LANE_0007 排机浓度规则命中: no_loading_concentration_rule_matched, lsjnd=[0m
[32m2026-05-14 17:14:56[0m | [1mINFO    [0m | [1marrange Lane PKG_LANE_0007 输出规则命中: package_lane_capacity, lsjfs=25B, lcxms=LANE SEQ[0m
[32m2026-05-14 17:14:56[0m | [1mINFO    [0m | [1marrange Lane PKG_LANE_0007 显式排机规则: P7P5[0m
[32m2026-05-14 17:14:56[0m | [1mINFO    [0m | [1marrange Lane PKG_LANE_0008 排机浓度规则命中: no_loading_concentration_rule_matched, lsjnd=[0m
[32m2026-05-14 17:14:56[0m | [1mINFO    [0m | [1marrange Lane PKG_LANE_0008 输出规则命中: package_lane_capacity, lsjfs=25B, lcxms=LANE SEQ[0m
[32m2026-05-14 17:14:56[0m | [1mINFO    [0m | [1marrange Lane PKG_LANE_0008 显式排机规则: P7P5[0m
[32m2026-05-14 17:14:56[0m | [1mINFO    [0m | [1marrange Lane LS_NovaX-25B_001 排机浓度规则命中: 10_plus_24_or_atac_1_9, lsjnd=1.900[0m
[32m2026-05-14 17:14:56[0m | [1mINFO    [0m | [1marrange Lane LS_NovaX-25B_001 输出规则命中: tj_1595_10_plus_24_lane_seq, lsjfs=25B, lcxms=Lane seq[0m
[32m2026-05-14 17:14:56[0m | [1mINFO    [0m | [1marrange Lane LS_NovaX-25B_001 显式排机规则: P7P5[0m
[32m2026-05-14 17:14:56[0m | [1mINFO    [0m | [1marrange Lane DL_NovaSeq X Plus_003 排机浓度规则命中: no_loading_concentration_rule_matched, lsjnd=[0m
[32m2026-05-14 17:14:56[0m | [1mINFO    [0m | [1marrange Lane DL_NovaSeq X Plus_003 输出规则命中: tj_1595_standard_pe150_25b, lsjfs=25B, lcxms=3.6T-NEW[0m
[32m2026-05-14 17:14:56[0m | [1mINFO    [0m | [1marrange Lane DL_NovaSeq X Plus_003 显式排机规则: P7P5[0m
[32m2026-05-14 17:14:56[0m | [1mINFO    [0m | [1marrange Lane DL_Nova X-25B_001 排机浓度规则命中: special_10x_combo_group_b_non_customer_1_78, lsjnd=1.780[0m
[32m2026-05-14 17:14:56[0m | [1mINFO    [0m | [1marrange Lane DL_Nova X-25B_001 输出规则命中: tj_1595_special_combo_36t, lsjfs=25B, lcxms=3.6T-NEW[0m
[32m2026-05-14 17:14:56[0m | [1mINFO    [0m | [1marrange Lane DL_Nova X-25B_001 显式排机规则: P7P5[0m
[32m2026-05-14 17:14:56[0m | [1mINFO    [0m | [1marrange Lane M11R2_001 排机浓度规则命中: no_loading_concentration_rule_matched, lsjnd=[0m
[32m2026-05-14 17:14:56[0m | [1mINFO    [0m | [1marrange Lane M11R2_001 输出规则命中: tj_1595_mode_1_1, lsjfs=25B, lcxms=1.1[0m
[32m2026-05-14 17:14:56[0m | [1mINFO    [0m | [1marrange Lane M11R2_001 显式排机规则: P7P5[0m
[32m2026-05-14 17:14:56[0m | [1mINFO    [0m | [1marrange Lane NB_Nova X-25B_001 排机浓度规则命中: no_loading_concentration_rule_matched, lsjnd=[0m
[32m2026-05-14 17:14:56[0m | [1mINFO    [0m | [1marrange Lane NB_Nova X-25B_001 输出规则命中: tj_1595_mode_1_1, lsjfs=25B, lcxms=1.1[0m
[32m2026-05-14 17:14:56[0m | [1mINFO    [0m | [1marrange Lane NB_Nova X-25B_001 显式排机规则: P7P5[0m
[32m2026-05-14 17:14:56[0m | [1mINFO    [0m | [1marrange Lane NB_Nova X-25B_002 排机浓度规则命中: no_loading_concentration_rule_matched, lsjnd=[0m
[32m2026-05-14 17:14:56[0m | [1mINFO    [0m | [1marrange Lane NB_Nova X-25B_002 输出规则命中: tj_1595_mode_1_1, lsjfs=25B, lcxms=1.1[0m
[32m2026-05-14 17:14:56[0m | [1mINFO    [0m | [1marrange Lane NB_Nova X-25B_002 显式排机规则: P7P5[0m
[32m2026-05-14 17:14:56[0m | [1mINFO    [0m | [1marrange Lane NB_Nova X-25B_003 排机浓度规则命中: no_loading_concentration_rule_matched, lsjnd=[0m
[32m2026-05-14 17:14:56[0m | [1mINFO    [0m | [1marrange Lane NB_Nova X-25B_003 输出规则命中: tj_1595_mode_1_1, lsjfs=25B, lcxms=1.1[0m
[32m2026-05-14 17:14:56[0m | [1mINFO    [0m | [1marrange Lane NB_Nova X-25B_003 显式排机规则: P7P5[0m
[32m2026-05-14 17:14:56[0m | [1mINFO    [0m | [1marrange Lane GL_NovaSeq X Plus_001 排机浓度规则命中: no_loading_concentration_rule_matched, lsjnd=[0m
[32m2026-05-14 17:14:56[0m | [1mINFO    [0m | [1marrange Lane GL_NovaSeq X Plus_001 输出规则命中: tj_1595_mode_1_1, lsjfs=25B, lcxms=1.1[0m
[32m2026-05-14 17:14:56[0m | [1mINFO    [0m | [1marrange Lane GL_NovaSeq X Plus_001 显式排机规则: P7P5[0m
[32m2026-05-14 17:14:56[0m | [1mINFO    [0m | [1marrange Lane MG_Nova X-25B_001 排机浓度规则命中: no_loading_concentration_rule_matched, lsjnd=[0m
[32m2026-05-14 17:14:56[0m | [1mINFO    [0m | [1marrange Lane MG_Nova X-25B_001 输出规则命中: tj_1595_mode_1_1, lsjfs=25B, lcxms=1.1[0m
[32m2026-05-14 17:14:56[0m | [1mINFO    [0m | [1marrange Lane MG_Nova X-25B_001 显式排机规则: P7P5[0m
[32m2026-05-14 17:14:56[0m | [1mINFO    [0m | [1marrange Lane RM_Nova X-25B_003 排机浓度规则命中: no_loading_concentration_rule_matched, lsjnd=[0m
[32m2026-05-14 17:14:56[0m | [1mINFO    [0m | [1marrange Lane RM_Nova X-25B_003 输出规则命中: tj_1595_mode_1_1, lsjfs=25B, lcxms=1.1[0m
[32m2026-05-14 17:14:56[0m | [1mINFO    [0m | [1marrange Lane RM_Nova X-25B_003 显式排机规则: P7P5[0m
[32m2026-05-14 17:14:56[0m | [1mINFO    [0m | [1marrange Lane RM_Nova X-25B_004 排机浓度规则命中: no_loading_concentration_rule_matched, lsjnd=[0m
[32m2026-05-14 17:14:56[0m | [1mINFO    [0m | [1marrange Lane RM_Nova X-25B_004 输出规则命中: tj_1595_mode_1_1, lsjfs=25B, lcxms=1.1[0m
[32m2026-05-14 17:14:56[0m | [1mINFO    [0m | [1marrange Lane RM_Nova X-25B_004 显式排机规则: P7P5[0m
[32m2026-05-14 17:14:56[0m | [1mINFO    [0m | [1marrange Lane RM_NovaSeq X Plus_001 排机浓度规则命中: no_loading_concentration_rule_matched, lsjnd=[0m
[32m2026-05-14 17:14:56[0m | [1mINFO    [0m | [1marrange Lane RM_NovaSeq X Plus_001 输出规则命中: tj_1595_mode_1_1, lsjfs=25B, lcxms=1.1[0m
[32m2026-05-14 17:14:56[0m | [1mINFO    [0m | [1marrange Lane RM_NovaSeq X Plus_001 显式排机规则: P7P5[0m
[32m2026-05-14 17:14:56[0m | [1mINFO    [0m | [1marrange Lane EX_Nova X-25B_002 排机浓度规则命中: no_loading_concentration_rule_matched, lsjnd=[0m
[32m2026-05-14 17:14:56[0m | [1mINFO    [0m | [1marrange Lane EX_Nova X-25B_002 输出规则命中: tj_1595_mode_1_1, lsjfs=25B, lcxms=1.1[0m
[32m2026-05-14 17:14:56[0m | [1mINFO    [0m | [1marrange Lane EX_Nova X-25B_002 显式排机规则: P7P5[0m
[32m2026-05-14 17:14:56[0m | [1mINFO    [0m | [1marrange Lane RM_Nova X-25B_001 排机浓度规则命中: no_loading_concentration_rule_matched, lsjnd=[0m
[32m2026-05-14 17:14:56[0m | [1mINFO    [0m | [1marrange Lane RM_Nova X-25B_001 输出规则命中: tj_1595_mode_1_1, lsjfs=25B, lcxms=1.1[0m
[32m2026-05-14 17:14:56[0m | [1mINFO    [0m | [1marrange Lane RM_Nova X-25B_001 显式排机规则: P7P5[0m
[32m2026-05-14 17:14:56[0m | [1mINFO    [0m | [1marrange Lane GM_Nova X-25B_001 排机浓度规则命中: no_loading_concentration_rule_matched, lsjnd=[0m
[32m2026-05-14 17:14:56[0m | [1mINFO    [0m | [1marrange Lane GM_Nova X-25B_001 输出规则命中: tj_1595_standard_pe150_25b, lsjfs=25B, lcxms=3.6T-NEW[0m
[32m2026-05-14 17:14:56[0m | [1mINFO    [0m | [1marrange Lane GM_Nova X-25B_001 显式排机规则: P7P5[0m
[32m2026-05-14 17:14:56[0m | [1mINFO    [0m | [1marrange Lane GM_Nova X-25B_002 排机浓度规则命中: no_loading_concentration_rule_matched, lsjnd=[0m
[32m2026-05-14 17:14:56[0m | [1mINFO    [0m | [1marrange Lane GM_Nova X-25B_002 输出规则命中: tj_1595_standard_pe150_25b, lsjfs=25B, lcxms=3.6T-NEW[0m
[32m2026-05-14 17:14:56[0m | [1mINFO    [0m | [1marrange Lane GM_Nova X-25B_002 显式排机规则: P7P5[0m
[32m2026-05-14 17:14:56[0m | [1mINFO    [0m | [1marrange Lane GM_Nova X-25B_003 排机浓度规则命中: no_loading_concentration_rule_matched, lsjnd=[0m
[32m2026-05-14 17:14:56[0m | [1mINFO    [0m | [1marrange Lane GM_Nova X-25B_003 输出规则命中: tj_1595_standard_pe150_25b, lsjfs=25B, lcxms=3.6T-NEW[0m
[32m2026-05-14 17:14:56[0m | [1mINFO    [0m | [1marrange Lane GM_Nova X-25B_003 显式排机规则: P7P5[0m
[32m2026-05-14 17:14:56[0m | [1mINFO    [0m | [1marrange Lane GM_Nova X-25B_004 排机浓度规则命中: no_loading_concentration_rule_matched, lsjnd=[0m
[32m2026-05-14 17:14:56[0m | [1mINFO    [0m | [1marrange Lane GM_Nova X-25B_004 输出规则命中: tj_1595_standard_pe150_25b, lsjfs=25B, lcxms=3.6T-NEW[0m
[32m2026-05-14 17:14:56[0m | [1mINFO    [0m | [1marrange Lane GM_Nova X-25B_004 显式排机规则: P7P5[0m
[32m2026-05-14 17:14:56[0m | [1mINFO    [0m | [1marrange Lane GM_Nova X-25B_005 排机浓度规则命中: no_loading_concentration_rule_matched, lsjnd=[0m
[32m2026-05-14 17:14:56[0m | [1mINFO    [0m | [1marrange Lane GM_Nova X-25B_005 输出规则命中: tj_1595_standard_pe150_25b, lsjfs=25B, lcxms=3.6T-NEW[0m
[32m2026-05-14 17:14:56[0m | [1mINFO    [0m | [1marrange Lane GM_Nova X-25B_005 显式排机规则: P7P5[0m
[32m2026-05-14 17:14:56[0m | [1mINFO    [0m | [1marrange Lane GM_Nova X-25B_006 排机浓度规则命中: no_loading_concentration_rule_matched, lsjnd=[0m
[32m2026-05-14 17:14:56[0m | [1mINFO    [0m | [1marrange Lane GM_Nova X-25B_006 输出规则命中: tj_1595_standard_pe150_25b, lsjfs=25B, lcxms=3.6T-NEW[0m
[32m2026-05-14 17:14:56[0m | [1mINFO    [0m | [1marrange Lane GM_Nova X-25B_006 显式排机规则: P7P5[0m
[32m2026-05-14 17:14:56[0m | [1mINFO    [0m | [1marrange Lane GM_Nova X-25B_007 排机浓度规则命中: no_loading_concentration_rule_matched, lsjnd=[0m
[32m2026-05-14 17:14:56[0m | [1mINFO    [0m | [1marrange Lane GM_Nova X-25B_007 输出规则命中: tj_1595_standard_pe150_25b, lsjfs=25B, lcxms=3.6T-NEW[0m
[32m2026-05-14 17:14:56[0m | [1mINFO    [0m | [1marrange Lane GM_Nova X-25B_007 显式排机规则: P7P5[0m
[32m2026-05-14 17:14:56[0m | [1mINFO    [0m | [1marrange Lane GM_Nova X-25B_008 排机浓度规则命中: no_loading_concentration_rule_matched, lsjnd=[0m
[32m2026-05-14 17:14:56[0m | [1mINFO    [0m | [1marrange Lane GM_Nova X-25B_008 输出规则命中: tj_1595_standard_pe150_25b, lsjfs=25B, lcxms=3.6T-NEW[0m
[32m2026-05-14 17:14:56[0m | [1mINFO    [0m | [1marrange Lane GM_Nova X-25B_008 显式排机规则: P7P5[0m
[32m2026-05-14 17:14:56[0m | [1mINFO    [0m | [1marrange Lane GM_Nova X-25B_009 排机浓度规则命中: no_loading_concentration_rule_matched, lsjnd=[0m
[32m2026-05-14 17:14:56[0m | [1mINFO    [0m | [1marrange Lane GM_Nova X-25B_009 输出规则命中: tj_1595_standard_pe150_25b, lsjfs=25B, lcxms=3.6T-NEW[0m
[32m2026-05-14 17:14:56[0m | [1mINFO    [0m | [1marrange Lane GM_Nova X-25B_009 显式排机规则: P7P5[0m
[32m2026-05-14 17:14:56[0m | [1mINFO    [0m | [1marrange Lane DL_NovaSeq X Plus_001 排机浓度规则命中: no_loading_concentration_rule_matched, lsjnd=[0m
[32m2026-05-14 17:14:56[0m | [1mINFO    [0m | [1marrange Lane DL_NovaSeq X Plus_001 输出规则命中: tj_1595_mode_1_1, lsjfs=25B, lcxms=1.1[0m
[32m2026-05-14 17:14:56[0m | [1mINFO    [0m | [1marrange Lane DL_NovaSeq X Plus_001 显式排机规则: P7P5[0m
[32m2026-05-14 17:14:56[0m | [1mINFO    [0m | [1marrange Lane DL_NovaSeq X Plus_002 排机浓度规则命中: no_loading_concentration_rule_matched, lsjnd=[0m
[32m2026-05-14 17:14:56[0m | [1mINFO    [0m | [1marrange Lane DL_NovaSeq X Plus_002 输出规则命中: tj_1595_mode_1_1, lsjfs=25B, lcxms=1.1[0m
[32m2026-05-14 17:14:56[0m | [1mINFO    [0m | [1marrange Lane DL_NovaSeq X Plus_002 显式排机规则: P7P5[0m
/data/work/yuyongpeng/liblane_v2_deepseek/paiji_complete2/paiji_complete/arrange_library/arrange_library_model6.py:12652: FutureWarning: Downcasting object dtype arrays on .fillna, .ffill, .bfill is deprecated and will change in a future version. Call result.infer_objects(copy=False) instead. To opt-in to the future behavior, set `pd.set_option('future.no_silent_downcasting', True)`
  balance_mask = df[BALANCE_LIBRARY_MARKER_COLUMN].fillna(False).astype(bool)
[32m2026-05-14 17:14:57[0m | [1mINFO    [0m | [1m明细文件已存在，将覆盖: 209_lane_output_v6_rulefix_checked.csv[0m
[32m2026-05-14 17:14:57[0m | [1mINFO    [0m | [1m明细输出完成: 209_lane_output_v6_rulefix_checked.csv[0m
[32m2026-05-14 17:14:57[0m | [1mINFO    [0m | [1m
================================================================================[0m
[32m2026-05-14 17:14:57[0m | [1mINFO    [0m | [1m步骤3: 跳过 prediction_delivery，保留下单量/预测产出空字段[0m
[32m2026-05-14 17:14:57[0m | [1mINFO    [0m | [1m================================================================================[0m
[32m2026-05-14 17:14:57[0m | [1mINFO    [0m | [1m已跳过 prediction_delivery 模型预测，输出保留下单量/预测产出字段空值: 209_lane_output_v6_rulefix_checked.csv[0m
[32m2026-05-14 17:14:57[0m | [1mINFO    [0m | [1m输出后处理完成: 记录数=492, 平均下单量=nanG, 平均产出量=nanG[0m
[32m2026-05-14 17:14:57[0m | [1mINFO    [0m | [1m
端到端排机完成！[0m
[32m2026-05-14 17:14:57[0m | [1mINFO    [0m | [1m最终输出文件: 209_lane_output_v6_rulefix_checked.csv[0m
[32m2026-05-14 17:14:57[0m | [1mINFO    [0m | [1m================================================================================[0m
