2026-06-14 19:12:31.956 | INFO     | arrange_library.core.constraints.index_validator_verified:__init__:77 - Index校验器初始化完成（真实数据验证版本）
2026-06-14 19:12:31.981 | INFO     | arrange_library.core.config.scheduling_config:_load_rule_matrix_config:806 - 统一排机规则配置已加载: profiles=55, constraints=2, loading_rules=4, lab_mappings=9
2026-06-14 19:12:31.981 | INFO     | arrange_library.core.config.scheduling_config:_load_mode_1_1_rules:1777 - 1.1模式规则配置加载完成: /data/work/yuyongpeng/liblane_v2_deepseek/paiji_complete2/paiji_complete/arrange_library/config/mode_1_1_rules.json
2026-06-14 19:12:32.068 | INFO     | arrange_library.core.config.scheduling_config:__init__:434 - 排机配置管理器初始化完成
2026-06-14 19:12:32.539 | INFO     | arrange_library.core.constraints.index_validator_verified:__init__:77 - Index校验器初始化完成（真实数据验证版本）
2026-06-14 19:12:32.545 | INFO     | __main__:arrange_library:19917 - ================================================================================
2026-06-14 19:12:32.546 | INFO     | __main__:arrange_library:19918 - arrange_library: 端到端排机流程 - 排机与 Pooling 预测
2026-06-14 19:12:32.546 | INFO     | __main__:arrange_library:19919 - ================================================================================
2026-06-14 19:12:32.546 | INFO     | __main__:arrange_library:19920 - 调用时间: 2026-06-14 19:12:32
2026-06-14 19:12:32.546 | INFO     | __main__:arrange_library:19921 - 随机种子: 42 (固定，确保可复现)
2026-06-14 19:12:32.546 | INFO     | __main__:arrange_library:19922 - 运行模式: arrange
2026-06-14 19:12:32.546 | INFO     | __main__:arrange_library:19928 - 
使用数据文件: arrange_library/319_sta.csv
2026-06-14 19:12:32.694 | INFO     | __main__:load_standardized_csv:19085 - 从标准化CSV文件加载数据: arrange_library/319_sta.csv
2026-06-14 19:12:32.717 | INFO     | __main__:load_standardized_csv:19087 - 读取 2224 行数据
2026-06-14 19:12:33.030 | INFO     | __main__:load_standardized_csv:19182 - 成功创建 2224 个文库对象
2026-06-14 19:12:33.031 | INFO     | __main__:arrange_library:19961 - 成功转换 2224 个测试文库
2026-06-14 19:12:33.034 | INFO     | __main__:arrange_library:19990 - AI可排文库筛选完成: 可排=2224，不可排=0，机型排除=0
2026-06-14 19:12:33.035 | INFO     | __main__:arrange_library:20013 - 
================================================================================
2026-06-14 19:12:33.035 | INFO     | __main__:arrange_library:20014 - 步骤0.9: 提前处理1.1第二轮历史固定组合文库
2026-06-14 19:12:33.035 | INFO     | __main__:arrange_library:20015 - ================================================================================
2026-06-14 19:12:33.038 | INFO     | arrange_library.core.scheduling.mode_1_1_round2:identify_round2_candidates:129 - 1.1第二轮候选识别: 无符合条件的候选文库
2026-06-14 19:12:33.038 | INFO     | __main__:arrange_library:20033 - 1.1第二轮历史Lane前置直出: 无候选文库
2026-06-14 19:12:33.038 | INFO     | __main__:arrange_library:20038 - 
================================================================================
2026-06-14 19:12:33.038 | INFO     | __main__:arrange_library:20039 - 步骤1: 处理包Lane文库（wkbaleno字段有值的文库）
2026-06-14 19:12:33.038 | INFO     | __main__:arrange_library:20040 - ================================================================================
2026-06-14 19:12:33.039 | INFO     | __main__:arrange_library:20058 - 包Lane文库数: 0
2026-06-14 19:12:33.039 | INFO     | __main__:arrange_library:20059 - 普通文库数: 2224
2026-06-14 19:12:33.070 | INFO     | arrange_library.core.constraints.index_validator_verified:__init__:77 - Index校验器初始化完成（真实数据验证版本）
2026-06-14 19:12:33.070 | INFO     | arrange_library.core.constraints.lane_validator:__init__:165 - 成Lane校验程序初始化完成 (严格模式: True, 碱基不均衡上限: 35%, 特殊文库关键词: 9个)
2026-06-14 19:12:33.070 | INFO     | __main__:arrange_library:20146 - 
================================================================================
2026-06-14 19:12:33.070 | INFO     | __main__:arrange_library:20147 - 步骤1.3: 1.1前碱基不均衡专Lane预抽取
2026-06-14 19:12:33.070 | INFO     | __main__:arrange_library:20148 - ================================================================================
2026-06-14 19:12:33.072 | INFO     | arrange_library.core.constraints.index_validator_verified:__init__:77 - Index校验器初始化完成（真实数据验证版本）
2026-06-14 19:12:33.073 | INFO     | arrange_library.core.constraints.lane_validator:__init__:165 - 成Lane校验程序初始化完成 (严格模式: True, 碱基不均衡上限: 35%, 特殊文库关键词: 9个)
2026-06-14 19:12:33.074 | WARNING  | arrange_library.core.ai.pooling_coefficient_optimizer:_load_config:40 - Pooling配置表不存在: /data/work/yuyongpeng/liblane_v2_deepseek/data/wktype_pooling_config.xlsx，将使用默认策略
2026-06-14 19:12:33.074 | INFO     | arrange_library.core.ai.pooling_coefficient_optimizer:_load_efficiency_corrections:185 - 产出效率修正表不存在: /data/work/yuyongpeng/liblane_v2_deepseek/data/production_efficiency_correction.csv，跳过后校准
2026-06-14 19:12:33.074 | WARNING  | arrange_library.core.ai.loutput_predictor_wrapper:_load_model:150 - 模型文件不存在: models/loutput_pre_lane_v5/lightgbm_model.pkl
2026-06-14 19:12:33.074 | WARNING  | arrange_library.core.ai.pooling_coefficient_optimizer:__init__:164 - loutput预测器不可用，将使用规则降级策略
2026-06-14 19:12:33.074 | INFO     | arrange_library.core.scheduling.greedy_lane_scheduler:__init__:265 - 逐Lane贪心排机器初始化完成 - 基础容量: 985.0GB, 利用率区间: [100%, 100%], 配置模式: 按机型自动
2026-06-14 19:12:33.074 | INFO     | arrange_library.core.scheduling.greedy_lane_scheduler:__init__:268 - 启用检查: Index=True, 碱基不均衡=True, 规则检查器=False
2026-06-14 19:12:33.076 | INFO     | arrange_library.core.scheduling.greedy_lane_scheduler:_get_dedicated_lane_profile:983 - 专用Lane分组G36剩余合同量55.2G无法满足1.1或3.6T-NEW有效容量下限
2026-06-14 19:12:33.077 | INFO     | arrange_library.core.scheduling.greedy_lane_scheduler:_get_dedicated_lane_profile:983 - 专用Lane分组G27剩余合同量464.3G无法满足1.1或3.6T-NEW有效容量下限
2026-06-14 19:12:33.078 | INFO     | arrange_library.core.scheduling.greedy_lane_scheduler:_get_dedicated_lane_profile:983 - 专用Lane分组G29剩余合同量38.6G无法满足1.1或3.6T-NEW有效容量下限
2026-06-14 19:12:33.284 | INFO     | arrange_library.core.scheduling.greedy_lane_scheduler:_get_dedicated_lane_profile:983 - 专用Lane分组G50剩余合同量85.5G无法满足1.1或3.6T-NEW有效容量下限
2026-06-14 19:12:33.284 | INFO     | arrange_library.core.scheduling.greedy_lane_scheduler:_get_dedicated_lane_profile:983 - 专用Lane分组G31剩余合同量725.0G无法满足1.1或3.6T-NEW有效容量下限
2026-06-14 19:12:33.285 | INFO     | arrange_library.core.scheduling.greedy_lane_scheduler:_get_dedicated_lane_profile:983 - 专用Lane分组G51剩余合同量58.0G无法满足1.1或3.6T-NEW有效容量下限
2026-06-14 19:12:33.285 | INFO     | arrange_library.core.scheduling.greedy_lane_scheduler:_get_dedicated_lane_profile:983 - 专用Lane分组G33剩余合同量55.0G无法满足1.1或3.6T-NEW有效容量下限
2026-06-14 19:12:33.286 | INFO     | arrange_library.core.scheduling.greedy_lane_scheduler:_get_dedicated_lane_profile:983 - 专用Lane分组G25剩余合同量36.0G无法满足1.1或3.6T-NEW有效容量下限
2026-06-14 19:12:33.286 | INFO     | arrange_library.core.scheduling.greedy_lane_scheduler:_get_dedicated_lane_profile:983 - 专用Lane分组G9剩余合同量60.0G无法满足1.1或3.6T-NEW有效容量下限
2026-06-14 19:12:33.287 | INFO     | arrange_library.core.scheduling.greedy_lane_scheduler:_get_dedicated_lane_profile:983 - 专用Lane分组G4剩余合同量843.8G无法满足1.1或3.6T-NEW有效容量下限
2026-06-14 19:12:33.287 | INFO     | arrange_library.core.scheduling.greedy_lane_scheduler:_get_dedicated_lane_profile:983 - 专用Lane分组G58剩余合同量810.0G无法满足1.1或3.6T-NEW有效容量下限
2026-06-14 19:12:33.288 | INFO     | arrange_library.core.scheduling.greedy_lane_scheduler:_get_dedicated_lane_profile:983 - 专用Lane分组G6剩余合同量630.0G无法满足1.1或3.6T-NEW有效容量下限
2026-06-14 19:12:33.289 | INFO     | arrange_library.core.scheduling.greedy_lane_scheduler:_get_dedicated_lane_profile:983 - 专用Lane分组G19剩余合同量182.0G无法满足1.1或3.6T-NEW有效容量下限
2026-06-14 19:12:33.289 | INFO     | arrange_library.core.scheduling.greedy_lane_scheduler:_get_dedicated_lane_profile:983 - 专用Lane分组G16剩余合同量1.5G无法满足1.1或3.6T-NEW有效容量下限
2026-06-14 19:12:33.290 | INFO     | arrange_library.core.scheduling.greedy_lane_scheduler:_get_dedicated_lane_profile:983 - 专用Lane分组G5剩余合同量23.0G无法满足1.1或3.6T-NEW有效容量下限
2026-06-14 19:12:33.290 | INFO     | arrange_library.core.scheduling.greedy_lane_scheduler:_get_dedicated_lane_profile:983 - 专用Lane分组G34剩余合同量300.0G无法满足1.1或3.6T-NEW有效容量下限
2026-06-14 19:12:33.290 | INFO     | arrange_library.core.scheduling.greedy_lane_scheduler:_get_dedicated_lane_profile:983 - 专用Lane分组G18剩余合同量12.0G无法满足1.1或3.6T-NEW有效容量下限
2026-06-14 19:12:33.497 | INFO     | __main__:_consume_g53_g54_imbalance_as_mode_lanes:1665 - 步骤1.3 G53/G54组合碱基不均1.1专Lane未成Lane: group=G54, 候选82个/3580.8G, 贪心选择26个/1859.5G, 下限1995.0G, top_failures=[('capacity_out_of_rule_range', 2), ('repair_failed', 2)]
2026-06-14 19:13:00.896 | INFO     | __main__:_consume_g55_imbalance_as_mode_lanes:16573 - 步骤1.3 G55跨基础组碱基不均1.1专Lane未成Lane: 候选434个/5207.4G, 1.1真实量窗口=[1990.2,2142.2]G, validation_attempts=2, top_failures=[('customer_ratio_over_50', 2)]
2026-06-14 19:13:00.897 | INFO     | __main__:arrange_library:20200 - 1.1前碱基不均衡专Lane预抽取完成: 单组=0, G53/G54=0, G55=0, G55消耗文库=0, 总生成Lane=0, 剩余进入1.1普通尝试文库=2224
2026-06-14 19:13:00.897 | INFO     | __main__:arrange_library:20213 - 
================================================================================
2026-06-14 19:13:00.897 | INFO     | __main__:arrange_library:20214 - 步骤1.4: 1.1前客户文库纯Lane预抽取
2026-06-14 19:13:00.897 | INFO     | __main__:arrange_library:20215 - ================================================================================
2026-06-14 19:13:04.060 | INFO     | __main__:_try_ck_customer_directed_repair:4621 - CK客户Lane专用修复成功: lane=CK_Nova X-25B_001, 原始170个/2204.1G, 修复后237个/2156.1G, action=ck_trim_special_fill_10bp_customer
2026-06-14 19:13:04.061 | INFO     | __main__:_attempt_build_lane_from_pool:5611 - 候选Lane通用修复成功: lane=CK_Nova X-25B_001, action=ck_trim_special_fill_10bp_customer, 原始170个/2204.1G, 修复后237个/2156.1G
2026-06-14 19:13:08.981 | INFO     | arrange_library.core.constraints.lane_validator:__init__:165 - 成Lane校验程序初始化完成 (严格模式: True, 碱基不均衡上限: 35%, 特殊文库关键词: 9个)
2026-06-14 19:13:08.982 | INFO     | __main__:arrange_library:20230 - 1.1前客户文库纯Lane预抽取完成: 生成Lane=1, 消耗文库=237, 剩余进入1.1普通尝试文库=1987
2026-06-14 19:13:08.982 | INFO     | __main__:arrange_library:20241 - 
================================================================================
2026-06-14 19:13:08.982 | INFO     | __main__:arrange_library:20242 - 步骤1.5: 1.1首轮排机
2026-06-14 19:13:08.982 | INFO     | __main__:arrange_library:20243 - ================================================================================
2026-06-14 19:13:09.065 | INFO     | __main__:arrange_library:20265 - 步骤1.5-1: 1.1首轮使用剩余未成Lane全集，候选1987个文库
2026-06-14 19:13:09.121 | INFO     | __main__:arrange_library:20294 - 1.1首轮策略: expensive_rescue=True, peak_window_mixed=False, post_fill_optimization=True
2026-06-14 19:13:09.309 | INFO     | __main__:test_with_model:19285 - 
================================================================================
2026-06-14 19:13:09.310 | INFO     | __main__:test_with_model:19286 - 排机流程：纯规则排机
2026-06-14 19:13:09.310 | INFO     | __main__:test_with_model:19287 - ================================================================================
2026-06-14 19:13:09.310 | INFO     | arrange_library.core.constraints.index_validator_verified:__init__:77 - Index校验器初始化完成（真实数据验证版本）
2026-06-14 19:13:09.310 | INFO     | arrange_library.core.constraints.lane_validator:__init__:165 - 成Lane校验程序初始化完成 (严格模式: True, 碱基不均衡上限: 35%, 特殊文库关键词: 9个)
2026-06-14 19:13:09.312 | WARNING  | arrange_library.core.ai.pooling_coefficient_optimizer:_load_config:40 - Pooling配置表不存在: /data/work/yuyongpeng/liblane_v2_deepseek/data/wktype_pooling_config.xlsx，将使用默认策略
2026-06-14 19:13:09.312 | INFO     | arrange_library.core.ai.pooling_coefficient_optimizer:_load_efficiency_corrections:185 - 产出效率修正表不存在: /data/work/yuyongpeng/liblane_v2_deepseek/data/production_efficiency_correction.csv，跳过后校准
2026-06-14 19:13:09.312 | WARNING  | arrange_library.core.ai.loutput_predictor_wrapper:_load_model:150 - 模型文件不存在: models/loutput_pre_lane_v5/lightgbm_model.pkl
2026-06-14 19:13:09.312 | WARNING  | arrange_library.core.ai.pooling_coefficient_optimizer:__init__:164 - loutput预测器不可用，将使用规则降级策略
2026-06-14 19:13:09.312 | INFO     | arrange_library.core.scheduling.greedy_lane_scheduler:__init__:265 - 逐Lane贪心排机器初始化完成 - 基础容量: 985.0GB, 利用率区间: [100%, 100%], 配置模式: 按机型自动
2026-06-14 19:13:09.312 | INFO     | arrange_library.core.scheduling.greedy_lane_scheduler:__init__:268 - 启用检查: Index=True, 碱基不均衡=True, 规则检查器=False
2026-06-14 19:13:09.312 | INFO     | __main__:test_with_model:19313 - 排机阶段：Pooling优化器已禁用（V6流程不需要）
2026-06-14 19:13:09.313 | INFO     | arrange_library.core.constraints.lane_validator:__init__:165 - 成Lane校验程序初始化完成 (严格模式: True, 碱基不均衡上限: 35%, 特殊文库关键词: 9个)
2026-06-14 19:13:09.313 | INFO     | __main__:test_with_model:19317 - 严格校验容量区间改为按统一配置表动态解析
2026-06-14 19:13:09.325 | INFO     | __main__:test_with_model:19339 - 主流程前置拆分完成: 无需拆分
2026-06-14 19:13:09.325 | INFO     | __main__:test_with_model:19354 - Peak窗口混排预构Lane已按调用方要求关闭
2026-06-14 19:13:09.325 | INFO     | arrange_library.core.scheduling.greedy_lane_scheduler:schedule:1084 - 开始逐Lane贪心排机 - 文库数: 1987
2026-06-14 19:13:09.325 | INFO     | arrange_library.core.scheduling.greedy_lane_scheduler:schedule:1094 - 预拆分完成: 使用外层已拆分文库
2026-06-14 19:13:09.332 | INFO     | arrange_library.core.scheduling.greedy_lane_scheduler:_run_batch_analysis:469 - ===== 批次全局分析报告 =====
2026-06-14 19:13:09.332 | INFO     | arrange_library.core.scheduling.greedy_lane_scheduler:_run_batch_analysis:469 - 机器类型: Nova X-25B
2026-06-14 19:13:09.332 | INFO     | arrange_library.core.scheduling.greedy_lane_scheduler:_run_batch_analysis:469 - 文库总数: 1987
2026-06-14 19:13:09.332 | INFO     | arrange_library.core.scheduling.greedy_lane_scheduler:_run_batch_analysis:469 - 总数据量: 16413.6 GB
2026-06-14 19:13:09.332 | INFO     | arrange_library.core.scheduling.greedy_lane_scheduler:_run_batch_analysis:469 - 预估Lane数: 8~8
2026-06-14 19:13:09.332 | INFO     | arrange_library.core.scheduling.greedy_lane_scheduler:_run_batch_analysis:469 - --- 特征标记 ---
2026-06-14 19:13:09.332 | INFO     | arrange_library.core.scheduling.greedy_lane_scheduler:_run_batch_analysis:469 -   包Lane文库: 无
2026-06-14 19:13:09.332 | INFO     | arrange_library.core.scheduling.greedy_lane_scheduler:_run_batch_analysis:469 -   碱基不均衡: 有
2026-06-14 19:13:09.332 | INFO     | arrange_library.core.scheduling.greedy_lane_scheduler:_run_batch_analysis:469 -   客户文库:   无
2026-06-14 19:13:09.332 | INFO     | arrange_library.core.scheduling.greedy_lane_scheduler:_run_batch_analysis:469 -   10bp文库:   有
2026-06-14 19:13:09.332 | INFO     | arrange_library.core.scheduling.greedy_lane_scheduler:_run_batch_analysis:469 -   非10bp文库: 有
2026-06-14 19:13:09.332 | INFO     | arrange_library.core.scheduling.greedy_lane_scheduler:_run_batch_analysis:469 -   特殊组合:   有
2026-06-14 19:13:09.333 | INFO     | arrange_library.core.scheduling.greedy_lane_scheduler:_run_batch_analysis:469 - --- 分组画像 ---
2026-06-14 19:13:09.333 | INFO     | arrange_library.core.scheduling.greedy_lane_scheduler:_run_batch_analysis:469 -   [imbalance] 碱基不均衡文库: 479个文库, 7600.5GB, 预估4~4条Lane
2026-06-14 19:13:09.333 | INFO     | arrange_library.core.scheduling.greedy_lane_scheduler:_run_batch_analysis:469 -   [non_10bp] 非10碱基文库: 424个文库, 3234.7GB, 预估2~2条Lane
2026-06-14 19:13:09.333 | INFO     | arrange_library.core.scheduling.greedy_lane_scheduler:_run_batch_analysis:469 -   [all] 全部文库: 1987个文库, 16413.6GB, 预估8~8条Lane
2026-06-14 19:13:09.333 | INFO     | arrange_library.core.scheduling.greedy_lane_scheduler:_run_batch_analysis:469 -   [10bp] 10碱基文库: 1563个文库, 13178.9GB, 预估6~7条Lane
2026-06-14 19:13:09.333 | INFO     | arrange_library.core.scheduling.greedy_lane_scheduler:_run_batch_analysis:469 -   [special_combo_b] 10X 3端/Visium组合: 79个文库, 3499.3GB, 预估2~2条Lane
2026-06-14 19:13:09.333 | INFO     | arrange_library.core.scheduling.greedy_lane_scheduler:_run_batch_analysis:469 -   [special_combo_a] 10X 5端/VDJ组合: 46个文库, 843.1GB, 预估1~1条Lane
2026-06-14 19:13:09.333 | INFO     | arrange_library.core.scheduling.greedy_lane_scheduler:_run_batch_analysis:469 - --- 专用Lane推荐 ---
2026-06-14 19:13:09.333 | INFO     | arrange_library.core.scheduling.greedy_lane_scheduler:_run_batch_analysis:469 -   [imbalance] 碱基不均衡文库数据量充足，可包专用Lane避免混排占比限制 - 约3条Lane, 7600.5GB, 置信度: high
2026-06-14 19:13:09.333 | INFO     | arrange_library.core.scheduling.greedy_lane_scheduler:_run_batch_analysis:469 -   [non_10bp] 非10bp文库集中排入专用Lane，避免触发10bp>=40%混排规则 - 约1条Lane, 3234.7GB, 置信度: high
2026-06-14 19:13:09.333 | INFO     | arrange_library.core.scheduling.greedy_lane_scheduler:_run_batch_analysis:469 -   [special_combo_b] 10X 3端/Visium文库可独占Lane（与5端互斥） - 约1条Lane, 3499.3GB, 置信度: high
2026-06-14 19:13:09.333 | INFO     | arrange_library.core.scheduling.greedy_lane_scheduler:_run_batch_analysis:469 - --- 混排约束 ---
2026-06-14 19:13:09.333 | INFO     | arrange_library.core.scheduling.greedy_lane_scheduler:_run_batch_analysis:469 -   [tj_1595_special_combo_groups_not_mixed] special_combo_a vs special_combo_b: 10X 5端/VDJ 与 10X 3端/Visium 文库不可混排，必须分开
2026-06-14 19:13:09.333 | INFO     | arrange_library.core.scheduling.greedy_lane_scheduler:_run_batch_analysis:469 -   [imbalance_max_30pct] imbalance vs all: 碱基不均衡文库全局占比46.3%，超过30%上限，必须拆分为专用Lane
2026-06-14 19:13:09.333 | INFO     | arrange_library.core.scheduling.greedy_lane_scheduler:_run_batch_analysis:469 - --- 尾部风险 ---
2026-06-14 19:13:09.333 | INFO     | arrange_library.core.scheduling.greedy_lane_scheduler:_run_batch_analysis:469 -   [special_combo_a] 10X 5端/VDJ组合排完整Lane后剩余843.1GB，不足半Lane(998GB)，需要大文库骨架携带或混入散样Lane - 843.1GB, 46个, 严重程度: medium
2026-06-14 19:13:09.333 | INFO     | arrange_library.core.scheduling.greedy_lane_scheduler:_run_batch_analysis:469 - --- 策略建议 ---
2026-06-14 19:13:09.333 | INFO     | arrange_library.core.scheduling.greedy_lane_scheduler:_run_batch_analysis:469 -   - 碱基不均衡文库数据量充足，优先形成专用Lane
2026-06-14 19:13:09.333 | INFO     | arrange_library.core.scheduling.greedy_lane_scheduler:_run_batch_analysis:469 -   - 非10bp文库建议走专用Lane，避免10bp>=40%混排红线
2026-06-14 19:13:09.333 | INFO     | arrange_library.core.scheduling.greedy_lane_scheduler:_run_batch_analysis:469 -   - 特殊10X组合文库应分别走专用Lane（互斥规则）
2026-06-14 19:13:09.333 | INFO     | arrange_library.core.scheduling.greedy_lane_scheduler:_run_batch_analysis:469 - ===== 报告结束 =====
2026-06-14 19:13:09.333 | INFO     | arrange_library.core.scheduling.greedy_lane_scheduler:_run_batch_analysis:475 - 保留外部传入的策略执行计划，仅使用批次分析报告
2026-06-14 19:13:09.337 | INFO     | arrange_library.core.scheduling.greedy_lane_scheduler:schedule:1130 - 处理机器类型 Nova X-25B - 文库数: 1987 - Lane容量: 1050.0GB, 利用率区间: [100%, 100%], 特殊文库上限: 350GB
2026-06-14 19:13:09.338 | INFO     | arrange_library.core.scheduling.greedy_lane_scheduler:schedule:1158 - 碱基不均衡专用Lane策略: 479个碱基不均衡文库
2026-06-14 19:13:09.339 | INFO     | arrange_library.core.scheduling.greedy_lane_scheduler:_get_dedicated_lane_profile:983 - 专用Lane分组G36剩余合同量55.2G无法满足1.1或3.6T-NEW有效容量下限
2026-06-14 19:13:09.340 | INFO     | arrange_library.core.scheduling.greedy_lane_scheduler:_get_dedicated_lane_profile:983 - 专用Lane分组G27剩余合同量464.3G无法满足1.1或3.6T-NEW有效容量下限
2026-06-14 19:13:09.341 | INFO     | arrange_library.core.scheduling.greedy_lane_scheduler:_get_dedicated_lane_profile:983 - 专用Lane分组G29剩余合同量38.6G无法满足1.1或3.6T-NEW有效容量下限
2026-06-14 19:13:09.342 | INFO     | arrange_library.core.scheduling.greedy_lane_scheduler:_get_dedicated_lane_profile:983 - 专用Lane分组G26剩余合同量614.6G无法满足1.1或3.6T-NEW有效容量下限
2026-06-14 19:13:09.343 | INFO     | arrange_library.core.scheduling.greedy_lane_scheduler:_get_dedicated_lane_profile:983 - 专用Lane分组G50剩余合同量83.5G无法满足1.1或3.6T-NEW有效容量下限
2026-06-14 19:13:09.343 | INFO     | arrange_library.core.scheduling.greedy_lane_scheduler:_get_dedicated_lane_profile:983 - 专用Lane分组G31剩余合同量625.0G无法满足1.1或3.6T-NEW有效容量下限
2026-06-14 19:13:09.344 | INFO     | arrange_library.core.scheduling.greedy_lane_scheduler:_get_dedicated_lane_profile:983 - 专用Lane分组G51剩余合同量58.0G无法满足1.1或3.6T-NEW有效容量下限
2026-06-14 19:13:09.344 | INFO     | arrange_library.core.scheduling.greedy_lane_scheduler:_get_dedicated_lane_profile:983 - 专用Lane分组G33剩余合同量55.0G无法满足1.1或3.6T-NEW有效容量下限
2026-06-14 19:13:09.344 | INFO     | arrange_library.core.scheduling.greedy_lane_scheduler:_get_dedicated_lane_profile:983 - 专用Lane分组G25剩余合同量36.0G无法满足1.1或3.6T-NEW有效容量下限
2026-06-14 19:13:09.344 | INFO     | arrange_library.core.scheduling.greedy_lane_scheduler:_get_dedicated_lane_profile:983 - 专用Lane分组G9剩余合同量30.0G无法满足1.1或3.6T-NEW有效容量下限
2026-06-14 19:13:09.345 | INFO     | arrange_library.core.scheduling.greedy_lane_scheduler:_get_dedicated_lane_profile:983 - 专用Lane分组G4剩余合同量843.8G无法满足1.1或3.6T-NEW有效容量下限
2026-06-14 19:13:09.345 | INFO     | arrange_library.core.scheduling.greedy_lane_scheduler:_get_dedicated_lane_profile:983 - 专用Lane分组G58剩余合同量810.0G无法满足1.1或3.6T-NEW有效容量下限
2026-06-14 19:13:09.346 | INFO     | arrange_library.core.scheduling.greedy_lane_scheduler:_get_dedicated_lane_profile:983 - 专用Lane分组G6剩余合同量630.0G无法满足1.1或3.6T-NEW有效容量下限
2026-06-14 19:13:09.346 | INFO     | arrange_library.core.scheduling.greedy_lane_scheduler:_get_dedicated_lane_profile:983 - 专用Lane分组G19剩余合同量182.0G无法满足1.1或3.6T-NEW有效容量下限
2026-06-14 19:13:09.347 | INFO     | arrange_library.core.scheduling.greedy_lane_scheduler:_get_dedicated_lane_profile:983 - 专用Lane分组G16剩余合同量1.5G无法满足1.1或3.6T-NEW有效容量下限
2026-06-14 19:13:09.347 | INFO     | arrange_library.core.scheduling.greedy_lane_scheduler:_get_dedicated_lane_profile:983 - 专用Lane分组G5剩余合同量23.0G无法满足1.1或3.6T-NEW有效容量下限
2026-06-14 19:13:09.347 | INFO     | arrange_library.core.scheduling.greedy_lane_scheduler:_get_dedicated_lane_profile:983 - 专用Lane分组G34剩余合同量300.0G无法满足1.1或3.6T-NEW有效容量下限
2026-06-14 19:13:09.348 | INFO     | arrange_library.core.scheduling.greedy_lane_scheduler:_get_dedicated_lane_profile:983 - 专用Lane分组G18剩余合同量12.0G无法满足1.1或3.6T-NEW有效容量下限
2026-06-14 19:13:09.348 | INFO     | arrange_library.core.scheduling.greedy_lane_scheduler:schedule:1164 - 形成0条专用Lane，剩余479个碱基不均衡文库
2026-06-14 19:13:16.361 | INFO     | arrange_library.core.scheduling.greedy_lane_scheduler:schedule:1223 - 第二轮排机: 820 个未分配文库（wkdeliverydate优先，轮转起点）
2026-06-14 19:13:17.157 | INFO     | arrange_library.core.scheduling.greedy_lane_scheduler:schedule:1239 - 第三轮排机: 820 个未分配文库（小文库优先）
2026-06-14 19:13:21.240 | INFO     | arrange_library.core.scheduling.greedy_lane_scheduler:schedule:1282 - 连续5轮无新Lane且未分配池不变，提前结束无效重试
2026-06-14 19:13:21.242 | INFO     | arrange_library.core.scheduling.greedy_lane_scheduler:_get_dedicated_lane_profile:983 - 专用Lane分组G36剩余合同量55.2G无法满足1.1或3.6T-NEW有效容量下限
2026-06-14 19:13:21.242 | INFO     | arrange_library.core.scheduling.greedy_lane_scheduler:_get_dedicated_lane_profile:983 - 专用Lane分组G27剩余合同量464.3G无法满足1.1或3.6T-NEW有效容量下限
2026-06-14 19:13:21.243 | INFO     | arrange_library.core.scheduling.greedy_lane_scheduler:_get_dedicated_lane_profile:983 - 专用Lane分组G29剩余合同量38.6G无法满足1.1或3.6T-NEW有效容量下限
2026-06-14 19:13:21.244 | INFO     | arrange_library.core.scheduling.greedy_lane_scheduler:_get_dedicated_lane_profile:983 - 专用Lane分组G26剩余合同量614.6G无法满足1.1或3.6T-NEW有效容量下限
2026-06-14 19:13:21.245 | INFO     | arrange_library.core.scheduling.greedy_lane_scheduler:_get_dedicated_lane_profile:983 - 专用Lane分组G50剩余合同量83.5G无法满足1.1或3.6T-NEW有效容量下限
2026-06-14 19:13:21.245 | INFO     | arrange_library.core.scheduling.greedy_lane_scheduler:_get_dedicated_lane_profile:983 - 专用Lane分组G31剩余合同量625.0G无法满足1.1或3.6T-NEW有效容量下限
2026-06-14 19:13:21.246 | INFO     | arrange_library.core.scheduling.greedy_lane_scheduler:_get_dedicated_lane_profile:983 - 专用Lane分组G51剩余合同量58.0G无法满足1.1或3.6T-NEW有效容量下限
2026-06-14 19:13:21.246 | INFO     | arrange_library.core.scheduling.greedy_lane_scheduler:_get_dedicated_lane_profile:983 - 专用Lane分组G33剩余合同量55.0G无法满足1.1或3.6T-NEW有效容量下限
2026-06-14 19:13:21.246 | INFO     | arrange_library.core.scheduling.greedy_lane_scheduler:_get_dedicated_lane_profile:983 - 专用Lane分组G25剩余合同量36.0G无法满足1.1或3.6T-NEW有效容量下限
2026-06-14 19:13:21.246 | INFO     | arrange_library.core.scheduling.greedy_lane_scheduler:_get_dedicated_lane_profile:983 - 专用Lane分组G9剩余合同量30.0G无法满足1.1或3.6T-NEW有效容量下限
2026-06-14 19:13:21.247 | INFO     | arrange_library.core.scheduling.greedy_lane_scheduler:_get_dedicated_lane_profile:983 - 专用Lane分组G4剩余合同量843.8G无法满足1.1或3.6T-NEW有效容量下限
2026-06-14 19:13:21.247 | INFO     | arrange_library.core.scheduling.greedy_lane_scheduler:_get_dedicated_lane_profile:983 - 专用Lane分组G58剩余合同量810.0G无法满足1.1或3.6T-NEW有效容量下限
2026-06-14 19:13:21.248 | INFO     | arrange_library.core.scheduling.greedy_lane_scheduler:_get_dedicated_lane_profile:983 - 专用Lane分组G6剩余合同量630.0G无法满足1.1或3.6T-NEW有效容量下限
2026-06-14 19:13:21.248 | INFO     | arrange_library.core.scheduling.greedy_lane_scheduler:_get_dedicated_lane_profile:983 - 专用Lane分组G19剩余合同量182.0G无法满足1.1或3.6T-NEW有效容量下限
2026-06-14 19:13:21.248 | INFO     | arrange_library.core.scheduling.greedy_lane_scheduler:_get_dedicated_lane_profile:983 - 专用Lane分组G16剩余合同量1.5G无法满足1.1或3.6T-NEW有效容量下限
2026-06-14 19:13:21.249 | INFO     | arrange_library.core.scheduling.greedy_lane_scheduler:_get_dedicated_lane_profile:983 - 专用Lane分组G5剩余合同量23.0G无法满足1.1或3.6T-NEW有效容量下限
2026-06-14 19:13:21.249 | INFO     | arrange_library.core.scheduling.greedy_lane_scheduler:_get_dedicated_lane_profile:983 - 专用Lane分组G34剩余合同量300.0G无法满足1.1或3.6T-NEW有效容量下限
2026-06-14 19:13:21.249 | INFO     | arrange_library.core.scheduling.greedy_lane_scheduler:_get_dedicated_lane_profile:983 - 专用Lane分组G18剩余合同量12.0G无法满足1.1或3.6T-NEW有效容量下限
2026-06-14 19:13:21.249 | INFO     | arrange_library.core.scheduling.greedy_lane_scheduler:_build_imbalance_dedicated_lanes:1049 - 专用Lane创建完成: 0条Lane, 461个碱基不均衡文库待分配, 359个中性文库待分配
2026-06-14 19:13:21.249 | INFO     | arrange_library.core.scheduling.greedy_lane_scheduler:schedule:1373 - 最后填充策略: 尝试将820个未分配文库塞入已有Lane
2026-06-14 19:13:28.704 | INFO     | arrange_library.core.scheduling.greedy_lane_scheduler:schedule:1744 - 最后填充策略: 成功塞入83个文库，踢出0个违反规则的文库，剩余737个无法分配
2026-06-14 19:13:28.713 | INFO     | arrange_library.core.scheduling.greedy_lane_scheduler:_optimize_by_redistribution:6211 - 挪移优化: 未分配数据量9650GB已足够，尝试精选组建新Lane
2026-06-14 19:13:28.717 | INFO     | arrange_library.core.scheduling.greedy_lane_scheduler:_try_form_lane_from_unassigned:6482 - 残余精选: 内部427个, 客户310个
2026-06-14 19:13:28.878 | INFO     | arrange_library.core.constraints.lane_validator:__init__:165 - 成Lane校验程序初始化完成 (严格模式: True, 碱基不均衡上限: 35%, 特殊文库关键词: 9个)
2026-06-14 19:13:28.880 | INFO     | arrange_library.core.scheduling.greedy_lane_scheduler:_try_form_lane_from_unassigned:6573 - 残余精选: 验证失败 - ValidationError(rule_type=<ValidationRuleType.PEAK_SIZE: 'peak_size'>, severity=<ValidationSeverity.ERROR: 'error'>, message='Peak Size范围229bp超过150bp，最佳窗口覆盖66.7%<75%', current_value=229.0, threshold_value=150, affected_libraries=[])
2026-06-14 19:13:28.880 | INFO     | arrange_library.core.scheduling.greedy_lane_scheduler:_optimize_by_redistribution:6215 - 挪移优化: 精选组建失败，继续尝试挪移策略
2026-06-14 19:13:28.880 | INFO     | arrange_library.core.scheduling.greedy_lane_scheduler:_optimize_by_redistribution:6218 - 挪移优化: 未分配737个文库(9650GB)，需要从现有Lane挪出-7555GB
2026-06-14 19:13:28.885 | WARNING  | arrange_library.core.scheduling.greedy_lane_scheduler:_optimize_by_redistribution:6442 - 挪移优化: 新Lane GL_Nova X-25B_020 验证失败: 容量超限: 9649.6GB > 2255.0GB，放弃创建
2026-06-14 19:13:28.887 | INFO     | arrange_library.core.scheduling.greedy_lane_scheduler:schedule:1814 - 逐Lane贪心排机完成 - Lane数: 3, 已分配: 1250/1987, 未分配: 737, 平均利用率: 103.7%, 耗时: 19.56秒
2026-06-14 19:13:28.887 | INFO     | arrange_library.core.constraints.lane_validator:__init__:165 - 成Lane校验程序初始化完成 (严格模式: False, 碱基不均衡上限: 35%, 特殊文库关键词: 9个)
2026-06-14 19:13:29.062 | WARNING  | arrange_library.core.scheduling.greedy_lane_scheduler:_validate_all_lanes:2123 - Lane GL_Nova X-25B_001 验证失败: ['组合1与组合2文库类型不可混排']
2026-06-14 19:13:29.380 | WARNING  | arrange_library.core.scheduling.greedy_lane_scheduler:_validate_all_lanes:2123 - Lane GL_Nova X-25B_003 验证失败: ['特殊文库总量397.0G超过350.0G限制']
2026-06-14 19:13:29.380 | INFO     | arrange_library.core.scheduling.greedy_lane_scheduler:_validate_all_lanes:2127 - 有2条Lane验证失败，尝试挪移优化...
2026-06-14 19:13:29.380 | INFO     | arrange_library.core.scheduling.greedy_lane_scheduler:_validate_all_lanes:2131 - keep_failed_lanes=True，保留2条验证失败的Lane供外层矫正（未分配池不变）
2026-06-14 19:13:29.381 | INFO     | arrange_library.core.scheduling.greedy_lane_scheduler:_validate_all_lanes:2136 - 最终验证结果（含待矫正Lane）: 3条Lane，737个文库未分配
2026-06-14 19:13:29.514 | INFO     | __main__:_build_global_round_robin_lane:5817 - 全局轮转混排未成Lane: prefix=G1, pool_size=737, best=0个/0.0G, min=2095.0G
2026-06-14 19:13:29.518 | INFO     | __main__:test_with_model:19410 - wkspecialsplits边排边检查完成: 无需调整
2026-06-14 19:13:30.603 | WARNING  | __main__:test_with_model:19440 - Lane GL_Nova X-25B_001 验证失败 - 错误: ['rule_matrix_constraint'], 警告: []
2026-06-14 19:13:31.090 | WARNING  | __main__:test_with_model:19440 - Lane GL_Nova X-25B_003 验证失败 - 错误: ['special_library_limit'], 警告: []
2026-06-14 19:13:31.090 | INFO     | __main__:test_with_model:19445 - 验证完成：1条Lane通过验证
2026-06-14 19:13:31.090 | INFO     | __main__:test_with_model:19466 - 57规则二次改排救援已关闭，失败Lane文库回收到未分配池
2026-06-14 19:13:31.094 | INFO     | __main__:_should_skip_expensive_rescue_stage:2866 - 高成本救援(EX/RB)跳过: 未分配池过大=1526个/14159.3G，优先保证主排机时效
2026-06-14 19:13:31.121 | INFO     | __main__:test_with_model:19483 - 快速交付日期救援未新增Lane
2026-06-14 19:13:31.320 | INFO     | __main__:_build_global_round_robin_lane:5817 - 全局轮转混排未成Lane: prefix=G1, pool_size=1526, best=0个/0.0G, min=2095.0G
2026-06-14 19:13:31.320 | INFO     | __main__:test_with_model:19747 - 剩余库全局轮转混排未新增Lane: 剩余未分配=1526
2026-06-14 19:13:31.324 | INFO     | __main__:test_with_model:19777 - 脚本内置 Pooling 预测已停用，后续统一调用 prediction_delivery
2026-06-14 19:13:32.024 | INFO     | __main__:_enforce_mode_1_1_add_test_cap_per_lane:2213 - 1.1首轮Lane加测/混合封顶生效: lane=GL_Nova X-25B_002, 保留149.9G, 回退25个/20.0G到未分配池，补位后Lane=2234.4G (单Lane上限150.0G)
2026-06-14 19:13:32.024 | INFO     | __main__:arrange_library:20323 - 1.1首轮单Lane加测/混合封顶完成: 调整Lane=1, 回退文库=25个/20.0G，补位文库=0个，修复达标Lane=1
2026-06-14 19:13:32.475 | INFO     | __main__:arrange_library:20375 - 1.1首轮二次补排启动: 首轮剩余文库=1551个
2026-06-14 19:13:32.476 | INFO     | __main__:arrange_library:20376 - 1.1首轮二次补排策略: expensive_rescue=True, peak_window_mixed=True, post_fill_optimization=True
2026-06-14 19:13:32.651 | INFO     | __main__:test_with_model:19285 - 
================================================================================
2026-06-14 19:13:32.651 | INFO     | __main__:test_with_model:19286 - 排机流程：纯规则排机
2026-06-14 19:13:32.651 | INFO     | __main__:test_with_model:19287 - ================================================================================
2026-06-14 19:13:32.651 | INFO     | arrange_library.core.constraints.index_validator_verified:__init__:77 - Index校验器初始化完成（真实数据验证版本）
2026-06-14 19:13:32.651 | INFO     | arrange_library.core.constraints.lane_validator:__init__:165 - 成Lane校验程序初始化完成 (严格模式: True, 碱基不均衡上限: 35%, 特殊文库关键词: 9个)
2026-06-14 19:13:32.653 | WARNING  | arrange_library.core.ai.pooling_coefficient_optimizer:_load_config:40 - Pooling配置表不存在: /data/work/yuyongpeng/liblane_v2_deepseek/data/wktype_pooling_config.xlsx，将使用默认策略
2026-06-14 19:13:32.653 | INFO     | arrange_library.core.ai.pooling_coefficient_optimizer:_load_efficiency_corrections:185 - 产出效率修正表不存在: /data/work/yuyongpeng/liblane_v2_deepseek/data/production_efficiency_correction.csv，跳过后校准
2026-06-14 19:13:32.653 | WARNING  | arrange_library.core.ai.loutput_predictor_wrapper:_load_model:150 - 模型文件不存在: models/loutput_pre_lane_v5/lightgbm_model.pkl
2026-06-14 19:13:32.653 | WARNING  | arrange_library.core.ai.pooling_coefficient_optimizer:__init__:164 - loutput预测器不可用，将使用规则降级策略
2026-06-14 19:13:32.653 | INFO     | arrange_library.core.scheduling.greedy_lane_scheduler:__init__:265 - 逐Lane贪心排机器初始化完成 - 基础容量: 985.0GB, 利用率区间: [100%, 100%], 配置模式: 按机型自动
2026-06-14 19:13:32.653 | INFO     | arrange_library.core.scheduling.greedy_lane_scheduler:__init__:268 - 启用检查: Index=True, 碱基不均衡=True, 规则检查器=False
2026-06-14 19:13:32.653 | INFO     | __main__:test_with_model:19313 - 排机阶段：Pooling优化器已禁用（V6流程不需要）
2026-06-14 19:13:32.654 | INFO     | arrange_library.core.constraints.lane_validator:__init__:165 - 成Lane校验程序初始化完成 (严格模式: True, 碱基不均衡上限: 35%, 特殊文库关键词: 9个)
2026-06-14 19:13:32.654 | INFO     | __main__:test_with_model:19317 - 严格校验容量区间改为按统一配置表动态解析
2026-06-14 19:13:32.662 | INFO     | __main__:test_with_model:19339 - 主流程前置拆分完成: 无需拆分
2026-06-14 19:13:32.941 | INFO     | __main__:_extract_mixed_lanes_by_peak_window:8433 - 混排Peak窗口: 340-490bp, 1256个文库/10965G, 理论最多5条Lane
2026-06-14 19:13:33.386 | INFO     | __main__:_extract_mixed_lanes_by_peak_window:8469 - 混排Lane预抽取完成: 新增Lane=0，使用文库=0个/0.0G，剩余待排=1551个/14179.3G
2026-06-14 19:13:33.387 | INFO     | arrange_library.core.scheduling.greedy_lane_scheduler:schedule:1084 - 开始逐Lane贪心排机 - 文库数: 1551
2026-06-14 19:13:33.387 | INFO     | arrange_library.core.scheduling.greedy_lane_scheduler:schedule:1094 - 预拆分完成: 使用外层已拆分文库
2026-06-14 19:13:33.392 | INFO     | arrange_library.core.scheduling.greedy_lane_scheduler:_run_batch_analysis:469 - ===== 批次全局分析报告 =====
2026-06-14 19:13:33.392 | INFO     | arrange_library.core.scheduling.greedy_lane_scheduler:_run_batch_analysis:469 - 机器类型: Nova X-25B
2026-06-14 19:13:33.392 | INFO     | arrange_library.core.scheduling.greedy_lane_scheduler:_run_batch_analysis:469 - 文库总数: 1551
2026-06-14 19:13:33.392 | INFO     | arrange_library.core.scheduling.greedy_lane_scheduler:_run_batch_analysis:469 - 总数据量: 14179.3 GB
2026-06-14 19:13:33.392 | INFO     | arrange_library.core.scheduling.greedy_lane_scheduler:_run_batch_analysis:469 - 预估Lane数: 7~7
2026-06-14 19:13:33.392 | INFO     | arrange_library.core.scheduling.greedy_lane_scheduler:_run_batch_analysis:469 - --- 特征标记 ---
2026-06-14 19:13:33.392 | INFO     | arrange_library.core.scheduling.greedy_lane_scheduler:_run_batch_analysis:469 -   包Lane文库: 无
2026-06-14 19:13:33.392 | INFO     | arrange_library.core.scheduling.greedy_lane_scheduler:_run_batch_analysis:469 -   碱基不均衡: 有
2026-06-14 19:13:33.392 | INFO     | arrange_library.core.scheduling.greedy_lane_scheduler:_run_batch_analysis:469 -   客户文库:   无
2026-06-14 19:13:33.392 | INFO     | arrange_library.core.scheduling.greedy_lane_scheduler:_run_batch_analysis:469 -   10bp文库:   有
2026-06-14 19:13:33.392 | INFO     | arrange_library.core.scheduling.greedy_lane_scheduler:_run_batch_analysis:469 -   非10bp文库: 有
2026-06-14 19:13:33.392 | INFO     | arrange_library.core.scheduling.greedy_lane_scheduler:_run_batch_analysis:469 -   特殊组合:   有
2026-06-14 19:13:33.392 | INFO     | arrange_library.core.scheduling.greedy_lane_scheduler:_run_batch_analysis:469 - --- 分组画像 ---
2026-06-14 19:13:33.392 | INFO     | arrange_library.core.scheduling.greedy_lane_scheduler:_run_batch_analysis:469 -   [imbalance] 碱基不均衡文库: 478个文库, 7575.0GB, 预估4~4条Lane
2026-06-14 19:13:33.392 | INFO     | arrange_library.core.scheduling.greedy_lane_scheduler:_run_batch_analysis:469 -   [non_10bp] 非10碱基文库: 400个文库, 3132.6GB, 预估2~2条Lane
2026-06-14 19:13:33.392 | INFO     | arrange_library.core.scheduling.greedy_lane_scheduler:_run_batch_analysis:469 -   [all] 全部文库: 1551个文库, 14179.3GB, 预估7~7条Lane
2026-06-14 19:13:33.392 | INFO     | arrange_library.core.scheduling.greedy_lane_scheduler:_run_batch_analysis:469 -   [10bp] 10碱基文库: 1151个文库, 11046.7GB, 预估5~6条Lane
2026-06-14 19:13:33.392 | INFO     | arrange_library.core.scheduling.greedy_lane_scheduler:_run_batch_analysis:469 -   [special_combo_a] 10X 5端/VDJ组合: 46个文库, 843.1GB, 预估1~1条Lane
2026-06-14 19:13:33.392 | INFO     | arrange_library.core.scheduling.greedy_lane_scheduler:_run_batch_analysis:469 -   [special_combo_b] 10X 3端/Visium组合: 78个文库, 3473.8GB, 预估2~2条Lane
2026-06-14 19:13:33.392 | INFO     | arrange_library.core.scheduling.greedy_lane_scheduler:_run_batch_analysis:469 - --- 专用Lane推荐 ---
2026-06-14 19:13:33.392 | INFO     | arrange_library.core.scheduling.greedy_lane_scheduler:_run_batch_analysis:469 -   [imbalance] 碱基不均衡文库数据量充足，可包专用Lane避免混排占比限制 - 约3条Lane, 7575.0GB, 置信度: high
2026-06-14 19:13:33.392 | INFO     | arrange_library.core.scheduling.greedy_lane_scheduler:_run_batch_analysis:469 -   [non_10bp] 非10bp文库集中排入专用Lane，避免触发10bp>=40%混排规则 - 约1条Lane, 3132.6GB, 置信度: medium
2026-06-14 19:13:33.392 | INFO     | arrange_library.core.scheduling.greedy_lane_scheduler:_run_batch_analysis:469 -   [special_combo_b] 10X 3端/Visium文库可独占Lane（与5端互斥） - 约1条Lane, 3473.8GB, 置信度: high
2026-06-14 19:13:33.392 | INFO     | arrange_library.core.scheduling.greedy_lane_scheduler:_run_batch_analysis:469 - --- 混排约束 ---
2026-06-14 19:13:33.392 | INFO     | arrange_library.core.scheduling.greedy_lane_scheduler:_run_batch_analysis:469 -   [tj_1595_special_combo_groups_not_mixed] special_combo_a vs special_combo_b: 10X 5端/VDJ 与 10X 3端/Visium 文库不可混排，必须分开
2026-06-14 19:13:33.392 | INFO     | arrange_library.core.scheduling.greedy_lane_scheduler:_run_batch_analysis:469 -   [imbalance_max_30pct] imbalance vs all: 碱基不均衡文库全局占比53.4%，超过30%上限，必须拆分为专用Lane
2026-06-14 19:13:33.392 | INFO     | arrange_library.core.scheduling.greedy_lane_scheduler:_run_batch_analysis:469 - --- 尾部风险 ---
2026-06-14 19:13:33.392 | INFO     | arrange_library.core.scheduling.greedy_lane_scheduler:_run_batch_analysis:469 -   [non_10bp] 非10碱基文库排完整Lane后剩余1037.6GB，不足半Lane(1048GB)，需要大文库骨架携带或混入散样Lane - 1037.6GB, 400个, 严重程度: medium
2026-06-14 19:13:33.392 | INFO     | arrange_library.core.scheduling.greedy_lane_scheduler:_run_batch_analysis:469 -   [special_combo_a] 10X 5端/VDJ组合排完整Lane后剩余843.1GB，不足半Lane(998GB)，需要大文库骨架携带或混入散样Lane - 843.1GB, 46个, 严重程度: medium
2026-06-14 19:13:33.392 | INFO     | arrange_library.core.scheduling.greedy_lane_scheduler:_run_batch_analysis:469 - --- 策略建议 ---
2026-06-14 19:13:33.392 | INFO     | arrange_library.core.scheduling.greedy_lane_scheduler:_run_batch_analysis:469 -   - 碱基不均衡文库数据量充足，优先形成专用Lane
2026-06-14 19:13:33.392 | INFO     | arrange_library.core.scheduling.greedy_lane_scheduler:_run_batch_analysis:469 -   - 非10bp文库建议走专用Lane，避免10bp>=40%混排红线
2026-06-14 19:13:33.392 | INFO     | arrange_library.core.scheduling.greedy_lane_scheduler:_run_batch_analysis:469 -   - 特殊10X组合文库应分别走专用Lane（互斥规则）
2026-06-14 19:13:33.392 | INFO     | arrange_library.core.scheduling.greedy_lane_scheduler:_run_batch_analysis:469 - ===== 报告结束 =====
2026-06-14 19:13:33.393 | INFO     | arrange_library.core.scheduling.greedy_lane_scheduler:_run_batch_analysis:475 - 保留外部传入的策略执行计划，仅使用批次分析报告
2026-06-14 19:13:33.395 | INFO     | arrange_library.core.scheduling.greedy_lane_scheduler:schedule:1130 - 处理机器类型 Nova X-25B - 文库数: 1551 - Lane容量: 1050.0GB, 利用率区间: [100%, 100%], 特殊文库上限: 350GB
2026-06-14 19:13:33.396 | INFO     | arrange_library.core.scheduling.greedy_lane_scheduler:schedule:1158 - 碱基不均衡专用Lane策略: 478个碱基不均衡文库
2026-06-14 19:13:33.397 | INFO     | arrange_library.core.scheduling.greedy_lane_scheduler:_get_dedicated_lane_profile:983 - 专用Lane分组G36剩余合同量55.2G无法满足1.1或3.6T-NEW有效容量下限
2026-06-14 19:13:33.398 | INFO     | arrange_library.core.scheduling.greedy_lane_scheduler:_get_dedicated_lane_profile:983 - 专用Lane分组G27剩余合同量464.3G无法满足1.1或3.6T-NEW有效容量下限
2026-06-14 19:13:33.398 | INFO     | arrange_library.core.scheduling.greedy_lane_scheduler:_get_dedicated_lane_profile:983 - 专用Lane分组G29剩余合同量38.6G无法满足1.1或3.6T-NEW有效容量下限
2026-06-14 19:13:33.399 | INFO     | arrange_library.core.scheduling.greedy_lane_scheduler:_get_dedicated_lane_profile:983 - 专用Lane分组G26剩余合同量614.6G无法满足1.1或3.6T-NEW有效容量下限
2026-06-14 19:13:33.400 | INFO     | arrange_library.core.scheduling.greedy_lane_scheduler:_get_dedicated_lane_profile:983 - 专用Lane分组G50剩余合同量83.5G无法满足1.1或3.6T-NEW有效容量下限
2026-06-14 19:13:33.400 | INFO     | arrange_library.core.scheduling.greedy_lane_scheduler:_get_dedicated_lane_profile:983 - 专用Lane分组G31剩余合同量625.0G无法满足1.1或3.6T-NEW有效容量下限
2026-06-14 19:13:33.400 | INFO     | arrange_library.core.scheduling.greedy_lane_scheduler:_get_dedicated_lane_profile:983 - 专用Lane分组G51剩余合同量58.0G无法满足1.1或3.6T-NEW有效容量下限
2026-06-14 19:13:33.401 | INFO     | arrange_library.core.scheduling.greedy_lane_scheduler:_get_dedicated_lane_profile:983 - 专用Lane分组G33剩余合同量55.0G无法满足1.1或3.6T-NEW有效容量下限
2026-06-14 19:13:33.401 | INFO     | arrange_library.core.scheduling.greedy_lane_scheduler:_get_dedicated_lane_profile:983 - 专用Lane分组G25剩余合同量36.0G无法满足1.1或3.6T-NEW有效容量下限
2026-06-14 19:13:33.401 | INFO     | arrange_library.core.scheduling.greedy_lane_scheduler:_get_dedicated_lane_profile:983 - 专用Lane分组G9剩余合同量30.0G无法满足1.1或3.6T-NEW有效容量下限
2026-06-14 19:13:33.402 | INFO     | arrange_library.core.scheduling.greedy_lane_scheduler:_get_dedicated_lane_profile:983 - 专用Lane分组G4剩余合同量843.8G无法满足1.1或3.6T-NEW有效容量下限
2026-06-14 19:13:33.402 | INFO     | arrange_library.core.scheduling.greedy_lane_scheduler:_get_dedicated_lane_profile:983 - 专用Lane分组G58剩余合同量810.0G无法满足1.1或3.6T-NEW有效容量下限
2026-06-14 19:13:33.402 | INFO     | arrange_library.core.scheduling.greedy_lane_scheduler:_get_dedicated_lane_profile:983 - 专用Lane分组G6剩余合同量630.0G无法满足1.1或3.6T-NEW有效容量下限
2026-06-14 19:13:33.403 | INFO     | arrange_library.core.scheduling.greedy_lane_scheduler:_get_dedicated_lane_profile:983 - 专用Lane分组G19剩余合同量182.0G无法满足1.1或3.6T-NEW有效容量下限
2026-06-14 19:13:33.403 | INFO     | arrange_library.core.scheduling.greedy_lane_scheduler:_get_dedicated_lane_profile:983 - 专用Lane分组G16剩余合同量1.5G无法满足1.1或3.6T-NEW有效容量下限
2026-06-14 19:13:33.403 | INFO     | arrange_library.core.scheduling.greedy_lane_scheduler:_get_dedicated_lane_profile:983 - 专用Lane分组G5剩余合同量23.0G无法满足1.1或3.6T-NEW有效容量下限
2026-06-14 19:13:33.404 | INFO     | arrange_library.core.scheduling.greedy_lane_scheduler:_get_dedicated_lane_profile:983 - 专用Lane分组G34剩余合同量300.0G无法满足1.1或3.6T-NEW有效容量下限
2026-06-14 19:13:33.404 | INFO     | arrange_library.core.scheduling.greedy_lane_scheduler:_get_dedicated_lane_profile:983 - 专用Lane分组G18剩余合同量12.0G无法满足1.1或3.6T-NEW有效容量下限
2026-06-14 19:13:33.404 | INFO     | arrange_library.core.scheduling.greedy_lane_scheduler:schedule:1164 - 形成0条专用Lane，剩余478个碱基不均衡文库
2026-06-14 19:13:38.240 | INFO     | arrange_library.core.scheduling.greedy_lane_scheduler:schedule:1223 - 第二轮排机: 1135 个未分配文库（wkdeliverydate优先，轮转起点）
2026-06-14 19:13:40.684 | INFO     | arrange_library.core.scheduling.greedy_lane_scheduler:schedule:1239 - 第三轮排机: 1135 个未分配文库（小文库优先）
2026-06-14 19:13:54.133 | INFO     | arrange_library.core.scheduling.greedy_lane_scheduler:schedule:1282 - 连续5轮无新Lane且未分配池不变，提前结束无效重试
2026-06-14 19:13:54.135 | INFO     | arrange_library.core.scheduling.greedy_lane_scheduler:_get_dedicated_lane_profile:983 - 专用Lane分组G36剩余合同量55.2G无法满足1.1或3.6T-NEW有效容量下限
2026-06-14 19:13:54.136 | INFO     | arrange_library.core.scheduling.greedy_lane_scheduler:_get_dedicated_lane_profile:983 - 专用Lane分组G27剩余合同量464.3G无法满足1.1或3.6T-NEW有效容量下限
2026-06-14 19:13:54.137 | INFO     | arrange_library.core.scheduling.greedy_lane_scheduler:_get_dedicated_lane_profile:983 - 专用Lane分组G29剩余合同量38.6G无法满足1.1或3.6T-NEW有效容量下限
2026-06-14 19:13:54.138 | INFO     | arrange_library.core.scheduling.greedy_lane_scheduler:_get_dedicated_lane_profile:983 - 专用Lane分组G26剩余合同量614.6G无法满足1.1或3.6T-NEW有效容量下限
2026-06-14 19:13:54.138 | INFO     | arrange_library.core.scheduling.greedy_lane_scheduler:_get_dedicated_lane_profile:983 - 专用Lane分组G50剩余合同量83.5G无法满足1.1或3.6T-NEW有效容量下限
2026-06-14 19:13:54.139 | INFO     | arrange_library.core.scheduling.greedy_lane_scheduler:_get_dedicated_lane_profile:983 - 专用Lane分组G31剩余合同量625.0G无法满足1.1或3.6T-NEW有效容量下限
2026-06-14 19:13:54.139 | INFO     | arrange_library.core.scheduling.greedy_lane_scheduler:_get_dedicated_lane_profile:983 - 专用Lane分组G51剩余合同量58.0G无法满足1.1或3.6T-NEW有效容量下限
2026-06-14 19:13:54.139 | INFO     | arrange_library.core.scheduling.greedy_lane_scheduler:_get_dedicated_lane_profile:983 - 专用Lane分组G33剩余合同量55.0G无法满足1.1或3.6T-NEW有效容量下限
2026-06-14 19:13:54.140 | INFO     | arrange_library.core.scheduling.greedy_lane_scheduler:_get_dedicated_lane_profile:983 - 专用Lane分组G25剩余合同量36.0G无法满足1.1或3.6T-NEW有效容量下限
2026-06-14 19:13:54.140 | INFO     | arrange_library.core.scheduling.greedy_lane_scheduler:_get_dedicated_lane_profile:983 - 专用Lane分组G9剩余合同量30.0G无法满足1.1或3.6T-NEW有效容量下限
2026-06-14 19:13:54.140 | INFO     | arrange_library.core.scheduling.greedy_lane_scheduler:_get_dedicated_lane_profile:983 - 专用Lane分组G4剩余合同量843.8G无法满足1.1或3.6T-NEW有效容量下限
2026-06-14 19:13:54.141 | INFO     | arrange_library.core.scheduling.greedy_lane_scheduler:_get_dedicated_lane_profile:983 - 专用Lane分组G58剩余合同量810.0G无法满足1.1或3.6T-NEW有效容量下限
2026-06-14 19:13:54.141 | INFO     | arrange_library.core.scheduling.greedy_lane_scheduler:_get_dedicated_lane_profile:983 - 专用Lane分组G6剩余合同量630.0G无法满足1.1或3.6T-NEW有效容量下限
2026-06-14 19:13:54.142 | INFO     | arrange_library.core.scheduling.greedy_lane_scheduler:_get_dedicated_lane_profile:983 - 专用Lane分组G19剩余合同量182.0G无法满足1.1或3.6T-NEW有效容量下限
2026-06-14 19:13:54.142 | INFO     | arrange_library.core.scheduling.greedy_lane_scheduler:_get_dedicated_lane_profile:983 - 专用Lane分组G16剩余合同量1.5G无法满足1.1或3.6T-NEW有效容量下限
2026-06-14 19:13:54.142 | INFO     | arrange_library.core.scheduling.greedy_lane_scheduler:_get_dedicated_lane_profile:983 - 专用Lane分组G5剩余合同量23.0G无法满足1.1或3.6T-NEW有效容量下限
2026-06-14 19:13:54.142 | INFO     | arrange_library.core.scheduling.greedy_lane_scheduler:_get_dedicated_lane_profile:983 - 专用Lane分组G34剩余合同量300.0G无法满足1.1或3.6T-NEW有效容量下限
2026-06-14 19:13:54.143 | INFO     | arrange_library.core.scheduling.greedy_lane_scheduler:_get_dedicated_lane_profile:983 - 专用Lane分组G18剩余合同量12.0G无法满足1.1或3.6T-NEW有效容量下限
2026-06-14 19:13:54.143 | INFO     | arrange_library.core.scheduling.greedy_lane_scheduler:_build_imbalance_dedicated_lanes:1049 - 专用Lane创建完成: 0条Lane, 476个碱基不均衡文库待分配, 659个中性文库待分配
2026-06-14 19:13:54.143 | INFO     | arrange_library.core.scheduling.greedy_lane_scheduler:schedule:1373 - 最后填充策略: 尝试将1135个未分配文库塞入已有Lane
2026-06-14 19:13:57.350 | INFO     | arrange_library.core.scheduling.greedy_lane_scheduler:schedule:1744 - 最后填充策略: 成功塞入25个文库，踢出0个违反规则的文库，剩余1110个无法分配
2026-06-14 19:13:57.363 | INFO     | arrange_library.core.scheduling.greedy_lane_scheduler:_optimize_by_redistribution:6211 - 挪移优化: 未分配数据量11924GB已足够，尝试精选组建新Lane
2026-06-14 19:13:57.369 | INFO     | arrange_library.core.scheduling.greedy_lane_scheduler:_try_form_lane_from_unassigned:6482 - 残余精选: 内部800个, 客户310个
2026-06-14 19:13:57.598 | INFO     | arrange_library.core.constraints.lane_validator:__init__:165 - 成Lane校验程序初始化完成 (严格模式: True, 碱基不均衡上限: 35%, 特殊文库关键词: 9个)
2026-06-14 19:13:57.599 | INFO     | arrange_library.core.scheduling.greedy_lane_scheduler:_try_form_lane_from_unassigned:6573 - 残余精选: 验证失败 - ValidationError(rule_type=<ValidationRuleType.BASE_IMBALANCE_RATIO: 'base_imbalance_ratio'>, severity=<ValidationSeverity.ERROR: 'error'>, message='碱基不均衡占比91.1%超过35%限制', current_value=0.9113082039911308, threshold_value=0.35, affected_libraries=[14400149, 14400153, 14400150, 14400151, 14400152, 14386226, 14402335, 14403231, 14403249, 14403245, 14403208, 14403209, 14403211, 14393259, 14403210, 14403232, 14403240, 14403243, 14401538]), ValidationError(rule_type=<ValidationRuleType.PEAK_SIZE: 'peak_size'>, severity=<ValidationSeverity.ERROR: 'error'>, message='Peak Size范围229bp超过150bp，最佳窗口覆盖66.7%<75%', current_value=229.0, threshold_value=150, affected_libraries=[])
2026-06-14 19:13:57.600 | INFO     | arrange_library.core.scheduling.greedy_lane_scheduler:_optimize_by_redistribution:6215 - 挪移优化: 精选组建失败，继续尝试挪移策略
2026-06-14 19:13:57.600 | INFO     | arrange_library.core.scheduling.greedy_lane_scheduler:_optimize_by_redistribution:6218 - 挪移优化: 未分配1110个文库(11924GB)，需要从现有Lane挪出-9829GB
2026-06-14 19:13:57.605 | WARNING  | arrange_library.core.scheduling.greedy_lane_scheduler:_optimize_by_redistribution:6442 - 挪移优化: 新Lane GL_Nova X-25B_023 验证失败: 容量超限: 11924.5GB > 2255.0GB，放弃创建
2026-06-14 19:13:57.607 | INFO     | arrange_library.core.scheduling.greedy_lane_scheduler:schedule:1814 - 逐Lane贪心排机完成 - Lane数: 1, 已分配: 441/1551, 未分配: 1110, 平均利用率: 103.7%, 耗时: 24.22秒
2026-06-14 19:13:57.607 | INFO     | arrange_library.core.constraints.lane_validator:__init__:165 - 成Lane校验程序初始化完成 (严格模式: False, 碱基不均衡上限: 35%, 特殊文库关键词: 9个)
2026-06-14 19:13:57.797 | WARNING  | arrange_library.core.scheduling.greedy_lane_scheduler:_validate_all_lanes:2123 - Lane GL_Nova X-25B_001 验证失败: ['组合1与组合2文库类型不可混排']
2026-06-14 19:13:57.797 | INFO     | arrange_library.core.scheduling.greedy_lane_scheduler:_validate_all_lanes:2127 - 有1条Lane验证失败，尝试挪移优化...
2026-06-14 19:13:57.797 | INFO     | arrange_library.core.scheduling.greedy_lane_scheduler:_validate_all_lanes:2131 - keep_failed_lanes=True，保留1条验证失败的Lane供外层矫正（未分配池不变）
2026-06-14 19:13:57.797 | INFO     | arrange_library.core.scheduling.greedy_lane_scheduler:_validate_all_lanes:2136 - 最终验证结果（含待矫正Lane）: 1条Lane，1110个文库未分配
2026-06-14 19:13:57.831 | INFO     | __main__:_build_global_round_robin_lane:5817 - 全局轮转混排未成Lane: prefix=G1, pool_size=1110, best=0个/0.0G, min=2095.0G
2026-06-14 19:13:57.832 | INFO     | __main__:test_with_model:19410 - wkspecialsplits边排边检查完成: 无需调整
2026-06-14 19:13:58.590 | WARNING  | __main__:test_with_model:19440 - Lane GL_Nova X-25B_001 验证失败 - 错误: ['rule_matrix_constraint'], 警告: []
2026-06-14 19:13:58.590 | INFO     | __main__:test_with_model:19445 - 验证完成：0条Lane通过验证
2026-06-14 19:13:58.590 | INFO     | __main__:test_with_model:19466 - 57规则二次改排救援已关闭，失败Lane文库回收到未分配池
2026-06-14 19:13:58.593 | INFO     | __main__:_should_skip_expensive_rescue_stage:2853 - 高成本救援(EX/RB)跳过: 当前0条Lane通过验证，未分配池=1551个/14179.3G，继续做高成本救援收益过低
2026-06-14 19:13:58.622 | INFO     | __main__:test_with_model:19483 - 快速交付日期救援未新增Lane
2026-06-14 19:13:58.672 | INFO     | __main__:_build_global_round_robin_lane:5817 - 全局轮转混排未成Lane: prefix=G1, pool_size=1551, best=0个/0.0G, min=2095.0G
2026-06-14 19:13:58.673 | INFO     | __main__:test_with_model:19747 - 剩余库全局轮转混排未新增Lane: 剩余未分配=1551
2026-06-14 19:13:58.675 | INFO     | __main__:test_with_model:19777 - 脚本内置 Pooling 预测已停用，后续统一调用 prediction_delivery
2026-06-14 19:13:58.679 | INFO     | __main__:arrange_library:20446 - 1.1首轮二次补排完成: 新增Lane=0, 剩余文库=1551
2026-06-14 19:13:58.687 | INFO     | __main__:arrange_library:20459 - 1.1首轮剩余中9个<=500G未拆分原始文库继续保留给1.1尾货抽取，不进入普通3.6T候选池
2026-06-14 19:13:58.688 | INFO     | __main__:arrange_library:20465 - 步骤1.5-3候选池接收1.1剩余可进3.6T文库1542个，继续进入3.6T-NEW
2026-06-14 19:13:58.688 | INFO     | __main__:arrange_library:20469 - 1.1首轮排机完成: 生成1条Lane
2026-06-14 19:13:58.688 | INFO     | __main__:arrange_library:20489 - 步骤1.5后追加<=500G未拆分原始文库到尾货1.1池: 9个
2026-06-14 19:13:58.688 | INFO     | __main__:arrange_library:20494 - 1.1首轮排机阶段完成: 3.6T-NEW后续候选池=1551个文库, 1.1 Lane=1条
2026-06-14 19:13:58.696 | INFO     | __main__:arrange_library:20528 - 
================================================================================
2026-06-14 19:13:58.696 | INFO     | __main__:arrange_library:20529 - 步骤1.6: 尾货1.1专Lane、纯不均混排与普通Lane二次抽取
2026-06-14 19:13:58.696 | INFO     | __main__:arrange_library:20530 - ================================================================================
2026-06-14 19:13:58.697 | INFO     | arrange_library.core.constraints.index_validator_verified:__init__:77 - Index校验器初始化完成（真实数据验证版本）
2026-06-14 19:13:58.697 | INFO     | arrange_library.core.constraints.lane_validator:__init__:165 - 成Lane校验程序初始化完成 (严格模式: True, 碱基不均衡上限: 35%, 特殊文库关键词: 9个)
2026-06-14 19:13:58.699 | WARNING  | arrange_library.core.ai.pooling_coefficient_optimizer:_load_config:40 - Pooling配置表不存在: /data/work/yuyongpeng/liblane_v2_deepseek/data/wktype_pooling_config.xlsx，将使用默认策略
2026-06-14 19:13:58.699 | INFO     | arrange_library.core.ai.pooling_coefficient_optimizer:_load_efficiency_corrections:185 - 产出效率修正表不存在: /data/work/yuyongpeng/liblane_v2_deepseek/data/production_efficiency_correction.csv，跳过后校准
2026-06-14 19:13:58.699 | WARNING  | arrange_library.core.ai.loutput_predictor_wrapper:_load_model:150 - 模型文件不存在: models/loutput_pre_lane_v5/lightgbm_model.pkl
2026-06-14 19:13:58.699 | WARNING  | arrange_library.core.ai.pooling_coefficient_optimizer:__init__:164 - loutput预测器不可用，将使用规则降级策略
2026-06-14 19:13:58.699 | INFO     | arrange_library.core.scheduling.greedy_lane_scheduler:__init__:265 - 逐Lane贪心排机器初始化完成 - 基础容量: 985.0GB, 利用率区间: [100%, 100%], 配置模式: 按机型自动
2026-06-14 19:13:58.699 | INFO     | arrange_library.core.scheduling.greedy_lane_scheduler:__init__:268 - 启用检查: Index=True, 碱基不均衡=True, 规则检查器=False
2026-06-14 19:13:58.700 | INFO     | arrange_library.core.scheduling.greedy_lane_scheduler:_get_dedicated_lane_profile:983 - 专用Lane分组G36剩余合同量55.2G无法满足1.1或3.6T-NEW有效容量下限
2026-06-14 19:13:58.700 | INFO     | arrange_library.core.scheduling.greedy_lane_scheduler:_get_dedicated_lane_profile:983 - 专用Lane分组G27剩余合同量464.3G无法满足1.1或3.6T-NEW有效容量下限
2026-06-14 19:13:58.700 | INFO     | arrange_library.core.scheduling.greedy_lane_scheduler:_get_dedicated_lane_profile:983 - 专用Lane分组G29剩余合同量38.6G无法满足1.1或3.6T-NEW有效容量下限
2026-06-14 19:13:58.701 | INFO     | arrange_library.core.scheduling.greedy_lane_scheduler:_get_dedicated_lane_profile:983 - 专用Lane分组G26剩余合同量614.6G无法满足1.1或3.6T-NEW有效容量下限
2026-06-14 19:13:58.701 | INFO     | arrange_library.core.scheduling.greedy_lane_scheduler:_get_dedicated_lane_profile:983 - 专用Lane分组G50剩余合同量83.5G无法满足1.1或3.6T-NEW有效容量下限
2026-06-14 19:13:58.701 | INFO     | arrange_library.core.scheduling.greedy_lane_scheduler:_get_dedicated_lane_profile:983 - 专用Lane分组G31剩余合同量625.0G无法满足1.1或3.6T-NEW有效容量下限
2026-06-14 19:13:58.702 | INFO     | arrange_library.core.scheduling.greedy_lane_scheduler:_get_dedicated_lane_profile:983 - 专用Lane分组G51剩余合同量58.0G无法满足1.1或3.6T-NEW有效容量下限
2026-06-14 19:13:58.702 | INFO     | arrange_library.core.scheduling.greedy_lane_scheduler:_get_dedicated_lane_profile:983 - 专用Lane分组G33剩余合同量55.0G无法满足1.1或3.6T-NEW有效容量下限
2026-06-14 19:13:58.702 | INFO     | arrange_library.core.scheduling.greedy_lane_scheduler:_get_dedicated_lane_profile:983 - 专用Lane分组G25剩余合同量36.0G无法满足1.1或3.6T-NEW有效容量下限
2026-06-14 19:13:58.702 | INFO     | arrange_library.core.scheduling.greedy_lane_scheduler:_get_dedicated_lane_profile:983 - 专用Lane分组G9剩余合同量30.0G无法满足1.1或3.6T-NEW有效容量下限
2026-06-14 19:13:58.702 | INFO     | arrange_library.core.scheduling.greedy_lane_scheduler:_get_dedicated_lane_profile:983 - 专用Lane分组G4剩余合同量843.8G无法满足1.1或3.6T-NEW有效容量下限
2026-06-14 19:13:58.703 | INFO     | arrange_library.core.scheduling.greedy_lane_scheduler:_get_dedicated_lane_profile:983 - 专用Lane分组G58剩余合同量810.0G无法满足1.1或3.6T-NEW有效容量下限
2026-06-14 19:13:58.703 | INFO     | arrange_library.core.scheduling.greedy_lane_scheduler:_get_dedicated_lane_profile:983 - 专用Lane分组G6剩余合同量630.0G无法满足1.1或3.6T-NEW有效容量下限
2026-06-14 19:13:58.703 | INFO     | arrange_library.core.scheduling.greedy_lane_scheduler:_get_dedicated_lane_profile:983 - 专用Lane分组G19剩余合同量182.0G无法满足1.1或3.6T-NEW有效容量下限
2026-06-14 19:13:58.703 | INFO     | arrange_library.core.scheduling.greedy_lane_scheduler:_get_dedicated_lane_profile:983 - 专用Lane分组G16剩余合同量1.5G无法满足1.1或3.6T-NEW有效容量下限
2026-06-14 19:13:58.703 | INFO     | arrange_library.core.scheduling.greedy_lane_scheduler:_get_dedicated_lane_profile:983 - 专用Lane分组G5剩余合同量23.0G无法满足1.1或3.6T-NEW有效容量下限
2026-06-14 19:13:58.704 | INFO     | arrange_library.core.scheduling.greedy_lane_scheduler:_get_dedicated_lane_profile:983 - 专用Lane分组G34剩余合同量300.0G无法满足1.1或3.6T-NEW有效容量下限
2026-06-14 19:13:58.704 | INFO     | arrange_library.core.scheduling.greedy_lane_scheduler:_get_dedicated_lane_profile:983 - 专用Lane分组G18剩余合同量12.0G无法满足1.1或3.6T-NEW有效容量下限
2026-06-14 19:13:58.704 | INFO     | __main__:arrange_library:20554 - 尾货1.1碱基不均衡专Lane二次抽取未形成新Lane
2026-06-14 19:14:27.070 | INFO     | __main__:_consume_g55_imbalance_as_mode_lanes:16573 - 步骤1.6 G55跨基础组碱基不均1.1专Lane未成Lane: 候选409个/4862.4G, 1.1真实量窗口=[1990.2,2142.2]G, validation_attempts=2, top_failures=[('customer_ratio_over_50', 2)]
2026-06-14 19:14:27.071 | INFO     | __main__:arrange_library:20578 - 尾货G55跨基础组碱基不均1.1专Lane未形成新Lane
2026-06-14 19:14:28.690 | INFO     | __main__:_try_build_near_min_global_mode_1_1_lane_from_pool:9492 - 全局1.1近下限构Lane成功: group=normal, variant=large_first, lane=GL_Nova X-25B_001, 使用314个/2097.6G
2026-06-14 19:14:30.964 | INFO     | __main__:_try_build_near_min_global_mode_1_1_lane_from_pool:9492 - 全局1.1近下限构Lane成功: group=normal, variant=large_first, lane=GL_Nova X-25B_002, 使用410个/2100.3G
2026-06-14 19:14:43.627 | INFO     | __main__:_try_build_near_min_global_mode_1_1_lane_from_pool:9519 - 全局1.1近下限构Lane早停: 连续3次构造变体未新增Lane，pool_size=827, pool_data=9981.4G
2026-06-14 19:14:43.629 | INFO     | __main__:_try_build_near_min_global_mode_1_1_lane_from_pool:9529 - 全局1.1近下限构Lane未成Lane: pool_size=827, pool_data=9981.4G, best=357个/2026.7G/368对index, rejects={'imbalance_ratio': 1767, 'incremental_index': 1453, 'special_limit': 91}, validation_top=[]
2026-06-14 19:14:43.631 | INFO     | __main__:_try_build_global_mode_1_1_lane_from_pool:9684 - 全局1.1构Lane尝试: attempt=global_budgeted_ratio, lane_prefix=GL, pool_size=827, pool_data=9981.4G, prioritize_scattered_mix=False
2026-06-14 19:15:06.949 | INFO     | __main__:_attempt_build_lane_from_pool:5636 - 全局1.1构Lane失败诊断: prefix=GL, machine=Nova X-25B, pool_size=827, pool_data=9981.4G, attempts=20, index_retries=0, other_retries=20, best=386个/2254.8G/398对index, counters={'skip_incremental_index': 3889, 'skip_mode_1_1_add_test_cap': 738, 'skip_over_max': 36, 'full_validation_failed': 20}, validation_top=[('rule_matrix_constraint: 组合1与组合2文库类型不可混排', 20), ('special_library_limit: 特殊文库总量444.8G超过350.0G限制', 2), ('special_library_limit: 特殊文库总量441.0G超过350.0G限制', 2), ('special_library_limit: 特殊文库总量507.8G超过350.0G限制', 2), ('special_library_limit: 特殊文库总量497.0G超过350.0G限制', 2), ('special_library_limit: 特殊文库总量442.3G超过350.0G限制', 1), ('special_library_limit: 特殊文库总量411.6G超过350.0G限制', 1), ('special_library_limit: 特殊文库总量470.3G超过350.0G限制', 1)]
2026-06-14 19:15:06.950 | INFO     | __main__:_try_build_global_mode_1_1_lane_from_pool:9716 - 全局1.1构Lane未成Lane: lane_prefix=GL, pool_size=827, pool_data=9981.4G
2026-06-14 19:15:07.813 | INFO     | __main__:_try_fast_lane_rescue_by_deliverydate:8691 - 快速交付日期1.1救援新增Lane: lane=GL_Nova X-25B_001, 文库数=276, 数据量=2099.0G, 剩余未分配=551
2026-06-14 19:15:07.827 | INFO     | __main__:_try_fast_lane_rescue_by_deliverydate:8702 - 快速交付日期1.1救援完成: 新增Lane=1
2026-06-14 19:15:07.827 | INFO     | __main__:arrange_library:20609 - 快速交付日期1.1尾货救援完成: 新增Lane=1, 剩余进入普通3.6T排机文库=551
2026-06-14 19:15:07.828 | INFO     | arrange_library.core.constraints.lane_validator:__init__:165 - 成Lane校验程序初始化完成 (严格模式: True, 碱基不均衡上限: 35%, 特殊文库关键词: 9个)
2026-06-14 19:15:07.832 | INFO     | __main__:arrange_library:20624 - 尾货1.1普通Lane二次抽取完成: 新增Lane=3, 消耗文库=1000, 剩余进入普通3.6T排机文库=551
2026-06-14 19:15:09.101 | INFO     | __main__:arrange_library:20679 - 步骤2前置分流: 8个<=500G未拆分原始文库已完成1.1多轮尝试但未成Lane；其中8个允许强制拆分后进3.6T，0个因拆分后过小保留未分配输出
2026-06-14 19:15:09.102 | INFO     | __main__:arrange_library:20687 - 
================================================================================
2026-06-14 19:15:09.102 | INFO     | __main__:arrange_library:20688 - 步骤2: 处理普通文库（使用GreedyLaneScheduler）
2026-06-14 19:15:09.102 | INFO     | __main__:arrange_library:20689 - ================================================================================
2026-06-14 19:15:09.129 | INFO     | __main__:_proactively_build_split_family_lanes_from_pool:17455 - 步骤2前置拆分家族构建未构建出完整拆分Lane
2026-06-14 19:15:09.129 | INFO     | arrange_library.core.constraints.index_validator_verified:__init__:77 - Index校验器初始化完成（真实数据验证版本）
2026-06-14 19:15:09.130 | INFO     | arrange_library.core.constraints.lane_validator:__init__:165 - 成Lane校验程序初始化完成 (严格模式: True, 碱基不均衡上限: 35%, 特殊文库关键词: 9个)
2026-06-14 19:15:09.131 | WARNING  | arrange_library.core.ai.pooling_coefficient_optimizer:_load_config:40 - Pooling配置表不存在: /data/work/yuyongpeng/liblane_v2_deepseek/data/wktype_pooling_config.xlsx，将使用默认策略
2026-06-14 19:15:09.131 | INFO     | arrange_library.core.ai.pooling_coefficient_optimizer:_load_efficiency_corrections:185 - 产出效率修正表不存在: /data/work/yuyongpeng/liblane_v2_deepseek/data/production_efficiency_correction.csv，跳过后校准
2026-06-14 19:15:09.131 | WARNING  | arrange_library.core.ai.loutput_predictor_wrapper:_load_model:150 - 模型文件不存在: models/loutput_pre_lane_v5/lightgbm_model.pkl
2026-06-14 19:15:09.132 | WARNING  | arrange_library.core.ai.pooling_coefficient_optimizer:__init__:164 - loutput预测器不可用，将使用规则降级策略
2026-06-14 19:15:09.132 | INFO     | arrange_library.core.scheduling.greedy_lane_scheduler:__init__:265 - 逐Lane贪心排机器初始化完成 - 基础容量: 985.0GB, 利用率区间: [100%, 100%], 配置模式: 按机型自动
2026-06-14 19:15:09.132 | INFO     | arrange_library.core.scheduling.greedy_lane_scheduler:__init__:268 - 启用检查: Index=True, 碱基不均衡=True, 规则检查器=False
2026-06-14 19:15:09.132 | INFO     | arrange_library.core.scheduling.greedy_lane_scheduler:_get_dedicated_lane_profile:983 - 专用Lane分组G36剩余合同量53.2G无法满足1.1或3.6T-NEW有效容量下限
2026-06-14 19:15:09.133 | INFO     | arrange_library.core.scheduling.greedy_lane_scheduler:_get_dedicated_lane_profile:983 - 专用Lane分组G27剩余合同量302.0G无法满足1.1或3.6T-NEW有效容量下限
2026-06-14 19:15:09.133 | INFO     | arrange_library.core.scheduling.greedy_lane_scheduler:_get_dedicated_lane_profile:983 - 专用Lane分组G29剩余合同量21.0G无法满足1.1或3.6T-NEW有效容量下限
2026-06-14 19:15:09.134 | INFO     | arrange_library.core.scheduling.greedy_lane_scheduler:_get_dedicated_lane_profile:983 - 专用Lane分组G26剩余合同量399.8G无法满足1.1或3.6T-NEW有效容量下限
2026-06-14 19:15:09.134 | INFO     | arrange_library.core.scheduling.greedy_lane_scheduler:_get_dedicated_lane_profile:983 - 专用Lane分组G50剩余合同量53.0G无法满足1.1或3.6T-NEW有效容量下限
2026-06-14 19:15:09.134 | INFO     | arrange_library.core.scheduling.greedy_lane_scheduler:_get_dedicated_lane_profile:983 - 专用Lane分组G51剩余合同量48.0G无法满足1.1或3.6T-NEW有效容量下限
2026-06-14 19:15:09.134 | INFO     | arrange_library.core.scheduling.greedy_lane_scheduler:_get_dedicated_lane_profile:983 - 专用Lane分组G33剩余合同量54.0G无法满足1.1或3.6T-NEW有效容量下限
2026-06-14 19:15:09.135 | INFO     | arrange_library.core.scheduling.greedy_lane_scheduler:_get_dedicated_lane_profile:983 - 专用Lane分组G25剩余合同量24.0G无法满足1.1或3.6T-NEW有效容量下限
2026-06-14 19:15:09.135 | INFO     | arrange_library.core.scheduling.greedy_lane_scheduler:_get_dedicated_lane_profile:983 - 专用Lane分组G9剩余合同量30.0G无法满足1.1或3.6T-NEW有效容量下限
2026-06-14 19:15:09.135 | INFO     | arrange_library.core.scheduling.greedy_lane_scheduler:_get_dedicated_lane_profile:983 - 专用Lane分组G31剩余合同量600.0G无法满足1.1或3.6T-NEW有效容量下限
2026-06-14 19:15:09.135 | INFO     | arrange_library.core.scheduling.greedy_lane_scheduler:_get_dedicated_lane_profile:983 - 专用Lane分组G4剩余合同量843.8G无法满足1.1或3.6T-NEW有效容量下限
2026-06-14 19:15:09.135 | INFO     | arrange_library.core.scheduling.greedy_lane_scheduler:_get_dedicated_lane_profile:983 - 专用Lane分组G58剩余合同量810.0G无法满足1.1或3.6T-NEW有效容量下限
2026-06-14 19:15:09.136 | INFO     | arrange_library.core.scheduling.greedy_lane_scheduler:_get_dedicated_lane_profile:983 - 专用Lane分组G6剩余合同量630.0G无法满足1.1或3.6T-NEW有效容量下限
2026-06-14 19:15:09.136 | INFO     | arrange_library.core.scheduling.greedy_lane_scheduler:_get_dedicated_lane_profile:983 - 专用Lane分组G19剩余合同量58.0G无法满足1.1或3.6T-NEW有效容量下限
2026-06-14 19:15:09.136 | INFO     | arrange_library.core.scheduling.greedy_lane_scheduler:_get_dedicated_lane_profile:983 - 专用Lane分组G16剩余合同量1.0G无法满足1.1或3.6T-NEW有效容量下限
2026-06-14 19:15:09.136 | INFO     | arrange_library.core.scheduling.greedy_lane_scheduler:_get_dedicated_lane_profile:983 - 专用Lane分组G5剩余合同量23.0G无法满足1.1或3.6T-NEW有效容量下限
2026-06-14 19:15:09.136 | INFO     | arrange_library.core.scheduling.greedy_lane_scheduler:_get_dedicated_lane_profile:983 - 专用Lane分组G34剩余合同量300.0G无法满足1.1或3.6T-NEW有效容量下限
2026-06-14 19:15:09.137 | INFO     | arrange_library.core.scheduling.greedy_lane_scheduler:_get_dedicated_lane_profile:983 - 专用Lane分组G18剩余合同量12.0G无法满足1.1或3.6T-NEW有效容量下限
2026-06-14 19:15:09.254 | INFO     | __main__:_consume_g53_g54_imbalance_as_mode_lanes:1677 - 步骤2前置3.6 G53/G54组合碱基不均专Lane成Lane成功: lane=DL_Nova X-25B_001, group=G54, 候选81个/3555.3G, 使用38个/1104.7G
2026-06-14 19:15:09.327 | INFO     | __main__:_consume_g53_g54_imbalance_as_mode_lanes:1677 - 步骤2前置3.6 G53/G54组合碱基不均专Lane成Lane成功: lane=DL_Nova X-25B_002, group=G54, 候选43个/2450.6G, 使用29个/1050.6G
2026-06-14 19:15:09.573 | INFO     | __main__:_consume_g53_g54_imbalance_as_mode_lanes:1677 - 步骤2前置3.6 G53/G54组合碱基不均专Lane成Lane成功: lane=DL_Nova X-25B_003, group=G54, 候选14个/1400.0G, 使用11个/1100.0G
2026-06-14 19:15:09.619 | INFO     | __main__:_consume_g53_g54_imbalance_as_mode_lanes:1665 - 步骤2前置3.6 G53/G54组合碱基不均专Lane未成Lane: group=G54, 候选3个/300.0G, 贪心选择3个/300.0G, 下限970.0G, top_failures=[('repair_failed', 2), ('capacity_out_of_rule_range', 1), ('index_pairs_less_than_5', 1)]
2026-06-14 19:15:34.443 | INFO     | __main__:_consume_g55_imbalance_as_mode_lanes:16573 - 步骤2前置3.6 G55跨基础组碱基不均专Lane未成Lane: 候选261个/2270.1G, 3.6T-NEW真实量窗口=[945.2,1049.8]G, validation_attempts=0, top_failures=[]
2026-06-14 19:15:34.443 | INFO     | __main__:arrange_library:20724 - 步骤2前置3.6碱基不均专Lane梯度抽取完成: 单组=0, G53/G54=3, G55=0, 使用文库=78, 剩余普通排机文库=473
2026-06-14 19:15:34.443 | INFO     | __main__:arrange_library:20755 - 排机超时保护已启动，最大允许时间: 10 分钟
2026-06-14 19:15:34.500 | INFO     | __main__:test_with_model:19285 - 
================================================================================
2026-06-14 19:15:34.500 | INFO     | __main__:test_with_model:19286 - 排机流程：纯规则排机
2026-06-14 19:15:34.500 | INFO     | __main__:test_with_model:19287 - ================================================================================
2026-06-14 19:15:34.500 | INFO     | arrange_library.core.constraints.index_validator_verified:__init__:77 - Index校验器初始化完成（真实数据验证版本）
2026-06-14 19:15:34.500 | INFO     | arrange_library.core.constraints.lane_validator:__init__:165 - 成Lane校验程序初始化完成 (严格模式: True, 碱基不均衡上限: 35%, 特殊文库关键词: 9个)
2026-06-14 19:15:34.502 | WARNING  | arrange_library.core.ai.pooling_coefficient_optimizer:_load_config:40 - Pooling配置表不存在: /data/work/yuyongpeng/liblane_v2_deepseek/data/wktype_pooling_config.xlsx，将使用默认策略
2026-06-14 19:15:34.502 | INFO     | arrange_library.core.ai.pooling_coefficient_optimizer:_load_efficiency_corrections:185 - 产出效率修正表不存在: /data/work/yuyongpeng/liblane_v2_deepseek/data/production_efficiency_correction.csv，跳过后校准
2026-06-14 19:15:34.502 | WARNING  | arrange_library.core.ai.loutput_predictor_wrapper:_load_model:150 - 模型文件不存在: models/loutput_pre_lane_v5/lightgbm_model.pkl
2026-06-14 19:15:34.502 | WARNING  | arrange_library.core.ai.pooling_coefficient_optimizer:__init__:164 - loutput预测器不可用，将使用规则降级策略
2026-06-14 19:15:34.502 | INFO     | arrange_library.core.scheduling.greedy_lane_scheduler:__init__:265 - 逐Lane贪心排机器初始化完成 - 基础容量: 985.0GB, 利用率区间: [100%, 100%], 配置模式: 按机型自动
2026-06-14 19:15:34.502 | INFO     | arrange_library.core.scheduling.greedy_lane_scheduler:__init__:268 - 启用检查: Index=True, 碱基不均衡=True, 规则检查器=False
2026-06-14 19:15:34.502 | INFO     | __main__:test_with_model:19313 - 排机阶段：Pooling优化器已禁用（V6流程不需要）
2026-06-14 19:15:34.502 | INFO     | arrange_library.core.constraints.lane_validator:__init__:165 - 成Lane校验程序初始化完成 (严格模式: True, 碱基不均衡上限: 35%, 特殊文库关键词: 9个)
2026-06-14 19:15:34.502 | INFO     | __main__:test_with_model:19317 - 严格校验容量区间改为按统一配置表动态解析
2026-06-14 19:15:34.505 | INFO     | arrange_library.core.preprocessing.library_splitter:split_libraries:45 - ============================================================
2026-06-14 19:15:34.505 | INFO     | arrange_library.core.preprocessing.library_splitter:split_libraries:46 - [拆分] 开始文库拆分预处理
2026-06-14 19:15:34.505 | INFO     | arrange_library.core.preprocessing.library_splitter:split_libraries:47 -   拆分规则: 1.1模式文库（兼容旧名1.0）不拆分；3.6T-NEW单对index >130.0G 拆分，多对index >300.0G 拆分
2026-06-14 19:15:34.505 | INFO     | arrange_library.core.preprocessing.library_splitter:split_libraries:53 -   最小保留数据量: >2.0G
2026-06-14 19:15:34.507 | INFO     | arrange_library.core.preprocessing.library_splitter:split_libraries:85 - ------------------------------------------------------------
2026-06-14 19:15:34.507 | INFO     | arrange_library.core.preprocessing.library_splitter:split_libraries:86 -  拆分完成
2026-06-14 19:15:34.507 | INFO     | arrange_library.core.preprocessing.library_splitter:split_libraries:87 -   原始文库数: 8
2026-06-14 19:15:34.507 | INFO     | arrange_library.core.preprocessing.library_splitter:split_libraries:88 -   拆分文库数: 8
2026-06-14 19:15:34.507 | INFO     | arrange_library.core.preprocessing.library_splitter:split_libraries:89 -   最终文库数: 16
2026-06-14 19:15:34.507 | INFO     | arrange_library.core.preprocessing.library_splitter:split_libraries:90 - ============================================================
2026-06-14 19:15:34.507 | INFO     | __main__:test_with_model:19332 - 主流程前置拆分完成: 原始文库473个，触发拆分8个，拆分后文库481个
2026-06-14 19:15:34.536 | INFO     | __main__:_extract_mixed_lanes_by_peak_window:8433 - 混排Peak窗口: 427-577bp, 248个文库/2295G, 理论最多2条Lane
2026-06-14 19:15:34.578 | INFO     | __main__:_extract_mixed_lanes_by_peak_window:8469 - 混排Lane预抽取完成: 新增Lane=0，使用文库=0个/0.0G，剩余待排=481个/4627.1G
2026-06-14 19:15:34.578 | INFO     | arrange_library.core.scheduling.greedy_lane_scheduler:schedule:1084 - 开始逐Lane贪心排机 - 文库数: 481
2026-06-14 19:15:34.578 | INFO     | arrange_library.core.scheduling.greedy_lane_scheduler:schedule:1094 - 预拆分完成: 使用外层已拆分文库
2026-06-14 19:15:34.580 | INFO     | arrange_library.core.scheduling.greedy_lane_scheduler:_run_batch_analysis:469 - ===== 批次全局分析报告 =====
2026-06-14 19:15:34.580 | INFO     | arrange_library.core.scheduling.greedy_lane_scheduler:_run_batch_analysis:469 - 机器类型: Nova X-25B
2026-06-14 19:15:34.580 | INFO     | arrange_library.core.scheduling.greedy_lane_scheduler:_run_batch_analysis:469 - 文库总数: 481
2026-06-14 19:15:34.580 | INFO     | arrange_library.core.scheduling.greedy_lane_scheduler:_run_batch_analysis:469 - 总数据量: 4627.1 GB
2026-06-14 19:15:34.580 | INFO     | arrange_library.core.scheduling.greedy_lane_scheduler:_run_batch_analysis:469 - 预估Lane数: 5~5
2026-06-14 19:15:34.580 | INFO     | arrange_library.core.scheduling.greedy_lane_scheduler:_run_batch_analysis:469 - --- 特征标记 ---
2026-06-14 19:15:34.580 | INFO     | arrange_library.core.scheduling.greedy_lane_scheduler:_run_batch_analysis:469 -   包Lane文库: 无
2026-06-14 19:15:34.581 | INFO     | arrange_library.core.scheduling.greedy_lane_scheduler:_run_batch_analysis:469 -   碱基不均衡: 有
2026-06-14 19:15:34.581 | INFO     | arrange_library.core.scheduling.greedy_lane_scheduler:_run_batch_analysis:469 -   客户文库:   无
2026-06-14 19:15:34.581 | INFO     | arrange_library.core.scheduling.greedy_lane_scheduler:_run_batch_analysis:469 -   10bp文库:   有
2026-06-14 19:15:34.581 | INFO     | arrange_library.core.scheduling.greedy_lane_scheduler:_run_batch_analysis:469 -   非10bp文库: 有
2026-06-14 19:15:34.581 | INFO     | arrange_library.core.scheduling.greedy_lane_scheduler:_run_batch_analysis:469 -   特殊组合:   有
2026-06-14 19:15:34.581 | INFO     | arrange_library.core.scheduling.greedy_lane_scheduler:_run_batch_analysis:469 - --- 分组画像 ---
2026-06-14 19:15:34.581 | INFO     | arrange_library.core.scheduling.greedy_lane_scheduler:_run_batch_analysis:469 -   [imbalance] 碱基不均衡文库: 277个文库, 3620.1GB, 预估4~4条Lane
2026-06-14 19:15:34.581 | INFO     | arrange_library.core.scheduling.greedy_lane_scheduler:_run_batch_analysis:469 -   [non_10bp] 非10碱基文库: 230个文库, 1684.0GB, 预估2~2条Lane
2026-06-14 19:15:34.581 | INFO     | arrange_library.core.scheduling.greedy_lane_scheduler:_run_batch_analysis:469 -   [all] 全部文库: 481个文库, 4627.1GB, 预估5~5条Lane
2026-06-14 19:15:34.581 | INFO     | arrange_library.core.scheduling.greedy_lane_scheduler:_run_batch_analysis:469 -   [10bp] 10碱基文库: 251个文库, 2943.1GB, 预估3~4条Lane
2026-06-14 19:15:34.581 | INFO     | arrange_library.core.scheduling.greedy_lane_scheduler:_run_batch_analysis:469 -   [special_combo_a] 10X 5端/VDJ组合: 46个文库, 843.1GB, 预估1~1条Lane
2026-06-14 19:15:34.581 | INFO     | arrange_library.core.scheduling.greedy_lane_scheduler:_run_batch_analysis:469 -   [special_combo_b] 10X 3端/Visium组合: 3个文库, 300.0GB, 预估1~1条Lane
2026-06-14 19:15:34.581 | INFO     | arrange_library.core.scheduling.greedy_lane_scheduler:_run_batch_analysis:469 - --- 专用Lane推荐 ---
2026-06-14 19:15:34.581 | INFO     | arrange_library.core.scheduling.greedy_lane_scheduler:_run_batch_analysis:469 -   [imbalance] 碱基不均衡文库数据量充足，可包专用Lane避免混排占比限制 - 约3条Lane, 3620.1GB, 置信度: high
2026-06-14 19:15:34.581 | INFO     | arrange_library.core.scheduling.greedy_lane_scheduler:_run_batch_analysis:469 -   [non_10bp] 非10bp文库集中排入专用Lane，避免触发10bp>=40%混排规则 - 约1条Lane, 1684.0GB, 置信度: high
2026-06-14 19:15:34.581 | INFO     | arrange_library.core.scheduling.greedy_lane_scheduler:_run_batch_analysis:469 - --- 混排约束 ---
2026-06-14 19:15:34.581 | INFO     | arrange_library.core.scheduling.greedy_lane_scheduler:_run_batch_analysis:469 -   [tj_1595_special_combo_groups_not_mixed] special_combo_a vs special_combo_b: 10X 5端/VDJ 与 10X 3端/Visium 文库不可混排，必须分开
2026-06-14 19:15:34.581 | INFO     | arrange_library.core.scheduling.greedy_lane_scheduler:_run_batch_analysis:469 -   [imbalance_max_30pct] imbalance vs all: 碱基不均衡文库全局占比78.2%，超过30%上限，必须拆分为专用Lane
2026-06-14 19:15:34.581 | INFO     | arrange_library.core.scheduling.greedy_lane_scheduler:_run_batch_analysis:469 - --- 尾部风险 ---
2026-06-14 19:15:34.581 | INFO     | arrange_library.core.scheduling.greedy_lane_scheduler:_run_batch_analysis:469 -   [special_combo_b] 10X 3端/Visium组合排完整Lane后剩余300.0GB，不足半Lane(485GB)，需要大文库骨架携带或混入散样Lane - 300.0GB, 3个, 严重程度: medium
2026-06-14 19:15:34.581 | INFO     | arrange_library.core.scheduling.greedy_lane_scheduler:_run_batch_analysis:469 - --- 策略建议 ---
2026-06-14 19:15:34.581 | INFO     | arrange_library.core.scheduling.greedy_lane_scheduler:_run_batch_analysis:469 -   - 碱基不均衡文库数据量充足，优先形成专用Lane
2026-06-14 19:15:34.581 | INFO     | arrange_library.core.scheduling.greedy_lane_scheduler:_run_batch_analysis:469 -   - 非10bp文库建议走专用Lane，避免10bp>=40%混排红线
2026-06-14 19:15:34.581 | INFO     | arrange_library.core.scheduling.greedy_lane_scheduler:_run_batch_analysis:469 - ===== 报告结束 =====
2026-06-14 19:15:34.581 | INFO     | arrange_library.core.scheduling.greedy_lane_scheduler:_run_batch_analysis:475 - 保留外部传入的策略执行计划，仅使用批次分析报告
2026-06-14 19:15:34.582 | INFO     | arrange_library.core.scheduling.greedy_lane_scheduler:schedule:1130 - 处理机器类型 Nova X-25B - 文库数: 481 - Lane容量: 1050.0GB, 利用率区间: [100%, 100%], 特殊文库上限: 350GB
2026-06-14 19:15:34.582 | INFO     | arrange_library.core.scheduling.greedy_lane_scheduler:schedule:1158 - 碱基不均衡专用Lane策略: 277个碱基不均衡文库
2026-06-14 19:15:34.583 | INFO     | arrange_library.core.scheduling.greedy_lane_scheduler:_get_dedicated_lane_profile:983 - 专用Lane分组G36剩余合同量53.2G无法满足1.1或3.6T-NEW有效容量下限
2026-06-14 19:15:34.583 | INFO     | arrange_library.core.scheduling.greedy_lane_scheduler:_get_dedicated_lane_profile:983 - 专用Lane分组G26剩余合同量399.8G无法满足1.1或3.6T-NEW有效容量下限
2026-06-14 19:15:34.583 | INFO     | arrange_library.core.scheduling.greedy_lane_scheduler:_get_dedicated_lane_profile:983 - 专用Lane分组G29剩余合同量21.0G无法满足1.1或3.6T-NEW有效容量下限
2026-06-14 19:15:34.584 | INFO     | arrange_library.core.scheduling.greedy_lane_scheduler:_get_dedicated_lane_profile:983 - 专用Lane分组G31剩余合同量600.0G无法满足1.1或3.6T-NEW有效容量下限
2026-06-14 19:15:34.584 | INFO     | arrange_library.core.scheduling.greedy_lane_scheduler:_get_dedicated_lane_profile:983 - 专用Lane分组G50剩余合同量53.0G无法满足1.1或3.6T-NEW有效容量下限
2026-06-14 19:15:34.584 | INFO     | arrange_library.core.scheduling.greedy_lane_scheduler:_get_dedicated_lane_profile:983 - 专用Lane分组G33剩余合同量54.0G无法满足1.1或3.6T-NEW有效容量下限
2026-06-14 19:15:34.584 | INFO     | arrange_library.core.scheduling.greedy_lane_scheduler:_get_dedicated_lane_profile:983 - 专用Lane分组G27剩余合同量302.0G无法满足1.1或3.6T-NEW有效容量下限
2026-06-14 19:15:34.585 | INFO     | arrange_library.core.scheduling.greedy_lane_scheduler:_get_dedicated_lane_profile:983 - 专用Lane分组G51剩余合同量48.0G无法满足1.1或3.6T-NEW有效容量下限
2026-06-14 19:15:34.585 | INFO     | arrange_library.core.scheduling.greedy_lane_scheduler:_get_dedicated_lane_profile:983 - 专用Lane分组G25剩余合同量24.0G无法满足1.1或3.6T-NEW有效容量下限
2026-06-14 19:15:34.585 | INFO     | arrange_library.core.scheduling.greedy_lane_scheduler:_get_dedicated_lane_profile:983 - 专用Lane分组G9剩余合同量30.0G无法满足1.1或3.6T-NEW有效容量下限
2026-06-14 19:15:34.585 | INFO     | arrange_library.core.scheduling.greedy_lane_scheduler:_get_dedicated_lane_profile:983 - 专用Lane分组G58剩余合同量810.0G无法满足1.1或3.6T-NEW有效容量下限
2026-06-14 19:15:34.586 | INFO     | arrange_library.core.scheduling.greedy_lane_scheduler:_get_dedicated_lane_profile:983 - 专用Lane分组G6剩余合同量630.0G无法满足1.1或3.6T-NEW有效容量下限
2026-06-14 19:15:34.586 | INFO     | arrange_library.core.scheduling.greedy_lane_scheduler:_get_dedicated_lane_profile:983 - 专用Lane分组G16剩余合同量1.0G无法满足1.1或3.6T-NEW有效容量下限
2026-06-14 19:15:34.586 | INFO     | arrange_library.core.scheduling.greedy_lane_scheduler:_get_dedicated_lane_profile:983 - 专用Lane分组G19剩余合同量58.0G无法满足1.1或3.6T-NEW有效容量下限
2026-06-14 19:15:34.586 | INFO     | arrange_library.core.scheduling.greedy_lane_scheduler:_get_dedicated_lane_profile:983 - 专用Lane分组G5剩余合同量23.0G无法满足1.1或3.6T-NEW有效容量下限
2026-06-14 19:15:34.586 | INFO     | arrange_library.core.scheduling.greedy_lane_scheduler:_get_dedicated_lane_profile:983 - 专用Lane分组G18剩余合同量12.0G无法满足1.1或3.6T-NEW有效容量下限
2026-06-14 19:15:34.586 | INFO     | arrange_library.core.scheduling.greedy_lane_scheduler:schedule:1164 - 形成0条专用Lane，剩余277个碱基不均衡文库
2026-06-14 19:15:34.588 | INFO     | arrange_library.core.scheduling.greedy_lane_scheduler:_schedule_3_6t_split_families_atomically:5258 - 3.6T-NEW拆分片段分散成功: 拆分家族0个，生成0条Lane，每个家族每Lane最多1片
2026-06-14 19:15:34.588 | INFO     | arrange_library.core.scheduling.greedy_lane_scheduler:schedule:1203 - 3.6T-NEW拆分家族原子分散失败: 8个原始文库回滚为未分配并禁止继续成Lane
2026-06-14 19:15:34.669 | INFO     | arrange_library.core.scheduling.greedy_lane_scheduler:schedule:1223 - 第二轮排机: 465 个未分配文库（wkdeliverydate优先，轮转起点）
2026-06-14 19:15:34.740 | INFO     | arrange_library.core.scheduling.greedy_lane_scheduler:schedule:1239 - 第三轮排机: 465 个未分配文库（小文库优先）
2026-06-14 19:15:35.170 | INFO     | arrange_library.core.scheduling.greedy_lane_scheduler:schedule:1282 - 连续5轮无新Lane且未分配池不变，提前结束无效重试
2026-06-14 19:15:35.171 | INFO     | arrange_library.core.scheduling.greedy_lane_scheduler:_get_dedicated_lane_profile:983 - 专用Lane分组G36剩余合同量53.2G无法满足1.1或3.6T-NEW有效容量下限
2026-06-14 19:15:35.171 | INFO     | arrange_library.core.scheduling.greedy_lane_scheduler:_get_dedicated_lane_profile:983 - 专用Lane分组G26剩余合同量399.8G无法满足1.1或3.6T-NEW有效容量下限
2026-06-14 19:15:35.172 | INFO     | arrange_library.core.scheduling.greedy_lane_scheduler:_get_dedicated_lane_profile:983 - 专用Lane分组G29剩余合同量21.0G无法满足1.1或3.6T-NEW有效容量下限
2026-06-14 19:15:35.172 | INFO     | arrange_library.core.scheduling.greedy_lane_scheduler:_get_dedicated_lane_profile:983 - 专用Lane分组G50剩余合同量53.0G无法满足1.1或3.6T-NEW有效容量下限
2026-06-14 19:15:35.172 | INFO     | arrange_library.core.scheduling.greedy_lane_scheduler:_get_dedicated_lane_profile:983 - 专用Lane分组G27剩余合同量302.0G无法满足1.1或3.6T-NEW有效容量下限
2026-06-14 19:15:35.172 | INFO     | arrange_library.core.scheduling.greedy_lane_scheduler:_get_dedicated_lane_profile:983 - 专用Lane分组G33剩余合同量54.0G无法满足1.1或3.6T-NEW有效容量下限
2026-06-14 19:15:35.173 | INFO     | arrange_library.core.scheduling.greedy_lane_scheduler:_get_dedicated_lane_profile:983 - 专用Lane分组G51剩余合同量48.0G无法满足1.1或3.6T-NEW有效容量下限
2026-06-14 19:15:35.173 | INFO     | arrange_library.core.scheduling.greedy_lane_scheduler:_get_dedicated_lane_profile:983 - 专用Lane分组G25剩余合同量24.0G无法满足1.1或3.6T-NEW有效容量下限
2026-06-14 19:15:35.173 | INFO     | arrange_library.core.scheduling.greedy_lane_scheduler:_get_dedicated_lane_profile:983 - 专用Lane分组G9剩余合同量30.0G无法满足1.1或3.6T-NEW有效容量下限
2026-06-14 19:15:35.173 | INFO     | arrange_library.core.scheduling.greedy_lane_scheduler:_get_dedicated_lane_profile:983 - 专用Lane分组G58剩余合同量60.0G无法满足1.1或3.6T-NEW有效容量下限
2026-06-14 19:15:35.173 | INFO     | arrange_library.core.scheduling.greedy_lane_scheduler:_get_dedicated_lane_profile:983 - 专用Lane分组G6剩余合同量630.0G无法满足1.1或3.6T-NEW有效容量下限
2026-06-14 19:15:35.173 | INFO     | arrange_library.core.scheduling.greedy_lane_scheduler:_get_dedicated_lane_profile:983 - 专用Lane分组G16剩余合同量1.0G无法满足1.1或3.6T-NEW有效容量下限
2026-06-14 19:15:35.174 | INFO     | arrange_library.core.scheduling.greedy_lane_scheduler:_get_dedicated_lane_profile:983 - 专用Lane分组G19剩余合同量58.0G无法满足1.1或3.6T-NEW有效容量下限
2026-06-14 19:15:35.174 | INFO     | arrange_library.core.scheduling.greedy_lane_scheduler:_get_dedicated_lane_profile:983 - 专用Lane分组G5剩余合同量23.0G无法满足1.1或3.6T-NEW有效容量下限
2026-06-14 19:15:35.174 | INFO     | arrange_library.core.scheduling.greedy_lane_scheduler:_get_dedicated_lane_profile:983 - 专用Lane分组G18剩余合同量12.0G无法满足1.1或3.6T-NEW有效容量下限
2026-06-14 19:15:35.174 | INFO     | arrange_library.core.scheduling.greedy_lane_scheduler:_build_imbalance_dedicated_lanes:1049 - 专用Lane创建完成: 0条Lane, 261个碱基不均衡文库待分配, 204个中性文库待分配
2026-06-14 19:15:35.174 | INFO     | arrange_library.core.scheduling.greedy_lane_scheduler:schedule:1814 - 逐Lane贪心排机完成 - Lane数: 0, 已分配: 0/481, 未分配: 473, 平均利用率: 0.0%, 耗时: 0.60秒
2026-06-14 19:15:35.174 | INFO     | arrange_library.core.constraints.lane_validator:__init__:165 - 成Lane校验程序初始化完成 (严格模式: False, 碱基不均衡上限: 35%, 特殊文库关键词: 9个)
2026-06-14 19:15:35.174 | INFO     | arrange_library.core.scheduling.greedy_lane_scheduler:_validate_all_lanes:2176 - 最终验证结果: 0条Lane通过，473个文库未分配
2026-06-14 19:15:35.409 | INFO     | __main__:_build_global_round_robin_lane:5817 - 全局轮转混排未成Lane: prefix=G3, pool_size=473, best=0个/0.0G, min=995.0G
2026-06-14 19:15:35.409 | INFO     | __main__:test_with_model:19410 - wkspecialsplits边排边检查完成: 无需调整
2026-06-14 19:15:35.409 | INFO     | __main__:test_with_model:19445 - 验证完成：0条Lane通过验证
2026-06-14 19:15:35.409 | INFO     | __main__:test_with_model:19466 - 57规则二次改排救援已关闭，失败Lane文库回收到未分配池
2026-06-14 19:15:35.410 | INFO     | __main__:_should_skip_expensive_rescue_stage:2853 - 高成本救援(EX/RB)跳过: 当前0条Lane通过验证，未分配池=473个/4627.1G，继续做高成本救援收益过低
2026-06-14 19:15:35.940 | INFO     | __main__:_try_fast_lane_rescue_by_deliverydate:8668 - 快速交付日期3.6T-NEW救援停止: added=0, pool=204, windows_tried=1, reason=no_valid_subset(best_total=850.0G,best_index_pairs=155, validation_top=[])
2026-06-14 19:15:35.940 | INFO     | __main__:test_with_model:19483 - 快速交付日期救援未新增Lane
2026-06-14 19:15:35.940 | INFO     | arrange_library.core.constraints.lane_validator:__init__:165 - 成Lane校验程序初始化完成 (严格模式: True, 碱基不均衡上限: 35%, 特殊文库关键词: 9个)
2026-06-14 19:15:37.361 | INFO     | __main__:test_with_model:19611 - 
合并8条预构建Lane到最终结果（过滤掉0条未通过严格校验的预构建Lane）
2026-06-14 19:15:37.361 | INFO     | __main__:test_with_model:19624 - 最终Lane总数: 8 (预构建Lane: 8, 普通Lane: 0)
2026-06-14 19:15:37.362 | INFO     | __main__:test_with_model:19639 - 全局预拆分回滚完成: 8个原始文库因拆分子文库未全部成Lane而回滚
2026-06-14 19:15:37.362 | INFO     | __main__:test_with_model:19667 - 拆分失败回滚原始文库处理完成: 可回1.1候选=8个(合同量<=500.0G)，继续隔离=0个
2026-06-14 19:15:37.381 | INFO     | __main__:_build_global_round_robin_lane:5817 - 全局轮转混排未成Lane: prefix=G3, pool_size=465, best=0个/0.0G, min=995.0G
2026-06-14 19:15:37.381 | INFO     | __main__:test_with_model:19747 - 剩余库全局轮转混排未新增Lane: 剩余未分配=465
2026-06-14 19:15:37.385 | WARNING  | __main__:_ensure_unique_lane_ids:348 - 检测到重复Lane ID，已自动重命名: GL_Nova X-25B_002 -> GL_Nova X-25B_003
2026-06-14 19:15:37.385 | WARNING  | __main__:_ensure_unique_lane_ids:348 - 检测到重复Lane ID，已自动重命名: GL_Nova X-25B_001 -> GL_Nova X-25B_004
2026-06-14 19:15:37.385 | WARNING  | __main__:test_with_model:19775 - 最终收口发现重复Lane ID并已重命名: 2条
2026-06-14 19:15:37.385 | INFO     | __main__:test_with_model:19777 - 脚本内置 Pooling 预测已停用，后续统一调用 prediction_delivery
2026-06-14 19:15:37.385 | WARNING  | __main__:analyze_solution:19240 - Lane CK_Nova X-25B_001 利用率异常: 221.14% (数据量=2156.14GB, 容量=975.00GB)
2026-06-14 19:15:37.385 | WARNING  | __main__:analyze_solution:19240 - Lane GL_Nova X-25B_001 利用率异常: 215.13% (数据量=2097.56GB, 容量=975.00GB)
2026-06-14 19:15:37.385 | WARNING  | __main__:analyze_solution:19240 - Lane GL_Nova X-25B_003 利用率异常: 215.42% (数据量=2100.31GB, 容量=975.00GB)
2026-06-14 19:15:37.385 | WARNING  | __main__:analyze_solution:19240 - Lane GL_Nova X-25B_004 利用率异常: 215.28% (数据量=2099.00GB, 容量=975.00GB)
2026-06-14 19:15:37.400 | INFO     | __main__:_schedule_rollback_libraries_in_mode_1_1:19809 - 拆分回滚原始文库回流1.1启动: 候选8个，合同量阈值<=500.0G
2026-06-14 19:15:37.401 | INFO     | __main__:test_with_model:19285 - 
================================================================================
2026-06-14 19:15:37.401 | INFO     | __main__:test_with_model:19286 - 排机流程：纯规则排机
2026-06-14 19:15:37.401 | INFO     | __main__:test_with_model:19287 - ================================================================================
2026-06-14 19:15:37.401 | INFO     | arrange_library.core.constraints.index_validator_verified:__init__:77 - Index校验器初始化完成（真实数据验证版本）
2026-06-14 19:15:37.402 | INFO     | arrange_library.core.constraints.lane_validator:__init__:165 - 成Lane校验程序初始化完成 (严格模式: True, 碱基不均衡上限: 35%, 特殊文库关键词: 9个)
2026-06-14 19:15:37.403 | WARNING  | arrange_library.core.ai.pooling_coefficient_optimizer:_load_config:40 - Pooling配置表不存在: /data/work/yuyongpeng/liblane_v2_deepseek/data/wktype_pooling_config.xlsx，将使用默认策略
2026-06-14 19:15:37.403 | INFO     | arrange_library.core.ai.pooling_coefficient_optimizer:_load_efficiency_corrections:185 - 产出效率修正表不存在: /data/work/yuyongpeng/liblane_v2_deepseek/data/production_efficiency_correction.csv，跳过后校准
2026-06-14 19:15:37.403 | WARNING  | arrange_library.core.ai.loutput_predictor_wrapper:_load_model:150 - 模型文件不存在: models/loutput_pre_lane_v5/lightgbm_model.pkl
2026-06-14 19:15:37.403 | WARNING  | arrange_library.core.ai.pooling_coefficient_optimizer:__init__:164 - loutput预测器不可用，将使用规则降级策略
2026-06-14 19:15:37.403 | INFO     | arrange_library.core.scheduling.greedy_lane_scheduler:__init__:265 - 逐Lane贪心排机器初始化完成 - 基础容量: 985.0GB, 利用率区间: [100%, 100%], 配置模式: 按机型自动
2026-06-14 19:15:37.403 | INFO     | arrange_library.core.scheduling.greedy_lane_scheduler:__init__:268 - 启用检查: Index=True, 碱基不均衡=True, 规则检查器=False
2026-06-14 19:15:37.403 | INFO     | __main__:test_with_model:19313 - 排机阶段：Pooling优化器已禁用（V6流程不需要）
2026-06-14 19:15:37.403 | INFO     | arrange_library.core.constraints.lane_validator:__init__:165 - 成Lane校验程序初始化完成 (严格模式: True, 碱基不均衡上限: 35%, 特殊文库关键词: 9个)
2026-06-14 19:15:37.404 | INFO     | __main__:test_with_model:19317 - 严格校验容量区间改为按统一配置表动态解析
2026-06-14 19:15:37.404 | INFO     | arrange_library.core.preprocessing.library_splitter:split_libraries:45 - ============================================================
2026-06-14 19:15:37.404 | INFO     | arrange_library.core.preprocessing.library_splitter:split_libraries:46 - [拆分] 开始文库拆分预处理
2026-06-14 19:15:37.404 | INFO     | arrange_library.core.preprocessing.library_splitter:split_libraries:47 -   拆分规则: 1.1模式文库（兼容旧名1.0）不拆分；3.6T-NEW单对index >130.0G 拆分，多对index >300.0G 拆分
2026-06-14 19:15:37.404 | INFO     | arrange_library.core.preprocessing.library_splitter:split_libraries:53 -   最小保留数据量: >2.0G
2026-06-14 19:15:37.404 | INFO     | arrange_library.core.preprocessing.library_splitter:split_libraries:85 - ------------------------------------------------------------
2026-06-14 19:15:37.404 | INFO     | arrange_library.core.preprocessing.library_splitter:split_libraries:86 -  拆分完成
2026-06-14 19:15:37.404 | INFO     | arrange_library.core.preprocessing.library_splitter:split_libraries:87 -   原始文库数: 8
2026-06-14 19:15:37.404 | INFO     | arrange_library.core.preprocessing.library_splitter:split_libraries:88 -   拆分文库数: 0
2026-06-14 19:15:37.404 | INFO     | arrange_library.core.preprocessing.library_splitter:split_libraries:89 -   最终文库数: 8
2026-06-14 19:15:37.404 | INFO     | arrange_library.core.preprocessing.library_splitter:split_libraries:90 - ============================================================
2026-06-14 19:15:37.404 | INFO     | __main__:test_with_model:19339 - 主流程前置拆分完成: 无需拆分
2026-06-14 19:15:37.404 | INFO     | __main__:test_with_model:19354 - Peak窗口混排预构Lane已按调用方要求关闭
2026-06-14 19:15:37.404 | INFO     | arrange_library.core.scheduling.greedy_lane_scheduler:schedule:1084 - 开始逐Lane贪心排机 - 文库数: 8
2026-06-14 19:15:37.404 | INFO     | arrange_library.core.scheduling.greedy_lane_scheduler:schedule:1094 - 预拆分完成: 使用外层已拆分文库
2026-06-14 19:15:37.405 | INFO     | arrange_library.core.scheduling.greedy_lane_scheduler:_run_batch_analysis:469 - ===== 批次全局分析报告 =====
2026-06-14 19:15:37.405 | INFO     | arrange_library.core.scheduling.greedy_lane_scheduler:_run_batch_analysis:469 - 机器类型: Nova X-25B
2026-06-14 19:15:37.405 | INFO     | arrange_library.core.scheduling.greedy_lane_scheduler:_run_batch_analysis:469 - 文库总数: 8
2026-06-14 19:15:37.405 | INFO     | arrange_library.core.scheduling.greedy_lane_scheduler:_run_batch_analysis:469 - 总数据量: 1350.0 GB
2026-06-14 19:15:37.405 | INFO     | arrange_library.core.scheduling.greedy_lane_scheduler:_run_batch_analysis:469 - 预估Lane数: 1~1
2026-06-14 19:15:37.405 | INFO     | arrange_library.core.scheduling.greedy_lane_scheduler:_run_batch_analysis:469 - --- 特征标记 ---
2026-06-14 19:15:37.405 | INFO     | arrange_library.core.scheduling.greedy_lane_scheduler:_run_batch_analysis:469 -   包Lane文库: 无
2026-06-14 19:15:37.405 | INFO     | arrange_library.core.scheduling.greedy_lane_scheduler:_run_batch_analysis:469 -   碱基不均衡: 有
2026-06-14 19:15:37.405 | INFO     | arrange_library.core.scheduling.greedy_lane_scheduler:_run_batch_analysis:469 -   客户文库:   无
2026-06-14 19:15:37.405 | INFO     | arrange_library.core.scheduling.greedy_lane_scheduler:_run_batch_analysis:469 -   10bp文库:   有
2026-06-14 19:15:37.405 | INFO     | arrange_library.core.scheduling.greedy_lane_scheduler:_run_batch_analysis:469 -   非10bp文库: 有
2026-06-14 19:15:37.405 | INFO     | arrange_library.core.scheduling.greedy_lane_scheduler:_run_batch_analysis:469 -   特殊组合:   无
2026-06-14 19:15:37.405 | INFO     | arrange_library.core.scheduling.greedy_lane_scheduler:_run_batch_analysis:469 - --- 分组画像 ---
2026-06-14 19:15:37.405 | INFO     | arrange_library.core.scheduling.greedy_lane_scheduler:_run_batch_analysis:469 -   [imbalance] 碱基不均衡文库: 8个文库, 1350.0GB, 预估1~1条Lane
2026-06-14 19:15:37.405 | INFO     | arrange_library.core.scheduling.greedy_lane_scheduler:_run_batch_analysis:469 -   [non_10bp] 非10碱基文库: 3个文库, 600.0GB, 预估1~1条Lane
2026-06-14 19:15:37.405 | INFO     | arrange_library.core.scheduling.greedy_lane_scheduler:_run_batch_analysis:469 -   [all] 全部文库: 8个文库, 1350.0GB, 预估1~1条Lane
2026-06-14 19:15:37.405 | INFO     | arrange_library.core.scheduling.greedy_lane_scheduler:_run_batch_analysis:469 -   [10bp] 10碱基文库: 5个文库, 750.0GB, 预估1~1条Lane
2026-06-14 19:15:37.405 | INFO     | arrange_library.core.scheduling.greedy_lane_scheduler:_run_batch_analysis:469 - --- 混排约束 ---
2026-06-14 19:15:37.405 | INFO     | arrange_library.core.scheduling.greedy_lane_scheduler:_run_batch_analysis:469 -   [imbalance_max_30pct] imbalance vs all: 碱基不均衡文库全局占比100.0%，超过30%上限，必须拆分为专用Lane
2026-06-14 19:15:37.405 | INFO     | arrange_library.core.scheduling.greedy_lane_scheduler:_run_batch_analysis:469 - --- 尾部风险 ---
2026-06-14 19:15:37.405 | INFO     | arrange_library.core.scheduling.greedy_lane_scheduler:_run_batch_analysis:469 -   [non_10bp] 非10碱基文库排完整Lane后剩余600.0GB，不足半Lane(1048GB)，需要大文库骨架携带或混入散样Lane - 600.0GB, 3个, 严重程度: medium
2026-06-14 19:15:37.405 | INFO     | arrange_library.core.scheduling.greedy_lane_scheduler:_run_batch_analysis:469 - --- 策略建议 ---
2026-06-14 19:15:37.405 | INFO     | arrange_library.core.scheduling.greedy_lane_scheduler:_run_batch_analysis:469 -   - 数据分布较均匀，可按常规贪心排机流程处理
2026-06-14 19:15:37.405 | INFO     | arrange_library.core.scheduling.greedy_lane_scheduler:_run_batch_analysis:469 - ===== 报告结束 =====
2026-06-14 19:15:37.405 | INFO     | arrange_library.core.scheduling.greedy_lane_scheduler:_run_batch_analysis:475 - 保留外部传入的策略执行计划，仅使用批次分析报告
2026-06-14 19:15:37.405 | INFO     | arrange_library.core.scheduling.greedy_lane_scheduler:schedule:1130 - 处理机器类型 Nova X-25B - 文库数: 8 - Lane容量: 1050.0GB, 利用率区间: [100%, 100%], 特殊文库上限: 350GB
2026-06-14 19:15:37.405 | INFO     | arrange_library.core.scheduling.greedy_lane_scheduler:schedule:1158 - 碱基不均衡专用Lane策略: 8个碱基不均衡文库
2026-06-14 19:15:37.406 | INFO     | arrange_library.core.scheduling.greedy_lane_scheduler:_get_dedicated_lane_profile:983 - 专用Lane分组G31剩余合同量600.0G无法满足1.1或3.6T-NEW有效容量下限
2026-06-14 19:15:37.406 | INFO     | arrange_library.core.scheduling.greedy_lane_scheduler:_get_dedicated_lane_profile:983 - 专用Lane分组G58剩余合同量750.0G无法满足1.1或3.6T-NEW有效容量下限
2026-06-14 19:15:37.406 | INFO     | arrange_library.core.scheduling.greedy_lane_scheduler:schedule:1164 - 形成0条专用Lane，剩余8个碱基不均衡文库
2026-06-14 19:15:37.407 | WARNING  | arrange_library.core.scheduling.greedy_lane_scheduler:_schedule_machine_group:5454 - 剩余 8 个文库无法分配（全部有约束冲突）
2026-06-14 19:15:37.408 | INFO     | arrange_library.core.scheduling.greedy_lane_scheduler:schedule:1216 - 剩余池总量1350.0GB不足最小成Lane门槛2095.0GB，跳过后续随机重试
2026-06-14 19:15:37.408 | INFO     | arrange_library.core.scheduling.greedy_lane_scheduler:_get_dedicated_lane_profile:983 - 专用Lane分组G31剩余合同量600.0G无法满足1.1或3.6T-NEW有效容量下限
2026-06-14 19:15:37.408 | INFO     | arrange_library.core.scheduling.greedy_lane_scheduler:_get_dedicated_lane_profile:983 - 专用Lane分组G58剩余合同量750.0G无法满足1.1或3.6T-NEW有效容量下限
2026-06-14 19:15:37.408 | INFO     | arrange_library.core.scheduling.greedy_lane_scheduler:_build_imbalance_dedicated_lanes:1049 - 专用Lane创建完成: 0条Lane, 8个碱基不均衡文库待分配, 0个中性文库待分配
2026-06-14 19:15:37.408 | INFO     | arrange_library.core.scheduling.greedy_lane_scheduler:schedule:1814 - 逐Lane贪心排机完成 - Lane数: 0, 已分配: 0/8, 未分配: 8, 平均利用率: 0.0%, 耗时: 0.00秒
2026-06-14 19:15:37.409 | INFO     | arrange_library.core.constraints.lane_validator:__init__:165 - 成Lane校验程序初始化完成 (严格模式: False, 碱基不均衡上限: 35%, 特殊文库关键词: 9个)
2026-06-14 19:15:37.409 | INFO     | arrange_library.core.scheduling.greedy_lane_scheduler:_validate_all_lanes:2176 - 最终验证结果: 0条Lane通过，8个文库未分配
2026-06-14 19:15:37.409 | INFO     | __main__:test_with_model:19410 - wkspecialsplits边排边检查完成: 无需调整
2026-06-14 19:15:37.409 | INFO     | __main__:test_with_model:19445 - 验证完成：0条Lane通过验证
2026-06-14 19:15:37.409 | INFO     | __main__:test_with_model:19466 - 57规则二次改排救援已关闭，失败Lane文库回收到未分配池
2026-06-14 19:15:37.410 | INFO     | __main__:_attempt_build_rescue_lane_from_pool:6021 - 补Lane尝试跳过: lane_prefix=EX, pool_size=8, pool_data=1350.000G不足最小门槛2095.000G
2026-06-14 19:15:37.410 | INFO     | __main__:_try_increase_lane_count:8541 - Lane数量提升停止: machine_type=Nova X-25B, 当前池首次构Lane失败，跳过同池重复尝试
2026-06-14 19:15:37.410 | INFO     | __main__:test_with_model:19498 - Lane数量提升未新增Lane
2026-06-14 19:15:37.411 | INFO     | __main__:_attempt_build_rescue_lane_from_pool:6021 - 补Lane尝试跳过: lane_prefix=RB, pool_size=8, pool_data=1350.000G不足最小门槛2095.000G
2026-06-14 19:15:37.411 | INFO     | __main__:try_multi_lib_swap_rebalance:8840 - 跨Lane多文库交换停止: machine_type=Nova X-25B, 当前池首次构Lane失败，跳过同池重复尝试
2026-06-14 19:15:37.411 | INFO     | __main__:test_with_model:19531 - 跨Lane多文库交换未新增Lane，剩余未分配8个
2026-06-14 19:15:37.411 | INFO     | __main__:test_with_model:19747 - 剩余库全局轮转混排未新增Lane: 剩余未分配=8
2026-06-14 19:15:37.412 | INFO     | __main__:test_with_model:19777 - 脚本内置 Pooling 预测已停用，后续统一调用 prediction_delivery
2026-06-14 19:15:37.412 | INFO     | __main__:_schedule_rollback_libraries_in_mode_1_1:19846 - 拆分回滚原始文库回流1.1完成: 新增Lane=0，剩余未分配=8
2026-06-14 19:15:37.414 | INFO     | __main__:_validate_final_package_lanes:3360 - 排后包Lane校验通过
2026-06-14 19:15:37.415 | INFO     | __main__:_validate_no_split_for_package_lane_libraries:3454 - 排后校验通过：包Lane编号文库拆分规则满足约束
2026-06-14 19:15:37.416 | INFO     | arrange_library.core.constraints.lane_validator:__init__:165 - 成Lane校验程序初始化完成 (严格模式: True, 碱基不均衡上限: 35%, 特殊文库关键词: 9个)
2026-06-14 19:15:37.421 | INFO     | __main__:_validate_final_package_lanes:3360 - 排后包Lane校验通过
2026-06-14 19:15:37.422 | INFO     | arrange_library.core.constraints.lane_validator:__init__:165 - 成Lane校验程序初始化完成 (严格模式: True, 碱基不均衡上限: 35%, 特殊文库关键词: 9个)
2026-06-14 19:15:37.432 | INFO     | __main__:_validate_final_package_lanes:3360 - 排后包Lane校验通过
2026-06-14 19:15:37.434 | INFO     | __main__:_validate_no_split_for_package_lane_libraries:3454 - 排后校验通过：包Lane编号文库拆分规则满足约束
2026-06-14 19:15:38.915 | INFO     | __main__:_consume_g53_g54_imbalance_as_mode_lanes:1665 - 终态3.6 G53/G54组合碱基不均专Lane未成Lane: group=G54, 候选3个/300.0G, 贪心选择3个/300.0G, 下限970.0G, top_failures=[('repair_failed', 2), ('capacity_out_of_rule_range', 1), ('index_pairs_less_than_5', 1)]
2026-06-14 19:16:16.348 | INFO     | __main__:_consume_g55_imbalance_as_mode_lanes:16573 - 终态3.6 G55跨基础组碱基不均专Lane未成Lane: 候选245个/1769.0G, 3.6T-NEW真实量窗口=[945.2,1049.8]G, validation_attempts=0, top_failures=[]
2026-06-14 19:16:18.303 | INFO     | __main__:_consume_g53_g54_imbalance_as_mode_lanes:1665 - 终态3.6 G53/G54组合碱基不均专Lane未成Lane: group=G54, 候选3个/300.0G, 贪心选择3个/300.0G, 下限970.0G, top_failures=[('repair_failed', 2), ('capacity_out_of_rule_range', 1), ('index_pairs_less_than_5', 1)]
2026-06-14 19:16:34.850 | INFO     | __main__:_try_build_single_36t_mixed_lane_from_items:15225 - 终态全局3.6增量混排未成Lane明细: 机型=Nova X-25B, 候选items=220, best_total=1095.7G, best_index_pairs=115, repair_seed=1095.7G/115对index, validation_top=[('碱基不均衡占比100.0%超过35%限制', 42), ('组合1与组合2文库类型不可混排', 42), ('客户文库占比55.3%不符合规则(应<=50%或=100%)', 4)]
2026-06-14 19:16:34.851 | INFO     | arrange_library.core.constraints.index_validator_verified:__init__:77 - Index校验器初始化完成（真实数据验证版本）
2026-06-14 19:16:34.851 | INFO     | arrange_library.core.constraints.lane_validator:__init__:165 - 成Lane校验程序初始化完成 (严格模式: True, 碱基不均衡上限: 35%, 特殊文库关键词: 9个)
2026-06-14 19:16:34.853 | WARNING  | arrange_library.core.ai.pooling_coefficient_optimizer:_load_config:40 - Pooling配置表不存在: /data/work/yuyongpeng/liblane_v2_deepseek/data/wktype_pooling_config.xlsx，将使用默认策略
2026-06-14 19:16:34.853 | INFO     | arrange_library.core.ai.pooling_coefficient_optimizer:_load_efficiency_corrections:185 - 产出效率修正表不存在: /data/work/yuyongpeng/liblane_v2_deepseek/data/production_efficiency_correction.csv，跳过后校准
2026-06-14 19:16:34.853 | WARNING  | arrange_library.core.ai.loutput_predictor_wrapper:_load_model:150 - 模型文件不存在: models/loutput_pre_lane_v5/lightgbm_model.pkl
2026-06-14 19:16:34.853 | WARNING  | arrange_library.core.ai.pooling_coefficient_optimizer:__init__:164 - loutput预测器不可用，将使用规则降级策略
2026-06-14 19:16:34.853 | INFO     | arrange_library.core.scheduling.greedy_lane_scheduler:__init__:265 - 逐Lane贪心排机器初始化完成 - 基础容量: 985.0GB, 利用率区间: [100%, 100%], 配置模式: 按机型自动
2026-06-14 19:16:34.853 | INFO     | arrange_library.core.scheduling.greedy_lane_scheduler:__init__:268 - 启用检查: Index=True, 碱基不均衡=True, 规则检查器=False
2026-06-14 19:16:34.854 | INFO     | arrange_library.core.scheduling.greedy_lane_scheduler:_get_dedicated_lane_profile:983 - 专用Lane分组G36剩余合同量53.2G无法满足1.1或3.6T-NEW有效容量下限
2026-06-14 19:16:34.855 | INFO     | arrange_library.core.scheduling.greedy_lane_scheduler:_get_dedicated_lane_profile:983 - 专用Lane分组G26剩余合同量399.8G无法满足1.1或3.6T-NEW有效容量下限
2026-06-14 19:16:34.856 | INFO     | arrange_library.core.scheduling.greedy_lane_scheduler:_get_dedicated_lane_profile:983 - 专用Lane分组G29剩余合同量21.0G无法满足1.1或3.6T-NEW有效容量下限
2026-06-14 19:16:34.856 | INFO     | arrange_library.core.scheduling.greedy_lane_scheduler:_get_dedicated_lane_profile:983 - 专用Lane分组G50剩余合同量53.0G无法满足1.1或3.6T-NEW有效容量下限
2026-06-14 19:16:34.856 | INFO     | arrange_library.core.scheduling.greedy_lane_scheduler:_get_dedicated_lane_profile:983 - 专用Lane分组G27剩余合同量302.0G无法满足1.1或3.6T-NEW有效容量下限
2026-06-14 19:16:34.857 | INFO     | arrange_library.core.scheduling.greedy_lane_scheduler:_get_dedicated_lane_profile:983 - 专用Lane分组G33剩余合同量54.0G无法满足1.1或3.6T-NEW有效容量下限
2026-06-14 19:16:34.857 | INFO     | arrange_library.core.scheduling.greedy_lane_scheduler:_get_dedicated_lane_profile:983 - 专用Lane分组G51剩余合同量48.0G无法满足1.1或3.6T-NEW有效容量下限
2026-06-14 19:16:34.857 | INFO     | arrange_library.core.scheduling.greedy_lane_scheduler:_get_dedicated_lane_profile:983 - 专用Lane分组G25剩余合同量24.0G无法满足1.1或3.6T-NEW有效容量下限
2026-06-14 19:16:34.857 | INFO     | arrange_library.core.scheduling.greedy_lane_scheduler:_get_dedicated_lane_profile:983 - 专用Lane分组G9剩余合同量30.0G无法满足1.1或3.6T-NEW有效容量下限
2026-06-14 19:16:34.857 | INFO     | arrange_library.core.scheduling.greedy_lane_scheduler:_get_dedicated_lane_profile:983 - 专用Lane分组G58剩余合同量60.0G无法满足1.1或3.6T-NEW有效容量下限
2026-06-14 19:16:34.858 | INFO     | arrange_library.core.scheduling.greedy_lane_scheduler:_get_dedicated_lane_profile:983 - 专用Lane分组G6剩余合同量630.0G无法满足1.1或3.6T-NEW有效容量下限
2026-06-14 19:16:34.858 | INFO     | arrange_library.core.scheduling.greedy_lane_scheduler:_get_dedicated_lane_profile:983 - 专用Lane分组G16剩余合同量1.0G无法满足1.1或3.6T-NEW有效容量下限
2026-06-14 19:16:34.858 | INFO     | arrange_library.core.scheduling.greedy_lane_scheduler:_get_dedicated_lane_profile:983 - 专用Lane分组G19剩余合同量58.0G无法满足1.1或3.6T-NEW有效容量下限
2026-06-14 19:16:34.858 | INFO     | arrange_library.core.scheduling.greedy_lane_scheduler:_get_dedicated_lane_profile:983 - 专用Lane分组G5剩余合同量23.0G无法满足1.1或3.6T-NEW有效容量下限
2026-06-14 19:16:34.859 | INFO     | arrange_library.core.scheduling.greedy_lane_scheduler:_get_dedicated_lane_profile:983 - 专用Lane分组G18剩余合同量12.0G无法满足1.1或3.6T-NEW有效容量下限
2026-06-14 19:16:34.862 | WARNING  | __main__:_try_add_terminal_global_36t_mixed_lanes:17330 - 终态全局3.6跨机型普通混排补Lane达到时间预算45秒，跳过剩余兜底搜索
2026-06-14 19:16:34.863 | INFO     | __main__:arrange_library:21055 - 终态全局3.6混排未新增Lane: 剩余未分配=473
2026-06-14 19:16:34.883 | INFO     | __main__:_try_convert_mergeable_36t_tail_lanes_to_mode_1_1:9864 - 终态可合并3.6T Lane两两回收候选: 候选3.6T Lane=3，有效1.1配对=0
2026-06-14 19:16:34.884 | INFO     | arrange_library.core.constraints.lane_validator:__init__:165 - 成Lane校验程序初始化完成 (严格模式: True, 碱基不均衡上限: 35%, 特殊文库关键词: 9个)
2026-06-14 19:16:34.884 | INFO     | __main__:_merge_dedicated_imbalance_lanes_into_mode_1_1:2574 - DL同组合并到1.1跳过(文库类型不一致): 分组=G4, lane数=2, types=['10X Visium FFPEV2空间转录组文库(V2)', "10X转录组-3'文库", '10X转录组文库-3V4文库']
2026-06-14 19:16:34.884 | INFO     | arrange_library.core.constraints.lane_validator:__init__:165 - 成Lane校验程序初始化完成 (严格模式: True, 碱基不均衡上限: 35%, 特殊文库关键词: 9个)
2026-06-14 19:16:34.912 | INFO     | __main__:_collect_prediction_rows:18218 - arrange 收集排机结果，用于后续 prediction_delivery 预测
2026-06-14 19:16:34.915 | WARNING  | __main__:_load_lane_index_rule_mapping:12044 - 排机规则映射文件不存在，跳过显式排机规则解析: /data/work/yuyongpeng/liblane_v2_deepseek/paiji_complete2/merge_deal/config
2026-06-14 19:16:34.916 | INFO     | __main__:_collect_prediction_rows:18240 - arrange Lane CK_Nova X-25B_001 排机浓度规则命中: no_loading_concentration_rule_matched, lsjnd=
2026-06-14 19:16:34.916 | INFO     | __main__:_collect_prediction_rows:18244 - arrange Lane CK_Nova X-25B_001 输出规则命中: tj_1595_mode_1_1, lsjfs=25B, lcxms=1.1
2026-06-14 19:16:34.916 | INFO     | __main__:_collect_prediction_rows:18248 - arrange Lane CK_Nova X-25B_001 显式排机规则: P7P5
2026-06-14 19:16:34.922 | INFO     | __main__:_collect_prediction_rows:18240 - arrange Lane GL_Nova X-25B_002 排机浓度规则命中: no_loading_concentration_rule_matched, lsjnd=
2026-06-14 19:16:34.922 | INFO     | __main__:_collect_prediction_rows:18244 - arrange Lane GL_Nova X-25B_002 输出规则命中: tj_1595_mode_1_1, lsjfs=25B, lcxms=1.1
2026-06-14 19:16:34.922 | INFO     | __main__:_collect_prediction_rows:18248 - arrange Lane GL_Nova X-25B_002 显式排机规则: P7P5
2026-06-14 19:16:34.928 | INFO     | __main__:_collect_prediction_rows:18240 - arrange Lane GL_Nova X-25B_001 排机浓度规则命中: no_loading_concentration_rule_matched, lsjnd=
2026-06-14 19:16:34.928 | INFO     | __main__:_collect_prediction_rows:18244 - arrange Lane GL_Nova X-25B_001 输出规则命中: tj_1595_mode_1_1, lsjfs=25B, lcxms=1.1
2026-06-14 19:16:34.928 | INFO     | __main__:_collect_prediction_rows:18248 - arrange Lane GL_Nova X-25B_001 显式排机规则: P7P5
2026-06-14 19:16:34.936 | INFO     | __main__:_collect_prediction_rows:18240 - arrange Lane GL_Nova X-25B_003 排机浓度规则命中: no_loading_concentration_rule_matched, lsjnd=
2026-06-14 19:16:34.936 | INFO     | __main__:_collect_prediction_rows:18244 - arrange Lane GL_Nova X-25B_003 输出规则命中: tj_1595_mode_1_1, lsjfs=25B, lcxms=1.1
2026-06-14 19:16:34.936 | INFO     | __main__:_collect_prediction_rows:18248 - arrange Lane GL_Nova X-25B_003 显式排机规则: P7P5
2026-06-14 19:16:34.942 | INFO     | __main__:_collect_prediction_rows:18240 - arrange Lane GL_Nova X-25B_004 排机浓度规则命中: no_loading_concentration_rule_matched, lsjnd=
2026-06-14 19:16:34.942 | INFO     | __main__:_collect_prediction_rows:18244 - arrange Lane GL_Nova X-25B_004 输出规则命中: tj_1595_mode_1_1, lsjfs=25B, lcxms=1.1
2026-06-14 19:16:34.942 | INFO     | __main__:_collect_prediction_rows:18248 - arrange Lane GL_Nova X-25B_004 显式排机规则: P7P5
2026-06-14 19:16:34.945 | INFO     | __main__:_collect_prediction_rows:18240 - arrange Lane DL_Nova X-25B_001 排机浓度规则命中: special_10x_combo_group_b_non_customer_1_78, lsjnd=1.780
2026-06-14 19:16:34.945 | INFO     | __main__:_collect_prediction_rows:18244 - arrange Lane DL_Nova X-25B_001 输出规则命中: tj_1595_special_combo_36t, lsjfs=25B, lcxms=3.6T-NEW
2026-06-14 19:16:34.945 | INFO     | __main__:_collect_prediction_rows:18248 - arrange Lane DL_Nova X-25B_001 显式排机规则: P7P5
2026-06-14 19:16:34.946 | INFO     | __main__:_collect_prediction_rows:18240 - arrange Lane DL_Nova X-25B_002 排机浓度规则命中: special_10x_combo_group_b_non_customer_1_78, lsjnd=1.780
2026-06-14 19:16:34.946 | INFO     | __main__:_collect_prediction_rows:18244 - arrange Lane DL_Nova X-25B_002 输出规则命中: tj_1595_special_combo_36t, lsjfs=25B, lcxms=3.6T-NEW
2026-06-14 19:16:34.946 | INFO     | __main__:_collect_prediction_rows:18248 - arrange Lane DL_Nova X-25B_002 显式排机规则: P7P5
2026-06-14 19:16:34.946 | INFO     | __main__:_collect_prediction_rows:18240 - arrange Lane DL_Nova X-25B_003 排机浓度规则命中: special_10x_combo_group_b_non_customer_1_78, lsjnd=1.780
2026-06-14 19:16:34.946 | INFO     | __main__:_collect_prediction_rows:18244 - arrange Lane DL_Nova X-25B_003 输出规则命中: tj_1595_special_combo_36t, lsjfs=25B, lcxms=3.6T-NEW
2026-06-14 19:16:34.946 | INFO     | __main__:_collect_prediction_rows:18248 - arrange Lane DL_Nova X-25B_003 显式排机规则: P7P5
/data/work/yuyongpeng/liblane_v2_deepseek/paiji_complete2/paiji_complete/arrange_library/arrange_library_model6.py:18582: FutureWarning: Downcasting object dtype arrays on .fillna, .ffill, .bfill is deprecated and will change in a future version. Call result.infer_objects(copy=False) instead. To opt-in to the future behavior, set `pd.set_option('future.no_silent_downcasting', True)`
  balance_mask = df[BALANCE_LIBRARY_MARKER_COLUMN].fillna(False).astype(bool)
/data/work/yuyongpeng/liblane_v2_deepseek/paiji_complete2/paiji_complete/arrange_library/arrange_library_model6.py:19005: FutureWarning: Downcasting object dtype arrays on .fillna, .ffill, .bfill is deprecated and will change in a future version. Call result.infer_objects(copy=False) instead. To opt-in to the future behavior, set `pd.set_option('future.no_silent_downcasting', True)`
  non_balance_mask = ~merged[BALANCE_LIBRARY_MARKER_COLUMN].fillna(False).astype(bool)
2026-06-14 19:16:35.241 | INFO     | __main__:_build_detail_output:19050 - 明细输出完成: 319_sta_arrange_model6_fastg55_terminal.csv
2026-06-14 19:16:35.242 | INFO     | __main__:arrange_library:21235 - 
================================================================================
2026-06-14 19:16:35.242 | INFO     | __main__:arrange_library:21236 - 步骤3: 跳过 prediction_delivery，保留下单量/预测产出空字段
2026-06-14 19:16:35.242 | INFO     | __main__:arrange_library:21237 - ================================================================================
2026-06-14 19:16:35.339 | INFO     | __main__:_run_prediction_delivery:19889 - 已跳过 prediction_delivery 模型预测，输出保留下单量/预测产出字段空值: 319_sta_arrange_model6_fastg55_terminal.csv
2026-06-14 19:16:35.340 | INFO     | __main__:arrange_library:21239 - 输出后处理完成: 记录数=2224, 平均下单量=nanG, 平均产出量=nanG
2026-06-14 19:16:35.341 | INFO     | __main__:arrange_library:21246 - 
端到端排机完成！
2026-06-14 19:16:35.341 | INFO     | __main__:arrange_library:21247 - 最终输出文件: 319_sta_arrange_model6_fastg55_terminal.csv
2026-06-14 19:16:35.341 | INFO     | __main__:arrange_library:21248 - ================================================================================
	Command being timed: "python arrange_library/arrange_library_model6.py --mode arrange --data-file arrange_library/319_sta.csv --output-file 319_sta_arrange_model6_fastg55_terminal.csv"
	User time (seconds): 256.86
	System time (seconds): 0.51
	Percent of CPU this job got: 105%
	Elapsed (wall clock) time (h:mm:ss or m:ss): 4:04.58
	Average shared text size (kbytes): 0
	Average unshared data size (kbytes): 0
	Average stack size (kbytes): 0
	Average total size (kbytes): 0
	Maximum resident set size (kbytes): 425948
	Average resident set size (kbytes): 0
	Major (requiring I/O) page faults: 0
	Minor (reclaiming a frame) page faults: 431063
	Voluntary context switches: 140
	Involuntary context switches: 709
	Swaps: 0
	File system inputs: 0
	File system outputs: 7968
	Socket messages sent: 0
	Socket messages received: 0
	Signals delivered: 0
	Page size (bytes): 4096
	Exit status: 0
