2026-06-14 21:01:50.772 | INFO     | arrange_library.core.constraints.index_validator_verified:__init__:77 - Index校验器初始化完成（真实数据验证版本）
2026-06-14 21:01:50.797 | INFO     | arrange_library.core.config.scheduling_config:_load_rule_matrix_config:806 - 统一排机规则配置已加载: profiles=55, constraints=2, loading_rules=4, lab_mappings=9
2026-06-14 21:01:50.797 | INFO     | arrange_library.core.config.scheduling_config:_load_mode_1_1_rules:1777 - 1.1模式规则配置加载完成: /data/work/yuyongpeng/liblane_v2_deepseek/paiji_complete2/paiji_complete/arrange_library/config/mode_1_1_rules.json
2026-06-14 21:01:50.885 | INFO     | arrange_library.core.config.scheduling_config:__init__:434 - 排机配置管理器初始化完成
2026-06-14 21:01:51.370 | INFO     | arrange_library.core.constraints.index_validator_verified:__init__:77 - Index校验器初始化完成（真实数据验证版本）
2026-06-14 21:01:51.377 | INFO     | __main__:arrange_library:19143 - ================================================================================
2026-06-14 21:01:51.377 | INFO     | __main__:arrange_library:19144 - arrange_library: 端到端排机流程 - 排机与 Pooling 预测
2026-06-14 21:01:51.377 | INFO     | __main__:arrange_library:19145 - ================================================================================
2026-06-14 21:01:51.377 | INFO     | __main__:arrange_library:19146 - 调用时间: 2026-06-14 21:01:51
2026-06-14 21:01:51.377 | INFO     | __main__:arrange_library:19147 - 随机种子: 42 (固定，确保可复现)
2026-06-14 21:01:51.377 | INFO     | __main__:arrange_library:19148 - 运行模式: arrange
2026-06-14 21:01:51.377 | INFO     | __main__:arrange_library:19154 - 
使用数据文件: arrange_library/61_sta.csv
2026-06-14 21:01:51.483 | INFO     | __main__:load_standardized_csv:18325 - 从标准化CSV文件加载数据: arrange_library/61_sta.csv
2026-06-14 21:01:51.499 | INFO     | __main__:load_standardized_csv:18327 - 读取 1572 行数据
2026-06-14 21:01:51.720 | INFO     | __main__:load_standardized_csv:18422 - 成功创建 1572 个文库对象
2026-06-14 21:01:51.721 | INFO     | __main__:arrange_library:19187 - 成功转换 1572 个测试文库
2026-06-14 21:01:51.724 | INFO     | __main__:arrange_library:19216 - AI可排文库筛选完成: 可排=1572，不可排=0，机型排除=0
2026-06-14 21:01:51.724 | INFO     | __main__:arrange_library:19239 - 
================================================================================
2026-06-14 21:01:51.724 | INFO     | __main__:arrange_library:19240 - 步骤0.9: 提前处理1.1第二轮历史固定组合文库
2026-06-14 21:01:51.724 | INFO     | __main__:arrange_library:19241 - ================================================================================
2026-06-14 21:01:51.726 | INFO     | arrange_library.core.scheduling.mode_1_1_round2:identify_round2_candidates:129 - 1.1第二轮候选识别: 无符合条件的候选文库
2026-06-14 21:01:51.726 | INFO     | __main__:arrange_library:19259 - 1.1第二轮历史Lane前置直出: 无候选文库
2026-06-14 21:01:51.726 | INFO     | __main__:arrange_library:19264 - 
================================================================================
2026-06-14 21:01:51.726 | INFO     | __main__:arrange_library:19265 - 步骤1: 处理包Lane文库（wkbaleno字段有值的文库）
2026-06-14 21:01:51.726 | INFO     | __main__:arrange_library:19266 - ================================================================================
2026-06-14 21:01:51.727 | INFO     | __main__:arrange_library:19284 - 包Lane文库数: 0
2026-06-14 21:01:51.727 | INFO     | __main__:arrange_library:19285 - 普通文库数: 1572
2026-06-14 21:01:51.749 | INFO     | __main__:arrange_library:19346 - 
================================================================================
2026-06-14 21:01:51.749 | INFO     | __main__:arrange_library:19347 - 步骤1.2: 处理10+24 Lane seq文库
2026-06-14 21:01:51.749 | INFO     | __main__:arrange_library:19348 - ================================================================================
2026-06-14 21:01:51.749 | WARNING  | __main__:_build_10_plus_24_lane_seq_lanes:7619 - 10+24 Lane seq剩余2个文库未成Lane
2026-06-14 21:01:51.749 | INFO     | __main__:arrange_library:19358 - 10+24 Lane seq处理完成: 输入文库=2, 生成Lane=0, 未分配=2
2026-06-14 21:01:51.750 | INFO     | arrange_library.core.constraints.index_validator_verified:__init__:77 - Index校验器初始化完成（真实数据验证版本）
2026-06-14 21:01:51.750 | INFO     | arrange_library.core.constraints.lane_validator:__init__:165 - 成Lane校验程序初始化完成 (严格模式: True, 碱基不均衡上限: 35%, 特殊文库关键词: 9个)
2026-06-14 21:01:51.750 | INFO     | __main__:arrange_library:19372 - 
================================================================================
2026-06-14 21:01:51.750 | INFO     | __main__:arrange_library:19373 - 步骤1.3: 1.1前碱基不均衡专Lane预抽取
2026-06-14 21:01:51.750 | INFO     | __main__:arrange_library:19374 - ================================================================================
2026-06-14 21:01:51.752 | INFO     | arrange_library.core.constraints.index_validator_verified:__init__:77 - Index校验器初始化完成（真实数据验证版本）
2026-06-14 21:01:51.752 | INFO     | arrange_library.core.constraints.lane_validator:__init__:165 - 成Lane校验程序初始化完成 (严格模式: True, 碱基不均衡上限: 35%, 特殊文库关键词: 9个)
2026-06-14 21:01:51.753 | WARNING  | arrange_library.core.ai.pooling_coefficient_optimizer:_load_config:40 - Pooling配置表不存在: /data/work/yuyongpeng/liblane_v2_deepseek/data/wktype_pooling_config.xlsx，将使用默认策略
2026-06-14 21:01:51.753 | INFO     | arrange_library.core.ai.pooling_coefficient_optimizer:_load_efficiency_corrections:185 - 产出效率修正表不存在: /data/work/yuyongpeng/liblane_v2_deepseek/data/production_efficiency_correction.csv，跳过后校准
2026-06-14 21:01:51.753 | WARNING  | arrange_library.core.ai.loutput_predictor_wrapper:_load_model:150 - 模型文件不存在: models/loutput_pre_lane_v5/lightgbm_model.pkl
2026-06-14 21:01:51.754 | WARNING  | arrange_library.core.ai.pooling_coefficient_optimizer:__init__:164 - loutput预测器不可用，将使用规则降级策略
2026-06-14 21:01:51.754 | INFO     | arrange_library.core.scheduling.greedy_lane_scheduler:__init__:267 - 逐Lane贪心排机器初始化完成 - 基础容量: 985.0GB, 利用率区间: [100%, 100%], 配置模式: 按机型自动
2026-06-14 21:01:51.754 | INFO     | arrange_library.core.scheduling.greedy_lane_scheduler:__init__:270 - 启用检查: Index=True, 碱基不均衡=True, 规则检查器=False
2026-06-14 21:01:51.755 | INFO     | arrange_library.core.scheduling.greedy_lane_scheduler:_get_dedicated_lane_profile:985 - 专用Lane分组G36剩余合同量10.7G无法满足1.1或3.6T-NEW有效容量下限
2026-06-14 21:01:51.755 | INFO     | arrange_library.core.scheduling.greedy_lane_scheduler:_get_dedicated_lane_profile:985 - 专用Lane分组G26剩余合同量67.3G无法满足1.1或3.6T-NEW有效容量下限
2026-06-14 21:01:51.756 | INFO     | arrange_library.core.scheduling.greedy_lane_scheduler:_get_dedicated_lane_profile:985 - 专用Lane分组G25剩余合同量6.0G无法满足1.1或3.6T-NEW有效容量下限
2026-06-14 21:01:51.756 | INFO     | arrange_library.core.scheduling.greedy_lane_scheduler:_get_dedicated_lane_profile:985 - 专用Lane分组G50剩余合同量10.0G无法满足1.1或3.6T-NEW有效容量下限
2026-06-14 21:01:51.757 | INFO     | arrange_library.core.scheduling.greedy_lane_scheduler:_get_dedicated_lane_profile:985 - 专用Lane分组G33剩余合同量111.0G无法满足1.1或3.6T-NEW有效容量下限
2026-06-14 21:01:51.757 | INFO     | arrange_library.core.scheduling.greedy_lane_scheduler:_get_dedicated_lane_profile:985 - 专用Lane分组G29剩余合同量219.6G无法满足1.1或3.6T-NEW有效容量下限
2026-06-14 21:01:51.758 | INFO     | arrange_library.core.scheduling.greedy_lane_scheduler:_get_dedicated_lane_profile:985 - 专用Lane分组G27剩余合同量729.0G无法满足1.1或3.6T-NEW有效容量下限
2026-06-14 21:01:51.758 | INFO     | arrange_library.core.scheduling.greedy_lane_scheduler:_get_dedicated_lane_profile:985 - 专用Lane分组G39剩余合同量150.0G无法满足1.1或3.6T-NEW有效容量下限
2026-06-14 21:01:51.766 | INFO     | arrange_library.core.constraints.lane_validator:__init__:165 - 成Lane校验程序初始化完成 (严格模式: False, 碱基不均衡上限: 35%, 特殊文库关键词: 9个)
2026-06-14 21:01:51.767 | INFO     | arrange_library.core.scheduling.greedy_lane_scheduler:_build_group:2693 - 专用Lane DL_Nova X-25B_001 形成成功 - 分组=G34, 碱基不均衡=1031.8G, 平衡文库=0.0G, 总量(含平衡)=1031.8G, 模式=3.6T-NEW, 容量规则=tj_1595_special_combo_36t
2026-06-14 21:01:51.768 | INFO     | arrange_library.core.scheduling.greedy_lane_scheduler:_get_dedicated_lane_profile:985 - 专用Lane分组G34剩余合同量800.0G无法满足1.1或3.6T-NEW有效容量下限
2026-06-14 21:01:51.768 | INFO     | arrange_library.core.scheduling.greedy_lane_scheduler:_get_dedicated_lane_profile:985 - 专用Lane分组G7剩余合同量2.4G无法满足1.1或3.6T-NEW有效容量下限
2026-06-14 21:01:51.768 | INFO     | arrange_library.core.scheduling.greedy_lane_scheduler:_get_dedicated_lane_profile:985 - 专用Lane分组G58剩余合同量920.0G无法满足1.1或3.6T-NEW有效容量下限
2026-06-14 21:01:51.769 | INFO     | arrange_library.core.scheduling.greedy_lane_scheduler:_get_dedicated_lane_profile:985 - 专用Lane分组G5剩余合同量400.0G无法满足1.1或3.6T-NEW有效容量下限
2026-06-14 21:01:51.769 | INFO     | arrange_library.core.scheduling.greedy_lane_scheduler:_get_dedicated_lane_profile:985 - 专用Lane分组G35剩余合同量208.0G无法满足1.1或3.6T-NEW有效容量下限
2026-06-14 21:01:51.770 | INFO     | arrange_library.core.scheduling.greedy_lane_scheduler:_get_dedicated_lane_profile:985 - 专用Lane分组G4剩余合同量150.0G无法满足1.1或3.6T-NEW有效容量下限
2026-06-14 21:01:51.770 | INFO     | arrange_library.core.scheduling.greedy_lane_scheduler:_get_dedicated_lane_profile:985 - 专用Lane分组G52剩余合同量10.0G无法满足1.1或3.6T-NEW有效容量下限
2026-06-14 21:01:51.771 | INFO     | arrange_library.core.scheduling.greedy_lane_scheduler:_get_dedicated_lane_profile:985 - 专用Lane分组G16剩余合同量120.0G无法满足1.1或3.6T-NEW有效容量下限
2026-06-14 21:01:51.771 | INFO     | arrange_library.core.scheduling.greedy_lane_scheduler:_get_dedicated_lane_profile:985 - 专用Lane分组G18剩余合同量114.0G无法满足1.1或3.6T-NEW有效容量下限
2026-06-14 21:01:51.772 | INFO     | arrange_library.core.scheduling.greedy_lane_scheduler:_get_dedicated_lane_profile:985 - 专用Lane分组G19剩余合同量1.0G无法满足1.1或3.6T-NEW有效容量下限
2026-06-14 21:01:51.772 | INFO     | __main__:_extract_global_dedicated_imbalance_lanes:1189 - 全局跨机型碱基不均专Lane预抽取: 承载机型=Nova X-25B, 生成Lane=1, 消耗1031.8G, 剩余不均文库=240个/11570.8G
2026-06-14 21:01:51.774 | INFO     | __main__:_extract_global_dedicated_imbalance_lanes:1200 - 全局碱基不均专Lane预抽取完成: 生成Lane=1, 后续普通排机池 1570 -> 1555
2026-06-14 21:01:51.774 | INFO     | __main__:_keep_only_mode_1_1_prebuilt_lanes:2183 - 步骤1.3 单组碱基不均1.1专Lane: 回收1条非1.1预抽取Lane，返还15个文库/1031.8G继续参与1.1 G53/G54/G55
2026-06-14 21:01:51.847 | INFO     | __main__:_consume_g53_g54_imbalance_as_mode_lanes:1493 - 步骤1.3 G53/G54组合碱基不均1.1专Lane未成Lane: group=G54, 候选76个/7040.7G, 贪心选择27个/2099.1G, 下限1995.0G, top_failures=[('capacity_out_of_rule_range', 1), ('validation_failed:ValidationRuleType.INDEX_10BP_RATIO:10bp Index占比33.3%低于40%要求', 1)]
2026-06-14 21:01:56.869 | INFO     | __main__:_materialize_balance_library_for_lane:7277 - Lane DLG55_TMP 尝试补平衡文库模板: sample_id=phix, test_no=Novaseq X Plus-PE150, index_seq=GGGGGGGGGG;ACCGAGATCT
2026-06-14 21:01:56.871 | INFO     | __main__:_validate_balance_injection_lane_state:7079 - Lane DLG55_TMP 候选平衡文库 phix 注入校验失败: ['10bp Index占比29.3%低于40%要求']
2026-06-14 21:01:56.871 | INFO     | __main__:_materialize_balance_library_for_lane:7277 - Lane DLG55_TMP 尝试补平衡文库模板: sample_id=FDSW250185295-1r, test_no=Novaseq X Plus-PE150, index_seq=AGCATCGAGT;AGCATCCTCA
2026-06-14 21:01:56.873 | INFO     | __main__:_validate_balance_injection_lane_state:7079 - Lane DLG55_TMP 候选平衡文库 FDSW250185295-1r 注入校验失败: ['10bp Index占比29.3%低于40%要求']
2026-06-14 21:01:56.873 | INFO     | __main__:_materialize_balance_library_for_lane:7277 - Lane DLG55_TMP 尝试补平衡文库模板: sample_id=FDSW250185296-1r, test_no=Novaseq X Plus-PE150, index_seq=CTCACACTGA;CTCACACATG
2026-06-14 21:01:56.875 | INFO     | __main__:_validate_balance_injection_lane_state:7079 - Lane DLG55_TMP 候选平衡文库 FDSW250185296-1r 注入校验失败: ['10bp Index占比29.3%低于40%要求']
2026-06-14 21:01:56.875 | INFO     | __main__:_materialize_balance_library_for_lane:7277 - Lane DLG55_TMP 尝试补平衡文库模板: sample_id=FDSW250185298-1r, test_no=Novaseq X Plus-PE150, index_seq=CCGACTAGAT;CCGACTAAGA
2026-06-14 21:01:56.877 | INFO     | __main__:_validate_balance_injection_lane_state:7079 - Lane DLG55_TMP 候选平衡文库 FDSW250185298-1r 注入校验失败: ['10bp Index占比29.3%低于40%要求']
2026-06-14 21:01:56.877 | INFO     | __main__:_materialize_balance_library_for_lane:7277 - Lane DLG55_TMP 尝试补平衡文库模板: sample_id=FDSW250185306-1r, test_no=Novaseq X Plus-PE150, index_seq=ACAGAGCGAT;GACTACTCAC
2026-06-14 21:01:56.879 | INFO     | __main__:_validate_balance_injection_lane_state:7079 - Lane DLG55_TMP 候选平衡文库 FDSW250185306-1r 注入校验失败: ['10bp Index占比29.3%低于40%要求']
2026-06-14 21:01:56.879 | INFO     | __main__:_materialize_balance_library_for_lane:7277 - Lane DLG55_TMP 尝试补平衡文库模板: sample_id=FDSW250185309-1r, test_no=Novaseq X Plus-PE150, index_seq=GTCACACACT;CAAGTGCTTC
2026-06-14 21:01:56.881 | INFO     | __main__:_validate_balance_injection_lane_state:7079 - Lane DLG55_TMP 候选平衡文库 FDSW250185309-1r 注入校验失败: ['10bp Index占比29.3%低于40%要求']
2026-06-14 21:01:56.881 | INFO     | __main__:_materialize_balance_library_for_lane:7277 - Lane DLG55_TMP 尝试补平衡文库模板: sample_id=FDSW250185313-1r, test_no=Novaseq X Plus-PE150, index_seq=ATCGAATGCG;CGATATCTGC
2026-06-14 21:01:56.883 | INFO     | __main__:_validate_balance_injection_lane_state:7079 - Lane DLG55_TMP 候选平衡文库 FDSW250185313-1r 注入校验失败: ['10bp Index占比29.3%低于40%要求']
2026-06-14 21:01:56.883 | INFO     | __main__:_materialize_balance_library_for_lane:7277 - Lane DLG55_TMP 尝试补平衡文库模板: sample_id=FDSW250185316-1r, test_no=Novaseq X Plus-PE150, index_seq=TCATTGCACC;ATCGAAGCTC
2026-06-14 21:01:56.885 | INFO     | __main__:_validate_balance_injection_lane_state:7079 - Lane DLG55_TMP 候选平衡文库 FDSW250185316-1r 注入校验失败: ['10bp Index占比29.3%低于40%要求']
2026-06-14 21:01:56.888 | WARNING  | __main__:_materialize_balance_library_for_lane:7402 - Lane DLG55_TMP 平衡文库补充失败: 需补 107.895G，实验室=天津科技服务实验室，工序=Novaseq X Plus-PE150
2026-06-14 21:02:00.161 | INFO     | __main__:_materialize_balance_library_for_lane:7277 - Lane DLG55_TMP 尝试补平衡文库模板: sample_id=phix, test_no=Novaseq X Plus-PE150, index_seq=GGGGGGGGGG;ACCGAGATCT
2026-06-14 21:02:00.504 | INFO     | __main__:_validate_balance_injection_lane_state:7079 - Lane DLG55_TMP 候选平衡文库 phix 注入校验失败: ['10bp Index占比26.4%低于40%要求']
2026-06-14 21:02:00.505 | INFO     | __main__:_materialize_balance_library_for_lane:7277 - Lane DLG55_TMP 尝试补平衡文库模板: sample_id=FDSW250185295-1r, test_no=Novaseq X Plus-PE150, index_seq=AGCATCGAGT;AGCATCCTCA
2026-06-14 21:02:00.846 | INFO     | __main__:_validate_balance_injection_lane_state:7079 - Lane DLG55_TMP 候选平衡文库 FDSW250185295-1r 注入校验失败: ['10bp Index占比26.4%低于40%要求']
2026-06-14 21:02:00.846 | INFO     | __main__:_materialize_balance_library_for_lane:7277 - Lane DLG55_TMP 尝试补平衡文库模板: sample_id=FDSW250185296-1r, test_no=Novaseq X Plus-PE150, index_seq=CTCACACTGA;CTCACACATG
2026-06-14 21:02:01.193 | INFO     | __main__:_validate_balance_injection_lane_state:7079 - Lane DLG55_TMP 候选平衡文库 FDSW250185296-1r 注入校验失败: ['10bp Index占比26.4%低于40%要求']
2026-06-14 21:02:01.193 | INFO     | __main__:_materialize_balance_library_for_lane:7277 - Lane DLG55_TMP 尝试补平衡文库模板: sample_id=FDSW250185298-1r, test_no=Novaseq X Plus-PE150, index_seq=CCGACTAGAT;CCGACTAAGA
2026-06-14 21:02:01.535 | INFO     | __main__:_validate_balance_injection_lane_state:7079 - Lane DLG55_TMP 候选平衡文库 FDSW250185298-1r 注入校验失败: ['10bp Index占比26.4%低于40%要求']
2026-06-14 21:02:01.535 | INFO     | __main__:_materialize_balance_library_for_lane:7277 - Lane DLG55_TMP 尝试补平衡文库模板: sample_id=FDSW250185306-1r, test_no=Novaseq X Plus-PE150, index_seq=ACAGAGCGAT;GACTACTCAC
2026-06-14 21:02:01.878 | INFO     | __main__:_validate_balance_injection_lane_state:7079 - Lane DLG55_TMP 候选平衡文库 FDSW250185306-1r 注入校验失败: ['10bp Index占比26.4%低于40%要求']
2026-06-14 21:02:01.879 | INFO     | __main__:_materialize_balance_library_for_lane:7277 - Lane DLG55_TMP 尝试补平衡文库模板: sample_id=FDSW250185309-1r, test_no=Novaseq X Plus-PE150, index_seq=GTCACACACT;CAAGTGCTTC
2026-06-14 21:02:02.222 | INFO     | __main__:_validate_balance_injection_lane_state:7079 - Lane DLG55_TMP 候选平衡文库 FDSW250185309-1r 注入校验失败: ['10bp Index占比26.4%低于40%要求']
2026-06-14 21:02:02.222 | INFO     | __main__:_materialize_balance_library_for_lane:7277 - Lane DLG55_TMP 尝试补平衡文库模板: sample_id=FDSW250185313-1r, test_no=Novaseq X Plus-PE150, index_seq=ATCGAATGCG;CGATATCTGC
2026-06-14 21:02:02.564 | INFO     | __main__:_validate_balance_injection_lane_state:7079 - Lane DLG55_TMP 候选平衡文库 FDSW250185313-1r 注入校验失败: ['10bp Index占比26.4%低于40%要求']
2026-06-14 21:02:02.564 | INFO     | __main__:_materialize_balance_library_for_lane:7277 - Lane DLG55_TMP 尝试补平衡文库模板: sample_id=FDSW250185316-1r, test_no=Novaseq X Plus-PE150, index_seq=TCATTGCACC;ATCGAAGCTC
2026-06-14 21:02:02.905 | INFO     | __main__:_validate_balance_injection_lane_state:7079 - Lane DLG55_TMP 候选平衡文库 FDSW250185316-1r 注入校验失败: ['10bp Index占比26.4%低于40%要求']
2026-06-14 21:02:03.831 | WARNING  | __main__:_materialize_balance_library_for_lane:7402 - Lane DLG55_TMP 平衡文库补充失败: 需补 107.232G，实验室=天津科技服务实验室，工序=Novaseq X Plus-PE150
2026-06-14 21:02:07.112 | INFO     | __main__:_materialize_balance_library_for_lane:7277 - Lane DLG55_TMP 尝试补平衡文库模板: sample_id=phix, test_no=Novaseq X Plus-PE150, index_seq=GGGGGGGGGG;ACCGAGATCT
2026-06-14 21:02:07.458 | INFO     | __main__:_validate_balance_injection_lane_state:7079 - Lane DLG55_TMP 候选平衡文库 phix 注入校验失败: ['10bp Index占比26.4%低于40%要求']
2026-06-14 21:02:07.458 | INFO     | __main__:_materialize_balance_library_for_lane:7277 - Lane DLG55_TMP 尝试补平衡文库模板: sample_id=FDSW250185295-1r, test_no=Novaseq X Plus-PE150, index_seq=AGCATCGAGT;AGCATCCTCA
2026-06-14 21:02:07.803 | INFO     | __main__:_validate_balance_injection_lane_state:7079 - Lane DLG55_TMP 候选平衡文库 FDSW250185295-1r 注入校验失败: ['10bp Index占比26.4%低于40%要求']
2026-06-14 21:02:07.803 | INFO     | __main__:_materialize_balance_library_for_lane:7277 - Lane DLG55_TMP 尝试补平衡文库模板: sample_id=FDSW250185296-1r, test_no=Novaseq X Plus-PE150, index_seq=CTCACACTGA;CTCACACATG
2026-06-14 21:02:08.149 | INFO     | __main__:_validate_balance_injection_lane_state:7079 - Lane DLG55_TMP 候选平衡文库 FDSW250185296-1r 注入校验失败: ['10bp Index占比26.4%低于40%要求']
2026-06-14 21:02:08.150 | INFO     | __main__:_materialize_balance_library_for_lane:7277 - Lane DLG55_TMP 尝试补平衡文库模板: sample_id=FDSW250185298-1r, test_no=Novaseq X Plus-PE150, index_seq=CCGACTAGAT;CCGACTAAGA
2026-06-14 21:02:08.497 | INFO     | __main__:_validate_balance_injection_lane_state:7079 - Lane DLG55_TMP 候选平衡文库 FDSW250185298-1r 注入校验失败: ['10bp Index占比26.4%低于40%要求']
2026-06-14 21:02:08.497 | INFO     | __main__:_materialize_balance_library_for_lane:7277 - Lane DLG55_TMP 尝试补平衡文库模板: sample_id=FDSW250185306-1r, test_no=Novaseq X Plus-PE150, index_seq=ACAGAGCGAT;GACTACTCAC
2026-06-14 21:02:08.841 | INFO     | __main__:_validate_balance_injection_lane_state:7079 - Lane DLG55_TMP 候选平衡文库 FDSW250185306-1r 注入校验失败: ['10bp Index占比26.4%低于40%要求']
2026-06-14 21:02:08.841 | INFO     | __main__:_materialize_balance_library_for_lane:7277 - Lane DLG55_TMP 尝试补平衡文库模板: sample_id=FDSW250185309-1r, test_no=Novaseq X Plus-PE150, index_seq=GTCACACACT;CAAGTGCTTC
2026-06-14 21:02:09.186 | INFO     | __main__:_validate_balance_injection_lane_state:7079 - Lane DLG55_TMP 候选平衡文库 FDSW250185309-1r 注入校验失败: ['10bp Index占比26.4%低于40%要求']
2026-06-14 21:02:09.186 | INFO     | __main__:_materialize_balance_library_for_lane:7277 - Lane DLG55_TMP 尝试补平衡文库模板: sample_id=FDSW250185313-1r, test_no=Novaseq X Plus-PE150, index_seq=ATCGAATGCG;CGATATCTGC
2026-06-14 21:02:09.529 | INFO     | __main__:_validate_balance_injection_lane_state:7079 - Lane DLG55_TMP 候选平衡文库 FDSW250185313-1r 注入校验失败: ['10bp Index占比26.4%低于40%要求']
2026-06-14 21:02:09.529 | INFO     | __main__:_materialize_balance_library_for_lane:7277 - Lane DLG55_TMP 尝试补平衡文库模板: sample_id=FDSW250185316-1r, test_no=Novaseq X Plus-PE150, index_seq=TCATTGCACC;ATCGAAGCTC
2026-06-14 21:02:09.875 | INFO     | __main__:_validate_balance_injection_lane_state:7079 - Lane DLG55_TMP 候选平衡文库 FDSW250185316-1r 注入校验失败: ['10bp Index占比26.4%低于40%要求']
2026-06-14 21:02:10.801 | WARNING  | __main__:_materialize_balance_library_for_lane:7402 - Lane DLG55_TMP 平衡文库补充失败: 需补 107.232G，实验室=天津科技服务实验室，工序=Novaseq X Plus-PE150
2026-06-14 21:02:14.073 | INFO     | __main__:_materialize_balance_library_for_lane:7277 - Lane DLG55_TMP 尝试补平衡文库模板: sample_id=phix, test_no=Novaseq X Plus-PE150, index_seq=GGGGGGGGGG;ACCGAGATCT
2026-06-14 21:02:14.417 | INFO     | __main__:_validate_balance_injection_lane_state:7079 - Lane DLG55_TMP 候选平衡文库 phix 注入校验失败: ['10bp Index占比26.4%低于40%要求']
2026-06-14 21:02:14.417 | INFO     | __main__:_materialize_balance_library_for_lane:7277 - Lane DLG55_TMP 尝试补平衡文库模板: sample_id=FDSW250185295-1r, test_no=Novaseq X Plus-PE150, index_seq=AGCATCGAGT;AGCATCCTCA
2026-06-14 21:02:14.760 | INFO     | __main__:_validate_balance_injection_lane_state:7079 - Lane DLG55_TMP 候选平衡文库 FDSW250185295-1r 注入校验失败: ['10bp Index占比26.4%低于40%要求']
2026-06-14 21:02:14.760 | INFO     | __main__:_materialize_balance_library_for_lane:7277 - Lane DLG55_TMP 尝试补平衡文库模板: sample_id=FDSW250185296-1r, test_no=Novaseq X Plus-PE150, index_seq=CTCACACTGA;CTCACACATG
2026-06-14 21:02:15.103 | INFO     | __main__:_validate_balance_injection_lane_state:7079 - Lane DLG55_TMP 候选平衡文库 FDSW250185296-1r 注入校验失败: ['10bp Index占比26.4%低于40%要求']
2026-06-14 21:02:15.103 | INFO     | __main__:_materialize_balance_library_for_lane:7277 - Lane DLG55_TMP 尝试补平衡文库模板: sample_id=FDSW250185298-1r, test_no=Novaseq X Plus-PE150, index_seq=CCGACTAGAT;CCGACTAAGA
2026-06-14 21:02:15.445 | INFO     | __main__:_validate_balance_injection_lane_state:7079 - Lane DLG55_TMP 候选平衡文库 FDSW250185298-1r 注入校验失败: ['10bp Index占比26.4%低于40%要求']
2026-06-14 21:02:15.446 | INFO     | __main__:_materialize_balance_library_for_lane:7277 - Lane DLG55_TMP 尝试补平衡文库模板: sample_id=FDSW250185306-1r, test_no=Novaseq X Plus-PE150, index_seq=ACAGAGCGAT;GACTACTCAC
2026-06-14 21:02:15.789 | INFO     | __main__:_validate_balance_injection_lane_state:7079 - Lane DLG55_TMP 候选平衡文库 FDSW250185306-1r 注入校验失败: ['10bp Index占比26.4%低于40%要求']
2026-06-14 21:02:15.790 | INFO     | __main__:_materialize_balance_library_for_lane:7277 - Lane DLG55_TMP 尝试补平衡文库模板: sample_id=FDSW250185309-1r, test_no=Novaseq X Plus-PE150, index_seq=GTCACACACT;CAAGTGCTTC
2026-06-14 21:02:16.133 | INFO     | __main__:_validate_balance_injection_lane_state:7079 - Lane DLG55_TMP 候选平衡文库 FDSW250185309-1r 注入校验失败: ['10bp Index占比26.4%低于40%要求']
2026-06-14 21:02:16.134 | INFO     | __main__:_materialize_balance_library_for_lane:7277 - Lane DLG55_TMP 尝试补平衡文库模板: sample_id=FDSW250185313-1r, test_no=Novaseq X Plus-PE150, index_seq=ATCGAATGCG;CGATATCTGC
2026-06-14 21:02:16.477 | INFO     | __main__:_validate_balance_injection_lane_state:7079 - Lane DLG55_TMP 候选平衡文库 FDSW250185313-1r 注入校验失败: ['10bp Index占比26.4%低于40%要求']
2026-06-14 21:02:16.477 | INFO     | __main__:_materialize_balance_library_for_lane:7277 - Lane DLG55_TMP 尝试补平衡文库模板: sample_id=FDSW250185316-1r, test_no=Novaseq X Plus-PE150, index_seq=TCATTGCACC;ATCGAAGCTC
2026-06-14 21:02:16.819 | INFO     | __main__:_validate_balance_injection_lane_state:7079 - Lane DLG55_TMP 候选平衡文库 FDSW250185316-1r 注入校验失败: ['10bp Index占比26.4%低于40%要求']
2026-06-14 21:02:17.733 | WARNING  | __main__:_materialize_balance_library_for_lane:7402 - Lane DLG55_TMP 平衡文库补充失败: 需补 107.232G，实验室=天津科技服务实验室，工序=Novaseq X Plus-PE150
2026-06-14 21:02:21.005 | INFO     | __main__:_materialize_balance_library_for_lane:7277 - Lane DLG55_TMP 尝试补平衡文库模板: sample_id=phix, test_no=Novaseq X Plus-PE150, index_seq=GGGGGGGGGG;ACCGAGATCT
2026-06-14 21:02:21.354 | INFO     | __main__:_validate_balance_injection_lane_state:7079 - Lane DLG55_TMP 候选平衡文库 phix 注入校验失败: ['10bp Index占比26.4%低于40%要求']
2026-06-14 21:02:21.354 | INFO     | __main__:_materialize_balance_library_for_lane:7277 - Lane DLG55_TMP 尝试补平衡文库模板: sample_id=FDSW250185295-1r, test_no=Novaseq X Plus-PE150, index_seq=AGCATCGAGT;AGCATCCTCA
2026-06-14 21:02:21.700 | INFO     | __main__:_validate_balance_injection_lane_state:7079 - Lane DLG55_TMP 候选平衡文库 FDSW250185295-1r 注入校验失败: ['10bp Index占比26.4%低于40%要求']
2026-06-14 21:02:21.700 | INFO     | __main__:_materialize_balance_library_for_lane:7277 - Lane DLG55_TMP 尝试补平衡文库模板: sample_id=FDSW250185296-1r, test_no=Novaseq X Plus-PE150, index_seq=CTCACACTGA;CTCACACATG
2026-06-14 21:02:22.041 | INFO     | __main__:_validate_balance_injection_lane_state:7079 - Lane DLG55_TMP 候选平衡文库 FDSW250185296-1r 注入校验失败: ['10bp Index占比26.4%低于40%要求']
2026-06-14 21:02:22.041 | INFO     | __main__:_materialize_balance_library_for_lane:7277 - Lane DLG55_TMP 尝试补平衡文库模板: sample_id=FDSW250185298-1r, test_no=Novaseq X Plus-PE150, index_seq=CCGACTAGAT;CCGACTAAGA
2026-06-14 21:02:22.384 | INFO     | __main__:_validate_balance_injection_lane_state:7079 - Lane DLG55_TMP 候选平衡文库 FDSW250185298-1r 注入校验失败: ['10bp Index占比26.4%低于40%要求']
2026-06-14 21:02:22.384 | INFO     | __main__:_materialize_balance_library_for_lane:7277 - Lane DLG55_TMP 尝试补平衡文库模板: sample_id=FDSW250185306-1r, test_no=Novaseq X Plus-PE150, index_seq=ACAGAGCGAT;GACTACTCAC
2026-06-14 21:02:22.726 | INFO     | __main__:_validate_balance_injection_lane_state:7079 - Lane DLG55_TMP 候选平衡文库 FDSW250185306-1r 注入校验失败: ['10bp Index占比26.4%低于40%要求']
2026-06-14 21:02:22.726 | INFO     | __main__:_materialize_balance_library_for_lane:7277 - Lane DLG55_TMP 尝试补平衡文库模板: sample_id=FDSW250185309-1r, test_no=Novaseq X Plus-PE150, index_seq=GTCACACACT;CAAGTGCTTC
2026-06-14 21:02:23.069 | INFO     | __main__:_validate_balance_injection_lane_state:7079 - Lane DLG55_TMP 候选平衡文库 FDSW250185309-1r 注入校验失败: ['10bp Index占比26.4%低于40%要求']
2026-06-14 21:02:23.069 | INFO     | __main__:_materialize_balance_library_for_lane:7277 - Lane DLG55_TMP 尝试补平衡文库模板: sample_id=FDSW250185313-1r, test_no=Novaseq X Plus-PE150, index_seq=ATCGAATGCG;CGATATCTGC
2026-06-14 21:02:23.411 | INFO     | __main__:_validate_balance_injection_lane_state:7079 - Lane DLG55_TMP 候选平衡文库 FDSW250185313-1r 注入校验失败: ['10bp Index占比26.4%低于40%要求']
2026-06-14 21:02:23.411 | INFO     | __main__:_materialize_balance_library_for_lane:7277 - Lane DLG55_TMP 尝试补平衡文库模板: sample_id=FDSW250185316-1r, test_no=Novaseq X Plus-PE150, index_seq=TCATTGCACC;ATCGAAGCTC
2026-06-14 21:02:23.753 | INFO     | __main__:_validate_balance_injection_lane_state:7079 - Lane DLG55_TMP 候选平衡文库 FDSW250185316-1r 注入校验失败: ['10bp Index占比26.4%低于40%要求']
2026-06-14 21:02:24.662 | WARNING  | __main__:_materialize_balance_library_for_lane:7402 - Lane DLG55_TMP 平衡文库补充失败: 需补 107.232G，实验室=天津科技服务实验室，工序=Novaseq X Plus-PE150
2026-06-14 21:02:27.942 | INFO     | __main__:_materialize_balance_library_for_lane:7277 - Lane DLG55_TMP 尝试补平衡文库模板: sample_id=phix, test_no=Novaseq X Plus-PE150, index_seq=GGGGGGGGGG;ACCGAGATCT
2026-06-14 21:02:28.285 | INFO     | __main__:_validate_balance_injection_lane_state:7079 - Lane DLG55_TMP 候选平衡文库 phix 注入校验失败: ['10bp Index占比26.4%低于40%要求']
2026-06-14 21:02:28.285 | INFO     | __main__:_materialize_balance_library_for_lane:7277 - Lane DLG55_TMP 尝试补平衡文库模板: sample_id=FDSW250185295-1r, test_no=Novaseq X Plus-PE150, index_seq=AGCATCGAGT;AGCATCCTCA
2026-06-14 21:02:28.628 | INFO     | __main__:_validate_balance_injection_lane_state:7079 - Lane DLG55_TMP 候选平衡文库 FDSW250185295-1r 注入校验失败: ['10bp Index占比26.4%低于40%要求']
2026-06-14 21:02:28.628 | INFO     | __main__:_materialize_balance_library_for_lane:7277 - Lane DLG55_TMP 尝试补平衡文库模板: sample_id=FDSW250185296-1r, test_no=Novaseq X Plus-PE150, index_seq=CTCACACTGA;CTCACACATG
2026-06-14 21:02:28.970 | INFO     | __main__:_validate_balance_injection_lane_state:7079 - Lane DLG55_TMP 候选平衡文库 FDSW250185296-1r 注入校验失败: ['10bp Index占比26.4%低于40%要求']
2026-06-14 21:02:28.971 | INFO     | __main__:_materialize_balance_library_for_lane:7277 - Lane DLG55_TMP 尝试补平衡文库模板: sample_id=FDSW250185298-1r, test_no=Novaseq X Plus-PE150, index_seq=CCGACTAGAT;CCGACTAAGA
2026-06-14 21:02:29.313 | INFO     | __main__:_validate_balance_injection_lane_state:7079 - Lane DLG55_TMP 候选平衡文库 FDSW250185298-1r 注入校验失败: ['10bp Index占比26.4%低于40%要求']
2026-06-14 21:02:29.313 | INFO     | __main__:_materialize_balance_library_for_lane:7277 - Lane DLG55_TMP 尝试补平衡文库模板: sample_id=FDSW250185306-1r, test_no=Novaseq X Plus-PE150, index_seq=ACAGAGCGAT;GACTACTCAC
2026-06-14 21:02:29.657 | INFO     | __main__:_validate_balance_injection_lane_state:7079 - Lane DLG55_TMP 候选平衡文库 FDSW250185306-1r 注入校验失败: ['10bp Index占比26.4%低于40%要求']
2026-06-14 21:02:29.657 | INFO     | __main__:_materialize_balance_library_for_lane:7277 - Lane DLG55_TMP 尝试补平衡文库模板: sample_id=FDSW250185309-1r, test_no=Novaseq X Plus-PE150, index_seq=GTCACACACT;CAAGTGCTTC
2026-06-14 21:02:30.001 | INFO     | __main__:_validate_balance_injection_lane_state:7079 - Lane DLG55_TMP 候选平衡文库 FDSW250185309-1r 注入校验失败: ['10bp Index占比26.4%低于40%要求']
2026-06-14 21:02:30.001 | INFO     | __main__:_materialize_balance_library_for_lane:7277 - Lane DLG55_TMP 尝试补平衡文库模板: sample_id=FDSW250185313-1r, test_no=Novaseq X Plus-PE150, index_seq=ATCGAATGCG;CGATATCTGC
2026-06-14 21:02:30.342 | INFO     | __main__:_validate_balance_injection_lane_state:7079 - Lane DLG55_TMP 候选平衡文库 FDSW250185313-1r 注入校验失败: ['10bp Index占比26.4%低于40%要求']
2026-06-14 21:02:30.342 | INFO     | __main__:_materialize_balance_library_for_lane:7277 - Lane DLG55_TMP 尝试补平衡文库模板: sample_id=FDSW250185316-1r, test_no=Novaseq X Plus-PE150, index_seq=TCATTGCACC;ATCGAAGCTC
2026-06-14 21:02:30.694 | INFO     | __main__:_validate_balance_injection_lane_state:7079 - Lane DLG55_TMP 候选平衡文库 FDSW250185316-1r 注入校验失败: ['10bp Index占比26.4%低于40%要求']
2026-06-14 21:02:31.613 | WARNING  | __main__:_materialize_balance_library_for_lane:7402 - Lane DLG55_TMP 平衡文库补充失败: 需补 107.232G，实验室=天津科技服务实验室，工序=Novaseq X Plus-PE150
2026-06-14 21:02:34.900 | INFO     | __main__:_materialize_balance_library_for_lane:7277 - Lane DLG55_TMP 尝试补平衡文库模板: sample_id=phix, test_no=Novaseq X Plus-PE150, index_seq=GGGGGGGGGG;ACCGAGATCT
2026-06-14 21:02:35.242 | INFO     | __main__:_validate_balance_injection_lane_state:7079 - Lane DLG55_TMP 候选平衡文库 phix 注入校验失败: ['10bp Index占比26.4%低于40%要求']
2026-06-14 21:02:35.243 | INFO     | __main__:_materialize_balance_library_for_lane:7277 - Lane DLG55_TMP 尝试补平衡文库模板: sample_id=FDSW250185295-1r, test_no=Novaseq X Plus-PE150, index_seq=AGCATCGAGT;AGCATCCTCA
2026-06-14 21:02:35.585 | INFO     | __main__:_validate_balance_injection_lane_state:7079 - Lane DLG55_TMP 候选平衡文库 FDSW250185295-1r 注入校验失败: ['10bp Index占比26.4%低于40%要求']
2026-06-14 21:02:35.585 | INFO     | __main__:_materialize_balance_library_for_lane:7277 - Lane DLG55_TMP 尝试补平衡文库模板: sample_id=FDSW250185296-1r, test_no=Novaseq X Plus-PE150, index_seq=CTCACACTGA;CTCACACATG
2026-06-14 21:02:35.926 | INFO     | __main__:_validate_balance_injection_lane_state:7079 - Lane DLG55_TMP 候选平衡文库 FDSW250185296-1r 注入校验失败: ['10bp Index占比26.4%低于40%要求']
2026-06-14 21:02:35.927 | INFO     | __main__:_materialize_balance_library_for_lane:7277 - Lane DLG55_TMP 尝试补平衡文库模板: sample_id=FDSW250185298-1r, test_no=Novaseq X Plus-PE150, index_seq=CCGACTAGAT;CCGACTAAGA
2026-06-14 21:02:36.271 | INFO     | __main__:_validate_balance_injection_lane_state:7079 - Lane DLG55_TMP 候选平衡文库 FDSW250185298-1r 注入校验失败: ['10bp Index占比26.4%低于40%要求']
2026-06-14 21:02:36.272 | INFO     | __main__:_materialize_balance_library_for_lane:7277 - Lane DLG55_TMP 尝试补平衡文库模板: sample_id=FDSW250185306-1r, test_no=Novaseq X Plus-PE150, index_seq=ACAGAGCGAT;GACTACTCAC
2026-06-14 21:02:36.613 | INFO     | __main__:_validate_balance_injection_lane_state:7079 - Lane DLG55_TMP 候选平衡文库 FDSW250185306-1r 注入校验失败: ['10bp Index占比26.4%低于40%要求']
2026-06-14 21:02:36.613 | INFO     | __main__:_materialize_balance_library_for_lane:7277 - Lane DLG55_TMP 尝试补平衡文库模板: sample_id=FDSW250185309-1r, test_no=Novaseq X Plus-PE150, index_seq=GTCACACACT;CAAGTGCTTC
2026-06-14 21:02:36.954 | INFO     | __main__:_validate_balance_injection_lane_state:7079 - Lane DLG55_TMP 候选平衡文库 FDSW250185309-1r 注入校验失败: ['10bp Index占比26.4%低于40%要求']
2026-06-14 21:02:36.954 | INFO     | __main__:_materialize_balance_library_for_lane:7277 - Lane DLG55_TMP 尝试补平衡文库模板: sample_id=FDSW250185313-1r, test_no=Novaseq X Plus-PE150, index_seq=ATCGAATGCG;CGATATCTGC
2026-06-14 21:02:37.296 | INFO     | __main__:_validate_balance_injection_lane_state:7079 - Lane DLG55_TMP 候选平衡文库 FDSW250185313-1r 注入校验失败: ['10bp Index占比26.4%低于40%要求']
2026-06-14 21:02:37.296 | INFO     | __main__:_materialize_balance_library_for_lane:7277 - Lane DLG55_TMP 尝试补平衡文库模板: sample_id=FDSW250185316-1r, test_no=Novaseq X Plus-PE150, index_seq=TCATTGCACC;ATCGAAGCTC
2026-06-14 21:02:37.638 | INFO     | __main__:_validate_balance_injection_lane_state:7079 - Lane DLG55_TMP 候选平衡文库 FDSW250185316-1r 注入校验失败: ['10bp Index占比26.4%低于40%要求']
2026-06-14 21:02:38.546 | WARNING  | __main__:_materialize_balance_library_for_lane:7402 - Lane DLG55_TMP 平衡文库补充失败: 需补 107.232G，实验室=天津科技服务实验室，工序=Novaseq X Plus-PE150
2026-06-14 21:02:41.840 | INFO     | __main__:_materialize_balance_library_for_lane:7277 - Lane DLG55_TMP 尝试补平衡文库模板: sample_id=phix, test_no=Novaseq X Plus-PE150, index_seq=GGGGGGGGGG;ACCGAGATCT
2026-06-14 21:02:42.181 | INFO     | __main__:_validate_balance_injection_lane_state:7079 - Lane DLG55_TMP 候选平衡文库 phix 注入校验失败: ['10bp Index占比26.4%低于40%要求']
2026-06-14 21:02:42.182 | INFO     | __main__:_materialize_balance_library_for_lane:7277 - Lane DLG55_TMP 尝试补平衡文库模板: sample_id=FDSW250185295-1r, test_no=Novaseq X Plus-PE150, index_seq=AGCATCGAGT;AGCATCCTCA
2026-06-14 21:02:42.524 | INFO     | __main__:_validate_balance_injection_lane_state:7079 - Lane DLG55_TMP 候选平衡文库 FDSW250185295-1r 注入校验失败: ['10bp Index占比26.4%低于40%要求']
2026-06-14 21:02:42.524 | INFO     | __main__:_materialize_balance_library_for_lane:7277 - Lane DLG55_TMP 尝试补平衡文库模板: sample_id=FDSW250185296-1r, test_no=Novaseq X Plus-PE150, index_seq=CTCACACTGA;CTCACACATG
2026-06-14 21:02:42.871 | INFO     | __main__:_validate_balance_injection_lane_state:7079 - Lane DLG55_TMP 候选平衡文库 FDSW250185296-1r 注入校验失败: ['10bp Index占比26.4%低于40%要求']
2026-06-14 21:02:42.872 | INFO     | __main__:_materialize_balance_library_for_lane:7277 - Lane DLG55_TMP 尝试补平衡文库模板: sample_id=FDSW250185298-1r, test_no=Novaseq X Plus-PE150, index_seq=CCGACTAGAT;CCGACTAAGA
2026-06-14 21:02:43.213 | INFO     | __main__:_validate_balance_injection_lane_state:7079 - Lane DLG55_TMP 候选平衡文库 FDSW250185298-1r 注入校验失败: ['10bp Index占比26.4%低于40%要求']
2026-06-14 21:02:43.213 | INFO     | __main__:_materialize_balance_library_for_lane:7277 - Lane DLG55_TMP 尝试补平衡文库模板: sample_id=FDSW250185306-1r, test_no=Novaseq X Plus-PE150, index_seq=ACAGAGCGAT;GACTACTCAC
2026-06-14 21:02:43.554 | INFO     | __main__:_validate_balance_injection_lane_state:7079 - Lane DLG55_TMP 候选平衡文库 FDSW250185306-1r 注入校验失败: ['10bp Index占比26.4%低于40%要求']
2026-06-14 21:02:43.554 | INFO     | __main__:_materialize_balance_library_for_lane:7277 - Lane DLG55_TMP 尝试补平衡文库模板: sample_id=FDSW250185309-1r, test_no=Novaseq X Plus-PE150, index_seq=GTCACACACT;CAAGTGCTTC
2026-06-14 21:02:43.895 | INFO     | __main__:_validate_balance_injection_lane_state:7079 - Lane DLG55_TMP 候选平衡文库 FDSW250185309-1r 注入校验失败: ['10bp Index占比26.4%低于40%要求']
2026-06-14 21:02:43.896 | INFO     | __main__:_materialize_balance_library_for_lane:7277 - Lane DLG55_TMP 尝试补平衡文库模板: sample_id=FDSW250185313-1r, test_no=Novaseq X Plus-PE150, index_seq=ATCGAATGCG;CGATATCTGC
2026-06-14 21:02:44.236 | INFO     | __main__:_validate_balance_injection_lane_state:7079 - Lane DLG55_TMP 候选平衡文库 FDSW250185313-1r 注入校验失败: ['10bp Index占比26.4%低于40%要求']
2026-06-14 21:02:44.236 | INFO     | __main__:_materialize_balance_library_for_lane:7277 - Lane DLG55_TMP 尝试补平衡文库模板: sample_id=FDSW250185316-1r, test_no=Novaseq X Plus-PE150, index_seq=TCATTGCACC;ATCGAAGCTC
2026-06-14 21:02:44.577 | INFO     | __main__:_validate_balance_injection_lane_state:7079 - Lane DLG55_TMP 候选平衡文库 FDSW250185316-1r 注入校验失败: ['10bp Index占比26.4%低于40%要求']
2026-06-14 21:02:45.486 | WARNING  | __main__:_materialize_balance_library_for_lane:7402 - Lane DLG55_TMP 平衡文库补充失败: 需补 107.232G，实验室=天津科技服务实验室，工序=Novaseq X Plus-PE150
2026-06-14 21:02:48.765 | INFO     | __main__:_materialize_balance_library_for_lane:7277 - Lane DLG55_TMP 尝试补平衡文库模板: sample_id=phix, test_no=Novaseq X Plus-PE150, index_seq=GGGGGGGGGG;ACCGAGATCT
2026-06-14 21:02:49.106 | INFO     | __main__:_validate_balance_injection_lane_state:7079 - Lane DLG55_TMP 候选平衡文库 phix 注入校验失败: ['10bp Index占比26.4%低于40%要求']
2026-06-14 21:02:49.106 | INFO     | __main__:_materialize_balance_library_for_lane:7277 - Lane DLG55_TMP 尝试补平衡文库模板: sample_id=FDSW250185295-1r, test_no=Novaseq X Plus-PE150, index_seq=AGCATCGAGT;AGCATCCTCA
2026-06-14 21:02:49.455 | INFO     | __main__:_validate_balance_injection_lane_state:7079 - Lane DLG55_TMP 候选平衡文库 FDSW250185295-1r 注入校验失败: ['10bp Index占比26.4%低于40%要求']
2026-06-14 21:02:49.455 | INFO     | __main__:_materialize_balance_library_for_lane:7277 - Lane DLG55_TMP 尝试补平衡文库模板: sample_id=FDSW250185296-1r, test_no=Novaseq X Plus-PE150, index_seq=CTCACACTGA;CTCACACATG
2026-06-14 21:02:49.796 | INFO     | __main__:_validate_balance_injection_lane_state:7079 - Lane DLG55_TMP 候选平衡文库 FDSW250185296-1r 注入校验失败: ['10bp Index占比26.4%低于40%要求']
2026-06-14 21:02:49.796 | INFO     | __main__:_materialize_balance_library_for_lane:7277 - Lane DLG55_TMP 尝试补平衡文库模板: sample_id=FDSW250185298-1r, test_no=Novaseq X Plus-PE150, index_seq=CCGACTAGAT;CCGACTAAGA
2026-06-14 21:02:50.138 | INFO     | __main__:_validate_balance_injection_lane_state:7079 - Lane DLG55_TMP 候选平衡文库 FDSW250185298-1r 注入校验失败: ['10bp Index占比26.4%低于40%要求']
2026-06-14 21:02:50.139 | INFO     | __main__:_materialize_balance_library_for_lane:7277 - Lane DLG55_TMP 尝试补平衡文库模板: sample_id=FDSW250185306-1r, test_no=Novaseq X Plus-PE150, index_seq=ACAGAGCGAT;GACTACTCAC
2026-06-14 21:02:50.480 | INFO     | __main__:_validate_balance_injection_lane_state:7079 - Lane DLG55_TMP 候选平衡文库 FDSW250185306-1r 注入校验失败: ['10bp Index占比26.4%低于40%要求']
2026-06-14 21:02:50.480 | INFO     | __main__:_materialize_balance_library_for_lane:7277 - Lane DLG55_TMP 尝试补平衡文库模板: sample_id=FDSW250185309-1r, test_no=Novaseq X Plus-PE150, index_seq=GTCACACACT;CAAGTGCTTC
2026-06-14 21:02:50.822 | INFO     | __main__:_validate_balance_injection_lane_state:7079 - Lane DLG55_TMP 候选平衡文库 FDSW250185309-1r 注入校验失败: ['10bp Index占比26.4%低于40%要求']
2026-06-14 21:02:50.822 | INFO     | __main__:_materialize_balance_library_for_lane:7277 - Lane DLG55_TMP 尝试补平衡文库模板: sample_id=FDSW250185313-1r, test_no=Novaseq X Plus-PE150, index_seq=ATCGAATGCG;CGATATCTGC
2026-06-14 21:02:51.163 | INFO     | __main__:_validate_balance_injection_lane_state:7079 - Lane DLG55_TMP 候选平衡文库 FDSW250185313-1r 注入校验失败: ['10bp Index占比26.4%低于40%要求']
2026-06-14 21:02:51.163 | INFO     | __main__:_materialize_balance_library_for_lane:7277 - Lane DLG55_TMP 尝试补平衡文库模板: sample_id=FDSW250185316-1r, test_no=Novaseq X Plus-PE150, index_seq=TCATTGCACC;ATCGAAGCTC
2026-06-14 21:02:51.511 | INFO     | __main__:_validate_balance_injection_lane_state:7079 - Lane DLG55_TMP 候选平衡文库 FDSW250185316-1r 注入校验失败: ['10bp Index占比26.4%低于40%要求']
2026-06-14 21:02:52.421 | WARNING  | __main__:_materialize_balance_library_for_lane:7402 - Lane DLG55_TMP 平衡文库补充失败: 需补 107.232G，实验室=天津科技服务实验室，工序=Novaseq X Plus-PE150
2026-06-14 21:02:55.699 | INFO     | __main__:_materialize_balance_library_for_lane:7277 - Lane DLG55_TMP 尝试补平衡文库模板: sample_id=phix, test_no=Novaseq X Plus-PE150, index_seq=GGGGGGGGGG;ACCGAGATCT
2026-06-14 21:02:56.040 | INFO     | __main__:_validate_balance_injection_lane_state:7079 - Lane DLG55_TMP 候选平衡文库 phix 注入校验失败: ['10bp Index占比26.4%低于40%要求']
2026-06-14 21:02:56.040 | INFO     | __main__:_materialize_balance_library_for_lane:7277 - Lane DLG55_TMP 尝试补平衡文库模板: sample_id=FDSW250185295-1r, test_no=Novaseq X Plus-PE150, index_seq=AGCATCGAGT;AGCATCCTCA
2026-06-14 21:02:56.384 | INFO     | __main__:_validate_balance_injection_lane_state:7079 - Lane DLG55_TMP 候选平衡文库 FDSW250185295-1r 注入校验失败: ['10bp Index占比26.4%低于40%要求']
2026-06-14 21:02:56.384 | INFO     | __main__:_materialize_balance_library_for_lane:7277 - Lane DLG55_TMP 尝试补平衡文库模板: sample_id=FDSW250185296-1r, test_no=Novaseq X Plus-PE150, index_seq=CTCACACTGA;CTCACACATG
2026-06-14 21:02:56.725 | INFO     | __main__:_validate_balance_injection_lane_state:7079 - Lane DLG55_TMP 候选平衡文库 FDSW250185296-1r 注入校验失败: ['10bp Index占比26.4%低于40%要求']
2026-06-14 21:02:56.725 | INFO     | __main__:_materialize_balance_library_for_lane:7277 - Lane DLG55_TMP 尝试补平衡文库模板: sample_id=FDSW250185298-1r, test_no=Novaseq X Plus-PE150, index_seq=CCGACTAGAT;CCGACTAAGA
2026-06-14 21:02:57.065 | INFO     | __main__:_validate_balance_injection_lane_state:7079 - Lane DLG55_TMP 候选平衡文库 FDSW250185298-1r 注入校验失败: ['10bp Index占比26.4%低于40%要求']
2026-06-14 21:02:57.065 | INFO     | __main__:_materialize_balance_library_for_lane:7277 - Lane DLG55_TMP 尝试补平衡文库模板: sample_id=FDSW250185306-1r, test_no=Novaseq X Plus-PE150, index_seq=ACAGAGCGAT;GACTACTCAC
2026-06-14 21:02:57.407 | INFO     | __main__:_validate_balance_injection_lane_state:7079 - Lane DLG55_TMP 候选平衡文库 FDSW250185306-1r 注入校验失败: ['10bp Index占比26.4%低于40%要求']
2026-06-14 21:02:57.407 | INFO     | __main__:_materialize_balance_library_for_lane:7277 - Lane DLG55_TMP 尝试补平衡文库模板: sample_id=FDSW250185309-1r, test_no=Novaseq X Plus-PE150, index_seq=GTCACACACT;CAAGTGCTTC
2026-06-14 21:02:57.748 | INFO     | __main__:_validate_balance_injection_lane_state:7079 - Lane DLG55_TMP 候选平衡文库 FDSW250185309-1r 注入校验失败: ['10bp Index占比26.4%低于40%要求']
2026-06-14 21:02:57.749 | INFO     | __main__:_materialize_balance_library_for_lane:7277 - Lane DLG55_TMP 尝试补平衡文库模板: sample_id=FDSW250185313-1r, test_no=Novaseq X Plus-PE150, index_seq=ATCGAATGCG;CGATATCTGC
2026-06-14 21:02:58.090 | INFO     | __main__:_validate_balance_injection_lane_state:7079 - Lane DLG55_TMP 候选平衡文库 FDSW250185313-1r 注入校验失败: ['10bp Index占比26.4%低于40%要求']
2026-06-14 21:02:58.090 | INFO     | __main__:_materialize_balance_library_for_lane:7277 - Lane DLG55_TMP 尝试补平衡文库模板: sample_id=FDSW250185316-1r, test_no=Novaseq X Plus-PE150, index_seq=TCATTGCACC;ATCGAAGCTC
2026-06-14 21:02:58.432 | INFO     | __main__:_validate_balance_injection_lane_state:7079 - Lane DLG55_TMP 候选平衡文库 FDSW250185316-1r 注入校验失败: ['10bp Index占比26.4%低于40%要求']
2026-06-14 21:02:59.339 | WARNING  | __main__:_materialize_balance_library_for_lane:7402 - Lane DLG55_TMP 平衡文库补充失败: 需补 107.232G，实验室=天津科技服务实验室，工序=Novaseq X Plus-PE150
2026-06-14 21:03:02.620 | INFO     | __main__:_materialize_balance_library_for_lane:7277 - Lane DLG55_TMP 尝试补平衡文库模板: sample_id=phix, test_no=Novaseq X Plus-PE150, index_seq=GGGGGGGGGG;ACCGAGATCT
2026-06-14 21:03:02.961 | INFO     | __main__:_validate_balance_injection_lane_state:7079 - Lane DLG55_TMP 候选平衡文库 phix 注入校验失败: ['10bp Index占比26.4%低于40%要求']
2026-06-14 21:03:02.961 | INFO     | __main__:_materialize_balance_library_for_lane:7277 - Lane DLG55_TMP 尝试补平衡文库模板: sample_id=FDSW250185295-1r, test_no=Novaseq X Plus-PE150, index_seq=AGCATCGAGT;AGCATCCTCA
2026-06-14 21:03:03.303 | INFO     | __main__:_validate_balance_injection_lane_state:7079 - Lane DLG55_TMP 候选平衡文库 FDSW250185295-1r 注入校验失败: ['10bp Index占比26.4%低于40%要求']
2026-06-14 21:03:03.303 | INFO     | __main__:_materialize_balance_library_for_lane:7277 - Lane DLG55_TMP 尝试补平衡文库模板: sample_id=FDSW250185296-1r, test_no=Novaseq X Plus-PE150, index_seq=CTCACACTGA;CTCACACATG
2026-06-14 21:03:03.644 | INFO     | __main__:_validate_balance_injection_lane_state:7079 - Lane DLG55_TMP 候选平衡文库 FDSW250185296-1r 注入校验失败: ['10bp Index占比26.4%低于40%要求']
2026-06-14 21:03:03.644 | INFO     | __main__:_materialize_balance_library_for_lane:7277 - Lane DLG55_TMP 尝试补平衡文库模板: sample_id=FDSW250185298-1r, test_no=Novaseq X Plus-PE150, index_seq=CCGACTAGAT;CCGACTAAGA
2026-06-14 21:03:03.986 | INFO     | __main__:_validate_balance_injection_lane_state:7079 - Lane DLG55_TMP 候选平衡文库 FDSW250185298-1r 注入校验失败: ['10bp Index占比26.4%低于40%要求']
2026-06-14 21:03:03.986 | INFO     | __main__:_materialize_balance_library_for_lane:7277 - Lane DLG55_TMP 尝试补平衡文库模板: sample_id=FDSW250185306-1r, test_no=Novaseq X Plus-PE150, index_seq=ACAGAGCGAT;GACTACTCAC
2026-06-14 21:03:04.336 | INFO     | __main__:_validate_balance_injection_lane_state:7079 - Lane DLG55_TMP 候选平衡文库 FDSW250185306-1r 注入校验失败: ['10bp Index占比26.4%低于40%要求']
2026-06-14 21:03:04.336 | INFO     | __main__:_materialize_balance_library_for_lane:7277 - Lane DLG55_TMP 尝试补平衡文库模板: sample_id=FDSW250185309-1r, test_no=Novaseq X Plus-PE150, index_seq=GTCACACACT;CAAGTGCTTC
2026-06-14 21:03:04.678 | INFO     | __main__:_validate_balance_injection_lane_state:7079 - Lane DLG55_TMP 候选平衡文库 FDSW250185309-1r 注入校验失败: ['10bp Index占比26.4%低于40%要求']
2026-06-14 21:03:04.678 | INFO     | __main__:_materialize_balance_library_for_lane:7277 - Lane DLG55_TMP 尝试补平衡文库模板: sample_id=FDSW250185313-1r, test_no=Novaseq X Plus-PE150, index_seq=ATCGAATGCG;CGATATCTGC
2026-06-14 21:03:05.020 | INFO     | __main__:_validate_balance_injection_lane_state:7079 - Lane DLG55_TMP 候选平衡文库 FDSW250185313-1r 注入校验失败: ['10bp Index占比26.4%低于40%要求']
2026-06-14 21:03:05.020 | INFO     | __main__:_materialize_balance_library_for_lane:7277 - Lane DLG55_TMP 尝试补平衡文库模板: sample_id=FDSW250185316-1r, test_no=Novaseq X Plus-PE150, index_seq=TCATTGCACC;ATCGAAGCTC
2026-06-14 21:03:05.362 | INFO     | __main__:_validate_balance_injection_lane_state:7079 - Lane DLG55_TMP 候选平衡文库 FDSW250185316-1r 注入校验失败: ['10bp Index占比26.4%低于40%要求']
2026-06-14 21:03:06.273 | WARNING  | __main__:_materialize_balance_library_for_lane:7402 - Lane DLG55_TMP 平衡文库补充失败: 需补 107.232G，实验室=天津科技服务实验室，工序=Novaseq X Plus-PE150
2026-06-14 21:03:09.557 | INFO     | __main__:_materialize_balance_library_for_lane:7277 - Lane DLG55_TMP 尝试补平衡文库模板: sample_id=phix, test_no=Novaseq X Plus-PE150, index_seq=GGGGGGGGGG;ACCGAGATCT
2026-06-14 21:03:09.902 | INFO     | __main__:_validate_balance_injection_lane_state:7079 - Lane DLG55_TMP 候选平衡文库 phix 注入校验失败: ['10bp Index占比26.4%低于40%要求']
2026-06-14 21:03:09.903 | INFO     | __main__:_materialize_balance_library_for_lane:7277 - Lane DLG55_TMP 尝试补平衡文库模板: sample_id=FDSW250185295-1r, test_no=Novaseq X Plus-PE150, index_seq=AGCATCGAGT;AGCATCCTCA
2026-06-14 21:03:10.247 | INFO     | __main__:_validate_balance_injection_lane_state:7079 - Lane DLG55_TMP 候选平衡文库 FDSW250185295-1r 注入校验失败: ['10bp Index占比26.4%低于40%要求']
2026-06-14 21:03:10.247 | INFO     | __main__:_materialize_balance_library_for_lane:7277 - Lane DLG55_TMP 尝试补平衡文库模板: sample_id=FDSW250185296-1r, test_no=Novaseq X Plus-PE150, index_seq=CTCACACTGA;CTCACACATG
2026-06-14 21:03:10.591 | INFO     | __main__:_validate_balance_injection_lane_state:7079 - Lane DLG55_TMP 候选平衡文库 FDSW250185296-1r 注入校验失败: ['10bp Index占比26.4%低于40%要求']
2026-06-14 21:03:10.591 | INFO     | __main__:_materialize_balance_library_for_lane:7277 - Lane DLG55_TMP 尝试补平衡文库模板: sample_id=FDSW250185298-1r, test_no=Novaseq X Plus-PE150, index_seq=CCGACTAGAT;CCGACTAAGA
2026-06-14 21:03:10.934 | INFO     | __main__:_validate_balance_injection_lane_state:7079 - Lane DLG55_TMP 候选平衡文库 FDSW250185298-1r 注入校验失败: ['10bp Index占比26.4%低于40%要求']
2026-06-14 21:03:10.934 | INFO     | __main__:_materialize_balance_library_for_lane:7277 - Lane DLG55_TMP 尝试补平衡文库模板: sample_id=FDSW250185306-1r, test_no=Novaseq X Plus-PE150, index_seq=ACAGAGCGAT;GACTACTCAC
2026-06-14 21:03:11.275 | INFO     | __main__:_validate_balance_injection_lane_state:7079 - Lane DLG55_TMP 候选平衡文库 FDSW250185306-1r 注入校验失败: ['10bp Index占比26.4%低于40%要求']
2026-06-14 21:03:11.276 | INFO     | __main__:_materialize_balance_library_for_lane:7277 - Lane DLG55_TMP 尝试补平衡文库模板: sample_id=FDSW250185309-1r, test_no=Novaseq X Plus-PE150, index_seq=GTCACACACT;CAAGTGCTTC
2026-06-14 21:03:11.617 | INFO     | __main__:_validate_balance_injection_lane_state:7079 - Lane DLG55_TMP 候选平衡文库 FDSW250185309-1r 注入校验失败: ['10bp Index占比26.4%低于40%要求']
2026-06-14 21:03:11.617 | INFO     | __main__:_materialize_balance_library_for_lane:7277 - Lane DLG55_TMP 尝试补平衡文库模板: sample_id=FDSW250185313-1r, test_no=Novaseq X Plus-PE150, index_seq=ATCGAATGCG;CGATATCTGC
2026-06-14 21:03:11.958 | INFO     | __main__:_validate_balance_injection_lane_state:7079 - Lane DLG55_TMP 候选平衡文库 FDSW250185313-1r 注入校验失败: ['10bp Index占比26.4%低于40%要求']
2026-06-14 21:03:11.959 | INFO     | __main__:_materialize_balance_library_for_lane:7277 - Lane DLG55_TMP 尝试补平衡文库模板: sample_id=FDSW250185316-1r, test_no=Novaseq X Plus-PE150, index_seq=TCATTGCACC;ATCGAAGCTC
2026-06-14 21:03:12.302 | INFO     | __main__:_validate_balance_injection_lane_state:7079 - Lane DLG55_TMP 候选平衡文库 FDSW250185316-1r 注入校验失败: ['10bp Index占比26.4%低于40%要求']
2026-06-14 21:03:13.212 | WARNING  | __main__:_materialize_balance_library_for_lane:7402 - Lane DLG55_TMP 平衡文库补充失败: 需补 107.232G，实验室=天津科技服务实验室，工序=Novaseq X Plus-PE150
2026-06-14 21:03:16.495 | INFO     | __main__:_materialize_balance_library_for_lane:7277 - Lane DLG55_TMP 尝试补平衡文库模板: sample_id=phix, test_no=Novaseq X Plus-PE150, index_seq=GGGGGGGGGG;ACCGAGATCT
2026-06-14 21:03:16.837 | INFO     | __main__:_validate_balance_injection_lane_state:7079 - Lane DLG55_TMP 候选平衡文库 phix 注入校验失败: ['10bp Index占比26.4%低于40%要求']
2026-06-14 21:03:16.837 | INFO     | __main__:_materialize_balance_library_for_lane:7277 - Lane DLG55_TMP 尝试补平衡文库模板: sample_id=FDSW250185295-1r, test_no=Novaseq X Plus-PE150, index_seq=AGCATCGAGT;AGCATCCTCA
2026-06-14 21:03:17.178 | INFO     | __main__:_validate_balance_injection_lane_state:7079 - Lane DLG55_TMP 候选平衡文库 FDSW250185295-1r 注入校验失败: ['10bp Index占比26.4%低于40%要求']
2026-06-14 21:03:17.178 | INFO     | __main__:_materialize_balance_library_for_lane:7277 - Lane DLG55_TMP 尝试补平衡文库模板: sample_id=FDSW250185296-1r, test_no=Novaseq X Plus-PE150, index_seq=CTCACACTGA;CTCACACATG
2026-06-14 21:03:17.519 | INFO     | __main__:_validate_balance_injection_lane_state:7079 - Lane DLG55_TMP 候选平衡文库 FDSW250185296-1r 注入校验失败: ['10bp Index占比26.4%低于40%要求']
2026-06-14 21:03:17.519 | INFO     | __main__:_materialize_balance_library_for_lane:7277 - Lane DLG55_TMP 尝试补平衡文库模板: sample_id=FDSW250185298-1r, test_no=Novaseq X Plus-PE150, index_seq=CCGACTAGAT;CCGACTAAGA
2026-06-14 21:03:17.860 | INFO     | __main__:_validate_balance_injection_lane_state:7079 - Lane DLG55_TMP 候选平衡文库 FDSW250185298-1r 注入校验失败: ['10bp Index占比26.4%低于40%要求']
2026-06-14 21:03:17.860 | INFO     | __main__:_materialize_balance_library_for_lane:7277 - Lane DLG55_TMP 尝试补平衡文库模板: sample_id=FDSW250185306-1r, test_no=Novaseq X Plus-PE150, index_seq=ACAGAGCGAT;GACTACTCAC
2026-06-14 21:03:18.202 | INFO     | __main__:_validate_balance_injection_lane_state:7079 - Lane DLG55_TMP 候选平衡文库 FDSW250185306-1r 注入校验失败: ['10bp Index占比26.4%低于40%要求']
2026-06-14 21:03:18.202 | INFO     | __main__:_materialize_balance_library_for_lane:7277 - Lane DLG55_TMP 尝试补平衡文库模板: sample_id=FDSW250185309-1r, test_no=Novaseq X Plus-PE150, index_seq=GTCACACACT;CAAGTGCTTC
2026-06-14 21:03:18.543 | INFO     | __main__:_validate_balance_injection_lane_state:7079 - Lane DLG55_TMP 候选平衡文库 FDSW250185309-1r 注入校验失败: ['10bp Index占比26.4%低于40%要求']
2026-06-14 21:03:18.543 | INFO     | __main__:_materialize_balance_library_for_lane:7277 - Lane DLG55_TMP 尝试补平衡文库模板: sample_id=FDSW250185313-1r, test_no=Novaseq X Plus-PE150, index_seq=ATCGAATGCG;CGATATCTGC
2026-06-14 21:03:18.884 | INFO     | __main__:_validate_balance_injection_lane_state:7079 - Lane DLG55_TMP 候选平衡文库 FDSW250185313-1r 注入校验失败: ['10bp Index占比26.4%低于40%要求']
2026-06-14 21:03:18.885 | INFO     | __main__:_materialize_balance_library_for_lane:7277 - Lane DLG55_TMP 尝试补平衡文库模板: sample_id=FDSW250185316-1r, test_no=Novaseq X Plus-PE150, index_seq=TCATTGCACC;ATCGAAGCTC
2026-06-14 21:03:19.226 | INFO     | __main__:_validate_balance_injection_lane_state:7079 - Lane DLG55_TMP 候选平衡文库 FDSW250185316-1r 注入校验失败: ['10bp Index占比26.4%低于40%要求']
2026-06-14 21:03:20.136 | WARNING  | __main__:_materialize_balance_library_for_lane:7402 - Lane DLG55_TMP 平衡文库补充失败: 需补 107.232G，实验室=天津科技服务实验室，工序=Novaseq X Plus-PE150
2026-06-14 21:03:23.418 | INFO     | __main__:_materialize_balance_library_for_lane:7277 - Lane DLG55_TMP 尝试补平衡文库模板: sample_id=phix, test_no=Novaseq X Plus-PE150, index_seq=GGGGGGGGGG;ACCGAGATCT
2026-06-14 21:03:23.760 | INFO     | __main__:_validate_balance_injection_lane_state:7079 - Lane DLG55_TMP 候选平衡文库 phix 注入校验失败: ['10bp Index占比26.4%低于40%要求']
2026-06-14 21:03:23.760 | INFO     | __main__:_materialize_balance_library_for_lane:7277 - Lane DLG55_TMP 尝试补平衡文库模板: sample_id=FDSW250185295-1r, test_no=Novaseq X Plus-PE150, index_seq=AGCATCGAGT;AGCATCCTCA
2026-06-14 21:03:24.102 | INFO     | __main__:_validate_balance_injection_lane_state:7079 - Lane DLG55_TMP 候选平衡文库 FDSW250185295-1r 注入校验失败: ['10bp Index占比26.4%低于40%要求']
2026-06-14 21:03:24.102 | INFO     | __main__:_materialize_balance_library_for_lane:7277 - Lane DLG55_TMP 尝试补平衡文库模板: sample_id=FDSW250185296-1r, test_no=Novaseq X Plus-PE150, index_seq=CTCACACTGA;CTCACACATG
2026-06-14 21:03:24.443 | INFO     | __main__:_validate_balance_injection_lane_state:7079 - Lane DLG55_TMP 候选平衡文库 FDSW250185296-1r 注入校验失败: ['10bp Index占比26.4%低于40%要求']
2026-06-14 21:03:24.444 | INFO     | __main__:_materialize_balance_library_for_lane:7277 - Lane DLG55_TMP 尝试补平衡文库模板: sample_id=FDSW250185298-1r, test_no=Novaseq X Plus-PE150, index_seq=CCGACTAGAT;CCGACTAAGA
2026-06-14 21:03:24.784 | INFO     | __main__:_validate_balance_injection_lane_state:7079 - Lane DLG55_TMP 候选平衡文库 FDSW250185298-1r 注入校验失败: ['10bp Index占比26.4%低于40%要求']
2026-06-14 21:03:24.785 | INFO     | __main__:_materialize_balance_library_for_lane:7277 - Lane DLG55_TMP 尝试补平衡文库模板: sample_id=FDSW250185306-1r, test_no=Novaseq X Plus-PE150, index_seq=ACAGAGCGAT;GACTACTCAC
2026-06-14 21:03:25.126 | INFO     | __main__:_validate_balance_injection_lane_state:7079 - Lane DLG55_TMP 候选平衡文库 FDSW250185306-1r 注入校验失败: ['10bp Index占比26.4%低于40%要求']
2026-06-14 21:03:25.126 | INFO     | __main__:_materialize_balance_library_for_lane:7277 - Lane DLG55_TMP 尝试补平衡文库模板: sample_id=FDSW250185309-1r, test_no=Novaseq X Plus-PE150, index_seq=GTCACACACT;CAAGTGCTTC
2026-06-14 21:03:25.467 | INFO     | __main__:_validate_balance_injection_lane_state:7079 - Lane DLG55_TMP 候选平衡文库 FDSW250185309-1r 注入校验失败: ['10bp Index占比26.4%低于40%要求']
2026-06-14 21:03:25.467 | INFO     | __main__:_materialize_balance_library_for_lane:7277 - Lane DLG55_TMP 尝试补平衡文库模板: sample_id=FDSW250185313-1r, test_no=Novaseq X Plus-PE150, index_seq=ATCGAATGCG;CGATATCTGC
2026-06-14 21:03:25.808 | INFO     | __main__:_validate_balance_injection_lane_state:7079 - Lane DLG55_TMP 候选平衡文库 FDSW250185313-1r 注入校验失败: ['10bp Index占比26.4%低于40%要求']
2026-06-14 21:03:25.808 | INFO     | __main__:_materialize_balance_library_for_lane:7277 - Lane DLG55_TMP 尝试补平衡文库模板: sample_id=FDSW250185316-1r, test_no=Novaseq X Plus-PE150, index_seq=TCATTGCACC;ATCGAAGCTC
2026-06-14 21:03:26.151 | INFO     | __main__:_validate_balance_injection_lane_state:7079 - Lane DLG55_TMP 候选平衡文库 FDSW250185316-1r 注入校验失败: ['10bp Index占比26.4%低于40%要求']
2026-06-14 21:03:27.059 | WARNING  | __main__:_materialize_balance_library_for_lane:7402 - Lane DLG55_TMP 平衡文库补充失败: 需补 107.232G，实验室=天津科技服务实验室，工序=Novaseq X Plus-PE150
2026-06-14 21:03:30.341 | INFO     | __main__:_materialize_balance_library_for_lane:7277 - Lane DLG55_TMP 尝试补平衡文库模板: sample_id=phix, test_no=Novaseq X Plus-PE150, index_seq=GGGGGGGGGG;ACCGAGATCT
2026-06-14 21:03:30.685 | INFO     | __main__:_validate_balance_injection_lane_state:7079 - Lane DLG55_TMP 候选平衡文库 phix 注入校验失败: ['10bp Index占比26.4%低于40%要求']
2026-06-14 21:03:30.685 | INFO     | __main__:_materialize_balance_library_for_lane:7277 - Lane DLG55_TMP 尝试补平衡文库模板: sample_id=FDSW250185295-1r, test_no=Novaseq X Plus-PE150, index_seq=AGCATCGAGT;AGCATCCTCA
2026-06-14 21:03:31.027 | INFO     | __main__:_validate_balance_injection_lane_state:7079 - Lane DLG55_TMP 候选平衡文库 FDSW250185295-1r 注入校验失败: ['10bp Index占比26.4%低于40%要求']
2026-06-14 21:03:31.027 | INFO     | __main__:_materialize_balance_library_for_lane:7277 - Lane DLG55_TMP 尝试补平衡文库模板: sample_id=FDSW250185296-1r, test_no=Novaseq X Plus-PE150, index_seq=CTCACACTGA;CTCACACATG
2026-06-14 21:03:31.368 | INFO     | __main__:_validate_balance_injection_lane_state:7079 - Lane DLG55_TMP 候选平衡文库 FDSW250185296-1r 注入校验失败: ['10bp Index占比26.4%低于40%要求']
2026-06-14 21:03:31.368 | INFO     | __main__:_materialize_balance_library_for_lane:7277 - Lane DLG55_TMP 尝试补平衡文库模板: sample_id=FDSW250185298-1r, test_no=Novaseq X Plus-PE150, index_seq=CCGACTAGAT;CCGACTAAGA
2026-06-14 21:03:31.713 | INFO     | __main__:_validate_balance_injection_lane_state:7079 - Lane DLG55_TMP 候选平衡文库 FDSW250185298-1r 注入校验失败: ['10bp Index占比26.4%低于40%要求']
2026-06-14 21:03:31.714 | INFO     | __main__:_materialize_balance_library_for_lane:7277 - Lane DLG55_TMP 尝试补平衡文库模板: sample_id=FDSW250185306-1r, test_no=Novaseq X Plus-PE150, index_seq=ACAGAGCGAT;GACTACTCAC
2026-06-14 21:03:32.055 | INFO     | __main__:_validate_balance_injection_lane_state:7079 - Lane DLG55_TMP 候选平衡文库 FDSW250185306-1r 注入校验失败: ['10bp Index占比26.4%低于40%要求']
2026-06-14 21:03:32.055 | INFO     | __main__:_materialize_balance_library_for_lane:7277 - Lane DLG55_TMP 尝试补平衡文库模板: sample_id=FDSW250185309-1r, test_no=Novaseq X Plus-PE150, index_seq=GTCACACACT;CAAGTGCTTC
2026-06-14 21:03:32.396 | INFO     | __main__:_validate_balance_injection_lane_state:7079 - Lane DLG55_TMP 候选平衡文库 FDSW250185309-1r 注入校验失败: ['10bp Index占比26.4%低于40%要求']
2026-06-14 21:03:32.396 | INFO     | __main__:_materialize_balance_library_for_lane:7277 - Lane DLG55_TMP 尝试补平衡文库模板: sample_id=FDSW250185313-1r, test_no=Novaseq X Plus-PE150, index_seq=ATCGAATGCG;CGATATCTGC
2026-06-14 21:03:32.738 | INFO     | __main__:_validate_balance_injection_lane_state:7079 - Lane DLG55_TMP 候选平衡文库 FDSW250185313-1r 注入校验失败: ['10bp Index占比26.4%低于40%要求']
2026-06-14 21:03:32.738 | INFO     | __main__:_materialize_balance_library_for_lane:7277 - Lane DLG55_TMP 尝试补平衡文库模板: sample_id=FDSW250185316-1r, test_no=Novaseq X Plus-PE150, index_seq=TCATTGCACC;ATCGAAGCTC
2026-06-14 21:03:33.079 | INFO     | __main__:_validate_balance_injection_lane_state:7079 - Lane DLG55_TMP 候选平衡文库 FDSW250185316-1r 注入校验失败: ['10bp Index占比26.4%低于40%要求']
2026-06-14 21:03:34.006 | WARNING  | __main__:_materialize_balance_library_for_lane:7402 - Lane DLG55_TMP 平衡文库补充失败: 需补 107.232G，实验室=天津科技服务实验室，工序=Novaseq X Plus-PE150
2026-06-14 21:03:37.284 | INFO     | __main__:_materialize_balance_library_for_lane:7277 - Lane DLG55_TMP 尝试补平衡文库模板: sample_id=phix, test_no=Novaseq X Plus-PE150, index_seq=GGGGGGGGGG;ACCGAGATCT
2026-06-14 21:03:37.626 | INFO     | __main__:_validate_balance_injection_lane_state:7079 - Lane DLG55_TMP 候选平衡文库 phix 注入校验失败: ['10bp Index占比26.4%低于40%要求']
2026-06-14 21:03:37.626 | INFO     | __main__:_materialize_balance_library_for_lane:7277 - Lane DLG55_TMP 尝试补平衡文库模板: sample_id=FDSW250185295-1r, test_no=Novaseq X Plus-PE150, index_seq=AGCATCGAGT;AGCATCCTCA
2026-06-14 21:03:37.969 | INFO     | __main__:_validate_balance_injection_lane_state:7079 - Lane DLG55_TMP 候选平衡文库 FDSW250185295-1r 注入校验失败: ['10bp Index占比26.4%低于40%要求']
2026-06-14 21:03:37.969 | INFO     | __main__:_materialize_balance_library_for_lane:7277 - Lane DLG55_TMP 尝试补平衡文库模板: sample_id=FDSW250185296-1r, test_no=Novaseq X Plus-PE150, index_seq=CTCACACTGA;CTCACACATG
2026-06-14 21:03:38.312 | INFO     | __main__:_validate_balance_injection_lane_state:7079 - Lane DLG55_TMP 候选平衡文库 FDSW250185296-1r 注入校验失败: ['10bp Index占比26.4%低于40%要求']
2026-06-14 21:03:38.312 | INFO     | __main__:_materialize_balance_library_for_lane:7277 - Lane DLG55_TMP 尝试补平衡文库模板: sample_id=FDSW250185298-1r, test_no=Novaseq X Plus-PE150, index_seq=CCGACTAGAT;CCGACTAAGA
2026-06-14 21:03:38.653 | INFO     | __main__:_validate_balance_injection_lane_state:7079 - Lane DLG55_TMP 候选平衡文库 FDSW250185298-1r 注入校验失败: ['10bp Index占比26.4%低于40%要求']
2026-06-14 21:03:38.653 | INFO     | __main__:_materialize_balance_library_for_lane:7277 - Lane DLG55_TMP 尝试补平衡文库模板: sample_id=FDSW250185306-1r, test_no=Novaseq X Plus-PE150, index_seq=ACAGAGCGAT;GACTACTCAC
2026-06-14 21:03:38.994 | INFO     | __main__:_validate_balance_injection_lane_state:7079 - Lane DLG55_TMP 候选平衡文库 FDSW250185306-1r 注入校验失败: ['10bp Index占比26.4%低于40%要求']
2026-06-14 21:03:38.995 | INFO     | __main__:_materialize_balance_library_for_lane:7277 - Lane DLG55_TMP 尝试补平衡文库模板: sample_id=FDSW250185309-1r, test_no=Novaseq X Plus-PE150, index_seq=GTCACACACT;CAAGTGCTTC
2026-06-14 21:03:39.335 | INFO     | __main__:_validate_balance_injection_lane_state:7079 - Lane DLG55_TMP 候选平衡文库 FDSW250185309-1r 注入校验失败: ['10bp Index占比26.4%低于40%要求']
2026-06-14 21:03:39.335 | INFO     | __main__:_materialize_balance_library_for_lane:7277 - Lane DLG55_TMP 尝试补平衡文库模板: sample_id=FDSW250185313-1r, test_no=Novaseq X Plus-PE150, index_seq=ATCGAATGCG;CGATATCTGC
2026-06-14 21:03:39.678 | INFO     | __main__:_validate_balance_injection_lane_state:7079 - Lane DLG55_TMP 候选平衡文库 FDSW250185313-1r 注入校验失败: ['10bp Index占比26.4%低于40%要求']
2026-06-14 21:03:39.678 | INFO     | __main__:_materialize_balance_library_for_lane:7277 - Lane DLG55_TMP 尝试补平衡文库模板: sample_id=FDSW250185316-1r, test_no=Novaseq X Plus-PE150, index_seq=TCATTGCACC;ATCGAAGCTC
2026-06-14 21:03:40.028 | INFO     | __main__:_validate_balance_injection_lane_state:7079 - Lane DLG55_TMP 候选平衡文库 FDSW250185316-1r 注入校验失败: ['10bp Index占比26.4%低于40%要求']
2026-06-14 21:03:40.947 | WARNING  | __main__:_materialize_balance_library_for_lane:7402 - Lane DLG55_TMP 平衡文库补充失败: 需补 107.232G，实验室=天津科技服务实验室，工序=Novaseq X Plus-PE150
2026-06-14 21:03:44.217 | INFO     | __main__:_materialize_balance_library_for_lane:7277 - Lane DLG55_TMP 尝试补平衡文库模板: sample_id=phix, test_no=Novaseq X Plus-PE150, index_seq=GGGGGGGGGG;ACCGAGATCT
2026-06-14 21:03:44.558 | INFO     | __main__:_validate_balance_injection_lane_state:7079 - Lane DLG55_TMP 候选平衡文库 phix 注入校验失败: ['10bp Index占比26.4%低于40%要求']
2026-06-14 21:03:44.558 | INFO     | __main__:_materialize_balance_library_for_lane:7277 - Lane DLG55_TMP 尝试补平衡文库模板: sample_id=FDSW250185295-1r, test_no=Novaseq X Plus-PE150, index_seq=AGCATCGAGT;AGCATCCTCA
2026-06-14 21:03:44.900 | INFO     | __main__:_validate_balance_injection_lane_state:7079 - Lane DLG55_TMP 候选平衡文库 FDSW250185295-1r 注入校验失败: ['10bp Index占比26.4%低于40%要求']
2026-06-14 21:03:44.900 | INFO     | __main__:_materialize_balance_library_for_lane:7277 - Lane DLG55_TMP 尝试补平衡文库模板: sample_id=FDSW250185296-1r, test_no=Novaseq X Plus-PE150, index_seq=CTCACACTGA;CTCACACATG
2026-06-14 21:03:45.242 | INFO     | __main__:_validate_balance_injection_lane_state:7079 - Lane DLG55_TMP 候选平衡文库 FDSW250185296-1r 注入校验失败: ['10bp Index占比26.4%低于40%要求']
2026-06-14 21:03:45.242 | INFO     | __main__:_materialize_balance_library_for_lane:7277 - Lane DLG55_TMP 尝试补平衡文库模板: sample_id=FDSW250185298-1r, test_no=Novaseq X Plus-PE150, index_seq=CCGACTAGAT;CCGACTAAGA
2026-06-14 21:03:45.583 | INFO     | __main__:_validate_balance_injection_lane_state:7079 - Lane DLG55_TMP 候选平衡文库 FDSW250185298-1r 注入校验失败: ['10bp Index占比26.4%低于40%要求']
2026-06-14 21:03:45.583 | INFO     | __main__:_materialize_balance_library_for_lane:7277 - Lane DLG55_TMP 尝试补平衡文库模板: sample_id=FDSW250185306-1r, test_no=Novaseq X Plus-PE150, index_seq=ACAGAGCGAT;GACTACTCAC
2026-06-14 21:03:45.924 | INFO     | __main__:_validate_balance_injection_lane_state:7079 - Lane DLG55_TMP 候选平衡文库 FDSW250185306-1r 注入校验失败: ['10bp Index占比26.4%低于40%要求']
2026-06-14 21:03:45.924 | INFO     | __main__:_materialize_balance_library_for_lane:7277 - Lane DLG55_TMP 尝试补平衡文库模板: sample_id=FDSW250185309-1r, test_no=Novaseq X Plus-PE150, index_seq=GTCACACACT;CAAGTGCTTC
2026-06-14 21:03:46.277 | INFO     | __main__:_validate_balance_injection_lane_state:7079 - Lane DLG55_TMP 候选平衡文库 FDSW250185309-1r 注入校验失败: ['10bp Index占比26.4%低于40%要求']
2026-06-14 21:03:46.277 | INFO     | __main__:_materialize_balance_library_for_lane:7277 - Lane DLG55_TMP 尝试补平衡文库模板: sample_id=FDSW250185313-1r, test_no=Novaseq X Plus-PE150, index_seq=ATCGAATGCG;CGATATCTGC
2026-06-14 21:03:46.618 | INFO     | __main__:_validate_balance_injection_lane_state:7079 - Lane DLG55_TMP 候选平衡文库 FDSW250185313-1r 注入校验失败: ['10bp Index占比26.4%低于40%要求']
2026-06-14 21:03:46.618 | INFO     | __main__:_materialize_balance_library_for_lane:7277 - Lane DLG55_TMP 尝试补平衡文库模板: sample_id=FDSW250185316-1r, test_no=Novaseq X Plus-PE150, index_seq=TCATTGCACC;ATCGAAGCTC
2026-06-14 21:03:46.960 | INFO     | __main__:_validate_balance_injection_lane_state:7079 - Lane DLG55_TMP 候选平衡文库 FDSW250185316-1r 注入校验失败: ['10bp Index占比26.4%低于40%要求']
2026-06-14 21:03:47.865 | WARNING  | __main__:_materialize_balance_library_for_lane:7402 - Lane DLG55_TMP 平衡文库补充失败: 需补 107.232G，实验室=天津科技服务实验室，工序=Novaseq X Plus-PE150
2026-06-14 21:03:51.141 | INFO     | __main__:_materialize_balance_library_for_lane:7277 - Lane DLG55_TMP 尝试补平衡文库模板: sample_id=phix, test_no=Novaseq X Plus-PE150, index_seq=GGGGGGGGGG;ACCGAGATCT
2026-06-14 21:03:51.481 | INFO     | __main__:_validate_balance_injection_lane_state:7079 - Lane DLG55_TMP 候选平衡文库 phix 注入校验失败: ['10bp Index占比26.4%低于40%要求']
2026-06-14 21:03:51.481 | INFO     | __main__:_materialize_balance_library_for_lane:7277 - Lane DLG55_TMP 尝试补平衡文库模板: sample_id=FDSW250185295-1r, test_no=Novaseq X Plus-PE150, index_seq=AGCATCGAGT;AGCATCCTCA
2026-06-14 21:03:51.827 | INFO     | __main__:_validate_balance_injection_lane_state:7079 - Lane DLG55_TMP 候选平衡文库 FDSW250185295-1r 注入校验失败: ['10bp Index占比26.4%低于40%要求']
2026-06-14 21:03:51.827 | INFO     | __main__:_materialize_balance_library_for_lane:7277 - Lane DLG55_TMP 尝试补平衡文库模板: sample_id=FDSW250185296-1r, test_no=Novaseq X Plus-PE150, index_seq=CTCACACTGA;CTCACACATG
2026-06-14 21:03:52.168 | INFO     | __main__:_validate_balance_injection_lane_state:7079 - Lane DLG55_TMP 候选平衡文库 FDSW250185296-1r 注入校验失败: ['10bp Index占比26.4%低于40%要求']
2026-06-14 21:03:52.168 | INFO     | __main__:_materialize_balance_library_for_lane:7277 - Lane DLG55_TMP 尝试补平衡文库模板: sample_id=FDSW250185298-1r, test_no=Novaseq X Plus-PE150, index_seq=CCGACTAGAT;CCGACTAAGA
2026-06-14 21:03:52.511 | INFO     | __main__:_validate_balance_injection_lane_state:7079 - Lane DLG55_TMP 候选平衡文库 FDSW250185298-1r 注入校验失败: ['10bp Index占比26.4%低于40%要求']
2026-06-14 21:03:52.511 | INFO     | __main__:_materialize_balance_library_for_lane:7277 - Lane DLG55_TMP 尝试补平衡文库模板: sample_id=FDSW250185306-1r, test_no=Novaseq X Plus-PE150, index_seq=ACAGAGCGAT;GACTACTCAC
2026-06-14 21:03:52.852 | INFO     | __main__:_validate_balance_injection_lane_state:7079 - Lane DLG55_TMP 候选平衡文库 FDSW250185306-1r 注入校验失败: ['10bp Index占比26.4%低于40%要求']
2026-06-14 21:03:52.852 | INFO     | __main__:_materialize_balance_library_for_lane:7277 - Lane DLG55_TMP 尝试补平衡文库模板: sample_id=FDSW250185309-1r, test_no=Novaseq X Plus-PE150, index_seq=GTCACACACT;CAAGTGCTTC
2026-06-14 21:03:53.198 | INFO     | __main__:_validate_balance_injection_lane_state:7079 - Lane DLG55_TMP 候选平衡文库 FDSW250185309-1r 注入校验失败: ['10bp Index占比26.4%低于40%要求']
2026-06-14 21:03:53.198 | INFO     | __main__:_materialize_balance_library_for_lane:7277 - Lane DLG55_TMP 尝试补平衡文库模板: sample_id=FDSW250185313-1r, test_no=Novaseq X Plus-PE150, index_seq=ATCGAATGCG;CGATATCTGC
2026-06-14 21:03:53.540 | INFO     | __main__:_validate_balance_injection_lane_state:7079 - Lane DLG55_TMP 候选平衡文库 FDSW250185313-1r 注入校验失败: ['10bp Index占比26.4%低于40%要求']
2026-06-14 21:03:53.540 | INFO     | __main__:_materialize_balance_library_for_lane:7277 - Lane DLG55_TMP 尝试补平衡文库模板: sample_id=FDSW250185316-1r, test_no=Novaseq X Plus-PE150, index_seq=TCATTGCACC;ATCGAAGCTC
2026-06-14 21:03:53.881 | INFO     | __main__:_validate_balance_injection_lane_state:7079 - Lane DLG55_TMP 候选平衡文库 FDSW250185316-1r 注入校验失败: ['10bp Index占比26.4%低于40%要求']
2026-06-14 21:03:54.789 | WARNING  | __main__:_materialize_balance_library_for_lane:7402 - Lane DLG55_TMP 平衡文库补充失败: 需补 107.232G，实验室=天津科技服务实验室，工序=Novaseq X Plus-PE150
2026-06-14 21:03:58.069 | INFO     | __main__:_materialize_balance_library_for_lane:7277 - Lane DLG55_TMP 尝试补平衡文库模板: sample_id=phix, test_no=Novaseq X Plus-PE150, index_seq=GGGGGGGGGG;ACCGAGATCT
2026-06-14 21:03:58.410 | INFO     | __main__:_validate_balance_injection_lane_state:7079 - Lane DLG55_TMP 候选平衡文库 phix 注入校验失败: ['10bp Index占比26.4%低于40%要求']
2026-06-14 21:03:58.410 | INFO     | __main__:_materialize_balance_library_for_lane:7277 - Lane DLG55_TMP 尝试补平衡文库模板: sample_id=FDSW250185295-1r, test_no=Novaseq X Plus-PE150, index_seq=AGCATCGAGT;AGCATCCTCA
2026-06-14 21:03:58.759 | INFO     | __main__:_validate_balance_injection_lane_state:7079 - Lane DLG55_TMP 候选平衡文库 FDSW250185295-1r 注入校验失败: ['10bp Index占比26.4%低于40%要求']
2026-06-14 21:03:58.759 | INFO     | __main__:_materialize_balance_library_for_lane:7277 - Lane DLG55_TMP 尝试补平衡文库模板: sample_id=FDSW250185296-1r, test_no=Novaseq X Plus-PE150, index_seq=CTCACACTGA;CTCACACATG
2026-06-14 21:03:59.108 | INFO     | __main__:_validate_balance_injection_lane_state:7079 - Lane DLG55_TMP 候选平衡文库 FDSW250185296-1r 注入校验失败: ['10bp Index占比26.4%低于40%要求']
2026-06-14 21:03:59.108 | INFO     | __main__:_materialize_balance_library_for_lane:7277 - Lane DLG55_TMP 尝试补平衡文库模板: sample_id=FDSW250185298-1r, test_no=Novaseq X Plus-PE150, index_seq=CCGACTAGAT;CCGACTAAGA
2026-06-14 21:03:59.455 | INFO     | __main__:_validate_balance_injection_lane_state:7079 - Lane DLG55_TMP 候选平衡文库 FDSW250185298-1r 注入校验失败: ['10bp Index占比26.4%低于40%要求']
2026-06-14 21:03:59.455 | INFO     | __main__:_materialize_balance_library_for_lane:7277 - Lane DLG55_TMP 尝试补平衡文库模板: sample_id=FDSW250185306-1r, test_no=Novaseq X Plus-PE150, index_seq=ACAGAGCGAT;GACTACTCAC
2026-06-14 21:03:59.796 | INFO     | __main__:_validate_balance_injection_lane_state:7079 - Lane DLG55_TMP 候选平衡文库 FDSW250185306-1r 注入校验失败: ['10bp Index占比26.4%低于40%要求']
2026-06-14 21:03:59.796 | INFO     | __main__:_materialize_balance_library_for_lane:7277 - Lane DLG55_TMP 尝试补平衡文库模板: sample_id=FDSW250185309-1r, test_no=Novaseq X Plus-PE150, index_seq=GTCACACACT;CAAGTGCTTC
2026-06-14 21:04:00.136 | INFO     | __main__:_validate_balance_injection_lane_state:7079 - Lane DLG55_TMP 候选平衡文库 FDSW250185309-1r 注入校验失败: ['10bp Index占比26.4%低于40%要求']
2026-06-14 21:04:00.136 | INFO     | __main__:_materialize_balance_library_for_lane:7277 - Lane DLG55_TMP 尝试补平衡文库模板: sample_id=FDSW250185313-1r, test_no=Novaseq X Plus-PE150, index_seq=ATCGAATGCG;CGATATCTGC
2026-06-14 21:04:00.478 | INFO     | __main__:_validate_balance_injection_lane_state:7079 - Lane DLG55_TMP 候选平衡文库 FDSW250185313-1r 注入校验失败: ['10bp Index占比26.4%低于40%要求']
2026-06-14 21:04:00.478 | INFO     | __main__:_materialize_balance_library_for_lane:7277 - Lane DLG55_TMP 尝试补平衡文库模板: sample_id=FDSW250185316-1r, test_no=Novaseq X Plus-PE150, index_seq=TCATTGCACC;ATCGAAGCTC
2026-06-14 21:04:00.819 | INFO     | __main__:_validate_balance_injection_lane_state:7079 - Lane DLG55_TMP 候选平衡文库 FDSW250185316-1r 注入校验失败: ['10bp Index占比26.4%低于40%要求']
2026-06-14 21:04:01.730 | WARNING  | __main__:_materialize_balance_library_for_lane:7402 - Lane DLG55_TMP 平衡文库补充失败: 需补 107.232G，实验室=天津科技服务实验室，工序=Novaseq X Plus-PE150
2026-06-14 21:04:05.014 | INFO     | __main__:_materialize_balance_library_for_lane:7277 - Lane DLG55_TMP 尝试补平衡文库模板: sample_id=phix, test_no=Novaseq X Plus-PE150, index_seq=GGGGGGGGGG;ACCGAGATCT
2026-06-14 21:04:05.355 | INFO     | __main__:_validate_balance_injection_lane_state:7079 - Lane DLG55_TMP 候选平衡文库 phix 注入校验失败: ['10bp Index占比26.4%低于40%要求']
2026-06-14 21:04:05.355 | INFO     | __main__:_materialize_balance_library_for_lane:7277 - Lane DLG55_TMP 尝试补平衡文库模板: sample_id=FDSW250185295-1r, test_no=Novaseq X Plus-PE150, index_seq=AGCATCGAGT;AGCATCCTCA
2026-06-14 21:04:05.696 | INFO     | __main__:_validate_balance_injection_lane_state:7079 - Lane DLG55_TMP 候选平衡文库 FDSW250185295-1r 注入校验失败: ['10bp Index占比26.4%低于40%要求']
2026-06-14 21:04:05.696 | INFO     | __main__:_materialize_balance_library_for_lane:7277 - Lane DLG55_TMP 尝试补平衡文库模板: sample_id=FDSW250185296-1r, test_no=Novaseq X Plus-PE150, index_seq=CTCACACTGA;CTCACACATG
2026-06-14 21:04:06.037 | INFO     | __main__:_validate_balance_injection_lane_state:7079 - Lane DLG55_TMP 候选平衡文库 FDSW250185296-1r 注入校验失败: ['10bp Index占比26.4%低于40%要求']
2026-06-14 21:04:06.037 | INFO     | __main__:_materialize_balance_library_for_lane:7277 - Lane DLG55_TMP 尝试补平衡文库模板: sample_id=FDSW250185298-1r, test_no=Novaseq X Plus-PE150, index_seq=CCGACTAGAT;CCGACTAAGA
2026-06-14 21:04:06.379 | INFO     | __main__:_validate_balance_injection_lane_state:7079 - Lane DLG55_TMP 候选平衡文库 FDSW250185298-1r 注入校验失败: ['10bp Index占比26.4%低于40%要求']
2026-06-14 21:04:06.379 | INFO     | __main__:_materialize_balance_library_for_lane:7277 - Lane DLG55_TMP 尝试补平衡文库模板: sample_id=FDSW250185306-1r, test_no=Novaseq X Plus-PE150, index_seq=ACAGAGCGAT;GACTACTCAC
2026-06-14 21:04:06.720 | INFO     | __main__:_validate_balance_injection_lane_state:7079 - Lane DLG55_TMP 候选平衡文库 FDSW250185306-1r 注入校验失败: ['10bp Index占比26.4%低于40%要求']
2026-06-14 21:04:06.720 | INFO     | __main__:_materialize_balance_library_for_lane:7277 - Lane DLG55_TMP 尝试补平衡文库模板: sample_id=FDSW250185309-1r, test_no=Novaseq X Plus-PE150, index_seq=GTCACACACT;CAAGTGCTTC
2026-06-14 21:04:07.062 | INFO     | __main__:_validate_balance_injection_lane_state:7079 - Lane DLG55_TMP 候选平衡文库 FDSW250185309-1r 注入校验失败: ['10bp Index占比26.4%低于40%要求']
2026-06-14 21:04:07.063 | INFO     | __main__:_materialize_balance_library_for_lane:7277 - Lane DLG55_TMP 尝试补平衡文库模板: sample_id=FDSW250185313-1r, test_no=Novaseq X Plus-PE150, index_seq=ATCGAATGCG;CGATATCTGC
2026-06-14 21:04:07.404 | INFO     | __main__:_validate_balance_injection_lane_state:7079 - Lane DLG55_TMP 候选平衡文库 FDSW250185313-1r 注入校验失败: ['10bp Index占比26.4%低于40%要求']
2026-06-14 21:04:07.404 | INFO     | __main__:_materialize_balance_library_for_lane:7277 - Lane DLG55_TMP 尝试补平衡文库模板: sample_id=FDSW250185316-1r, test_no=Novaseq X Plus-PE150, index_seq=TCATTGCACC;ATCGAAGCTC
2026-06-14 21:04:07.747 | INFO     | __main__:_validate_balance_injection_lane_state:7079 - Lane DLG55_TMP 候选平衡文库 FDSW250185316-1r 注入校验失败: ['10bp Index占比26.4%低于40%要求']
2026-06-14 21:04:08.652 | WARNING  | __main__:_materialize_balance_library_for_lane:7402 - Lane DLG55_TMP 平衡文库补充失败: 需补 107.232G，实验室=天津科技服务实验室，工序=Novaseq X Plus-PE150
2026-06-14 21:04:11.947 | INFO     | __main__:_materialize_balance_library_for_lane:7277 - Lane DLG55_TMP 尝试补平衡文库模板: sample_id=phix, test_no=Novaseq X Plus-PE150, index_seq=GGGGGGGGGG;ACCGAGATCT
2026-06-14 21:04:12.291 | INFO     | __main__:_validate_balance_injection_lane_state:7079 - Lane DLG55_TMP 候选平衡文库 phix 注入校验失败: ['10bp Index占比26.5%低于40%要求']
2026-06-14 21:04:12.291 | INFO     | __main__:_materialize_balance_library_for_lane:7277 - Lane DLG55_TMP 尝试补平衡文库模板: sample_id=FDSW250185295-1r, test_no=Novaseq X Plus-PE150, index_seq=AGCATCGAGT;AGCATCCTCA
2026-06-14 21:04:12.635 | INFO     | __main__:_validate_balance_injection_lane_state:7079 - Lane DLG55_TMP 候选平衡文库 FDSW250185295-1r 注入校验失败: ['10bp Index占比26.5%低于40%要求']
2026-06-14 21:04:12.635 | INFO     | __main__:_materialize_balance_library_for_lane:7277 - Lane DLG55_TMP 尝试补平衡文库模板: sample_id=FDSW250185296-1r, test_no=Novaseq X Plus-PE150, index_seq=CTCACACTGA;CTCACACATG
2026-06-14 21:04:12.979 | INFO     | __main__:_validate_balance_injection_lane_state:7079 - Lane DLG55_TMP 候选平衡文库 FDSW250185296-1r 注入校验失败: ['10bp Index占比26.5%低于40%要求']
2026-06-14 21:04:12.979 | INFO     | __main__:_materialize_balance_library_for_lane:7277 - Lane DLG55_TMP 尝试补平衡文库模板: sample_id=FDSW250185298-1r, test_no=Novaseq X Plus-PE150, index_seq=CCGACTAGAT;CCGACTAAGA
2026-06-14 21:04:13.323 | INFO     | __main__:_validate_balance_injection_lane_state:7079 - Lane DLG55_TMP 候选平衡文库 FDSW250185298-1r 注入校验失败: ['10bp Index占比26.5%低于40%要求']
2026-06-14 21:04:13.323 | INFO     | __main__:_materialize_balance_library_for_lane:7277 - Lane DLG55_TMP 尝试补平衡文库模板: sample_id=FDSW250185306-1r, test_no=Novaseq X Plus-PE150, index_seq=ACAGAGCGAT;GACTACTCAC
2026-06-14 21:04:13.666 | INFO     | __main__:_validate_balance_injection_lane_state:7079 - Lane DLG55_TMP 候选平衡文库 FDSW250185306-1r 注入校验失败: ['10bp Index占比26.5%低于40%要求']
2026-06-14 21:04:13.667 | INFO     | __main__:_materialize_balance_library_for_lane:7277 - Lane DLG55_TMP 尝试补平衡文库模板: sample_id=FDSW250185309-1r, test_no=Novaseq X Plus-PE150, index_seq=GTCACACACT;CAAGTGCTTC
2026-06-14 21:04:14.010 | INFO     | __main__:_validate_balance_injection_lane_state:7079 - Lane DLG55_TMP 候选平衡文库 FDSW250185309-1r 注入校验失败: ['10bp Index占比26.5%低于40%要求']
2026-06-14 21:04:14.010 | INFO     | __main__:_materialize_balance_library_for_lane:7277 - Lane DLG55_TMP 尝试补平衡文库模板: sample_id=FDSW250185313-1r, test_no=Novaseq X Plus-PE150, index_seq=ATCGAATGCG;CGATATCTGC
2026-06-14 21:04:14.353 | INFO     | __main__:_validate_balance_injection_lane_state:7079 - Lane DLG55_TMP 候选平衡文库 FDSW250185313-1r 注入校验失败: ['10bp Index占比26.5%低于40%要求']
2026-06-14 21:04:14.354 | INFO     | __main__:_materialize_balance_library_for_lane:7277 - Lane DLG55_TMP 尝试补平衡文库模板: sample_id=FDSW250185316-1r, test_no=Novaseq X Plus-PE150, index_seq=TCATTGCACC;ATCGAAGCTC
2026-06-14 21:04:14.697 | INFO     | __main__:_validate_balance_injection_lane_state:7079 - Lane DLG55_TMP 候选平衡文库 FDSW250185316-1r 注入校验失败: ['10bp Index占比26.5%低于40%要求']
2026-06-14 21:04:15.609 | WARNING  | __main__:_materialize_balance_library_for_lane:7402 - Lane DLG55_TMP 平衡文库补充失败: 需补 107.284G，实验室=天津科技服务实验室，工序=Novaseq X Plus-PE150
2026-06-14 21:04:18.908 | INFO     | __main__:_materialize_balance_library_for_lane:7277 - Lane DLG55_TMP 尝试补平衡文库模板: sample_id=phix, test_no=Novaseq X Plus-PE150, index_seq=GGGGGGGGGG;ACCGAGATCT
2026-06-14 21:04:19.251 | INFO     | __main__:_validate_balance_injection_lane_state:7079 - Lane DLG55_TMP 候选平衡文库 phix 注入校验失败: ['10bp Index占比26.5%低于40%要求']
2026-06-14 21:04:19.252 | INFO     | __main__:_materialize_balance_library_for_lane:7277 - Lane DLG55_TMP 尝试补平衡文库模板: sample_id=FDSW250185295-1r, test_no=Novaseq X Plus-PE150, index_seq=AGCATCGAGT;AGCATCCTCA
2026-06-14 21:04:19.594 | INFO     | __main__:_validate_balance_injection_lane_state:7079 - Lane DLG55_TMP 候选平衡文库 FDSW250185295-1r 注入校验失败: ['10bp Index占比26.5%低于40%要求']
2026-06-14 21:04:19.595 | INFO     | __main__:_materialize_balance_library_for_lane:7277 - Lane DLG55_TMP 尝试补平衡文库模板: sample_id=FDSW250185296-1r, test_no=Novaseq X Plus-PE150, index_seq=CTCACACTGA;CTCACACATG
2026-06-14 21:04:19.937 | INFO     | __main__:_validate_balance_injection_lane_state:7079 - Lane DLG55_TMP 候选平衡文库 FDSW250185296-1r 注入校验失败: ['10bp Index占比26.5%低于40%要求']
2026-06-14 21:04:19.937 | INFO     | __main__:_materialize_balance_library_for_lane:7277 - Lane DLG55_TMP 尝试补平衡文库模板: sample_id=FDSW250185298-1r, test_no=Novaseq X Plus-PE150, index_seq=CCGACTAGAT;CCGACTAAGA
2026-06-14 21:04:20.279 | INFO     | __main__:_validate_balance_injection_lane_state:7079 - Lane DLG55_TMP 候选平衡文库 FDSW250185298-1r 注入校验失败: ['10bp Index占比26.5%低于40%要求']
2026-06-14 21:04:20.279 | INFO     | __main__:_materialize_balance_library_for_lane:7277 - Lane DLG55_TMP 尝试补平衡文库模板: sample_id=FDSW250185306-1r, test_no=Novaseq X Plus-PE150, index_seq=ACAGAGCGAT;GACTACTCAC
2026-06-14 21:04:20.624 | INFO     | __main__:_validate_balance_injection_lane_state:7079 - Lane DLG55_TMP 候选平衡文库 FDSW250185306-1r 注入校验失败: ['10bp Index占比26.5%低于40%要求']
2026-06-14 21:04:20.624 | INFO     | __main__:_materialize_balance_library_for_lane:7277 - Lane DLG55_TMP 尝试补平衡文库模板: sample_id=FDSW250185309-1r, test_no=Novaseq X Plus-PE150, index_seq=GTCACACACT;CAAGTGCTTC
2026-06-14 21:04:20.969 | INFO     | __main__:_validate_balance_injection_lane_state:7079 - Lane DLG55_TMP 候选平衡文库 FDSW250185309-1r 注入校验失败: ['10bp Index占比26.5%低于40%要求']
2026-06-14 21:04:20.970 | INFO     | __main__:_materialize_balance_library_for_lane:7277 - Lane DLG55_TMP 尝试补平衡文库模板: sample_id=FDSW250185313-1r, test_no=Novaseq X Plus-PE150, index_seq=ATCGAATGCG;CGATATCTGC
2026-06-14 21:04:21.312 | INFO     | __main__:_validate_balance_injection_lane_state:7079 - Lane DLG55_TMP 候选平衡文库 FDSW250185313-1r 注入校验失败: ['10bp Index占比26.5%低于40%要求']
2026-06-14 21:04:21.312 | INFO     | __main__:_materialize_balance_library_for_lane:7277 - Lane DLG55_TMP 尝试补平衡文库模板: sample_id=FDSW250185316-1r, test_no=Novaseq X Plus-PE150, index_seq=TCATTGCACC;ATCGAAGCTC
2026-06-14 21:04:21.654 | INFO     | __main__:_validate_balance_injection_lane_state:7079 - Lane DLG55_TMP 候选平衡文库 FDSW250185316-1r 注入校验失败: ['10bp Index占比26.5%低于40%要求']
2026-06-14 21:04:22.564 | WARNING  | __main__:_materialize_balance_library_for_lane:7402 - Lane DLG55_TMP 平衡文库补充失败: 需补 107.284G，实验室=天津科技服务实验室，工序=Novaseq X Plus-PE150
2026-06-14 21:04:25.859 | INFO     | __main__:_materialize_balance_library_for_lane:7277 - Lane DLG55_TMP 尝试补平衡文库模板: sample_id=phix, test_no=Novaseq X Plus-PE150, index_seq=GGGGGGGGGG;ACCGAGATCT
2026-06-14 21:04:26.203 | INFO     | __main__:_validate_balance_injection_lane_state:7079 - Lane DLG55_TMP 候选平衡文库 phix 注入校验失败: ['10bp Index占比26.5%低于40%要求']
2026-06-14 21:04:26.203 | INFO     | __main__:_materialize_balance_library_for_lane:7277 - Lane DLG55_TMP 尝试补平衡文库模板: sample_id=FDSW250185295-1r, test_no=Novaseq X Plus-PE150, index_seq=AGCATCGAGT;AGCATCCTCA
2026-06-14 21:04:26.547 | INFO     | __main__:_validate_balance_injection_lane_state:7079 - Lane DLG55_TMP 候选平衡文库 FDSW250185295-1r 注入校验失败: ['10bp Index占比26.5%低于40%要求']
2026-06-14 21:04:26.547 | INFO     | __main__:_materialize_balance_library_for_lane:7277 - Lane DLG55_TMP 尝试补平衡文库模板: sample_id=FDSW250185296-1r, test_no=Novaseq X Plus-PE150, index_seq=CTCACACTGA;CTCACACATG
2026-06-14 21:04:26.891 | INFO     | __main__:_validate_balance_injection_lane_state:7079 - Lane DLG55_TMP 候选平衡文库 FDSW250185296-1r 注入校验失败: ['10bp Index占比26.5%低于40%要求']
2026-06-14 21:04:26.891 | INFO     | __main__:_materialize_balance_library_for_lane:7277 - Lane DLG55_TMP 尝试补平衡文库模板: sample_id=FDSW250185298-1r, test_no=Novaseq X Plus-PE150, index_seq=CCGACTAGAT;CCGACTAAGA
2026-06-14 21:04:27.233 | INFO     | __main__:_validate_balance_injection_lane_state:7079 - Lane DLG55_TMP 候选平衡文库 FDSW250185298-1r 注入校验失败: ['10bp Index占比26.5%低于40%要求']
2026-06-14 21:04:27.233 | INFO     | __main__:_materialize_balance_library_for_lane:7277 - Lane DLG55_TMP 尝试补平衡文库模板: sample_id=FDSW250185306-1r, test_no=Novaseq X Plus-PE150, index_seq=ACAGAGCGAT;GACTACTCAC
2026-06-14 21:04:27.577 | INFO     | __main__:_validate_balance_injection_lane_state:7079 - Lane DLG55_TMP 候选平衡文库 FDSW250185306-1r 注入校验失败: ['10bp Index占比26.5%低于40%要求']
2026-06-14 21:04:27.577 | INFO     | __main__:_materialize_balance_library_for_lane:7277 - Lane DLG55_TMP 尝试补平衡文库模板: sample_id=FDSW250185309-1r, test_no=Novaseq X Plus-PE150, index_seq=GTCACACACT;CAAGTGCTTC
2026-06-14 21:04:27.921 | INFO     | __main__:_validate_balance_injection_lane_state:7079 - Lane DLG55_TMP 候选平衡文库 FDSW250185309-1r 注入校验失败: ['10bp Index占比26.5%低于40%要求']
2026-06-14 21:04:27.921 | INFO     | __main__:_materialize_balance_library_for_lane:7277 - Lane DLG55_TMP 尝试补平衡文库模板: sample_id=FDSW250185313-1r, test_no=Novaseq X Plus-PE150, index_seq=ATCGAATGCG;CGATATCTGC
2026-06-14 21:04:28.265 | INFO     | __main__:_validate_balance_injection_lane_state:7079 - Lane DLG55_TMP 候选平衡文库 FDSW250185313-1r 注入校验失败: ['10bp Index占比26.5%低于40%要求']
2026-06-14 21:04:28.265 | INFO     | __main__:_materialize_balance_library_for_lane:7277 - Lane DLG55_TMP 尝试补平衡文库模板: sample_id=FDSW250185316-1r, test_no=Novaseq X Plus-PE150, index_seq=TCATTGCACC;ATCGAAGCTC
2026-06-14 21:04:28.608 | INFO     | __main__:_validate_balance_injection_lane_state:7079 - Lane DLG55_TMP 候选平衡文库 FDSW250185316-1r 注入校验失败: ['10bp Index占比26.5%低于40%要求']
2026-06-14 21:04:29.528 | WARNING  | __main__:_materialize_balance_library_for_lane:7402 - Lane DLG55_TMP 平衡文库补充失败: 需补 107.284G，实验室=天津科技服务实验室，工序=Novaseq X Plus-PE150
2026-06-14 21:04:32.826 | INFO     | __main__:_materialize_balance_library_for_lane:7277 - Lane DLG55_TMP 尝试补平衡文库模板: sample_id=phix, test_no=Novaseq X Plus-PE150, index_seq=GGGGGGGGGG;ACCGAGATCT
2026-06-14 21:04:33.171 | INFO     | __main__:_validate_balance_injection_lane_state:7079 - Lane DLG55_TMP 候选平衡文库 phix 注入校验失败: ['10bp Index占比26.5%低于40%要求']
2026-06-14 21:04:33.171 | INFO     | __main__:_materialize_balance_library_for_lane:7277 - Lane DLG55_TMP 尝试补平衡文库模板: sample_id=FDSW250185295-1r, test_no=Novaseq X Plus-PE150, index_seq=AGCATCGAGT;AGCATCCTCA
2026-06-14 21:04:33.515 | INFO     | __main__:_validate_balance_injection_lane_state:7079 - Lane DLG55_TMP 候选平衡文库 FDSW250185295-1r 注入校验失败: ['10bp Index占比26.5%低于40%要求']
2026-06-14 21:04:33.515 | INFO     | __main__:_materialize_balance_library_for_lane:7277 - Lane DLG55_TMP 尝试补平衡文库模板: sample_id=FDSW250185296-1r, test_no=Novaseq X Plus-PE150, index_seq=CTCACACTGA;CTCACACATG
2026-06-14 21:04:33.859 | INFO     | __main__:_validate_balance_injection_lane_state:7079 - Lane DLG55_TMP 候选平衡文库 FDSW250185296-1r 注入校验失败: ['10bp Index占比26.5%低于40%要求']
2026-06-14 21:04:33.859 | INFO     | __main__:_materialize_balance_library_for_lane:7277 - Lane DLG55_TMP 尝试补平衡文库模板: sample_id=FDSW250185298-1r, test_no=Novaseq X Plus-PE150, index_seq=CCGACTAGAT;CCGACTAAGA
2026-06-14 21:04:34.203 | INFO     | __main__:_validate_balance_injection_lane_state:7079 - Lane DLG55_TMP 候选平衡文库 FDSW250185298-1r 注入校验失败: ['10bp Index占比26.5%低于40%要求']
2026-06-14 21:04:34.203 | INFO     | __main__:_materialize_balance_library_for_lane:7277 - Lane DLG55_TMP 尝试补平衡文库模板: sample_id=FDSW250185306-1r, test_no=Novaseq X Plus-PE150, index_seq=ACAGAGCGAT;GACTACTCAC
2026-06-14 21:04:34.551 | INFO     | __main__:_validate_balance_injection_lane_state:7079 - Lane DLG55_TMP 候选平衡文库 FDSW250185306-1r 注入校验失败: ['10bp Index占比26.5%低于40%要求']
2026-06-14 21:04:34.551 | INFO     | __main__:_materialize_balance_library_for_lane:7277 - Lane DLG55_TMP 尝试补平衡文库模板: sample_id=FDSW250185309-1r, test_no=Novaseq X Plus-PE150, index_seq=GTCACACACT;CAAGTGCTTC
2026-06-14 21:04:34.895 | INFO     | __main__:_validate_balance_injection_lane_state:7079 - Lane DLG55_TMP 候选平衡文库 FDSW250185309-1r 注入校验失败: ['10bp Index占比26.5%低于40%要求']
2026-06-14 21:04:34.895 | INFO     | __main__:_materialize_balance_library_for_lane:7277 - Lane DLG55_TMP 尝试补平衡文库模板: sample_id=FDSW250185313-1r, test_no=Novaseq X Plus-PE150, index_seq=ATCGAATGCG;CGATATCTGC
2026-06-14 21:04:35.239 | INFO     | __main__:_validate_balance_injection_lane_state:7079 - Lane DLG55_TMP 候选平衡文库 FDSW250185313-1r 注入校验失败: ['10bp Index占比26.5%低于40%要求']
2026-06-14 21:04:35.239 | INFO     | __main__:_materialize_balance_library_for_lane:7277 - Lane DLG55_TMP 尝试补平衡文库模板: sample_id=FDSW250185316-1r, test_no=Novaseq X Plus-PE150, index_seq=TCATTGCACC;ATCGAAGCTC
2026-06-14 21:04:35.583 | INFO     | __main__:_validate_balance_injection_lane_state:7079 - Lane DLG55_TMP 候选平衡文库 FDSW250185316-1r 注入校验失败: ['10bp Index占比26.5%低于40%要求']
2026-06-14 21:04:36.496 | WARNING  | __main__:_materialize_balance_library_for_lane:7402 - Lane DLG55_TMP 平衡文库补充失败: 需补 107.284G，实验室=天津科技服务实验室，工序=Novaseq X Plus-PE150
2026-06-14 21:04:39.794 | INFO     | __main__:_materialize_balance_library_for_lane:7277 - Lane DLG55_TMP 尝试补平衡文库模板: sample_id=phix, test_no=Novaseq X Plus-PE150, index_seq=GGGGGGGGGG;ACCGAGATCT
2026-06-14 21:04:40.138 | INFO     | __main__:_validate_balance_injection_lane_state:7079 - Lane DLG55_TMP 候选平衡文库 phix 注入校验失败: ['10bp Index占比26.5%低于40%要求']
2026-06-14 21:04:40.138 | INFO     | __main__:_materialize_balance_library_for_lane:7277 - Lane DLG55_TMP 尝试补平衡文库模板: sample_id=FDSW250185295-1r, test_no=Novaseq X Plus-PE150, index_seq=AGCATCGAGT;AGCATCCTCA
2026-06-14 21:04:40.480 | INFO     | __main__:_validate_balance_injection_lane_state:7079 - Lane DLG55_TMP 候选平衡文库 FDSW250185295-1r 注入校验失败: ['10bp Index占比26.5%低于40%要求']
2026-06-14 21:04:40.480 | INFO     | __main__:_materialize_balance_library_for_lane:7277 - Lane DLG55_TMP 尝试补平衡文库模板: sample_id=FDSW250185296-1r, test_no=Novaseq X Plus-PE150, index_seq=CTCACACTGA;CTCACACATG
2026-06-14 21:04:40.824 | INFO     | __main__:_validate_balance_injection_lane_state:7079 - Lane DLG55_TMP 候选平衡文库 FDSW250185296-1r 注入校验失败: ['10bp Index占比26.5%低于40%要求']
2026-06-14 21:04:40.824 | INFO     | __main__:_materialize_balance_library_for_lane:7277 - Lane DLG55_TMP 尝试补平衡文库模板: sample_id=FDSW250185298-1r, test_no=Novaseq X Plus-PE150, index_seq=CCGACTAGAT;CCGACTAAGA
2026-06-14 21:04:41.167 | INFO     | __main__:_validate_balance_injection_lane_state:7079 - Lane DLG55_TMP 候选平衡文库 FDSW250185298-1r 注入校验失败: ['10bp Index占比26.5%低于40%要求']
2026-06-14 21:04:41.167 | INFO     | __main__:_materialize_balance_library_for_lane:7277 - Lane DLG55_TMP 尝试补平衡文库模板: sample_id=FDSW250185306-1r, test_no=Novaseq X Plus-PE150, index_seq=ACAGAGCGAT;GACTACTCAC
2026-06-14 21:04:41.511 | INFO     | __main__:_validate_balance_injection_lane_state:7079 - Lane DLG55_TMP 候选平衡文库 FDSW250185306-1r 注入校验失败: ['10bp Index占比26.5%低于40%要求']
2026-06-14 21:04:41.511 | INFO     | __main__:_materialize_balance_library_for_lane:7277 - Lane DLG55_TMP 尝试补平衡文库模板: sample_id=FDSW250185309-1r, test_no=Novaseq X Plus-PE150, index_seq=GTCACACACT;CAAGTGCTTC
2026-06-14 21:04:41.853 | INFO     | __main__:_validate_balance_injection_lane_state:7079 - Lane DLG55_TMP 候选平衡文库 FDSW250185309-1r 注入校验失败: ['10bp Index占比26.5%低于40%要求']
2026-06-14 21:04:41.854 | INFO     | __main__:_materialize_balance_library_for_lane:7277 - Lane DLG55_TMP 尝试补平衡文库模板: sample_id=FDSW250185313-1r, test_no=Novaseq X Plus-PE150, index_seq=ATCGAATGCG;CGATATCTGC
2026-06-14 21:04:42.198 | INFO     | __main__:_validate_balance_injection_lane_state:7079 - Lane DLG55_TMP 候选平衡文库 FDSW250185313-1r 注入校验失败: ['10bp Index占比26.5%低于40%要求']
2026-06-14 21:04:42.198 | INFO     | __main__:_materialize_balance_library_for_lane:7277 - Lane DLG55_TMP 尝试补平衡文库模板: sample_id=FDSW250185316-1r, test_no=Novaseq X Plus-PE150, index_seq=TCATTGCACC;ATCGAAGCTC
2026-06-14 21:04:42.542 | INFO     | __main__:_validate_balance_injection_lane_state:7079 - Lane DLG55_TMP 候选平衡文库 FDSW250185316-1r 注入校验失败: ['10bp Index占比26.5%低于40%要求']
2026-06-14 21:04:43.462 | WARNING  | __main__:_materialize_balance_library_for_lane:7402 - Lane DLG55_TMP 平衡文库补充失败: 需补 107.284G，实验室=天津科技服务实验室，工序=Novaseq X Plus-PE150
2026-06-14 21:04:46.769 | INFO     | __main__:_materialize_balance_library_for_lane:7277 - Lane DLG55_TMP 尝试补平衡文库模板: sample_id=phix, test_no=Novaseq X Plus-PE150, index_seq=GGGGGGGGGG;ACCGAGATCT
2026-06-14 21:04:47.113 | INFO     | __main__:_validate_balance_injection_lane_state:7079 - Lane DLG55_TMP 候选平衡文库 phix 注入校验失败: ['10bp Index占比26.5%低于40%要求']
2026-06-14 21:04:47.113 | INFO     | __main__:_materialize_balance_library_for_lane:7277 - Lane DLG55_TMP 尝试补平衡文库模板: sample_id=FDSW250185295-1r, test_no=Novaseq X Plus-PE150, index_seq=AGCATCGAGT;AGCATCCTCA
2026-06-14 21:04:47.455 | INFO     | __main__:_validate_balance_injection_lane_state:7079 - Lane DLG55_TMP 候选平衡文库 FDSW250185295-1r 注入校验失败: ['10bp Index占比26.5%低于40%要求']
2026-06-14 21:04:47.455 | INFO     | __main__:_materialize_balance_library_for_lane:7277 - Lane DLG55_TMP 尝试补平衡文库模板: sample_id=FDSW250185296-1r, test_no=Novaseq X Plus-PE150, index_seq=CTCACACTGA;CTCACACATG
2026-06-14 21:04:47.805 | INFO     | __main__:_validate_balance_injection_lane_state:7079 - Lane DLG55_TMP 候选平衡文库 FDSW250185296-1r 注入校验失败: ['10bp Index占比26.5%低于40%要求']
2026-06-14 21:04:47.805 | INFO     | __main__:_materialize_balance_library_for_lane:7277 - Lane DLG55_TMP 尝试补平衡文库模板: sample_id=FDSW250185298-1r, test_no=Novaseq X Plus-PE150, index_seq=CCGACTAGAT;CCGACTAAGA
2026-06-14 21:04:48.148 | INFO     | __main__:_validate_balance_injection_lane_state:7079 - Lane DLG55_TMP 候选平衡文库 FDSW250185298-1r 注入校验失败: ['10bp Index占比26.5%低于40%要求']
2026-06-14 21:04:48.148 | INFO     | __main__:_materialize_balance_library_for_lane:7277 - Lane DLG55_TMP 尝试补平衡文库模板: sample_id=FDSW250185306-1r, test_no=Novaseq X Plus-PE150, index_seq=ACAGAGCGAT;GACTACTCAC
2026-06-14 21:04:48.491 | INFO     | __main__:_validate_balance_injection_lane_state:7079 - Lane DLG55_TMP 候选平衡文库 FDSW250185306-1r 注入校验失败: ['10bp Index占比26.5%低于40%要求']
2026-06-14 21:04:48.491 | INFO     | __main__:_materialize_balance_library_for_lane:7277 - Lane DLG55_TMP 尝试补平衡文库模板: sample_id=FDSW250185309-1r, test_no=Novaseq X Plus-PE150, index_seq=GTCACACACT;CAAGTGCTTC
2026-06-14 21:04:48.837 | INFO     | __main__:_validate_balance_injection_lane_state:7079 - Lane DLG55_TMP 候选平衡文库 FDSW250185309-1r 注入校验失败: ['10bp Index占比26.5%低于40%要求']
2026-06-14 21:04:48.837 | INFO     | __main__:_materialize_balance_library_for_lane:7277 - Lane DLG55_TMP 尝试补平衡文库模板: sample_id=FDSW250185313-1r, test_no=Novaseq X Plus-PE150, index_seq=ATCGAATGCG;CGATATCTGC
2026-06-14 21:04:49.180 | INFO     | __main__:_validate_balance_injection_lane_state:7079 - Lane DLG55_TMP 候选平衡文库 FDSW250185313-1r 注入校验失败: ['10bp Index占比26.5%低于40%要求']
2026-06-14 21:04:49.180 | INFO     | __main__:_materialize_balance_library_for_lane:7277 - Lane DLG55_TMP 尝试补平衡文库模板: sample_id=FDSW250185316-1r, test_no=Novaseq X Plus-PE150, index_seq=TCATTGCACC;ATCGAAGCTC
2026-06-14 21:04:49.529 | INFO     | __main__:_validate_balance_injection_lane_state:7079 - Lane DLG55_TMP 候选平衡文库 FDSW250185316-1r 注入校验失败: ['10bp Index占比26.5%低于40%要求']
2026-06-14 21:04:50.457 | WARNING  | __main__:_materialize_balance_library_for_lane:7402 - Lane DLG55_TMP 平衡文库补充失败: 需补 107.284G，实验室=天津科技服务实验室，工序=Novaseq X Plus-PE150
2026-06-14 21:04:53.768 | INFO     | __main__:_materialize_balance_library_for_lane:7277 - Lane DLG55_TMP 尝试补平衡文库模板: sample_id=phix, test_no=Novaseq X Plus-PE150, index_seq=GGGGGGGGGG;ACCGAGATCT
2026-06-14 21:04:54.115 | INFO     | __main__:_validate_balance_injection_lane_state:7079 - Lane DLG55_TMP 候选平衡文库 phix 注入校验失败: ['10bp Index占比26.5%低于40%要求']
2026-06-14 21:04:54.115 | INFO     | __main__:_materialize_balance_library_for_lane:7277 - Lane DLG55_TMP 尝试补平衡文库模板: sample_id=FDSW250185295-1r, test_no=Novaseq X Plus-PE150, index_seq=AGCATCGAGT;AGCATCCTCA
2026-06-14 21:04:54.459 | INFO     | __main__:_validate_balance_injection_lane_state:7079 - Lane DLG55_TMP 候选平衡文库 FDSW250185295-1r 注入校验失败: ['10bp Index占比26.5%低于40%要求']
2026-06-14 21:04:54.459 | INFO     | __main__:_materialize_balance_library_for_lane:7277 - Lane DLG55_TMP 尝试补平衡文库模板: sample_id=FDSW250185296-1r, test_no=Novaseq X Plus-PE150, index_seq=CTCACACTGA;CTCACACATG
2026-06-14 21:04:54.802 | INFO     | __main__:_validate_balance_injection_lane_state:7079 - Lane DLG55_TMP 候选平衡文库 FDSW250185296-1r 注入校验失败: ['10bp Index占比26.5%低于40%要求']
2026-06-14 21:04:54.802 | INFO     | __main__:_materialize_balance_library_for_lane:7277 - Lane DLG55_TMP 尝试补平衡文库模板: sample_id=FDSW250185298-1r, test_no=Novaseq X Plus-PE150, index_seq=CCGACTAGAT;CCGACTAAGA
2026-06-14 21:04:55.147 | INFO     | __main__:_validate_balance_injection_lane_state:7079 - Lane DLG55_TMP 候选平衡文库 FDSW250185298-1r 注入校验失败: ['10bp Index占比26.5%低于40%要求']
2026-06-14 21:04:55.147 | INFO     | __main__:_materialize_balance_library_for_lane:7277 - Lane DLG55_TMP 尝试补平衡文库模板: sample_id=FDSW250185306-1r, test_no=Novaseq X Plus-PE150, index_seq=ACAGAGCGAT;GACTACTCAC
2026-06-14 21:04:55.491 | INFO     | __main__:_validate_balance_injection_lane_state:7079 - Lane DLG55_TMP 候选平衡文库 FDSW250185306-1r 注入校验失败: ['10bp Index占比26.5%低于40%要求']
2026-06-14 21:04:55.491 | INFO     | __main__:_materialize_balance_library_for_lane:7277 - Lane DLG55_TMP 尝试补平衡文库模板: sample_id=FDSW250185309-1r, test_no=Novaseq X Plus-PE150, index_seq=GTCACACACT;CAAGTGCTTC
2026-06-14 21:04:55.835 | INFO     | __main__:_validate_balance_injection_lane_state:7079 - Lane DLG55_TMP 候选平衡文库 FDSW250185309-1r 注入校验失败: ['10bp Index占比26.5%低于40%要求']
2026-06-14 21:04:55.835 | INFO     | __main__:_materialize_balance_library_for_lane:7277 - Lane DLG55_TMP 尝试补平衡文库模板: sample_id=FDSW250185313-1r, test_no=Novaseq X Plus-PE150, index_seq=ATCGAATGCG;CGATATCTGC
2026-06-14 21:04:56.178 | INFO     | __main__:_validate_balance_injection_lane_state:7079 - Lane DLG55_TMP 候选平衡文库 FDSW250185313-1r 注入校验失败: ['10bp Index占比26.5%低于40%要求']
2026-06-14 21:04:56.178 | INFO     | __main__:_materialize_balance_library_for_lane:7277 - Lane DLG55_TMP 尝试补平衡文库模板: sample_id=FDSW250185316-1r, test_no=Novaseq X Plus-PE150, index_seq=TCATTGCACC;ATCGAAGCTC
2026-06-14 21:04:56.522 | INFO     | __main__:_validate_balance_injection_lane_state:7079 - Lane DLG55_TMP 候选平衡文库 FDSW250185316-1r 注入校验失败: ['10bp Index占比26.5%低于40%要求']
2026-06-14 21:04:57.437 | WARNING  | __main__:_materialize_balance_library_for_lane:7402 - Lane DLG55_TMP 平衡文库补充失败: 需补 107.284G，实验室=天津科技服务实验室，工序=Novaseq X Plus-PE150
2026-06-14 21:05:00.748 | INFO     | __main__:_materialize_balance_library_for_lane:7277 - Lane DLG55_TMP 尝试补平衡文库模板: sample_id=phix, test_no=Novaseq X Plus-PE150, index_seq=GGGGGGGGGG;ACCGAGATCT
2026-06-14 21:05:01.092 | INFO     | __main__:_validate_balance_injection_lane_state:7079 - Lane DLG55_TMP 候选平衡文库 phix 注入校验失败: ['10bp Index占比26.5%低于40%要求']
2026-06-14 21:05:01.092 | INFO     | __main__:_materialize_balance_library_for_lane:7277 - Lane DLG55_TMP 尝试补平衡文库模板: sample_id=FDSW250185295-1r, test_no=Novaseq X Plus-PE150, index_seq=AGCATCGAGT;AGCATCCTCA
2026-06-14 21:05:01.437 | INFO     | __main__:_validate_balance_injection_lane_state:7079 - Lane DLG55_TMP 候选平衡文库 FDSW250185295-1r 注入校验失败: ['10bp Index占比26.5%低于40%要求']
2026-06-14 21:05:01.437 | INFO     | __main__:_materialize_balance_library_for_lane:7277 - Lane DLG55_TMP 尝试补平衡文库模板: sample_id=FDSW250185296-1r, test_no=Novaseq X Plus-PE150, index_seq=CTCACACTGA;CTCACACATG
2026-06-14 21:05:01.781 | INFO     | __main__:_validate_balance_injection_lane_state:7079 - Lane DLG55_TMP 候选平衡文库 FDSW250185296-1r 注入校验失败: ['10bp Index占比26.5%低于40%要求']
2026-06-14 21:05:01.781 | INFO     | __main__:_materialize_balance_library_for_lane:7277 - Lane DLG55_TMP 尝试补平衡文库模板: sample_id=FDSW250185298-1r, test_no=Novaseq X Plus-PE150, index_seq=CCGACTAGAT;CCGACTAAGA
2026-06-14 21:05:02.126 | INFO     | __main__:_validate_balance_injection_lane_state:7079 - Lane DLG55_TMP 候选平衡文库 FDSW250185298-1r 注入校验失败: ['10bp Index占比26.5%低于40%要求']
2026-06-14 21:05:02.126 | INFO     | __main__:_materialize_balance_library_for_lane:7277 - Lane DLG55_TMP 尝试补平衡文库模板: sample_id=FDSW250185306-1r, test_no=Novaseq X Plus-PE150, index_seq=ACAGAGCGAT;GACTACTCAC
2026-06-14 21:05:02.471 | INFO     | __main__:_validate_balance_injection_lane_state:7079 - Lane DLG55_TMP 候选平衡文库 FDSW250185306-1r 注入校验失败: ['10bp Index占比26.5%低于40%要求']
2026-06-14 21:05:02.471 | INFO     | __main__:_materialize_balance_library_for_lane:7277 - Lane DLG55_TMP 尝试补平衡文库模板: sample_id=FDSW250185309-1r, test_no=Novaseq X Plus-PE150, index_seq=GTCACACACT;CAAGTGCTTC
2026-06-14 21:05:02.815 | INFO     | __main__:_validate_balance_injection_lane_state:7079 - Lane DLG55_TMP 候选平衡文库 FDSW250185309-1r 注入校验失败: ['10bp Index占比26.5%低于40%要求']
2026-06-14 21:05:02.815 | INFO     | __main__:_materialize_balance_library_for_lane:7277 - Lane DLG55_TMP 尝试补平衡文库模板: sample_id=FDSW250185313-1r, test_no=Novaseq X Plus-PE150, index_seq=ATCGAATGCG;CGATATCTGC
2026-06-14 21:05:03.158 | INFO     | __main__:_validate_balance_injection_lane_state:7079 - Lane DLG55_TMP 候选平衡文库 FDSW250185313-1r 注入校验失败: ['10bp Index占比26.5%低于40%要求']
2026-06-14 21:05:03.158 | INFO     | __main__:_materialize_balance_library_for_lane:7277 - Lane DLG55_TMP 尝试补平衡文库模板: sample_id=FDSW250185316-1r, test_no=Novaseq X Plus-PE150, index_seq=TCATTGCACC;ATCGAAGCTC
2026-06-14 21:05:03.502 | INFO     | __main__:_validate_balance_injection_lane_state:7079 - Lane DLG55_TMP 候选平衡文库 FDSW250185316-1r 注入校验失败: ['10bp Index占比26.5%低于40%要求']
2026-06-14 21:05:04.423 | WARNING  | __main__:_materialize_balance_library_for_lane:7402 - Lane DLG55_TMP 平衡文库补充失败: 需补 107.284G，实验室=天津科技服务实验室，工序=Novaseq X Plus-PE150
2026-06-14 21:05:07.728 | INFO     | __main__:_materialize_balance_library_for_lane:7277 - Lane DLG55_TMP 尝试补平衡文库模板: sample_id=phix, test_no=Novaseq X Plus-PE150, index_seq=GGGGGGGGGG;ACCGAGATCT
2026-06-14 21:05:08.071 | INFO     | __main__:_validate_balance_injection_lane_state:7079 - Lane DLG55_TMP 候选平衡文库 phix 注入校验失败: ['10bp Index占比26.5%低于40%要求']
2026-06-14 21:05:08.071 | INFO     | __main__:_materialize_balance_library_for_lane:7277 - Lane DLG55_TMP 尝试补平衡文库模板: sample_id=FDSW250185295-1r, test_no=Novaseq X Plus-PE150, index_seq=AGCATCGAGT;AGCATCCTCA
2026-06-14 21:05:08.414 | INFO     | __main__:_validate_balance_injection_lane_state:7079 - Lane DLG55_TMP 候选平衡文库 FDSW250185295-1r 注入校验失败: ['10bp Index占比26.5%低于40%要求']
2026-06-14 21:05:08.414 | INFO     | __main__:_materialize_balance_library_for_lane:7277 - Lane DLG55_TMP 尝试补平衡文库模板: sample_id=FDSW250185296-1r, test_no=Novaseq X Plus-PE150, index_seq=CTCACACTGA;CTCACACATG
2026-06-14 21:05:08.757 | INFO     | __main__:_validate_balance_injection_lane_state:7079 - Lane DLG55_TMP 候选平衡文库 FDSW250185296-1r 注入校验失败: ['10bp Index占比26.5%低于40%要求']
2026-06-14 21:05:08.757 | INFO     | __main__:_materialize_balance_library_for_lane:7277 - Lane DLG55_TMP 尝试补平衡文库模板: sample_id=FDSW250185298-1r, test_no=Novaseq X Plus-PE150, index_seq=CCGACTAGAT;CCGACTAAGA
2026-06-14 21:05:09.100 | INFO     | __main__:_validate_balance_injection_lane_state:7079 - Lane DLG55_TMP 候选平衡文库 FDSW250185298-1r 注入校验失败: ['10bp Index占比26.5%低于40%要求']
2026-06-14 21:05:09.100 | INFO     | __main__:_materialize_balance_library_for_lane:7277 - Lane DLG55_TMP 尝试补平衡文库模板: sample_id=FDSW250185306-1r, test_no=Novaseq X Plus-PE150, index_seq=ACAGAGCGAT;GACTACTCAC
2026-06-14 21:05:09.444 | INFO     | __main__:_validate_balance_injection_lane_state:7079 - Lane DLG55_TMP 候选平衡文库 FDSW250185306-1r 注入校验失败: ['10bp Index占比26.5%低于40%要求']
2026-06-14 21:05:09.444 | INFO     | __main__:_materialize_balance_library_for_lane:7277 - Lane DLG55_TMP 尝试补平衡文库模板: sample_id=FDSW250185309-1r, test_no=Novaseq X Plus-PE150, index_seq=GTCACACACT;CAAGTGCTTC
2026-06-14 21:05:09.789 | INFO     | __main__:_validate_balance_injection_lane_state:7079 - Lane DLG55_TMP 候选平衡文库 FDSW250185309-1r 注入校验失败: ['10bp Index占比26.5%低于40%要求']
2026-06-14 21:05:09.789 | INFO     | __main__:_materialize_balance_library_for_lane:7277 - Lane DLG55_TMP 尝试补平衡文库模板: sample_id=FDSW250185313-1r, test_no=Novaseq X Plus-PE150, index_seq=ATCGAATGCG;CGATATCTGC
2026-06-14 21:05:10.134 | INFO     | __main__:_validate_balance_injection_lane_state:7079 - Lane DLG55_TMP 候选平衡文库 FDSW250185313-1r 注入校验失败: ['10bp Index占比26.5%低于40%要求']
2026-06-14 21:05:10.134 | INFO     | __main__:_materialize_balance_library_for_lane:7277 - Lane DLG55_TMP 尝试补平衡文库模板: sample_id=FDSW250185316-1r, test_no=Novaseq X Plus-PE150, index_seq=TCATTGCACC;ATCGAAGCTC
2026-06-14 21:05:10.480 | INFO     | __main__:_validate_balance_injection_lane_state:7079 - Lane DLG55_TMP 候选平衡文库 FDSW250185316-1r 注入校验失败: ['10bp Index占比26.5%低于40%要求']
2026-06-14 21:05:11.397 | WARNING  | __main__:_materialize_balance_library_for_lane:7402 - Lane DLG55_TMP 平衡文库补充失败: 需补 107.284G，实验室=天津科技服务实验室，工序=Novaseq X Plus-PE150
2026-06-14 21:05:14.718 | INFO     | __main__:_materialize_balance_library_for_lane:7277 - Lane DLG55_TMP 尝试补平衡文库模板: sample_id=phix, test_no=Novaseq X Plus-PE150, index_seq=GGGGGGGGGG;ACCGAGATCT
2026-06-14 21:05:15.070 | INFO     | __main__:_validate_balance_injection_lane_state:7079 - Lane DLG55_TMP 候选平衡文库 phix 注入校验失败: ['10bp Index占比26.5%低于40%要求']
2026-06-14 21:05:15.071 | INFO     | __main__:_materialize_balance_library_for_lane:7277 - Lane DLG55_TMP 尝试补平衡文库模板: sample_id=FDSW250185295-1r, test_no=Novaseq X Plus-PE150, index_seq=AGCATCGAGT;AGCATCCTCA
2026-06-14 21:05:15.419 | INFO     | __main__:_validate_balance_injection_lane_state:7079 - Lane DLG55_TMP 候选平衡文库 FDSW250185295-1r 注入校验失败: ['10bp Index占比26.5%低于40%要求']
2026-06-14 21:05:15.419 | INFO     | __main__:_materialize_balance_library_for_lane:7277 - Lane DLG55_TMP 尝试补平衡文库模板: sample_id=FDSW250185296-1r, test_no=Novaseq X Plus-PE150, index_seq=CTCACACTGA;CTCACACATG
2026-06-14 21:05:15.773 | INFO     | __main__:_validate_balance_injection_lane_state:7079 - Lane DLG55_TMP 候选平衡文库 FDSW250185296-1r 注入校验失败: ['10bp Index占比26.5%低于40%要求']
2026-06-14 21:05:15.773 | INFO     | __main__:_materialize_balance_library_for_lane:7277 - Lane DLG55_TMP 尝试补平衡文库模板: sample_id=FDSW250185298-1r, test_no=Novaseq X Plus-PE150, index_seq=CCGACTAGAT;CCGACTAAGA
2026-06-14 21:05:16.118 | INFO     | __main__:_validate_balance_injection_lane_state:7079 - Lane DLG55_TMP 候选平衡文库 FDSW250185298-1r 注入校验失败: ['10bp Index占比26.5%低于40%要求']
2026-06-14 21:05:16.118 | INFO     | __main__:_materialize_balance_library_for_lane:7277 - Lane DLG55_TMP 尝试补平衡文库模板: sample_id=FDSW250185306-1r, test_no=Novaseq X Plus-PE150, index_seq=ACAGAGCGAT;GACTACTCAC
2026-06-14 21:05:16.462 | INFO     | __main__:_validate_balance_injection_lane_state:7079 - Lane DLG55_TMP 候选平衡文库 FDSW250185306-1r 注入校验失败: ['10bp Index占比26.5%低于40%要求']
2026-06-14 21:05:16.463 | INFO     | __main__:_materialize_balance_library_for_lane:7277 - Lane DLG55_TMP 尝试补平衡文库模板: sample_id=FDSW250185309-1r, test_no=Novaseq X Plus-PE150, index_seq=GTCACACACT;CAAGTGCTTC
2026-06-14 21:05:16.807 | INFO     | __main__:_validate_balance_injection_lane_state:7079 - Lane DLG55_TMP 候选平衡文库 FDSW250185309-1r 注入校验失败: ['10bp Index占比26.5%低于40%要求']
2026-06-14 21:05:16.807 | INFO     | __main__:_materialize_balance_library_for_lane:7277 - Lane DLG55_TMP 尝试补平衡文库模板: sample_id=FDSW250185313-1r, test_no=Novaseq X Plus-PE150, index_seq=ATCGAATGCG;CGATATCTGC
2026-06-14 21:05:17.153 | INFO     | __main__:_validate_balance_injection_lane_state:7079 - Lane DLG55_TMP 候选平衡文库 FDSW250185313-1r 注入校验失败: ['10bp Index占比26.5%低于40%要求']
2026-06-14 21:05:17.153 | INFO     | __main__:_materialize_balance_library_for_lane:7277 - Lane DLG55_TMP 尝试补平衡文库模板: sample_id=FDSW250185316-1r, test_no=Novaseq X Plus-PE150, index_seq=TCATTGCACC;ATCGAAGCTC
2026-06-14 21:05:17.497 | INFO     | __main__:_validate_balance_injection_lane_state:7079 - Lane DLG55_TMP 候选平衡文库 FDSW250185316-1r 注入校验失败: ['10bp Index占比26.5%低于40%要求']
2026-06-14 21:05:18.418 | WARNING  | __main__:_materialize_balance_library_for_lane:7402 - Lane DLG55_TMP 平衡文库补充失败: 需补 107.284G，实验室=天津科技服务实验室，工序=Novaseq X Plus-PE150
2026-06-14 21:05:21.726 | INFO     | __main__:_materialize_balance_library_for_lane:7277 - Lane DLG55_TMP 尝试补平衡文库模板: sample_id=phix, test_no=Novaseq X Plus-PE150, index_seq=GGGGGGGGGG;ACCGAGATCT
2026-06-14 21:05:22.071 | INFO     | __main__:_validate_balance_injection_lane_state:7079 - Lane DLG55_TMP 候选平衡文库 phix 注入校验失败: ['10bp Index占比26.5%低于40%要求']
2026-06-14 21:05:22.071 | INFO     | __main__:_materialize_balance_library_for_lane:7277 - Lane DLG55_TMP 尝试补平衡文库模板: sample_id=FDSW250185295-1r, test_no=Novaseq X Plus-PE150, index_seq=AGCATCGAGT;AGCATCCTCA
2026-06-14 21:05:22.415 | INFO     | __main__:_validate_balance_injection_lane_state:7079 - Lane DLG55_TMP 候选平衡文库 FDSW250185295-1r 注入校验失败: ['10bp Index占比26.5%低于40%要求']
2026-06-14 21:05:22.415 | INFO     | __main__:_materialize_balance_library_for_lane:7277 - Lane DLG55_TMP 尝试补平衡文库模板: sample_id=FDSW250185296-1r, test_no=Novaseq X Plus-PE150, index_seq=CTCACACTGA;CTCACACATG
2026-06-14 21:05:22.758 | INFO     | __main__:_validate_balance_injection_lane_state:7079 - Lane DLG55_TMP 候选平衡文库 FDSW250185296-1r 注入校验失败: ['10bp Index占比26.5%低于40%要求']
2026-06-14 21:05:22.758 | INFO     | __main__:_materialize_balance_library_for_lane:7277 - Lane DLG55_TMP 尝试补平衡文库模板: sample_id=FDSW250185298-1r, test_no=Novaseq X Plus-PE150, index_seq=CCGACTAGAT;CCGACTAAGA
2026-06-14 21:05:23.102 | INFO     | __main__:_validate_balance_injection_lane_state:7079 - Lane DLG55_TMP 候选平衡文库 FDSW250185298-1r 注入校验失败: ['10bp Index占比26.5%低于40%要求']
2026-06-14 21:05:23.103 | INFO     | __main__:_materialize_balance_library_for_lane:7277 - Lane DLG55_TMP 尝试补平衡文库模板: sample_id=FDSW250185306-1r, test_no=Novaseq X Plus-PE150, index_seq=ACAGAGCGAT;GACTACTCAC
2026-06-14 21:05:23.446 | INFO     | __main__:_validate_balance_injection_lane_state:7079 - Lane DLG55_TMP 候选平衡文库 FDSW250185306-1r 注入校验失败: ['10bp Index占比26.5%低于40%要求']
2026-06-14 21:05:23.447 | INFO     | __main__:_materialize_balance_library_for_lane:7277 - Lane DLG55_TMP 尝试补平衡文库模板: sample_id=FDSW250185309-1r, test_no=Novaseq X Plus-PE150, index_seq=GTCACACACT;CAAGTGCTTC
2026-06-14 21:05:23.790 | INFO     | __main__:_validate_balance_injection_lane_state:7079 - Lane DLG55_TMP 候选平衡文库 FDSW250185309-1r 注入校验失败: ['10bp Index占比26.5%低于40%要求']
2026-06-14 21:05:23.790 | INFO     | __main__:_materialize_balance_library_for_lane:7277 - Lane DLG55_TMP 尝试补平衡文库模板: sample_id=FDSW250185313-1r, test_no=Novaseq X Plus-PE150, index_seq=ATCGAATGCG;CGATATCTGC
2026-06-14 21:05:24.134 | INFO     | __main__:_validate_balance_injection_lane_state:7079 - Lane DLG55_TMP 候选平衡文库 FDSW250185313-1r 注入校验失败: ['10bp Index占比26.5%低于40%要求']
2026-06-14 21:05:24.134 | INFO     | __main__:_materialize_balance_library_for_lane:7277 - Lane DLG55_TMP 尝试补平衡文库模板: sample_id=FDSW250185316-1r, test_no=Novaseq X Plus-PE150, index_seq=TCATTGCACC;ATCGAAGCTC
2026-06-14 21:05:24.478 | INFO     | __main__:_validate_balance_injection_lane_state:7079 - Lane DLG55_TMP 候选平衡文库 FDSW250185316-1r 注入校验失败: ['10bp Index占比26.5%低于40%要求']
2026-06-14 21:05:25.409 | WARNING  | __main__:_materialize_balance_library_for_lane:7402 - Lane DLG55_TMP 平衡文库补充失败: 需补 107.284G，实验室=天津科技服务实验室，工序=Novaseq X Plus-PE150
2026-06-14 21:05:28.725 | INFO     | __main__:_materialize_balance_library_for_lane:7277 - Lane DLG55_TMP 尝试补平衡文库模板: sample_id=phix, test_no=Novaseq X Plus-PE150, index_seq=GGGGGGGGGG;ACCGAGATCT
2026-06-14 21:05:29.070 | INFO     | __main__:_validate_balance_injection_lane_state:7079 - Lane DLG55_TMP 候选平衡文库 phix 注入校验失败: ['10bp Index占比26.5%低于40%要求']
2026-06-14 21:05:29.070 | INFO     | __main__:_materialize_balance_library_for_lane:7277 - Lane DLG55_TMP 尝试补平衡文库模板: sample_id=FDSW250185295-1r, test_no=Novaseq X Plus-PE150, index_seq=AGCATCGAGT;AGCATCCTCA
2026-06-14 21:05:29.415 | INFO     | __main__:_validate_balance_injection_lane_state:7079 - Lane DLG55_TMP 候选平衡文库 FDSW250185295-1r 注入校验失败: ['10bp Index占比26.5%低于40%要求']
2026-06-14 21:05:29.415 | INFO     | __main__:_materialize_balance_library_for_lane:7277 - Lane DLG55_TMP 尝试补平衡文库模板: sample_id=FDSW250185296-1r, test_no=Novaseq X Plus-PE150, index_seq=CTCACACTGA;CTCACACATG
2026-06-14 21:05:29.759 | INFO     | __main__:_validate_balance_injection_lane_state:7079 - Lane DLG55_TMP 候选平衡文库 FDSW250185296-1r 注入校验失败: ['10bp Index占比26.5%低于40%要求']
2026-06-14 21:05:29.759 | INFO     | __main__:_materialize_balance_library_for_lane:7277 - Lane DLG55_TMP 尝试补平衡文库模板: sample_id=FDSW250185298-1r, test_no=Novaseq X Plus-PE150, index_seq=CCGACTAGAT;CCGACTAAGA
2026-06-14 21:05:30.104 | INFO     | __main__:_validate_balance_injection_lane_state:7079 - Lane DLG55_TMP 候选平衡文库 FDSW250185298-1r 注入校验失败: ['10bp Index占比26.5%低于40%要求']
2026-06-14 21:05:30.104 | INFO     | __main__:_materialize_balance_library_for_lane:7277 - Lane DLG55_TMP 尝试补平衡文库模板: sample_id=FDSW250185306-1r, test_no=Novaseq X Plus-PE150, index_seq=ACAGAGCGAT;GACTACTCAC
2026-06-14 21:05:30.447 | INFO     | __main__:_validate_balance_injection_lane_state:7079 - Lane DLG55_TMP 候选平衡文库 FDSW250185306-1r 注入校验失败: ['10bp Index占比26.5%低于40%要求']
2026-06-14 21:05:30.447 | INFO     | __main__:_materialize_balance_library_for_lane:7277 - Lane DLG55_TMP 尝试补平衡文库模板: sample_id=FDSW250185309-1r, test_no=Novaseq X Plus-PE150, index_seq=GTCACACACT;CAAGTGCTTC
2026-06-14 21:05:30.791 | INFO     | __main__:_validate_balance_injection_lane_state:7079 - Lane DLG55_TMP 候选平衡文库 FDSW250185309-1r 注入校验失败: ['10bp Index占比26.5%低于40%要求']
2026-06-14 21:05:30.792 | INFO     | __main__:_materialize_balance_library_for_lane:7277 - Lane DLG55_TMP 尝试补平衡文库模板: sample_id=FDSW250185313-1r, test_no=Novaseq X Plus-PE150, index_seq=ATCGAATGCG;CGATATCTGC
2026-06-14 21:05:31.139 | INFO     | __main__:_validate_balance_injection_lane_state:7079 - Lane DLG55_TMP 候选平衡文库 FDSW250185313-1r 注入校验失败: ['10bp Index占比26.5%低于40%要求']
2026-06-14 21:05:31.139 | INFO     | __main__:_materialize_balance_library_for_lane:7277 - Lane DLG55_TMP 尝试补平衡文库模板: sample_id=FDSW250185316-1r, test_no=Novaseq X Plus-PE150, index_seq=TCATTGCACC;ATCGAAGCTC
2026-06-14 21:05:31.483 | INFO     | __main__:_validate_balance_injection_lane_state:7079 - Lane DLG55_TMP 候选平衡文库 FDSW250185316-1r 注入校验失败: ['10bp Index占比26.5%低于40%要求']
2026-06-14 21:05:32.406 | WARNING  | __main__:_materialize_balance_library_for_lane:7402 - Lane DLG55_TMP 平衡文库补充失败: 需补 107.284G，实验室=天津科技服务实验室，工序=Novaseq X Plus-PE150
2026-06-14 21:05:35.717 | INFO     | __main__:_materialize_balance_library_for_lane:7277 - Lane DLG55_TMP 尝试补平衡文库模板: sample_id=phix, test_no=Novaseq X Plus-PE150, index_seq=GGGGGGGGGG;ACCGAGATCT
2026-06-14 21:05:36.061 | INFO     | __main__:_validate_balance_injection_lane_state:7079 - Lane DLG55_TMP 候选平衡文库 phix 注入校验失败: ['10bp Index占比26.5%低于40%要求']
2026-06-14 21:05:36.061 | INFO     | __main__:_materialize_balance_library_for_lane:7277 - Lane DLG55_TMP 尝试补平衡文库模板: sample_id=FDSW250185295-1r, test_no=Novaseq X Plus-PE150, index_seq=AGCATCGAGT;AGCATCCTCA
2026-06-14 21:05:36.404 | INFO     | __main__:_validate_balance_injection_lane_state:7079 - Lane DLG55_TMP 候选平衡文库 FDSW250185295-1r 注入校验失败: ['10bp Index占比26.5%低于40%要求']
2026-06-14 21:05:36.405 | INFO     | __main__:_materialize_balance_library_for_lane:7277 - Lane DLG55_TMP 尝试补平衡文库模板: sample_id=FDSW250185296-1r, test_no=Novaseq X Plus-PE150, index_seq=CTCACACTGA;CTCACACATG
2026-06-14 21:05:36.747 | INFO     | __main__:_validate_balance_injection_lane_state:7079 - Lane DLG55_TMP 候选平衡文库 FDSW250185296-1r 注入校验失败: ['10bp Index占比26.5%低于40%要求']
2026-06-14 21:05:36.747 | INFO     | __main__:_materialize_balance_library_for_lane:7277 - Lane DLG55_TMP 尝试补平衡文库模板: sample_id=FDSW250185298-1r, test_no=Novaseq X Plus-PE150, index_seq=CCGACTAGAT;CCGACTAAGA
2026-06-14 21:05:37.090 | INFO     | __main__:_validate_balance_injection_lane_state:7079 - Lane DLG55_TMP 候选平衡文库 FDSW250185298-1r 注入校验失败: ['10bp Index占比26.5%低于40%要求']
2026-06-14 21:05:37.091 | INFO     | __main__:_materialize_balance_library_for_lane:7277 - Lane DLG55_TMP 尝试补平衡文库模板: sample_id=FDSW250185306-1r, test_no=Novaseq X Plus-PE150, index_seq=ACAGAGCGAT;GACTACTCAC
2026-06-14 21:05:37.435 | INFO     | __main__:_validate_balance_injection_lane_state:7079 - Lane DLG55_TMP 候选平衡文库 FDSW250185306-1r 注入校验失败: ['10bp Index占比26.5%低于40%要求']
2026-06-14 21:05:37.436 | INFO     | __main__:_materialize_balance_library_for_lane:7277 - Lane DLG55_TMP 尝试补平衡文库模板: sample_id=FDSW250185309-1r, test_no=Novaseq X Plus-PE150, index_seq=GTCACACACT;CAAGTGCTTC
2026-06-14 21:05:37.779 | INFO     | __main__:_validate_balance_injection_lane_state:7079 - Lane DLG55_TMP 候选平衡文库 FDSW250185309-1r 注入校验失败: ['10bp Index占比26.5%低于40%要求']
2026-06-14 21:05:37.780 | INFO     | __main__:_materialize_balance_library_for_lane:7277 - Lane DLG55_TMP 尝试补平衡文库模板: sample_id=FDSW250185313-1r, test_no=Novaseq X Plus-PE150, index_seq=ATCGAATGCG;CGATATCTGC
2026-06-14 21:05:38.124 | INFO     | __main__:_validate_balance_injection_lane_state:7079 - Lane DLG55_TMP 候选平衡文库 FDSW250185313-1r 注入校验失败: ['10bp Index占比26.5%低于40%要求']
2026-06-14 21:05:38.124 | INFO     | __main__:_materialize_balance_library_for_lane:7277 - Lane DLG55_TMP 尝试补平衡文库模板: sample_id=FDSW250185316-1r, test_no=Novaseq X Plus-PE150, index_seq=TCATTGCACC;ATCGAAGCTC
2026-06-14 21:05:38.469 | INFO     | __main__:_validate_balance_injection_lane_state:7079 - Lane DLG55_TMP 候选平衡文库 FDSW250185316-1r 注入校验失败: ['10bp Index占比26.5%低于40%要求']
2026-06-14 21:05:39.388 | WARNING  | __main__:_materialize_balance_library_for_lane:7402 - Lane DLG55_TMP 平衡文库补充失败: 需补 107.284G，实验室=天津科技服务实验室，工序=Novaseq X Plus-PE150
2026-06-14 21:05:42.700 | INFO     | __main__:_materialize_balance_library_for_lane:7277 - Lane DLG55_TMP 尝试补平衡文库模板: sample_id=phix, test_no=Novaseq X Plus-PE150, index_seq=GGGGGGGGGG;ACCGAGATCT
2026-06-14 21:05:43.052 | INFO     | __main__:_validate_balance_injection_lane_state:7079 - Lane DLG55_TMP 候选平衡文库 phix 注入校验失败: ['10bp Index占比26.5%低于40%要求']
2026-06-14 21:05:43.052 | INFO     | __main__:_materialize_balance_library_for_lane:7277 - Lane DLG55_TMP 尝试补平衡文库模板: sample_id=FDSW250185295-1r, test_no=Novaseq X Plus-PE150, index_seq=AGCATCGAGT;AGCATCCTCA
2026-06-14 21:05:43.397 | INFO     | __main__:_validate_balance_injection_lane_state:7079 - Lane DLG55_TMP 候选平衡文库 FDSW250185295-1r 注入校验失败: ['10bp Index占比26.5%低于40%要求']
2026-06-14 21:05:43.397 | INFO     | __main__:_materialize_balance_library_for_lane:7277 - Lane DLG55_TMP 尝试补平衡文库模板: sample_id=FDSW250185296-1r, test_no=Novaseq X Plus-PE150, index_seq=CTCACACTGA;CTCACACATG
2026-06-14 21:05:43.741 | INFO     | __main__:_validate_balance_injection_lane_state:7079 - Lane DLG55_TMP 候选平衡文库 FDSW250185296-1r 注入校验失败: ['10bp Index占比26.5%低于40%要求']
2026-06-14 21:05:43.741 | INFO     | __main__:_materialize_balance_library_for_lane:7277 - Lane DLG55_TMP 尝试补平衡文库模板: sample_id=FDSW250185298-1r, test_no=Novaseq X Plus-PE150, index_seq=CCGACTAGAT;CCGACTAAGA
2026-06-14 21:05:44.084 | INFO     | __main__:_validate_balance_injection_lane_state:7079 - Lane DLG55_TMP 候选平衡文库 FDSW250185298-1r 注入校验失败: ['10bp Index占比26.5%低于40%要求']
2026-06-14 21:05:44.084 | INFO     | __main__:_materialize_balance_library_for_lane:7277 - Lane DLG55_TMP 尝试补平衡文库模板: sample_id=FDSW250185306-1r, test_no=Novaseq X Plus-PE150, index_seq=ACAGAGCGAT;GACTACTCAC
2026-06-14 21:05:44.427 | INFO     | __main__:_validate_balance_injection_lane_state:7079 - Lane DLG55_TMP 候选平衡文库 FDSW250185306-1r 注入校验失败: ['10bp Index占比26.5%低于40%要求']
2026-06-14 21:05:44.427 | INFO     | __main__:_materialize_balance_library_for_lane:7277 - Lane DLG55_TMP 尝试补平衡文库模板: sample_id=FDSW250185309-1r, test_no=Novaseq X Plus-PE150, index_seq=GTCACACACT;CAAGTGCTTC
2026-06-14 21:05:44.771 | INFO     | __main__:_validate_balance_injection_lane_state:7079 - Lane DLG55_TMP 候选平衡文库 FDSW250185309-1r 注入校验失败: ['10bp Index占比26.5%低于40%要求']
2026-06-14 21:05:44.771 | INFO     | __main__:_materialize_balance_library_for_lane:7277 - Lane DLG55_TMP 尝试补平衡文库模板: sample_id=FDSW250185313-1r, test_no=Novaseq X Plus-PE150, index_seq=ATCGAATGCG;CGATATCTGC
2026-06-14 21:05:45.116 | INFO     | __main__:_validate_balance_injection_lane_state:7079 - Lane DLG55_TMP 候选平衡文库 FDSW250185313-1r 注入校验失败: ['10bp Index占比26.5%低于40%要求']
2026-06-14 21:05:45.116 | INFO     | __main__:_materialize_balance_library_for_lane:7277 - Lane DLG55_TMP 尝试补平衡文库模板: sample_id=FDSW250185316-1r, test_no=Novaseq X Plus-PE150, index_seq=TCATTGCACC;ATCGAAGCTC
2026-06-14 21:05:45.462 | INFO     | __main__:_validate_balance_injection_lane_state:7079 - Lane DLG55_TMP 候选平衡文库 FDSW250185316-1r 注入校验失败: ['10bp Index占比26.5%低于40%要求']
2026-06-14 21:05:46.398 | WARNING  | __main__:_materialize_balance_library_for_lane:7402 - Lane DLG55_TMP 平衡文库补充失败: 需补 107.284G，实验室=天津科技服务实验室，工序=Novaseq X Plus-PE150
2026-06-14 21:05:49.712 | INFO     | __main__:_materialize_balance_library_for_lane:7277 - Lane DLG55_TMP 尝试补平衡文库模板: sample_id=phix, test_no=Novaseq X Plus-PE150, index_seq=GGGGGGGGGG;ACCGAGATCT
2026-06-14 21:05:50.060 | INFO     | __main__:_validate_balance_injection_lane_state:7079 - Lane DLG55_TMP 候选平衡文库 phix 注入校验失败: ['10bp Index占比26.5%低于40%要求']
2026-06-14 21:05:50.060 | INFO     | __main__:_materialize_balance_library_for_lane:7277 - Lane DLG55_TMP 尝试补平衡文库模板: sample_id=FDSW250185295-1r, test_no=Novaseq X Plus-PE150, index_seq=AGCATCGAGT;AGCATCCTCA
2026-06-14 21:05:50.404 | INFO     | __main__:_validate_balance_injection_lane_state:7079 - Lane DLG55_TMP 候选平衡文库 FDSW250185295-1r 注入校验失败: ['10bp Index占比26.5%低于40%要求']
2026-06-14 21:05:50.404 | INFO     | __main__:_materialize_balance_library_for_lane:7277 - Lane DLG55_TMP 尝试补平衡文库模板: sample_id=FDSW250185296-1r, test_no=Novaseq X Plus-PE150, index_seq=CTCACACTGA;CTCACACATG
2026-06-14 21:05:50.761 | INFO     | __main__:_validate_balance_injection_lane_state:7079 - Lane DLG55_TMP 候选平衡文库 FDSW250185296-1r 注入校验失败: ['10bp Index占比26.5%低于40%要求']
2026-06-14 21:05:50.761 | INFO     | __main__:_materialize_balance_library_for_lane:7277 - Lane DLG55_TMP 尝试补平衡文库模板: sample_id=FDSW250185298-1r, test_no=Novaseq X Plus-PE150, index_seq=CCGACTAGAT;CCGACTAAGA
2026-06-14 21:05:51.106 | INFO     | __main__:_validate_balance_injection_lane_state:7079 - Lane DLG55_TMP 候选平衡文库 FDSW250185298-1r 注入校验失败: ['10bp Index占比26.5%低于40%要求']
2026-06-14 21:05:51.106 | INFO     | __main__:_materialize_balance_library_for_lane:7277 - Lane DLG55_TMP 尝试补平衡文库模板: sample_id=FDSW250185306-1r, test_no=Novaseq X Plus-PE150, index_seq=ACAGAGCGAT;GACTACTCAC
2026-06-14 21:05:51.450 | INFO     | __main__:_validate_balance_injection_lane_state:7079 - Lane DLG55_TMP 候选平衡文库 FDSW250185306-1r 注入校验失败: ['10bp Index占比26.5%低于40%要求']
2026-06-14 21:05:51.450 | INFO     | __main__:_materialize_balance_library_for_lane:7277 - Lane DLG55_TMP 尝试补平衡文库模板: sample_id=FDSW250185309-1r, test_no=Novaseq X Plus-PE150, index_seq=GTCACACACT;CAAGTGCTTC
2026-06-14 21:05:51.795 | INFO     | __main__:_validate_balance_injection_lane_state:7079 - Lane DLG55_TMP 候选平衡文库 FDSW250185309-1r 注入校验失败: ['10bp Index占比26.5%低于40%要求']
2026-06-14 21:05:51.795 | INFO     | __main__:_materialize_balance_library_for_lane:7277 - Lane DLG55_TMP 尝试补平衡文库模板: sample_id=FDSW250185313-1r, test_no=Novaseq X Plus-PE150, index_seq=ATCGAATGCG;CGATATCTGC
2026-06-14 21:05:52.139 | INFO     | __main__:_validate_balance_injection_lane_state:7079 - Lane DLG55_TMP 候选平衡文库 FDSW250185313-1r 注入校验失败: ['10bp Index占比26.5%低于40%要求']
2026-06-14 21:05:52.139 | INFO     | __main__:_materialize_balance_library_for_lane:7277 - Lane DLG55_TMP 尝试补平衡文库模板: sample_id=FDSW250185316-1r, test_no=Novaseq X Plus-PE150, index_seq=TCATTGCACC;ATCGAAGCTC
2026-06-14 21:05:52.484 | INFO     | __main__:_validate_balance_injection_lane_state:7079 - Lane DLG55_TMP 候选平衡文库 FDSW250185316-1r 注入校验失败: ['10bp Index占比26.5%低于40%要求']
2026-06-14 21:05:53.416 | WARNING  | __main__:_materialize_balance_library_for_lane:7402 - Lane DLG55_TMP 平衡文库补充失败: 需补 107.284G，实验室=天津科技服务实验室，工序=Novaseq X Plus-PE150
2026-06-14 21:05:56.739 | INFO     | __main__:_materialize_balance_library_for_lane:7277 - Lane DLG55_TMP 尝试补平衡文库模板: sample_id=phix, test_no=Novaseq X Plus-PE150, index_seq=GGGGGGGGGG;ACCGAGATCT
2026-06-14 21:05:57.083 | INFO     | __main__:_validate_balance_injection_lane_state:7079 - Lane DLG55_TMP 候选平衡文库 phix 注入校验失败: ['10bp Index占比26.5%低于40%要求']
2026-06-14 21:05:57.083 | INFO     | __main__:_materialize_balance_library_for_lane:7277 - Lane DLG55_TMP 尝试补平衡文库模板: sample_id=FDSW250185295-1r, test_no=Novaseq X Plus-PE150, index_seq=AGCATCGAGT;AGCATCCTCA
2026-06-14 21:05:57.427 | INFO     | __main__:_validate_balance_injection_lane_state:7079 - Lane DLG55_TMP 候选平衡文库 FDSW250185295-1r 注入校验失败: ['10bp Index占比26.5%低于40%要求']
2026-06-14 21:05:57.427 | INFO     | __main__:_materialize_balance_library_for_lane:7277 - Lane DLG55_TMP 尝试补平衡文库模板: sample_id=FDSW250185296-1r, test_no=Novaseq X Plus-PE150, index_seq=CTCACACTGA;CTCACACATG
2026-06-14 21:05:57.771 | INFO     | __main__:_validate_balance_injection_lane_state:7079 - Lane DLG55_TMP 候选平衡文库 FDSW250185296-1r 注入校验失败: ['10bp Index占比26.5%低于40%要求']
2026-06-14 21:05:57.771 | INFO     | __main__:_materialize_balance_library_for_lane:7277 - Lane DLG55_TMP 尝试补平衡文库模板: sample_id=FDSW250185298-1r, test_no=Novaseq X Plus-PE150, index_seq=CCGACTAGAT;CCGACTAAGA
2026-06-14 21:05:58.115 | INFO     | __main__:_validate_balance_injection_lane_state:7079 - Lane DLG55_TMP 候选平衡文库 FDSW250185298-1r 注入校验失败: ['10bp Index占比26.5%低于40%要求']
2026-06-14 21:05:58.116 | INFO     | __main__:_materialize_balance_library_for_lane:7277 - Lane DLG55_TMP 尝试补平衡文库模板: sample_id=FDSW250185306-1r, test_no=Novaseq X Plus-PE150, index_seq=ACAGAGCGAT;GACTACTCAC
2026-06-14 21:05:58.460 | INFO     | __main__:_validate_balance_injection_lane_state:7079 - Lane DLG55_TMP 候选平衡文库 FDSW250185306-1r 注入校验失败: ['10bp Index占比26.5%低于40%要求']
2026-06-14 21:05:58.460 | INFO     | __main__:_materialize_balance_library_for_lane:7277 - Lane DLG55_TMP 尝试补平衡文库模板: sample_id=FDSW250185309-1r, test_no=Novaseq X Plus-PE150, index_seq=GTCACACACT;CAAGTGCTTC
2026-06-14 21:05:58.803 | INFO     | __main__:_validate_balance_injection_lane_state:7079 - Lane DLG55_TMP 候选平衡文库 FDSW250185309-1r 注入校验失败: ['10bp Index占比26.5%低于40%要求']
2026-06-14 21:05:58.803 | INFO     | __main__:_materialize_balance_library_for_lane:7277 - Lane DLG55_TMP 尝试补平衡文库模板: sample_id=FDSW250185313-1r, test_no=Novaseq X Plus-PE150, index_seq=ATCGAATGCG;CGATATCTGC
2026-06-14 21:05:59.147 | INFO     | __main__:_validate_balance_injection_lane_state:7079 - Lane DLG55_TMP 候选平衡文库 FDSW250185313-1r 注入校验失败: ['10bp Index占比26.5%低于40%要求']
2026-06-14 21:05:59.147 | INFO     | __main__:_materialize_balance_library_for_lane:7277 - Lane DLG55_TMP 尝试补平衡文库模板: sample_id=FDSW250185316-1r, test_no=Novaseq X Plus-PE150, index_seq=TCATTGCACC;ATCGAAGCTC
2026-06-14 21:05:59.491 | INFO     | __main__:_validate_balance_injection_lane_state:7079 - Lane DLG55_TMP 候选平衡文库 FDSW250185316-1r 注入校验失败: ['10bp Index占比26.5%低于40%要求']
2026-06-14 21:06:00.407 | WARNING  | __main__:_materialize_balance_library_for_lane:7402 - Lane DLG55_TMP 平衡文库补充失败: 需补 107.284G，实验室=天津科技服务实验室，工序=Novaseq X Plus-PE150
2026-06-14 21:06:03.714 | INFO     | __main__:_materialize_balance_library_for_lane:7277 - Lane DLG55_TMP 尝试补平衡文库模板: sample_id=phix, test_no=Novaseq X Plus-PE150, index_seq=GGGGGGGGGG;ACCGAGATCT
2026-06-14 21:06:04.059 | INFO     | __main__:_validate_balance_injection_lane_state:7079 - Lane DLG55_TMP 候选平衡文库 phix 注入校验失败: ['10bp Index占比26.5%低于40%要求']
2026-06-14 21:06:04.059 | INFO     | __main__:_materialize_balance_library_for_lane:7277 - Lane DLG55_TMP 尝试补平衡文库模板: sample_id=FDSW250185295-1r, test_no=Novaseq X Plus-PE150, index_seq=AGCATCGAGT;AGCATCCTCA
2026-06-14 21:06:04.404 | INFO     | __main__:_validate_balance_injection_lane_state:7079 - Lane DLG55_TMP 候选平衡文库 FDSW250185295-1r 注入校验失败: ['10bp Index占比26.5%低于40%要求']
2026-06-14 21:06:04.404 | INFO     | __main__:_materialize_balance_library_for_lane:7277 - Lane DLG55_TMP 尝试补平衡文库模板: sample_id=FDSW250185296-1r, test_no=Novaseq X Plus-PE150, index_seq=CTCACACTGA;CTCACACATG
2026-06-14 21:06:04.748 | INFO     | __main__:_validate_balance_injection_lane_state:7079 - Lane DLG55_TMP 候选平衡文库 FDSW250185296-1r 注入校验失败: ['10bp Index占比26.5%低于40%要求']
2026-06-14 21:06:04.748 | INFO     | __main__:_materialize_balance_library_for_lane:7277 - Lane DLG55_TMP 尝试补平衡文库模板: sample_id=FDSW250185298-1r, test_no=Novaseq X Plus-PE150, index_seq=CCGACTAGAT;CCGACTAAGA
2026-06-14 21:06:05.092 | INFO     | __main__:_validate_balance_injection_lane_state:7079 - Lane DLG55_TMP 候选平衡文库 FDSW250185298-1r 注入校验失败: ['10bp Index占比26.5%低于40%要求']
2026-06-14 21:06:05.092 | INFO     | __main__:_materialize_balance_library_for_lane:7277 - Lane DLG55_TMP 尝试补平衡文库模板: sample_id=FDSW250185306-1r, test_no=Novaseq X Plus-PE150, index_seq=ACAGAGCGAT;GACTACTCAC
2026-06-14 21:06:05.437 | INFO     | __main__:_validate_balance_injection_lane_state:7079 - Lane DLG55_TMP 候选平衡文库 FDSW250185306-1r 注入校验失败: ['10bp Index占比26.5%低于40%要求']
2026-06-14 21:06:05.437 | INFO     | __main__:_materialize_balance_library_for_lane:7277 - Lane DLG55_TMP 尝试补平衡文库模板: sample_id=FDSW250185309-1r, test_no=Novaseq X Plus-PE150, index_seq=GTCACACACT;CAAGTGCTTC
2026-06-14 21:06:05.781 | INFO     | __main__:_validate_balance_injection_lane_state:7079 - Lane DLG55_TMP 候选平衡文库 FDSW250185309-1r 注入校验失败: ['10bp Index占比26.5%低于40%要求']
2026-06-14 21:06:05.781 | INFO     | __main__:_materialize_balance_library_for_lane:7277 - Lane DLG55_TMP 尝试补平衡文库模板: sample_id=FDSW250185313-1r, test_no=Novaseq X Plus-PE150, index_seq=ATCGAATGCG;CGATATCTGC
2026-06-14 21:06:06.125 | INFO     | __main__:_validate_balance_injection_lane_state:7079 - Lane DLG55_TMP 候选平衡文库 FDSW250185313-1r 注入校验失败: ['10bp Index占比26.5%低于40%要求']
2026-06-14 21:06:06.125 | INFO     | __main__:_materialize_balance_library_for_lane:7277 - Lane DLG55_TMP 尝试补平衡文库模板: sample_id=FDSW250185316-1r, test_no=Novaseq X Plus-PE150, index_seq=TCATTGCACC;ATCGAAGCTC
2026-06-14 21:06:06.470 | INFO     | __main__:_validate_balance_injection_lane_state:7079 - Lane DLG55_TMP 候选平衡文库 FDSW250185316-1r 注入校验失败: ['10bp Index占比26.5%低于40%要求']
2026-06-14 21:06:07.390 | WARNING  | __main__:_materialize_balance_library_for_lane:7402 - Lane DLG55_TMP 平衡文库补充失败: 需补 107.284G，实验室=天津科技服务实验室，工序=Novaseq X Plus-PE150
2026-06-14 21:06:10.698 | INFO     | __main__:_materialize_balance_library_for_lane:7277 - Lane DLG55_TMP 尝试补平衡文库模板: sample_id=phix, test_no=Novaseq X Plus-PE150, index_seq=GGGGGGGGGG;ACCGAGATCT
2026-06-14 21:06:11.042 | INFO     | __main__:_validate_balance_injection_lane_state:7079 - Lane DLG55_TMP 候选平衡文库 phix 注入校验失败: ['10bp Index占比26.5%低于40%要求']
2026-06-14 21:06:11.042 | INFO     | __main__:_materialize_balance_library_for_lane:7277 - Lane DLG55_TMP 尝试补平衡文库模板: sample_id=FDSW250185295-1r, test_no=Novaseq X Plus-PE150, index_seq=AGCATCGAGT;AGCATCCTCA
2026-06-14 21:06:11.387 | INFO     | __main__:_validate_balance_injection_lane_state:7079 - Lane DLG55_TMP 候选平衡文库 FDSW250185295-1r 注入校验失败: ['10bp Index占比26.5%低于40%要求']
2026-06-14 21:06:11.387 | INFO     | __main__:_materialize_balance_library_for_lane:7277 - Lane DLG55_TMP 尝试补平衡文库模板: sample_id=FDSW250185296-1r, test_no=Novaseq X Plus-PE150, index_seq=CTCACACTGA;CTCACACATG
2026-06-14 21:06:11.733 | INFO     | __main__:_validate_balance_injection_lane_state:7079 - Lane DLG55_TMP 候选平衡文库 FDSW250185296-1r 注入校验失败: ['10bp Index占比26.5%低于40%要求']
2026-06-14 21:06:11.733 | INFO     | __main__:_materialize_balance_library_for_lane:7277 - Lane DLG55_TMP 尝试补平衡文库模板: sample_id=FDSW250185298-1r, test_no=Novaseq X Plus-PE150, index_seq=CCGACTAGAT;CCGACTAAGA
2026-06-14 21:06:12.076 | INFO     | __main__:_validate_balance_injection_lane_state:7079 - Lane DLG55_TMP 候选平衡文库 FDSW250185298-1r 注入校验失败: ['10bp Index占比26.5%低于40%要求']
2026-06-14 21:06:12.076 | INFO     | __main__:_materialize_balance_library_for_lane:7277 - Lane DLG55_TMP 尝试补平衡文库模板: sample_id=FDSW250185306-1r, test_no=Novaseq X Plus-PE150, index_seq=ACAGAGCGAT;GACTACTCAC
2026-06-14 21:06:12.419 | INFO     | __main__:_validate_balance_injection_lane_state:7079 - Lane DLG55_TMP 候选平衡文库 FDSW250185306-1r 注入校验失败: ['10bp Index占比26.5%低于40%要求']
2026-06-14 21:06:12.419 | INFO     | __main__:_materialize_balance_library_for_lane:7277 - Lane DLG55_TMP 尝试补平衡文库模板: sample_id=FDSW250185309-1r, test_no=Novaseq X Plus-PE150, index_seq=GTCACACACT;CAAGTGCTTC
2026-06-14 21:06:12.763 | INFO     | __main__:_validate_balance_injection_lane_state:7079 - Lane DLG55_TMP 候选平衡文库 FDSW250185309-1r 注入校验失败: ['10bp Index占比26.5%低于40%要求']
2026-06-14 21:06:12.764 | INFO     | __main__:_materialize_balance_library_for_lane:7277 - Lane DLG55_TMP 尝试补平衡文库模板: sample_id=FDSW250185313-1r, test_no=Novaseq X Plus-PE150, index_seq=ATCGAATGCG;CGATATCTGC
2026-06-14 21:06:13.110 | INFO     | __main__:_validate_balance_injection_lane_state:7079 - Lane DLG55_TMP 候选平衡文库 FDSW250185313-1r 注入校验失败: ['10bp Index占比26.5%低于40%要求']
2026-06-14 21:06:13.110 | INFO     | __main__:_materialize_balance_library_for_lane:7277 - Lane DLG55_TMP 尝试补平衡文库模板: sample_id=FDSW250185316-1r, test_no=Novaseq X Plus-PE150, index_seq=TCATTGCACC;ATCGAAGCTC
2026-06-14 21:06:13.455 | INFO     | __main__:_validate_balance_injection_lane_state:7079 - Lane DLG55_TMP 候选平衡文库 FDSW250185316-1r 注入校验失败: ['10bp Index占比26.5%低于40%要求']
2026-06-14 21:06:14.372 | WARNING  | __main__:_materialize_balance_library_for_lane:7402 - Lane DLG55_TMP 平衡文库补充失败: 需补 107.284G，实验室=天津科技服务实验室，工序=Novaseq X Plus-PE150
2026-06-14 21:06:17.684 | INFO     | __main__:_materialize_balance_library_for_lane:7277 - Lane DLG55_TMP 尝试补平衡文库模板: sample_id=phix, test_no=Novaseq X Plus-PE150, index_seq=GGGGGGGGGG;ACCGAGATCT
2026-06-14 21:06:18.028 | INFO     | __main__:_validate_balance_injection_lane_state:7079 - Lane DLG55_TMP 候选平衡文库 phix 注入校验失败: ['10bp Index占比26.5%低于40%要求']
2026-06-14 21:06:18.028 | INFO     | __main__:_materialize_balance_library_for_lane:7277 - Lane DLG55_TMP 尝试补平衡文库模板: sample_id=FDSW250185295-1r, test_no=Novaseq X Plus-PE150, index_seq=AGCATCGAGT;AGCATCCTCA
2026-06-14 21:06:18.371 | INFO     | __main__:_validate_balance_injection_lane_state:7079 - Lane DLG55_TMP 候选平衡文库 FDSW250185295-1r 注入校验失败: ['10bp Index占比26.5%低于40%要求']
2026-06-14 21:06:18.371 | INFO     | __main__:_materialize_balance_library_for_lane:7277 - Lane DLG55_TMP 尝试补平衡文库模板: sample_id=FDSW250185296-1r, test_no=Novaseq X Plus-PE150, index_seq=CTCACACTGA;CTCACACATG
2026-06-14 21:06:18.716 | INFO     | __main__:_validate_balance_injection_lane_state:7079 - Lane DLG55_TMP 候选平衡文库 FDSW250185296-1r 注入校验失败: ['10bp Index占比26.5%低于40%要求']
2026-06-14 21:06:18.716 | INFO     | __main__:_materialize_balance_library_for_lane:7277 - Lane DLG55_TMP 尝试补平衡文库模板: sample_id=FDSW250185298-1r, test_no=Novaseq X Plus-PE150, index_seq=CCGACTAGAT;CCGACTAAGA
2026-06-14 21:06:19.061 | INFO     | __main__:_validate_balance_injection_lane_state:7079 - Lane DLG55_TMP 候选平衡文库 FDSW250185298-1r 注入校验失败: ['10bp Index占比26.5%低于40%要求']
2026-06-14 21:06:19.061 | INFO     | __main__:_materialize_balance_library_for_lane:7277 - Lane DLG55_TMP 尝试补平衡文库模板: sample_id=FDSW250185306-1r, test_no=Novaseq X Plus-PE150, index_seq=ACAGAGCGAT;GACTACTCAC
2026-06-14 21:06:19.404 | INFO     | __main__:_validate_balance_injection_lane_state:7079 - Lane DLG55_TMP 候选平衡文库 FDSW250185306-1r 注入校验失败: ['10bp Index占比26.5%低于40%要求']
2026-06-14 21:06:19.404 | INFO     | __main__:_materialize_balance_library_for_lane:7277 - Lane DLG55_TMP 尝试补平衡文库模板: sample_id=FDSW250185309-1r, test_no=Novaseq X Plus-PE150, index_seq=GTCACACACT;CAAGTGCTTC
2026-06-14 21:06:19.747 | INFO     | __main__:_validate_balance_injection_lane_state:7079 - Lane DLG55_TMP 候选平衡文库 FDSW250185309-1r 注入校验失败: ['10bp Index占比26.5%低于40%要求']
2026-06-14 21:06:19.748 | INFO     | __main__:_materialize_balance_library_for_lane:7277 - Lane DLG55_TMP 尝试补平衡文库模板: sample_id=FDSW250185313-1r, test_no=Novaseq X Plus-PE150, index_seq=ATCGAATGCG;CGATATCTGC
2026-06-14 21:06:20.090 | INFO     | __main__:_validate_balance_injection_lane_state:7079 - Lane DLG55_TMP 候选平衡文库 FDSW250185313-1r 注入校验失败: ['10bp Index占比26.5%低于40%要求']
2026-06-14 21:06:20.090 | INFO     | __main__:_materialize_balance_library_for_lane:7277 - Lane DLG55_TMP 尝试补平衡文库模板: sample_id=FDSW250185316-1r, test_no=Novaseq X Plus-PE150, index_seq=TCATTGCACC;ATCGAAGCTC
2026-06-14 21:06:20.433 | INFO     | __main__:_validate_balance_injection_lane_state:7079 - Lane DLG55_TMP 候选平衡文库 FDSW250185316-1r 注入校验失败: ['10bp Index占比26.5%低于40%要求']
2026-06-14 21:06:21.347 | WARNING  | __main__:_materialize_balance_library_for_lane:7402 - Lane DLG55_TMP 平衡文库补充失败: 需补 107.284G，实验室=天津科技服务实验室，工序=Novaseq X Plus-PE150
2026-06-14 21:06:23.695 | INFO     | __main__:_materialize_balance_library_for_lane:7277 - Lane DLG55_TMP 尝试补平衡文库模板: sample_id=phix, test_no=Novaseq X Plus-PE150, index_seq=GGGGGGGGGG;ACCGAGATCT
2026-06-14 21:06:24.037 | INFO     | __main__:_validate_balance_injection_lane_state:7079 - Lane DLG55_TMP 候选平衡文库 phix 注入校验失败: ['10bp Index占比26.9%低于40%要求']
2026-06-14 21:06:24.037 | INFO     | __main__:_materialize_balance_library_for_lane:7277 - Lane DLG55_TMP 尝试补平衡文库模板: sample_id=FDSW250185295-1r, test_no=Novaseq X Plus-PE150, index_seq=AGCATCGAGT;AGCATCCTCA
2026-06-14 21:06:24.379 | INFO     | __main__:_validate_balance_injection_lane_state:7079 - Lane DLG55_TMP 候选平衡文库 FDSW250185295-1r 注入校验失败: ['10bp Index占比26.9%低于40%要求']
2026-06-14 21:06:24.379 | INFO     | __main__:_materialize_balance_library_for_lane:7277 - Lane DLG55_TMP 尝试补平衡文库模板: sample_id=FDSW250185296-1r, test_no=Novaseq X Plus-PE150, index_seq=CTCACACTGA;CTCACACATG
2026-06-14 21:06:24.720 | INFO     | __main__:_validate_balance_injection_lane_state:7079 - Lane DLG55_TMP 候选平衡文库 FDSW250185296-1r 注入校验失败: ['10bp Index占比26.9%低于40%要求']
2026-06-14 21:06:24.720 | INFO     | __main__:_materialize_balance_library_for_lane:7277 - Lane DLG55_TMP 尝试补平衡文库模板: sample_id=FDSW250185298-1r, test_no=Novaseq X Plus-PE150, index_seq=CCGACTAGAT;CCGACTAAGA
2026-06-14 21:06:25.063 | INFO     | __main__:_validate_balance_injection_lane_state:7079 - Lane DLG55_TMP 候选平衡文库 FDSW250185298-1r 注入校验失败: ['10bp Index占比26.9%低于40%要求']
2026-06-14 21:06:25.063 | INFO     | __main__:_materialize_balance_library_for_lane:7277 - Lane DLG55_TMP 尝试补平衡文库模板: sample_id=FDSW250185306-1r, test_no=Novaseq X Plus-PE150, index_seq=ACAGAGCGAT;GACTACTCAC
2026-06-14 21:06:25.404 | INFO     | __main__:_validate_balance_injection_lane_state:7079 - Lane DLG55_TMP 候选平衡文库 FDSW250185306-1r 注入校验失败: ['10bp Index占比26.9%低于40%要求']
2026-06-14 21:06:25.404 | INFO     | __main__:_materialize_balance_library_for_lane:7277 - Lane DLG55_TMP 尝试补平衡文库模板: sample_id=FDSW250185309-1r, test_no=Novaseq X Plus-PE150, index_seq=GTCACACACT;CAAGTGCTTC
2026-06-14 21:06:25.746 | INFO     | __main__:_validate_balance_injection_lane_state:7079 - Lane DLG55_TMP 候选平衡文库 FDSW250185309-1r 注入校验失败: ['10bp Index占比26.9%低于40%要求']
2026-06-14 21:06:25.746 | INFO     | __main__:_materialize_balance_library_for_lane:7277 - Lane DLG55_TMP 尝试补平衡文库模板: sample_id=FDSW250185313-1r, test_no=Novaseq X Plus-PE150, index_seq=ATCGAATGCG;CGATATCTGC
2026-06-14 21:06:26.088 | INFO     | __main__:_validate_balance_injection_lane_state:7079 - Lane DLG55_TMP 候选平衡文库 FDSW250185313-1r 注入校验失败: ['10bp Index占比26.9%低于40%要求']
2026-06-14 21:06:26.088 | INFO     | __main__:_materialize_balance_library_for_lane:7277 - Lane DLG55_TMP 尝试补平衡文库模板: sample_id=FDSW250185316-1r, test_no=Novaseq X Plus-PE150, index_seq=TCATTGCACC;ATCGAAGCTC
2026-06-14 21:06:26.431 | INFO     | __main__:_validate_balance_injection_lane_state:7079 - Lane DLG55_TMP 候选平衡文库 FDSW250185316-1r 注入校验失败: ['10bp Index占比26.9%低于40%要求']
2026-06-14 21:06:27.343 | WARNING  | __main__:_materialize_balance_library_for_lane:7402 - Lane DLG55_TMP 平衡文库补充失败: 需补 107.442G，实验室=天津科技服务实验室，工序=Novaseq X Plus-PE150
2026-06-14 21:06:29.686 | INFO     | __main__:_materialize_balance_library_for_lane:7277 - Lane DLG55_TMP 尝试补平衡文库模板: sample_id=phix, test_no=Novaseq X Plus-PE150, index_seq=GGGGGGGGGG;ACCGAGATCT
2026-06-14 21:06:30.028 | INFO     | __main__:_validate_balance_injection_lane_state:7079 - Lane DLG55_TMP 候选平衡文库 phix 注入校验失败: ['10bp Index占比26.9%低于40%要求']
2026-06-14 21:06:30.029 | INFO     | __main__:_materialize_balance_library_for_lane:7277 - Lane DLG55_TMP 尝试补平衡文库模板: sample_id=FDSW250185295-1r, test_no=Novaseq X Plus-PE150, index_seq=AGCATCGAGT;AGCATCCTCA
2026-06-14 21:06:30.371 | INFO     | __main__:_validate_balance_injection_lane_state:7079 - Lane DLG55_TMP 候选平衡文库 FDSW250185295-1r 注入校验失败: ['10bp Index占比26.9%低于40%要求']
2026-06-14 21:06:30.371 | INFO     | __main__:_materialize_balance_library_for_lane:7277 - Lane DLG55_TMP 尝试补平衡文库模板: sample_id=FDSW250185296-1r, test_no=Novaseq X Plus-PE150, index_seq=CTCACACTGA;CTCACACATG
2026-06-14 21:06:30.713 | INFO     | __main__:_validate_balance_injection_lane_state:7079 - Lane DLG55_TMP 候选平衡文库 FDSW250185296-1r 注入校验失败: ['10bp Index占比26.9%低于40%要求']
2026-06-14 21:06:30.714 | INFO     | __main__:_materialize_balance_library_for_lane:7277 - Lane DLG55_TMP 尝试补平衡文库模板: sample_id=FDSW250185298-1r, test_no=Novaseq X Plus-PE150, index_seq=CCGACTAGAT;CCGACTAAGA
2026-06-14 21:06:31.055 | INFO     | __main__:_validate_balance_injection_lane_state:7079 - Lane DLG55_TMP 候选平衡文库 FDSW250185298-1r 注入校验失败: ['10bp Index占比26.9%低于40%要求']
2026-06-14 21:06:31.055 | INFO     | __main__:_materialize_balance_library_for_lane:7277 - Lane DLG55_TMP 尝试补平衡文库模板: sample_id=FDSW250185306-1r, test_no=Novaseq X Plus-PE150, index_seq=ACAGAGCGAT;GACTACTCAC
2026-06-14 21:06:31.397 | INFO     | __main__:_validate_balance_injection_lane_state:7079 - Lane DLG55_TMP 候选平衡文库 FDSW250185306-1r 注入校验失败: ['10bp Index占比26.9%低于40%要求']
2026-06-14 21:06:31.397 | INFO     | __main__:_materialize_balance_library_for_lane:7277 - Lane DLG55_TMP 尝试补平衡文库模板: sample_id=FDSW250185309-1r, test_no=Novaseq X Plus-PE150, index_seq=GTCACACACT;CAAGTGCTTC
2026-06-14 21:06:31.740 | INFO     | __main__:_validate_balance_injection_lane_state:7079 - Lane DLG55_TMP 候选平衡文库 FDSW250185309-1r 注入校验失败: ['10bp Index占比26.9%低于40%要求']
2026-06-14 21:06:31.740 | INFO     | __main__:_materialize_balance_library_for_lane:7277 - Lane DLG55_TMP 尝试补平衡文库模板: sample_id=FDSW250185313-1r, test_no=Novaseq X Plus-PE150, index_seq=ATCGAATGCG;CGATATCTGC
2026-06-14 21:06:32.082 | INFO     | __main__:_validate_balance_injection_lane_state:7079 - Lane DLG55_TMP 候选平衡文库 FDSW250185313-1r 注入校验失败: ['10bp Index占比26.9%低于40%要求']
2026-06-14 21:06:32.082 | INFO     | __main__:_materialize_balance_library_for_lane:7277 - Lane DLG55_TMP 尝试补平衡文库模板: sample_id=FDSW250185316-1r, test_no=Novaseq X Plus-PE150, index_seq=TCATTGCACC;ATCGAAGCTC
2026-06-14 21:06:32.425 | INFO     | __main__:_validate_balance_injection_lane_state:7079 - Lane DLG55_TMP 候选平衡文库 FDSW250185316-1r 注入校验失败: ['10bp Index占比26.9%低于40%要求']
2026-06-14 21:06:33.339 | WARNING  | __main__:_materialize_balance_library_for_lane:7402 - Lane DLG55_TMP 平衡文库补充失败: 需补 107.442G，实验室=天津科技服务实验室，工序=Novaseq X Plus-PE150
2026-06-14 21:06:35.687 | INFO     | __main__:_materialize_balance_library_for_lane:7277 - Lane DLG55_TMP 尝试补平衡文库模板: sample_id=phix, test_no=Novaseq X Plus-PE150, index_seq=GGGGGGGGGG;ACCGAGATCT
2026-06-14 21:06:36.030 | INFO     | __main__:_validate_balance_injection_lane_state:7079 - Lane DLG55_TMP 候选平衡文库 phix 注入校验失败: ['10bp Index占比26.9%低于40%要求']
2026-06-14 21:06:36.030 | INFO     | __main__:_materialize_balance_library_for_lane:7277 - Lane DLG55_TMP 尝试补平衡文库模板: sample_id=FDSW250185295-1r, test_no=Novaseq X Plus-PE150, index_seq=AGCATCGAGT;AGCATCCTCA
2026-06-14 21:06:36.371 | INFO     | __main__:_validate_balance_injection_lane_state:7079 - Lane DLG55_TMP 候选平衡文库 FDSW250185295-1r 注入校验失败: ['10bp Index占比26.9%低于40%要求']
2026-06-14 21:06:36.371 | INFO     | __main__:_materialize_balance_library_for_lane:7277 - Lane DLG55_TMP 尝试补平衡文库模板: sample_id=FDSW250185296-1r, test_no=Novaseq X Plus-PE150, index_seq=CTCACACTGA;CTCACACATG
2026-06-14 21:06:36.714 | INFO     | __main__:_validate_balance_injection_lane_state:7079 - Lane DLG55_TMP 候选平衡文库 FDSW250185296-1r 注入校验失败: ['10bp Index占比26.9%低于40%要求']
2026-06-14 21:06:36.715 | INFO     | __main__:_materialize_balance_library_for_lane:7277 - Lane DLG55_TMP 尝试补平衡文库模板: sample_id=FDSW250185298-1r, test_no=Novaseq X Plus-PE150, index_seq=CCGACTAGAT;CCGACTAAGA
2026-06-14 21:06:37.056 | INFO     | __main__:_validate_balance_injection_lane_state:7079 - Lane DLG55_TMP 候选平衡文库 FDSW250185298-1r 注入校验失败: ['10bp Index占比26.9%低于40%要求']
2026-06-14 21:06:37.056 | INFO     | __main__:_materialize_balance_library_for_lane:7277 - Lane DLG55_TMP 尝试补平衡文库模板: sample_id=FDSW250185306-1r, test_no=Novaseq X Plus-PE150, index_seq=ACAGAGCGAT;GACTACTCAC
2026-06-14 21:06:37.399 | INFO     | __main__:_validate_balance_injection_lane_state:7079 - Lane DLG55_TMP 候选平衡文库 FDSW250185306-1r 注入校验失败: ['10bp Index占比26.9%低于40%要求']
2026-06-14 21:06:37.399 | INFO     | __main__:_materialize_balance_library_for_lane:7277 - Lane DLG55_TMP 尝试补平衡文库模板: sample_id=FDSW250185309-1r, test_no=Novaseq X Plus-PE150, index_seq=GTCACACACT;CAAGTGCTTC
2026-06-14 21:06:37.741 | INFO     | __main__:_validate_balance_injection_lane_state:7079 - Lane DLG55_TMP 候选平衡文库 FDSW250185309-1r 注入校验失败: ['10bp Index占比26.9%低于40%要求']
2026-06-14 21:06:37.741 | INFO     | __main__:_materialize_balance_library_for_lane:7277 - Lane DLG55_TMP 尝试补平衡文库模板: sample_id=FDSW250185313-1r, test_no=Novaseq X Plus-PE150, index_seq=ATCGAATGCG;CGATATCTGC
2026-06-14 21:06:38.085 | INFO     | __main__:_validate_balance_injection_lane_state:7079 - Lane DLG55_TMP 候选平衡文库 FDSW250185313-1r 注入校验失败: ['10bp Index占比26.9%低于40%要求']
2026-06-14 21:06:38.085 | INFO     | __main__:_materialize_balance_library_for_lane:7277 - Lane DLG55_TMP 尝试补平衡文库模板: sample_id=FDSW250185316-1r, test_no=Novaseq X Plus-PE150, index_seq=TCATTGCACC;ATCGAAGCTC
2026-06-14 21:06:38.429 | INFO     | __main__:_validate_balance_injection_lane_state:7079 - Lane DLG55_TMP 候选平衡文库 FDSW250185316-1r 注入校验失败: ['10bp Index占比26.9%低于40%要求']
2026-06-14 21:06:39.341 | WARNING  | __main__:_materialize_balance_library_for_lane:7402 - Lane DLG55_TMP 平衡文库补充失败: 需补 107.442G，实验室=天津科技服务实验室，工序=Novaseq X Plus-PE150
2026-06-14 21:06:41.687 | INFO     | __main__:_materialize_balance_library_for_lane:7277 - Lane DLG55_TMP 尝试补平衡文库模板: sample_id=phix, test_no=Novaseq X Plus-PE150, index_seq=GGGGGGGGGG;ACCGAGATCT
2026-06-14 21:06:42.029 | INFO     | __main__:_validate_balance_injection_lane_state:7079 - Lane DLG55_TMP 候选平衡文库 phix 注入校验失败: ['10bp Index占比26.9%低于40%要求']
2026-06-14 21:06:42.029 | INFO     | __main__:_materialize_balance_library_for_lane:7277 - Lane DLG55_TMP 尝试补平衡文库模板: sample_id=FDSW250185295-1r, test_no=Novaseq X Plus-PE150, index_seq=AGCATCGAGT;AGCATCCTCA
2026-06-14 21:06:42.373 | INFO     | __main__:_validate_balance_injection_lane_state:7079 - Lane DLG55_TMP 候选平衡文库 FDSW250185295-1r 注入校验失败: ['10bp Index占比26.9%低于40%要求']
2026-06-14 21:06:42.373 | INFO     | __main__:_materialize_balance_library_for_lane:7277 - Lane DLG55_TMP 尝试补平衡文库模板: sample_id=FDSW250185296-1r, test_no=Novaseq X Plus-PE150, index_seq=CTCACACTGA;CTCACACATG
2026-06-14 21:06:42.717 | INFO     | __main__:_validate_balance_injection_lane_state:7079 - Lane DLG55_TMP 候选平衡文库 FDSW250185296-1r 注入校验失败: ['10bp Index占比26.9%低于40%要求']
2026-06-14 21:06:42.717 | INFO     | __main__:_materialize_balance_library_for_lane:7277 - Lane DLG55_TMP 尝试补平衡文库模板: sample_id=FDSW250185298-1r, test_no=Novaseq X Plus-PE150, index_seq=CCGACTAGAT;CCGACTAAGA
2026-06-14 21:06:43.059 | INFO     | __main__:_validate_balance_injection_lane_state:7079 - Lane DLG55_TMP 候选平衡文库 FDSW250185298-1r 注入校验失败: ['10bp Index占比26.9%低于40%要求']
2026-06-14 21:06:43.060 | INFO     | __main__:_materialize_balance_library_for_lane:7277 - Lane DLG55_TMP 尝试补平衡文库模板: sample_id=FDSW250185306-1r, test_no=Novaseq X Plus-PE150, index_seq=ACAGAGCGAT;GACTACTCAC
2026-06-14 21:06:43.402 | INFO     | __main__:_validate_balance_injection_lane_state:7079 - Lane DLG55_TMP 候选平衡文库 FDSW250185306-1r 注入校验失败: ['10bp Index占比26.9%低于40%要求']
2026-06-14 21:06:43.402 | INFO     | __main__:_materialize_balance_library_for_lane:7277 - Lane DLG55_TMP 尝试补平衡文库模板: sample_id=FDSW250185309-1r, test_no=Novaseq X Plus-PE150, index_seq=GTCACACACT;CAAGTGCTTC
2026-06-14 21:06:43.745 | INFO     | __main__:_validate_balance_injection_lane_state:7079 - Lane DLG55_TMP 候选平衡文库 FDSW250185309-1r 注入校验失败: ['10bp Index占比26.9%低于40%要求']
2026-06-14 21:06:43.745 | INFO     | __main__:_materialize_balance_library_for_lane:7277 - Lane DLG55_TMP 尝试补平衡文库模板: sample_id=FDSW250185313-1r, test_no=Novaseq X Plus-PE150, index_seq=ATCGAATGCG;CGATATCTGC
2026-06-14 21:06:44.089 | INFO     | __main__:_validate_balance_injection_lane_state:7079 - Lane DLG55_TMP 候选平衡文库 FDSW250185313-1r 注入校验失败: ['10bp Index占比26.9%低于40%要求']
2026-06-14 21:06:44.089 | INFO     | __main__:_materialize_balance_library_for_lane:7277 - Lane DLG55_TMP 尝试补平衡文库模板: sample_id=FDSW250185316-1r, test_no=Novaseq X Plus-PE150, index_seq=TCATTGCACC;ATCGAAGCTC
2026-06-14 21:06:44.432 | INFO     | __main__:_validate_balance_injection_lane_state:7079 - Lane DLG55_TMP 候选平衡文库 FDSW250185316-1r 注入校验失败: ['10bp Index占比26.9%低于40%要求']
2026-06-14 21:06:45.342 | WARNING  | __main__:_materialize_balance_library_for_lane:7402 - Lane DLG55_TMP 平衡文库补充失败: 需补 107.442G，实验室=天津科技服务实验室，工序=Novaseq X Plus-PE150
2026-06-14 21:06:47.685 | INFO     | __main__:_materialize_balance_library_for_lane:7277 - Lane DLG55_TMP 尝试补平衡文库模板: sample_id=phix, test_no=Novaseq X Plus-PE150, index_seq=GGGGGGGGGG;ACCGAGATCT
2026-06-14 21:06:48.028 | INFO     | __main__:_validate_balance_injection_lane_state:7079 - Lane DLG55_TMP 候选平衡文库 phix 注入校验失败: ['10bp Index占比26.9%低于40%要求']
2026-06-14 21:06:48.028 | INFO     | __main__:_materialize_balance_library_for_lane:7277 - Lane DLG55_TMP 尝试补平衡文库模板: sample_id=FDSW250185295-1r, test_no=Novaseq X Plus-PE150, index_seq=AGCATCGAGT;AGCATCCTCA
2026-06-14 21:06:48.374 | INFO     | __main__:_validate_balance_injection_lane_state:7079 - Lane DLG55_TMP 候选平衡文库 FDSW250185295-1r 注入校验失败: ['10bp Index占比26.9%低于40%要求']
2026-06-14 21:06:48.375 | INFO     | __main__:_materialize_balance_library_for_lane:7277 - Lane DLG55_TMP 尝试补平衡文库模板: sample_id=FDSW250185296-1r, test_no=Novaseq X Plus-PE150, index_seq=CTCACACTGA;CTCACACATG
2026-06-14 21:06:48.718 | INFO     | __main__:_validate_balance_injection_lane_state:7079 - Lane DLG55_TMP 候选平衡文库 FDSW250185296-1r 注入校验失败: ['10bp Index占比26.9%低于40%要求']
2026-06-14 21:06:48.718 | INFO     | __main__:_materialize_balance_library_for_lane:7277 - Lane DLG55_TMP 尝试补平衡文库模板: sample_id=FDSW250185298-1r, test_no=Novaseq X Plus-PE150, index_seq=CCGACTAGAT;CCGACTAAGA
2026-06-14 21:06:49.060 | INFO     | __main__:_validate_balance_injection_lane_state:7079 - Lane DLG55_TMP 候选平衡文库 FDSW250185298-1r 注入校验失败: ['10bp Index占比26.9%低于40%要求']
2026-06-14 21:06:49.060 | INFO     | __main__:_materialize_balance_library_for_lane:7277 - Lane DLG55_TMP 尝试补平衡文库模板: sample_id=FDSW250185306-1r, test_no=Novaseq X Plus-PE150, index_seq=ACAGAGCGAT;GACTACTCAC
2026-06-14 21:06:49.402 | INFO     | __main__:_validate_balance_injection_lane_state:7079 - Lane DLG55_TMP 候选平衡文库 FDSW250185306-1r 注入校验失败: ['10bp Index占比26.9%低于40%要求']
2026-06-14 21:06:49.403 | INFO     | __main__:_materialize_balance_library_for_lane:7277 - Lane DLG55_TMP 尝试补平衡文库模板: sample_id=FDSW250185309-1r, test_no=Novaseq X Plus-PE150, index_seq=GTCACACACT;CAAGTGCTTC
2026-06-14 21:06:49.745 | INFO     | __main__:_validate_balance_injection_lane_state:7079 - Lane DLG55_TMP 候选平衡文库 FDSW250185309-1r 注入校验失败: ['10bp Index占比26.9%低于40%要求']
2026-06-14 21:06:49.746 | INFO     | __main__:_materialize_balance_library_for_lane:7277 - Lane DLG55_TMP 尝试补平衡文库模板: sample_id=FDSW250185313-1r, test_no=Novaseq X Plus-PE150, index_seq=ATCGAATGCG;CGATATCTGC
2026-06-14 21:06:50.088 | INFO     | __main__:_validate_balance_injection_lane_state:7079 - Lane DLG55_TMP 候选平衡文库 FDSW250185313-1r 注入校验失败: ['10bp Index占比26.9%低于40%要求']
2026-06-14 21:06:50.088 | INFO     | __main__:_materialize_balance_library_for_lane:7277 - Lane DLG55_TMP 尝试补平衡文库模板: sample_id=FDSW250185316-1r, test_no=Novaseq X Plus-PE150, index_seq=TCATTGCACC;ATCGAAGCTC
2026-06-14 21:06:50.434 | INFO     | __main__:_validate_balance_injection_lane_state:7079 - Lane DLG55_TMP 候选平衡文库 FDSW250185316-1r 注入校验失败: ['10bp Index占比26.9%低于40%要求']
2026-06-14 21:06:51.355 | WARNING  | __main__:_materialize_balance_library_for_lane:7402 - Lane DLG55_TMP 平衡文库补充失败: 需补 107.442G，实验室=天津科技服务实验室，工序=Novaseq X Plus-PE150
2026-06-14 21:06:53.699 | INFO     | __main__:_materialize_balance_library_for_lane:7277 - Lane DLG55_TMP 尝试补平衡文库模板: sample_id=phix, test_no=Novaseq X Plus-PE150, index_seq=GGGGGGGGGG;ACCGAGATCT
2026-06-14 21:06:54.040 | INFO     | __main__:_validate_balance_injection_lane_state:7079 - Lane DLG55_TMP 候选平衡文库 phix 注入校验失败: ['10bp Index占比26.9%低于40%要求']
2026-06-14 21:06:54.040 | INFO     | __main__:_materialize_balance_library_for_lane:7277 - Lane DLG55_TMP 尝试补平衡文库模板: sample_id=FDSW250185295-1r, test_no=Novaseq X Plus-PE150, index_seq=AGCATCGAGT;AGCATCCTCA
2026-06-14 21:06:54.389 | INFO     | __main__:_validate_balance_injection_lane_state:7079 - Lane DLG55_TMP 候选平衡文库 FDSW250185295-1r 注入校验失败: ['10bp Index占比26.9%低于40%要求']
2026-06-14 21:06:54.390 | INFO     | __main__:_materialize_balance_library_for_lane:7277 - Lane DLG55_TMP 尝试补平衡文库模板: sample_id=FDSW250185296-1r, test_no=Novaseq X Plus-PE150, index_seq=CTCACACTGA;CTCACACATG
2026-06-14 21:06:54.730 | INFO     | __main__:_validate_balance_injection_lane_state:7079 - Lane DLG55_TMP 候选平衡文库 FDSW250185296-1r 注入校验失败: ['10bp Index占比26.9%低于40%要求']
2026-06-14 21:06:54.731 | INFO     | __main__:_materialize_balance_library_for_lane:7277 - Lane DLG55_TMP 尝试补平衡文库模板: sample_id=FDSW250185298-1r, test_no=Novaseq X Plus-PE150, index_seq=CCGACTAGAT;CCGACTAAGA
2026-06-14 21:06:55.072 | INFO     | __main__:_validate_balance_injection_lane_state:7079 - Lane DLG55_TMP 候选平衡文库 FDSW250185298-1r 注入校验失败: ['10bp Index占比26.9%低于40%要求']
2026-06-14 21:06:55.072 | INFO     | __main__:_materialize_balance_library_for_lane:7277 - Lane DLG55_TMP 尝试补平衡文库模板: sample_id=FDSW250185306-1r, test_no=Novaseq X Plus-PE150, index_seq=ACAGAGCGAT;GACTACTCAC
2026-06-14 21:06:55.413 | INFO     | __main__:_validate_balance_injection_lane_state:7079 - Lane DLG55_TMP 候选平衡文库 FDSW250185306-1r 注入校验失败: ['10bp Index占比26.9%低于40%要求']
2026-06-14 21:06:55.414 | INFO     | __main__:_materialize_balance_library_for_lane:7277 - Lane DLG55_TMP 尝试补平衡文库模板: sample_id=FDSW250185309-1r, test_no=Novaseq X Plus-PE150, index_seq=GTCACACACT;CAAGTGCTTC
2026-06-14 21:06:55.755 | INFO     | __main__:_validate_balance_injection_lane_state:7079 - Lane DLG55_TMP 候选平衡文库 FDSW250185309-1r 注入校验失败: ['10bp Index占比26.9%低于40%要求']
2026-06-14 21:06:55.755 | INFO     | __main__:_materialize_balance_library_for_lane:7277 - Lane DLG55_TMP 尝试补平衡文库模板: sample_id=FDSW250185313-1r, test_no=Novaseq X Plus-PE150, index_seq=ATCGAATGCG;CGATATCTGC
2026-06-14 21:06:56.097 | INFO     | __main__:_validate_balance_injection_lane_state:7079 - Lane DLG55_TMP 候选平衡文库 FDSW250185313-1r 注入校验失败: ['10bp Index占比26.9%低于40%要求']
2026-06-14 21:06:56.097 | INFO     | __main__:_materialize_balance_library_for_lane:7277 - Lane DLG55_TMP 尝试补平衡文库模板: sample_id=FDSW250185316-1r, test_no=Novaseq X Plus-PE150, index_seq=TCATTGCACC;ATCGAAGCTC
2026-06-14 21:06:56.440 | INFO     | __main__:_validate_balance_injection_lane_state:7079 - Lane DLG55_TMP 候选平衡文库 FDSW250185316-1r 注入校验失败: ['10bp Index占比26.9%低于40%要求']
2026-06-14 21:06:57.354 | WARNING  | __main__:_materialize_balance_library_for_lane:7402 - Lane DLG55_TMP 平衡文库补充失败: 需补 107.442G，实验室=天津科技服务实验室，工序=Novaseq X Plus-PE150
2026-06-14 21:06:59.696 | INFO     | __main__:_materialize_balance_library_for_lane:7277 - Lane DLG55_TMP 尝试补平衡文库模板: sample_id=phix, test_no=Novaseq X Plus-PE150, index_seq=GGGGGGGGGG;ACCGAGATCT
2026-06-14 21:07:00.038 | INFO     | __main__:_validate_balance_injection_lane_state:7079 - Lane DLG55_TMP 候选平衡文库 phix 注入校验失败: ['10bp Index占比26.9%低于40%要求']
2026-06-14 21:07:00.039 | INFO     | __main__:_materialize_balance_library_for_lane:7277 - Lane DLG55_TMP 尝试补平衡文库模板: sample_id=FDSW250185295-1r, test_no=Novaseq X Plus-PE150, index_seq=AGCATCGAGT;AGCATCCTCA
2026-06-14 21:07:00.380 | INFO     | __main__:_validate_balance_injection_lane_state:7079 - Lane DLG55_TMP 候选平衡文库 FDSW250185295-1r 注入校验失败: ['10bp Index占比26.9%低于40%要求']
2026-06-14 21:07:00.381 | INFO     | __main__:_materialize_balance_library_for_lane:7277 - Lane DLG55_TMP 尝试补平衡文库模板: sample_id=FDSW250185296-1r, test_no=Novaseq X Plus-PE150, index_seq=CTCACACTGA;CTCACACATG
2026-06-14 21:07:00.722 | INFO     | __main__:_validate_balance_injection_lane_state:7079 - Lane DLG55_TMP 候选平衡文库 FDSW250185296-1r 注入校验失败: ['10bp Index占比26.9%低于40%要求']
2026-06-14 21:07:00.722 | INFO     | __main__:_materialize_balance_library_for_lane:7277 - Lane DLG55_TMP 尝试补平衡文库模板: sample_id=FDSW250185298-1r, test_no=Novaseq X Plus-PE150, index_seq=CCGACTAGAT;CCGACTAAGA
2026-06-14 21:07:01.064 | INFO     | __main__:_validate_balance_injection_lane_state:7079 - Lane DLG55_TMP 候选平衡文库 FDSW250185298-1r 注入校验失败: ['10bp Index占比26.9%低于40%要求']
2026-06-14 21:07:01.065 | INFO     | __main__:_materialize_balance_library_for_lane:7277 - Lane DLG55_TMP 尝试补平衡文库模板: sample_id=FDSW250185306-1r, test_no=Novaseq X Plus-PE150, index_seq=ACAGAGCGAT;GACTACTCAC
2026-06-14 21:07:01.407 | INFO     | __main__:_validate_balance_injection_lane_state:7079 - Lane DLG55_TMP 候选平衡文库 FDSW250185306-1r 注入校验失败: ['10bp Index占比26.9%低于40%要求']
2026-06-14 21:07:01.407 | INFO     | __main__:_materialize_balance_library_for_lane:7277 - Lane DLG55_TMP 尝试补平衡文库模板: sample_id=FDSW250185309-1r, test_no=Novaseq X Plus-PE150, index_seq=GTCACACACT;CAAGTGCTTC
2026-06-14 21:07:01.750 | INFO     | __main__:_validate_balance_injection_lane_state:7079 - Lane DLG55_TMP 候选平衡文库 FDSW250185309-1r 注入校验失败: ['10bp Index占比26.9%低于40%要求']
2026-06-14 21:07:01.750 | INFO     | __main__:_materialize_balance_library_for_lane:7277 - Lane DLG55_TMP 尝试补平衡文库模板: sample_id=FDSW250185313-1r, test_no=Novaseq X Plus-PE150, index_seq=ATCGAATGCG;CGATATCTGC
2026-06-14 21:07:02.096 | INFO     | __main__:_validate_balance_injection_lane_state:7079 - Lane DLG55_TMP 候选平衡文库 FDSW250185313-1r 注入校验失败: ['10bp Index占比26.9%低于40%要求']
2026-06-14 21:07:02.097 | INFO     | __main__:_materialize_balance_library_for_lane:7277 - Lane DLG55_TMP 尝试补平衡文库模板: sample_id=FDSW250185316-1r, test_no=Novaseq X Plus-PE150, index_seq=TCATTGCACC;ATCGAAGCTC
2026-06-14 21:07:02.440 | INFO     | __main__:_validate_balance_injection_lane_state:7079 - Lane DLG55_TMP 候选平衡文库 FDSW250185316-1r 注入校验失败: ['10bp Index占比26.9%低于40%要求']
2026-06-14 21:07:03.356 | WARNING  | __main__:_materialize_balance_library_for_lane:7402 - Lane DLG55_TMP 平衡文库补充失败: 需补 107.442G，实验室=天津科技服务实验室，工序=Novaseq X Plus-PE150
2026-06-14 21:07:05.706 | INFO     | __main__:_materialize_balance_library_for_lane:7277 - Lane DLG55_TMP 尝试补平衡文库模板: sample_id=phix, test_no=Novaseq X Plus-PE150, index_seq=GGGGGGGGGG;ACCGAGATCT
2026-06-14 21:07:06.049 | INFO     | __main__:_validate_balance_injection_lane_state:7079 - Lane DLG55_TMP 候选平衡文库 phix 注入校验失败: ['10bp Index占比26.9%低于40%要求']
2026-06-14 21:07:06.049 | INFO     | __main__:_materialize_balance_library_for_lane:7277 - Lane DLG55_TMP 尝试补平衡文库模板: sample_id=FDSW250185295-1r, test_no=Novaseq X Plus-PE150, index_seq=AGCATCGAGT;AGCATCCTCA
2026-06-14 21:07:06.390 | INFO     | __main__:_validate_balance_injection_lane_state:7079 - Lane DLG55_TMP 候选平衡文库 FDSW250185295-1r 注入校验失败: ['10bp Index占比26.9%低于40%要求']
2026-06-14 21:07:06.391 | INFO     | __main__:_materialize_balance_library_for_lane:7277 - Lane DLG55_TMP 尝试补平衡文库模板: sample_id=FDSW250185296-1r, test_no=Novaseq X Plus-PE150, index_seq=CTCACACTGA;CTCACACATG
2026-06-14 21:07:06.732 | INFO     | __main__:_validate_balance_injection_lane_state:7079 - Lane DLG55_TMP 候选平衡文库 FDSW250185296-1r 注入校验失败: ['10bp Index占比26.9%低于40%要求']
2026-06-14 21:07:06.732 | INFO     | __main__:_materialize_balance_library_for_lane:7277 - Lane DLG55_TMP 尝试补平衡文库模板: sample_id=FDSW250185298-1r, test_no=Novaseq X Plus-PE150, index_seq=CCGACTAGAT;CCGACTAAGA
2026-06-14 21:07:07.074 | INFO     | __main__:_validate_balance_injection_lane_state:7079 - Lane DLG55_TMP 候选平衡文库 FDSW250185298-1r 注入校验失败: ['10bp Index占比26.9%低于40%要求']
2026-06-14 21:07:07.074 | INFO     | __main__:_materialize_balance_library_for_lane:7277 - Lane DLG55_TMP 尝试补平衡文库模板: sample_id=FDSW250185306-1r, test_no=Novaseq X Plus-PE150, index_seq=ACAGAGCGAT;GACTACTCAC
2026-06-14 21:07:07.415 | INFO     | __main__:_validate_balance_injection_lane_state:7079 - Lane DLG55_TMP 候选平衡文库 FDSW250185306-1r 注入校验失败: ['10bp Index占比26.9%低于40%要求']
2026-06-14 21:07:07.415 | INFO     | __main__:_materialize_balance_library_for_lane:7277 - Lane DLG55_TMP 尝试补平衡文库模板: sample_id=FDSW250185309-1r, test_no=Novaseq X Plus-PE150, index_seq=GTCACACACT;CAAGTGCTTC
2026-06-14 21:07:07.756 | INFO     | __main__:_validate_balance_injection_lane_state:7079 - Lane DLG55_TMP 候选平衡文库 FDSW250185309-1r 注入校验失败: ['10bp Index占比26.9%低于40%要求']
2026-06-14 21:07:07.757 | INFO     | __main__:_materialize_balance_library_for_lane:7277 - Lane DLG55_TMP 尝试补平衡文库模板: sample_id=FDSW250185313-1r, test_no=Novaseq X Plus-PE150, index_seq=ATCGAATGCG;CGATATCTGC
2026-06-14 21:07:08.099 | INFO     | __main__:_validate_balance_injection_lane_state:7079 - Lane DLG55_TMP 候选平衡文库 FDSW250185313-1r 注入校验失败: ['10bp Index占比26.9%低于40%要求']
2026-06-14 21:07:08.099 | INFO     | __main__:_materialize_balance_library_for_lane:7277 - Lane DLG55_TMP 尝试补平衡文库模板: sample_id=FDSW250185316-1r, test_no=Novaseq X Plus-PE150, index_seq=TCATTGCACC;ATCGAAGCTC
2026-06-14 21:07:08.441 | INFO     | __main__:_validate_balance_injection_lane_state:7079 - Lane DLG55_TMP 候选平衡文库 FDSW250185316-1r 注入校验失败: ['10bp Index占比26.9%低于40%要求']
2026-06-14 21:07:09.364 | WARNING  | __main__:_materialize_balance_library_for_lane:7402 - Lane DLG55_TMP 平衡文库补充失败: 需补 107.442G，实验室=天津科技服务实验室，工序=Novaseq X Plus-PE150
2026-06-14 21:07:11.711 | INFO     | __main__:_materialize_balance_library_for_lane:7277 - Lane DLG55_TMP 尝试补平衡文库模板: sample_id=phix, test_no=Novaseq X Plus-PE150, index_seq=GGGGGGGGGG;ACCGAGATCT
2026-06-14 21:07:12.053 | INFO     | __main__:_validate_balance_injection_lane_state:7079 - Lane DLG55_TMP 候选平衡文库 phix 注入校验失败: ['10bp Index占比26.9%低于40%要求']
2026-06-14 21:07:12.054 | INFO     | __main__:_materialize_balance_library_for_lane:7277 - Lane DLG55_TMP 尝试补平衡文库模板: sample_id=FDSW250185295-1r, test_no=Novaseq X Plus-PE150, index_seq=AGCATCGAGT;AGCATCCTCA
2026-06-14 21:07:12.396 | INFO     | __main__:_validate_balance_injection_lane_state:7079 - Lane DLG55_TMP 候选平衡文库 FDSW250185295-1r 注入校验失败: ['10bp Index占比26.9%低于40%要求']
2026-06-14 21:07:12.396 | INFO     | __main__:_materialize_balance_library_for_lane:7277 - Lane DLG55_TMP 尝试补平衡文库模板: sample_id=FDSW250185296-1r, test_no=Novaseq X Plus-PE150, index_seq=CTCACACTGA;CTCACACATG
2026-06-14 21:07:12.739 | INFO     | __main__:_validate_balance_injection_lane_state:7079 - Lane DLG55_TMP 候选平衡文库 FDSW250185296-1r 注入校验失败: ['10bp Index占比26.9%低于40%要求']
2026-06-14 21:07:12.739 | INFO     | __main__:_materialize_balance_library_for_lane:7277 - Lane DLG55_TMP 尝试补平衡文库模板: sample_id=FDSW250185298-1r, test_no=Novaseq X Plus-PE150, index_seq=CCGACTAGAT;CCGACTAAGA
2026-06-14 21:07:13.082 | INFO     | __main__:_validate_balance_injection_lane_state:7079 - Lane DLG55_TMP 候选平衡文库 FDSW250185298-1r 注入校验失败: ['10bp Index占比26.9%低于40%要求']
2026-06-14 21:07:13.082 | INFO     | __main__:_materialize_balance_library_for_lane:7277 - Lane DLG55_TMP 尝试补平衡文库模板: sample_id=FDSW250185306-1r, test_no=Novaseq X Plus-PE150, index_seq=ACAGAGCGAT;GACTACTCAC
2026-06-14 21:07:13.424 | INFO     | __main__:_validate_balance_injection_lane_state:7079 - Lane DLG55_TMP 候选平衡文库 FDSW250185306-1r 注入校验失败: ['10bp Index占比26.9%低于40%要求']
2026-06-14 21:07:13.424 | INFO     | __main__:_materialize_balance_library_for_lane:7277 - Lane DLG55_TMP 尝试补平衡文库模板: sample_id=FDSW250185309-1r, test_no=Novaseq X Plus-PE150, index_seq=GTCACACACT;CAAGTGCTTC
2026-06-14 21:07:13.765 | INFO     | __main__:_validate_balance_injection_lane_state:7079 - Lane DLG55_TMP 候选平衡文库 FDSW250185309-1r 注入校验失败: ['10bp Index占比26.9%低于40%要求']
2026-06-14 21:07:13.765 | INFO     | __main__:_materialize_balance_library_for_lane:7277 - Lane DLG55_TMP 尝试补平衡文库模板: sample_id=FDSW250185313-1r, test_no=Novaseq X Plus-PE150, index_seq=ATCGAATGCG;CGATATCTGC
2026-06-14 21:07:14.105 | INFO     | __main__:_validate_balance_injection_lane_state:7079 - Lane DLG55_TMP 候选平衡文库 FDSW250185313-1r 注入校验失败: ['10bp Index占比26.9%低于40%要求']
2026-06-14 21:07:14.105 | INFO     | __main__:_materialize_balance_library_for_lane:7277 - Lane DLG55_TMP 尝试补平衡文库模板: sample_id=FDSW250185316-1r, test_no=Novaseq X Plus-PE150, index_seq=TCATTGCACC;ATCGAAGCTC
2026-06-14 21:07:14.448 | INFO     | __main__:_validate_balance_injection_lane_state:7079 - Lane DLG55_TMP 候选平衡文库 FDSW250185316-1r 注入校验失败: ['10bp Index占比26.9%低于40%要求']
2026-06-14 21:07:15.354 | WARNING  | __main__:_materialize_balance_library_for_lane:7402 - Lane DLG55_TMP 平衡文库补充失败: 需补 107.442G，实验室=天津科技服务实验室，工序=Novaseq X Plus-PE150
2026-06-14 21:07:19.532 | INFO     | __main__:_materialize_balance_library_for_lane:7277 - Lane DLG55_TMP 尝试补平衡文库模板: sample_id=phix, test_no=Novaseq X Plus-PE150, index_seq=GGGGGGGGGG;ACCGAGATCT
2026-06-14 21:07:19.534 | INFO     | __main__:_materialize_balance_library_for_lane:7310 - Lane DLG55_TMP 平衡文库补充成功: sample_id=phix, 数据量=112.053G
2026-06-14 21:07:19.536 | INFO     | __main__:_consume_g55_imbalance_as_mode_lanes:15847 - 步骤1.3 G55跨基础组碱基不均1.1专Lane成Lane成功: lane=DLG55_Nova X-25B_001, 基础组=G27,G29,G33,G5,G58, 使用18个/2129.0G
2026-06-14 21:07:22.926 | INFO     | __main__:_materialize_balance_library_for_lane:7277 - Lane DLG55_TMP 尝试补平衡文库模板: sample_id=phix, test_no=Novaseq X Plus-PE150, index_seq=GGGGGGGGGG;ACCGAGATCT
2026-06-14 21:07:22.929 | INFO     | __main__:_validate_balance_injection_lane_state:7079 - Lane DLG55_TMP 候选平衡文库 phix 注入校验失败: ['10bp Index占比14.0%低于40%要求']
2026-06-14 21:07:22.929 | INFO     | __main__:_materialize_balance_library_for_lane:7277 - Lane DLG55_TMP 尝试补平衡文库模板: sample_id=FDSW250185295-1r, test_no=Novaseq X Plus-PE150, index_seq=AGCATCGAGT;AGCATCCTCA
2026-06-14 21:07:22.931 | INFO     | __main__:_validate_balance_injection_lane_state:7079 - Lane DLG55_TMP 候选平衡文库 FDSW250185295-1r 注入校验失败: ['10bp Index占比14.0%低于40%要求']
2026-06-14 21:07:22.931 | INFO     | __main__:_materialize_balance_library_for_lane:7277 - Lane DLG55_TMP 尝试补平衡文库模板: sample_id=FDSW250185296-1r, test_no=Novaseq X Plus-PE150, index_seq=CTCACACTGA;CTCACACATG
2026-06-14 21:07:22.933 | INFO     | __main__:_validate_balance_injection_lane_state:7079 - Lane DLG55_TMP 候选平衡文库 FDSW250185296-1r 注入校验失败: ['10bp Index占比14.0%低于40%要求']
2026-06-14 21:07:22.933 | INFO     | __main__:_materialize_balance_library_for_lane:7277 - Lane DLG55_TMP 尝试补平衡文库模板: sample_id=FDSW250185298-1r, test_no=Novaseq X Plus-PE150, index_seq=CCGACTAGAT;CCGACTAAGA
2026-06-14 21:07:22.936 | INFO     | __main__:_validate_balance_injection_lane_state:7079 - Lane DLG55_TMP 候选平衡文库 FDSW250185298-1r 注入校验失败: ['10bp Index占比14.0%低于40%要求']
2026-06-14 21:07:22.936 | INFO     | __main__:_materialize_balance_library_for_lane:7277 - Lane DLG55_TMP 尝试补平衡文库模板: sample_id=FDSW250185306-1r, test_no=Novaseq X Plus-PE150, index_seq=ACAGAGCGAT;GACTACTCAC
2026-06-14 21:07:22.938 | INFO     | __main__:_validate_balance_injection_lane_state:7079 - Lane DLG55_TMP 候选平衡文库 FDSW250185306-1r 注入校验失败: ['10bp Index占比14.0%低于40%要求']
2026-06-14 21:07:22.938 | INFO     | __main__:_materialize_balance_library_for_lane:7277 - Lane DLG55_TMP 尝试补平衡文库模板: sample_id=FDSW250185309-1r, test_no=Novaseq X Plus-PE150, index_seq=GTCACACACT;CAAGTGCTTC
2026-06-14 21:07:22.940 | INFO     | __main__:_validate_balance_injection_lane_state:7079 - Lane DLG55_TMP 候选平衡文库 FDSW250185309-1r 注入校验失败: ['10bp Index占比14.0%低于40%要求']
2026-06-14 21:07:22.940 | INFO     | __main__:_materialize_balance_library_for_lane:7277 - Lane DLG55_TMP 尝试补平衡文库模板: sample_id=FDSW250185313-1r, test_no=Novaseq X Plus-PE150, index_seq=ATCGAATGCG;CGATATCTGC
2026-06-14 21:07:22.942 | INFO     | __main__:_validate_balance_injection_lane_state:7079 - Lane DLG55_TMP 候选平衡文库 FDSW250185313-1r 注入校验失败: ['10bp Index占比14.0%低于40%要求']
2026-06-14 21:07:22.942 | INFO     | __main__:_materialize_balance_library_for_lane:7277 - Lane DLG55_TMP 尝试补平衡文库模板: sample_id=FDSW250185316-1r, test_no=Novaseq X Plus-PE150, index_seq=TCATTGCACC;ATCGAAGCTC
2026-06-14 21:07:22.945 | INFO     | __main__:_validate_balance_injection_lane_state:7079 - Lane DLG55_TMP 候选平衡文库 FDSW250185316-1r 注入校验失败: ['10bp Index占比14.0%低于40%要求']
2026-06-14 21:07:22.949 | WARNING  | __main__:_materialize_balance_library_for_lane:7402 - Lane DLG55_TMP 平衡文库补充失败: 需补 112.632G，实验室=天津科技服务实验室，工序=Novaseq X Plus-PE150
2026-06-14 21:07:24.288 | INFO     | __main__:_materialize_balance_library_for_lane:7277 - Lane DLG55_TMP 尝试补平衡文库模板: sample_id=phix, test_no=Novaseq X Plus-PE150, index_seq=GGGGGGGGGG;ACCGAGATCT
2026-06-14 21:07:24.636 | INFO     | __main__:_validate_balance_injection_lane_state:7079 - Lane DLG55_TMP 候选平衡文库 phix 注入校验失败: ['10bp Index占比17.1%低于40%要求']
2026-06-14 21:07:24.636 | INFO     | __main__:_materialize_balance_library_for_lane:7277 - Lane DLG55_TMP 尝试补平衡文库模板: sample_id=FDSW250185295-1r, test_no=Novaseq X Plus-PE150, index_seq=AGCATCGAGT;AGCATCCTCA
2026-06-14 21:07:24.984 | INFO     | __main__:_validate_balance_injection_lane_state:7079 - Lane DLG55_TMP 候选平衡文库 FDSW250185295-1r 注入校验失败: ['10bp Index占比17.1%低于40%要求']
2026-06-14 21:07:24.984 | INFO     | __main__:_materialize_balance_library_for_lane:7277 - Lane DLG55_TMP 尝试补平衡文库模板: sample_id=FDSW250185296-1r, test_no=Novaseq X Plus-PE150, index_seq=CTCACACTGA;CTCACACATG
2026-06-14 21:07:25.331 | INFO     | __main__:_validate_balance_injection_lane_state:7079 - Lane DLG55_TMP 候选平衡文库 FDSW250185296-1r 注入校验失败: ['10bp Index占比17.1%低于40%要求']
2026-06-14 21:07:25.331 | INFO     | __main__:_materialize_balance_library_for_lane:7277 - Lane DLG55_TMP 尝试补平衡文库模板: sample_id=FDSW250185298-1r, test_no=Novaseq X Plus-PE150, index_seq=CCGACTAGAT;CCGACTAAGA
2026-06-14 21:07:25.679 | INFO     | __main__:_validate_balance_injection_lane_state:7079 - Lane DLG55_TMP 候选平衡文库 FDSW250185298-1r 注入校验失败: ['10bp Index占比17.1%低于40%要求']
2026-06-14 21:07:25.679 | INFO     | __main__:_materialize_balance_library_for_lane:7277 - Lane DLG55_TMP 尝试补平衡文库模板: sample_id=FDSW250185306-1r, test_no=Novaseq X Plus-PE150, index_seq=ACAGAGCGAT;GACTACTCAC
2026-06-14 21:07:26.026 | INFO     | __main__:_validate_balance_injection_lane_state:7079 - Lane DLG55_TMP 候选平衡文库 FDSW250185306-1r 注入校验失败: ['10bp Index占比17.1%低于40%要求']
2026-06-14 21:07:26.026 | INFO     | __main__:_materialize_balance_library_for_lane:7277 - Lane DLG55_TMP 尝试补平衡文库模板: sample_id=FDSW250185309-1r, test_no=Novaseq X Plus-PE150, index_seq=GTCACACACT;CAAGTGCTTC
2026-06-14 21:07:26.373 | INFO     | __main__:_validate_balance_injection_lane_state:7079 - Lane DLG55_TMP 候选平衡文库 FDSW250185309-1r 注入校验失败: ['10bp Index占比17.1%低于40%要求']
2026-06-14 21:07:26.374 | INFO     | __main__:_materialize_balance_library_for_lane:7277 - Lane DLG55_TMP 尝试补平衡文库模板: sample_id=FDSW250185313-1r, test_no=Novaseq X Plus-PE150, index_seq=ATCGAATGCG;CGATATCTGC
2026-06-14 21:07:26.723 | INFO     | __main__:_validate_balance_injection_lane_state:7079 - Lane DLG55_TMP 候选平衡文库 FDSW250185313-1r 注入校验失败: ['10bp Index占比17.1%低于40%要求']
2026-06-14 21:07:26.723 | INFO     | __main__:_materialize_balance_library_for_lane:7277 - Lane DLG55_TMP 尝试补平衡文库模板: sample_id=FDSW250185316-1r, test_no=Novaseq X Plus-PE150, index_seq=TCATTGCACC;ATCGAAGCTC
2026-06-14 21:07:27.083 | INFO     | __main__:_validate_balance_injection_lane_state:7079 - Lane DLG55_TMP 候选平衡文库 FDSW250185316-1r 注入校验失败: ['10bp Index占比17.1%低于40%要求']
2026-06-14 21:07:28.018 | WARNING  | __main__:_materialize_balance_library_for_lane:7402 - Lane DLG55_TMP 平衡文库补充失败: 需补 111.978G，实验室=天津科技服务实验室，工序=Novaseq X Plus-PE150
2026-06-14 21:07:29.356 | INFO     | __main__:_materialize_balance_library_for_lane:7277 - Lane DLG55_TMP 尝试补平衡文库模板: sample_id=phix, test_no=Novaseq X Plus-PE150, index_seq=GGGGGGGGGG;ACCGAGATCT
2026-06-14 21:07:29.703 | INFO     | __main__:_validate_balance_injection_lane_state:7079 - Lane DLG55_TMP 候选平衡文库 phix 注入校验失败: ['10bp Index占比17.1%低于40%要求']
2026-06-14 21:07:29.704 | INFO     | __main__:_materialize_balance_library_for_lane:7277 - Lane DLG55_TMP 尝试补平衡文库模板: sample_id=FDSW250185295-1r, test_no=Novaseq X Plus-PE150, index_seq=AGCATCGAGT;AGCATCCTCA
2026-06-14 21:07:30.064 | INFO     | __main__:_validate_balance_injection_lane_state:7079 - Lane DLG55_TMP 候选平衡文库 FDSW250185295-1r 注入校验失败: ['10bp Index占比17.1%低于40%要求']
2026-06-14 21:07:30.064 | INFO     | __main__:_materialize_balance_library_for_lane:7277 - Lane DLG55_TMP 尝试补平衡文库模板: sample_id=FDSW250185296-1r, test_no=Novaseq X Plus-PE150, index_seq=CTCACACTGA;CTCACACATG
2026-06-14 21:07:30.412 | INFO     | __main__:_validate_balance_injection_lane_state:7079 - Lane DLG55_TMP 候选平衡文库 FDSW250185296-1r 注入校验失败: ['10bp Index占比17.1%低于40%要求']
2026-06-14 21:07:30.412 | INFO     | __main__:_materialize_balance_library_for_lane:7277 - Lane DLG55_TMP 尝试补平衡文库模板: sample_id=FDSW250185298-1r, test_no=Novaseq X Plus-PE150, index_seq=CCGACTAGAT;CCGACTAAGA
2026-06-14 21:07:30.760 | INFO     | __main__:_validate_balance_injection_lane_state:7079 - Lane DLG55_TMP 候选平衡文库 FDSW250185298-1r 注入校验失败: ['10bp Index占比17.1%低于40%要求']
2026-06-14 21:07:30.760 | INFO     | __main__:_materialize_balance_library_for_lane:7277 - Lane DLG55_TMP 尝试补平衡文库模板: sample_id=FDSW250185306-1r, test_no=Novaseq X Plus-PE150, index_seq=ACAGAGCGAT;GACTACTCAC
2026-06-14 21:07:31.107 | INFO     | __main__:_validate_balance_injection_lane_state:7079 - Lane DLG55_TMP 候选平衡文库 FDSW250185306-1r 注入校验失败: ['10bp Index占比17.1%低于40%要求']
2026-06-14 21:07:31.107 | INFO     | __main__:_materialize_balance_library_for_lane:7277 - Lane DLG55_TMP 尝试补平衡文库模板: sample_id=FDSW250185309-1r, test_no=Novaseq X Plus-PE150, index_seq=GTCACACACT;CAAGTGCTTC
2026-06-14 21:07:31.455 | INFO     | __main__:_validate_balance_injection_lane_state:7079 - Lane DLG55_TMP 候选平衡文库 FDSW250185309-1r 注入校验失败: ['10bp Index占比17.1%低于40%要求']
2026-06-14 21:07:31.455 | INFO     | __main__:_materialize_balance_library_for_lane:7277 - Lane DLG55_TMP 尝试补平衡文库模板: sample_id=FDSW250185313-1r, test_no=Novaseq X Plus-PE150, index_seq=ATCGAATGCG;CGATATCTGC
2026-06-14 21:07:31.803 | INFO     | __main__:_validate_balance_injection_lane_state:7079 - Lane DLG55_TMP 候选平衡文库 FDSW250185313-1r 注入校验失败: ['10bp Index占比17.1%低于40%要求']
2026-06-14 21:07:31.803 | INFO     | __main__:_materialize_balance_library_for_lane:7277 - Lane DLG55_TMP 尝试补平衡文库模板: sample_id=FDSW250185316-1r, test_no=Novaseq X Plus-PE150, index_seq=TCATTGCACC;ATCGAAGCTC
2026-06-14 21:07:32.151 | INFO     | __main__:_validate_balance_injection_lane_state:7079 - Lane DLG55_TMP 候选平衡文库 FDSW250185316-1r 注入校验失败: ['10bp Index占比17.1%低于40%要求']
2026-06-14 21:07:33.080 | WARNING  | __main__:_materialize_balance_library_for_lane:7402 - Lane DLG55_TMP 平衡文库补充失败: 需补 111.978G，实验室=天津科技服务实验室，工序=Novaseq X Plus-PE150
2026-06-14 21:07:33.965 | INFO     | __main__:_materialize_balance_library_for_lane:7277 - Lane DLG55_TMP 尝试补平衡文库模板: sample_id=phix, test_no=Novaseq X Plus-PE150, index_seq=GGGGGGGGGG;ACCGAGATCT
2026-06-14 21:07:34.200 | INFO     | __main__:_validate_balance_injection_lane_state:7079 - Lane DLG55_TMP 候选平衡文库 phix 注入校验失败: ['10bp Index占比17.1%低于40%要求']
2026-06-14 21:07:34.200 | INFO     | __main__:_materialize_balance_library_for_lane:7277 - Lane DLG55_TMP 尝试补平衡文库模板: sample_id=FDSW250185295-1r, test_no=Novaseq X Plus-PE150, index_seq=AGCATCGAGT;AGCATCCTCA
2026-06-14 21:07:34.435 | INFO     | __main__:_validate_balance_injection_lane_state:7079 - Lane DLG55_TMP 候选平衡文库 FDSW250185295-1r 注入校验失败: ['10bp Index占比17.1%低于40%要求']
2026-06-14 21:07:34.435 | INFO     | __main__:_materialize_balance_library_for_lane:7277 - Lane DLG55_TMP 尝试补平衡文库模板: sample_id=FDSW250185296-1r, test_no=Novaseq X Plus-PE150, index_seq=CTCACACTGA;CTCACACATG
2026-06-14 21:07:34.669 | INFO     | __main__:_validate_balance_injection_lane_state:7079 - Lane DLG55_TMP 候选平衡文库 FDSW250185296-1r 注入校验失败: ['10bp Index占比17.1%低于40%要求']
2026-06-14 21:07:34.669 | INFO     | __main__:_materialize_balance_library_for_lane:7277 - Lane DLG55_TMP 尝试补平衡文库模板: sample_id=FDSW250185298-1r, test_no=Novaseq X Plus-PE150, index_seq=CCGACTAGAT;CCGACTAAGA
2026-06-14 21:07:34.905 | INFO     | __main__:_validate_balance_injection_lane_state:7079 - Lane DLG55_TMP 候选平衡文库 FDSW250185298-1r 注入校验失败: ['10bp Index占比17.1%低于40%要求']
2026-06-14 21:07:34.906 | INFO     | __main__:_materialize_balance_library_for_lane:7277 - Lane DLG55_TMP 尝试补平衡文库模板: sample_id=FDSW250185306-1r, test_no=Novaseq X Plus-PE150, index_seq=ACAGAGCGAT;GACTACTCAC
2026-06-14 21:07:35.140 | INFO     | __main__:_validate_balance_injection_lane_state:7079 - Lane DLG55_TMP 候选平衡文库 FDSW250185306-1r 注入校验失败: ['10bp Index占比17.1%低于40%要求']
2026-06-14 21:07:35.140 | INFO     | __main__:_materialize_balance_library_for_lane:7277 - Lane DLG55_TMP 尝试补平衡文库模板: sample_id=FDSW250185309-1r, test_no=Novaseq X Plus-PE150, index_seq=GTCACACACT;CAAGTGCTTC
2026-06-14 21:07:35.375 | INFO     | __main__:_validate_balance_injection_lane_state:7079 - Lane DLG55_TMP 候选平衡文库 FDSW250185309-1r 注入校验失败: ['10bp Index占比17.1%低于40%要求']
2026-06-14 21:07:35.375 | INFO     | __main__:_materialize_balance_library_for_lane:7277 - Lane DLG55_TMP 尝试补平衡文库模板: sample_id=FDSW250185313-1r, test_no=Novaseq X Plus-PE150, index_seq=ATCGAATGCG;CGATATCTGC
2026-06-14 21:07:35.610 | INFO     | __main__:_validate_balance_injection_lane_state:7079 - Lane DLG55_TMP 候选平衡文库 FDSW250185313-1r 注入校验失败: ['10bp Index占比17.1%低于40%要求']
2026-06-14 21:07:35.610 | INFO     | __main__:_materialize_balance_library_for_lane:7277 - Lane DLG55_TMP 尝试补平衡文库模板: sample_id=FDSW250185316-1r, test_no=Novaseq X Plus-PE150, index_seq=TCATTGCACC;ATCGAAGCTC
2026-06-14 21:07:35.845 | INFO     | __main__:_validate_balance_injection_lane_state:7079 - Lane DLG55_TMP 候选平衡文库 FDSW250185316-1r 注入校验失败: ['10bp Index占比17.1%低于40%要求']
2026-06-14 21:07:36.470 | WARNING  | __main__:_materialize_balance_library_for_lane:7402 - Lane DLG55_TMP 平衡文库补充失败: 需补 111.978G，实验室=天津科技服务实验室，工序=Novaseq X Plus-PE150
2026-06-14 21:07:37.359 | INFO     | __main__:_materialize_balance_library_for_lane:7277 - Lane DLG55_TMP 尝试补平衡文库模板: sample_id=phix, test_no=Novaseq X Plus-PE150, index_seq=GGGGGGGGGG;ACCGAGATCT
2026-06-14 21:07:37.594 | INFO     | __main__:_validate_balance_injection_lane_state:7079 - Lane DLG55_TMP 候选平衡文库 phix 注入校验失败: ['10bp Index占比17.1%低于40%要求']
2026-06-14 21:07:37.594 | INFO     | __main__:_materialize_balance_library_for_lane:7277 - Lane DLG55_TMP 尝试补平衡文库模板: sample_id=FDSW250185295-1r, test_no=Novaseq X Plus-PE150, index_seq=AGCATCGAGT;AGCATCCTCA
2026-06-14 21:07:37.828 | INFO     | __main__:_validate_balance_injection_lane_state:7079 - Lane DLG55_TMP 候选平衡文库 FDSW250185295-1r 注入校验失败: ['10bp Index占比17.1%低于40%要求']
2026-06-14 21:07:37.829 | INFO     | __main__:_materialize_balance_library_for_lane:7277 - Lane DLG55_TMP 尝试补平衡文库模板: sample_id=FDSW250185296-1r, test_no=Novaseq X Plus-PE150, index_seq=CTCACACTGA;CTCACACATG
2026-06-14 21:07:38.062 | INFO     | __main__:_validate_balance_injection_lane_state:7079 - Lane DLG55_TMP 候选平衡文库 FDSW250185296-1r 注入校验失败: ['10bp Index占比17.1%低于40%要求']
2026-06-14 21:07:38.062 | INFO     | __main__:_materialize_balance_library_for_lane:7277 - Lane DLG55_TMP 尝试补平衡文库模板: sample_id=FDSW250185298-1r, test_no=Novaseq X Plus-PE150, index_seq=CCGACTAGAT;CCGACTAAGA
2026-06-14 21:07:38.296 | INFO     | __main__:_validate_balance_injection_lane_state:7079 - Lane DLG55_TMP 候选平衡文库 FDSW250185298-1r 注入校验失败: ['10bp Index占比17.1%低于40%要求']
2026-06-14 21:07:38.296 | INFO     | __main__:_materialize_balance_library_for_lane:7277 - Lane DLG55_TMP 尝试补平衡文库模板: sample_id=FDSW250185306-1r, test_no=Novaseq X Plus-PE150, index_seq=ACAGAGCGAT;GACTACTCAC
2026-06-14 21:07:38.530 | INFO     | __main__:_validate_balance_injection_lane_state:7079 - Lane DLG55_TMP 候选平衡文库 FDSW250185306-1r 注入校验失败: ['10bp Index占比17.1%低于40%要求']
2026-06-14 21:07:38.531 | INFO     | __main__:_materialize_balance_library_for_lane:7277 - Lane DLG55_TMP 尝试补平衡文库模板: sample_id=FDSW250185309-1r, test_no=Novaseq X Plus-PE150, index_seq=GTCACACACT;CAAGTGCTTC
2026-06-14 21:07:38.769 | INFO     | __main__:_validate_balance_injection_lane_state:7079 - Lane DLG55_TMP 候选平衡文库 FDSW250185309-1r 注入校验失败: ['10bp Index占比17.1%低于40%要求']
2026-06-14 21:07:38.769 | INFO     | __main__:_materialize_balance_library_for_lane:7277 - Lane DLG55_TMP 尝试补平衡文库模板: sample_id=FDSW250185313-1r, test_no=Novaseq X Plus-PE150, index_seq=ATCGAATGCG;CGATATCTGC
2026-06-14 21:07:39.003 | INFO     | __main__:_validate_balance_injection_lane_state:7079 - Lane DLG55_TMP 候选平衡文库 FDSW250185313-1r 注入校验失败: ['10bp Index占比17.1%低于40%要求']
2026-06-14 21:07:39.003 | INFO     | __main__:_materialize_balance_library_for_lane:7277 - Lane DLG55_TMP 尝试补平衡文库模板: sample_id=FDSW250185316-1r, test_no=Novaseq X Plus-PE150, index_seq=TCATTGCACC;ATCGAAGCTC
2026-06-14 21:07:39.238 | INFO     | __main__:_validate_balance_injection_lane_state:7079 - Lane DLG55_TMP 候选平衡文库 FDSW250185316-1r 注入校验失败: ['10bp Index占比17.1%低于40%要求']
2026-06-14 21:07:39.863 | WARNING  | __main__:_materialize_balance_library_for_lane:7402 - Lane DLG55_TMP 平衡文库补充失败: 需补 111.978G，实验室=天津科技服务实验室，工序=Novaseq X Plus-PE150
2026-06-14 21:07:41.693 | INFO     | __main__:_materialize_balance_library_for_lane:7277 - Lane DLG55_TMP 尝试补平衡文库模板: sample_id=phix, test_no=Novaseq X Plus-PE150, index_seq=GGGGGGGGGG;ACCGAGATCT
2026-06-14 21:07:42.008 | INFO     | __main__:_validate_balance_injection_lane_state:7079 - Lane DLG55_TMP 候选平衡文库 phix 注入校验失败: ['10bp Index占比9.4%低于40%要求']
2026-06-14 21:07:42.008 | INFO     | __main__:_materialize_balance_library_for_lane:7277 - Lane DLG55_TMP 尝试补平衡文库模板: sample_id=FDSW250185295-1r, test_no=Novaseq X Plus-PE150, index_seq=AGCATCGAGT;AGCATCCTCA
2026-06-14 21:07:42.322 | INFO     | __main__:_validate_balance_injection_lane_state:7079 - Lane DLG55_TMP 候选平衡文库 FDSW250185295-1r 注入校验失败: ['10bp Index占比9.4%低于40%要求']
2026-06-14 21:07:42.322 | INFO     | __main__:_materialize_balance_library_for_lane:7277 - Lane DLG55_TMP 尝试补平衡文库模板: sample_id=FDSW250185296-1r, test_no=Novaseq X Plus-PE150, index_seq=CTCACACTGA;CTCACACATG
2026-06-14 21:07:42.637 | INFO     | __main__:_validate_balance_injection_lane_state:7079 - Lane DLG55_TMP 候选平衡文库 FDSW250185296-1r 注入校验失败: ['10bp Index占比9.4%低于40%要求']
2026-06-14 21:07:42.638 | INFO     | __main__:_materialize_balance_library_for_lane:7277 - Lane DLG55_TMP 尝试补平衡文库模板: sample_id=FDSW250185298-1r, test_no=Novaseq X Plus-PE150, index_seq=CCGACTAGAT;CCGACTAAGA
2026-06-14 21:07:42.952 | INFO     | __main__:_validate_balance_injection_lane_state:7079 - Lane DLG55_TMP 候选平衡文库 FDSW250185298-1r 注入校验失败: ['10bp Index占比9.4%低于40%要求']
2026-06-14 21:07:42.952 | INFO     | __main__:_materialize_balance_library_for_lane:7277 - Lane DLG55_TMP 尝试补平衡文库模板: sample_id=FDSW250185306-1r, test_no=Novaseq X Plus-PE150, index_seq=ACAGAGCGAT;GACTACTCAC
2026-06-14 21:07:43.266 | INFO     | __main__:_validate_balance_injection_lane_state:7079 - Lane DLG55_TMP 候选平衡文库 FDSW250185306-1r 注入校验失败: ['10bp Index占比9.4%低于40%要求']
2026-06-14 21:07:43.266 | INFO     | __main__:_materialize_balance_library_for_lane:7277 - Lane DLG55_TMP 尝试补平衡文库模板: sample_id=FDSW250185309-1r, test_no=Novaseq X Plus-PE150, index_seq=GTCACACACT;CAAGTGCTTC
2026-06-14 21:07:43.580 | INFO     | __main__:_validate_balance_injection_lane_state:7079 - Lane DLG55_TMP 候选平衡文库 FDSW250185309-1r 注入校验失败: ['10bp Index占比9.4%低于40%要求']
2026-06-14 21:07:43.580 | INFO     | __main__:_materialize_balance_library_for_lane:7277 - Lane DLG55_TMP 尝试补平衡文库模板: sample_id=FDSW250185313-1r, test_no=Novaseq X Plus-PE150, index_seq=ATCGAATGCG;CGATATCTGC
2026-06-14 21:07:43.897 | INFO     | __main__:_validate_balance_injection_lane_state:7079 - Lane DLG55_TMP 候选平衡文库 FDSW250185313-1r 注入校验失败: ['10bp Index占比9.4%低于40%要求']
2026-06-14 21:07:43.897 | INFO     | __main__:_materialize_balance_library_for_lane:7277 - Lane DLG55_TMP 尝试补平衡文库模板: sample_id=FDSW250185316-1r, test_no=Novaseq X Plus-PE150, index_seq=TCATTGCACC;ATCGAAGCTC
2026-06-14 21:07:44.211 | INFO     | __main__:_validate_balance_injection_lane_state:7079 - Lane DLG55_TMP 候选平衡文库 FDSW250185316-1r 注入校验失败: ['10bp Index占比9.4%低于40%要求']
2026-06-14 21:07:45.050 | WARNING  | __main__:_materialize_balance_library_for_lane:7402 - Lane DLG55_TMP 平衡文库补充失败: 需补 105.668G，实验室=天津科技服务实验室，工序=Novaseq X Plus-PE150
2026-06-14 21:07:46.282 | INFO     | __main__:_materialize_balance_library_for_lane:7277 - Lane DLG55_TMP 尝试补平衡文库模板: sample_id=phix, test_no=Novaseq X Plus-PE150, index_seq=GGGGGGGGGG;ACCGAGATCT
2026-06-14 21:07:46.491 | INFO     | __main__:_validate_balance_injection_lane_state:7079 - Lane DLG55_TMP 候选平衡文库 phix 注入校验失败: ['10bp Index占比9.4%低于40%要求']
2026-06-14 21:07:46.491 | INFO     | __main__:_materialize_balance_library_for_lane:7277 - Lane DLG55_TMP 尝试补平衡文库模板: sample_id=FDSW250185295-1r, test_no=Novaseq X Plus-PE150, index_seq=AGCATCGAGT;AGCATCCTCA
2026-06-14 21:07:46.707 | INFO     | __main__:_validate_balance_injection_lane_state:7079 - Lane DLG55_TMP 候选平衡文库 FDSW250185295-1r 注入校验失败: ['10bp Index占比9.4%低于40%要求']
2026-06-14 21:07:46.707 | INFO     | __main__:_materialize_balance_library_for_lane:7277 - Lane DLG55_TMP 尝试补平衡文库模板: sample_id=FDSW250185296-1r, test_no=Novaseq X Plus-PE150, index_seq=CTCACACTGA;CTCACACATG
2026-06-14 21:07:46.916 | INFO     | __main__:_validate_balance_injection_lane_state:7079 - Lane DLG55_TMP 候选平衡文库 FDSW250185296-1r 注入校验失败: ['10bp Index占比9.4%低于40%要求']
2026-06-14 21:07:46.916 | INFO     | __main__:_materialize_balance_library_for_lane:7277 - Lane DLG55_TMP 尝试补平衡文库模板: sample_id=FDSW250185298-1r, test_no=Novaseq X Plus-PE150, index_seq=CCGACTAGAT;CCGACTAAGA
2026-06-14 21:07:47.125 | INFO     | __main__:_validate_balance_injection_lane_state:7079 - Lane DLG55_TMP 候选平衡文库 FDSW250185298-1r 注入校验失败: ['10bp Index占比9.4%低于40%要求']
2026-06-14 21:07:47.125 | INFO     | __main__:_materialize_balance_library_for_lane:7277 - Lane DLG55_TMP 尝试补平衡文库模板: sample_id=FDSW250185306-1r, test_no=Novaseq X Plus-PE150, index_seq=ACAGAGCGAT;GACTACTCAC
2026-06-14 21:07:47.334 | INFO     | __main__:_validate_balance_injection_lane_state:7079 - Lane DLG55_TMP 候选平衡文库 FDSW250185306-1r 注入校验失败: ['10bp Index占比9.4%低于40%要求']
2026-06-14 21:07:47.334 | INFO     | __main__:_materialize_balance_library_for_lane:7277 - Lane DLG55_TMP 尝试补平衡文库模板: sample_id=FDSW250185309-1r, test_no=Novaseq X Plus-PE150, index_seq=GTCACACACT;CAAGTGCTTC
2026-06-14 21:07:47.551 | INFO     | __main__:_validate_balance_injection_lane_state:7079 - Lane DLG55_TMP 候选平衡文库 FDSW250185309-1r 注入校验失败: ['10bp Index占比9.4%低于40%要求']
2026-06-14 21:07:47.551 | INFO     | __main__:_materialize_balance_library_for_lane:7277 - Lane DLG55_TMP 尝试补平衡文库模板: sample_id=FDSW250185313-1r, test_no=Novaseq X Plus-PE150, index_seq=ATCGAATGCG;CGATATCTGC
2026-06-14 21:07:47.760 | INFO     | __main__:_validate_balance_injection_lane_state:7079 - Lane DLG55_TMP 候选平衡文库 FDSW250185313-1r 注入校验失败: ['10bp Index占比9.4%低于40%要求']
2026-06-14 21:07:47.760 | INFO     | __main__:_materialize_balance_library_for_lane:7277 - Lane DLG55_TMP 尝试补平衡文库模板: sample_id=FDSW250185316-1r, test_no=Novaseq X Plus-PE150, index_seq=TCATTGCACC;ATCGAAGCTC
2026-06-14 21:07:47.968 | INFO     | __main__:_validate_balance_injection_lane_state:7079 - Lane DLG55_TMP 候选平衡文库 FDSW250185316-1r 注入校验失败: ['10bp Index占比9.4%低于40%要求']
2026-06-14 21:07:48.527 | WARNING  | __main__:_materialize_balance_library_for_lane:7402 - Lane DLG55_TMP 平衡文库补充失败: 需补 105.668G，实验室=天津科技服务实验室，工序=Novaseq X Plus-PE150
2026-06-14 21:07:49.864 | INFO     | __main__:_materialize_balance_library_for_lane:7277 - Lane DLG55_TMP 尝试补平衡文库模板: sample_id=phix, test_no=Novaseq X Plus-PE150, index_seq=GGGGGGGGGG;ACCGAGATCT
2026-06-14 21:07:50.212 | INFO     | __main__:_validate_balance_injection_lane_state:7079 - Lane DLG55_TMP 候选平衡文库 phix 注入校验失败: ['10bp Index占比17.1%低于40%要求']
2026-06-14 21:07:50.212 | INFO     | __main__:_materialize_balance_library_for_lane:7277 - Lane DLG55_TMP 尝试补平衡文库模板: sample_id=FDSW250185295-1r, test_no=Novaseq X Plus-PE150, index_seq=AGCATCGAGT;AGCATCCTCA
2026-06-14 21:07:50.560 | INFO     | __main__:_validate_balance_injection_lane_state:7079 - Lane DLG55_TMP 候选平衡文库 FDSW250185295-1r 注入校验失败: ['10bp Index占比17.1%低于40%要求']
2026-06-14 21:07:50.560 | INFO     | __main__:_materialize_balance_library_for_lane:7277 - Lane DLG55_TMP 尝试补平衡文库模板: sample_id=FDSW250185296-1r, test_no=Novaseq X Plus-PE150, index_seq=CTCACACTGA;CTCACACATG
2026-06-14 21:07:50.907 | INFO     | __main__:_validate_balance_injection_lane_state:7079 - Lane DLG55_TMP 候选平衡文库 FDSW250185296-1r 注入校验失败: ['10bp Index占比17.1%低于40%要求']
2026-06-14 21:07:50.907 | INFO     | __main__:_materialize_balance_library_for_lane:7277 - Lane DLG55_TMP 尝试补平衡文库模板: sample_id=FDSW250185298-1r, test_no=Novaseq X Plus-PE150, index_seq=CCGACTAGAT;CCGACTAAGA
2026-06-14 21:07:51.254 | INFO     | __main__:_validate_balance_injection_lane_state:7079 - Lane DLG55_TMP 候选平衡文库 FDSW250185298-1r 注入校验失败: ['10bp Index占比17.1%低于40%要求']
2026-06-14 21:07:51.254 | INFO     | __main__:_materialize_balance_library_for_lane:7277 - Lane DLG55_TMP 尝试补平衡文库模板: sample_id=FDSW250185306-1r, test_no=Novaseq X Plus-PE150, index_seq=ACAGAGCGAT;GACTACTCAC
2026-06-14 21:07:51.601 | INFO     | __main__:_validate_balance_injection_lane_state:7079 - Lane DLG55_TMP 候选平衡文库 FDSW250185306-1r 注入校验失败: ['10bp Index占比17.1%低于40%要求']
2026-06-14 21:07:51.601 | INFO     | __main__:_materialize_balance_library_for_lane:7277 - Lane DLG55_TMP 尝试补平衡文库模板: sample_id=FDSW250185309-1r, test_no=Novaseq X Plus-PE150, index_seq=GTCACACACT;CAAGTGCTTC
2026-06-14 21:07:51.948 | INFO     | __main__:_validate_balance_injection_lane_state:7079 - Lane DLG55_TMP 候选平衡文库 FDSW250185309-1r 注入校验失败: ['10bp Index占比17.1%低于40%要求']
2026-06-14 21:07:51.948 | INFO     | __main__:_materialize_balance_library_for_lane:7277 - Lane DLG55_TMP 尝试补平衡文库模板: sample_id=FDSW250185313-1r, test_no=Novaseq X Plus-PE150, index_seq=ATCGAATGCG;CGATATCTGC
2026-06-14 21:07:52.294 | INFO     | __main__:_validate_balance_injection_lane_state:7079 - Lane DLG55_TMP 候选平衡文库 FDSW250185313-1r 注入校验失败: ['10bp Index占比17.1%低于40%要求']
2026-06-14 21:07:52.294 | INFO     | __main__:_materialize_balance_library_for_lane:7277 - Lane DLG55_TMP 尝试补平衡文库模板: sample_id=FDSW250185316-1r, test_no=Novaseq X Plus-PE150, index_seq=TCATTGCACC;ATCGAAGCTC
2026-06-14 21:07:52.641 | INFO     | __main__:_validate_balance_injection_lane_state:7079 - Lane DLG55_TMP 候选平衡文库 FDSW250185316-1r 注入校验失败: ['10bp Index占比17.1%低于40%要求']
2026-06-14 21:07:53.567 | WARNING  | __main__:_materialize_balance_library_for_lane:7402 - Lane DLG55_TMP 平衡文库补充失败: 需补 111.978G，实验室=天津科技服务实验室，工序=Novaseq X Plus-PE150
2026-06-14 21:07:54.903 | INFO     | __main__:_materialize_balance_library_for_lane:7277 - Lane DLG55_TMP 尝试补平衡文库模板: sample_id=phix, test_no=Novaseq X Plus-PE150, index_seq=GGGGGGGGGG;ACCGAGATCT
2026-06-14 21:07:55.252 | INFO     | __main__:_validate_balance_injection_lane_state:7079 - Lane DLG55_TMP 候选平衡文库 phix 注入校验失败: ['10bp Index占比17.1%低于40%要求']
2026-06-14 21:07:55.252 | INFO     | __main__:_materialize_balance_library_for_lane:7277 - Lane DLG55_TMP 尝试补平衡文库模板: sample_id=FDSW250185295-1r, test_no=Novaseq X Plus-PE150, index_seq=AGCATCGAGT;AGCATCCTCA
2026-06-14 21:07:55.601 | INFO     | __main__:_validate_balance_injection_lane_state:7079 - Lane DLG55_TMP 候选平衡文库 FDSW250185295-1r 注入校验失败: ['10bp Index占比17.1%低于40%要求']
2026-06-14 21:07:55.601 | INFO     | __main__:_materialize_balance_library_for_lane:7277 - Lane DLG55_TMP 尝试补平衡文库模板: sample_id=FDSW250185296-1r, test_no=Novaseq X Plus-PE150, index_seq=CTCACACTGA;CTCACACATG
2026-06-14 21:07:55.948 | INFO     | __main__:_validate_balance_injection_lane_state:7079 - Lane DLG55_TMP 候选平衡文库 FDSW250185296-1r 注入校验失败: ['10bp Index占比17.1%低于40%要求']
2026-06-14 21:07:55.949 | INFO     | __main__:_materialize_balance_library_for_lane:7277 - Lane DLG55_TMP 尝试补平衡文库模板: sample_id=FDSW250185298-1r, test_no=Novaseq X Plus-PE150, index_seq=CCGACTAGAT;CCGACTAAGA
2026-06-14 21:07:56.297 | INFO     | __main__:_validate_balance_injection_lane_state:7079 - Lane DLG55_TMP 候选平衡文库 FDSW250185298-1r 注入校验失败: ['10bp Index占比17.1%低于40%要求']
2026-06-14 21:07:56.297 | INFO     | __main__:_materialize_balance_library_for_lane:7277 - Lane DLG55_TMP 尝试补平衡文库模板: sample_id=FDSW250185306-1r, test_no=Novaseq X Plus-PE150, index_seq=ACAGAGCGAT;GACTACTCAC
2026-06-14 21:07:56.644 | INFO     | __main__:_validate_balance_injection_lane_state:7079 - Lane DLG55_TMP 候选平衡文库 FDSW250185306-1r 注入校验失败: ['10bp Index占比17.1%低于40%要求']
2026-06-14 21:07:56.644 | INFO     | __main__:_materialize_balance_library_for_lane:7277 - Lane DLG55_TMP 尝试补平衡文库模板: sample_id=FDSW250185309-1r, test_no=Novaseq X Plus-PE150, index_seq=GTCACACACT;CAAGTGCTTC
2026-06-14 21:07:56.991 | INFO     | __main__:_validate_balance_injection_lane_state:7079 - Lane DLG55_TMP 候选平衡文库 FDSW250185309-1r 注入校验失败: ['10bp Index占比17.1%低于40%要求']
2026-06-14 21:07:56.991 | INFO     | __main__:_materialize_balance_library_for_lane:7277 - Lane DLG55_TMP 尝试补平衡文库模板: sample_id=FDSW250185313-1r, test_no=Novaseq X Plus-PE150, index_seq=ATCGAATGCG;CGATATCTGC
2026-06-14 21:07:57.346 | INFO     | __main__:_validate_balance_injection_lane_state:7079 - Lane DLG55_TMP 候选平衡文库 FDSW250185313-1r 注入校验失败: ['10bp Index占比17.1%低于40%要求']
2026-06-14 21:07:57.346 | INFO     | __main__:_materialize_balance_library_for_lane:7277 - Lane DLG55_TMP 尝试补平衡文库模板: sample_id=FDSW250185316-1r, test_no=Novaseq X Plus-PE150, index_seq=TCATTGCACC;ATCGAAGCTC
2026-06-14 21:07:57.694 | INFO     | __main__:_validate_balance_injection_lane_state:7079 - Lane DLG55_TMP 候选平衡文库 FDSW250185316-1r 注入校验失败: ['10bp Index占比17.1%低于40%要求']
2026-06-14 21:07:58.623 | WARNING  | __main__:_materialize_balance_library_for_lane:7402 - Lane DLG55_TMP 平衡文库补充失败: 需补 111.978G，实验室=天津科技服务实验室，工序=Novaseq X Plus-PE150
2026-06-14 21:07:59.512 | INFO     | __main__:_materialize_balance_library_for_lane:7277 - Lane DLG55_TMP 尝试补平衡文库模板: sample_id=phix, test_no=Novaseq X Plus-PE150, index_seq=GGGGGGGGGG;ACCGAGATCT
2026-06-14 21:07:59.746 | INFO     | __main__:_validate_balance_injection_lane_state:7079 - Lane DLG55_TMP 候选平衡文库 phix 注入校验失败: ['10bp Index占比17.1%低于40%要求']
2026-06-14 21:07:59.746 | INFO     | __main__:_materialize_balance_library_for_lane:7277 - Lane DLG55_TMP 尝试补平衡文库模板: sample_id=FDSW250185295-1r, test_no=Novaseq X Plus-PE150, index_seq=AGCATCGAGT;AGCATCCTCA
2026-06-14 21:07:59.980 | INFO     | __main__:_validate_balance_injection_lane_state:7079 - Lane DLG55_TMP 候选平衡文库 FDSW250185295-1r 注入校验失败: ['10bp Index占比17.1%低于40%要求']
2026-06-14 21:07:59.980 | INFO     | __main__:_materialize_balance_library_for_lane:7277 - Lane DLG55_TMP 尝试补平衡文库模板: sample_id=FDSW250185296-1r, test_no=Novaseq X Plus-PE150, index_seq=CTCACACTGA;CTCACACATG
2026-06-14 21:08:00.214 | INFO     | __main__:_validate_balance_injection_lane_state:7079 - Lane DLG55_TMP 候选平衡文库 FDSW250185296-1r 注入校验失败: ['10bp Index占比17.1%低于40%要求']
2026-06-14 21:08:00.215 | INFO     | __main__:_materialize_balance_library_for_lane:7277 - Lane DLG55_TMP 尝试补平衡文库模板: sample_id=FDSW250185298-1r, test_no=Novaseq X Plus-PE150, index_seq=CCGACTAGAT;CCGACTAAGA
2026-06-14 21:08:00.449 | INFO     | __main__:_validate_balance_injection_lane_state:7079 - Lane DLG55_TMP 候选平衡文库 FDSW250185298-1r 注入校验失败: ['10bp Index占比17.1%低于40%要求']
2026-06-14 21:08:00.449 | INFO     | __main__:_materialize_balance_library_for_lane:7277 - Lane DLG55_TMP 尝试补平衡文库模板: sample_id=FDSW250185306-1r, test_no=Novaseq X Plus-PE150, index_seq=ACAGAGCGAT;GACTACTCAC
2026-06-14 21:08:00.682 | INFO     | __main__:_validate_balance_injection_lane_state:7079 - Lane DLG55_TMP 候选平衡文库 FDSW250185306-1r 注入校验失败: ['10bp Index占比17.1%低于40%要求']
2026-06-14 21:08:00.682 | INFO     | __main__:_materialize_balance_library_for_lane:7277 - Lane DLG55_TMP 尝试补平衡文库模板: sample_id=FDSW250185309-1r, test_no=Novaseq X Plus-PE150, index_seq=GTCACACACT;CAAGTGCTTC
2026-06-14 21:08:00.919 | INFO     | __main__:_validate_balance_injection_lane_state:7079 - Lane DLG55_TMP 候选平衡文库 FDSW250185309-1r 注入校验失败: ['10bp Index占比17.1%低于40%要求']
2026-06-14 21:08:00.919 | INFO     | __main__:_materialize_balance_library_for_lane:7277 - Lane DLG55_TMP 尝试补平衡文库模板: sample_id=FDSW250185313-1r, test_no=Novaseq X Plus-PE150, index_seq=ATCGAATGCG;CGATATCTGC
2026-06-14 21:08:01.157 | INFO     | __main__:_validate_balance_injection_lane_state:7079 - Lane DLG55_TMP 候选平衡文库 FDSW250185313-1r 注入校验失败: ['10bp Index占比17.1%低于40%要求']
2026-06-14 21:08:01.158 | INFO     | __main__:_materialize_balance_library_for_lane:7277 - Lane DLG55_TMP 尝试补平衡文库模板: sample_id=FDSW250185316-1r, test_no=Novaseq X Plus-PE150, index_seq=TCATTGCACC;ATCGAAGCTC
2026-06-14 21:08:01.394 | INFO     | __main__:_validate_balance_injection_lane_state:7079 - Lane DLG55_TMP 候选平衡文库 FDSW250185316-1r 注入校验失败: ['10bp Index占比17.1%低于40%要求']
2026-06-14 21:08:02.044 | WARNING  | __main__:_materialize_balance_library_for_lane:7402 - Lane DLG55_TMP 平衡文库补充失败: 需补 111.978G，实验室=天津科技服务实验室，工序=Novaseq X Plus-PE150
2026-06-14 21:08:02.926 | INFO     | __main__:_materialize_balance_library_for_lane:7277 - Lane DLG55_TMP 尝试补平衡文库模板: sample_id=phix, test_no=Novaseq X Plus-PE150, index_seq=GGGGGGGGGG;ACCGAGATCT
2026-06-14 21:08:03.161 | INFO     | __main__:_validate_balance_injection_lane_state:7079 - Lane DLG55_TMP 候选平衡文库 phix 注入校验失败: ['10bp Index占比17.1%低于40%要求']
2026-06-14 21:08:03.161 | INFO     | __main__:_materialize_balance_library_for_lane:7277 - Lane DLG55_TMP 尝试补平衡文库模板: sample_id=FDSW250185295-1r, test_no=Novaseq X Plus-PE150, index_seq=AGCATCGAGT;AGCATCCTCA
2026-06-14 21:08:03.396 | INFO     | __main__:_validate_balance_injection_lane_state:7079 - Lane DLG55_TMP 候选平衡文库 FDSW250185295-1r 注入校验失败: ['10bp Index占比17.1%低于40%要求']
2026-06-14 21:08:03.396 | INFO     | __main__:_materialize_balance_library_for_lane:7277 - Lane DLG55_TMP 尝试补平衡文库模板: sample_id=FDSW250185296-1r, test_no=Novaseq X Plus-PE150, index_seq=CTCACACTGA;CTCACACATG
2026-06-14 21:08:03.630 | INFO     | __main__:_validate_balance_injection_lane_state:7079 - Lane DLG55_TMP 候选平衡文库 FDSW250185296-1r 注入校验失败: ['10bp Index占比17.1%低于40%要求']
2026-06-14 21:08:03.630 | INFO     | __main__:_materialize_balance_library_for_lane:7277 - Lane DLG55_TMP 尝试补平衡文库模板: sample_id=FDSW250185298-1r, test_no=Novaseq X Plus-PE150, index_seq=CCGACTAGAT;CCGACTAAGA
2026-06-14 21:08:03.865 | INFO     | __main__:_validate_balance_injection_lane_state:7079 - Lane DLG55_TMP 候选平衡文库 FDSW250185298-1r 注入校验失败: ['10bp Index占比17.1%低于40%要求']
2026-06-14 21:08:03.865 | INFO     | __main__:_materialize_balance_library_for_lane:7277 - Lane DLG55_TMP 尝试补平衡文库模板: sample_id=FDSW250185306-1r, test_no=Novaseq X Plus-PE150, index_seq=ACAGAGCGAT;GACTACTCAC
2026-06-14 21:08:04.099 | INFO     | __main__:_validate_balance_injection_lane_state:7079 - Lane DLG55_TMP 候选平衡文库 FDSW250185306-1r 注入校验失败: ['10bp Index占比17.1%低于40%要求']
2026-06-14 21:08:04.099 | INFO     | __main__:_materialize_balance_library_for_lane:7277 - Lane DLG55_TMP 尝试补平衡文库模板: sample_id=FDSW250185309-1r, test_no=Novaseq X Plus-PE150, index_seq=GTCACACACT;CAAGTGCTTC
2026-06-14 21:08:04.332 | INFO     | __main__:_validate_balance_injection_lane_state:7079 - Lane DLG55_TMP 候选平衡文库 FDSW250185309-1r 注入校验失败: ['10bp Index占比17.1%低于40%要求']
2026-06-14 21:08:04.332 | INFO     | __main__:_materialize_balance_library_for_lane:7277 - Lane DLG55_TMP 尝试补平衡文库模板: sample_id=FDSW250185313-1r, test_no=Novaseq X Plus-PE150, index_seq=ATCGAATGCG;CGATATCTGC
2026-06-14 21:08:04.566 | INFO     | __main__:_validate_balance_injection_lane_state:7079 - Lane DLG55_TMP 候选平衡文库 FDSW250185313-1r 注入校验失败: ['10bp Index占比17.1%低于40%要求']
2026-06-14 21:08:04.566 | INFO     | __main__:_materialize_balance_library_for_lane:7277 - Lane DLG55_TMP 尝试补平衡文库模板: sample_id=FDSW250185316-1r, test_no=Novaseq X Plus-PE150, index_seq=TCATTGCACC;ATCGAAGCTC
2026-06-14 21:08:04.799 | INFO     | __main__:_validate_balance_injection_lane_state:7079 - Lane DLG55_TMP 候选平衡文库 FDSW250185316-1r 注入校验失败: ['10bp Index占比17.1%低于40%要求']
2026-06-14 21:08:05.422 | WARNING  | __main__:_materialize_balance_library_for_lane:7402 - Lane DLG55_TMP 平衡文库补充失败: 需补 111.978G，实验室=天津科技服务实验室，工序=Novaseq X Plus-PE150
2026-06-14 21:08:06.103 | INFO     | __main__:_materialize_balance_library_for_lane:7277 - Lane DLG55_TMP 尝试补平衡文库模板: sample_id=phix, test_no=Novaseq X Plus-PE150, index_seq=GGGGGGGGGG;ACCGAGATCT
2026-06-14 21:08:06.450 | INFO     | __main__:_validate_balance_injection_lane_state:7079 - Lane DLG55_TMP 候选平衡文库 phix 注入校验失败: ['10bp Index占比17.1%低于40%要求']
2026-06-14 21:08:06.450 | INFO     | __main__:_materialize_balance_library_for_lane:7277 - Lane DLG55_TMP 尝试补平衡文库模板: sample_id=FDSW250185295-1r, test_no=Novaseq X Plus-PE150, index_seq=AGCATCGAGT;AGCATCCTCA
2026-06-14 21:08:06.797 | INFO     | __main__:_validate_balance_injection_lane_state:7079 - Lane DLG55_TMP 候选平衡文库 FDSW250185295-1r 注入校验失败: ['10bp Index占比17.1%低于40%要求']
2026-06-14 21:08:06.797 | INFO     | __main__:_materialize_balance_library_for_lane:7277 - Lane DLG55_TMP 尝试补平衡文库模板: sample_id=FDSW250185296-1r, test_no=Novaseq X Plus-PE150, index_seq=CTCACACTGA;CTCACACATG
2026-06-14 21:08:07.143 | INFO     | __main__:_validate_balance_injection_lane_state:7079 - Lane DLG55_TMP 候选平衡文库 FDSW250185296-1r 注入校验失败: ['10bp Index占比17.1%低于40%要求']
2026-06-14 21:08:07.143 | INFO     | __main__:_materialize_balance_library_for_lane:7277 - Lane DLG55_TMP 尝试补平衡文库模板: sample_id=FDSW250185298-1r, test_no=Novaseq X Plus-PE150, index_seq=CCGACTAGAT;CCGACTAAGA
2026-06-14 21:08:07.490 | INFO     | __main__:_validate_balance_injection_lane_state:7079 - Lane DLG55_TMP 候选平衡文库 FDSW250185298-1r 注入校验失败: ['10bp Index占比17.1%低于40%要求']
2026-06-14 21:08:07.490 | INFO     | __main__:_materialize_balance_library_for_lane:7277 - Lane DLG55_TMP 尝试补平衡文库模板: sample_id=FDSW250185306-1r, test_no=Novaseq X Plus-PE150, index_seq=ACAGAGCGAT;GACTACTCAC
2026-06-14 21:08:07.835 | INFO     | __main__:_validate_balance_injection_lane_state:7079 - Lane DLG55_TMP 候选平衡文库 FDSW250185306-1r 注入校验失败: ['10bp Index占比17.1%低于40%要求']
2026-06-14 21:08:07.835 | INFO     | __main__:_materialize_balance_library_for_lane:7277 - Lane DLG55_TMP 尝试补平衡文库模板: sample_id=FDSW250185309-1r, test_no=Novaseq X Plus-PE150, index_seq=GTCACACACT;CAAGTGCTTC
2026-06-14 21:08:08.182 | INFO     | __main__:_validate_balance_injection_lane_state:7079 - Lane DLG55_TMP 候选平衡文库 FDSW250185309-1r 注入校验失败: ['10bp Index占比17.1%低于40%要求']
2026-06-14 21:08:08.182 | INFO     | __main__:_materialize_balance_library_for_lane:7277 - Lane DLG55_TMP 尝试补平衡文库模板: sample_id=FDSW250185313-1r, test_no=Novaseq X Plus-PE150, index_seq=ATCGAATGCG;CGATATCTGC
2026-06-14 21:08:08.527 | INFO     | __main__:_validate_balance_injection_lane_state:7079 - Lane DLG55_TMP 候选平衡文库 FDSW250185313-1r 注入校验失败: ['10bp Index占比17.1%低于40%要求']
2026-06-14 21:08:08.527 | INFO     | __main__:_materialize_balance_library_for_lane:7277 - Lane DLG55_TMP 尝试补平衡文库模板: sample_id=FDSW250185316-1r, test_no=Novaseq X Plus-PE150, index_seq=TCATTGCACC;ATCGAAGCTC
2026-06-14 21:08:08.873 | INFO     | __main__:_validate_balance_injection_lane_state:7079 - Lane DLG55_TMP 候选平衡文库 FDSW250185316-1r 注入校验失败: ['10bp Index占比17.1%低于40%要求']
2026-06-14 21:08:09.805 | WARNING  | __main__:_materialize_balance_library_for_lane:7402 - Lane DLG55_TMP 平衡文库补充失败: 需补 111.978G，实验室=天津科技服务实验室，工序=Novaseq X Plus-PE150
2026-06-14 21:08:10.486 | INFO     | __main__:_materialize_balance_library_for_lane:7277 - Lane DLG55_TMP 尝试补平衡文库模板: sample_id=phix, test_no=Novaseq X Plus-PE150, index_seq=GGGGGGGGGG;ACCGAGATCT
2026-06-14 21:08:10.832 | INFO     | __main__:_validate_balance_injection_lane_state:7079 - Lane DLG55_TMP 候选平衡文库 phix 注入校验失败: ['10bp Index占比17.1%低于40%要求']
2026-06-14 21:08:10.833 | INFO     | __main__:_materialize_balance_library_for_lane:7277 - Lane DLG55_TMP 尝试补平衡文库模板: sample_id=FDSW250185295-1r, test_no=Novaseq X Plus-PE150, index_seq=AGCATCGAGT;AGCATCCTCA
2026-06-14 21:08:11.179 | INFO     | __main__:_validate_balance_injection_lane_state:7079 - Lane DLG55_TMP 候选平衡文库 FDSW250185295-1r 注入校验失败: ['10bp Index占比17.1%低于40%要求']
2026-06-14 21:08:11.179 | INFO     | __main__:_materialize_balance_library_for_lane:7277 - Lane DLG55_TMP 尝试补平衡文库模板: sample_id=FDSW250185296-1r, test_no=Novaseq X Plus-PE150, index_seq=CTCACACTGA;CTCACACATG
2026-06-14 21:08:11.526 | INFO     | __main__:_validate_balance_injection_lane_state:7079 - Lane DLG55_TMP 候选平衡文库 FDSW250185296-1r 注入校验失败: ['10bp Index占比17.1%低于40%要求']
2026-06-14 21:08:11.526 | INFO     | __main__:_materialize_balance_library_for_lane:7277 - Lane DLG55_TMP 尝试补平衡文库模板: sample_id=FDSW250185298-1r, test_no=Novaseq X Plus-PE150, index_seq=CCGACTAGAT;CCGACTAAGA
2026-06-14 21:08:11.872 | INFO     | __main__:_validate_balance_injection_lane_state:7079 - Lane DLG55_TMP 候选平衡文库 FDSW250185298-1r 注入校验失败: ['10bp Index占比17.1%低于40%要求']
2026-06-14 21:08:11.872 | INFO     | __main__:_materialize_balance_library_for_lane:7277 - Lane DLG55_TMP 尝试补平衡文库模板: sample_id=FDSW250185306-1r, test_no=Novaseq X Plus-PE150, index_seq=ACAGAGCGAT;GACTACTCAC
2026-06-14 21:08:12.220 | INFO     | __main__:_validate_balance_injection_lane_state:7079 - Lane DLG55_TMP 候选平衡文库 FDSW250185306-1r 注入校验失败: ['10bp Index占比17.1%低于40%要求']
2026-06-14 21:08:12.220 | INFO     | __main__:_materialize_balance_library_for_lane:7277 - Lane DLG55_TMP 尝试补平衡文库模板: sample_id=FDSW250185309-1r, test_no=Novaseq X Plus-PE150, index_seq=GTCACACACT;CAAGTGCTTC
2026-06-14 21:08:12.566 | INFO     | __main__:_validate_balance_injection_lane_state:7079 - Lane DLG55_TMP 候选平衡文库 FDSW250185309-1r 注入校验失败: ['10bp Index占比17.1%低于40%要求']
2026-06-14 21:08:12.566 | INFO     | __main__:_materialize_balance_library_for_lane:7277 - Lane DLG55_TMP 尝试补平衡文库模板: sample_id=FDSW250185313-1r, test_no=Novaseq X Plus-PE150, index_seq=ATCGAATGCG;CGATATCTGC
2026-06-14 21:08:12.913 | INFO     | __main__:_validate_balance_injection_lane_state:7079 - Lane DLG55_TMP 候选平衡文库 FDSW250185313-1r 注入校验失败: ['10bp Index占比17.1%低于40%要求']
2026-06-14 21:08:12.913 | INFO     | __main__:_materialize_balance_library_for_lane:7277 - Lane DLG55_TMP 尝试补平衡文库模板: sample_id=FDSW250185316-1r, test_no=Novaseq X Plus-PE150, index_seq=TCATTGCACC;ATCGAAGCTC
2026-06-14 21:08:13.259 | INFO     | __main__:_validate_balance_injection_lane_state:7079 - Lane DLG55_TMP 候选平衡文库 FDSW250185316-1r 注入校验失败: ['10bp Index占比17.1%低于40%要求']
2026-06-14 21:08:14.188 | WARNING  | __main__:_materialize_balance_library_for_lane:7402 - Lane DLG55_TMP 平衡文库补充失败: 需补 111.978G，实验室=天津科技服务实验室，工序=Novaseq X Plus-PE150
2026-06-14 21:08:16.840 | INFO     | __main__:_materialize_balance_library_for_lane:7277 - Lane DLG55_TMP 尝试补平衡文库模板: sample_id=phix, test_no=Novaseq X Plus-PE150, index_seq=GGGGGGGGGG;ACCGAGATCT
2026-06-14 21:08:17.192 | INFO     | __main__:_validate_balance_injection_lane_state:7079 - Lane DLG55_TMP 候选平衡文库 phix 注入校验失败: ['10bp Index占比17.1%低于40%要求']
2026-06-14 21:08:17.192 | INFO     | __main__:_materialize_balance_library_for_lane:7277 - Lane DLG55_TMP 尝试补平衡文库模板: sample_id=FDSW250185295-1r, test_no=Novaseq X Plus-PE150, index_seq=AGCATCGAGT;AGCATCCTCA
2026-06-14 21:08:17.541 | INFO     | __main__:_validate_balance_injection_lane_state:7079 - Lane DLG55_TMP 候选平衡文库 FDSW250185295-1r 注入校验失败: ['10bp Index占比17.1%低于40%要求']
2026-06-14 21:08:17.541 | INFO     | __main__:_materialize_balance_library_for_lane:7277 - Lane DLG55_TMP 尝试补平衡文库模板: sample_id=FDSW250185296-1r, test_no=Novaseq X Plus-PE150, index_seq=CTCACACTGA;CTCACACATG
2026-06-14 21:08:17.890 | INFO     | __main__:_validate_balance_injection_lane_state:7079 - Lane DLG55_TMP 候选平衡文库 FDSW250185296-1r 注入校验失败: ['10bp Index占比17.1%低于40%要求']
2026-06-14 21:08:17.890 | INFO     | __main__:_materialize_balance_library_for_lane:7277 - Lane DLG55_TMP 尝试补平衡文库模板: sample_id=FDSW250185298-1r, test_no=Novaseq X Plus-PE150, index_seq=CCGACTAGAT;CCGACTAAGA
2026-06-14 21:08:18.247 | INFO     | __main__:_validate_balance_injection_lane_state:7079 - Lane DLG55_TMP 候选平衡文库 FDSW250185298-1r 注入校验失败: ['10bp Index占比17.1%低于40%要求']
2026-06-14 21:08:18.247 | INFO     | __main__:_materialize_balance_library_for_lane:7277 - Lane DLG55_TMP 尝试补平衡文库模板: sample_id=FDSW250185306-1r, test_no=Novaseq X Plus-PE150, index_seq=ACAGAGCGAT;GACTACTCAC
2026-06-14 21:08:18.597 | INFO     | __main__:_validate_balance_injection_lane_state:7079 - Lane DLG55_TMP 候选平衡文库 FDSW250185306-1r 注入校验失败: ['10bp Index占比17.1%低于40%要求']
2026-06-14 21:08:18.597 | INFO     | __main__:_materialize_balance_library_for_lane:7277 - Lane DLG55_TMP 尝试补平衡文库模板: sample_id=FDSW250185309-1r, test_no=Novaseq X Plus-PE150, index_seq=GTCACACACT;CAAGTGCTTC
2026-06-14 21:08:18.945 | INFO     | __main__:_validate_balance_injection_lane_state:7079 - Lane DLG55_TMP 候选平衡文库 FDSW250185309-1r 注入校验失败: ['10bp Index占比17.1%低于40%要求']
2026-06-14 21:08:18.945 | INFO     | __main__:_materialize_balance_library_for_lane:7277 - Lane DLG55_TMP 尝试补平衡文库模板: sample_id=FDSW250185313-1r, test_no=Novaseq X Plus-PE150, index_seq=ATCGAATGCG;CGATATCTGC
2026-06-14 21:08:19.294 | INFO     | __main__:_validate_balance_injection_lane_state:7079 - Lane DLG55_TMP 候选平衡文库 FDSW250185313-1r 注入校验失败: ['10bp Index占比17.1%低于40%要求']
2026-06-14 21:08:19.294 | INFO     | __main__:_materialize_balance_library_for_lane:7277 - Lane DLG55_TMP 尝试补平衡文库模板: sample_id=FDSW250185316-1r, test_no=Novaseq X Plus-PE150, index_seq=TCATTGCACC;ATCGAAGCTC
2026-06-14 21:08:19.644 | INFO     | __main__:_validate_balance_injection_lane_state:7079 - Lane DLG55_TMP 候选平衡文库 FDSW250185316-1r 注入校验失败: ['10bp Index占比17.1%低于40%要求']
2026-06-14 21:08:20.604 | WARNING  | __main__:_materialize_balance_library_for_lane:7402 - Lane DLG55_TMP 平衡文库补充失败: 需补 111.978G，实验室=天津科技服务实验室，工序=Novaseq X Plus-PE150
2026-06-14 21:08:23.255 | INFO     | __main__:_materialize_balance_library_for_lane:7277 - Lane DLG55_TMP 尝试补平衡文库模板: sample_id=phix, test_no=Novaseq X Plus-PE150, index_seq=GGGGGGGGGG;ACCGAGATCT
2026-06-14 21:08:23.607 | INFO     | __main__:_validate_balance_injection_lane_state:7079 - Lane DLG55_TMP 候选平衡文库 phix 注入校验失败: ['10bp Index占比17.1%低于40%要求']
2026-06-14 21:08:23.607 | INFO     | __main__:_materialize_balance_library_for_lane:7277 - Lane DLG55_TMP 尝试补平衡文库模板: sample_id=FDSW250185295-1r, test_no=Novaseq X Plus-PE150, index_seq=AGCATCGAGT;AGCATCCTCA
2026-06-14 21:08:23.956 | INFO     | __main__:_validate_balance_injection_lane_state:7079 - Lane DLG55_TMP 候选平衡文库 FDSW250185295-1r 注入校验失败: ['10bp Index占比17.1%低于40%要求']
2026-06-14 21:08:23.956 | INFO     | __main__:_materialize_balance_library_for_lane:7277 - Lane DLG55_TMP 尝试补平衡文库模板: sample_id=FDSW250185296-1r, test_no=Novaseq X Plus-PE150, index_seq=CTCACACTGA;CTCACACATG
2026-06-14 21:08:24.306 | INFO     | __main__:_validate_balance_injection_lane_state:7079 - Lane DLG55_TMP 候选平衡文库 FDSW250185296-1r 注入校验失败: ['10bp Index占比17.1%低于40%要求']
2026-06-14 21:08:24.306 | INFO     | __main__:_materialize_balance_library_for_lane:7277 - Lane DLG55_TMP 尝试补平衡文库模板: sample_id=FDSW250185298-1r, test_no=Novaseq X Plus-PE150, index_seq=CCGACTAGAT;CCGACTAAGA
2026-06-14 21:08:24.656 | INFO     | __main__:_validate_balance_injection_lane_state:7079 - Lane DLG55_TMP 候选平衡文库 FDSW250185298-1r 注入校验失败: ['10bp Index占比17.1%低于40%要求']
2026-06-14 21:08:24.656 | INFO     | __main__:_materialize_balance_library_for_lane:7277 - Lane DLG55_TMP 尝试补平衡文库模板: sample_id=FDSW250185306-1r, test_no=Novaseq X Plus-PE150, index_seq=ACAGAGCGAT;GACTACTCAC
2026-06-14 21:08:25.006 | INFO     | __main__:_validate_balance_injection_lane_state:7079 - Lane DLG55_TMP 候选平衡文库 FDSW250185306-1r 注入校验失败: ['10bp Index占比17.1%低于40%要求']
2026-06-14 21:08:25.006 | INFO     | __main__:_materialize_balance_library_for_lane:7277 - Lane DLG55_TMP 尝试补平衡文库模板: sample_id=FDSW250185309-1r, test_no=Novaseq X Plus-PE150, index_seq=GTCACACACT;CAAGTGCTTC
2026-06-14 21:08:25.356 | INFO     | __main__:_validate_balance_injection_lane_state:7079 - Lane DLG55_TMP 候选平衡文库 FDSW250185309-1r 注入校验失败: ['10bp Index占比17.1%低于40%要求']
2026-06-14 21:08:25.356 | INFO     | __main__:_materialize_balance_library_for_lane:7277 - Lane DLG55_TMP 尝试补平衡文库模板: sample_id=FDSW250185313-1r, test_no=Novaseq X Plus-PE150, index_seq=ATCGAATGCG;CGATATCTGC
2026-06-14 21:08:25.706 | INFO     | __main__:_validate_balance_injection_lane_state:7079 - Lane DLG55_TMP 候选平衡文库 FDSW250185313-1r 注入校验失败: ['10bp Index占比17.1%低于40%要求']
2026-06-14 21:08:25.706 | INFO     | __main__:_materialize_balance_library_for_lane:7277 - Lane DLG55_TMP 尝试补平衡文库模板: sample_id=FDSW250185316-1r, test_no=Novaseq X Plus-PE150, index_seq=TCATTGCACC;ATCGAAGCTC
2026-06-14 21:08:26.057 | INFO     | __main__:_validate_balance_injection_lane_state:7079 - Lane DLG55_TMP 候选平衡文库 FDSW250185316-1r 注入校验失败: ['10bp Index占比17.1%低于40%要求']
2026-06-14 21:08:26.988 | WARNING  | __main__:_materialize_balance_library_for_lane:7402 - Lane DLG55_TMP 平衡文库补充失败: 需补 111.978G，实验室=天津科技服务实验室，工序=Novaseq X Plus-PE150
2026-06-14 21:08:29.634 | INFO     | __main__:_materialize_balance_library_for_lane:7277 - Lane DLG55_TMP 尝试补平衡文库模板: sample_id=phix, test_no=Novaseq X Plus-PE150, index_seq=GGGGGGGGGG;ACCGAGATCT
2026-06-14 21:08:29.983 | INFO     | __main__:_validate_balance_injection_lane_state:7079 - Lane DLG55_TMP 候选平衡文库 phix 注入校验失败: ['10bp Index占比17.1%低于40%要求']
2026-06-14 21:08:29.983 | INFO     | __main__:_materialize_balance_library_for_lane:7277 - Lane DLG55_TMP 尝试补平衡文库模板: sample_id=FDSW250185295-1r, test_no=Novaseq X Plus-PE150, index_seq=AGCATCGAGT;AGCATCCTCA
2026-06-14 21:08:30.331 | INFO     | __main__:_validate_balance_injection_lane_state:7079 - Lane DLG55_TMP 候选平衡文库 FDSW250185295-1r 注入校验失败: ['10bp Index占比17.1%低于40%要求']
2026-06-14 21:08:30.331 | INFO     | __main__:_materialize_balance_library_for_lane:7277 - Lane DLG55_TMP 尝试补平衡文库模板: sample_id=FDSW250185296-1r, test_no=Novaseq X Plus-PE150, index_seq=CTCACACTGA;CTCACACATG
2026-06-14 21:08:30.680 | INFO     | __main__:_validate_balance_injection_lane_state:7079 - Lane DLG55_TMP 候选平衡文库 FDSW250185296-1r 注入校验失败: ['10bp Index占比17.1%低于40%要求']
2026-06-14 21:08:30.680 | INFO     | __main__:_materialize_balance_library_for_lane:7277 - Lane DLG55_TMP 尝试补平衡文库模板: sample_id=FDSW250185298-1r, test_no=Novaseq X Plus-PE150, index_seq=CCGACTAGAT;CCGACTAAGA
2026-06-14 21:08:31.029 | INFO     | __main__:_validate_balance_injection_lane_state:7079 - Lane DLG55_TMP 候选平衡文库 FDSW250185298-1r 注入校验失败: ['10bp Index占比17.1%低于40%要求']
2026-06-14 21:08:31.029 | INFO     | __main__:_materialize_balance_library_for_lane:7277 - Lane DLG55_TMP 尝试补平衡文库模板: sample_id=FDSW250185306-1r, test_no=Novaseq X Plus-PE150, index_seq=ACAGAGCGAT;GACTACTCAC
2026-06-14 21:08:31.378 | INFO     | __main__:_validate_balance_injection_lane_state:7079 - Lane DLG55_TMP 候选平衡文库 FDSW250185306-1r 注入校验失败: ['10bp Index占比17.1%低于40%要求']
2026-06-14 21:08:31.378 | INFO     | __main__:_materialize_balance_library_for_lane:7277 - Lane DLG55_TMP 尝试补平衡文库模板: sample_id=FDSW250185309-1r, test_no=Novaseq X Plus-PE150, index_seq=GTCACACACT;CAAGTGCTTC
2026-06-14 21:08:31.726 | INFO     | __main__:_validate_balance_injection_lane_state:7079 - Lane DLG55_TMP 候选平衡文库 FDSW250185309-1r 注入校验失败: ['10bp Index占比17.1%低于40%要求']
2026-06-14 21:08:31.726 | INFO     | __main__:_materialize_balance_library_for_lane:7277 - Lane DLG55_TMP 尝试补平衡文库模板: sample_id=FDSW250185313-1r, test_no=Novaseq X Plus-PE150, index_seq=ATCGAATGCG;CGATATCTGC
2026-06-14 21:08:32.077 | INFO     | __main__:_validate_balance_injection_lane_state:7079 - Lane DLG55_TMP 候选平衡文库 FDSW250185313-1r 注入校验失败: ['10bp Index占比17.1%低于40%要求']
2026-06-14 21:08:32.077 | INFO     | __main__:_materialize_balance_library_for_lane:7277 - Lane DLG55_TMP 尝试补平衡文库模板: sample_id=FDSW250185316-1r, test_no=Novaseq X Plus-PE150, index_seq=TCATTGCACC;ATCGAAGCTC
2026-06-14 21:08:32.426 | INFO     | __main__:_validate_balance_injection_lane_state:7079 - Lane DLG55_TMP 候选平衡文库 FDSW250185316-1r 注入校验失败: ['10bp Index占比17.1%低于40%要求']
2026-06-14 21:08:33.355 | WARNING  | __main__:_materialize_balance_library_for_lane:7402 - Lane DLG55_TMP 平衡文库补充失败: 需补 111.978G，实验室=天津科技服务实验室，工序=Novaseq X Plus-PE150
2026-06-14 21:08:36.080 | INFO     | __main__:_materialize_balance_library_for_lane:7277 - Lane DLG55_TMP 尝试补平衡文库模板: sample_id=phix, test_no=Novaseq X Plus-PE150, index_seq=GGGGGGGGGG;ACCGAGATCT
2026-06-14 21:08:36.428 | INFO     | __main__:_validate_balance_injection_lane_state:7079 - Lane DLG55_TMP 候选平衡文库 phix 注入校验失败: ['10bp Index占比17.1%低于40%要求']
2026-06-14 21:08:36.428 | INFO     | __main__:_materialize_balance_library_for_lane:7277 - Lane DLG55_TMP 尝试补平衡文库模板: sample_id=FDSW250185295-1r, test_no=Novaseq X Plus-PE150, index_seq=AGCATCGAGT;AGCATCCTCA
2026-06-14 21:08:36.776 | INFO     | __main__:_validate_balance_injection_lane_state:7079 - Lane DLG55_TMP 候选平衡文库 FDSW250185295-1r 注入校验失败: ['10bp Index占比17.1%低于40%要求']
2026-06-14 21:08:36.776 | INFO     | __main__:_materialize_balance_library_for_lane:7277 - Lane DLG55_TMP 尝试补平衡文库模板: sample_id=FDSW250185296-1r, test_no=Novaseq X Plus-PE150, index_seq=CTCACACTGA;CTCACACATG
2026-06-14 21:08:37.123 | INFO     | __main__:_validate_balance_injection_lane_state:7079 - Lane DLG55_TMP 候选平衡文库 FDSW250185296-1r 注入校验失败: ['10bp Index占比17.1%低于40%要求']
2026-06-14 21:08:37.123 | INFO     | __main__:_materialize_balance_library_for_lane:7277 - Lane DLG55_TMP 尝试补平衡文库模板: sample_id=FDSW250185298-1r, test_no=Novaseq X Plus-PE150, index_seq=CCGACTAGAT;CCGACTAAGA
2026-06-14 21:08:37.470 | INFO     | __main__:_validate_balance_injection_lane_state:7079 - Lane DLG55_TMP 候选平衡文库 FDSW250185298-1r 注入校验失败: ['10bp Index占比17.1%低于40%要求']
2026-06-14 21:08:37.470 | INFO     | __main__:_materialize_balance_library_for_lane:7277 - Lane DLG55_TMP 尝试补平衡文库模板: sample_id=FDSW250185306-1r, test_no=Novaseq X Plus-PE150, index_seq=ACAGAGCGAT;GACTACTCAC
2026-06-14 21:08:37.822 | INFO     | __main__:_validate_balance_injection_lane_state:7079 - Lane DLG55_TMP 候选平衡文库 FDSW250185306-1r 注入校验失败: ['10bp Index占比17.1%低于40%要求']
2026-06-14 21:08:37.822 | INFO     | __main__:_materialize_balance_library_for_lane:7277 - Lane DLG55_TMP 尝试补平衡文库模板: sample_id=FDSW250185309-1r, test_no=Novaseq X Plus-PE150, index_seq=GTCACACACT;CAAGTGCTTC
2026-06-14 21:08:38.175 | INFO     | __main__:_validate_balance_injection_lane_state:7079 - Lane DLG55_TMP 候选平衡文库 FDSW250185309-1r 注入校验失败: ['10bp Index占比17.1%低于40%要求']
2026-06-14 21:08:38.175 | INFO     | __main__:_materialize_balance_library_for_lane:7277 - Lane DLG55_TMP 尝试补平衡文库模板: sample_id=FDSW250185313-1r, test_no=Novaseq X Plus-PE150, index_seq=ATCGAATGCG;CGATATCTGC
2026-06-14 21:08:38.523 | INFO     | __main__:_validate_balance_injection_lane_state:7079 - Lane DLG55_TMP 候选平衡文库 FDSW250185313-1r 注入校验失败: ['10bp Index占比17.1%低于40%要求']
2026-06-14 21:08:38.523 | INFO     | __main__:_materialize_balance_library_for_lane:7277 - Lane DLG55_TMP 尝试补平衡文库模板: sample_id=FDSW250185316-1r, test_no=Novaseq X Plus-PE150, index_seq=TCATTGCACC;ATCGAAGCTC
2026-06-14 21:08:38.871 | INFO     | __main__:_validate_balance_injection_lane_state:7079 - Lane DLG55_TMP 候选平衡文库 FDSW250185316-1r 注入校验失败: ['10bp Index占比17.1%低于40%要求']
2026-06-14 21:08:39.804 | WARNING  | __main__:_materialize_balance_library_for_lane:7402 - Lane DLG55_TMP 平衡文库补充失败: 需补 111.978G，实验室=天津科技服务实验室，工序=Novaseq X Plus-PE150
2026-06-14 21:08:42.518 | INFO     | __main__:_materialize_balance_library_for_lane:7277 - Lane DLG55_TMP 尝试补平衡文库模板: sample_id=phix, test_no=Novaseq X Plus-PE150, index_seq=GGGGGGGGGG;ACCGAGATCT
2026-06-14 21:08:42.865 | INFO     | __main__:_validate_balance_injection_lane_state:7079 - Lane DLG55_TMP 候选平衡文库 phix 注入校验失败: ['10bp Index占比17.1%低于40%要求']
2026-06-14 21:08:42.865 | INFO     | __main__:_materialize_balance_library_for_lane:7277 - Lane DLG55_TMP 尝试补平衡文库模板: sample_id=FDSW250185295-1r, test_no=Novaseq X Plus-PE150, index_seq=AGCATCGAGT;AGCATCCTCA
2026-06-14 21:08:43.212 | INFO     | __main__:_validate_balance_injection_lane_state:7079 - Lane DLG55_TMP 候选平衡文库 FDSW250185295-1r 注入校验失败: ['10bp Index占比17.1%低于40%要求']
2026-06-14 21:08:43.212 | INFO     | __main__:_materialize_balance_library_for_lane:7277 - Lane DLG55_TMP 尝试补平衡文库模板: sample_id=FDSW250185296-1r, test_no=Novaseq X Plus-PE150, index_seq=CTCACACTGA;CTCACACATG
2026-06-14 21:08:43.560 | INFO     | __main__:_validate_balance_injection_lane_state:7079 - Lane DLG55_TMP 候选平衡文库 FDSW250185296-1r 注入校验失败: ['10bp Index占比17.1%低于40%要求']
2026-06-14 21:08:43.561 | INFO     | __main__:_materialize_balance_library_for_lane:7277 - Lane DLG55_TMP 尝试补平衡文库模板: sample_id=FDSW250185298-1r, test_no=Novaseq X Plus-PE150, index_seq=CCGACTAGAT;CCGACTAAGA
2026-06-14 21:08:43.908 | INFO     | __main__:_validate_balance_injection_lane_state:7079 - Lane DLG55_TMP 候选平衡文库 FDSW250185298-1r 注入校验失败: ['10bp Index占比17.1%低于40%要求']
2026-06-14 21:08:43.908 | INFO     | __main__:_materialize_balance_library_for_lane:7277 - Lane DLG55_TMP 尝试补平衡文库模板: sample_id=FDSW250185306-1r, test_no=Novaseq X Plus-PE150, index_seq=ACAGAGCGAT;GACTACTCAC
2026-06-14 21:08:44.265 | INFO     | __main__:_validate_balance_injection_lane_state:7079 - Lane DLG55_TMP 候选平衡文库 FDSW250185306-1r 注入校验失败: ['10bp Index占比17.1%低于40%要求']
2026-06-14 21:08:44.265 | INFO     | __main__:_materialize_balance_library_for_lane:7277 - Lane DLG55_TMP 尝试补平衡文库模板: sample_id=FDSW250185309-1r, test_no=Novaseq X Plus-PE150, index_seq=GTCACACACT;CAAGTGCTTC
2026-06-14 21:08:44.613 | INFO     | __main__:_validate_balance_injection_lane_state:7079 - Lane DLG55_TMP 候选平衡文库 FDSW250185309-1r 注入校验失败: ['10bp Index占比17.1%低于40%要求']
2026-06-14 21:08:44.614 | INFO     | __main__:_materialize_balance_library_for_lane:7277 - Lane DLG55_TMP 尝试补平衡文库模板: sample_id=FDSW250185313-1r, test_no=Novaseq X Plus-PE150, index_seq=ATCGAATGCG;CGATATCTGC
2026-06-14 21:08:44.966 | INFO     | __main__:_validate_balance_injection_lane_state:7079 - Lane DLG55_TMP 候选平衡文库 FDSW250185313-1r 注入校验失败: ['10bp Index占比17.1%低于40%要求']
2026-06-14 21:08:44.966 | INFO     | __main__:_materialize_balance_library_for_lane:7277 - Lane DLG55_TMP 尝试补平衡文库模板: sample_id=FDSW250185316-1r, test_no=Novaseq X Plus-PE150, index_seq=TCATTGCACC;ATCGAAGCTC
2026-06-14 21:08:45.314 | INFO     | __main__:_validate_balance_injection_lane_state:7079 - Lane DLG55_TMP 候选平衡文库 FDSW250185316-1r 注入校验失败: ['10bp Index占比17.1%低于40%要求']
2026-06-14 21:08:46.241 | WARNING  | __main__:_materialize_balance_library_for_lane:7402 - Lane DLG55_TMP 平衡文库补充失败: 需补 111.978G，实验室=天津科技服务实验室，工序=Novaseq X Plus-PE150
2026-06-14 21:08:48.962 | INFO     | __main__:_materialize_balance_library_for_lane:7277 - Lane DLG55_TMP 尝试补平衡文库模板: sample_id=phix, test_no=Novaseq X Plus-PE150, index_seq=GGGGGGGGGG;ACCGAGATCT
2026-06-14 21:08:49.310 | INFO     | __main__:_validate_balance_injection_lane_state:7079 - Lane DLG55_TMP 候选平衡文库 phix 注入校验失败: ['10bp Index占比17.1%低于40%要求']
2026-06-14 21:08:49.310 | INFO     | __main__:_materialize_balance_library_for_lane:7277 - Lane DLG55_TMP 尝试补平衡文库模板: sample_id=FDSW250185295-1r, test_no=Novaseq X Plus-PE150, index_seq=AGCATCGAGT;AGCATCCTCA
2026-06-14 21:08:49.659 | INFO     | __main__:_validate_balance_injection_lane_state:7079 - Lane DLG55_TMP 候选平衡文库 FDSW250185295-1r 注入校验失败: ['10bp Index占比17.1%低于40%要求']
2026-06-14 21:08:49.659 | INFO     | __main__:_materialize_balance_library_for_lane:7277 - Lane DLG55_TMP 尝试补平衡文库模板: sample_id=FDSW250185296-1r, test_no=Novaseq X Plus-PE150, index_seq=CTCACACTGA;CTCACACATG
2026-06-14 21:08:50.008 | INFO     | __main__:_validate_balance_injection_lane_state:7079 - Lane DLG55_TMP 候选平衡文库 FDSW250185296-1r 注入校验失败: ['10bp Index占比17.1%低于40%要求']
2026-06-14 21:08:50.008 | INFO     | __main__:_materialize_balance_library_for_lane:7277 - Lane DLG55_TMP 尝试补平衡文库模板: sample_id=FDSW250185298-1r, test_no=Novaseq X Plus-PE150, index_seq=CCGACTAGAT;CCGACTAAGA
2026-06-14 21:08:50.358 | INFO     | __main__:_validate_balance_injection_lane_state:7079 - Lane DLG55_TMP 候选平衡文库 FDSW250185298-1r 注入校验失败: ['10bp Index占比17.1%低于40%要求']
2026-06-14 21:08:50.358 | INFO     | __main__:_materialize_balance_library_for_lane:7277 - Lane DLG55_TMP 尝试补平衡文库模板: sample_id=FDSW250185306-1r, test_no=Novaseq X Plus-PE150, index_seq=ACAGAGCGAT;GACTACTCAC
2026-06-14 21:08:50.708 | INFO     | __main__:_validate_balance_injection_lane_state:7079 - Lane DLG55_TMP 候选平衡文库 FDSW250185306-1r 注入校验失败: ['10bp Index占比17.1%低于40%要求']
2026-06-14 21:08:50.708 | INFO     | __main__:_materialize_balance_library_for_lane:7277 - Lane DLG55_TMP 尝试补平衡文库模板: sample_id=FDSW250185309-1r, test_no=Novaseq X Plus-PE150, index_seq=GTCACACACT;CAAGTGCTTC
2026-06-14 21:08:51.057 | INFO     | __main__:_validate_balance_injection_lane_state:7079 - Lane DLG55_TMP 候选平衡文库 FDSW250185309-1r 注入校验失败: ['10bp Index占比17.1%低于40%要求']
2026-06-14 21:08:51.057 | INFO     | __main__:_materialize_balance_library_for_lane:7277 - Lane DLG55_TMP 尝试补平衡文库模板: sample_id=FDSW250185313-1r, test_no=Novaseq X Plus-PE150, index_seq=ATCGAATGCG;CGATATCTGC
2026-06-14 21:08:51.405 | INFO     | __main__:_validate_balance_injection_lane_state:7079 - Lane DLG55_TMP 候选平衡文库 FDSW250185313-1r 注入校验失败: ['10bp Index占比17.1%低于40%要求']
2026-06-14 21:08:51.405 | INFO     | __main__:_materialize_balance_library_for_lane:7277 - Lane DLG55_TMP 尝试补平衡文库模板: sample_id=FDSW250185316-1r, test_no=Novaseq X Plus-PE150, index_seq=TCATTGCACC;ATCGAAGCTC
2026-06-14 21:08:51.753 | INFO     | __main__:_validate_balance_injection_lane_state:7079 - Lane DLG55_TMP 候选平衡文库 FDSW250185316-1r 注入校验失败: ['10bp Index占比17.1%低于40%要求']
2026-06-14 21:08:52.685 | WARNING  | __main__:_materialize_balance_library_for_lane:7402 - Lane DLG55_TMP 平衡文库补充失败: 需补 111.978G，实验室=天津科技服务实验室，工序=Novaseq X Plus-PE150
2026-06-14 21:08:55.398 | INFO     | __main__:_materialize_balance_library_for_lane:7277 - Lane DLG55_TMP 尝试补平衡文库模板: sample_id=phix, test_no=Novaseq X Plus-PE150, index_seq=GGGGGGGGGG;ACCGAGATCT
2026-06-14 21:08:55.747 | INFO     | __main__:_validate_balance_injection_lane_state:7079 - Lane DLG55_TMP 候选平衡文库 phix 注入校验失败: ['10bp Index占比17.1%低于40%要求']
2026-06-14 21:08:55.747 | INFO     | __main__:_materialize_balance_library_for_lane:7277 - Lane DLG55_TMP 尝试补平衡文库模板: sample_id=FDSW250185295-1r, test_no=Novaseq X Plus-PE150, index_seq=AGCATCGAGT;AGCATCCTCA
2026-06-14 21:08:56.097 | INFO     | __main__:_validate_balance_injection_lane_state:7079 - Lane DLG55_TMP 候选平衡文库 FDSW250185295-1r 注入校验失败: ['10bp Index占比17.1%低于40%要求']
2026-06-14 21:08:56.097 | INFO     | __main__:_materialize_balance_library_for_lane:7277 - Lane DLG55_TMP 尝试补平衡文库模板: sample_id=FDSW250185296-1r, test_no=Novaseq X Plus-PE150, index_seq=CTCACACTGA;CTCACACATG
2026-06-14 21:08:56.445 | INFO     | __main__:_validate_balance_injection_lane_state:7079 - Lane DLG55_TMP 候选平衡文库 FDSW250185296-1r 注入校验失败: ['10bp Index占比17.1%低于40%要求']
2026-06-14 21:08:56.445 | INFO     | __main__:_materialize_balance_library_for_lane:7277 - Lane DLG55_TMP 尝试补平衡文库模板: sample_id=FDSW250185298-1r, test_no=Novaseq X Plus-PE150, index_seq=CCGACTAGAT;CCGACTAAGA
2026-06-14 21:08:56.792 | INFO     | __main__:_validate_balance_injection_lane_state:7079 - Lane DLG55_TMP 候选平衡文库 FDSW250185298-1r 注入校验失败: ['10bp Index占比17.1%低于40%要求']
2026-06-14 21:08:56.792 | INFO     | __main__:_materialize_balance_library_for_lane:7277 - Lane DLG55_TMP 尝试补平衡文库模板: sample_id=FDSW250185306-1r, test_no=Novaseq X Plus-PE150, index_seq=ACAGAGCGAT;GACTACTCAC
2026-06-14 21:08:57.147 | INFO     | __main__:_validate_balance_injection_lane_state:7079 - Lane DLG55_TMP 候选平衡文库 FDSW250185306-1r 注入校验失败: ['10bp Index占比17.1%低于40%要求']
2026-06-14 21:08:57.147 | INFO     | __main__:_materialize_balance_library_for_lane:7277 - Lane DLG55_TMP 尝试补平衡文库模板: sample_id=FDSW250185309-1r, test_no=Novaseq X Plus-PE150, index_seq=GTCACACACT;CAAGTGCTTC
2026-06-14 21:08:57.495 | INFO     | __main__:_validate_balance_injection_lane_state:7079 - Lane DLG55_TMP 候选平衡文库 FDSW250185309-1r 注入校验失败: ['10bp Index占比17.1%低于40%要求']
2026-06-14 21:08:57.495 | INFO     | __main__:_materialize_balance_library_for_lane:7277 - Lane DLG55_TMP 尝试补平衡文库模板: sample_id=FDSW250185313-1r, test_no=Novaseq X Plus-PE150, index_seq=ATCGAATGCG;CGATATCTGC
2026-06-14 21:08:57.845 | INFO     | __main__:_validate_balance_injection_lane_state:7079 - Lane DLG55_TMP 候选平衡文库 FDSW250185313-1r 注入校验失败: ['10bp Index占比17.1%低于40%要求']
2026-06-14 21:08:57.845 | INFO     | __main__:_materialize_balance_library_for_lane:7277 - Lane DLG55_TMP 尝试补平衡文库模板: sample_id=FDSW250185316-1r, test_no=Novaseq X Plus-PE150, index_seq=TCATTGCACC;ATCGAAGCTC
2026-06-14 21:08:58.194 | INFO     | __main__:_validate_balance_injection_lane_state:7079 - Lane DLG55_TMP 候选平衡文库 FDSW250185316-1r 注入校验失败: ['10bp Index占比17.1%低于40%要求']
2026-06-14 21:08:59.126 | WARNING  | __main__:_materialize_balance_library_for_lane:7402 - Lane DLG55_TMP 平衡文库补充失败: 需补 111.978G，实验室=天津科技服务实验室，工序=Novaseq X Plus-PE150
2026-06-14 21:09:01.843 | INFO     | __main__:_materialize_balance_library_for_lane:7277 - Lane DLG55_TMP 尝试补平衡文库模板: sample_id=phix, test_no=Novaseq X Plus-PE150, index_seq=GGGGGGGGGG;ACCGAGATCT
2026-06-14 21:09:02.191 | INFO     | __main__:_validate_balance_injection_lane_state:7079 - Lane DLG55_TMP 候选平衡文库 phix 注入校验失败: ['10bp Index占比17.1%低于40%要求']
2026-06-14 21:09:02.191 | INFO     | __main__:_materialize_balance_library_for_lane:7277 - Lane DLG55_TMP 尝试补平衡文库模板: sample_id=FDSW250185295-1r, test_no=Novaseq X Plus-PE150, index_seq=AGCATCGAGT;AGCATCCTCA
2026-06-14 21:09:02.540 | INFO     | __main__:_validate_balance_injection_lane_state:7079 - Lane DLG55_TMP 候选平衡文库 FDSW250185295-1r 注入校验失败: ['10bp Index占比17.1%低于40%要求']
2026-06-14 21:09:02.540 | INFO     | __main__:_materialize_balance_library_for_lane:7277 - Lane DLG55_TMP 尝试补平衡文库模板: sample_id=FDSW250185296-1r, test_no=Novaseq X Plus-PE150, index_seq=CTCACACTGA;CTCACACATG
2026-06-14 21:09:02.887 | INFO     | __main__:_validate_balance_injection_lane_state:7079 - Lane DLG55_TMP 候选平衡文库 FDSW250185296-1r 注入校验失败: ['10bp Index占比17.1%低于40%要求']
2026-06-14 21:09:02.887 | INFO     | __main__:_materialize_balance_library_for_lane:7277 - Lane DLG55_TMP 尝试补平衡文库模板: sample_id=FDSW250185298-1r, test_no=Novaseq X Plus-PE150, index_seq=CCGACTAGAT;CCGACTAAGA
2026-06-14 21:09:03.236 | INFO     | __main__:_validate_balance_injection_lane_state:7079 - Lane DLG55_TMP 候选平衡文库 FDSW250185298-1r 注入校验失败: ['10bp Index占比17.1%低于40%要求']
2026-06-14 21:09:03.236 | INFO     | __main__:_materialize_balance_library_for_lane:7277 - Lane DLG55_TMP 尝试补平衡文库模板: sample_id=FDSW250185306-1r, test_no=Novaseq X Plus-PE150, index_seq=ACAGAGCGAT;GACTACTCAC
2026-06-14 21:09:03.586 | INFO     | __main__:_validate_balance_injection_lane_state:7079 - Lane DLG55_TMP 候选平衡文库 FDSW250185306-1r 注入校验失败: ['10bp Index占比17.1%低于40%要求']
2026-06-14 21:09:03.586 | INFO     | __main__:_materialize_balance_library_for_lane:7277 - Lane DLG55_TMP 尝试补平衡文库模板: sample_id=FDSW250185309-1r, test_no=Novaseq X Plus-PE150, index_seq=GTCACACACT;CAAGTGCTTC
2026-06-14 21:09:03.934 | INFO     | __main__:_validate_balance_injection_lane_state:7079 - Lane DLG55_TMP 候选平衡文库 FDSW250185309-1r 注入校验失败: ['10bp Index占比17.1%低于40%要求']
2026-06-14 21:09:03.935 | INFO     | __main__:_materialize_balance_library_for_lane:7277 - Lane DLG55_TMP 尝试补平衡文库模板: sample_id=FDSW250185313-1r, test_no=Novaseq X Plus-PE150, index_seq=ATCGAATGCG;CGATATCTGC
2026-06-14 21:09:04.283 | INFO     | __main__:_validate_balance_injection_lane_state:7079 - Lane DLG55_TMP 候选平衡文库 FDSW250185313-1r 注入校验失败: ['10bp Index占比17.1%低于40%要求']
2026-06-14 21:09:04.283 | INFO     | __main__:_materialize_balance_library_for_lane:7277 - Lane DLG55_TMP 尝试补平衡文库模板: sample_id=FDSW250185316-1r, test_no=Novaseq X Plus-PE150, index_seq=TCATTGCACC;ATCGAAGCTC
2026-06-14 21:09:04.633 | INFO     | __main__:_validate_balance_injection_lane_state:7079 - Lane DLG55_TMP 候选平衡文库 FDSW250185316-1r 注入校验失败: ['10bp Index占比17.1%低于40%要求']
2026-06-14 21:09:05.564 | WARNING  | __main__:_materialize_balance_library_for_lane:7402 - Lane DLG55_TMP 平衡文库补充失败: 需补 111.978G，实验室=天津科技服务实验室，工序=Novaseq X Plus-PE150
2026-06-14 21:09:06.810 | INFO     | __main__:_materialize_balance_library_for_lane:7277 - Lane DLG55_TMP 尝试补平衡文库模板: sample_id=phix, test_no=Novaseq X Plus-PE150, index_seq=GGGGGGGGGG;ACCGAGATCT
2026-06-14 21:09:07.156 | INFO     | __main__:_validate_balance_injection_lane_state:7079 - Lane DLG55_TMP 候选平衡文库 phix 注入校验失败: ['10bp Index占比17.1%低于40%要求']
2026-06-14 21:09:07.156 | INFO     | __main__:_materialize_balance_library_for_lane:7277 - Lane DLG55_TMP 尝试补平衡文库模板: sample_id=FDSW250185295-1r, test_no=Novaseq X Plus-PE150, index_seq=AGCATCGAGT;AGCATCCTCA
2026-06-14 21:09:07.503 | INFO     | __main__:_validate_balance_injection_lane_state:7079 - Lane DLG55_TMP 候选平衡文库 FDSW250185295-1r 注入校验失败: ['10bp Index占比17.1%低于40%要求']
2026-06-14 21:09:07.503 | INFO     | __main__:_materialize_balance_library_for_lane:7277 - Lane DLG55_TMP 尝试补平衡文库模板: sample_id=FDSW250185296-1r, test_no=Novaseq X Plus-PE150, index_seq=CTCACACTGA;CTCACACATG
2026-06-14 21:09:07.849 | INFO     | __main__:_validate_balance_injection_lane_state:7079 - Lane DLG55_TMP 候选平衡文库 FDSW250185296-1r 注入校验失败: ['10bp Index占比17.1%低于40%要求']
2026-06-14 21:09:07.849 | INFO     | __main__:_materialize_balance_library_for_lane:7277 - Lane DLG55_TMP 尝试补平衡文库模板: sample_id=FDSW250185298-1r, test_no=Novaseq X Plus-PE150, index_seq=CCGACTAGAT;CCGACTAAGA
2026-06-14 21:09:08.196 | INFO     | __main__:_validate_balance_injection_lane_state:7079 - Lane DLG55_TMP 候选平衡文库 FDSW250185298-1r 注入校验失败: ['10bp Index占比17.1%低于40%要求']
2026-06-14 21:09:08.196 | INFO     | __main__:_materialize_balance_library_for_lane:7277 - Lane DLG55_TMP 尝试补平衡文库模板: sample_id=FDSW250185306-1r, test_no=Novaseq X Plus-PE150, index_seq=ACAGAGCGAT;GACTACTCAC
2026-06-14 21:09:08.544 | INFO     | __main__:_validate_balance_injection_lane_state:7079 - Lane DLG55_TMP 候选平衡文库 FDSW250185306-1r 注入校验失败: ['10bp Index占比17.1%低于40%要求']
2026-06-14 21:09:08.544 | INFO     | __main__:_materialize_balance_library_for_lane:7277 - Lane DLG55_TMP 尝试补平衡文库模板: sample_id=FDSW250185309-1r, test_no=Novaseq X Plus-PE150, index_seq=GTCACACACT;CAAGTGCTTC
2026-06-14 21:09:08.891 | INFO     | __main__:_validate_balance_injection_lane_state:7079 - Lane DLG55_TMP 候选平衡文库 FDSW250185309-1r 注入校验失败: ['10bp Index占比17.1%低于40%要求']
2026-06-14 21:09:08.891 | INFO     | __main__:_materialize_balance_library_for_lane:7277 - Lane DLG55_TMP 尝试补平衡文库模板: sample_id=FDSW250185313-1r, test_no=Novaseq X Plus-PE150, index_seq=ATCGAATGCG;CGATATCTGC
2026-06-14 21:09:09.247 | INFO     | __main__:_validate_balance_injection_lane_state:7079 - Lane DLG55_TMP 候选平衡文库 FDSW250185313-1r 注入校验失败: ['10bp Index占比17.1%低于40%要求']
2026-06-14 21:09:09.247 | INFO     | __main__:_materialize_balance_library_for_lane:7277 - Lane DLG55_TMP 尝试补平衡文库模板: sample_id=FDSW250185316-1r, test_no=Novaseq X Plus-PE150, index_seq=TCATTGCACC;ATCGAAGCTC
2026-06-14 21:09:09.594 | INFO     | __main__:_validate_balance_injection_lane_state:7079 - Lane DLG55_TMP 候选平衡文库 FDSW250185316-1r 注入校验失败: ['10bp Index占比17.1%低于40%要求']
2026-06-14 21:09:10.532 | WARNING  | __main__:_materialize_balance_library_for_lane:7402 - Lane DLG55_TMP 平衡文库补充失败: 需补 111.978G，实验室=天津科技服务实验室，工序=Novaseq X Plus-PE150
2026-06-14 21:09:11.167 | INFO     | __main__:_materialize_balance_library_for_lane:7277 - Lane DLG55_TMP 尝试补平衡文库模板: sample_id=phix, test_no=Novaseq X Plus-PE150, index_seq=GGGGGGGGGG;ACCGAGATCT
2026-06-14 21:09:11.268 | INFO     | __main__:_validate_balance_injection_lane_state:7079 - Lane DLG55_TMP 候选平衡文库 phix 注入校验失败: ['10bp Index占比9.4%低于40%要求']
2026-06-14 21:09:11.268 | INFO     | __main__:_materialize_balance_library_for_lane:7277 - Lane DLG55_TMP 尝试补平衡文库模板: sample_id=FDSW250185295-1r, test_no=Novaseq X Plus-PE150, index_seq=AGCATCGAGT;AGCATCCTCA
2026-06-14 21:09:11.370 | INFO     | __main__:_validate_balance_injection_lane_state:7079 - Lane DLG55_TMP 候选平衡文库 FDSW250185295-1r 注入校验失败: ['10bp Index占比9.4%低于40%要求']
2026-06-14 21:09:11.370 | INFO     | __main__:_materialize_balance_library_for_lane:7277 - Lane DLG55_TMP 尝试补平衡文库模板: sample_id=FDSW250185296-1r, test_no=Novaseq X Plus-PE150, index_seq=CTCACACTGA;CTCACACATG
2026-06-14 21:09:11.472 | INFO     | __main__:_validate_balance_injection_lane_state:7079 - Lane DLG55_TMP 候选平衡文库 FDSW250185296-1r 注入校验失败: ['10bp Index占比9.4%低于40%要求']
2026-06-14 21:09:11.472 | INFO     | __main__:_materialize_balance_library_for_lane:7277 - Lane DLG55_TMP 尝试补平衡文库模板: sample_id=FDSW250185298-1r, test_no=Novaseq X Plus-PE150, index_seq=CCGACTAGAT;CCGACTAAGA
2026-06-14 21:09:11.573 | INFO     | __main__:_validate_balance_injection_lane_state:7079 - Lane DLG55_TMP 候选平衡文库 FDSW250185298-1r 注入校验失败: ['10bp Index占比9.4%低于40%要求']
2026-06-14 21:09:11.573 | INFO     | __main__:_materialize_balance_library_for_lane:7277 - Lane DLG55_TMP 尝试补平衡文库模板: sample_id=FDSW250185306-1r, test_no=Novaseq X Plus-PE150, index_seq=ACAGAGCGAT;GACTACTCAC
2026-06-14 21:09:11.678 | INFO     | __main__:_validate_balance_injection_lane_state:7079 - Lane DLG55_TMP 候选平衡文库 FDSW250185306-1r 注入校验失败: ['10bp Index占比9.4%低于40%要求']
2026-06-14 21:09:11.678 | INFO     | __main__:_materialize_balance_library_for_lane:7277 - Lane DLG55_TMP 尝试补平衡文库模板: sample_id=FDSW250185309-1r, test_no=Novaseq X Plus-PE150, index_seq=GTCACACACT;CAAGTGCTTC
2026-06-14 21:09:11.780 | INFO     | __main__:_validate_balance_injection_lane_state:7079 - Lane DLG55_TMP 候选平衡文库 FDSW250185309-1r 注入校验失败: ['10bp Index占比9.4%低于40%要求']
2026-06-14 21:09:11.780 | INFO     | __main__:_materialize_balance_library_for_lane:7277 - Lane DLG55_TMP 尝试补平衡文库模板: sample_id=FDSW250185313-1r, test_no=Novaseq X Plus-PE150, index_seq=ATCGAATGCG;CGATATCTGC
2026-06-14 21:09:11.881 | INFO     | __main__:_validate_balance_injection_lane_state:7079 - Lane DLG55_TMP 候选平衡文库 FDSW250185313-1r 注入校验失败: ['10bp Index占比9.4%低于40%要求']
2026-06-14 21:09:11.882 | INFO     | __main__:_materialize_balance_library_for_lane:7277 - Lane DLG55_TMP 尝试补平衡文库模板: sample_id=FDSW250185316-1r, test_no=Novaseq X Plus-PE150, index_seq=TCATTGCACC;ATCGAAGCTC
2026-06-14 21:09:11.983 | INFO     | __main__:_validate_balance_injection_lane_state:7079 - Lane DLG55_TMP 候选平衡文库 FDSW250185316-1r 注入校验失败: ['10bp Index占比9.4%低于40%要求']
2026-06-14 21:09:12.252 | WARNING  | __main__:_materialize_balance_library_for_lane:7402 - Lane DLG55_TMP 平衡文库补充失败: 需补 105.657G，实验室=天津科技服务实验室，工序=Novaseq X Plus-PE150
2026-06-14 21:09:14.188 | INFO     | __main__:_materialize_balance_library_for_lane:7277 - Lane DLG55_TMP 尝试补平衡文库模板: sample_id=phix, test_no=Novaseq X Plus-PE150, index_seq=GGGGGGGGGG;ACCGAGATCT
2026-06-14 21:09:14.536 | INFO     | __main__:_validate_balance_injection_lane_state:7079 - Lane DLG55_TMP 候选平衡文库 phix 注入校验失败: ['10bp Index占比17.0%低于40%要求']
2026-06-14 21:09:14.536 | INFO     | __main__:_materialize_balance_library_for_lane:7277 - Lane DLG55_TMP 尝试补平衡文库模板: sample_id=FDSW250185295-1r, test_no=Novaseq X Plus-PE150, index_seq=AGCATCGAGT;AGCATCCTCA
2026-06-14 21:09:14.885 | INFO     | __main__:_validate_balance_injection_lane_state:7079 - Lane DLG55_TMP 候选平衡文库 FDSW250185295-1r 注入校验失败: ['10bp Index占比17.0%低于40%要求']
2026-06-14 21:09:14.885 | INFO     | __main__:_materialize_balance_library_for_lane:7277 - Lane DLG55_TMP 尝试补平衡文库模板: sample_id=FDSW250185296-1r, test_no=Novaseq X Plus-PE150, index_seq=CTCACACTGA;CTCACACATG
2026-06-14 21:09:15.233 | INFO     | __main__:_validate_balance_injection_lane_state:7079 - Lane DLG55_TMP 候选平衡文库 FDSW250185296-1r 注入校验失败: ['10bp Index占比17.0%低于40%要求']
2026-06-14 21:09:15.234 | INFO     | __main__:_materialize_balance_library_for_lane:7277 - Lane DLG55_TMP 尝试补平衡文库模板: sample_id=FDSW250185298-1r, test_no=Novaseq X Plus-PE150, index_seq=CCGACTAGAT;CCGACTAAGA
2026-06-14 21:09:15.587 | INFO     | __main__:_validate_balance_injection_lane_state:7079 - Lane DLG55_TMP 候选平衡文库 FDSW250185298-1r 注入校验失败: ['10bp Index占比17.0%低于40%要求']
2026-06-14 21:09:15.587 | INFO     | __main__:_materialize_balance_library_for_lane:7277 - Lane DLG55_TMP 尝试补平衡文库模板: sample_id=FDSW250185306-1r, test_no=Novaseq X Plus-PE150, index_seq=ACAGAGCGAT;GACTACTCAC
2026-06-14 21:09:15.936 | INFO     | __main__:_validate_balance_injection_lane_state:7079 - Lane DLG55_TMP 候选平衡文库 FDSW250185306-1r 注入校验失败: ['10bp Index占比17.0%低于40%要求']
2026-06-14 21:09:15.936 | INFO     | __main__:_materialize_balance_library_for_lane:7277 - Lane DLG55_TMP 尝试补平衡文库模板: sample_id=FDSW250185309-1r, test_no=Novaseq X Plus-PE150, index_seq=GTCACACACT;CAAGTGCTTC
2026-06-14 21:09:16.284 | INFO     | __main__:_validate_balance_injection_lane_state:7079 - Lane DLG55_TMP 候选平衡文库 FDSW250185309-1r 注入校验失败: ['10bp Index占比17.0%低于40%要求']
2026-06-14 21:09:16.284 | INFO     | __main__:_materialize_balance_library_for_lane:7277 - Lane DLG55_TMP 尝试补平衡文库模板: sample_id=FDSW250185313-1r, test_no=Novaseq X Plus-PE150, index_seq=ATCGAATGCG;CGATATCTGC
2026-06-14 21:09:16.632 | INFO     | __main__:_validate_balance_injection_lane_state:7079 - Lane DLG55_TMP 候选平衡文库 FDSW250185313-1r 注入校验失败: ['10bp Index占比17.0%低于40%要求']
2026-06-14 21:09:16.632 | INFO     | __main__:_materialize_balance_library_for_lane:7277 - Lane DLG55_TMP 尝试补平衡文库模板: sample_id=FDSW250185316-1r, test_no=Novaseq X Plus-PE150, index_seq=TCATTGCACC;ATCGAAGCTC
2026-06-14 21:09:16.980 | INFO     | __main__:_validate_balance_injection_lane_state:7079 - Lane DLG55_TMP 候选平衡文库 FDSW250185316-1r 注入校验失败: ['10bp Index占比17.0%低于40%要求']
2026-06-14 21:09:17.922 | WARNING  | __main__:_materialize_balance_library_for_lane:7402 - Lane DLG55_TMP 平衡文库补充失败: 需补 112.241G，实验室=天津科技服务实验室，工序=Novaseq X Plus-PE150
2026-06-14 21:09:19.861 | INFO     | __main__:_materialize_balance_library_for_lane:7277 - Lane DLG55_TMP 尝试补平衡文库模板: sample_id=phix, test_no=Novaseq X Plus-PE150, index_seq=GGGGGGGGGG;ACCGAGATCT
2026-06-14 21:09:20.212 | INFO     | __main__:_validate_balance_injection_lane_state:7079 - Lane DLG55_TMP 候选平衡文库 phix 注入校验失败: ['10bp Index占比17.0%低于40%要求']
2026-06-14 21:09:20.212 | INFO     | __main__:_materialize_balance_library_for_lane:7277 - Lane DLG55_TMP 尝试补平衡文库模板: sample_id=FDSW250185295-1r, test_no=Novaseq X Plus-PE150, index_seq=AGCATCGAGT;AGCATCCTCA
2026-06-14 21:09:20.560 | INFO     | __main__:_validate_balance_injection_lane_state:7079 - Lane DLG55_TMP 候选平衡文库 FDSW250185295-1r 注入校验失败: ['10bp Index占比17.0%低于40%要求']
2026-06-14 21:09:20.561 | INFO     | __main__:_materialize_balance_library_for_lane:7277 - Lane DLG55_TMP 尝试补平衡文库模板: sample_id=FDSW250185296-1r, test_no=Novaseq X Plus-PE150, index_seq=CTCACACTGA;CTCACACATG
2026-06-14 21:09:20.909 | INFO     | __main__:_validate_balance_injection_lane_state:7079 - Lane DLG55_TMP 候选平衡文库 FDSW250185296-1r 注入校验失败: ['10bp Index占比17.0%低于40%要求']
2026-06-14 21:09:20.909 | INFO     | __main__:_materialize_balance_library_for_lane:7277 - Lane DLG55_TMP 尝试补平衡文库模板: sample_id=FDSW250185298-1r, test_no=Novaseq X Plus-PE150, index_seq=CCGACTAGAT;CCGACTAAGA
2026-06-14 21:09:21.257 | INFO     | __main__:_validate_balance_injection_lane_state:7079 - Lane DLG55_TMP 候选平衡文库 FDSW250185298-1r 注入校验失败: ['10bp Index占比17.0%低于40%要求']
2026-06-14 21:09:21.257 | INFO     | __main__:_materialize_balance_library_for_lane:7277 - Lane DLG55_TMP 尝试补平衡文库模板: sample_id=FDSW250185306-1r, test_no=Novaseq X Plus-PE150, index_seq=ACAGAGCGAT;GACTACTCAC
2026-06-14 21:09:21.607 | INFO     | __main__:_validate_balance_injection_lane_state:7079 - Lane DLG55_TMP 候选平衡文库 FDSW250185306-1r 注入校验失败: ['10bp Index占比17.0%低于40%要求']
2026-06-14 21:09:21.607 | INFO     | __main__:_materialize_balance_library_for_lane:7277 - Lane DLG55_TMP 尝试补平衡文库模板: sample_id=FDSW250185309-1r, test_no=Novaseq X Plus-PE150, index_seq=GTCACACACT;CAAGTGCTTC
2026-06-14 21:09:21.956 | INFO     | __main__:_validate_balance_injection_lane_state:7079 - Lane DLG55_TMP 候选平衡文库 FDSW250185309-1r 注入校验失败: ['10bp Index占比17.0%低于40%要求']
2026-06-14 21:09:21.956 | INFO     | __main__:_materialize_balance_library_for_lane:7277 - Lane DLG55_TMP 尝试补平衡文库模板: sample_id=FDSW250185313-1r, test_no=Novaseq X Plus-PE150, index_seq=ATCGAATGCG;CGATATCTGC
2026-06-14 21:09:22.304 | INFO     | __main__:_validate_balance_injection_lane_state:7079 - Lane DLG55_TMP 候选平衡文库 FDSW250185313-1r 注入校验失败: ['10bp Index占比17.0%低于40%要求']
2026-06-14 21:09:22.305 | INFO     | __main__:_materialize_balance_library_for_lane:7277 - Lane DLG55_TMP 尝试补平衡文库模板: sample_id=FDSW250185316-1r, test_no=Novaseq X Plus-PE150, index_seq=TCATTGCACC;ATCGAAGCTC
2026-06-14 21:09:22.654 | INFO     | __main__:_validate_balance_injection_lane_state:7079 - Lane DLG55_TMP 候选平衡文库 FDSW250185316-1r 注入校验失败: ['10bp Index占比17.0%低于40%要求']
2026-06-14 21:09:23.599 | WARNING  | __main__:_materialize_balance_library_for_lane:7402 - Lane DLG55_TMP 平衡文库补充失败: 需补 112.241G，实验室=天津科技服务实验室，工序=Novaseq X Plus-PE150
2026-06-14 21:09:24.929 | INFO     | __main__:_materialize_balance_library_for_lane:7277 - Lane DLG55_TMP 尝试补平衡文库模板: sample_id=phix, test_no=Novaseq X Plus-PE150, index_seq=GGGGGGGGGG;ACCGAGATCT
2026-06-14 21:09:25.275 | INFO     | __main__:_validate_balance_injection_lane_state:7079 - Lane DLG55_TMP 候选平衡文库 phix 注入校验失败: ['10bp Index占比17.1%低于40%要求']
2026-06-14 21:09:25.275 | INFO     | __main__:_materialize_balance_library_for_lane:7277 - Lane DLG55_TMP 尝试补平衡文库模板: sample_id=FDSW250185295-1r, test_no=Novaseq X Plus-PE150, index_seq=AGCATCGAGT;AGCATCCTCA
2026-06-14 21:09:25.623 | INFO     | __main__:_validate_balance_injection_lane_state:7079 - Lane DLG55_TMP 候选平衡文库 FDSW250185295-1r 注入校验失败: ['10bp Index占比17.1%低于40%要求']
2026-06-14 21:09:25.623 | INFO     | __main__:_materialize_balance_library_for_lane:7277 - Lane DLG55_TMP 尝试补平衡文库模板: sample_id=FDSW250185296-1r, test_no=Novaseq X Plus-PE150, index_seq=CTCACACTGA;CTCACACATG
2026-06-14 21:09:25.969 | INFO     | __main__:_validate_balance_injection_lane_state:7079 - Lane DLG55_TMP 候选平衡文库 FDSW250185296-1r 注入校验失败: ['10bp Index占比17.1%低于40%要求']
2026-06-14 21:09:25.970 | INFO     | __main__:_materialize_balance_library_for_lane:7277 - Lane DLG55_TMP 尝试补平衡文库模板: sample_id=FDSW250185298-1r, test_no=Novaseq X Plus-PE150, index_seq=CCGACTAGAT;CCGACTAAGA
2026-06-14 21:09:26.314 | INFO     | __main__:_validate_balance_injection_lane_state:7079 - Lane DLG55_TMP 候选平衡文库 FDSW250185298-1r 注入校验失败: ['10bp Index占比17.1%低于40%要求']
2026-06-14 21:09:26.314 | INFO     | __main__:_materialize_balance_library_for_lane:7277 - Lane DLG55_TMP 尝试补平衡文库模板: sample_id=FDSW250185306-1r, test_no=Novaseq X Plus-PE150, index_seq=ACAGAGCGAT;GACTACTCAC
2026-06-14 21:09:26.661 | INFO     | __main__:_validate_balance_injection_lane_state:7079 - Lane DLG55_TMP 候选平衡文库 FDSW250185306-1r 注入校验失败: ['10bp Index占比17.1%低于40%要求']
2026-06-14 21:09:26.661 | INFO     | __main__:_materialize_balance_library_for_lane:7277 - Lane DLG55_TMP 尝试补平衡文库模板: sample_id=FDSW250185309-1r, test_no=Novaseq X Plus-PE150, index_seq=GTCACACACT;CAAGTGCTTC
2026-06-14 21:09:27.008 | INFO     | __main__:_validate_balance_injection_lane_state:7079 - Lane DLG55_TMP 候选平衡文库 FDSW250185309-1r 注入校验失败: ['10bp Index占比17.1%低于40%要求']
2026-06-14 21:09:27.008 | INFO     | __main__:_materialize_balance_library_for_lane:7277 - Lane DLG55_TMP 尝试补平衡文库模板: sample_id=FDSW250185313-1r, test_no=Novaseq X Plus-PE150, index_seq=ATCGAATGCG;CGATATCTGC
2026-06-14 21:09:27.353 | INFO     | __main__:_validate_balance_injection_lane_state:7079 - Lane DLG55_TMP 候选平衡文库 FDSW250185313-1r 注入校验失败: ['10bp Index占比17.1%低于40%要求']
2026-06-14 21:09:27.353 | INFO     | __main__:_materialize_balance_library_for_lane:7277 - Lane DLG55_TMP 尝试补平衡文库模板: sample_id=FDSW250185316-1r, test_no=Novaseq X Plus-PE150, index_seq=TCATTGCACC;ATCGAAGCTC
2026-06-14 21:09:27.698 | INFO     | __main__:_validate_balance_injection_lane_state:7079 - Lane DLG55_TMP 候选平衡文库 FDSW250185316-1r 注入校验失败: ['10bp Index占比17.1%低于40%要求']
2026-06-14 21:09:28.628 | WARNING  | __main__:_materialize_balance_library_for_lane:7402 - Lane DLG55_TMP 平衡文库补充失败: 需补 111.925G，实验室=天津科技服务实验室，工序=Novaseq X Plus-PE150
2026-06-14 21:09:29.963 | INFO     | __main__:_materialize_balance_library_for_lane:7277 - Lane DLG55_TMP 尝试补平衡文库模板: sample_id=phix, test_no=Novaseq X Plus-PE150, index_seq=GGGGGGGGGG;ACCGAGATCT
2026-06-14 21:09:30.310 | INFO     | __main__:_validate_balance_injection_lane_state:7079 - Lane DLG55_TMP 候选平衡文库 phix 注入校验失败: ['10bp Index占比17.1%低于40%要求']
2026-06-14 21:09:30.310 | INFO     | __main__:_materialize_balance_library_for_lane:7277 - Lane DLG55_TMP 尝试补平衡文库模板: sample_id=FDSW250185295-1r, test_no=Novaseq X Plus-PE150, index_seq=AGCATCGAGT;AGCATCCTCA
