2026-06-14 20:21:45.267 | INFO     | arrange_library.core.constraints.index_validator_verified:__init__:77 - Index校验器初始化完成（真实数据验证版本）
2026-06-14 20:21:45.292 | INFO     | arrange_library.core.config.scheduling_config:_load_rule_matrix_config:806 - 统一排机规则配置已加载: profiles=55, constraints=2, loading_rules=4, lab_mappings=9
2026-06-14 20:21:45.292 | INFO     | arrange_library.core.config.scheduling_config:_load_mode_1_1_rules:1777 - 1.1模式规则配置加载完成: /data/work/yuyongpeng/liblane_v2_deepseek/paiji_complete2/paiji_complete/arrange_library/config/mode_1_1_rules.json
2026-06-14 20:21:45.379 | INFO     | arrange_library.core.config.scheduling_config:__init__:434 - 排机配置管理器初始化完成
2026-06-14 20:21:45.871 | INFO     | arrange_library.core.constraints.index_validator_verified:__init__:77 - Index校验器初始化完成（真实数据验证版本）
2026-06-14 20:21:45.878 | INFO     | __main__:arrange_library:19969 - ================================================================================
2026-06-14 20:21:45.878 | INFO     | __main__:arrange_library:19970 - arrange_library: 端到端排机流程 - 排机与 Pooling 预测
2026-06-14 20:21:45.878 | INFO     | __main__:arrange_library:19971 - ================================================================================
2026-06-14 20:21:45.878 | INFO     | __main__:arrange_library:19972 - 调用时间: 2026-06-14 20:21:45
2026-06-14 20:21:45.878 | INFO     | __main__:arrange_library:19973 - 随机种子: 42 (固定，确保可复现)
2026-06-14 20:21:45.878 | INFO     | __main__:arrange_library:19974 - 运行模式: arrange
2026-06-14 20:21:45.878 | INFO     | __main__:arrange_library:19980 - 
使用数据文件: arrange_library/61_sta.csv
2026-06-14 20:21:45.985 | INFO     | __main__:load_standardized_csv:19137 - 从标准化CSV文件加载数据: arrange_library/61_sta.csv
2026-06-14 20:21:46.002 | INFO     | __main__:load_standardized_csv:19139 - 读取 1572 行数据
2026-06-14 20:21:46.224 | INFO     | __main__:load_standardized_csv:19234 - 成功创建 1572 个文库对象
2026-06-14 20:21:46.225 | INFO     | __main__:arrange_library:20013 - 成功转换 1572 个测试文库
2026-06-14 20:21:46.227 | INFO     | __main__:arrange_library:20042 - AI可排文库筛选完成: 可排=1572，不可排=0，机型排除=0
2026-06-14 20:21:46.227 | INFO     | __main__:arrange_library:20065 - 
================================================================================
2026-06-14 20:21:46.227 | INFO     | __main__:arrange_library:20066 - 步骤0.9: 提前处理1.1第二轮历史固定组合文库
2026-06-14 20:21:46.227 | INFO     | __main__:arrange_library:20067 - ================================================================================
2026-06-14 20:21:46.230 | INFO     | arrange_library.core.scheduling.mode_1_1_round2:identify_round2_candidates:129 - 1.1第二轮候选识别: 无符合条件的候选文库
2026-06-14 20:21:46.230 | INFO     | __main__:arrange_library:20085 - 1.1第二轮历史Lane前置直出: 无候选文库
2026-06-14 20:21:46.230 | INFO     | __main__:arrange_library:20090 - 
================================================================================
2026-06-14 20:21:46.230 | INFO     | __main__:arrange_library:20091 - 步骤1: 处理包Lane文库（wkbaleno字段有值的文库）
2026-06-14 20:21:46.230 | INFO     | __main__:arrange_library:20092 - ================================================================================
2026-06-14 20:21:46.231 | INFO     | __main__:arrange_library:20110 - 包Lane文库数: 0
2026-06-14 20:21:46.231 | INFO     | __main__:arrange_library:20111 - 普通文库数: 1572
2026-06-14 20:21:46.253 | INFO     | __main__:arrange_library:20172 - 
================================================================================
2026-06-14 20:21:46.253 | INFO     | __main__:arrange_library:20173 - 步骤1.2: 处理10+24 Lane seq文库
2026-06-14 20:21:46.253 | INFO     | __main__:arrange_library:20174 - ================================================================================
2026-06-14 20:21:46.253 | WARNING  | __main__:_build_10_plus_24_lane_seq_lanes:8165 - 10+24 Lane seq剩余2个文库未成Lane
2026-06-14 20:21:46.253 | INFO     | __main__:arrange_library:20184 - 10+24 Lane seq处理完成: 输入文库=2, 生成Lane=0, 未分配=2
2026-06-14 20:21:46.253 | INFO     | arrange_library.core.constraints.index_validator_verified:__init__:77 - Index校验器初始化完成（真实数据验证版本）
2026-06-14 20:21:46.253 | INFO     | arrange_library.core.constraints.lane_validator:__init__:165 - 成Lane校验程序初始化完成 (严格模式: True, 碱基不均衡上限: 35%, 特殊文库关键词: 9个)
2026-06-14 20:21:46.253 | INFO     | __main__:arrange_library:20198 - 
================================================================================
2026-06-14 20:21:46.253 | INFO     | __main__:arrange_library:20199 - 步骤1.3: 1.1前碱基不均衡专Lane预抽取
2026-06-14 20:21:46.253 | INFO     | __main__:arrange_library:20200 - ================================================================================
2026-06-14 20:21:46.255 | INFO     | arrange_library.core.constraints.index_validator_verified:__init__:77 - Index校验器初始化完成（真实数据验证版本）
2026-06-14 20:21:46.255 | INFO     | arrange_library.core.constraints.lane_validator:__init__:165 - 成Lane校验程序初始化完成 (严格模式: True, 碱基不均衡上限: 35%, 特殊文库关键词: 9个)
2026-06-14 20:21:46.257 | WARNING  | arrange_library.core.ai.pooling_coefficient_optimizer:_load_config:40 - Pooling配置表不存在: /data/work/yuyongpeng/liblane_v2_deepseek/data/wktype_pooling_config.xlsx，将使用默认策略
2026-06-14 20:21:46.257 | INFO     | arrange_library.core.ai.pooling_coefficient_optimizer:_load_efficiency_corrections:185 - 产出效率修正表不存在: /data/work/yuyongpeng/liblane_v2_deepseek/data/production_efficiency_correction.csv，跳过后校准
2026-06-14 20:21:46.257 | WARNING  | arrange_library.core.ai.loutput_predictor_wrapper:_load_model:150 - 模型文件不存在: models/loutput_pre_lane_v5/lightgbm_model.pkl
2026-06-14 20:21:46.257 | WARNING  | arrange_library.core.ai.pooling_coefficient_optimizer:__init__:164 - loutput预测器不可用，将使用规则降级策略
2026-06-14 20:21:46.257 | INFO     | arrange_library.core.scheduling.greedy_lane_scheduler:__init__:265 - 逐Lane贪心排机器初始化完成 - 基础容量: 985.0GB, 利用率区间: [100%, 100%], 配置模式: 按机型自动
2026-06-14 20:21:46.257 | INFO     | arrange_library.core.scheduling.greedy_lane_scheduler:__init__:268 - 启用检查: Index=True, 碱基不均衡=True, 规则检查器=False
2026-06-14 20:21:46.258 | INFO     | arrange_library.core.scheduling.greedy_lane_scheduler:_get_dedicated_lane_profile:983 - 专用Lane分组G36剩余合同量10.7G无法满足1.1或3.6T-NEW有效容量下限
2026-06-14 20:21:46.258 | INFO     | arrange_library.core.scheduling.greedy_lane_scheduler:_get_dedicated_lane_profile:983 - 专用Lane分组G26剩余合同量67.3G无法满足1.1或3.6T-NEW有效容量下限
2026-06-14 20:21:46.259 | INFO     | arrange_library.core.scheduling.greedy_lane_scheduler:_get_dedicated_lane_profile:983 - 专用Lane分组G25剩余合同量6.0G无法满足1.1或3.6T-NEW有效容量下限
2026-06-14 20:21:46.259 | INFO     | arrange_library.core.scheduling.greedy_lane_scheduler:_get_dedicated_lane_profile:983 - 专用Lane分组G50剩余合同量10.0G无法满足1.1或3.6T-NEW有效容量下限
2026-06-14 20:21:46.260 | INFO     | arrange_library.core.scheduling.greedy_lane_scheduler:_get_dedicated_lane_profile:983 - 专用Lane分组G33剩余合同量111.0G无法满足1.1或3.6T-NEW有效容量下限
2026-06-14 20:21:46.260 | INFO     | arrange_library.core.scheduling.greedy_lane_scheduler:_get_dedicated_lane_profile:983 - 专用Lane分组G29剩余合同量219.6G无法满足1.1或3.6T-NEW有效容量下限
2026-06-14 20:21:46.261 | INFO     | arrange_library.core.scheduling.greedy_lane_scheduler:_get_dedicated_lane_profile:983 - 专用Lane分组G27剩余合同量729.0G无法满足1.1或3.6T-NEW有效容量下限
2026-06-14 20:21:46.261 | INFO     | arrange_library.core.scheduling.greedy_lane_scheduler:_get_dedicated_lane_profile:983 - 专用Lane分组G39剩余合同量150.0G无法满足1.1或3.6T-NEW有效容量下限
2026-06-14 20:21:46.269 | INFO     | arrange_library.core.constraints.lane_validator:__init__:165 - 成Lane校验程序初始化完成 (严格模式: False, 碱基不均衡上限: 35%, 特殊文库关键词: 9个)
2026-06-14 20:21:46.270 | INFO     | arrange_library.core.scheduling.greedy_lane_scheduler:_build_group:2678 - 专用Lane DL_Nova X-25B_001 形成成功 - 分组=G34, 碱基不均衡=1031.8G, 平衡文库=0.0G, 总量(含平衡)=1031.8G, 模式=3.6T-NEW, 容量规则=tj_1595_special_combo_36t
2026-06-14 20:21:46.271 | INFO     | arrange_library.core.scheduling.greedy_lane_scheduler:_get_dedicated_lane_profile:983 - 专用Lane分组G34剩余合同量800.0G无法满足1.1或3.6T-NEW有效容量下限
2026-06-14 20:21:46.271 | INFO     | arrange_library.core.scheduling.greedy_lane_scheduler:_get_dedicated_lane_profile:983 - 专用Lane分组G7剩余合同量2.4G无法满足1.1或3.6T-NEW有效容量下限
2026-06-14 20:21:46.271 | INFO     | arrange_library.core.scheduling.greedy_lane_scheduler:_get_dedicated_lane_profile:983 - 专用Lane分组G58剩余合同量920.0G无法满足1.1或3.6T-NEW有效容量下限
2026-06-14 20:21:46.272 | INFO     | arrange_library.core.scheduling.greedy_lane_scheduler:_get_dedicated_lane_profile:983 - 专用Lane分组G5剩余合同量400.0G无法满足1.1或3.6T-NEW有效容量下限
2026-06-14 20:21:46.272 | INFO     | arrange_library.core.scheduling.greedy_lane_scheduler:_get_dedicated_lane_profile:983 - 专用Lane分组G35剩余合同量208.0G无法满足1.1或3.6T-NEW有效容量下限
2026-06-14 20:21:46.273 | INFO     | arrange_library.core.scheduling.greedy_lane_scheduler:_get_dedicated_lane_profile:983 - 专用Lane分组G4剩余合同量150.0G无法满足1.1或3.6T-NEW有效容量下限
2026-06-14 20:21:46.273 | INFO     | arrange_library.core.scheduling.greedy_lane_scheduler:_get_dedicated_lane_profile:983 - 专用Lane分组G52剩余合同量10.0G无法满足1.1或3.6T-NEW有效容量下限
2026-06-14 20:21:46.274 | INFO     | arrange_library.core.scheduling.greedy_lane_scheduler:_get_dedicated_lane_profile:983 - 专用Lane分组G16剩余合同量120.0G无法满足1.1或3.6T-NEW有效容量下限
2026-06-14 20:21:46.274 | INFO     | arrange_library.core.scheduling.greedy_lane_scheduler:_get_dedicated_lane_profile:983 - 专用Lane分组G18剩余合同量114.0G无法满足1.1或3.6T-NEW有效容量下限
2026-06-14 20:21:46.274 | INFO     | arrange_library.core.scheduling.greedy_lane_scheduler:_get_dedicated_lane_profile:983 - 专用Lane分组G19剩余合同量1.0G无法满足1.1或3.6T-NEW有效容量下限
2026-06-14 20:21:46.275 | INFO     | __main__:_extract_global_dedicated_imbalance_lanes:1189 - 全局跨机型碱基不均专Lane预抽取: 承载机型=Nova X-25B, 生成Lane=1, 消耗1031.8G, 剩余不均文库=240个/11570.8G
2026-06-14 20:21:46.277 | INFO     | __main__:_extract_global_dedicated_imbalance_lanes:1200 - 全局碱基不均专Lane预抽取完成: 生成Lane=1, 后续普通排机池 1570 -> 1555
2026-06-14 20:21:46.277 | INFO     | __main__:_keep_only_mode_1_1_prebuilt_lanes:2355 - 步骤1.3 单组碱基不均1.1专Lane: 回收1条非1.1预抽取Lane，返还15个文库/1031.8G继续参与1.1 G53/G54/G55
2026-06-14 20:21:46.419 | INFO     | __main__:_consume_g53_g54_imbalance_as_mode_lanes:1630 - 步骤1.3 G53/G54组合碱基不均1.1专Lane候选定向修复成功: group=G54, action=rebuild_for_10bp_ratio, 使用22个/2099.1G
2026-06-14 20:21:46.419 | INFO     | __main__:_consume_g53_g54_imbalance_as_mode_lanes:1677 - 步骤1.3 G53/G54组合碱基不均1.1专Lane成Lane成功: lane=DL_Nova X-25B_001, group=G54, 候选76个/7040.7G, 使用22个/2099.1G
2026-06-14 20:21:46.544 | INFO     | __main__:_consume_g53_g54_imbalance_as_mode_lanes:1630 - 步骤1.3 G53/G54组合碱基不均1.1专Lane候选定向修复成功: group=G54, action=rebuild_for_10bp_ratio, 使用22个/2059.9G
2026-06-14 20:21:46.544 | INFO     | __main__:_consume_g53_g54_imbalance_as_mode_lanes:1677 - 步骤1.3 G53/G54组合碱基不均1.1专Lane成Lane成功: lane=DL_Nova X-25B_002, group=G54, 候选54个/4941.7G, 使用22个/2059.9G
2026-06-14 20:21:46.658 | INFO     | __main__:_consume_g53_g54_imbalance_as_mode_lanes:1630 - 步骤1.3 G53/G54组合碱基不均1.1专Lane候选定向修复成功: group=G54, action=rebuild_for_10bp_ratio, 使用24个/2081.8G
2026-06-14 20:21:46.658 | INFO     | __main__:_consume_g53_g54_imbalance_as_mode_lanes:1677 - 步骤1.3 G53/G54组合碱基不均1.1专Lane成Lane成功: lane=DL_Nova X-25B_003, group=G54, 候选32个/2881.8G, 使用24个/2081.8G
2026-06-14 20:21:46.831 | INFO     | __main__:_consume_g53_g54_imbalance_as_mode_lanes:1665 - 步骤1.3 G53/G54组合碱基不均1.1专Lane未成Lane: group=G54, 候选8个/800.0G, 贪心选择8个/800.0G, 下限1995.0G, top_failures=[('capacity_out_of_rule_range', 95), ('repair_failed', 2)]
2026-06-14 20:21:46.832 | INFO     | arrange_library.core.constraints.lane_validator:__init__:165 - 成Lane校验程序初始化完成 (严格模式: True, 碱基不均衡上限: 35%, 特殊文库关键词: 9个)
2026-06-14 20:22:03.154 | INFO     | __main__:_materialize_balance_library_for_lane:7823 - Lane G55_TMP 尝试补平衡文库模板: sample_id=phix, test_no=Novaseq X Plus-PE150, index_seq=GGGGGGGGGG;ACCGAGATCT
2026-06-14 20:22:03.573 | INFO     | __main__:_validate_balance_injection_lane_state:7495 - Lane G55_TMP 候选平衡文库 phix 注入校验失败: ['10bp Index占比33.9%低于40%要求']
2026-06-14 20:22:03.573 | INFO     | __main__:_materialize_balance_library_for_lane:7823 - Lane G55_TMP 尝试补平衡文库模板: sample_id=FDSW250185295-1r, test_no=Novaseq X Plus-PE150, index_seq=AGCATCGAGT;AGCATCCTCA
2026-06-14 20:22:03.991 | INFO     | __main__:_validate_balance_injection_lane_state:7495 - Lane G55_TMP 候选平衡文库 FDSW250185295-1r 注入校验失败: ['10bp Index占比33.9%低于40%要求']
2026-06-14 20:22:03.991 | INFO     | __main__:_materialize_balance_library_for_lane:7823 - Lane G55_TMP 尝试补平衡文库模板: sample_id=FDSW250185296-1r, test_no=Novaseq X Plus-PE150, index_seq=CTCACACTGA;CTCACACATG
2026-06-14 20:22:04.412 | INFO     | __main__:_validate_balance_injection_lane_state:7495 - Lane G55_TMP 候选平衡文库 FDSW250185296-1r 注入校验失败: ['10bp Index占比33.9%低于40%要求']
2026-06-14 20:22:04.412 | INFO     | __main__:_materialize_balance_library_for_lane:7823 - Lane G55_TMP 尝试补平衡文库模板: sample_id=FDSW250185298-1r, test_no=Novaseq X Plus-PE150, index_seq=CCGACTAGAT;CCGACTAAGA
2026-06-14 20:22:04.829 | INFO     | __main__:_validate_balance_injection_lane_state:7495 - Lane G55_TMP 候选平衡文库 FDSW250185298-1r 注入校验失败: ['10bp Index占比33.9%低于40%要求']
2026-06-14 20:22:04.829 | INFO     | __main__:_materialize_balance_library_for_lane:7823 - Lane G55_TMP 尝试补平衡文库模板: sample_id=FDSW250185306-1r, test_no=Novaseq X Plus-PE150, index_seq=ACAGAGCGAT;GACTACTCAC
2026-06-14 20:22:05.246 | INFO     | __main__:_validate_balance_injection_lane_state:7495 - Lane G55_TMP 候选平衡文库 FDSW250185306-1r 注入校验失败: ['10bp Index占比33.9%低于40%要求']
2026-06-14 20:22:05.246 | INFO     | __main__:_materialize_balance_library_for_lane:7823 - Lane G55_TMP 尝试补平衡文库模板: sample_id=FDSW250185309-1r, test_no=Novaseq X Plus-PE150, index_seq=GTCACACACT;CAAGTGCTTC
2026-06-14 20:22:05.670 | INFO     | __main__:_validate_balance_injection_lane_state:7495 - Lane G55_TMP 候选平衡文库 FDSW250185309-1r 注入校验失败: ['10bp Index占比33.9%低于40%要求']
2026-06-14 20:22:05.670 | INFO     | __main__:_materialize_balance_library_for_lane:7823 - Lane G55_TMP 尝试补平衡文库模板: sample_id=FDSW250185313-1r, test_no=Novaseq X Plus-PE150, index_seq=ATCGAATGCG;CGATATCTGC
2026-06-14 20:22:06.089 | INFO     | __main__:_validate_balance_injection_lane_state:7495 - Lane G55_TMP 候选平衡文库 FDSW250185313-1r 注入校验失败: ['10bp Index占比33.9%低于40%要求']
2026-06-14 20:22:06.089 | INFO     | __main__:_materialize_balance_library_for_lane:7823 - Lane G55_TMP 尝试补平衡文库模板: sample_id=FDSW250185316-1r, test_no=Novaseq X Plus-PE150, index_seq=TCATTGCACC;ATCGAAGCTC
2026-06-14 20:22:06.504 | INFO     | __main__:_validate_balance_injection_lane_state:7495 - Lane G55_TMP 候选平衡文库 FDSW250185316-1r 注入校验失败: ['10bp Index占比33.9%低于40%要求']
2026-06-14 20:22:07.605 | WARNING  | __main__:_materialize_balance_library_for_lane:7948 - Lane G55_TMP 平衡文库补充失败: 需补 104.980G，实验室=天津科技服务实验室，工序=Novaseq X Plus-PE150
2026-06-14 20:22:07.611 | INFO     | __main__:_materialize_balance_library_for_lane:7823 - Lane G55_TMP 尝试补平衡文库模板: sample_id=phix, test_no=Novaseq X Plus-PE150, index_seq=GGGGGGGGGG;ACCGAGATCT
2026-06-14 20:22:07.617 | INFO     | __main__:_validate_balance_injection_lane_state:7495 - Lane G55_TMP 候选平衡文库 phix 注入校验失败: ['10bp Index占比23.6%低于40%要求']
2026-06-14 20:22:07.617 | INFO     | __main__:_materialize_balance_library_for_lane:7823 - Lane G55_TMP 尝试补平衡文库模板: sample_id=FDSW250185295-1r, test_no=Novaseq X Plus-PE150, index_seq=AGCATCGAGT;AGCATCCTCA
2026-06-14 20:22:07.622 | INFO     | __main__:_validate_balance_injection_lane_state:7495 - Lane G55_TMP 候选平衡文库 FDSW250185295-1r 注入校验失败: ['10bp Index占比23.6%低于40%要求']
2026-06-14 20:22:07.622 | INFO     | __main__:_materialize_balance_library_for_lane:7823 - Lane G55_TMP 尝试补平衡文库模板: sample_id=FDSW250185296-1r, test_no=Novaseq X Plus-PE150, index_seq=CTCACACTGA;CTCACACATG
2026-06-14 20:22:07.628 | INFO     | __main__:_validate_balance_injection_lane_state:7495 - Lane G55_TMP 候选平衡文库 FDSW250185296-1r 注入校验失败: ['10bp Index占比23.6%低于40%要求']
2026-06-14 20:22:07.628 | INFO     | __main__:_materialize_balance_library_for_lane:7823 - Lane G55_TMP 尝试补平衡文库模板: sample_id=FDSW250185298-1r, test_no=Novaseq X Plus-PE150, index_seq=CCGACTAGAT;CCGACTAAGA
2026-06-14 20:22:07.634 | INFO     | __main__:_validate_balance_injection_lane_state:7495 - Lane G55_TMP 候选平衡文库 FDSW250185298-1r 注入校验失败: ['10bp Index占比23.6%低于40%要求']
2026-06-14 20:22:07.634 | INFO     | __main__:_materialize_balance_library_for_lane:7823 - Lane G55_TMP 尝试补平衡文库模板: sample_id=FDSW250185306-1r, test_no=Novaseq X Plus-PE150, index_seq=ACAGAGCGAT;GACTACTCAC
2026-06-14 20:22:07.639 | INFO     | __main__:_validate_balance_injection_lane_state:7495 - Lane G55_TMP 候选平衡文库 FDSW250185306-1r 注入校验失败: ['10bp Index占比23.6%低于40%要求']
2026-06-14 20:22:07.640 | INFO     | __main__:_materialize_balance_library_for_lane:7823 - Lane G55_TMP 尝试补平衡文库模板: sample_id=FDSW250185309-1r, test_no=Novaseq X Plus-PE150, index_seq=GTCACACACT;CAAGTGCTTC
2026-06-14 20:22:07.645 | INFO     | __main__:_validate_balance_injection_lane_state:7495 - Lane G55_TMP 候选平衡文库 FDSW250185309-1r 注入校验失败: ['10bp Index占比23.6%低于40%要求']
2026-06-14 20:22:07.645 | INFO     | __main__:_materialize_balance_library_for_lane:7823 - Lane G55_TMP 尝试补平衡文库模板: sample_id=FDSW250185313-1r, test_no=Novaseq X Plus-PE150, index_seq=ATCGAATGCG;CGATATCTGC
2026-06-14 20:22:07.651 | INFO     | __main__:_validate_balance_injection_lane_state:7495 - Lane G55_TMP 候选平衡文库 FDSW250185313-1r 注入校验失败: ['10bp Index占比23.6%低于40%要求']
2026-06-14 20:22:07.651 | INFO     | __main__:_materialize_balance_library_for_lane:7823 - Lane G55_TMP 尝试补平衡文库模板: sample_id=FDSW250185316-1r, test_no=Novaseq X Plus-PE150, index_seq=TCATTGCACC;ATCGAAGCTC
2026-06-14 20:22:07.656 | INFO     | __main__:_validate_balance_injection_lane_state:7495 - Lane G55_TMP 候选平衡文库 FDSW250185316-1r 注入校验失败: ['10bp Index占比23.6%低于40%要求']
2026-06-14 20:22:07.667 | WARNING  | __main__:_materialize_balance_library_for_lane:7948 - Lane G55_TMP 平衡文库补充失败: 需补 105.284G，实验室=天津科技服务实验室，工序=Novaseq X Plus-PE150
2026-06-14 20:22:07.670 | INFO     | __main__:_materialize_balance_library_for_lane:7823 - Lane G55_TMP 尝试补平衡文库模板: sample_id=phix, test_no=Novaseq X Plus-PE150, index_seq=GGGGGGGGGG;ACCGAGATCT
2026-06-14 20:22:07.673 | INFO     | __main__:_validate_balance_injection_lane_state:7495 - Lane G55_TMP 候选平衡文库 phix 注入校验失败: ['10bp Index占比21.1%低于40%要求']
2026-06-14 20:22:07.673 | INFO     | __main__:_materialize_balance_library_for_lane:7823 - Lane G55_TMP 尝试补平衡文库模板: sample_id=FDSW250185295-1r, test_no=Novaseq X Plus-PE150, index_seq=AGCATCGAGT;AGCATCCTCA
2026-06-14 20:22:07.676 | INFO     | __main__:_validate_balance_injection_lane_state:7495 - Lane G55_TMP 候选平衡文库 FDSW250185295-1r 注入校验失败: ['10bp Index占比21.1%低于40%要求']
2026-06-14 20:22:07.676 | INFO     | __main__:_materialize_balance_library_for_lane:7823 - Lane G55_TMP 尝试补平衡文库模板: sample_id=FDSW250185296-1r, test_no=Novaseq X Plus-PE150, index_seq=CTCACACTGA;CTCACACATG
2026-06-14 20:22:07.679 | INFO     | __main__:_validate_balance_injection_lane_state:7495 - Lane G55_TMP 候选平衡文库 FDSW250185296-1r 注入校验失败: ['10bp Index占比21.1%低于40%要求']
2026-06-14 20:22:07.679 | INFO     | __main__:_materialize_balance_library_for_lane:7823 - Lane G55_TMP 尝试补平衡文库模板: sample_id=FDSW250185298-1r, test_no=Novaseq X Plus-PE150, index_seq=CCGACTAGAT;CCGACTAAGA
2026-06-14 20:22:07.682 | INFO     | __main__:_validate_balance_injection_lane_state:7495 - Lane G55_TMP 候选平衡文库 FDSW250185298-1r 注入校验失败: ['10bp Index占比21.1%低于40%要求']
2026-06-14 20:22:07.682 | INFO     | __main__:_materialize_balance_library_for_lane:7823 - Lane G55_TMP 尝试补平衡文库模板: sample_id=FDSW250185306-1r, test_no=Novaseq X Plus-PE150, index_seq=ACAGAGCGAT;GACTACTCAC
2026-06-14 20:22:07.684 | INFO     | __main__:_validate_balance_injection_lane_state:7495 - Lane G55_TMP 候选平衡文库 FDSW250185306-1r 注入校验失败: ['10bp Index占比21.1%低于40%要求']
2026-06-14 20:22:07.684 | INFO     | __main__:_materialize_balance_library_for_lane:7823 - Lane G55_TMP 尝试补平衡文库模板: sample_id=FDSW250185309-1r, test_no=Novaseq X Plus-PE150, index_seq=GTCACACACT;CAAGTGCTTC
2026-06-14 20:22:07.687 | INFO     | __main__:_validate_balance_injection_lane_state:7495 - Lane G55_TMP 候选平衡文库 FDSW250185309-1r 注入校验失败: ['10bp Index占比21.1%低于40%要求']
2026-06-14 20:22:07.687 | INFO     | __main__:_materialize_balance_library_for_lane:7823 - Lane G55_TMP 尝试补平衡文库模板: sample_id=FDSW250185313-1r, test_no=Novaseq X Plus-PE150, index_seq=ATCGAATGCG;CGATATCTGC
2026-06-14 20:22:07.690 | INFO     | __main__:_validate_balance_injection_lane_state:7495 - Lane G55_TMP 候选平衡文库 FDSW250185313-1r 注入校验失败: ['10bp Index占比21.1%低于40%要求']
2026-06-14 20:22:07.690 | INFO     | __main__:_materialize_balance_library_for_lane:7823 - Lane G55_TMP 尝试补平衡文库模板: sample_id=FDSW250185316-1r, test_no=Novaseq X Plus-PE150, index_seq=TCATTGCACC;ATCGAAGCTC
2026-06-14 20:22:07.693 | INFO     | __main__:_validate_balance_injection_lane_state:7495 - Lane G55_TMP 候选平衡文库 FDSW250185316-1r 注入校验失败: ['10bp Index占比21.1%低于40%要求']
2026-06-14 20:22:07.697 | WARNING  | __main__:_materialize_balance_library_for_lane:7948 - Lane G55_TMP 平衡文库补充失败: 需补 112.053G，实验室=天津科技服务实验室，工序=Novaseq X Plus-PE150
2026-06-14 20:22:12.413 | INFO     | __main__:_materialize_balance_library_for_lane:7823 - Lane G55_TMP 尝试补平衡文库模板: sample_id=phix, test_no=Novaseq X Plus-PE150, index_seq=GGGGGGGGGG;ACCGAGATCT
2026-06-14 20:22:12.834 | INFO     | __main__:_validate_balance_injection_lane_state:7495 - Lane G55_TMP 候选平衡文库 phix 注入校验失败: ['10bp Index占比27.0%低于40%要求']
2026-06-14 20:22:12.834 | INFO     | __main__:_materialize_balance_library_for_lane:7823 - Lane G55_TMP 尝试补平衡文库模板: sample_id=FDSW250185295-1r, test_no=Novaseq X Plus-PE150, index_seq=AGCATCGAGT;AGCATCCTCA
2026-06-14 20:22:13.262 | INFO     | __main__:_validate_balance_injection_lane_state:7495 - Lane G55_TMP 候选平衡文库 FDSW250185295-1r 注入校验失败: ['10bp Index占比27.0%低于40%要求']
2026-06-14 20:22:13.263 | INFO     | __main__:_materialize_balance_library_for_lane:7823 - Lane G55_TMP 尝试补平衡文库模板: sample_id=FDSW250185296-1r, test_no=Novaseq X Plus-PE150, index_seq=CTCACACTGA;CTCACACATG
2026-06-14 20:22:13.681 | INFO     | __main__:_validate_balance_injection_lane_state:7495 - Lane G55_TMP 候选平衡文库 FDSW250185296-1r 注入校验失败: ['10bp Index占比27.0%低于40%要求']
2026-06-14 20:22:13.681 | INFO     | __main__:_materialize_balance_library_for_lane:7823 - Lane G55_TMP 尝试补平衡文库模板: sample_id=FDSW250185298-1r, test_no=Novaseq X Plus-PE150, index_seq=CCGACTAGAT;CCGACTAAGA
2026-06-14 20:22:14.099 | INFO     | __main__:_validate_balance_injection_lane_state:7495 - Lane G55_TMP 候选平衡文库 FDSW250185298-1r 注入校验失败: ['10bp Index占比27.0%低于40%要求']
2026-06-14 20:22:14.099 | INFO     | __main__:_materialize_balance_library_for_lane:7823 - Lane G55_TMP 尝试补平衡文库模板: sample_id=FDSW250185306-1r, test_no=Novaseq X Plus-PE150, index_seq=ACAGAGCGAT;GACTACTCAC
2026-06-14 20:22:14.518 | INFO     | __main__:_validate_balance_injection_lane_state:7495 - Lane G55_TMP 候选平衡文库 FDSW250185306-1r 注入校验失败: ['10bp Index占比27.0%低于40%要求']
2026-06-14 20:22:14.519 | INFO     | __main__:_materialize_balance_library_for_lane:7823 - Lane G55_TMP 尝试补平衡文库模板: sample_id=FDSW250185309-1r, test_no=Novaseq X Plus-PE150, index_seq=GTCACACACT;CAAGTGCTTC
2026-06-14 20:22:14.935 | INFO     | __main__:_validate_balance_injection_lane_state:7495 - Lane G55_TMP 候选平衡文库 FDSW250185309-1r 注入校验失败: ['10bp Index占比27.0%低于40%要求']
2026-06-14 20:22:14.935 | INFO     | __main__:_materialize_balance_library_for_lane:7823 - Lane G55_TMP 尝试补平衡文库模板: sample_id=FDSW250185313-1r, test_no=Novaseq X Plus-PE150, index_seq=ATCGAATGCG;CGATATCTGC
2026-06-14 20:22:15.352 | INFO     | __main__:_validate_balance_injection_lane_state:7495 - Lane G55_TMP 候选平衡文库 FDSW250185313-1r 注入校验失败: ['10bp Index占比27.0%低于40%要求']
2026-06-14 20:22:15.352 | INFO     | __main__:_materialize_balance_library_for_lane:7823 - Lane G55_TMP 尝试补平衡文库模板: sample_id=FDSW250185316-1r, test_no=Novaseq X Plus-PE150, index_seq=TCATTGCACC;ATCGAAGCTC
2026-06-14 20:22:15.771 | INFO     | __main__:_validate_balance_injection_lane_state:7495 - Lane G55_TMP 候选平衡文库 FDSW250185316-1r 注入校验失败: ['10bp Index占比27.0%低于40%要求']
2026-06-14 20:22:16.890 | WARNING  | __main__:_materialize_balance_library_for_lane:7948 - Lane G55_TMP 平衡文库补充失败: 需补 112.086G，实验室=天津科技服务实验室，工序=Novaseq X Plus-PE150
2026-06-14 20:22:31.967 | INFO     | __main__:_materialize_balance_library_for_lane:7823 - Lane G55_TMP 尝试补平衡文库模板: sample_id=phix, test_no=Novaseq X Plus-PE150, index_seq=GGGGGGGGGG;ACCGAGATCT
2026-06-14 20:22:32.510 | INFO     | __main__:_materialize_balance_library_for_lane:7856 - Lane G55_TMP 平衡文库补充成功: sample_id=phix, 数据量=106.086G
2026-06-14 20:22:32.782 | INFO     | __main__:_consume_g55_imbalance_as_mode_lanes:16536 - 步骤1.3 G55跨基础组碱基不均1.1专Lane index冲突定向修复成功: 原始100个/2119.9G, 修复后85个/2015.6G
2026-06-14 20:22:32.783 | INFO     | __main__:_consume_g55_imbalance_as_mode_lanes:16642 - 步骤1.3 G55跨基础组碱基不均1.1专Lane成Lane成功: lane=G55_Nova X-25B_001, 基础组=G16,G18,G19,G26,G27,G29,G33,G35,G36,G5,G50,G52,G58,G7, 使用85个/2015.6G
2026-06-14 20:22:32.789 | INFO     | arrange_library.core.constraints.lane_validator:__init__:165 - 成Lane校验程序初始化完成 (严格模式: True, 碱基不均衡上限: 35%, 特殊文库关键词: 9个)
2026-06-14 20:22:32.790 | INFO     | __main__:arrange_library:20252 - 1.1前碱基不均衡专Lane预抽取完成: 单组=0, G53/G54=3, G55=1, G55消耗文库=85, 总生成Lane=4, 剩余进入1.1普通尝试文库=1417
2026-06-14 20:22:32.790 | INFO     | __main__:arrange_library:20265 - 
================================================================================
2026-06-14 20:22:32.790 | INFO     | __main__:arrange_library:20266 - 步骤1.4: 1.1前客户文库纯Lane预抽取
2026-06-14 20:22:32.790 | INFO     | __main__:arrange_library:20267 - ================================================================================
2026-06-14 20:22:32.793 | INFO     | __main__:_consume_customer_libraries_as_mode_1_1_lanes:10354 - 客户文库1.1优先Lane跳过: FKDL候选54个/1121.3G，按加测/混合150.0G封顶后可用54个/1121.3G，不足1.1容量
2026-06-14 20:22:32.794 | INFO     | __main__:arrange_library:20282 - 1.1前客户文库纯Lane预抽取完成: 生成Lane=0, 消耗文库=0, 剩余进入1.1普通尝试文库=1417
2026-06-14 20:22:32.794 | INFO     | __main__:arrange_library:20293 - 
================================================================================
2026-06-14 20:22:32.794 | INFO     | __main__:arrange_library:20294 - 步骤1.5: 1.1首轮排机
2026-06-14 20:22:32.794 | INFO     | __main__:arrange_library:20295 - ================================================================================
2026-06-14 20:22:32.852 | INFO     | __main__:arrange_library:20317 - 步骤1.5-1: 1.1首轮使用剩余未成Lane全集，候选1417个文库
2026-06-14 20:22:32.894 | INFO     | __main__:arrange_library:20346 - 1.1首轮策略: expensive_rescue=True, peak_window_mixed=False, post_fill_optimization=True
2026-06-14 20:22:33.018 | INFO     | __main__:test_with_model:19337 - 
================================================================================
2026-06-14 20:22:33.019 | INFO     | __main__:test_with_model:19338 - 排机流程：纯规则排机
2026-06-14 20:22:33.019 | INFO     | __main__:test_with_model:19339 - ================================================================================
2026-06-14 20:22:33.019 | INFO     | arrange_library.core.constraints.index_validator_verified:__init__:77 - Index校验器初始化完成（真实数据验证版本）
2026-06-14 20:22:33.019 | INFO     | arrange_library.core.constraints.lane_validator:__init__:165 - 成Lane校验程序初始化完成 (严格模式: True, 碱基不均衡上限: 35%, 特殊文库关键词: 9个)
2026-06-14 20:22:33.021 | WARNING  | arrange_library.core.ai.pooling_coefficient_optimizer:_load_config:40 - Pooling配置表不存在: /data/work/yuyongpeng/liblane_v2_deepseek/data/wktype_pooling_config.xlsx，将使用默认策略
2026-06-14 20:22:33.021 | INFO     | arrange_library.core.ai.pooling_coefficient_optimizer:_load_efficiency_corrections:185 - 产出效率修正表不存在: /data/work/yuyongpeng/liblane_v2_deepseek/data/production_efficiency_correction.csv，跳过后校准
2026-06-14 20:22:33.021 | WARNING  | arrange_library.core.ai.loutput_predictor_wrapper:_load_model:150 - 模型文件不存在: models/loutput_pre_lane_v5/lightgbm_model.pkl
2026-06-14 20:22:33.021 | WARNING  | arrange_library.core.ai.pooling_coefficient_optimizer:__init__:164 - loutput预测器不可用，将使用规则降级策略
2026-06-14 20:22:33.021 | INFO     | arrange_library.core.scheduling.greedy_lane_scheduler:__init__:265 - 逐Lane贪心排机器初始化完成 - 基础容量: 985.0GB, 利用率区间: [100%, 100%], 配置模式: 按机型自动
2026-06-14 20:22:33.021 | INFO     | arrange_library.core.scheduling.greedy_lane_scheduler:__init__:268 - 启用检查: Index=True, 碱基不均衡=True, 规则检查器=False
2026-06-14 20:22:33.021 | INFO     | __main__:test_with_model:19365 - 排机阶段：Pooling优化器已禁用（V6流程不需要）
2026-06-14 20:22:33.021 | INFO     | arrange_library.core.constraints.lane_validator:__init__:165 - 成Lane校验程序初始化完成 (严格模式: True, 碱基不均衡上限: 35%, 特殊文库关键词: 9个)
2026-06-14 20:22:33.021 | INFO     | __main__:test_with_model:19369 - 严格校验容量区间改为按统一配置表动态解析
2026-06-14 20:22:33.029 | INFO     | __main__:test_with_model:19391 - 主流程前置拆分完成: 无需拆分
2026-06-14 20:22:33.029 | INFO     | __main__:test_with_model:19406 - Peak窗口混排预构Lane已按调用方要求关闭
2026-06-14 20:22:33.030 | INFO     | arrange_library.core.scheduling.greedy_lane_scheduler:schedule:1084 - 开始逐Lane贪心排机 - 文库数: 1417
2026-06-14 20:22:33.030 | INFO     | arrange_library.core.scheduling.greedy_lane_scheduler:schedule:1094 - 预拆分完成: 使用外层已拆分文库
2026-06-14 20:22:33.034 | INFO     | arrange_library.core.scheduling.greedy_lane_scheduler:_run_batch_analysis:469 - ===== 批次全局分析报告 =====
2026-06-14 20:22:33.034 | INFO     | arrange_library.core.scheduling.greedy_lane_scheduler:_run_batch_analysis:469 - 机器类型: Nova X-25B
2026-06-14 20:22:33.034 | INFO     | arrange_library.core.scheduling.greedy_lane_scheduler:_run_batch_analysis:469 - 文库总数: 1417
2026-06-14 20:22:33.034 | INFO     | arrange_library.core.scheduling.greedy_lane_scheduler:_run_batch_analysis:469 - 总数据量: 14780.9 GB
2026-06-14 20:22:33.034 | INFO     | arrange_library.core.scheduling.greedy_lane_scheduler:_run_batch_analysis:469 - 预估Lane数: 7~8
2026-06-14 20:22:33.034 | INFO     | arrange_library.core.scheduling.greedy_lane_scheduler:_run_batch_analysis:469 - --- 特征标记 ---
2026-06-14 20:22:33.034 | INFO     | arrange_library.core.scheduling.greedy_lane_scheduler:_run_batch_analysis:469 -   包Lane文库: 无
2026-06-14 20:22:33.034 | INFO     | arrange_library.core.scheduling.greedy_lane_scheduler:_run_batch_analysis:469 -   碱基不均衡: 有
2026-06-14 20:22:33.034 | INFO     | arrange_library.core.scheduling.greedy_lane_scheduler:_run_batch_analysis:469 -   客户文库:   无
2026-06-14 20:22:33.034 | INFO     | arrange_library.core.scheduling.greedy_lane_scheduler:_run_batch_analysis:469 -   10bp文库:   有
2026-06-14 20:22:33.034 | INFO     | arrange_library.core.scheduling.greedy_lane_scheduler:_run_batch_analysis:469 -   非10bp文库: 有
2026-06-14 20:22:33.034 | INFO     | arrange_library.core.scheduling.greedy_lane_scheduler:_run_batch_analysis:469 -   特殊组合:   有
2026-06-14 20:22:33.034 | INFO     | arrange_library.core.scheduling.greedy_lane_scheduler:_run_batch_analysis:469 - --- 分组画像 ---
2026-06-14 20:22:33.034 | INFO     | arrange_library.core.scheduling.greedy_lane_scheduler:_run_batch_analysis:469 -   [non_10bp] 非10碱基文库: 111个文库, 2303.1GB, 预估2~2条Lane
2026-06-14 20:22:33.034 | INFO     | arrange_library.core.scheduling.greedy_lane_scheduler:_run_batch_analysis:469 -   [all] 全部文库: 1417个文库, 14780.9GB, 预估7~8条Lane
2026-06-14 20:22:33.034 | INFO     | arrange_library.core.scheduling.greedy_lane_scheduler:_run_batch_analysis:469 -   [10bp] 10碱基文库: 1306个文库, 12477.8GB, 预估6~6条Lane
2026-06-14 20:22:33.034 | INFO     | arrange_library.core.scheduling.greedy_lane_scheduler:_run_batch_analysis:469 -   [imbalance] 碱基不均衡文库: 102个文库, 4346.2GB, 预估2~3条Lane
2026-06-14 20:22:33.034 | INFO     | arrange_library.core.scheduling.greedy_lane_scheduler:_run_batch_analysis:469 -   [special_combo_a] 10X 5端/VDJ组合: 22个文库, 1393.0GB, 预估1~1条Lane
2026-06-14 20:22:33.034 | INFO     | arrange_library.core.scheduling.greedy_lane_scheduler:_run_batch_analysis:469 -   [special_combo_b] 10X 3端/Visium组合: 8个文库, 800.0GB, 预估1~1条Lane
2026-06-14 20:22:33.034 | INFO     | arrange_library.core.scheduling.greedy_lane_scheduler:_run_batch_analysis:469 - --- 专用Lane推荐 ---
2026-06-14 20:22:33.034 | INFO     | arrange_library.core.scheduling.greedy_lane_scheduler:_run_batch_analysis:469 -   [imbalance] 碱基不均衡文库数据量充足，可包专用Lane避免混排占比限制 - 约2条Lane, 4346.2GB, 置信度: high
2026-06-14 20:22:33.034 | INFO     | arrange_library.core.scheduling.greedy_lane_scheduler:_run_batch_analysis:469 -   [non_10bp] 非10bp文库集中排入专用Lane，避免触发10bp>=40%混排规则 - 约1条Lane, 2303.1GB, 置信度: medium
2026-06-14 20:22:33.034 | INFO     | arrange_library.core.scheduling.greedy_lane_scheduler:_run_batch_analysis:469 - --- 混排约束 ---
2026-06-14 20:22:33.034 | INFO     | arrange_library.core.scheduling.greedy_lane_scheduler:_run_batch_analysis:469 -   [tj_1595_special_combo_groups_not_mixed] special_combo_a vs special_combo_b: 10X 5端/VDJ 与 10X 3端/Visium 文库不可混排，必须分开
2026-06-14 20:22:33.034 | INFO     | arrange_library.core.scheduling.greedy_lane_scheduler:_run_batch_analysis:469 - --- 尾部风险 ---
2026-06-14 20:22:33.034 | INFO     | arrange_library.core.scheduling.greedy_lane_scheduler:_run_batch_analysis:469 -   [imbalance] 碱基不均衡文库排完整Lane后剩余156.2GB，不足半Lane(1048GB)，需要大文库骨架携带或混入散样Lane - 156.2GB, 102个, 严重程度: high
2026-06-14 20:22:33.034 | INFO     | arrange_library.core.scheduling.greedy_lane_scheduler:_run_batch_analysis:469 -   [non_10bp] 非10碱基文库排完整Lane后剩余208.1GB，不足半Lane(1048GB)，需要大文库骨架携带或混入散样Lane - 208.1GB, 111个, 严重程度: high
2026-06-14 20:22:33.034 | INFO     | arrange_library.core.scheduling.greedy_lane_scheduler:_run_batch_analysis:469 -   [special_combo_b] 10X 3端/Visium组合排完整Lane后剩余800.0GB，不足半Lane(998GB)，需要大文库骨架携带或混入散样Lane - 800.0GB, 8个, 严重程度: medium
2026-06-14 20:22:33.035 | INFO     | arrange_library.core.scheduling.greedy_lane_scheduler:_run_batch_analysis:469 - --- 策略建议 ---
2026-06-14 20:22:33.035 | INFO     | arrange_library.core.scheduling.greedy_lane_scheduler:_run_batch_analysis:469 -   - 碱基不均衡文库数据量充足，优先形成专用Lane
2026-06-14 20:22:33.035 | INFO     | arrange_library.core.scheduling.greedy_lane_scheduler:_run_batch_analysis:469 -   - 非10bp文库建议走专用Lane，避免10bp>=40%混排红线
2026-06-14 20:22:33.035 | INFO     | arrange_library.core.scheduling.greedy_lane_scheduler:_run_batch_analysis:469 -   - 存在2个高风险尾部分组，建议启用骨架预留(大带小)
2026-06-14 20:22:33.035 | INFO     | arrange_library.core.scheduling.greedy_lane_scheduler:_run_batch_analysis:469 - ===== 报告结束 =====
2026-06-14 20:22:33.035 | INFO     | arrange_library.core.scheduling.greedy_lane_scheduler:_run_batch_analysis:475 - 保留外部传入的策略执行计划，仅使用批次分析报告
2026-06-14 20:22:33.037 | INFO     | arrange_library.core.scheduling.greedy_lane_scheduler:schedule:1130 - 处理机器类型 Nova X-25B - 文库数: 1417 - Lane容量: 1050.0GB, 利用率区间: [100%, 100%], 特殊文库上限: 350GB
2026-06-14 20:22:33.037 | INFO     | arrange_library.core.scheduling.greedy_lane_scheduler:schedule:1158 - 碱基不均衡专用Lane策略: 102个碱基不均衡文库
2026-06-14 20:22:33.038 | INFO     | arrange_library.core.scheduling.greedy_lane_scheduler:_get_dedicated_lane_profile:983 - 专用Lane分组G26剩余合同量48.0G无法满足1.1或3.6T-NEW有效容量下限
2026-06-14 20:22:33.038 | INFO     | arrange_library.core.scheduling.greedy_lane_scheduler:_get_dedicated_lane_profile:983 - 专用Lane分组G25剩余合同量6.0G无法满足1.1或3.6T-NEW有效容量下限
2026-06-14 20:22:33.038 | INFO     | arrange_library.core.scheduling.greedy_lane_scheduler:_get_dedicated_lane_profile:983 - 专用Lane分组G36剩余合同量1.3G无法满足1.1或3.6T-NEW有效容量下限
2026-06-14 20:22:33.039 | INFO     | arrange_library.core.scheduling.greedy_lane_scheduler:_get_dedicated_lane_profile:983 - 专用Lane分组G33剩余合同量85.0G无法满足1.1或3.6T-NEW有效容量下限
2026-06-14 20:22:33.039 | INFO     | arrange_library.core.scheduling.greedy_lane_scheduler:_get_dedicated_lane_profile:983 - 专用Lane分组G29剩余合同量152.0G无法满足1.1或3.6T-NEW有效容量下限
2026-06-14 20:22:33.039 | INFO     | arrange_library.core.scheduling.greedy_lane_scheduler:_get_dedicated_lane_profile:983 - 专用Lane分组G27剩余合同量609.0G无法满足1.1或3.6T-NEW有效容量下限
2026-06-14 20:22:33.040 | INFO     | arrange_library.core.scheduling.greedy_lane_scheduler:_get_dedicated_lane_profile:983 - 专用Lane分组G34剩余合同量800.0G无法满足1.1或3.6T-NEW有效容量下限
2026-06-14 20:22:33.040 | INFO     | arrange_library.core.scheduling.greedy_lane_scheduler:_get_dedicated_lane_profile:983 - 专用Lane分组G18剩余合同量12.0G无法满足1.1或3.6T-NEW有效容量下限
2026-06-14 20:22:33.040 | INFO     | arrange_library.core.scheduling.greedy_lane_scheduler:schedule:1164 - 形成0条专用Lane，剩余102个碱基不均衡文库
2026-06-14 20:22:36.211 | INFO     | arrange_library.core.scheduling.greedy_lane_scheduler:schedule:1223 - 第二轮排机: 1417 个未分配文库（wkdeliverydate优先，轮转起点）
2026-06-14 20:22:39.000 | INFO     | arrange_library.core.scheduling.greedy_lane_scheduler:schedule:1239 - 第三轮排机: 1417 个未分配文库（小文库优先）
2026-06-14 20:22:56.306 | INFO     | arrange_library.core.scheduling.greedy_lane_scheduler:schedule:1282 - 连续5轮无新Lane且未分配池不变，提前结束无效重试
2026-06-14 20:22:56.308 | INFO     | arrange_library.core.scheduling.greedy_lane_scheduler:_get_dedicated_lane_profile:983 - 专用Lane分组G26剩余合同量48.0G无法满足1.1或3.6T-NEW有效容量下限
2026-06-14 20:22:56.308 | INFO     | arrange_library.core.scheduling.greedy_lane_scheduler:_get_dedicated_lane_profile:983 - 专用Lane分组G25剩余合同量6.0G无法满足1.1或3.6T-NEW有效容量下限
2026-06-14 20:22:56.308 | INFO     | arrange_library.core.scheduling.greedy_lane_scheduler:_get_dedicated_lane_profile:983 - 专用Lane分组G36剩余合同量1.3G无法满足1.1或3.6T-NEW有效容量下限
2026-06-14 20:22:56.309 | INFO     | arrange_library.core.scheduling.greedy_lane_scheduler:_get_dedicated_lane_profile:983 - 专用Lane分组G33剩余合同量85.0G无法满足1.1或3.6T-NEW有效容量下限
2026-06-14 20:22:56.309 | INFO     | arrange_library.core.scheduling.greedy_lane_scheduler:_get_dedicated_lane_profile:983 - 专用Lane分组G29剩余合同量152.0G无法满足1.1或3.6T-NEW有效容量下限
2026-06-14 20:22:56.309 | INFO     | arrange_library.core.scheduling.greedy_lane_scheduler:_get_dedicated_lane_profile:983 - 专用Lane分组G27剩余合同量609.0G无法满足1.1或3.6T-NEW有效容量下限
2026-06-14 20:22:56.309 | INFO     | arrange_library.core.scheduling.greedy_lane_scheduler:_get_dedicated_lane_profile:983 - 专用Lane分组G34剩余合同量800.0G无法满足1.1或3.6T-NEW有效容量下限
2026-06-14 20:22:56.310 | INFO     | arrange_library.core.scheduling.greedy_lane_scheduler:_get_dedicated_lane_profile:983 - 专用Lane分组G18剩余合同量12.0G无法满足1.1或3.6T-NEW有效容量下限
2026-06-14 20:22:56.310 | INFO     | arrange_library.core.scheduling.greedy_lane_scheduler:_build_imbalance_dedicated_lanes:1049 - 专用Lane创建完成: 0条Lane, 102个碱基不均衡文库待分配, 1315个中性文库待分配
2026-06-14 20:22:56.310 | INFO     | arrange_library.core.scheduling.greedy_lane_scheduler:schedule:1814 - 逐Lane贪心排机完成 - Lane数: 0, 已分配: 0/1417, 未分配: 1417, 平均利用率: 0.0%, 耗时: 23.28秒
2026-06-14 20:22:56.310 | INFO     | arrange_library.core.constraints.lane_validator:__init__:165 - 成Lane校验程序初始化完成 (严格模式: False, 碱基不均衡上限: 35%, 特殊文库关键词: 9个)
2026-06-14 20:22:56.310 | INFO     | arrange_library.core.scheduling.greedy_lane_scheduler:_validate_all_lanes:2176 - 最终验证结果: 0条Lane通过，1417个文库未分配
2026-06-14 20:22:56.624 | INFO     | __main__:_build_global_round_robin_lane:5817 - 全局轮转混排未成Lane: prefix=G1, pool_size=1417, best=0个/0.0G, min=2095.0G
2026-06-14 20:22:56.624 | INFO     | __main__:test_with_model:19462 - wkspecialsplits边排边检查完成: 无需调整
2026-06-14 20:22:56.624 | INFO     | __main__:test_with_model:19497 - 验证完成：0条Lane通过验证
2026-06-14 20:22:56.624 | INFO     | __main__:test_with_model:19518 - 57规则二次改排救援已关闭，失败Lane文库回收到未分配池
2026-06-14 20:22:56.628 | INFO     | __main__:_should_skip_expensive_rescue_stage:2853 - 高成本救援(EX/RB)跳过: 当前0条Lane通过验证，未分配池=1417个/14780.9G，继续做高成本救援收益过低
2026-06-14 20:22:56.664 | INFO     | __main__:test_with_model:19535 - 快速交付日期救援未新增Lane
2026-06-14 20:22:56.699 | INFO     | __main__:_build_global_round_robin_lane:5817 - 全局轮转混排未成Lane: prefix=G1, pool_size=1417, best=0个/0.0G, min=2095.0G
2026-06-14 20:22:56.699 | INFO     | __main__:test_with_model:19799 - 剩余库全局轮转混排未新增Lane: 剩余未分配=1417
2026-06-14 20:22:56.701 | INFO     | __main__:test_with_model:19829 - 脚本内置 Pooling 预测已停用，后续统一调用 prediction_delivery
2026-06-14 20:22:56.781 | INFO     | __main__:arrange_library:20427 - 1.1首轮二次补排启动: 首轮剩余文库=1417个
2026-06-14 20:22:56.782 | INFO     | __main__:arrange_library:20428 - 1.1首轮二次补排策略: expensive_rescue=True, peak_window_mixed=True, post_fill_optimization=True
2026-06-14 20:22:56.945 | INFO     | __main__:test_with_model:19337 - 
================================================================================
2026-06-14 20:22:56.945 | INFO     | __main__:test_with_model:19338 - 排机流程：纯规则排机
2026-06-14 20:22:56.945 | INFO     | __main__:test_with_model:19339 - ================================================================================
2026-06-14 20:22:56.945 | INFO     | arrange_library.core.constraints.index_validator_verified:__init__:77 - Index校验器初始化完成（真实数据验证版本）
2026-06-14 20:22:56.946 | INFO     | arrange_library.core.constraints.lane_validator:__init__:165 - 成Lane校验程序初始化完成 (严格模式: True, 碱基不均衡上限: 35%, 特殊文库关键词: 9个)
2026-06-14 20:22:56.947 | WARNING  | arrange_library.core.ai.pooling_coefficient_optimizer:_load_config:40 - Pooling配置表不存在: /data/work/yuyongpeng/liblane_v2_deepseek/data/wktype_pooling_config.xlsx，将使用默认策略
2026-06-14 20:22:56.947 | INFO     | arrange_library.core.ai.pooling_coefficient_optimizer:_load_efficiency_corrections:185 - 产出效率修正表不存在: /data/work/yuyongpeng/liblane_v2_deepseek/data/production_efficiency_correction.csv，跳过后校准
2026-06-14 20:22:56.948 | WARNING  | arrange_library.core.ai.loutput_predictor_wrapper:_load_model:150 - 模型文件不存在: models/loutput_pre_lane_v5/lightgbm_model.pkl
2026-06-14 20:22:56.948 | WARNING  | arrange_library.core.ai.pooling_coefficient_optimizer:__init__:164 - loutput预测器不可用，将使用规则降级策略
2026-06-14 20:22:56.948 | INFO     | arrange_library.core.scheduling.greedy_lane_scheduler:__init__:265 - 逐Lane贪心排机器初始化完成 - 基础容量: 985.0GB, 利用率区间: [100%, 100%], 配置模式: 按机型自动
2026-06-14 20:22:56.948 | INFO     | arrange_library.core.scheduling.greedy_lane_scheduler:__init__:268 - 启用检查: Index=True, 碱基不均衡=True, 规则检查器=False
2026-06-14 20:22:56.948 | INFO     | __main__:test_with_model:19365 - 排机阶段：Pooling优化器已禁用（V6流程不需要）
2026-06-14 20:22:56.948 | INFO     | arrange_library.core.constraints.lane_validator:__init__:165 - 成Lane校验程序初始化完成 (严格模式: True, 碱基不均衡上限: 35%, 特殊文库关键词: 9个)
2026-06-14 20:22:56.948 | INFO     | __main__:test_with_model:19369 - 严格校验容量区间改为按统一配置表动态解析
2026-06-14 20:22:56.956 | INFO     | __main__:test_with_model:19391 - 主流程前置拆分完成: 无需拆分
2026-06-14 20:22:57.199 | INFO     | __main__:_extract_mixed_lanes_by_peak_window:8433 - 混排Peak窗口: 344-494bp, 1336个文库/12920G, 理论最多6条Lane
2026-06-14 20:22:57.633 | INFO     | __main__:_extract_mixed_lanes_by_peak_window:8469 - 混排Lane预抽取完成: 新增Lane=0，使用文库=0个/0.0G，剩余待排=1417个/14780.9G
2026-06-14 20:22:57.633 | INFO     | arrange_library.core.scheduling.greedy_lane_scheduler:schedule:1084 - 开始逐Lane贪心排机 - 文库数: 1417
2026-06-14 20:22:57.633 | INFO     | arrange_library.core.scheduling.greedy_lane_scheduler:schedule:1094 - 预拆分完成: 使用外层已拆分文库
2026-06-14 20:22:57.637 | INFO     | arrange_library.core.scheduling.greedy_lane_scheduler:_run_batch_analysis:469 - ===== 批次全局分析报告 =====
2026-06-14 20:22:57.637 | INFO     | arrange_library.core.scheduling.greedy_lane_scheduler:_run_batch_analysis:469 - 机器类型: Nova X-25B
2026-06-14 20:22:57.637 | INFO     | arrange_library.core.scheduling.greedy_lane_scheduler:_run_batch_analysis:469 - 文库总数: 1417
2026-06-14 20:22:57.637 | INFO     | arrange_library.core.scheduling.greedy_lane_scheduler:_run_batch_analysis:469 - 总数据量: 14780.9 GB
2026-06-14 20:22:57.637 | INFO     | arrange_library.core.scheduling.greedy_lane_scheduler:_run_batch_analysis:469 - 预估Lane数: 7~8
2026-06-14 20:22:57.638 | INFO     | arrange_library.core.scheduling.greedy_lane_scheduler:_run_batch_analysis:469 - --- 特征标记 ---
2026-06-14 20:22:57.638 | INFO     | arrange_library.core.scheduling.greedy_lane_scheduler:_run_batch_analysis:469 -   包Lane文库: 无
2026-06-14 20:22:57.638 | INFO     | arrange_library.core.scheduling.greedy_lane_scheduler:_run_batch_analysis:469 -   碱基不均衡: 有
2026-06-14 20:22:57.638 | INFO     | arrange_library.core.scheduling.greedy_lane_scheduler:_run_batch_analysis:469 -   客户文库:   无
2026-06-14 20:22:57.638 | INFO     | arrange_library.core.scheduling.greedy_lane_scheduler:_run_batch_analysis:469 -   10bp文库:   有
2026-06-14 20:22:57.638 | INFO     | arrange_library.core.scheduling.greedy_lane_scheduler:_run_batch_analysis:469 -   非10bp文库: 有
2026-06-14 20:22:57.638 | INFO     | arrange_library.core.scheduling.greedy_lane_scheduler:_run_batch_analysis:469 -   特殊组合:   有
2026-06-14 20:22:57.638 | INFO     | arrange_library.core.scheduling.greedy_lane_scheduler:_run_batch_analysis:469 - --- 分组画像 ---
2026-06-14 20:22:57.638 | INFO     | arrange_library.core.scheduling.greedy_lane_scheduler:_run_batch_analysis:469 -   [imbalance] 碱基不均衡文库: 102个文库, 4346.2GB, 预估2~3条Lane
2026-06-14 20:22:57.638 | INFO     | arrange_library.core.scheduling.greedy_lane_scheduler:_run_batch_analysis:469 -   [non_10bp] 非10碱基文库: 111个文库, 2303.1GB, 预估2~2条Lane
2026-06-14 20:22:57.638 | INFO     | arrange_library.core.scheduling.greedy_lane_scheduler:_run_batch_analysis:469 -   [all] 全部文库: 1417个文库, 14780.9GB, 预估7~8条Lane
2026-06-14 20:22:57.638 | INFO     | arrange_library.core.scheduling.greedy_lane_scheduler:_run_batch_analysis:469 -   [10bp] 10碱基文库: 1306个文库, 12477.8GB, 预估6~6条Lane
2026-06-14 20:22:57.638 | INFO     | arrange_library.core.scheduling.greedy_lane_scheduler:_run_batch_analysis:469 -   [special_combo_a] 10X 5端/VDJ组合: 22个文库, 1393.0GB, 预估1~1条Lane
2026-06-14 20:22:57.638 | INFO     | arrange_library.core.scheduling.greedy_lane_scheduler:_run_batch_analysis:469 -   [special_combo_b] 10X 3端/Visium组合: 8个文库, 800.0GB, 预估1~1条Lane
2026-06-14 20:22:57.638 | INFO     | arrange_library.core.scheduling.greedy_lane_scheduler:_run_batch_analysis:469 - --- 专用Lane推荐 ---
2026-06-14 20:22:57.638 | INFO     | arrange_library.core.scheduling.greedy_lane_scheduler:_run_batch_analysis:469 -   [imbalance] 碱基不均衡文库数据量充足，可包专用Lane避免混排占比限制 - 约2条Lane, 4346.2GB, 置信度: high
2026-06-14 20:22:57.638 | INFO     | arrange_library.core.scheduling.greedy_lane_scheduler:_run_batch_analysis:469 -   [non_10bp] 非10bp文库集中排入专用Lane，避免触发10bp>=40%混排规则 - 约1条Lane, 2303.1GB, 置信度: medium
2026-06-14 20:22:57.638 | INFO     | arrange_library.core.scheduling.greedy_lane_scheduler:_run_batch_analysis:469 - --- 混排约束 ---
2026-06-14 20:22:57.638 | INFO     | arrange_library.core.scheduling.greedy_lane_scheduler:_run_batch_analysis:469 -   [tj_1595_special_combo_groups_not_mixed] special_combo_a vs special_combo_b: 10X 5端/VDJ 与 10X 3端/Visium 文库不可混排，必须分开
2026-06-14 20:22:57.638 | INFO     | arrange_library.core.scheduling.greedy_lane_scheduler:_run_batch_analysis:469 - --- 尾部风险 ---
2026-06-14 20:22:57.638 | INFO     | arrange_library.core.scheduling.greedy_lane_scheduler:_run_batch_analysis:469 -   [imbalance] 碱基不均衡文库排完整Lane后剩余156.2GB，不足半Lane(1048GB)，需要大文库骨架携带或混入散样Lane - 156.2GB, 102个, 严重程度: high
2026-06-14 20:22:57.638 | INFO     | arrange_library.core.scheduling.greedy_lane_scheduler:_run_batch_analysis:469 -   [non_10bp] 非10碱基文库排完整Lane后剩余208.1GB，不足半Lane(1048GB)，需要大文库骨架携带或混入散样Lane - 208.1GB, 111个, 严重程度: high
2026-06-14 20:22:57.638 | INFO     | arrange_library.core.scheduling.greedy_lane_scheduler:_run_batch_analysis:469 -   [special_combo_b] 10X 3端/Visium组合排完整Lane后剩余800.0GB，不足半Lane(998GB)，需要大文库骨架携带或混入散样Lane - 800.0GB, 8个, 严重程度: medium
2026-06-14 20:22:57.638 | INFO     | arrange_library.core.scheduling.greedy_lane_scheduler:_run_batch_analysis:469 - --- 策略建议 ---
2026-06-14 20:22:57.638 | INFO     | arrange_library.core.scheduling.greedy_lane_scheduler:_run_batch_analysis:469 -   - 碱基不均衡文库数据量充足，优先形成专用Lane
2026-06-14 20:22:57.638 | INFO     | arrange_library.core.scheduling.greedy_lane_scheduler:_run_batch_analysis:469 -   - 非10bp文库建议走专用Lane，避免10bp>=40%混排红线
2026-06-14 20:22:57.638 | INFO     | arrange_library.core.scheduling.greedy_lane_scheduler:_run_batch_analysis:469 -   - 存在2个高风险尾部分组，建议启用骨架预留(大带小)
2026-06-14 20:22:57.638 | INFO     | arrange_library.core.scheduling.greedy_lane_scheduler:_run_batch_analysis:469 - ===== 报告结束 =====
2026-06-14 20:22:57.638 | INFO     | arrange_library.core.scheduling.greedy_lane_scheduler:_run_batch_analysis:475 - 保留外部传入的策略执行计划，仅使用批次分析报告
2026-06-14 20:22:57.640 | INFO     | arrange_library.core.scheduling.greedy_lane_scheduler:schedule:1130 - 处理机器类型 Nova X-25B - 文库数: 1417 - Lane容量: 1050.0GB, 利用率区间: [100%, 100%], 特殊文库上限: 350GB
2026-06-14 20:22:57.641 | INFO     | arrange_library.core.scheduling.greedy_lane_scheduler:schedule:1158 - 碱基不均衡专用Lane策略: 102个碱基不均衡文库
2026-06-14 20:22:57.641 | INFO     | arrange_library.core.scheduling.greedy_lane_scheduler:_get_dedicated_lane_profile:983 - 专用Lane分组G26剩余合同量48.0G无法满足1.1或3.6T-NEW有效容量下限
2026-06-14 20:22:57.642 | INFO     | arrange_library.core.scheduling.greedy_lane_scheduler:_get_dedicated_lane_profile:983 - 专用Lane分组G25剩余合同量6.0G无法满足1.1或3.6T-NEW有效容量下限
2026-06-14 20:22:57.642 | INFO     | arrange_library.core.scheduling.greedy_lane_scheduler:_get_dedicated_lane_profile:983 - 专用Lane分组G36剩余合同量1.3G无法满足1.1或3.6T-NEW有效容量下限
2026-06-14 20:22:57.642 | INFO     | arrange_library.core.scheduling.greedy_lane_scheduler:_get_dedicated_lane_profile:983 - 专用Lane分组G33剩余合同量85.0G无法满足1.1或3.6T-NEW有效容量下限
2026-06-14 20:22:57.642 | INFO     | arrange_library.core.scheduling.greedy_lane_scheduler:_get_dedicated_lane_profile:983 - 专用Lane分组G29剩余合同量152.0G无法满足1.1或3.6T-NEW有效容量下限
2026-06-14 20:22:57.643 | INFO     | arrange_library.core.scheduling.greedy_lane_scheduler:_get_dedicated_lane_profile:983 - 专用Lane分组G27剩余合同量609.0G无法满足1.1或3.6T-NEW有效容量下限
2026-06-14 20:22:57.643 | INFO     | arrange_library.core.scheduling.greedy_lane_scheduler:_get_dedicated_lane_profile:983 - 专用Lane分组G34剩余合同量800.0G无法满足1.1或3.6T-NEW有效容量下限
2026-06-14 20:22:57.643 | INFO     | arrange_library.core.scheduling.greedy_lane_scheduler:_get_dedicated_lane_profile:983 - 专用Lane分组G18剩余合同量12.0G无法满足1.1或3.6T-NEW有效容量下限
2026-06-14 20:22:57.643 | INFO     | arrange_library.core.scheduling.greedy_lane_scheduler:schedule:1164 - 形成0条专用Lane，剩余102个碱基不均衡文库
2026-06-14 20:23:00.902 | INFO     | arrange_library.core.scheduling.greedy_lane_scheduler:schedule:1223 - 第二轮排机: 1417 个未分配文库（wkdeliverydate优先，轮转起点）
2026-06-14 20:23:03.846 | INFO     | arrange_library.core.scheduling.greedy_lane_scheduler:schedule:1239 - 第三轮排机: 1417 个未分配文库（小文库优先）
2026-06-14 20:23:21.929 | INFO     | arrange_library.core.scheduling.greedy_lane_scheduler:schedule:1282 - 连续5轮无新Lane且未分配池不变，提前结束无效重试
2026-06-14 20:23:21.931 | INFO     | arrange_library.core.scheduling.greedy_lane_scheduler:_get_dedicated_lane_profile:983 - 专用Lane分组G26剩余合同量48.0G无法满足1.1或3.6T-NEW有效容量下限
2026-06-14 20:23:21.931 | INFO     | arrange_library.core.scheduling.greedy_lane_scheduler:_get_dedicated_lane_profile:983 - 专用Lane分组G25剩余合同量6.0G无法满足1.1或3.6T-NEW有效容量下限
2026-06-14 20:23:21.931 | INFO     | arrange_library.core.scheduling.greedy_lane_scheduler:_get_dedicated_lane_profile:983 - 专用Lane分组G36剩余合同量1.3G无法满足1.1或3.6T-NEW有效容量下限
2026-06-14 20:23:21.931 | INFO     | arrange_library.core.scheduling.greedy_lane_scheduler:_get_dedicated_lane_profile:983 - 专用Lane分组G33剩余合同量85.0G无法满足1.1或3.6T-NEW有效容量下限
2026-06-14 20:23:21.932 | INFO     | arrange_library.core.scheduling.greedy_lane_scheduler:_get_dedicated_lane_profile:983 - 专用Lane分组G29剩余合同量152.0G无法满足1.1或3.6T-NEW有效容量下限
2026-06-14 20:23:21.932 | INFO     | arrange_library.core.scheduling.greedy_lane_scheduler:_get_dedicated_lane_profile:983 - 专用Lane分组G27剩余合同量609.0G无法满足1.1或3.6T-NEW有效容量下限
2026-06-14 20:23:21.932 | INFO     | arrange_library.core.scheduling.greedy_lane_scheduler:_get_dedicated_lane_profile:983 - 专用Lane分组G34剩余合同量800.0G无法满足1.1或3.6T-NEW有效容量下限
2026-06-14 20:23:21.933 | INFO     | arrange_library.core.scheduling.greedy_lane_scheduler:_get_dedicated_lane_profile:983 - 专用Lane分组G18剩余合同量12.0G无法满足1.1或3.6T-NEW有效容量下限
2026-06-14 20:23:21.933 | INFO     | arrange_library.core.scheduling.greedy_lane_scheduler:_build_imbalance_dedicated_lanes:1049 - 专用Lane创建完成: 0条Lane, 102个碱基不均衡文库待分配, 1315个中性文库待分配
2026-06-14 20:23:21.933 | INFO     | arrange_library.core.scheduling.greedy_lane_scheduler:schedule:1814 - 逐Lane贪心排机完成 - Lane数: 0, 已分配: 0/1417, 未分配: 1417, 平均利用率: 0.0%, 耗时: 24.30秒
2026-06-14 20:23:21.933 | INFO     | arrange_library.core.constraints.lane_validator:__init__:165 - 成Lane校验程序初始化完成 (严格模式: False, 碱基不均衡上限: 35%, 特殊文库关键词: 9个)
2026-06-14 20:23:21.933 | INFO     | arrange_library.core.scheduling.greedy_lane_scheduler:_validate_all_lanes:2176 - 最终验证结果: 0条Lane通过，1417个文库未分配
2026-06-14 20:23:21.967 | INFO     | __main__:_build_global_round_robin_lane:5817 - 全局轮转混排未成Lane: prefix=G1, pool_size=1417, best=0个/0.0G, min=2095.0G
2026-06-14 20:23:21.967 | INFO     | __main__:test_with_model:19462 - wkspecialsplits边排边检查完成: 无需调整
2026-06-14 20:23:21.967 | INFO     | __main__:test_with_model:19497 - 验证完成：0条Lane通过验证
2026-06-14 20:23:21.967 | INFO     | __main__:test_with_model:19518 - 57规则二次改排救援已关闭，失败Lane文库回收到未分配池
2026-06-14 20:23:21.969 | INFO     | __main__:_should_skip_expensive_rescue_stage:2853 - 高成本救援(EX/RB)跳过: 当前0条Lane通过验证，未分配池=1417个/14780.9G，继续做高成本救援收益过低
2026-06-14 20:23:22.005 | INFO     | __main__:test_with_model:19535 - 快速交付日期救援未新增Lane
2026-06-14 20:23:22.039 | INFO     | __main__:_build_global_round_robin_lane:5817 - 全局轮转混排未成Lane: prefix=G1, pool_size=1417, best=0个/0.0G, min=2095.0G
2026-06-14 20:23:22.040 | INFO     | __main__:test_with_model:19799 - 剩余库全局轮转混排未新增Lane: 剩余未分配=1417
2026-06-14 20:23:22.042 | INFO     | __main__:test_with_model:19829 - 脚本内置 Pooling 预测已停用，后续统一调用 prediction_delivery
2026-06-14 20:23:22.045 | INFO     | __main__:arrange_library:20498 - 1.1首轮二次补排完成: 新增Lane=0, 剩余文库=1417
2026-06-14 20:23:22.053 | INFO     | __main__:arrange_library:20511 - 1.1首轮剩余中11个<=500G未拆分原始文库继续保留给1.1尾货抽取，不进入普通3.6T候选池
2026-06-14 20:23:22.053 | INFO     | __main__:arrange_library:20517 - 步骤1.5-3候选池接收1.1剩余可进3.6T文库1406个，继续进入3.6T-NEW
2026-06-14 20:23:22.053 | INFO     | __main__:arrange_library:20521 - 1.1首轮排机完成: 生成0条Lane
2026-06-14 20:23:22.053 | INFO     | __main__:arrange_library:20541 - 步骤1.5后追加<=500G未拆分原始文库到尾货1.1池: 11个
2026-06-14 20:23:22.053 | INFO     | __main__:arrange_library:20546 - 1.1首轮排机阶段完成: 3.6T-NEW后续候选池=1417个文库, 1.1 Lane=0条
2026-06-14 20:23:22.096 | INFO     | __main__:_try_build_near_min_global_mode_1_1_lane_from_pool:9529 - 全局1.1近下限构Lane未成Lane: pool_size=11, pool_data=2112.0G, best=5个/1042.0G/5对index, rejects={'imbalance_ratio': 112, 'special_limit': 36}, validation_top=[]
2026-06-14 20:23:22.096 | INFO     | __main__:_try_build_global_mode_1_1_lane_from_pool:9684 - 全局1.1构Lane尝试: attempt=global_scattered_balance, lane_prefix=GL, pool_size=11, pool_data=2112.0G, prioritize_scattered_mix=True
2026-06-14 20:23:22.099 | INFO     | __main__:_attempt_build_lane_from_pool:5636 - 全局1.1构Lane失败诊断: prefix=GL, machine=Nova X-25B, pool_size=11, pool_data=2112.0G, attempts=2, index_retries=0, other_retries=1, best=6个/1192.0G/6对index, counters={'below_min': 1}, validation_top=[]
2026-06-14 20:23:22.099 | INFO     | __main__:_try_build_global_mode_1_1_lane_from_pool:9684 - 全局1.1构Lane尝试: attempt=global_budgeted_ratio, lane_prefix=GL, pool_size=11, pool_data=2112.0G, prioritize_scattered_mix=False
2026-06-14 20:23:22.130 | INFO     | __main__:_attempt_build_lane_from_pool:5636 - 全局1.1构Lane失败诊断: prefix=GL, machine=Nova X-25B, pool_size=11, pool_data=2112.0G, attempts=20, index_retries=0, other_retries=20, best=9个/1752.0G/9对index, counters={'skip_incremental_index': 40, 'below_min': 20}, validation_top=[]
2026-06-14 20:23:22.130 | INFO     | __main__:_try_build_global_mode_1_1_lane_from_pool:9716 - 全局1.1构Lane未成Lane: lane_prefix=GL, pool_size=11, pool_data=2112.0G
2026-06-14 20:23:22.130 | INFO     | __main__:arrange_library:20580 - 
================================================================================
2026-06-14 20:23:22.130 | INFO     | __main__:arrange_library:20581 - 步骤1.6: 尾货1.1专Lane、纯不均混排与普通Lane二次抽取
2026-06-14 20:23:22.130 | INFO     | __main__:arrange_library:20582 - ================================================================================
2026-06-14 20:23:22.131 | INFO     | arrange_library.core.constraints.index_validator_verified:__init__:77 - Index校验器初始化完成（真实数据验证版本）
2026-06-14 20:23:22.132 | INFO     | arrange_library.core.constraints.lane_validator:__init__:165 - 成Lane校验程序初始化完成 (严格模式: True, 碱基不均衡上限: 35%, 特殊文库关键词: 9个)
2026-06-14 20:23:22.133 | WARNING  | arrange_library.core.ai.pooling_coefficient_optimizer:_load_config:40 - Pooling配置表不存在: /data/work/yuyongpeng/liblane_v2_deepseek/data/wktype_pooling_config.xlsx，将使用默认策略
2026-06-14 20:23:22.133 | INFO     | arrange_library.core.ai.pooling_coefficient_optimizer:_load_efficiency_corrections:185 - 产出效率修正表不存在: /data/work/yuyongpeng/liblane_v2_deepseek/data/production_efficiency_correction.csv，跳过后校准
2026-06-14 20:23:22.133 | WARNING  | arrange_library.core.ai.loutput_predictor_wrapper:_load_model:150 - 模型文件不存在: models/loutput_pre_lane_v5/lightgbm_model.pkl
2026-06-14 20:23:22.133 | WARNING  | arrange_library.core.ai.pooling_coefficient_optimizer:__init__:164 - loutput预测器不可用，将使用规则降级策略
2026-06-14 20:23:22.134 | INFO     | arrange_library.core.scheduling.greedy_lane_scheduler:__init__:265 - 逐Lane贪心排机器初始化完成 - 基础容量: 985.0GB, 利用率区间: [100%, 100%], 配置模式: 按机型自动
2026-06-14 20:23:22.134 | INFO     | arrange_library.core.scheduling.greedy_lane_scheduler:__init__:268 - 启用检查: Index=True, 碱基不均衡=True, 规则检查器=False
2026-06-14 20:23:22.134 | INFO     | arrange_library.core.scheduling.greedy_lane_scheduler:_get_dedicated_lane_profile:983 - 专用Lane分组G26剩余合同量48.0G无法满足1.1或3.6T-NEW有效容量下限
2026-06-14 20:23:22.134 | INFO     | arrange_library.core.scheduling.greedy_lane_scheduler:_get_dedicated_lane_profile:983 - 专用Lane分组G25剩余合同量6.0G无法满足1.1或3.6T-NEW有效容量下限
2026-06-14 20:23:22.134 | INFO     | arrange_library.core.scheduling.greedy_lane_scheduler:_get_dedicated_lane_profile:983 - 专用Lane分组G36剩余合同量1.3G无法满足1.1或3.6T-NEW有效容量下限
2026-06-14 20:23:22.134 | INFO     | arrange_library.core.scheduling.greedy_lane_scheduler:_get_dedicated_lane_profile:983 - 专用Lane分组G33剩余合同量85.0G无法满足1.1或3.6T-NEW有效容量下限
2026-06-14 20:23:22.135 | INFO     | arrange_library.core.scheduling.greedy_lane_scheduler:_get_dedicated_lane_profile:983 - 专用Lane分组G29剩余合同量152.0G无法满足1.1或3.6T-NEW有效容量下限
2026-06-14 20:23:22.135 | INFO     | arrange_library.core.scheduling.greedy_lane_scheduler:_get_dedicated_lane_profile:983 - 专用Lane分组G27剩余合同量609.0G无法满足1.1或3.6T-NEW有效容量下限
2026-06-14 20:23:22.135 | INFO     | arrange_library.core.scheduling.greedy_lane_scheduler:_get_dedicated_lane_profile:983 - 专用Lane分组G34剩余合同量800.0G无法满足1.1或3.6T-NEW有效容量下限
2026-06-14 20:23:22.135 | INFO     | arrange_library.core.scheduling.greedy_lane_scheduler:_get_dedicated_lane_profile:983 - 专用Lane分组G18剩余合同量12.0G无法满足1.1或3.6T-NEW有效容量下限
2026-06-14 20:23:22.135 | INFO     | __main__:arrange_library:20606 - 尾货1.1碱基不均衡专Lane二次抽取未形成新Lane
2026-06-14 20:23:22.139 | INFO     | __main__:arrange_library:20630 - 尾货G55跨基础组碱基不均1.1专Lane未形成新Lane
2026-06-14 20:23:24.431 | INFO     | __main__:_try_build_near_min_global_mode_1_1_lane_from_pool:9492 - 全局1.1近下限构Lane成功: group=normal, variant=large_first, lane=GL_Nova X-25B_001, 使用390个/2100.9G
2026-06-14 20:23:25.009 | INFO     | __main__:_try_build_near_min_global_mode_1_1_lane_from_pool:9492 - 全局1.1近下限构Lane成功: group=normal, variant=large_first, lane=GL_Nova X-25B_002, 使用188个/2112.5G
2026-06-14 20:23:28.775 | INFO     | __main__:_try_build_near_min_global_mode_1_1_lane_from_pool:9492 - 全局1.1近下限构Lane成功: group=normal, variant=small_first, lane=GL_Nova X-25B_003, 使用306个/2098.8G
2026-06-14 20:23:37.724 | INFO     | __main__:_try_build_near_min_global_mode_1_1_lane_from_pool:9519 - 全局1.1近下限构Lane早停: 连续3次构造变体未新增Lane，pool_size=533, pool_data=8468.6G
2026-06-14 20:23:37.725 | INFO     | __main__:_try_build_near_min_global_mode_1_1_lane_from_pool:9529 - 全局1.1近下限构Lane未成Lane: pool_size=533, pool_data=8468.6G, best=118个/2254.9G/124对index, rejects={'over_max': 3201, 'imbalance_ratio': 140, 'incremental_index': 34}, validation_top=[('customer_production_mix_ratio: 手工/客户侧与产线混合Lane少数侧占比1.7%不符合规则(应>=5%)', 36), ('customer_production_mix_ratio: 手工/客户侧与产线混合Lane少数侧占比1.6%不符合规则(应>=5%)', 27), ('customer_production_mix_ratio: 手工/客户侧与产线混合Lane少数侧占比1.1%不符合规则(应>=5%)', 21), ('customer_production_mix_ratio: 手工/客户侧与产线混合Lane少数侧占比1.2%不符合规则(应>=5%)', 12), ('customer_production_mix_ratio: 手工/客户侧与产线混合Lane少数侧占比1.8%不符合规则(应>=5%)', 9), ('customer_production_mix_ratio: 手工/客户侧与产线混合Lane少数侧占比2.0%不符合规则(应>=5%)', 9), ('customer_production_mix_ratio: 手工/客户侧与产线混合Lane少数侧占比1.9%不符合规则(应>=5%)', 6), ('customer_production_mix_ratio: 手工/客户侧与产线混合Lane少数侧占比1.5%不符合规则(应>=5%)', 3)]
2026-06-14 20:23:37.727 | INFO     | __main__:_try_build_global_mode_1_1_lane_from_pool:9684 - 全局1.1构Lane尝试: attempt=global_scattered_balance, lane_prefix=GL, pool_size=533, pool_data=8468.6G, prioritize_scattered_mix=True
2026-06-14 20:23:38.970 | INFO     | __main__:_try_build_global_mode_1_1_lane_from_pool:9707 - 全局1.1构Lane成功: attempt=global_scattered_balance, lane=GL_Nova X-25B_004, 使用141个/2100.8G
2026-06-14 20:23:39.331 | INFO     | __main__:_try_build_near_min_global_mode_1_1_lane_from_pool:9492 - 全局1.1近下限构Lane成功: group=normal, variant=large_first, lane=GL_Nova X-25B_005, 使用172个/2095.3G
2026-06-14 20:23:40.309 | INFO     | __main__:_try_build_near_min_global_mode_1_1_lane_from_pool:9519 - 全局1.1近下限构Lane早停: 连续3次构造变体未新增Lane，pool_size=220, pool_data=4272.5G
2026-06-14 20:23:40.309 | INFO     | __main__:_try_build_near_min_global_mode_1_1_lane_from_pool:9529 - 全局1.1近下限构Lane未成Lane: pool_size=220, pool_data=4272.5G, best=89个/348.2G/92对index, rejects={'incremental_index': 696, 'imbalance_ratio': 328}, validation_top=[]
2026-06-14 20:23:40.310 | INFO     | __main__:_try_build_global_mode_1_1_lane_from_pool:9684 - 全局1.1构Lane尝试: attempt=global_scattered_balance, lane_prefix=GL, pool_size=220, pool_data=4272.5G, prioritize_scattered_mix=True
2026-06-14 20:23:41.450 | INFO     | __main__:_attempt_build_lane_from_pool:5636 - 全局1.1构Lane失败诊断: prefix=GL, machine=Nova X-25B, pool_size=220, pool_data=4272.5G, attempts=2, index_retries=0, other_retries=1, best=91个/596.5G/94对index, counters={'skip_incremental_index': 1063, 'below_min': 1}, validation_top=[]
2026-06-14 20:23:41.450 | INFO     | __main__:_try_build_global_mode_1_1_lane_from_pool:9684 - 全局1.1构Lane尝试: attempt=global_budgeted_ratio, lane_prefix=GL, pool_size=220, pool_data=4272.5G, prioritize_scattered_mix=False
2026-06-14 20:23:43.213 | INFO     | __main__:_attempt_build_lane_from_pool:5636 - 全局1.1构Lane失败诊断: prefix=GL, machine=Nova X-25B, pool_size=220, pool_data=4272.5G, attempts=20, index_retries=0, other_retries=20, best=111个/2254.5G/117对index, counters={'skip_incremental_index': 1645, 'skip_over_max': 44, 'full_validation_failed': 20}, validation_top=[('rule_matrix_constraint: 组合1与组合2文库类型不可混排', 20), ('base_imbalance_ratio: 碱基不均衡占比88.8%超过35%限制', 9), ('peak_size: Peak Size范围418bp超过150bp，最佳窗口覆盖72.9%<75%', 9), ('special_library_limit: 特殊文库总量1965.0G超过350.0G限制', 9), ('base_imbalance_ratio: 碱基不均衡占比88.3%超过35%限制', 3), ('peak_size: Peak Size范围418bp超过150bp，最佳窗口覆盖71.6%<75%', 3), ('special_library_limit: 特殊文库总量1865.0G超过350.0G限制', 3), ('base_imbalance_ratio: 碱基不均衡占比85.8%超过35%限制', 3)]
2026-06-14 20:23:43.214 | INFO     | __main__:_try_build_global_mode_1_1_lane_from_pool:9716 - 全局1.1构Lane未成Lane: lane_prefix=GL, pool_size=220, pool_data=4272.5G
2026-06-14 20:23:43.223 | INFO     | __main__:arrange_library:20667 - 快速交付日期1.1尾货救援未形成新Lane
2026-06-14 20:23:43.224 | INFO     | arrange_library.core.constraints.lane_validator:__init__:165 - 成Lane校验程序初始化完成 (严格模式: True, 碱基不均衡上限: 35%, 特殊文库关键词: 9个)
2026-06-14 20:23:43.229 | INFO     | __main__:arrange_library:20676 - 尾货1.1普通Lane二次抽取完成: 新增Lane=5, 消耗文库=1197, 剩余进入普通3.6T排机文库=220
2026-06-14 20:23:44.087 | INFO     | __main__:arrange_library:20731 - 步骤2前置分流: 5个<=500G未拆分原始文库已完成1.1多轮尝试但未成Lane；其中5个允许强制拆分后进3.6T，0个因拆分后过小保留未分配输出
2026-06-14 20:23:44.087 | INFO     | __main__:arrange_library:20739 - 
================================================================================
2026-06-14 20:23:44.087 | INFO     | __main__:arrange_library:20740 - 步骤2: 处理普通文库（使用GreedyLaneScheduler）
2026-06-14 20:23:44.087 | INFO     | __main__:arrange_library:20741 - ================================================================================
2026-06-14 20:23:44.101 | INFO     | __main__:_proactively_build_split_family_lanes_from_pool:17507 - 步骤2前置拆分家族构建未构建出完整拆分Lane
2026-06-14 20:23:44.102 | INFO     | arrange_library.core.constraints.index_validator_verified:__init__:77 - Index校验器初始化完成（真实数据验证版本）
2026-06-14 20:23:44.102 | INFO     | arrange_library.core.constraints.lane_validator:__init__:165 - 成Lane校验程序初始化完成 (严格模式: True, 碱基不均衡上限: 35%, 特殊文库关键词: 9个)
2026-06-14 20:23:44.104 | WARNING  | arrange_library.core.ai.pooling_coefficient_optimizer:_load_config:40 - Pooling配置表不存在: /data/work/yuyongpeng/liblane_v2_deepseek/data/wktype_pooling_config.xlsx，将使用默认策略
2026-06-14 20:23:44.104 | INFO     | arrange_library.core.ai.pooling_coefficient_optimizer:_load_efficiency_corrections:185 - 产出效率修正表不存在: /data/work/yuyongpeng/liblane_v2_deepseek/data/production_efficiency_correction.csv，跳过后校准
2026-06-14 20:23:44.104 | WARNING  | arrange_library.core.ai.loutput_predictor_wrapper:_load_model:150 - 模型文件不存在: models/loutput_pre_lane_v5/lightgbm_model.pkl
2026-06-14 20:23:44.104 | WARNING  | arrange_library.core.ai.pooling_coefficient_optimizer:__init__:164 - loutput预测器不可用，将使用规则降级策略
2026-06-14 20:23:44.104 | INFO     | arrange_library.core.scheduling.greedy_lane_scheduler:__init__:265 - 逐Lane贪心排机器初始化完成 - 基础容量: 985.0GB, 利用率区间: [100%, 100%], 配置模式: 按机型自动
2026-06-14 20:23:44.104 | INFO     | arrange_library.core.scheduling.greedy_lane_scheduler:__init__:268 - 启用检查: Index=True, 碱基不均衡=True, 规则检查器=False
2026-06-14 20:23:44.104 | INFO     | arrange_library.core.scheduling.greedy_lane_scheduler:_get_dedicated_lane_profile:983 - 专用Lane分组G26剩余合同量36.0G无法满足1.1或3.6T-NEW有效容量下限
2026-06-14 20:23:44.105 | INFO     | arrange_library.core.scheduling.greedy_lane_scheduler:_get_dedicated_lane_profile:983 - 专用Lane分组G27剩余合同量174.0G无法满足1.1或3.6T-NEW有效容量下限
2026-06-14 20:23:44.105 | INFO     | arrange_library.core.scheduling.greedy_lane_scheduler:_get_dedicated_lane_profile:983 - 专用Lane分组G34剩余合同量800.0G无法满足1.1或3.6T-NEW有效容量下限
2026-06-14 20:23:44.105 | INFO     | arrange_library.core.scheduling.greedy_lane_scheduler:_get_dedicated_lane_profile:983 - 专用Lane分组G18剩余合同量12.0G无法满足1.1或3.6T-NEW有效容量下限
2026-06-14 20:23:44.158 | INFO     | __main__:_consume_g53_g54_imbalance_as_mode_lanes:1677 - 步骤2前置3.6 G53/G54组合碱基不均专Lane成Lane成功: lane=DL_Nova X-25B_001, group=G53, 候选15个/1335.0G, 使用13个/1035.0G
2026-06-14 20:23:44.244 | INFO     | __main__:_consume_g53_g54_imbalance_as_mode_lanes:1665 - 步骤2前置3.6 G53/G54组合碱基不均专Lane未成Lane: group=G54, 候选8个/800.0G, 贪心选择8个/800.0G, 下限970.0G, top_failures=[('capacity_out_of_rule_range', 94), ('repair_failed', 2), ('index_pairs_less_than_5', 1)]
2026-06-14 20:23:45.256 | INFO     | __main__:_materialize_balance_library_for_lane:7823 - Lane G55_TMP 尝试补平衡文库模板: sample_id=phix, test_no=Novaseq X Plus-PE150, index_seq=GGGGGGGGGG;ACCGAGATCT
2026-06-14 20:23:45.258 | INFO     | __main__:_validate_balance_injection_lane_state:7495 - Lane G55_TMP 候选平衡文库 phix 注入校验失败: ['10bp Index占比10.1%低于40%要求']
2026-06-14 20:23:45.258 | INFO     | __main__:_materialize_balance_library_for_lane:7823 - Lane G55_TMP 尝试补平衡文库模板: sample_id=FDSW250185295-1r, test_no=Novaseq X Plus-PE150, index_seq=AGCATCGAGT;AGCATCCTCA
2026-06-14 20:23:45.259 | INFO     | __main__:_validate_balance_injection_lane_state:7495 - Lane G55_TMP 候选平衡文库 FDSW250185295-1r 注入校验失败: ['10bp Index占比10.1%低于40%要求']
2026-06-14 20:23:45.259 | INFO     | __main__:_materialize_balance_library_for_lane:7823 - Lane G55_TMP 尝试补平衡文库模板: sample_id=FDSW250185296-1r, test_no=Novaseq X Plus-PE150, index_seq=CTCACACTGA;CTCACACATG
2026-06-14 20:23:45.260 | INFO     | __main__:_validate_balance_injection_lane_state:7495 - Lane G55_TMP 候选平衡文库 FDSW250185296-1r 注入校验失败: ['10bp Index占比10.1%低于40%要求']
2026-06-14 20:23:45.260 | INFO     | __main__:_materialize_balance_library_for_lane:7823 - Lane G55_TMP 尝试补平衡文库模板: sample_id=FDSW250185298-1r, test_no=Novaseq X Plus-PE150, index_seq=CCGACTAGAT;CCGACTAAGA
2026-06-14 20:23:45.261 | INFO     | __main__:_validate_balance_injection_lane_state:7495 - Lane G55_TMP 候选平衡文库 FDSW250185298-1r 注入校验失败: ['10bp Index占比10.1%低于40%要求']
2026-06-14 20:23:45.261 | INFO     | __main__:_materialize_balance_library_for_lane:7823 - Lane G55_TMP 尝试补平衡文库模板: sample_id=FDSW250185306-1r, test_no=Novaseq X Plus-PE150, index_seq=ACAGAGCGAT;GACTACTCAC
2026-06-14 20:23:45.262 | INFO     | __main__:_validate_balance_injection_lane_state:7495 - Lane G55_TMP 候选平衡文库 FDSW250185306-1r 注入校验失败: ['10bp Index占比10.1%低于40%要求']
2026-06-14 20:23:45.262 | INFO     | __main__:_materialize_balance_library_for_lane:7823 - Lane G55_TMP 尝试补平衡文库模板: sample_id=FDSW250185309-1r, test_no=Novaseq X Plus-PE150, index_seq=GTCACACACT;CAAGTGCTTC
2026-06-14 20:23:45.263 | INFO     | __main__:_validate_balance_injection_lane_state:7495 - Lane G55_TMP 候选平衡文库 FDSW250185309-1r 注入校验失败: ['10bp Index占比10.1%低于40%要求']
2026-06-14 20:23:45.263 | INFO     | __main__:_materialize_balance_library_for_lane:7823 - Lane G55_TMP 尝试补平衡文库模板: sample_id=FDSW250185313-1r, test_no=Novaseq X Plus-PE150, index_seq=ATCGAATGCG;CGATATCTGC
2026-06-14 20:23:45.264 | INFO     | __main__:_validate_balance_injection_lane_state:7495 - Lane G55_TMP 候选平衡文库 FDSW250185313-1r 注入校验失败: ['10bp Index占比10.1%低于40%要求']
2026-06-14 20:23:45.264 | INFO     | __main__:_materialize_balance_library_for_lane:7823 - Lane G55_TMP 尝试补平衡文库模板: sample_id=FDSW250185316-1r, test_no=Novaseq X Plus-PE150, index_seq=TCATTGCACC;ATCGAAGCTC
2026-06-14 20:23:45.265 | INFO     | __main__:_validate_balance_injection_lane_state:7495 - Lane G55_TMP 候选平衡文库 FDSW250185316-1r 注入校验失败: ['10bp Index占比10.1%低于40%要求']
2026-06-14 20:23:45.266 | WARNING  | __main__:_materialize_balance_library_for_lane:7948 - Lane G55_TMP 平衡文库补充失败: 需补 51.947G，实验室=天津科技服务实验室，工序=Novaseq X Plus-PE150
2026-06-14 20:23:45.271 | INFO     | __main__:_materialize_balance_library_for_lane:7823 - Lane G55_TMP 尝试补平衡文库模板: sample_id=phix, test_no=Novaseq X Plus-PE150, index_seq=GGGGGGGGGG;ACCGAGATCT
2026-06-14 20:23:45.276 | INFO     | __main__:_validate_balance_injection_lane_state:7495 - Lane G55_TMP 候选平衡文库 phix 注入校验失败: ['10bp Index占比2.5%低于40%要求']
2026-06-14 20:23:45.277 | INFO     | __main__:_materialize_balance_library_for_lane:7823 - Lane G55_TMP 尝试补平衡文库模板: sample_id=FDSW250185295-1r, test_no=Novaseq X Plus-PE150, index_seq=AGCATCGAGT;AGCATCCTCA
2026-06-14 20:23:45.282 | INFO     | __main__:_validate_balance_injection_lane_state:7495 - Lane G55_TMP 候选平衡文库 FDSW250185295-1r 注入校验失败: ['10bp Index占比2.5%低于40%要求']
2026-06-14 20:23:45.282 | INFO     | __main__:_materialize_balance_library_for_lane:7823 - Lane G55_TMP 尝试补平衡文库模板: sample_id=FDSW250185296-1r, test_no=Novaseq X Plus-PE150, index_seq=CTCACACTGA;CTCACACATG
2026-06-14 20:23:45.287 | INFO     | __main__:_validate_balance_injection_lane_state:7495 - Lane G55_TMP 候选平衡文库 FDSW250185296-1r 注入校验失败: ['10bp Index占比2.5%低于40%要求']
2026-06-14 20:23:45.288 | INFO     | __main__:_materialize_balance_library_for_lane:7823 - Lane G55_TMP 尝试补平衡文库模板: sample_id=FDSW250185298-1r, test_no=Novaseq X Plus-PE150, index_seq=CCGACTAGAT;CCGACTAAGA
2026-06-14 20:23:45.293 | INFO     | __main__:_validate_balance_injection_lane_state:7495 - Lane G55_TMP 候选平衡文库 FDSW250185298-1r 注入校验失败: ['10bp Index占比2.5%低于40%要求']
2026-06-14 20:23:45.293 | INFO     | __main__:_materialize_balance_library_for_lane:7823 - Lane G55_TMP 尝试补平衡文库模板: sample_id=FDSW250185306-1r, test_no=Novaseq X Plus-PE150, index_seq=ACAGAGCGAT;GACTACTCAC
2026-06-14 20:23:45.298 | INFO     | __main__:_validate_balance_injection_lane_state:7495 - Lane G55_TMP 候选平衡文库 FDSW250185306-1r 注入校验失败: ['10bp Index占比2.5%低于40%要求']
2026-06-14 20:23:45.299 | INFO     | __main__:_materialize_balance_library_for_lane:7823 - Lane G55_TMP 尝试补平衡文库模板: sample_id=FDSW250185309-1r, test_no=Novaseq X Plus-PE150, index_seq=GTCACACACT;CAAGTGCTTC
2026-06-14 20:23:45.304 | INFO     | __main__:_validate_balance_injection_lane_state:7495 - Lane G55_TMP 候选平衡文库 FDSW250185309-1r 注入校验失败: ['10bp Index占比2.5%低于40%要求']
2026-06-14 20:23:45.304 | INFO     | __main__:_materialize_balance_library_for_lane:7823 - Lane G55_TMP 尝试补平衡文库模板: sample_id=FDSW250185313-1r, test_no=Novaseq X Plus-PE150, index_seq=ATCGAATGCG;CGATATCTGC
2026-06-14 20:23:45.309 | INFO     | __main__:_validate_balance_injection_lane_state:7495 - Lane G55_TMP 候选平衡文库 FDSW250185313-1r 注入校验失败: ['10bp Index占比2.5%低于40%要求']
2026-06-14 20:23:45.310 | INFO     | __main__:_materialize_balance_library_for_lane:7823 - Lane G55_TMP 尝试补平衡文库模板: sample_id=FDSW250185316-1r, test_no=Novaseq X Plus-PE150, index_seq=TCATTGCACC;ATCGAAGCTC
2026-06-14 20:23:45.315 | INFO     | __main__:_validate_balance_injection_lane_state:7495 - Lane G55_TMP 候选平衡文库 FDSW250185316-1r 注入校验失败: ['10bp Index占比2.5%低于40%要求']
2026-06-14 20:23:45.326 | WARNING  | __main__:_materialize_balance_library_for_lane:7948 - Lane G55_TMP 平衡文库补充失败: 需补 51.158G，实验室=天津科技服务实验室，工序=Novaseq X Plus-PE150
2026-06-14 20:23:45.354 | INFO     | __main__:_materialize_balance_library_for_lane:7823 - Lane G55_TMP 尝试补平衡文库模板: sample_id=phix, test_no=Novaseq X Plus-PE150, index_seq=GGGGGGGGGG;ACCGAGATCT
2026-06-14 20:23:45.360 | INFO     | __main__:_validate_balance_injection_lane_state:7495 - Lane G55_TMP 候选平衡文库 phix 注入校验失败: ['10bp Index占比2.5%低于40%要求']
2026-06-14 20:23:45.360 | INFO     | __main__:_materialize_balance_library_for_lane:7823 - Lane G55_TMP 尝试补平衡文库模板: sample_id=FDSW250185295-1r, test_no=Novaseq X Plus-PE150, index_seq=AGCATCGAGT;AGCATCCTCA
2026-06-14 20:23:45.366 | INFO     | __main__:_validate_balance_injection_lane_state:7495 - Lane G55_TMP 候选平衡文库 FDSW250185295-1r 注入校验失败: ['10bp Index占比2.5%低于40%要求']
2026-06-14 20:23:45.366 | INFO     | __main__:_materialize_balance_library_for_lane:7823 - Lane G55_TMP 尝试补平衡文库模板: sample_id=FDSW250185296-1r, test_no=Novaseq X Plus-PE150, index_seq=CTCACACTGA;CTCACACATG
2026-06-14 20:23:45.372 | INFO     | __main__:_validate_balance_injection_lane_state:7495 - Lane G55_TMP 候选平衡文库 FDSW250185296-1r 注入校验失败: ['10bp Index占比2.5%低于40%要求']
2026-06-14 20:23:45.372 | INFO     | __main__:_materialize_balance_library_for_lane:7823 - Lane G55_TMP 尝试补平衡文库模板: sample_id=FDSW250185298-1r, test_no=Novaseq X Plus-PE150, index_seq=CCGACTAGAT;CCGACTAAGA
2026-06-14 20:23:45.377 | INFO     | __main__:_validate_balance_injection_lane_state:7495 - Lane G55_TMP 候选平衡文库 FDSW250185298-1r 注入校验失败: ['10bp Index占比2.5%低于40%要求']
2026-06-14 20:23:45.378 | INFO     | __main__:_materialize_balance_library_for_lane:7823 - Lane G55_TMP 尝试补平衡文库模板: sample_id=FDSW250185306-1r, test_no=Novaseq X Plus-PE150, index_seq=ACAGAGCGAT;GACTACTCAC
2026-06-14 20:23:45.383 | INFO     | __main__:_validate_balance_injection_lane_state:7495 - Lane G55_TMP 候选平衡文库 FDSW250185306-1r 注入校验失败: ['10bp Index占比2.5%低于40%要求']
2026-06-14 20:23:45.384 | INFO     | __main__:_materialize_balance_library_for_lane:7823 - Lane G55_TMP 尝试补平衡文库模板: sample_id=FDSW250185309-1r, test_no=Novaseq X Plus-PE150, index_seq=GTCACACACT;CAAGTGCTTC
2026-06-14 20:23:45.389 | INFO     | __main__:_validate_balance_injection_lane_state:7495 - Lane G55_TMP 候选平衡文库 FDSW250185309-1r 注入校验失败: ['10bp Index占比2.5%低于40%要求']
2026-06-14 20:23:45.389 | INFO     | __main__:_materialize_balance_library_for_lane:7823 - Lane G55_TMP 尝试补平衡文库模板: sample_id=FDSW250185313-1r, test_no=Novaseq X Plus-PE150, index_seq=ATCGAATGCG;CGATATCTGC
2026-06-14 20:23:45.395 | INFO     | __main__:_validate_balance_injection_lane_state:7495 - Lane G55_TMP 候选平衡文库 FDSW250185313-1r 注入校验失败: ['10bp Index占比2.5%低于40%要求']
2026-06-14 20:23:45.395 | INFO     | __main__:_materialize_balance_library_for_lane:7823 - Lane G55_TMP 尝试补平衡文库模板: sample_id=FDSW250185316-1r, test_no=Novaseq X Plus-PE150, index_seq=TCATTGCACC;ATCGAAGCTC
2026-06-14 20:23:45.401 | INFO     | __main__:_validate_balance_injection_lane_state:7495 - Lane G55_TMP 候选平衡文库 FDSW250185316-1r 注入校验失败: ['10bp Index占比2.5%低于40%要求']
2026-06-14 20:23:45.413 | WARNING  | __main__:_materialize_balance_library_for_lane:7948 - Lane G55_TMP 平衡文库补充失败: 需补 50.105G，实验室=天津科技服务实验室，工序=Novaseq X Plus-PE150
2026-06-14 20:23:45.417 | INFO     | __main__:_materialize_balance_library_for_lane:7823 - Lane G55_TMP 尝试补平衡文库模板: sample_id=phix, test_no=Novaseq X Plus-PE150, index_seq=GGGGGGGGGG;ACCGAGATCT
2026-06-14 20:23:45.423 | INFO     | __main__:_validate_balance_injection_lane_state:7495 - Lane G55_TMP 候选平衡文库 phix 注入校验失败: ['10bp Index占比2.3%低于40%要求']
2026-06-14 20:23:45.423 | INFO     | __main__:_materialize_balance_library_for_lane:7823 - Lane G55_TMP 尝试补平衡文库模板: sample_id=FDSW250185295-1r, test_no=Novaseq X Plus-PE150, index_seq=AGCATCGAGT;AGCATCCTCA
2026-06-14 20:23:45.428 | INFO     | __main__:_validate_balance_injection_lane_state:7495 - Lane G55_TMP 候选平衡文库 FDSW250185295-1r 注入校验失败: ['10bp Index占比2.3%低于40%要求']
2026-06-14 20:23:45.428 | INFO     | __main__:_materialize_balance_library_for_lane:7823 - Lane G55_TMP 尝试补平衡文库模板: sample_id=FDSW250185296-1r, test_no=Novaseq X Plus-PE150, index_seq=CTCACACTGA;CTCACACATG
2026-06-14 20:23:45.433 | INFO     | __main__:_validate_balance_injection_lane_state:7495 - Lane G55_TMP 候选平衡文库 FDSW250185296-1r 注入校验失败: ['10bp Index占比2.3%低于40%要求']
2026-06-14 20:23:45.433 | INFO     | __main__:_materialize_balance_library_for_lane:7823 - Lane G55_TMP 尝试补平衡文库模板: sample_id=FDSW250185298-1r, test_no=Novaseq X Plus-PE150, index_seq=CCGACTAGAT;CCGACTAAGA
2026-06-14 20:23:45.438 | INFO     | __main__:_validate_balance_injection_lane_state:7495 - Lane G55_TMP 候选平衡文库 FDSW250185298-1r 注入校验失败: ['10bp Index占比2.3%低于40%要求']
2026-06-14 20:23:45.438 | INFO     | __main__:_materialize_balance_library_for_lane:7823 - Lane G55_TMP 尝试补平衡文库模板: sample_id=FDSW250185306-1r, test_no=Novaseq X Plus-PE150, index_seq=ACAGAGCGAT;GACTACTCAC
2026-06-14 20:23:45.443 | INFO     | __main__:_validate_balance_injection_lane_state:7495 - Lane G55_TMP 候选平衡文库 FDSW250185306-1r 注入校验失败: ['10bp Index占比2.3%低于40%要求']
2026-06-14 20:23:45.444 | INFO     | __main__:_materialize_balance_library_for_lane:7823 - Lane G55_TMP 尝试补平衡文库模板: sample_id=FDSW250185309-1r, test_no=Novaseq X Plus-PE150, index_seq=GTCACACACT;CAAGTGCTTC
2026-06-14 20:23:45.449 | INFO     | __main__:_validate_balance_injection_lane_state:7495 - Lane G55_TMP 候选平衡文库 FDSW250185309-1r 注入校验失败: ['10bp Index占比2.3%低于40%要求']
2026-06-14 20:23:45.449 | INFO     | __main__:_materialize_balance_library_for_lane:7823 - Lane G55_TMP 尝试补平衡文库模板: sample_id=FDSW250185313-1r, test_no=Novaseq X Plus-PE150, index_seq=ATCGAATGCG;CGATATCTGC
2026-06-14 20:23:45.454 | INFO     | __main__:_validate_balance_injection_lane_state:7495 - Lane G55_TMP 候选平衡文库 FDSW250185313-1r 注入校验失败: ['10bp Index占比2.3%低于40%要求']
2026-06-14 20:23:45.454 | INFO     | __main__:_materialize_balance_library_for_lane:7823 - Lane G55_TMP 尝试补平衡文库模板: sample_id=FDSW250185316-1r, test_no=Novaseq X Plus-PE150, index_seq=TCATTGCACC;ATCGAAGCTC
2026-06-14 20:23:45.459 | INFO     | __main__:_validate_balance_injection_lane_state:7495 - Lane G55_TMP 候选平衡文库 FDSW250185316-1r 注入校验失败: ['10bp Index占比2.3%低于40%要求']
2026-06-14 20:23:45.470 | WARNING  | __main__:_materialize_balance_library_for_lane:7948 - Lane G55_TMP 平衡文库补充失败: 需补 54.421G，实验室=天津科技服务实验室，工序=Novaseq X Plus-PE150
2026-06-14 20:23:47.208 | INFO     | __main__:_materialize_balance_library_for_lane:7823 - Lane G55_TMP 尝试补平衡文库模板: sample_id=phix, test_no=Novaseq X Plus-PE150, index_seq=GGGGGGGGGG;ACCGAGATCT
2026-06-14 20:23:47.209 | INFO     | __main__:_validate_balance_injection_lane_state:7495 - Lane G55_TMP 候选平衡文库 phix 注入校验失败: ['10bp Index占比10.1%低于40%要求']
2026-06-14 20:23:47.209 | INFO     | __main__:_materialize_balance_library_for_lane:7823 - Lane G55_TMP 尝试补平衡文库模板: sample_id=FDSW250185295-1r, test_no=Novaseq X Plus-PE150, index_seq=AGCATCGAGT;AGCATCCTCA
2026-06-14 20:23:47.210 | INFO     | __main__:_validate_balance_injection_lane_state:7495 - Lane G55_TMP 候选平衡文库 FDSW250185295-1r 注入校验失败: ['10bp Index占比10.1%低于40%要求']
2026-06-14 20:23:47.210 | INFO     | __main__:_materialize_balance_library_for_lane:7823 - Lane G55_TMP 尝试补平衡文库模板: sample_id=FDSW250185296-1r, test_no=Novaseq X Plus-PE150, index_seq=CTCACACTGA;CTCACACATG
2026-06-14 20:23:47.211 | INFO     | __main__:_validate_balance_injection_lane_state:7495 - Lane G55_TMP 候选平衡文库 FDSW250185296-1r 注入校验失败: ['10bp Index占比10.1%低于40%要求']
2026-06-14 20:23:47.211 | INFO     | __main__:_materialize_balance_library_for_lane:7823 - Lane G55_TMP 尝试补平衡文库模板: sample_id=FDSW250185298-1r, test_no=Novaseq X Plus-PE150, index_seq=CCGACTAGAT;CCGACTAAGA
2026-06-14 20:23:47.212 | INFO     | __main__:_validate_balance_injection_lane_state:7495 - Lane G55_TMP 候选平衡文库 FDSW250185298-1r 注入校验失败: ['10bp Index占比10.1%低于40%要求']
2026-06-14 20:23:47.212 | INFO     | __main__:_materialize_balance_library_for_lane:7823 - Lane G55_TMP 尝试补平衡文库模板: sample_id=FDSW250185306-1r, test_no=Novaseq X Plus-PE150, index_seq=ACAGAGCGAT;GACTACTCAC
2026-06-14 20:23:47.213 | INFO     | __main__:_validate_balance_injection_lane_state:7495 - Lane G55_TMP 候选平衡文库 FDSW250185306-1r 注入校验失败: ['10bp Index占比10.1%低于40%要求']
2026-06-14 20:23:47.213 | INFO     | __main__:_materialize_balance_library_for_lane:7823 - Lane G55_TMP 尝试补平衡文库模板: sample_id=FDSW250185309-1r, test_no=Novaseq X Plus-PE150, index_seq=GTCACACACT;CAAGTGCTTC
2026-06-14 20:23:47.214 | INFO     | __main__:_validate_balance_injection_lane_state:7495 - Lane G55_TMP 候选平衡文库 FDSW250185309-1r 注入校验失败: ['10bp Index占比10.1%低于40%要求']
2026-06-14 20:23:47.214 | INFO     | __main__:_materialize_balance_library_for_lane:7823 - Lane G55_TMP 尝试补平衡文库模板: sample_id=FDSW250185313-1r, test_no=Novaseq X Plus-PE150, index_seq=ATCGAATGCG;CGATATCTGC
2026-06-14 20:23:47.215 | INFO     | __main__:_validate_balance_injection_lane_state:7495 - Lane G55_TMP 候选平衡文库 FDSW250185313-1r 注入校验失败: ['10bp Index占比10.1%低于40%要求']
2026-06-14 20:23:47.215 | INFO     | __main__:_materialize_balance_library_for_lane:7823 - Lane G55_TMP 尝试补平衡文库模板: sample_id=FDSW250185316-1r, test_no=Novaseq X Plus-PE150, index_seq=TCATTGCACC;ATCGAAGCTC
2026-06-14 20:23:47.216 | INFO     | __main__:_validate_balance_injection_lane_state:7495 - Lane G55_TMP 候选平衡文库 FDSW250185316-1r 注入校验失败: ['10bp Index占比10.1%低于40%要求']
2026-06-14 20:23:47.217 | WARNING  | __main__:_materialize_balance_library_for_lane:7948 - Lane G55_TMP 平衡文库补充失败: 需补 51.947G，实验室=天津科技服务实验室，工序=Novaseq X Plus-PE150
2026-06-14 20:23:47.221 | INFO     | __main__:_materialize_balance_library_for_lane:7823 - Lane G55_TMP 尝试补平衡文库模板: sample_id=phix, test_no=Novaseq X Plus-PE150, index_seq=GGGGGGGGGG;ACCGAGATCT
2026-06-14 20:23:47.227 | INFO     | __main__:_validate_balance_injection_lane_state:7495 - Lane G55_TMP 候选平衡文库 phix 注入校验失败: ['10bp Index占比2.5%低于40%要求']
2026-06-14 20:23:47.227 | INFO     | __main__:_materialize_balance_library_for_lane:7823 - Lane G55_TMP 尝试补平衡文库模板: sample_id=FDSW250185295-1r, test_no=Novaseq X Plus-PE150, index_seq=AGCATCGAGT;AGCATCCTCA
2026-06-14 20:23:47.232 | INFO     | __main__:_validate_balance_injection_lane_state:7495 - Lane G55_TMP 候选平衡文库 FDSW250185295-1r 注入校验失败: ['10bp Index占比2.5%低于40%要求']
2026-06-14 20:23:47.232 | INFO     | __main__:_materialize_balance_library_for_lane:7823 - Lane G55_TMP 尝试补平衡文库模板: sample_id=FDSW250185296-1r, test_no=Novaseq X Plus-PE150, index_seq=CTCACACTGA;CTCACACATG
2026-06-14 20:23:47.238 | INFO     | __main__:_validate_balance_injection_lane_state:7495 - Lane G55_TMP 候选平衡文库 FDSW250185296-1r 注入校验失败: ['10bp Index占比2.5%低于40%要求']
2026-06-14 20:23:47.238 | INFO     | __main__:_materialize_balance_library_for_lane:7823 - Lane G55_TMP 尝试补平衡文库模板: sample_id=FDSW250185298-1r, test_no=Novaseq X Plus-PE150, index_seq=CCGACTAGAT;CCGACTAAGA
2026-06-14 20:23:47.243 | INFO     | __main__:_validate_balance_injection_lane_state:7495 - Lane G55_TMP 候选平衡文库 FDSW250185298-1r 注入校验失败: ['10bp Index占比2.5%低于40%要求']
2026-06-14 20:23:47.243 | INFO     | __main__:_materialize_balance_library_for_lane:7823 - Lane G55_TMP 尝试补平衡文库模板: sample_id=FDSW250185306-1r, test_no=Novaseq X Plus-PE150, index_seq=ACAGAGCGAT;GACTACTCAC
2026-06-14 20:23:47.249 | INFO     | __main__:_validate_balance_injection_lane_state:7495 - Lane G55_TMP 候选平衡文库 FDSW250185306-1r 注入校验失败: ['10bp Index占比2.5%低于40%要求']
2026-06-14 20:23:47.249 | INFO     | __main__:_materialize_balance_library_for_lane:7823 - Lane G55_TMP 尝试补平衡文库模板: sample_id=FDSW250185309-1r, test_no=Novaseq X Plus-PE150, index_seq=GTCACACACT;CAAGTGCTTC
2026-06-14 20:23:47.254 | INFO     | __main__:_validate_balance_injection_lane_state:7495 - Lane G55_TMP 候选平衡文库 FDSW250185309-1r 注入校验失败: ['10bp Index占比2.5%低于40%要求']
2026-06-14 20:23:47.254 | INFO     | __main__:_materialize_balance_library_for_lane:7823 - Lane G55_TMP 尝试补平衡文库模板: sample_id=FDSW250185313-1r, test_no=Novaseq X Plus-PE150, index_seq=ATCGAATGCG;CGATATCTGC
2026-06-14 20:23:47.260 | INFO     | __main__:_validate_balance_injection_lane_state:7495 - Lane G55_TMP 候选平衡文库 FDSW250185313-1r 注入校验失败: ['10bp Index占比2.5%低于40%要求']
2026-06-14 20:23:47.260 | INFO     | __main__:_materialize_balance_library_for_lane:7823 - Lane G55_TMP 尝试补平衡文库模板: sample_id=FDSW250185316-1r, test_no=Novaseq X Plus-PE150, index_seq=TCATTGCACC;ATCGAAGCTC
2026-06-14 20:23:47.265 | INFO     | __main__:_validate_balance_injection_lane_state:7495 - Lane G55_TMP 候选平衡文库 FDSW250185316-1r 注入校验失败: ['10bp Index占比2.5%低于40%要求']
2026-06-14 20:23:47.277 | WARNING  | __main__:_materialize_balance_library_for_lane:7948 - Lane G55_TMP 平衡文库补充失败: 需补 51.158G，实验室=天津科技服务实验室，工序=Novaseq X Plus-PE150
2026-06-14 20:23:47.304 | INFO     | __main__:_materialize_balance_library_for_lane:7823 - Lane G55_TMP 尝试补平衡文库模板: sample_id=phix, test_no=Novaseq X Plus-PE150, index_seq=GGGGGGGGGG;ACCGAGATCT
2026-06-14 20:23:47.310 | INFO     | __main__:_validate_balance_injection_lane_state:7495 - Lane G55_TMP 候选平衡文库 phix 注入校验失败: ['10bp Index占比2.5%低于40%要求']
2026-06-14 20:23:47.310 | INFO     | __main__:_materialize_balance_library_for_lane:7823 - Lane G55_TMP 尝试补平衡文库模板: sample_id=FDSW250185295-1r, test_no=Novaseq X Plus-PE150, index_seq=AGCATCGAGT;AGCATCCTCA
2026-06-14 20:23:47.316 | INFO     | __main__:_validate_balance_injection_lane_state:7495 - Lane G55_TMP 候选平衡文库 FDSW250185295-1r 注入校验失败: ['10bp Index占比2.5%低于40%要求']
2026-06-14 20:23:47.316 | INFO     | __main__:_materialize_balance_library_for_lane:7823 - Lane G55_TMP 尝试补平衡文库模板: sample_id=FDSW250185296-1r, test_no=Novaseq X Plus-PE150, index_seq=CTCACACTGA;CTCACACATG
2026-06-14 20:23:47.322 | INFO     | __main__:_validate_balance_injection_lane_state:7495 - Lane G55_TMP 候选平衡文库 FDSW250185296-1r 注入校验失败: ['10bp Index占比2.5%低于40%要求']
2026-06-14 20:23:47.322 | INFO     | __main__:_materialize_balance_library_for_lane:7823 - Lane G55_TMP 尝试补平衡文库模板: sample_id=FDSW250185298-1r, test_no=Novaseq X Plus-PE150, index_seq=CCGACTAGAT;CCGACTAAGA
2026-06-14 20:23:47.328 | INFO     | __main__:_validate_balance_injection_lane_state:7495 - Lane G55_TMP 候选平衡文库 FDSW250185298-1r 注入校验失败: ['10bp Index占比2.5%低于40%要求']
2026-06-14 20:23:47.328 | INFO     | __main__:_materialize_balance_library_for_lane:7823 - Lane G55_TMP 尝试补平衡文库模板: sample_id=FDSW250185306-1r, test_no=Novaseq X Plus-PE150, index_seq=ACAGAGCGAT;GACTACTCAC
2026-06-14 20:23:47.334 | INFO     | __main__:_validate_balance_injection_lane_state:7495 - Lane G55_TMP 候选平衡文库 FDSW250185306-1r 注入校验失败: ['10bp Index占比2.5%低于40%要求']
2026-06-14 20:23:47.334 | INFO     | __main__:_materialize_balance_library_for_lane:7823 - Lane G55_TMP 尝试补平衡文库模板: sample_id=FDSW250185309-1r, test_no=Novaseq X Plus-PE150, index_seq=GTCACACACT;CAAGTGCTTC
2026-06-14 20:23:47.340 | INFO     | __main__:_validate_balance_injection_lane_state:7495 - Lane G55_TMP 候选平衡文库 FDSW250185309-1r 注入校验失败: ['10bp Index占比2.5%低于40%要求']
2026-06-14 20:23:47.340 | INFO     | __main__:_materialize_balance_library_for_lane:7823 - Lane G55_TMP 尝试补平衡文库模板: sample_id=FDSW250185313-1r, test_no=Novaseq X Plus-PE150, index_seq=ATCGAATGCG;CGATATCTGC
2026-06-14 20:23:47.346 | INFO     | __main__:_validate_balance_injection_lane_state:7495 - Lane G55_TMP 候选平衡文库 FDSW250185313-1r 注入校验失败: ['10bp Index占比2.5%低于40%要求']
2026-06-14 20:23:47.346 | INFO     | __main__:_materialize_balance_library_for_lane:7823 - Lane G55_TMP 尝试补平衡文库模板: sample_id=FDSW250185316-1r, test_no=Novaseq X Plus-PE150, index_seq=TCATTGCACC;ATCGAAGCTC
2026-06-14 20:23:47.352 | INFO     | __main__:_validate_balance_injection_lane_state:7495 - Lane G55_TMP 候选平衡文库 FDSW250185316-1r 注入校验失败: ['10bp Index占比2.5%低于40%要求']
2026-06-14 20:23:47.363 | WARNING  | __main__:_materialize_balance_library_for_lane:7948 - Lane G55_TMP 平衡文库补充失败: 需补 50.105G，实验室=天津科技服务实验室，工序=Novaseq X Plus-PE150
2026-06-14 20:23:47.367 | INFO     | __main__:_materialize_balance_library_for_lane:7823 - Lane G55_TMP 尝试补平衡文库模板: sample_id=phix, test_no=Novaseq X Plus-PE150, index_seq=GGGGGGGGGG;ACCGAGATCT
2026-06-14 20:23:47.373 | INFO     | __main__:_validate_balance_injection_lane_state:7495 - Lane G55_TMP 候选平衡文库 phix 注入校验失败: ['10bp Index占比2.3%低于40%要求']
2026-06-14 20:23:47.373 | INFO     | __main__:_materialize_balance_library_for_lane:7823 - Lane G55_TMP 尝试补平衡文库模板: sample_id=FDSW250185295-1r, test_no=Novaseq X Plus-PE150, index_seq=AGCATCGAGT;AGCATCCTCA
2026-06-14 20:23:47.378 | INFO     | __main__:_validate_balance_injection_lane_state:7495 - Lane G55_TMP 候选平衡文库 FDSW250185295-1r 注入校验失败: ['10bp Index占比2.3%低于40%要求']
2026-06-14 20:23:47.378 | INFO     | __main__:_materialize_balance_library_for_lane:7823 - Lane G55_TMP 尝试补平衡文库模板: sample_id=FDSW250185296-1r, test_no=Novaseq X Plus-PE150, index_seq=CTCACACTGA;CTCACACATG
2026-06-14 20:23:47.383 | INFO     | __main__:_validate_balance_injection_lane_state:7495 - Lane G55_TMP 候选平衡文库 FDSW250185296-1r 注入校验失败: ['10bp Index占比2.3%低于40%要求']
2026-06-14 20:23:47.383 | INFO     | __main__:_materialize_balance_library_for_lane:7823 - Lane G55_TMP 尝试补平衡文库模板: sample_id=FDSW250185298-1r, test_no=Novaseq X Plus-PE150, index_seq=CCGACTAGAT;CCGACTAAGA
2026-06-14 20:23:47.388 | INFO     | __main__:_validate_balance_injection_lane_state:7495 - Lane G55_TMP 候选平衡文库 FDSW250185298-1r 注入校验失败: ['10bp Index占比2.3%低于40%要求']
2026-06-14 20:23:47.389 | INFO     | __main__:_materialize_balance_library_for_lane:7823 - Lane G55_TMP 尝试补平衡文库模板: sample_id=FDSW250185306-1r, test_no=Novaseq X Plus-PE150, index_seq=ACAGAGCGAT;GACTACTCAC
2026-06-14 20:23:47.394 | INFO     | __main__:_validate_balance_injection_lane_state:7495 - Lane G55_TMP 候选平衡文库 FDSW250185306-1r 注入校验失败: ['10bp Index占比2.3%低于40%要求']
2026-06-14 20:23:47.394 | INFO     | __main__:_materialize_balance_library_for_lane:7823 - Lane G55_TMP 尝试补平衡文库模板: sample_id=FDSW250185309-1r, test_no=Novaseq X Plus-PE150, index_seq=GTCACACACT;CAAGTGCTTC
2026-06-14 20:23:47.399 | INFO     | __main__:_validate_balance_injection_lane_state:7495 - Lane G55_TMP 候选平衡文库 FDSW250185309-1r 注入校验失败: ['10bp Index占比2.3%低于40%要求']
2026-06-14 20:23:47.399 | INFO     | __main__:_materialize_balance_library_for_lane:7823 - Lane G55_TMP 尝试补平衡文库模板: sample_id=FDSW250185313-1r, test_no=Novaseq X Plus-PE150, index_seq=ATCGAATGCG;CGATATCTGC
2026-06-14 20:23:47.404 | INFO     | __main__:_validate_balance_injection_lane_state:7495 - Lane G55_TMP 候选平衡文库 FDSW250185313-1r 注入校验失败: ['10bp Index占比2.3%低于40%要求']
2026-06-14 20:23:47.404 | INFO     | __main__:_materialize_balance_library_for_lane:7823 - Lane G55_TMP 尝试补平衡文库模板: sample_id=FDSW250185316-1r, test_no=Novaseq X Plus-PE150, index_seq=TCATTGCACC;ATCGAAGCTC
2026-06-14 20:23:47.410 | INFO     | __main__:_validate_balance_injection_lane_state:7495 - Lane G55_TMP 候选平衡文库 FDSW250185316-1r 注入校验失败: ['10bp Index占比2.3%低于40%要求']
2026-06-14 20:23:47.420 | WARNING  | __main__:_materialize_balance_library_for_lane:7948 - Lane G55_TMP 平衡文库补充失败: 需补 54.421G，实验室=天津科技服务实验室，工序=Novaseq X Plus-PE150
2026-06-14 20:23:47.420 | INFO     | __main__:_consume_g55_imbalance_as_mode_lanes:16625 - 步骤2前置3.6 G55跨基础组碱基不均专Lane未成Lane: 候选48个/1382.0G, 3.6T-NEW真实量窗口=[945.2,1049.8]G, validation_attempts=10, top_failures=[('balance_materialization_failed', 6), ('index_repair_balance_materialization_failed', 2), ('index_conflict', 2)]
2026-06-14 20:23:47.420 | INFO     | __main__:arrange_library:20776 - 步骤2前置3.6碱基不均专Lane梯度抽取完成: 单组=0, G53/G54=1, G55=0, 使用文库=13, 剩余普通排机文库=207
2026-06-14 20:23:47.421 | INFO     | __main__:arrange_library:20807 - 排机超时保护已启动，最大允许时间: 10 分钟
2026-06-14 20:23:47.445 | INFO     | __main__:test_with_model:19337 - 
================================================================================
2026-06-14 20:23:47.445 | INFO     | __main__:test_with_model:19338 - 排机流程：纯规则排机
2026-06-14 20:23:47.446 | INFO     | __main__:test_with_model:19339 - ================================================================================
2026-06-14 20:23:47.446 | INFO     | arrange_library.core.constraints.index_validator_verified:__init__:77 - Index校验器初始化完成（真实数据验证版本）
2026-06-14 20:23:47.446 | INFO     | arrange_library.core.constraints.lane_validator:__init__:165 - 成Lane校验程序初始化完成 (严格模式: True, 碱基不均衡上限: 35%, 特殊文库关键词: 9个)
2026-06-14 20:23:47.448 | WARNING  | arrange_library.core.ai.pooling_coefficient_optimizer:_load_config:40 - Pooling配置表不存在: /data/work/yuyongpeng/liblane_v2_deepseek/data/wktype_pooling_config.xlsx，将使用默认策略
2026-06-14 20:23:47.448 | INFO     | arrange_library.core.ai.pooling_coefficient_optimizer:_load_efficiency_corrections:185 - 产出效率修正表不存在: /data/work/yuyongpeng/liblane_v2_deepseek/data/production_efficiency_correction.csv，跳过后校准
2026-06-14 20:23:47.448 | WARNING  | arrange_library.core.ai.loutput_predictor_wrapper:_load_model:150 - 模型文件不存在: models/loutput_pre_lane_v5/lightgbm_model.pkl
2026-06-14 20:23:47.448 | WARNING  | arrange_library.core.ai.pooling_coefficient_optimizer:__init__:164 - loutput预测器不可用，将使用规则降级策略
2026-06-14 20:23:47.448 | INFO     | arrange_library.core.scheduling.greedy_lane_scheduler:__init__:265 - 逐Lane贪心排机器初始化完成 - 基础容量: 985.0GB, 利用率区间: [100%, 100%], 配置模式: 按机型自动
2026-06-14 20:23:47.448 | INFO     | arrange_library.core.scheduling.greedy_lane_scheduler:__init__:268 - 启用检查: Index=True, 碱基不均衡=True, 规则检查器=False
2026-06-14 20:23:47.448 | INFO     | __main__:test_with_model:19365 - 排机阶段：Pooling优化器已禁用（V6流程不需要）
2026-06-14 20:23:47.448 | INFO     | arrange_library.core.constraints.lane_validator:__init__:165 - 成Lane校验程序初始化完成 (严格模式: True, 碱基不均衡上限: 35%, 特殊文库关键词: 9个)
2026-06-14 20:23:47.448 | INFO     | __main__:test_with_model:19369 - 严格校验容量区间改为按统一配置表动态解析
2026-06-14 20:23:47.449 | INFO     | arrange_library.core.preprocessing.library_splitter:split_libraries:45 - ============================================================
2026-06-14 20:23:47.449 | INFO     | arrange_library.core.preprocessing.library_splitter:split_libraries:46 - [拆分] 开始文库拆分预处理
2026-06-14 20:23:47.449 | INFO     | arrange_library.core.preprocessing.library_splitter:split_libraries:47 -   拆分规则: 1.1模式文库（兼容旧名1.0）不拆分；3.6T-NEW单对index >130.0G 拆分，多对index >300.0G 拆分
2026-06-14 20:23:47.449 | INFO     | arrange_library.core.preprocessing.library_splitter:split_libraries:53 -   最小保留数据量: >2.0G
2026-06-14 20:23:47.451 | INFO     | arrange_library.core.preprocessing.library_splitter:split_libraries:85 - ------------------------------------------------------------
2026-06-14 20:23:47.451 | INFO     | arrange_library.core.preprocessing.library_splitter:split_libraries:86 -  拆分完成
2026-06-14 20:23:47.451 | INFO     | arrange_library.core.preprocessing.library_splitter:split_libraries:87 -   原始文库数: 5
2026-06-14 20:23:47.451 | INFO     | arrange_library.core.preprocessing.library_splitter:split_libraries:88 -   拆分文库数: 5
2026-06-14 20:23:47.451 | INFO     | arrange_library.core.preprocessing.library_splitter:split_libraries:89 -   最终文库数: 10
2026-06-14 20:23:47.451 | INFO     | arrange_library.core.preprocessing.library_splitter:split_libraries:90 - ============================================================
2026-06-14 20:23:47.451 | INFO     | __main__:test_with_model:19384 - 主流程前置拆分完成: 原始文库207个，触发拆分5个，拆分后文库212个
2026-06-14 20:23:47.460 | INFO     | __main__:_extract_mixed_lanes_by_peak_window:8433 - 混排Peak窗口: 340-482bp, 167个文库/2238G, 理论最多2条Lane
2026-06-14 20:23:47.477 | INFO     | __main__:_extract_mixed_lanes_by_peak_window:8469 - 混排Lane预抽取完成: 新增Lane=0，使用文库=0个/0.0G，剩余待排=212个/3237.5G
2026-06-14 20:23:47.477 | INFO     | arrange_library.core.scheduling.greedy_lane_scheduler:schedule:1084 - 开始逐Lane贪心排机 - 文库数: 212
2026-06-14 20:23:47.477 | INFO     | arrange_library.core.scheduling.greedy_lane_scheduler:schedule:1094 - 预拆分完成: 使用外层已拆分文库
2026-06-14 20:23:47.478 | INFO     | arrange_library.core.scheduling.greedy_lane_scheduler:_run_batch_analysis:469 - ===== 批次全局分析报告 =====
2026-06-14 20:23:47.478 | INFO     | arrange_library.core.scheduling.greedy_lane_scheduler:_run_batch_analysis:469 - 机器类型: Nova X-25B
2026-06-14 20:23:47.478 | INFO     | arrange_library.core.scheduling.greedy_lane_scheduler:_run_batch_analysis:469 - 文库总数: 212
2026-06-14 20:23:47.478 | INFO     | arrange_library.core.scheduling.greedy_lane_scheduler:_run_batch_analysis:469 - 总数据量: 3237.5 GB
2026-06-14 20:23:47.478 | INFO     | arrange_library.core.scheduling.greedy_lane_scheduler:_run_batch_analysis:469 - 预估Lane数: 3~4
2026-06-14 20:23:47.478 | INFO     | arrange_library.core.scheduling.greedy_lane_scheduler:_run_batch_analysis:469 - --- 特征标记 ---
2026-06-14 20:23:47.478 | INFO     | arrange_library.core.scheduling.greedy_lane_scheduler:_run_batch_analysis:469 -   包Lane文库: 无
2026-06-14 20:23:47.478 | INFO     | arrange_library.core.scheduling.greedy_lane_scheduler:_run_batch_analysis:469 -   碱基不均衡: 有
2026-06-14 20:23:47.479 | INFO     | arrange_library.core.scheduling.greedy_lane_scheduler:_run_batch_analysis:469 -   客户文库:   无
2026-06-14 20:23:47.479 | INFO     | arrange_library.core.scheduling.greedy_lane_scheduler:_run_batch_analysis:469 -   10bp文库:   有
2026-06-14 20:23:47.479 | INFO     | arrange_library.core.scheduling.greedy_lane_scheduler:_run_batch_analysis:469 -   非10bp文库: 有
2026-06-14 20:23:47.479 | INFO     | arrange_library.core.scheduling.greedy_lane_scheduler:_run_batch_analysis:469 -   特殊组合:   有
2026-06-14 20:23:47.479 | INFO     | arrange_library.core.scheduling.greedy_lane_scheduler:_run_batch_analysis:469 - --- 分组画像 ---
2026-06-14 20:23:47.479 | INFO     | arrange_library.core.scheduling.greedy_lane_scheduler:_run_batch_analysis:469 -   [imbalance] 碱基不均衡文库: 58个文库, 2302.0GB, 预估3~3条Lane
2026-06-14 20:23:47.479 | INFO     | arrange_library.core.scheduling.greedy_lane_scheduler:_run_batch_analysis:469 -   [non_10bp] 非10碱基文库: 46个文库, 1381.0GB, 预估2~2条Lane
2026-06-14 20:23:47.479 | INFO     | arrange_library.core.scheduling.greedy_lane_scheduler:_run_batch_analysis:469 -   [all] 全部文库: 212个文库, 3237.5GB, 预估3~4条Lane
2026-06-14 20:23:47.479 | INFO     | arrange_library.core.scheduling.greedy_lane_scheduler:_run_batch_analysis:469 -   [10bp] 10碱基文库: 166个文库, 1856.5GB, 预估2~2条Lane
2026-06-14 20:23:47.479 | INFO     | arrange_library.core.scheduling.greedy_lane_scheduler:_run_batch_analysis:469 -   [special_combo_a] 10X 5端/VDJ组合: 3个文库, 300.0GB, 预估1~1条Lane
2026-06-14 20:23:47.479 | INFO     | arrange_library.core.scheduling.greedy_lane_scheduler:_run_batch_analysis:469 -   [special_combo_b] 10X 3端/Visium组合: 8个文库, 800.0GB, 预估1~1条Lane
2026-06-14 20:23:47.479 | INFO     | arrange_library.core.scheduling.greedy_lane_scheduler:_run_batch_analysis:469 - --- 专用Lane推荐 ---
2026-06-14 20:23:47.479 | INFO     | arrange_library.core.scheduling.greedy_lane_scheduler:_run_batch_analysis:469 -   [imbalance] 碱基不均衡文库数据量充足，可包专用Lane避免混排占比限制 - 约2条Lane, 2302.0GB, 置信度: high
2026-06-14 20:23:47.479 | INFO     | arrange_library.core.scheduling.greedy_lane_scheduler:_run_batch_analysis:469 -   [non_10bp] 非10bp文库集中排入专用Lane，避免触发10bp>=40%混排规则 - 约1条Lane, 1381.0GB, 置信度: medium
2026-06-14 20:23:47.479 | INFO     | arrange_library.core.scheduling.greedy_lane_scheduler:_run_batch_analysis:469 - --- 混排约束 ---
2026-06-14 20:23:47.479 | INFO     | arrange_library.core.scheduling.greedy_lane_scheduler:_run_batch_analysis:469 -   [tj_1595_special_combo_groups_not_mixed] special_combo_a vs special_combo_b: 10X 5端/VDJ 与 10X 3端/Visium 文库不可混排，必须分开
2026-06-14 20:23:47.479 | INFO     | arrange_library.core.scheduling.greedy_lane_scheduler:_run_batch_analysis:469 -   [imbalance_max_30pct] imbalance vs all: 碱基不均衡文库全局占比71.1%，超过30%上限，必须拆分为专用Lane
2026-06-14 20:23:47.479 | INFO     | arrange_library.core.scheduling.greedy_lane_scheduler:_run_batch_analysis:469 - --- 尾部风险 ---
2026-06-14 20:23:47.479 | INFO     | arrange_library.core.scheduling.greedy_lane_scheduler:_run_batch_analysis:469 -   [imbalance] 碱基不均衡文库排完整Lane后剩余312.0GB，不足半Lane(498GB)，需要大文库骨架携带或混入散样Lane - 312.0GB, 58个, 严重程度: medium
2026-06-14 20:23:47.479 | INFO     | arrange_library.core.scheduling.greedy_lane_scheduler:_run_batch_analysis:469 -   [non_10bp] 非10碱基文库排完整Lane后剩余386.0GB，不足半Lane(498GB)，需要大文库骨架携带或混入散样Lane - 386.0GB, 46个, 严重程度: medium
2026-06-14 20:23:47.479 | INFO     | arrange_library.core.scheduling.greedy_lane_scheduler:_run_batch_analysis:469 -   [special_combo_a] 10X 5端/VDJ组合排完整Lane后剩余300.0GB，不足半Lane(485GB)，需要大文库骨架携带或混入散样Lane - 300.0GB, 3个, 严重程度: medium
2026-06-14 20:23:47.479 | INFO     | arrange_library.core.scheduling.greedy_lane_scheduler:_run_batch_analysis:469 - --- 策略建议 ---
2026-06-14 20:23:47.479 | INFO     | arrange_library.core.scheduling.greedy_lane_scheduler:_run_batch_analysis:469 -   - 碱基不均衡文库数据量充足，优先形成专用Lane
2026-06-14 20:23:47.479 | INFO     | arrange_library.core.scheduling.greedy_lane_scheduler:_run_batch_analysis:469 -   - 非10bp文库建议走专用Lane，避免10bp>=40%混排红线
2026-06-14 20:23:47.479 | INFO     | arrange_library.core.scheduling.greedy_lane_scheduler:_run_batch_analysis:469 - ===== 报告结束 =====
2026-06-14 20:23:47.479 | INFO     | arrange_library.core.scheduling.greedy_lane_scheduler:_run_batch_analysis:475 - 保留外部传入的策略执行计划，仅使用批次分析报告
2026-06-14 20:23:47.479 | INFO     | arrange_library.core.scheduling.greedy_lane_scheduler:schedule:1130 - 处理机器类型 Nova X-25B - 文库数: 212 - Lane容量: 1050.0GB, 利用率区间: [100%, 100%], 特殊文库上限: 350GB
2026-06-14 20:23:47.480 | INFO     | arrange_library.core.scheduling.greedy_lane_scheduler:schedule:1158 - 碱基不均衡专用Lane策略: 58个碱基不均衡文库
2026-06-14 20:23:47.480 | INFO     | arrange_library.core.scheduling.greedy_lane_scheduler:_get_dedicated_lane_profile:983 - 专用Lane分组G26剩余合同量36.0G无法满足1.1或3.6T-NEW有效容量下限
2026-06-14 20:23:47.480 | INFO     | arrange_library.core.scheduling.greedy_lane_scheduler:_get_dedicated_lane_profile:983 - 专用Lane分组G27剩余合同量174.0G无法满足1.1或3.6T-NEW有效容量下限
2026-06-14 20:23:47.480 | INFO     | arrange_library.core.scheduling.greedy_lane_scheduler:_get_dedicated_lane_profile:983 - 专用Lane分组G34剩余合同量800.0G无法满足1.1或3.6T-NEW有效容量下限
2026-06-14 20:23:47.480 | INFO     | arrange_library.core.scheduling.greedy_lane_scheduler:_get_dedicated_lane_profile:983 - 专用Lane分组G18剩余合同量12.0G无法满足1.1或3.6T-NEW有效容量下限
2026-06-14 20:23:47.480 | INFO     | arrange_library.core.scheduling.greedy_lane_scheduler:schedule:1164 - 形成0条专用Lane，剩余58个碱基不均衡文库
2026-06-14 20:23:47.483 | INFO     | arrange_library.core.scheduling.greedy_lane_scheduler:_schedule_3_6t_split_families_atomically:5258 - 3.6T-NEW拆分片段分散成功: 拆分家族0个，生成0条Lane，每个家族每Lane最多1片
2026-06-14 20:23:47.483 | INFO     | arrange_library.core.scheduling.greedy_lane_scheduler:schedule:1203 - 3.6T-NEW拆分家族原子分散失败: 5个原始文库回滚为未分配并禁止继续成Lane
2026-06-14 20:23:47.598 | INFO     | arrange_library.core.scheduling.greedy_lane_scheduler:schedule:1223 - 第二轮排机: 202 个未分配文库（wkdeliverydate优先，轮转起点）
2026-06-14 20:23:47.688 | INFO     | arrange_library.core.scheduling.greedy_lane_scheduler:schedule:1239 - 第三轮排机: 202 个未分配文库（小文库优先）
2026-06-14 20:23:48.224 | INFO     | arrange_library.core.scheduling.greedy_lane_scheduler:schedule:1282 - 连续5轮无新Lane且未分配池不变，提前结束无效重试
2026-06-14 20:23:48.225 | INFO     | arrange_library.core.scheduling.greedy_lane_scheduler:_get_dedicated_lane_profile:983 - 专用Lane分组G26剩余合同量36.0G无法满足1.1或3.6T-NEW有效容量下限
2026-06-14 20:23:48.225 | INFO     | arrange_library.core.scheduling.greedy_lane_scheduler:_get_dedicated_lane_profile:983 - 专用Lane分组G27剩余合同量174.0G无法满足1.1或3.6T-NEW有效容量下限
2026-06-14 20:23:48.225 | INFO     | arrange_library.core.scheduling.greedy_lane_scheduler:_get_dedicated_lane_profile:983 - 专用Lane分组G34剩余合同量800.0G无法满足1.1或3.6T-NEW有效容量下限
2026-06-14 20:23:48.225 | INFO     | arrange_library.core.scheduling.greedy_lane_scheduler:_get_dedicated_lane_profile:983 - 专用Lane分组G18剩余合同量12.0G无法满足1.1或3.6T-NEW有效容量下限
2026-06-14 20:23:48.225 | INFO     | arrange_library.core.scheduling.greedy_lane_scheduler:_build_imbalance_dedicated_lanes:1049 - 专用Lane创建完成: 0条Lane, 48个碱基不均衡文库待分配, 154个中性文库待分配
2026-06-14 20:23:48.226 | INFO     | arrange_library.core.scheduling.greedy_lane_scheduler:schedule:1814 - 逐Lane贪心排机完成 - Lane数: 0, 已分配: 0/212, 未分配: 207, 平均利用率: 0.0%, 耗时: 0.75秒
2026-06-14 20:23:48.226 | INFO     | arrange_library.core.constraints.lane_validator:__init__:165 - 成Lane校验程序初始化完成 (严格模式: False, 碱基不均衡上限: 35%, 特殊文库关键词: 9个)
2026-06-14 20:23:48.226 | INFO     | arrange_library.core.scheduling.greedy_lane_scheduler:_validate_all_lanes:2176 - 最终验证结果: 0条Lane通过，207个文库未分配
2026-06-14 20:23:48.272 | INFO     | __main__:_build_global_round_robin_lane:5817 - 全局轮转混排未成Lane: prefix=G3, pool_size=207, best=0个/0.0G, min=995.0G
2026-06-14 20:23:48.272 | INFO     | __main__:test_with_model:19462 - wkspecialsplits边排边检查完成: 无需调整
2026-06-14 20:23:48.272 | INFO     | __main__:test_with_model:19497 - 验证完成：0条Lane通过验证
2026-06-14 20:23:48.272 | INFO     | __main__:test_with_model:19518 - 57规则二次改排救援已关闭，失败Lane文库回收到未分配池
2026-06-14 20:23:48.272 | INFO     | __main__:_should_skip_expensive_rescue_stage:2853 - 高成本救援(EX/RB)跳过: 当前0条Lane通过验证，未分配池=207个/3237.5G，继续做高成本救援收益过低
2026-06-14 20:23:48.278 | INFO     | __main__:test_with_model:19535 - 快速交付日期救援未新增Lane
2026-06-14 20:23:48.278 | INFO     | arrange_library.core.constraints.lane_validator:__init__:165 - 成Lane校验程序初始化完成 (严格模式: True, 碱基不均衡上限: 35%, 特殊文库关键词: 9个)
2026-06-14 20:23:48.284 | INFO     | __main__:test_with_model:19627 - 预构建Lane平衡文库前置处理完成: 需补平衡文库Lane=1，成功=1，失败移除=0，专Lane保留=0
2026-06-14 20:23:48.568 | WARNING  | __main__:_filter_valid_lanes:13800 - Lane G55_Nova X-25B_001 终态过滤淘汰: ['peak_size: Peak Size范围354bp超过150bp，最佳窗口覆盖55.1%<75%']
2026-06-14 20:23:49.842 | WARNING  | arrange_library.core.constraints.index_validator_verified:validate_lane:174 - Lane内发现 1 个Index冲突
2026-06-14 20:24:02.039 | INFO     | __main__:_try_repair_peak_size_failed_lane_with_unassigned_pool:13979 - 终态peak_size定向修复未成功: lane=G55_Nova X-25B_001, window=277-427, 原覆盖=55.1%, 保留1268.6G, 补入49个, 修复后1984.6G, peak_ok=True, errors=['Lane有效数据量1984.6G(原始1984.6G+平衡0.0G)低于下限2095G，规则=tj_1595_mode_1_1，需添加约110.4G的文库']
2026-06-14 20:24:02.326 | INFO     | __main__:test_with_model:19663 - 
合并9条预构建Lane到最终结果（过滤掉1条未通过严格校验的预构建Lane）
2026-06-14 20:24:02.326 | INFO     | __main__:test_with_model:19676 - 最终Lane总数: 9 (预构建Lane: 9, 普通Lane: 0)
2026-06-14 20:24:02.327 | INFO     | __main__:test_with_model:19691 - 全局预拆分回滚完成: 5个原始文库因拆分子文库未全部成Lane而回滚
2026-06-14 20:24:02.327 | INFO     | __main__:test_with_model:19719 - 拆分失败回滚原始文库处理完成: 可回1.1候选=5个(合同量<=500.0G)，继续隔离=0个
2026-06-14 20:24:02.360 | INFO     | __main__:_build_global_round_robin_lane:5817 - 全局轮转混排未成Lane: prefix=G3, pool_size=287, best=0个/0.0G, min=995.0G
2026-06-14 20:24:02.361 | INFO     | __main__:test_with_model:19799 - 剩余库全局轮转混排未新增Lane: 剩余未分配=287
2026-06-14 20:24:02.364 | WARNING  | __main__:_ensure_unique_lane_ids:348 - 检测到重复Lane ID，已自动重命名: DL_Nova X-25B_001 -> DL_Nova X-25B_004
2026-06-14 20:24:02.364 | WARNING  | __main__:test_with_model:19827 - 最终收口发现重复Lane ID并已重命名: 1条
2026-06-14 20:24:02.364 | INFO     | __main__:test_with_model:19829 - 脚本内置 Pooling 预测已停用，后续统一调用 prediction_delivery
2026-06-14 20:24:02.364 | WARNING  | __main__:analyze_solution:19292 - Lane DL_Nova X-25B_001 利用率异常: 215.29% (数据量=2099.10GB, 容量=975.00GB)
2026-06-14 20:24:02.365 | WARNING  | __main__:analyze_solution:19292 - Lane DL_Nova X-25B_002 利用率异常: 211.27% (数据量=2059.88GB, 容量=975.00GB)
2026-06-14 20:24:02.365 | WARNING  | __main__:analyze_solution:19292 - Lane DL_Nova X-25B_003 利用率异常: 213.52% (数据量=2081.77GB, 容量=975.00GB)
2026-06-14 20:24:02.365 | WARNING  | __main__:analyze_solution:19292 - Lane GL_Nova X-25B_001 利用率异常: 215.48% (数据量=2100.90GB, 容量=975.00GB)
2026-06-14 20:24:02.365 | WARNING  | __main__:analyze_solution:19292 - Lane GL_Nova X-25B_002 利用率异常: 216.67% (数据量=2112.53GB, 容量=975.00GB)
2026-06-14 20:24:02.365 | WARNING  | __main__:analyze_solution:19292 - Lane GL_Nova X-25B_003 利用率异常: 215.27% (数据量=2098.84GB, 容量=975.00GB)
2026-06-14 20:24:02.365 | WARNING  | __main__:analyze_solution:19292 - Lane GL_Nova X-25B_004 利用率异常: 215.46% (数据量=2100.76GB, 容量=975.00GB)
2026-06-14 20:24:02.365 | WARNING  | __main__:analyze_solution:19292 - Lane GL_Nova X-25B_005 利用率异常: 214.90% (数据量=2095.29GB, 容量=975.00GB)
2026-06-14 20:24:02.375 | INFO     | __main__:_schedule_rollback_libraries_in_mode_1_1:19861 - 拆分回滚原始文库回流1.1启动: 候选5个，合同量阈值<=500.0G
2026-06-14 20:24:02.376 | INFO     | __main__:test_with_model:19337 - 
================================================================================
2026-06-14 20:24:02.376 | INFO     | __main__:test_with_model:19338 - 排机流程：纯规则排机
2026-06-14 20:24:02.376 | INFO     | __main__:test_with_model:19339 - ================================================================================
2026-06-14 20:24:02.376 | INFO     | arrange_library.core.constraints.index_validator_verified:__init__:77 - Index校验器初始化完成（真实数据验证版本）
2026-06-14 20:24:02.376 | INFO     | arrange_library.core.constraints.lane_validator:__init__:165 - 成Lane校验程序初始化完成 (严格模式: True, 碱基不均衡上限: 35%, 特殊文库关键词: 9个)
2026-06-14 20:24:02.377 | WARNING  | arrange_library.core.ai.pooling_coefficient_optimizer:_load_config:40 - Pooling配置表不存在: /data/work/yuyongpeng/liblane_v2_deepseek/data/wktype_pooling_config.xlsx，将使用默认策略
2026-06-14 20:24:02.378 | INFO     | arrange_library.core.ai.pooling_coefficient_optimizer:_load_efficiency_corrections:185 - 产出效率修正表不存在: /data/work/yuyongpeng/liblane_v2_deepseek/data/production_efficiency_correction.csv，跳过后校准
2026-06-14 20:24:02.378 | WARNING  | arrange_library.core.ai.loutput_predictor_wrapper:_load_model:150 - 模型文件不存在: models/loutput_pre_lane_v5/lightgbm_model.pkl
2026-06-14 20:24:02.378 | WARNING  | arrange_library.core.ai.pooling_coefficient_optimizer:__init__:164 - loutput预测器不可用，将使用规则降级策略
2026-06-14 20:24:02.378 | INFO     | arrange_library.core.scheduling.greedy_lane_scheduler:__init__:265 - 逐Lane贪心排机器初始化完成 - 基础容量: 985.0GB, 利用率区间: [100%, 100%], 配置模式: 按机型自动
2026-06-14 20:24:02.378 | INFO     | arrange_library.core.scheduling.greedy_lane_scheduler:__init__:268 - 启用检查: Index=True, 碱基不均衡=True, 规则检查器=False
2026-06-14 20:24:02.378 | INFO     | __main__:test_with_model:19365 - 排机阶段：Pooling优化器已禁用（V6流程不需要）
2026-06-14 20:24:02.378 | INFO     | arrange_library.core.constraints.lane_validator:__init__:165 - 成Lane校验程序初始化完成 (严格模式: True, 碱基不均衡上限: 35%, 特殊文库关键词: 9个)
2026-06-14 20:24:02.378 | INFO     | __main__:test_with_model:19369 - 严格校验容量区间改为按统一配置表动态解析
2026-06-14 20:24:02.378 | INFO     | arrange_library.core.preprocessing.library_splitter:split_libraries:45 - ============================================================
2026-06-14 20:24:02.378 | INFO     | arrange_library.core.preprocessing.library_splitter:split_libraries:46 - [拆分] 开始文库拆分预处理
2026-06-14 20:24:02.378 | INFO     | arrange_library.core.preprocessing.library_splitter:split_libraries:47 -   拆分规则: 1.1模式文库（兼容旧名1.0）不拆分；3.6T-NEW单对index >130.0G 拆分，多对index >300.0G 拆分
2026-06-14 20:24:02.378 | INFO     | arrange_library.core.preprocessing.library_splitter:split_libraries:53 -   最小保留数据量: >2.0G
2026-06-14 20:24:02.378 | INFO     | arrange_library.core.preprocessing.library_splitter:split_libraries:85 - ------------------------------------------------------------
2026-06-14 20:24:02.378 | INFO     | arrange_library.core.preprocessing.library_splitter:split_libraries:86 -  拆分完成
2026-06-14 20:24:02.378 | INFO     | arrange_library.core.preprocessing.library_splitter:split_libraries:87 -   原始文库数: 5
2026-06-14 20:24:02.379 | INFO     | arrange_library.core.preprocessing.library_splitter:split_libraries:88 -   拆分文库数: 0
2026-06-14 20:24:02.379 | INFO     | arrange_library.core.preprocessing.library_splitter:split_libraries:89 -   最终文库数: 5
2026-06-14 20:24:02.379 | INFO     | arrange_library.core.preprocessing.library_splitter:split_libraries:90 - ============================================================
2026-06-14 20:24:02.379 | INFO     | __main__:test_with_model:19391 - 主流程前置拆分完成: 无需拆分
2026-06-14 20:24:02.379 | INFO     | __main__:test_with_model:19406 - Peak窗口混排预构Lane已按调用方要求关闭
2026-06-14 20:24:02.379 | INFO     | arrange_library.core.scheduling.greedy_lane_scheduler:schedule:1084 - 开始逐Lane贪心排机 - 文库数: 5
2026-06-14 20:24:02.379 | INFO     | arrange_library.core.scheduling.greedy_lane_scheduler:schedule:1094 - 预拆分完成: 使用外层已拆分文库
2026-06-14 20:24:02.379 | INFO     | arrange_library.core.scheduling.greedy_lane_scheduler:_run_batch_analysis:469 - ===== 批次全局分析报告 =====
2026-06-14 20:24:02.379 | INFO     | arrange_library.core.scheduling.greedy_lane_scheduler:_run_batch_analysis:469 - 机器类型: Nova X-25B
2026-06-14 20:24:02.379 | INFO     | arrange_library.core.scheduling.greedy_lane_scheduler:_run_batch_analysis:469 - 文库总数: 5
2026-06-14 20:24:02.379 | INFO     | arrange_library.core.scheduling.greedy_lane_scheduler:_run_batch_analysis:469 - 总数据量: 920.0 GB
2026-06-14 20:24:02.379 | INFO     | arrange_library.core.scheduling.greedy_lane_scheduler:_run_batch_analysis:469 - 预估Lane数: 1~1
2026-06-14 20:24:02.379 | INFO     | arrange_library.core.scheduling.greedy_lane_scheduler:_run_batch_analysis:469 - --- 特征标记 ---
2026-06-14 20:24:02.379 | INFO     | arrange_library.core.scheduling.greedy_lane_scheduler:_run_batch_analysis:469 -   包Lane文库: 无
2026-06-14 20:24:02.379 | INFO     | arrange_library.core.scheduling.greedy_lane_scheduler:_run_batch_analysis:469 -   碱基不均衡: 有
2026-06-14 20:24:02.380 | INFO     | arrange_library.core.scheduling.greedy_lane_scheduler:_run_batch_analysis:469 -   客户文库:   无
2026-06-14 20:24:02.380 | INFO     | arrange_library.core.scheduling.greedy_lane_scheduler:_run_batch_analysis:469 -   10bp文库:   有
2026-06-14 20:24:02.380 | INFO     | arrange_library.core.scheduling.greedy_lane_scheduler:_run_batch_analysis:469 -   非10bp文库: 无
2026-06-14 20:24:02.380 | INFO     | arrange_library.core.scheduling.greedy_lane_scheduler:_run_batch_analysis:469 -   特殊组合:   有
2026-06-14 20:24:02.380 | INFO     | arrange_library.core.scheduling.greedy_lane_scheduler:_run_batch_analysis:469 - --- 分组画像 ---
2026-06-14 20:24:02.380 | INFO     | arrange_library.core.scheduling.greedy_lane_scheduler:_run_batch_analysis:469 -   [imbalance] 碱基不均衡文库: 5个文库, 920.0GB, 预估1~1条Lane
2026-06-14 20:24:02.380 | INFO     | arrange_library.core.scheduling.greedy_lane_scheduler:_run_batch_analysis:469 -   [10bp] 10碱基文库: 5个文库, 920.0GB, 预估1~1条Lane
2026-06-14 20:24:02.380 | INFO     | arrange_library.core.scheduling.greedy_lane_scheduler:_run_batch_analysis:469 -   [all] 全部文库: 5个文库, 920.0GB, 预估1~1条Lane
2026-06-14 20:24:02.380 | INFO     | arrange_library.core.scheduling.greedy_lane_scheduler:_run_batch_analysis:469 -   [special_combo_a] 10X 5端/VDJ组合: 1个文库, 200.0GB, 预估1~1条Lane
2026-06-14 20:24:02.380 | INFO     | arrange_library.core.scheduling.greedy_lane_scheduler:_run_batch_analysis:469 - --- 混排约束 ---
2026-06-14 20:24:02.380 | INFO     | arrange_library.core.scheduling.greedy_lane_scheduler:_run_batch_analysis:469 -   [imbalance_max_30pct] imbalance vs all: 碱基不均衡文库全局占比100.0%，超过30%上限，必须拆分为专用Lane
2026-06-14 20:24:02.380 | INFO     | arrange_library.core.scheduling.greedy_lane_scheduler:_run_batch_analysis:469 - --- 尾部风险 ---
2026-06-14 20:24:02.380 | INFO     | arrange_library.core.scheduling.greedy_lane_scheduler:_run_batch_analysis:469 -   [imbalance] 碱基不均衡文库排完整Lane后剩余920.0GB，不足半Lane(1048GB)，需要大文库骨架携带或混入散样Lane - 920.0GB, 5个, 严重程度: medium
2026-06-14 20:24:02.380 | INFO     | arrange_library.core.scheduling.greedy_lane_scheduler:_run_batch_analysis:469 -   [special_combo_a] 10X 5端/VDJ组合排完整Lane后剩余200.0GB，不足半Lane(998GB)，需要大文库骨架携带或混入散样Lane - 200.0GB, 1个, 严重程度: high
2026-06-14 20:24:02.380 | INFO     | arrange_library.core.scheduling.greedy_lane_scheduler:_run_batch_analysis:469 - --- 策略建议 ---
2026-06-14 20:24:02.380 | INFO     | arrange_library.core.scheduling.greedy_lane_scheduler:_run_batch_analysis:469 -   - 存在1个高风险尾部分组，建议启用骨架预留(大带小)
2026-06-14 20:24:02.380 | INFO     | arrange_library.core.scheduling.greedy_lane_scheduler:_run_batch_analysis:469 - ===== 报告结束 =====
2026-06-14 20:24:02.380 | INFO     | arrange_library.core.scheduling.greedy_lane_scheduler:_run_batch_analysis:475 - 保留外部传入的策略执行计划，仅使用批次分析报告
2026-06-14 20:24:02.380 | INFO     | arrange_library.core.scheduling.greedy_lane_scheduler:schedule:1130 - 处理机器类型 Nova X-25B - 文库数: 5 - Lane容量: 1050.0GB, 利用率区间: [100%, 100%], 特殊文库上限: 350GB
2026-06-14 20:24:02.380 | INFO     | arrange_library.core.scheduling.greedy_lane_scheduler:schedule:1158 - 碱基不均衡专用Lane策略: 5个碱基不均衡文库
2026-06-14 20:24:02.380 | INFO     | arrange_library.core.scheduling.greedy_lane_scheduler:schedule:1164 - 形成0条专用Lane，剩余5个碱基不均衡文库
2026-06-14 20:24:02.381 | WARNING  | arrange_library.core.scheduling.greedy_lane_scheduler:_schedule_machine_group:5454 - 剩余 5 个文库无法分配（全部有约束冲突）
2026-06-14 20:24:02.381 | INFO     | arrange_library.core.scheduling.greedy_lane_scheduler:schedule:1216 - 剩余池总量920.0GB不足最小成Lane门槛2095.0GB，跳过后续随机重试
2026-06-14 20:24:02.382 | INFO     | arrange_library.core.scheduling.greedy_lane_scheduler:_build_imbalance_dedicated_lanes:1049 - 专用Lane创建完成: 0条Lane, 5个碱基不均衡文库待分配, 0个中性文库待分配
2026-06-14 20:24:02.382 | INFO     | arrange_library.core.scheduling.greedy_lane_scheduler:schedule:1814 - 逐Lane贪心排机完成 - Lane数: 0, 已分配: 0/5, 未分配: 5, 平均利用率: 0.0%, 耗时: 0.00秒
2026-06-14 20:24:02.383 | INFO     | arrange_library.core.constraints.lane_validator:__init__:165 - 成Lane校验程序初始化完成 (严格模式: False, 碱基不均衡上限: 35%, 特殊文库关键词: 9个)
2026-06-14 20:24:02.383 | INFO     | arrange_library.core.scheduling.greedy_lane_scheduler:_validate_all_lanes:2176 - 最终验证结果: 0条Lane通过，5个文库未分配
2026-06-14 20:24:02.383 | INFO     | __main__:test_with_model:19462 - wkspecialsplits边排边检查完成: 无需调整
2026-06-14 20:24:02.383 | INFO     | __main__:test_with_model:19497 - 验证完成：0条Lane通过验证
2026-06-14 20:24:02.383 | INFO     | __main__:test_with_model:19518 - 57规则二次改排救援已关闭，失败Lane文库回收到未分配池
2026-06-14 20:24:02.384 | INFO     | __main__:_attempt_build_rescue_lane_from_pool:6021 - 补Lane尝试跳过: lane_prefix=EX, pool_size=5, pool_data=920.000G不足最小门槛2095.000G
2026-06-14 20:24:02.384 | INFO     | __main__:_try_increase_lane_count:8541 - Lane数量提升停止: machine_type=Nova X-25B, 当前池首次构Lane失败，跳过同池重复尝试
2026-06-14 20:24:02.384 | INFO     | __main__:test_with_model:19550 - Lane数量提升未新增Lane
2026-06-14 20:24:02.384 | INFO     | __main__:_attempt_build_rescue_lane_from_pool:6021 - 补Lane尝试跳过: lane_prefix=RB, pool_size=5, pool_data=920.000G不足最小门槛2095.000G
2026-06-14 20:24:02.385 | INFO     | __main__:try_multi_lib_swap_rebalance:8840 - 跨Lane多文库交换停止: machine_type=Nova X-25B, 当前池首次构Lane失败，跳过同池重复尝试
2026-06-14 20:24:02.385 | INFO     | __main__:test_with_model:19583 - 跨Lane多文库交换未新增Lane，剩余未分配5个
2026-06-14 20:24:02.385 | INFO     | __main__:test_with_model:19799 - 剩余库全局轮转混排未新增Lane: 剩余未分配=5
2026-06-14 20:24:02.385 | INFO     | __main__:test_with_model:19829 - 脚本内置 Pooling 预测已停用，后续统一调用 prediction_delivery
2026-06-14 20:24:02.385 | INFO     | __main__:_schedule_rollback_libraries_in_mode_1_1:19898 - 拆分回滚原始文库回流1.1完成: 新增Lane=0，剩余未分配=5
2026-06-14 20:24:02.386 | INFO     | __main__:_validate_final_package_lanes:3360 - 排后包Lane校验通过
2026-06-14 20:24:02.388 | INFO     | __main__:_validate_no_split_for_package_lane_libraries:3454 - 排后校验通过：包Lane编号文库拆分规则满足约束
2026-06-14 20:24:02.388 | INFO     | arrange_library.core.constraints.lane_validator:__init__:165 - 成Lane校验程序初始化完成 (严格模式: True, 碱基不均衡上限: 35%, 特殊文库关键词: 9个)
2026-06-14 20:24:02.392 | INFO     | __main__:_validate_final_package_lanes:3360 - 排后包Lane校验通过
2026-06-14 20:24:02.392 | INFO     | arrange_library.core.constraints.lane_validator:__init__:165 - 成Lane校验程序初始化完成 (严格模式: True, 碱基不均衡上限: 35%, 特殊文库关键词: 9个)
2026-06-14 20:24:02.400 | INFO     | __main__:_validate_final_package_lanes:3360 - 排后包Lane校验通过
2026-06-14 20:24:02.401 | INFO     | __main__:_validate_no_split_for_package_lane_libraries:3454 - 排后校验通过：包Lane编号文库拆分规则满足约束
2026-06-14 20:24:03.442 | INFO     | __main__:_consume_g53_g54_imbalance_as_mode_lanes:1665 - 终态3.6 G53/G54组合碱基不均专Lane未成Lane: group=G54, 候选8个/800.0G, 贪心选择8个/800.0G, 下限970.0G, top_failures=[('capacity_out_of_rule_range', 188), ('repair_failed', 2)]
2026-06-14 20:24:03.742 | INFO     | __main__:_materialize_balance_library_for_lane:7823 - Lane G55_TMP 尝试补平衡文库模板: sample_id=phix, test_no=Novaseq X Plus-PE150, index_seq=GGGGGGGGGG;ACCGAGATCT
2026-06-14 20:24:03.744 | INFO     | __main__:_materialize_balance_library_for_lane:7856 - Lane G55_TMP 平衡文库补充成功: sample_id=phix, 数据量=52.211G
2026-06-14 20:24:03.745 | INFO     | __main__:_consume_g55_imbalance_as_mode_lanes:16536 - 终态3.6 G55跨基础组碱基不均专Lane index冲突定向修复成功: 原始17个/1022.0G, 修复后13个/992.0G
2026-06-14 20:24:03.745 | INFO     | __main__:_consume_g55_imbalance_as_mode_lanes:16642 - 终态3.6 G55跨基础组碱基不均专Lane成Lane成功: lane=G55_Nova X-25B_002, 基础组=G18,G26,G27,G34, 使用13个/992.0G
2026-06-14 20:24:03.748 | INFO     | __main__:_try_add_terminal_global_36t_mixed_lanes:17121 - 终态全局3.6 G55跨基础组碱基不均补Lane成功: 承载机型=Nova X-25B, 新增Lane=1, 使用文库=13, 剩余候选=89
2026-06-14 20:24:03.800 | INFO     | __main__:_consume_g53_g54_imbalance_as_mode_lanes:1665 - 终态3.6 G53/G54组合碱基不均专Lane未成Lane: group=G53, 候选8个/702.4G, 贪心选择8个/702.4G, 下限970.0G, top_failures=[('capacity_out_of_rule_range', 94), ('repair_failed', 1)]
2026-06-14 20:24:04.027 | INFO     | __main__:arrange_library:21098 - 终态全局3.6混排增量完成: 新增Lane=1，使用拆分原始文库=13，使用普通补料文库=0，剩余未分配=281
2026-06-14 20:24:04.035 | INFO     | __main__:_try_convert_mergeable_36t_tail_lanes_to_mode_1_1:9864 - 终态可合并3.6T Lane两两回收候选: 候选3.6T Lane=2，有效1.1配对=0
2026-06-14 20:24:04.035 | INFO     | arrange_library.core.constraints.lane_validator:__init__:165 - 成Lane校验程序初始化完成 (严格模式: True, 碱基不均衡上限: 35%, 特殊文库关键词: 9个)
2026-06-14 20:24:04.035 | INFO     | arrange_library.core.constraints.lane_validator:__init__:165 - 成Lane校验程序初始化完成 (严格模式: True, 碱基不均衡上限: 35%, 特殊文库关键词: 9个)
2026-06-14 20:24:04.039 | INFO     | __main__:arrange_library:21163 - 终态增量Lane平衡文库后处理完成: 需补平衡文库Lane=1，成功=1，失败移除=0，专Lane保留=0，回收文库=0
2026-06-14 20:24:04.947 | INFO     | __main__:_collect_prediction_rows:18270 - arrange 收集排机结果，用于后续 prediction_delivery 预测
2026-06-14 20:24:04.948 | WARNING  | __main__:_load_lane_index_rule_mapping:12044 - 排机规则映射文件不存在，跳过显式排机规则解析: /data/work/yuyongpeng/liblane_v2_deepseek/paiji_complete2/merge_deal/config
2026-06-14 20:24:04.948 | INFO     | __main__:_collect_prediction_rows:18292 - arrange Lane DL_Nova X-25B_001 排机浓度规则命中: special_10x_combo_group_b_customer_2_5, lsjnd=2.500
2026-06-14 20:24:04.948 | INFO     | __main__:_collect_prediction_rows:18296 - arrange Lane DL_Nova X-25B_001 输出规则命中: tj_1595_mode_1_1_special_combo, lsjfs=25B, lcxms=1.1
2026-06-14 20:24:04.948 | INFO     | __main__:_collect_prediction_rows:18300 - arrange Lane DL_Nova X-25B_001 显式排机规则: P7P5
2026-06-14 20:24:04.949 | INFO     | __main__:_collect_prediction_rows:18292 - arrange Lane DL_Nova X-25B_002 排机浓度规则命中: special_10x_combo_group_b_non_customer_1_78, lsjnd=1.780
2026-06-14 20:24:04.949 | INFO     | __main__:_collect_prediction_rows:18296 - arrange Lane DL_Nova X-25B_002 输出规则命中: tj_1595_mode_1_1_special_combo, lsjfs=25B, lcxms=1.1
2026-06-14 20:24:04.949 | INFO     | __main__:_collect_prediction_rows:18300 - arrange Lane DL_Nova X-25B_002 显式排机规则: P7P5
2026-06-14 20:24:04.950 | INFO     | __main__:_collect_prediction_rows:18292 - arrange Lane DL_Nova X-25B_003 排机浓度规则命中: special_10x_combo_group_b_non_customer_1_78, lsjnd=1.780
2026-06-14 20:24:04.950 | INFO     | __main__:_collect_prediction_rows:18296 - arrange Lane DL_Nova X-25B_003 输出规则命中: tj_1595_mode_1_1_special_combo, lsjfs=25B, lcxms=1.1
2026-06-14 20:24:04.950 | INFO     | __main__:_collect_prediction_rows:18300 - arrange Lane DL_Nova X-25B_003 显式排机规则: P7P5
2026-06-14 20:24:04.954 | INFO     | __main__:_collect_prediction_rows:18292 - arrange Lane GL_Nova X-25B_001 排机浓度规则命中: no_loading_concentration_rule_matched, lsjnd=
2026-06-14 20:24:04.954 | INFO     | __main__:_collect_prediction_rows:18296 - arrange Lane GL_Nova X-25B_001 输出规则命中: tj_1595_mode_1_1, lsjfs=25B, lcxms=1.1
2026-06-14 20:24:04.954 | INFO     | __main__:_collect_prediction_rows:18300 - arrange Lane GL_Nova X-25B_001 显式排机规则: P7P5
2026-06-14 20:24:04.959 | INFO     | __main__:_collect_prediction_rows:18292 - arrange Lane GL_Nova X-25B_002 排机浓度规则命中: no_loading_concentration_rule_matched, lsjnd=
2026-06-14 20:24:04.959 | INFO     | __main__:_collect_prediction_rows:18296 - arrange Lane GL_Nova X-25B_002 输出规则命中: tj_1595_mode_1_1, lsjfs=25B, lcxms=1.1
2026-06-14 20:24:04.959 | INFO     | __main__:_collect_prediction_rows:18300 - arrange Lane GL_Nova X-25B_002 显式排机规则: P7P5
2026-06-14 20:24:04.963 | INFO     | __main__:_collect_prediction_rows:18292 - arrange Lane GL_Nova X-25B_003 排机浓度规则命中: no_loading_concentration_rule_matched, lsjnd=
2026-06-14 20:24:04.963 | INFO     | __main__:_collect_prediction_rows:18296 - arrange Lane GL_Nova X-25B_003 输出规则命中: tj_1595_mode_1_1, lsjfs=25B, lcxms=1.1
2026-06-14 20:24:04.963 | INFO     | __main__:_collect_prediction_rows:18300 - arrange Lane GL_Nova X-25B_003 显式排机规则: P7P5
2026-06-14 20:24:04.967 | INFO     | __main__:_collect_prediction_rows:18292 - arrange Lane GL_Nova X-25B_004 排机浓度规则命中: no_loading_concentration_rule_matched, lsjnd=
2026-06-14 20:24:04.967 | INFO     | __main__:_collect_prediction_rows:18296 - arrange Lane GL_Nova X-25B_004 输出规则命中: tj_1595_mode_1_1, lsjfs=25B, lcxms=1.1
2026-06-14 20:24:04.967 | INFO     | __main__:_collect_prediction_rows:18300 - arrange Lane GL_Nova X-25B_004 显式排机规则: P7P5
2026-06-14 20:24:04.970 | INFO     | __main__:_collect_prediction_rows:18292 - arrange Lane GL_Nova X-25B_005 排机浓度规则命中: no_loading_concentration_rule_matched, lsjnd=
2026-06-14 20:24:04.970 | INFO     | __main__:_collect_prediction_rows:18296 - arrange Lane GL_Nova X-25B_005 输出规则命中: tj_1595_mode_1_1, lsjfs=25B, lcxms=1.1
2026-06-14 20:24:04.970 | INFO     | __main__:_collect_prediction_rows:18300 - arrange Lane GL_Nova X-25B_005 显式排机规则: P7P5
2026-06-14 20:24:04.972 | INFO     | __main__:_collect_prediction_rows:18292 - arrange Lane DL_Nova X-25B_004 排机浓度规则命中: no_loading_concentration_rule_matched, lsjnd=
2026-06-14 20:24:04.972 | INFO     | __main__:_collect_prediction_rows:18296 - arrange Lane DL_Nova X-25B_004 输出规则命中: tj_1595_special_combo_36t, lsjfs=25B, lcxms=3.6T-NEW
2026-06-14 20:24:04.972 | INFO     | __main__:_collect_prediction_rows:18300 - arrange Lane DL_Nova X-25B_004 显式排机规则: P7P5
2026-06-14 20:24:04.972 | INFO     | __main__:_collect_prediction_rows:18292 - arrange Lane G55_Nova X-25B_002 排机浓度规则命中: no_loading_concentration_rule_matched, lsjnd=
2026-06-14 20:24:04.973 | INFO     | __main__:_collect_prediction_rows:18296 - arrange Lane G55_Nova X-25B_002 输出规则命中: tj_1595_standard_pe150_25b, lsjfs=25B, lcxms=3.6T-NEW
2026-06-14 20:24:04.973 | INFO     | __main__:_collect_prediction_rows:18300 - arrange Lane G55_Nova X-25B_002 显式排机规则: P7P5
/data/work/yuyongpeng/liblane_v2_deepseek/paiji_complete2/paiji_complete/arrange_library/arrange_library_model6.py:18634: FutureWarning: Downcasting object dtype arrays on .fillna, .ffill, .bfill is deprecated and will change in a future version. Call result.infer_objects(copy=False) instead. To opt-in to the future behavior, set `pd.set_option('future.no_silent_downcasting', True)`
  balance_mask = df[BALANCE_LIBRARY_MARKER_COLUMN].fillna(False).astype(bool)
/data/work/yuyongpeng/liblane_v2_deepseek/paiji_complete2/paiji_complete/arrange_library/arrange_library_model6.py:19057: FutureWarning: Downcasting object dtype arrays on .fillna, .ffill, .bfill is deprecated and will change in a future version. Call result.infer_objects(copy=False) instead. To opt-in to the future behavior, set `pd.set_option('future.no_silent_downcasting', True)`
  non_balance_mask = ~merged[BALANCE_LIBRARY_MARKER_COLUMN].fillna(False).astype(bool)
2026-06-14 20:24:05.203 | INFO     | __main__:_build_detail_output:19102 - 明细输出完成: 61_sta_arrange_model6_peakfix5.csv
2026-06-14 20:24:05.204 | INFO     | __main__:arrange_library:21287 - 
================================================================================
2026-06-14 20:24:05.204 | INFO     | __main__:arrange_library:21288 - 步骤3: 跳过 prediction_delivery，保留下单量/预测产出空字段
2026-06-14 20:24:05.204 | INFO     | __main__:arrange_library:21289 - ================================================================================
2026-06-14 20:24:05.280 | INFO     | __main__:_run_prediction_delivery:19941 - 已跳过 prediction_delivery 模型预测，输出保留下单量/预测产出字段空值: 61_sta_arrange_model6_peakfix5.csv
2026-06-14 20:24:05.280 | INFO     | __main__:arrange_library:21291 - 输出后处理完成: 记录数=1573, 平均下单量=nanG, 平均产出量=nanG
2026-06-14 20:24:05.280 | INFO     | __main__:arrange_library:21298 - 
端到端排机完成！
2026-06-14 20:24:05.281 | INFO     | __main__:arrange_library:21299 - 最终输出文件: 61_sta_arrange_model6_peakfix5.csv
2026-06-14 20:24:05.281 | INFO     | __main__:arrange_library:21300 - ================================================================================
	Command being timed: "python arrange_library/arrange_library_model6.py --mode arrange --data-file arrange_library/61_sta.csv --output-file 61_sta_arrange_model6_peakfix5.csv"
	User time (seconds): 153.59
	System time (seconds): 0.32
	Percent of CPU this job got: 109%
	Elapsed (wall clock) time (h:mm:ss or m:ss): 2:20.95
	Average shared text size (kbytes): 0
	Average unshared data size (kbytes): 0
	Average stack size (kbytes): 0
	Average total size (kbytes): 0
	Maximum resident set size (kbytes): 338088
	Average resident set size (kbytes): 0
	Major (requiring I/O) page faults: 0
	Minor (reclaiming a frame) page faults: 242361
	Voluntary context switches: 153
	Involuntary context switches: 629
	Swaps: 0
	File system inputs: 0
	File system outputs: 5984
	Socket messages sent: 0
	Socket messages received: 0
	Signals delivered: 0
	Page size (bytes): 4096
	Exit status: 0
