2026-06-14 19:20:15.739 | INFO     | arrange_library.core.constraints.index_validator_verified:__init__:77 - Index校验器初始化完成（真实数据验证版本）
2026-06-14 19:20:15.763 | INFO     | arrange_library.core.config.scheduling_config:_load_rule_matrix_config:806 - 统一排机规则配置已加载: profiles=55, constraints=2, loading_rules=4, lab_mappings=9
2026-06-14 19:20:15.764 | INFO     | arrange_library.core.config.scheduling_config:_load_mode_1_1_rules:1777 - 1.1模式规则配置加载完成: /data/work/yuyongpeng/liblane_v2_deepseek/paiji_complete2/paiji_complete/arrange_library/config/mode_1_1_rules.json
2026-06-14 19:20:15.851 | INFO     | arrange_library.core.config.scheduling_config:__init__:434 - 排机配置管理器初始化完成
2026-06-14 19:20:16.336 | INFO     | arrange_library.core.constraints.index_validator_verified:__init__:77 - Index校验器初始化完成（真实数据验证版本）
2026-06-14 19:20:16.343 | INFO     | __main__:arrange_library:19917 - ================================================================================
2026-06-14 19:20:16.343 | INFO     | __main__:arrange_library:19918 - arrange_library: 端到端排机流程 - 排机与 Pooling 预测
2026-06-14 19:20:16.343 | INFO     | __main__:arrange_library:19919 - ================================================================================
2026-06-14 19:20:16.343 | INFO     | __main__:arrange_library:19920 - 调用时间: 2026-06-14 19:20:16
2026-06-14 19:20:16.343 | INFO     | __main__:arrange_library:19921 - 随机种子: 42 (固定，确保可复现)
2026-06-14 19:20:16.343 | INFO     | __main__:arrange_library:19922 - 运行模式: arrange
2026-06-14 19:20:16.343 | INFO     | __main__:arrange_library:19928 - 
使用数据文件: arrange_library/61_sta.csv
2026-06-14 19:20:16.468 | INFO     | __main__:load_standardized_csv:19085 - 从标准化CSV文件加载数据: arrange_library/61_sta.csv
2026-06-14 19:20:16.486 | INFO     | __main__:load_standardized_csv:19087 - 读取 1572 行数据
2026-06-14 19:20:16.707 | INFO     | __main__:load_standardized_csv:19182 - 成功创建 1572 个文库对象
2026-06-14 19:20:16.708 | INFO     | __main__:arrange_library:19961 - 成功转换 1572 个测试文库
2026-06-14 19:20:16.711 | INFO     | __main__:arrange_library:19990 - AI可排文库筛选完成: 可排=1572，不可排=0，机型排除=0
2026-06-14 19:20:16.711 | INFO     | __main__:arrange_library:20013 - 
================================================================================
2026-06-14 19:20:16.711 | INFO     | __main__:arrange_library:20014 - 步骤0.9: 提前处理1.1第二轮历史固定组合文库
2026-06-14 19:20:16.711 | INFO     | __main__:arrange_library:20015 - ================================================================================
2026-06-14 19:20:16.713 | INFO     | arrange_library.core.scheduling.mode_1_1_round2:identify_round2_candidates:129 - 1.1第二轮候选识别: 无符合条件的候选文库
2026-06-14 19:20:16.713 | INFO     | __main__:arrange_library:20033 - 1.1第二轮历史Lane前置直出: 无候选文库
2026-06-14 19:20:16.713 | INFO     | __main__:arrange_library:20038 - 
================================================================================
2026-06-14 19:20:16.713 | INFO     | __main__:arrange_library:20039 - 步骤1: 处理包Lane文库（wkbaleno字段有值的文库）
2026-06-14 19:20:16.713 | INFO     | __main__:arrange_library:20040 - ================================================================================
2026-06-14 19:20:16.714 | INFO     | __main__:arrange_library:20058 - 包Lane文库数: 0
2026-06-14 19:20:16.714 | INFO     | __main__:arrange_library:20059 - 普通文库数: 1572
2026-06-14 19:20:16.737 | INFO     | __main__:arrange_library:20120 - 
================================================================================
2026-06-14 19:20:16.737 | INFO     | __main__:arrange_library:20121 - 步骤1.2: 处理10+24 Lane seq文库
2026-06-14 19:20:16.737 | INFO     | __main__:arrange_library:20122 - ================================================================================
2026-06-14 19:20:16.737 | WARNING  | __main__:_build_10_plus_24_lane_seq_lanes:8165 - 10+24 Lane seq剩余2个文库未成Lane
2026-06-14 19:20:16.737 | INFO     | __main__:arrange_library:20132 - 10+24 Lane seq处理完成: 输入文库=2, 生成Lane=0, 未分配=2
2026-06-14 19:20:16.737 | INFO     | arrange_library.core.constraints.index_validator_verified:__init__:77 - Index校验器初始化完成（真实数据验证版本）
2026-06-14 19:20:16.738 | INFO     | arrange_library.core.constraints.lane_validator:__init__:165 - 成Lane校验程序初始化完成 (严格模式: True, 碱基不均衡上限: 35%, 特殊文库关键词: 9个)
2026-06-14 19:20:16.738 | INFO     | __main__:arrange_library:20146 - 
================================================================================
2026-06-14 19:20:16.738 | INFO     | __main__:arrange_library:20147 - 步骤1.3: 1.1前碱基不均衡专Lane预抽取
2026-06-14 19:20:16.738 | INFO     | __main__:arrange_library:20148 - ================================================================================
2026-06-14 19:20:16.739 | INFO     | arrange_library.core.constraints.index_validator_verified:__init__:77 - Index校验器初始化完成（真实数据验证版本）
2026-06-14 19:20:16.740 | INFO     | arrange_library.core.constraints.lane_validator:__init__:165 - 成Lane校验程序初始化完成 (严格模式: True, 碱基不均衡上限: 35%, 特殊文库关键词: 9个)
2026-06-14 19:20:16.741 | WARNING  | arrange_library.core.ai.pooling_coefficient_optimizer:_load_config:40 - Pooling配置表不存在: /data/work/yuyongpeng/liblane_v2_deepseek/data/wktype_pooling_config.xlsx，将使用默认策略
2026-06-14 19:20:16.741 | INFO     | arrange_library.core.ai.pooling_coefficient_optimizer:_load_efficiency_corrections:185 - 产出效率修正表不存在: /data/work/yuyongpeng/liblane_v2_deepseek/data/production_efficiency_correction.csv，跳过后校准
2026-06-14 19:20:16.741 | WARNING  | arrange_library.core.ai.loutput_predictor_wrapper:_load_model:150 - 模型文件不存在: models/loutput_pre_lane_v5/lightgbm_model.pkl
2026-06-14 19:20:16.741 | WARNING  | arrange_library.core.ai.pooling_coefficient_optimizer:__init__:164 - loutput预测器不可用，将使用规则降级策略
2026-06-14 19:20:16.741 | INFO     | arrange_library.core.scheduling.greedy_lane_scheduler:__init__:265 - 逐Lane贪心排机器初始化完成 - 基础容量: 985.0GB, 利用率区间: [100%, 100%], 配置模式: 按机型自动
2026-06-14 19:20:16.741 | INFO     | arrange_library.core.scheduling.greedy_lane_scheduler:__init__:268 - 启用检查: Index=True, 碱基不均衡=True, 规则检查器=False
2026-06-14 19:20:16.742 | INFO     | arrange_library.core.scheduling.greedy_lane_scheduler:_get_dedicated_lane_profile:983 - 专用Lane分组G36剩余合同量10.7G无法满足1.1或3.6T-NEW有效容量下限
2026-06-14 19:20:16.743 | INFO     | arrange_library.core.scheduling.greedy_lane_scheduler:_get_dedicated_lane_profile:983 - 专用Lane分组G26剩余合同量67.3G无法满足1.1或3.6T-NEW有效容量下限
2026-06-14 19:20:16.743 | INFO     | arrange_library.core.scheduling.greedy_lane_scheduler:_get_dedicated_lane_profile:983 - 专用Lane分组G25剩余合同量6.0G无法满足1.1或3.6T-NEW有效容量下限
2026-06-14 19:20:16.744 | INFO     | arrange_library.core.scheduling.greedy_lane_scheduler:_get_dedicated_lane_profile:983 - 专用Lane分组G50剩余合同量10.0G无法满足1.1或3.6T-NEW有效容量下限
2026-06-14 19:20:16.744 | INFO     | arrange_library.core.scheduling.greedy_lane_scheduler:_get_dedicated_lane_profile:983 - 专用Lane分组G33剩余合同量111.0G无法满足1.1或3.6T-NEW有效容量下限
2026-06-14 19:20:16.745 | INFO     | arrange_library.core.scheduling.greedy_lane_scheduler:_get_dedicated_lane_profile:983 - 专用Lane分组G29剩余合同量219.6G无法满足1.1或3.6T-NEW有效容量下限
2026-06-14 19:20:16.745 | INFO     | arrange_library.core.scheduling.greedy_lane_scheduler:_get_dedicated_lane_profile:983 - 专用Lane分组G27剩余合同量729.0G无法满足1.1或3.6T-NEW有效容量下限
2026-06-14 19:20:16.746 | INFO     | arrange_library.core.scheduling.greedy_lane_scheduler:_get_dedicated_lane_profile:983 - 专用Lane分组G39剩余合同量150.0G无法满足1.1或3.6T-NEW有效容量下限
2026-06-14 19:20:16.754 | INFO     | arrange_library.core.constraints.lane_validator:__init__:165 - 成Lane校验程序初始化完成 (严格模式: False, 碱基不均衡上限: 35%, 特殊文库关键词: 9个)
2026-06-14 19:20:16.755 | INFO     | arrange_library.core.scheduling.greedy_lane_scheduler:_build_group:2678 - 专用Lane DL_Nova X-25B_001 形成成功 - 分组=G34, 碱基不均衡=1031.8G, 平衡文库=0.0G, 总量(含平衡)=1031.8G, 模式=3.6T-NEW, 容量规则=tj_1595_special_combo_36t
2026-06-14 19:20:16.755 | INFO     | arrange_library.core.scheduling.greedy_lane_scheduler:_get_dedicated_lane_profile:983 - 专用Lane分组G34剩余合同量800.0G无法满足1.1或3.6T-NEW有效容量下限
2026-06-14 19:20:16.755 | INFO     | arrange_library.core.scheduling.greedy_lane_scheduler:_get_dedicated_lane_profile:983 - 专用Lane分组G7剩余合同量2.4G无法满足1.1或3.6T-NEW有效容量下限
2026-06-14 19:20:16.756 | INFO     | arrange_library.core.scheduling.greedy_lane_scheduler:_get_dedicated_lane_profile:983 - 专用Lane分组G58剩余合同量920.0G无法满足1.1或3.6T-NEW有效容量下限
2026-06-14 19:20:16.756 | INFO     | arrange_library.core.scheduling.greedy_lane_scheduler:_get_dedicated_lane_profile:983 - 专用Lane分组G5剩余合同量400.0G无法满足1.1或3.6T-NEW有效容量下限
2026-06-14 19:20:16.757 | INFO     | arrange_library.core.scheduling.greedy_lane_scheduler:_get_dedicated_lane_profile:983 - 专用Lane分组G35剩余合同量208.0G无法满足1.1或3.6T-NEW有效容量下限
2026-06-14 19:20:16.757 | INFO     | arrange_library.core.scheduling.greedy_lane_scheduler:_get_dedicated_lane_profile:983 - 专用Lane分组G4剩余合同量150.0G无法满足1.1或3.6T-NEW有效容量下限
2026-06-14 19:20:16.758 | INFO     | arrange_library.core.scheduling.greedy_lane_scheduler:_get_dedicated_lane_profile:983 - 专用Lane分组G52剩余合同量10.0G无法满足1.1或3.6T-NEW有效容量下限
2026-06-14 19:20:16.758 | INFO     | arrange_library.core.scheduling.greedy_lane_scheduler:_get_dedicated_lane_profile:983 - 专用Lane分组G16剩余合同量120.0G无法满足1.1或3.6T-NEW有效容量下限
2026-06-14 19:20:16.759 | INFO     | arrange_library.core.scheduling.greedy_lane_scheduler:_get_dedicated_lane_profile:983 - 专用Lane分组G18剩余合同量114.0G无法满足1.1或3.6T-NEW有效容量下限
2026-06-14 19:20:16.759 | INFO     | arrange_library.core.scheduling.greedy_lane_scheduler:_get_dedicated_lane_profile:983 - 专用Lane分组G19剩余合同量1.0G无法满足1.1或3.6T-NEW有效容量下限
2026-06-14 19:20:16.759 | INFO     | __main__:_extract_global_dedicated_imbalance_lanes:1189 - 全局跨机型碱基不均专Lane预抽取: 承载机型=Nova X-25B, 生成Lane=1, 消耗1031.8G, 剩余不均文库=240个/11570.8G
2026-06-14 19:20:16.761 | INFO     | __main__:_extract_global_dedicated_imbalance_lanes:1200 - 全局碱基不均专Lane预抽取完成: 生成Lane=1, 后续普通排机池 1570 -> 1555
2026-06-14 19:20:16.761 | INFO     | __main__:_keep_only_mode_1_1_prebuilt_lanes:2355 - 步骤1.3 单组碱基不均1.1专Lane: 回收1条非1.1预抽取Lane，返还15个文库/1031.8G继续参与1.1 G53/G54/G55
2026-06-14 19:20:16.902 | INFO     | __main__:_consume_g53_g54_imbalance_as_mode_lanes:1630 - 步骤1.3 G53/G54组合碱基不均1.1专Lane候选定向修复成功: group=G54, action=rebuild_for_10bp_ratio, 使用22个/2099.1G
2026-06-14 19:20:16.902 | INFO     | __main__:_consume_g53_g54_imbalance_as_mode_lanes:1677 - 步骤1.3 G53/G54组合碱基不均1.1专Lane成Lane成功: lane=DL_Nova X-25B_001, group=G54, 候选76个/7040.7G, 使用22个/2099.1G
2026-06-14 19:20:17.025 | INFO     | __main__:_consume_g53_g54_imbalance_as_mode_lanes:1630 - 步骤1.3 G53/G54组合碱基不均1.1专Lane候选定向修复成功: group=G54, action=rebuild_for_10bp_ratio, 使用22个/2059.9G
2026-06-14 19:20:17.025 | INFO     | __main__:_consume_g53_g54_imbalance_as_mode_lanes:1677 - 步骤1.3 G53/G54组合碱基不均1.1专Lane成Lane成功: lane=DL_Nova X-25B_002, group=G54, 候选54个/4941.7G, 使用22个/2059.9G
2026-06-14 19:20:17.136 | INFO     | __main__:_consume_g53_g54_imbalance_as_mode_lanes:1630 - 步骤1.3 G53/G54组合碱基不均1.1专Lane候选定向修复成功: group=G54, action=rebuild_for_10bp_ratio, 使用24个/2081.8G
2026-06-14 19:20:17.137 | INFO     | __main__:_consume_g53_g54_imbalance_as_mode_lanes:1677 - 步骤1.3 G53/G54组合碱基不均1.1专Lane成Lane成功: lane=DL_Nova X-25B_003, group=G54, 候选32个/2881.8G, 使用24个/2081.8G
2026-06-14 19:20:17.307 | INFO     | __main__:_consume_g53_g54_imbalance_as_mode_lanes:1665 - 步骤1.3 G53/G54组合碱基不均1.1专Lane未成Lane: group=G54, 候选8个/800.0G, 贪心选择8个/800.0G, 下限1995.0G, top_failures=[('capacity_out_of_rule_range', 95), ('repair_failed', 2)]
2026-06-14 19:20:17.307 | INFO     | arrange_library.core.constraints.lane_validator:__init__:165 - 成Lane校验程序初始化完成 (严格模式: True, 碱基不均衡上限: 35%, 特殊文库关键词: 9个)
2026-06-14 19:20:33.939 | INFO     | __main__:_materialize_balance_library_for_lane:7823 - Lane G55_TMP 尝试补平衡文库模板: sample_id=phix, test_no=Novaseq X Plus-PE150, index_seq=GGGGGGGGGG;ACCGAGATCT
2026-06-14 19:20:34.356 | INFO     | __main__:_validate_balance_injection_lane_state:7495 - Lane G55_TMP 候选平衡文库 phix 注入校验失败: ['10bp Index占比33.9%低于40%要求']
2026-06-14 19:20:34.356 | INFO     | __main__:_materialize_balance_library_for_lane:7823 - Lane G55_TMP 尝试补平衡文库模板: sample_id=FDSW250185295-1r, test_no=Novaseq X Plus-PE150, index_seq=AGCATCGAGT;AGCATCCTCA
2026-06-14 19:20:34.771 | INFO     | __main__:_validate_balance_injection_lane_state:7495 - Lane G55_TMP 候选平衡文库 FDSW250185295-1r 注入校验失败: ['10bp Index占比33.9%低于40%要求']
2026-06-14 19:20:34.771 | INFO     | __main__:_materialize_balance_library_for_lane:7823 - Lane G55_TMP 尝试补平衡文库模板: sample_id=FDSW250185296-1r, test_no=Novaseq X Plus-PE150, index_seq=CTCACACTGA;CTCACACATG
2026-06-14 19:20:35.188 | INFO     | __main__:_validate_balance_injection_lane_state:7495 - Lane G55_TMP 候选平衡文库 FDSW250185296-1r 注入校验失败: ['10bp Index占比33.9%低于40%要求']
2026-06-14 19:20:35.188 | INFO     | __main__:_materialize_balance_library_for_lane:7823 - Lane G55_TMP 尝试补平衡文库模板: sample_id=FDSW250185298-1r, test_no=Novaseq X Plus-PE150, index_seq=CCGACTAGAT;CCGACTAAGA
2026-06-14 19:20:35.604 | INFO     | __main__:_validate_balance_injection_lane_state:7495 - Lane G55_TMP 候选平衡文库 FDSW250185298-1r 注入校验失败: ['10bp Index占比33.9%低于40%要求']
2026-06-14 19:20:35.604 | INFO     | __main__:_materialize_balance_library_for_lane:7823 - Lane G55_TMP 尝试补平衡文库模板: sample_id=FDSW250185306-1r, test_no=Novaseq X Plus-PE150, index_seq=ACAGAGCGAT;GACTACTCAC
2026-06-14 19:20:36.022 | INFO     | __main__:_validate_balance_injection_lane_state:7495 - Lane G55_TMP 候选平衡文库 FDSW250185306-1r 注入校验失败: ['10bp Index占比33.9%低于40%要求']
2026-06-14 19:20:36.022 | INFO     | __main__:_materialize_balance_library_for_lane:7823 - Lane G55_TMP 尝试补平衡文库模板: sample_id=FDSW250185309-1r, test_no=Novaseq X Plus-PE150, index_seq=GTCACACACT;CAAGTGCTTC
2026-06-14 19:20:36.439 | INFO     | __main__:_validate_balance_injection_lane_state:7495 - Lane G55_TMP 候选平衡文库 FDSW250185309-1r 注入校验失败: ['10bp Index占比33.9%低于40%要求']
2026-06-14 19:20:36.440 | INFO     | __main__:_materialize_balance_library_for_lane:7823 - Lane G55_TMP 尝试补平衡文库模板: sample_id=FDSW250185313-1r, test_no=Novaseq X Plus-PE150, index_seq=ATCGAATGCG;CGATATCTGC
2026-06-14 19:20:36.859 | INFO     | __main__:_validate_balance_injection_lane_state:7495 - Lane G55_TMP 候选平衡文库 FDSW250185313-1r 注入校验失败: ['10bp Index占比33.9%低于40%要求']
2026-06-14 19:20:36.859 | INFO     | __main__:_materialize_balance_library_for_lane:7823 - Lane G55_TMP 尝试补平衡文库模板: sample_id=FDSW250185316-1r, test_no=Novaseq X Plus-PE150, index_seq=TCATTGCACC;ATCGAAGCTC
2026-06-14 19:20:37.274 | INFO     | __main__:_validate_balance_injection_lane_state:7495 - Lane G55_TMP 候选平衡文库 FDSW250185316-1r 注入校验失败: ['10bp Index占比33.9%低于40%要求']
2026-06-14 19:20:38.393 | WARNING  | __main__:_materialize_balance_library_for_lane:7948 - Lane G55_TMP 平衡文库补充失败: 需补 104.980G，实验室=天津科技服务实验室，工序=Novaseq X Plus-PE150
2026-06-14 19:20:38.399 | INFO     | __main__:_materialize_balance_library_for_lane:7823 - Lane G55_TMP 尝试补平衡文库模板: sample_id=phix, test_no=Novaseq X Plus-PE150, index_seq=GGGGGGGGGG;ACCGAGATCT
2026-06-14 19:20:38.405 | INFO     | __main__:_validate_balance_injection_lane_state:7495 - Lane G55_TMP 候选平衡文库 phix 注入校验失败: ['10bp Index占比23.6%低于40%要求']
2026-06-14 19:20:38.406 | INFO     | __main__:_materialize_balance_library_for_lane:7823 - Lane G55_TMP 尝试补平衡文库模板: sample_id=FDSW250185295-1r, test_no=Novaseq X Plus-PE150, index_seq=AGCATCGAGT;AGCATCCTCA
2026-06-14 19:20:38.411 | INFO     | __main__:_validate_balance_injection_lane_state:7495 - Lane G55_TMP 候选平衡文库 FDSW250185295-1r 注入校验失败: ['10bp Index占比23.6%低于40%要求']
2026-06-14 19:20:38.411 | INFO     | __main__:_materialize_balance_library_for_lane:7823 - Lane G55_TMP 尝试补平衡文库模板: sample_id=FDSW250185296-1r, test_no=Novaseq X Plus-PE150, index_seq=CTCACACTGA;CTCACACATG
2026-06-14 19:20:38.417 | INFO     | __main__:_validate_balance_injection_lane_state:7495 - Lane G55_TMP 候选平衡文库 FDSW250185296-1r 注入校验失败: ['10bp Index占比23.6%低于40%要求']
2026-06-14 19:20:38.417 | INFO     | __main__:_materialize_balance_library_for_lane:7823 - Lane G55_TMP 尝试补平衡文库模板: sample_id=FDSW250185298-1r, test_no=Novaseq X Plus-PE150, index_seq=CCGACTAGAT;CCGACTAAGA
2026-06-14 19:20:38.423 | INFO     | __main__:_validate_balance_injection_lane_state:7495 - Lane G55_TMP 候选平衡文库 FDSW250185298-1r 注入校验失败: ['10bp Index占比23.6%低于40%要求']
2026-06-14 19:20:38.423 | INFO     | __main__:_materialize_balance_library_for_lane:7823 - Lane G55_TMP 尝试补平衡文库模板: sample_id=FDSW250185306-1r, test_no=Novaseq X Plus-PE150, index_seq=ACAGAGCGAT;GACTACTCAC
2026-06-14 19:20:38.428 | INFO     | __main__:_validate_balance_injection_lane_state:7495 - Lane G55_TMP 候选平衡文库 FDSW250185306-1r 注入校验失败: ['10bp Index占比23.6%低于40%要求']
2026-06-14 19:20:38.428 | INFO     | __main__:_materialize_balance_library_for_lane:7823 - Lane G55_TMP 尝试补平衡文库模板: sample_id=FDSW250185309-1r, test_no=Novaseq X Plus-PE150, index_seq=GTCACACACT;CAAGTGCTTC
2026-06-14 19:20:38.434 | INFO     | __main__:_validate_balance_injection_lane_state:7495 - Lane G55_TMP 候选平衡文库 FDSW250185309-1r 注入校验失败: ['10bp Index占比23.6%低于40%要求']
2026-06-14 19:20:38.434 | INFO     | __main__:_materialize_balance_library_for_lane:7823 - Lane G55_TMP 尝试补平衡文库模板: sample_id=FDSW250185313-1r, test_no=Novaseq X Plus-PE150, index_seq=ATCGAATGCG;CGATATCTGC
2026-06-14 19:20:38.440 | INFO     | __main__:_validate_balance_injection_lane_state:7495 - Lane G55_TMP 候选平衡文库 FDSW250185313-1r 注入校验失败: ['10bp Index占比23.6%低于40%要求']
2026-06-14 19:20:38.440 | INFO     | __main__:_materialize_balance_library_for_lane:7823 - Lane G55_TMP 尝试补平衡文库模板: sample_id=FDSW250185316-1r, test_no=Novaseq X Plus-PE150, index_seq=TCATTGCACC;ATCGAAGCTC
2026-06-14 19:20:38.445 | INFO     | __main__:_validate_balance_injection_lane_state:7495 - Lane G55_TMP 候选平衡文库 FDSW250185316-1r 注入校验失败: ['10bp Index占比23.6%低于40%要求']
2026-06-14 19:20:38.457 | WARNING  | __main__:_materialize_balance_library_for_lane:7948 - Lane G55_TMP 平衡文库补充失败: 需补 105.284G，实验室=天津科技服务实验室，工序=Novaseq X Plus-PE150
2026-06-14 19:20:38.460 | INFO     | __main__:_materialize_balance_library_for_lane:7823 - Lane G55_TMP 尝试补平衡文库模板: sample_id=phix, test_no=Novaseq X Plus-PE150, index_seq=GGGGGGGGGG;ACCGAGATCT
2026-06-14 19:20:38.462 | INFO     | __main__:_validate_balance_injection_lane_state:7495 - Lane G55_TMP 候选平衡文库 phix 注入校验失败: ['10bp Index占比21.1%低于40%要求']
2026-06-14 19:20:38.463 | INFO     | __main__:_materialize_balance_library_for_lane:7823 - Lane G55_TMP 尝试补平衡文库模板: sample_id=FDSW250185295-1r, test_no=Novaseq X Plus-PE150, index_seq=AGCATCGAGT;AGCATCCTCA
2026-06-14 19:20:38.465 | INFO     | __main__:_validate_balance_injection_lane_state:7495 - Lane G55_TMP 候选平衡文库 FDSW250185295-1r 注入校验失败: ['10bp Index占比21.1%低于40%要求']
2026-06-14 19:20:38.465 | INFO     | __main__:_materialize_balance_library_for_lane:7823 - Lane G55_TMP 尝试补平衡文库模板: sample_id=FDSW250185296-1r, test_no=Novaseq X Plus-PE150, index_seq=CTCACACTGA;CTCACACATG
2026-06-14 19:20:38.468 | INFO     | __main__:_validate_balance_injection_lane_state:7495 - Lane G55_TMP 候选平衡文库 FDSW250185296-1r 注入校验失败: ['10bp Index占比21.1%低于40%要求']
2026-06-14 19:20:38.468 | INFO     | __main__:_materialize_balance_library_for_lane:7823 - Lane G55_TMP 尝试补平衡文库模板: sample_id=FDSW250185298-1r, test_no=Novaseq X Plus-PE150, index_seq=CCGACTAGAT;CCGACTAAGA
2026-06-14 19:20:38.471 | INFO     | __main__:_validate_balance_injection_lane_state:7495 - Lane G55_TMP 候选平衡文库 FDSW250185298-1r 注入校验失败: ['10bp Index占比21.1%低于40%要求']
2026-06-14 19:20:38.471 | INFO     | __main__:_materialize_balance_library_for_lane:7823 - Lane G55_TMP 尝试补平衡文库模板: sample_id=FDSW250185306-1r, test_no=Novaseq X Plus-PE150, index_seq=ACAGAGCGAT;GACTACTCAC
2026-06-14 19:20:38.474 | INFO     | __main__:_validate_balance_injection_lane_state:7495 - Lane G55_TMP 候选平衡文库 FDSW250185306-1r 注入校验失败: ['10bp Index占比21.1%低于40%要求']
2026-06-14 19:20:38.474 | INFO     | __main__:_materialize_balance_library_for_lane:7823 - Lane G55_TMP 尝试补平衡文库模板: sample_id=FDSW250185309-1r, test_no=Novaseq X Plus-PE150, index_seq=GTCACACACT;CAAGTGCTTC
2026-06-14 19:20:38.476 | INFO     | __main__:_validate_balance_injection_lane_state:7495 - Lane G55_TMP 候选平衡文库 FDSW250185309-1r 注入校验失败: ['10bp Index占比21.1%低于40%要求']
2026-06-14 19:20:38.476 | INFO     | __main__:_materialize_balance_library_for_lane:7823 - Lane G55_TMP 尝试补平衡文库模板: sample_id=FDSW250185313-1r, test_no=Novaseq X Plus-PE150, index_seq=ATCGAATGCG;CGATATCTGC
2026-06-14 19:20:38.479 | INFO     | __main__:_validate_balance_injection_lane_state:7495 - Lane G55_TMP 候选平衡文库 FDSW250185313-1r 注入校验失败: ['10bp Index占比21.1%低于40%要求']
2026-06-14 19:20:38.479 | INFO     | __main__:_materialize_balance_library_for_lane:7823 - Lane G55_TMP 尝试补平衡文库模板: sample_id=FDSW250185316-1r, test_no=Novaseq X Plus-PE150, index_seq=TCATTGCACC;ATCGAAGCTC
2026-06-14 19:20:38.482 | INFO     | __main__:_validate_balance_injection_lane_state:7495 - Lane G55_TMP 候选平衡文库 FDSW250185316-1r 注入校验失败: ['10bp Index占比21.1%低于40%要求']
2026-06-14 19:20:38.486 | WARNING  | __main__:_materialize_balance_library_for_lane:7948 - Lane G55_TMP 平衡文库补充失败: 需补 112.053G，实验室=天津科技服务实验室，工序=Novaseq X Plus-PE150
2026-06-14 19:20:43.190 | INFO     | __main__:_materialize_balance_library_for_lane:7823 - Lane G55_TMP 尝试补平衡文库模板: sample_id=phix, test_no=Novaseq X Plus-PE150, index_seq=GGGGGGGGGG;ACCGAGATCT
2026-06-14 19:20:43.611 | INFO     | __main__:_validate_balance_injection_lane_state:7495 - Lane G55_TMP 候选平衡文库 phix 注入校验失败: ['10bp Index占比27.0%低于40%要求']
2026-06-14 19:20:43.612 | INFO     | __main__:_materialize_balance_library_for_lane:7823 - Lane G55_TMP 尝试补平衡文库模板: sample_id=FDSW250185295-1r, test_no=Novaseq X Plus-PE150, index_seq=AGCATCGAGT;AGCATCCTCA
2026-06-14 19:20:44.032 | INFO     | __main__:_validate_balance_injection_lane_state:7495 - Lane G55_TMP 候选平衡文库 FDSW250185295-1r 注入校验失败: ['10bp Index占比27.0%低于40%要求']
2026-06-14 19:20:44.032 | INFO     | __main__:_materialize_balance_library_for_lane:7823 - Lane G55_TMP 尝试补平衡文库模板: sample_id=FDSW250185296-1r, test_no=Novaseq X Plus-PE150, index_seq=CTCACACTGA;CTCACACATG
2026-06-14 19:20:44.452 | INFO     | __main__:_validate_balance_injection_lane_state:7495 - Lane G55_TMP 候选平衡文库 FDSW250185296-1r 注入校验失败: ['10bp Index占比27.0%低于40%要求']
2026-06-14 19:20:44.452 | INFO     | __main__:_materialize_balance_library_for_lane:7823 - Lane G55_TMP 尝试补平衡文库模板: sample_id=FDSW250185298-1r, test_no=Novaseq X Plus-PE150, index_seq=CCGACTAGAT;CCGACTAAGA
2026-06-14 19:20:44.871 | INFO     | __main__:_validate_balance_injection_lane_state:7495 - Lane G55_TMP 候选平衡文库 FDSW250185298-1r 注入校验失败: ['10bp Index占比27.0%低于40%要求']
2026-06-14 19:20:44.871 | INFO     | __main__:_materialize_balance_library_for_lane:7823 - Lane G55_TMP 尝试补平衡文库模板: sample_id=FDSW250185306-1r, test_no=Novaseq X Plus-PE150, index_seq=ACAGAGCGAT;GACTACTCAC
2026-06-14 19:20:45.293 | INFO     | __main__:_validate_balance_injection_lane_state:7495 - Lane G55_TMP 候选平衡文库 FDSW250185306-1r 注入校验失败: ['10bp Index占比27.0%低于40%要求']
2026-06-14 19:20:45.293 | INFO     | __main__:_materialize_balance_library_for_lane:7823 - Lane G55_TMP 尝试补平衡文库模板: sample_id=FDSW250185309-1r, test_no=Novaseq X Plus-PE150, index_seq=GTCACACACT;CAAGTGCTTC
2026-06-14 19:20:45.714 | INFO     | __main__:_validate_balance_injection_lane_state:7495 - Lane G55_TMP 候选平衡文库 FDSW250185309-1r 注入校验失败: ['10bp Index占比27.0%低于40%要求']
2026-06-14 19:20:45.715 | INFO     | __main__:_materialize_balance_library_for_lane:7823 - Lane G55_TMP 尝试补平衡文库模板: sample_id=FDSW250185313-1r, test_no=Novaseq X Plus-PE150, index_seq=ATCGAATGCG;CGATATCTGC
2026-06-14 19:20:46.138 | INFO     | __main__:_validate_balance_injection_lane_state:7495 - Lane G55_TMP 候选平衡文库 FDSW250185313-1r 注入校验失败: ['10bp Index占比27.0%低于40%要求']
2026-06-14 19:20:46.138 | INFO     | __main__:_materialize_balance_library_for_lane:7823 - Lane G55_TMP 尝试补平衡文库模板: sample_id=FDSW250185316-1r, test_no=Novaseq X Plus-PE150, index_seq=TCATTGCACC;ATCGAAGCTC
2026-06-14 19:20:46.560 | INFO     | __main__:_validate_balance_injection_lane_state:7495 - Lane G55_TMP 候选平衡文库 FDSW250185316-1r 注入校验失败: ['10bp Index占比27.0%低于40%要求']
2026-06-14 19:20:47.682 | WARNING  | __main__:_materialize_balance_library_for_lane:7948 - Lane G55_TMP 平衡文库补充失败: 需补 112.086G，实验室=天津科技服务实验室，工序=Novaseq X Plus-PE150
2026-06-14 19:21:02.822 | INFO     | __main__:_materialize_balance_library_for_lane:7823 - Lane G55_TMP 尝试补平衡文库模板: sample_id=phix, test_no=Novaseq X Plus-PE150, index_seq=GGGGGGGGGG;ACCGAGATCT
2026-06-14 19:21:03.371 | INFO     | __main__:_materialize_balance_library_for_lane:7856 - Lane G55_TMP 平衡文库补充成功: sample_id=phix, 数据量=106.086G
2026-06-14 19:21:03.645 | INFO     | __main__:_consume_g55_imbalance_as_mode_lanes:16484 - 步骤1.3 G55跨基础组碱基不均1.1专Lane index冲突定向修复成功: 原始100个/2119.9G, 修复后85个/2015.6G
2026-06-14 19:21:03.645 | INFO     | __main__:_consume_g55_imbalance_as_mode_lanes:16590 - 步骤1.3 G55跨基础组碱基不均1.1专Lane成Lane成功: lane=G55_Nova X-25B_001, 基础组=G16,G18,G19,G26,G27,G29,G33,G35,G36,G5,G50,G52,G58,G7, 使用85个/2015.6G
2026-06-14 19:21:03.652 | INFO     | arrange_library.core.constraints.lane_validator:__init__:165 - 成Lane校验程序初始化完成 (严格模式: True, 碱基不均衡上限: 35%, 特殊文库关键词: 9个)
2026-06-14 19:21:03.652 | INFO     | __main__:arrange_library:20200 - 1.1前碱基不均衡专Lane预抽取完成: 单组=0, G53/G54=3, G55=1, G55消耗文库=85, 总生成Lane=4, 剩余进入1.1普通尝试文库=1417
2026-06-14 19:21:03.652 | INFO     | __main__:arrange_library:20213 - 
================================================================================
2026-06-14 19:21:03.652 | INFO     | __main__:arrange_library:20214 - 步骤1.4: 1.1前客户文库纯Lane预抽取
2026-06-14 19:21:03.653 | INFO     | __main__:arrange_library:20215 - ================================================================================
2026-06-14 19:21:03.656 | INFO     | __main__:_consume_customer_libraries_as_mode_1_1_lanes:10354 - 客户文库1.1优先Lane跳过: FKDL候选54个/1121.3G，按加测/混合150.0G封顶后可用54个/1121.3G，不足1.1容量
2026-06-14 19:21:03.656 | INFO     | __main__:arrange_library:20230 - 1.1前客户文库纯Lane预抽取完成: 生成Lane=0, 消耗文库=0, 剩余进入1.1普通尝试文库=1417
2026-06-14 19:21:03.656 | INFO     | __main__:arrange_library:20241 - 
================================================================================
2026-06-14 19:21:03.656 | INFO     | __main__:arrange_library:20242 - 步骤1.5: 1.1首轮排机
2026-06-14 19:21:03.656 | INFO     | __main__:arrange_library:20243 - ================================================================================
2026-06-14 19:21:03.714 | INFO     | __main__:arrange_library:20265 - 步骤1.5-1: 1.1首轮使用剩余未成Lane全集，候选1417个文库
2026-06-14 19:21:03.755 | INFO     | __main__:arrange_library:20294 - 1.1首轮策略: expensive_rescue=True, peak_window_mixed=False, post_fill_optimization=True
2026-06-14 19:21:03.881 | INFO     | __main__:test_with_model:19285 - 
================================================================================
2026-06-14 19:21:03.881 | INFO     | __main__:test_with_model:19286 - 排机流程：纯规则排机
2026-06-14 19:21:03.881 | INFO     | __main__:test_with_model:19287 - ================================================================================
2026-06-14 19:21:03.881 | INFO     | arrange_library.core.constraints.index_validator_verified:__init__:77 - Index校验器初始化完成（真实数据验证版本）
2026-06-14 19:21:03.881 | INFO     | arrange_library.core.constraints.lane_validator:__init__:165 - 成Lane校验程序初始化完成 (严格模式: True, 碱基不均衡上限: 35%, 特殊文库关键词: 9个)
2026-06-14 19:21:03.883 | WARNING  | arrange_library.core.ai.pooling_coefficient_optimizer:_load_config:40 - Pooling配置表不存在: /data/work/yuyongpeng/liblane_v2_deepseek/data/wktype_pooling_config.xlsx，将使用默认策略
2026-06-14 19:21:03.883 | INFO     | arrange_library.core.ai.pooling_coefficient_optimizer:_load_efficiency_corrections:185 - 产出效率修正表不存在: /data/work/yuyongpeng/liblane_v2_deepseek/data/production_efficiency_correction.csv，跳过后校准
2026-06-14 19:21:03.883 | WARNING  | arrange_library.core.ai.loutput_predictor_wrapper:_load_model:150 - 模型文件不存在: models/loutput_pre_lane_v5/lightgbm_model.pkl
2026-06-14 19:21:03.883 | WARNING  | arrange_library.core.ai.pooling_coefficient_optimizer:__init__:164 - loutput预测器不可用，将使用规则降级策略
2026-06-14 19:21:03.883 | INFO     | arrange_library.core.scheduling.greedy_lane_scheduler:__init__:265 - 逐Lane贪心排机器初始化完成 - 基础容量: 985.0GB, 利用率区间: [100%, 100%], 配置模式: 按机型自动
2026-06-14 19:21:03.883 | INFO     | arrange_library.core.scheduling.greedy_lane_scheduler:__init__:268 - 启用检查: Index=True, 碱基不均衡=True, 规则检查器=False
2026-06-14 19:21:03.883 | INFO     | __main__:test_with_model:19313 - 排机阶段：Pooling优化器已禁用（V6流程不需要）
2026-06-14 19:21:03.884 | INFO     | arrange_library.core.constraints.lane_validator:__init__:165 - 成Lane校验程序初始化完成 (严格模式: True, 碱基不均衡上限: 35%, 特殊文库关键词: 9个)
2026-06-14 19:21:03.884 | INFO     | __main__:test_with_model:19317 - 严格校验容量区间改为按统一配置表动态解析
2026-06-14 19:21:03.892 | INFO     | __main__:test_with_model:19339 - 主流程前置拆分完成: 无需拆分
2026-06-14 19:21:03.892 | INFO     | __main__:test_with_model:19354 - Peak窗口混排预构Lane已按调用方要求关闭
2026-06-14 19:21:03.892 | INFO     | arrange_library.core.scheduling.greedy_lane_scheduler:schedule:1084 - 开始逐Lane贪心排机 - 文库数: 1417
2026-06-14 19:21:03.893 | INFO     | arrange_library.core.scheduling.greedy_lane_scheduler:schedule:1094 - 预拆分完成: 使用外层已拆分文库
2026-06-14 19:21:03.897 | INFO     | arrange_library.core.scheduling.greedy_lane_scheduler:_run_batch_analysis:469 - ===== 批次全局分析报告 =====
2026-06-14 19:21:03.897 | INFO     | arrange_library.core.scheduling.greedy_lane_scheduler:_run_batch_analysis:469 - 机器类型: Nova X-25B
2026-06-14 19:21:03.897 | INFO     | arrange_library.core.scheduling.greedy_lane_scheduler:_run_batch_analysis:469 - 文库总数: 1417
2026-06-14 19:21:03.897 | INFO     | arrange_library.core.scheduling.greedy_lane_scheduler:_run_batch_analysis:469 - 总数据量: 14780.9 GB
2026-06-14 19:21:03.897 | INFO     | arrange_library.core.scheduling.greedy_lane_scheduler:_run_batch_analysis:469 - 预估Lane数: 7~8
2026-06-14 19:21:03.897 | INFO     | arrange_library.core.scheduling.greedy_lane_scheduler:_run_batch_analysis:469 - --- 特征标记 ---
2026-06-14 19:21:03.897 | INFO     | arrange_library.core.scheduling.greedy_lane_scheduler:_run_batch_analysis:469 -   包Lane文库: 无
2026-06-14 19:21:03.897 | INFO     | arrange_library.core.scheduling.greedy_lane_scheduler:_run_batch_analysis:469 -   碱基不均衡: 有
2026-06-14 19:21:03.897 | INFO     | arrange_library.core.scheduling.greedy_lane_scheduler:_run_batch_analysis:469 -   客户文库:   无
2026-06-14 19:21:03.897 | INFO     | arrange_library.core.scheduling.greedy_lane_scheduler:_run_batch_analysis:469 -   10bp文库:   有
2026-06-14 19:21:03.897 | INFO     | arrange_library.core.scheduling.greedy_lane_scheduler:_run_batch_analysis:469 -   非10bp文库: 有
2026-06-14 19:21:03.897 | INFO     | arrange_library.core.scheduling.greedy_lane_scheduler:_run_batch_analysis:469 -   特殊组合:   有
2026-06-14 19:21:03.897 | INFO     | arrange_library.core.scheduling.greedy_lane_scheduler:_run_batch_analysis:469 - --- 分组画像 ---
2026-06-14 19:21:03.897 | INFO     | arrange_library.core.scheduling.greedy_lane_scheduler:_run_batch_analysis:469 -   [non_10bp] 非10碱基文库: 111个文库, 2303.1GB, 预估2~2条Lane
2026-06-14 19:21:03.897 | INFO     | arrange_library.core.scheduling.greedy_lane_scheduler:_run_batch_analysis:469 -   [all] 全部文库: 1417个文库, 14780.9GB, 预估7~8条Lane
2026-06-14 19:21:03.897 | INFO     | arrange_library.core.scheduling.greedy_lane_scheduler:_run_batch_analysis:469 -   [10bp] 10碱基文库: 1306个文库, 12477.8GB, 预估6~6条Lane
2026-06-14 19:21:03.897 | INFO     | arrange_library.core.scheduling.greedy_lane_scheduler:_run_batch_analysis:469 -   [imbalance] 碱基不均衡文库: 102个文库, 4346.2GB, 预估2~3条Lane
2026-06-14 19:21:03.897 | INFO     | arrange_library.core.scheduling.greedy_lane_scheduler:_run_batch_analysis:469 -   [special_combo_a] 10X 5端/VDJ组合: 22个文库, 1393.0GB, 预估1~1条Lane
2026-06-14 19:21:03.897 | INFO     | arrange_library.core.scheduling.greedy_lane_scheduler:_run_batch_analysis:469 -   [special_combo_b] 10X 3端/Visium组合: 8个文库, 800.0GB, 预估1~1条Lane
2026-06-14 19:21:03.897 | INFO     | arrange_library.core.scheduling.greedy_lane_scheduler:_run_batch_analysis:469 - --- 专用Lane推荐 ---
2026-06-14 19:21:03.897 | INFO     | arrange_library.core.scheduling.greedy_lane_scheduler:_run_batch_analysis:469 -   [imbalance] 碱基不均衡文库数据量充足，可包专用Lane避免混排占比限制 - 约2条Lane, 4346.2GB, 置信度: high
2026-06-14 19:21:03.897 | INFO     | arrange_library.core.scheduling.greedy_lane_scheduler:_run_batch_analysis:469 -   [non_10bp] 非10bp文库集中排入专用Lane，避免触发10bp>=40%混排规则 - 约1条Lane, 2303.1GB, 置信度: medium
2026-06-14 19:21:03.897 | INFO     | arrange_library.core.scheduling.greedy_lane_scheduler:_run_batch_analysis:469 - --- 混排约束 ---
2026-06-14 19:21:03.897 | INFO     | arrange_library.core.scheduling.greedy_lane_scheduler:_run_batch_analysis:469 -   [tj_1595_special_combo_groups_not_mixed] special_combo_a vs special_combo_b: 10X 5端/VDJ 与 10X 3端/Visium 文库不可混排，必须分开
2026-06-14 19:21:03.897 | INFO     | arrange_library.core.scheduling.greedy_lane_scheduler:_run_batch_analysis:469 - --- 尾部风险 ---
2026-06-14 19:21:03.897 | INFO     | arrange_library.core.scheduling.greedy_lane_scheduler:_run_batch_analysis:469 -   [imbalance] 碱基不均衡文库排完整Lane后剩余156.2GB，不足半Lane(1048GB)，需要大文库骨架携带或混入散样Lane - 156.2GB, 102个, 严重程度: high
2026-06-14 19:21:03.897 | INFO     | arrange_library.core.scheduling.greedy_lane_scheduler:_run_batch_analysis:469 -   [non_10bp] 非10碱基文库排完整Lane后剩余208.1GB，不足半Lane(1048GB)，需要大文库骨架携带或混入散样Lane - 208.1GB, 111个, 严重程度: high
2026-06-14 19:21:03.897 | INFO     | arrange_library.core.scheduling.greedy_lane_scheduler:_run_batch_analysis:469 -   [special_combo_b] 10X 3端/Visium组合排完整Lane后剩余800.0GB，不足半Lane(998GB)，需要大文库骨架携带或混入散样Lane - 800.0GB, 8个, 严重程度: medium
2026-06-14 19:21:03.897 | INFO     | arrange_library.core.scheduling.greedy_lane_scheduler:_run_batch_analysis:469 - --- 策略建议 ---
2026-06-14 19:21:03.897 | INFO     | arrange_library.core.scheduling.greedy_lane_scheduler:_run_batch_analysis:469 -   - 碱基不均衡文库数据量充足，优先形成专用Lane
2026-06-14 19:21:03.897 | INFO     | arrange_library.core.scheduling.greedy_lane_scheduler:_run_batch_analysis:469 -   - 非10bp文库建议走专用Lane，避免10bp>=40%混排红线
2026-06-14 19:21:03.897 | INFO     | arrange_library.core.scheduling.greedy_lane_scheduler:_run_batch_analysis:469 -   - 存在2个高风险尾部分组，建议启用骨架预留(大带小)
2026-06-14 19:21:03.897 | INFO     | arrange_library.core.scheduling.greedy_lane_scheduler:_run_batch_analysis:469 - ===== 报告结束 =====
2026-06-14 19:21:03.897 | INFO     | arrange_library.core.scheduling.greedy_lane_scheduler:_run_batch_analysis:475 - 保留外部传入的策略执行计划，仅使用批次分析报告
2026-06-14 19:21:03.900 | INFO     | arrange_library.core.scheduling.greedy_lane_scheduler:schedule:1130 - 处理机器类型 Nova X-25B - 文库数: 1417 - Lane容量: 1050.0GB, 利用率区间: [100%, 100%], 特殊文库上限: 350GB
2026-06-14 19:21:03.900 | INFO     | arrange_library.core.scheduling.greedy_lane_scheduler:schedule:1158 - 碱基不均衡专用Lane策略: 102个碱基不均衡文库
2026-06-14 19:21:03.901 | INFO     | arrange_library.core.scheduling.greedy_lane_scheduler:_get_dedicated_lane_profile:983 - 专用Lane分组G26剩余合同量48.0G无法满足1.1或3.6T-NEW有效容量下限
2026-06-14 19:21:03.901 | INFO     | arrange_library.core.scheduling.greedy_lane_scheduler:_get_dedicated_lane_profile:983 - 专用Lane分组G25剩余合同量6.0G无法满足1.1或3.6T-NEW有效容量下限
2026-06-14 19:21:03.901 | INFO     | arrange_library.core.scheduling.greedy_lane_scheduler:_get_dedicated_lane_profile:983 - 专用Lane分组G36剩余合同量1.3G无法满足1.1或3.6T-NEW有效容量下限
2026-06-14 19:21:03.902 | INFO     | arrange_library.core.scheduling.greedy_lane_scheduler:_get_dedicated_lane_profile:983 - 专用Lane分组G33剩余合同量85.0G无法满足1.1或3.6T-NEW有效容量下限
2026-06-14 19:21:03.902 | INFO     | arrange_library.core.scheduling.greedy_lane_scheduler:_get_dedicated_lane_profile:983 - 专用Lane分组G29剩余合同量152.0G无法满足1.1或3.6T-NEW有效容量下限
2026-06-14 19:21:03.902 | INFO     | arrange_library.core.scheduling.greedy_lane_scheduler:_get_dedicated_lane_profile:983 - 专用Lane分组G27剩余合同量609.0G无法满足1.1或3.6T-NEW有效容量下限
2026-06-14 19:21:03.902 | INFO     | arrange_library.core.scheduling.greedy_lane_scheduler:_get_dedicated_lane_profile:983 - 专用Lane分组G34剩余合同量800.0G无法满足1.1或3.6T-NEW有效容量下限
2026-06-14 19:21:03.903 | INFO     | arrange_library.core.scheduling.greedy_lane_scheduler:_get_dedicated_lane_profile:983 - 专用Lane分组G18剩余合同量12.0G无法满足1.1或3.6T-NEW有效容量下限
2026-06-14 19:21:03.903 | INFO     | arrange_library.core.scheduling.greedy_lane_scheduler:schedule:1164 - 形成0条专用Lane，剩余102个碱基不均衡文库
2026-06-14 19:21:07.123 | INFO     | arrange_library.core.scheduling.greedy_lane_scheduler:schedule:1223 - 第二轮排机: 1417 个未分配文库（wkdeliverydate优先，轮转起点）
2026-06-14 19:21:09.961 | INFO     | arrange_library.core.scheduling.greedy_lane_scheduler:schedule:1239 - 第三轮排机: 1417 个未分配文库（小文库优先）
2026-06-14 19:21:27.531 | INFO     | arrange_library.core.scheduling.greedy_lane_scheduler:schedule:1282 - 连续5轮无新Lane且未分配池不变，提前结束无效重试
2026-06-14 19:21:27.533 | INFO     | arrange_library.core.scheduling.greedy_lane_scheduler:_get_dedicated_lane_profile:983 - 专用Lane分组G26剩余合同量48.0G无法满足1.1或3.6T-NEW有效容量下限
2026-06-14 19:21:27.533 | INFO     | arrange_library.core.scheduling.greedy_lane_scheduler:_get_dedicated_lane_profile:983 - 专用Lane分组G25剩余合同量6.0G无法满足1.1或3.6T-NEW有效容量下限
2026-06-14 19:21:27.533 | INFO     | arrange_library.core.scheduling.greedy_lane_scheduler:_get_dedicated_lane_profile:983 - 专用Lane分组G36剩余合同量1.3G无法满足1.1或3.6T-NEW有效容量下限
2026-06-14 19:21:27.534 | INFO     | arrange_library.core.scheduling.greedy_lane_scheduler:_get_dedicated_lane_profile:983 - 专用Lane分组G33剩余合同量85.0G无法满足1.1或3.6T-NEW有效容量下限
2026-06-14 19:21:27.534 | INFO     | arrange_library.core.scheduling.greedy_lane_scheduler:_get_dedicated_lane_profile:983 - 专用Lane分组G29剩余合同量152.0G无法满足1.1或3.6T-NEW有效容量下限
2026-06-14 19:21:27.534 | INFO     | arrange_library.core.scheduling.greedy_lane_scheduler:_get_dedicated_lane_profile:983 - 专用Lane分组G27剩余合同量609.0G无法满足1.1或3.6T-NEW有效容量下限
2026-06-14 19:21:27.534 | INFO     | arrange_library.core.scheduling.greedy_lane_scheduler:_get_dedicated_lane_profile:983 - 专用Lane分组G34剩余合同量800.0G无法满足1.1或3.6T-NEW有效容量下限
2026-06-14 19:21:27.535 | INFO     | arrange_library.core.scheduling.greedy_lane_scheduler:_get_dedicated_lane_profile:983 - 专用Lane分组G18剩余合同量12.0G无法满足1.1或3.6T-NEW有效容量下限
2026-06-14 19:21:27.535 | INFO     | arrange_library.core.scheduling.greedy_lane_scheduler:_build_imbalance_dedicated_lanes:1049 - 专用Lane创建完成: 0条Lane, 102个碱基不均衡文库待分配, 1315个中性文库待分配
2026-06-14 19:21:27.535 | INFO     | arrange_library.core.scheduling.greedy_lane_scheduler:schedule:1814 - 逐Lane贪心排机完成 - Lane数: 0, 已分配: 0/1417, 未分配: 1417, 平均利用率: 0.0%, 耗时: 23.64秒
2026-06-14 19:21:27.535 | INFO     | arrange_library.core.constraints.lane_validator:__init__:165 - 成Lane校验程序初始化完成 (严格模式: False, 碱基不均衡上限: 35%, 特殊文库关键词: 9个)
2026-06-14 19:21:27.535 | INFO     | arrange_library.core.scheduling.greedy_lane_scheduler:_validate_all_lanes:2176 - 最终验证结果: 0条Lane通过，1417个文库未分配
2026-06-14 19:21:27.846 | INFO     | __main__:_build_global_round_robin_lane:5817 - 全局轮转混排未成Lane: prefix=G1, pool_size=1417, best=0个/0.0G, min=2095.0G
2026-06-14 19:21:27.846 | INFO     | __main__:test_with_model:19410 - wkspecialsplits边排边检查完成: 无需调整
2026-06-14 19:21:27.846 | INFO     | __main__:test_with_model:19445 - 验证完成：0条Lane通过验证
2026-06-14 19:21:27.846 | INFO     | __main__:test_with_model:19466 - 57规则二次改排救援已关闭，失败Lane文库回收到未分配池
2026-06-14 19:21:27.849 | INFO     | __main__:_should_skip_expensive_rescue_stage:2853 - 高成本救援(EX/RB)跳过: 当前0条Lane通过验证，未分配池=1417个/14780.9G，继续做高成本救援收益过低
2026-06-14 19:21:27.882 | INFO     | __main__:test_with_model:19483 - 快速交付日期救援未新增Lane
2026-06-14 19:21:27.916 | INFO     | __main__:_build_global_round_robin_lane:5817 - 全局轮转混排未成Lane: prefix=G1, pool_size=1417, best=0个/0.0G, min=2095.0G
2026-06-14 19:21:27.917 | INFO     | __main__:test_with_model:19747 - 剩余库全局轮转混排未新增Lane: 剩余未分配=1417
2026-06-14 19:21:27.919 | INFO     | __main__:test_with_model:19777 - 脚本内置 Pooling 预测已停用，后续统一调用 prediction_delivery
2026-06-14 19:21:27.998 | INFO     | __main__:arrange_library:20375 - 1.1首轮二次补排启动: 首轮剩余文库=1417个
2026-06-14 19:21:27.998 | INFO     | __main__:arrange_library:20376 - 1.1首轮二次补排策略: expensive_rescue=True, peak_window_mixed=True, post_fill_optimization=True
2026-06-14 19:21:28.160 | INFO     | __main__:test_with_model:19285 - 
================================================================================
2026-06-14 19:21:28.160 | INFO     | __main__:test_with_model:19286 - 排机流程：纯规则排机
2026-06-14 19:21:28.160 | INFO     | __main__:test_with_model:19287 - ================================================================================
2026-06-14 19:21:28.160 | INFO     | arrange_library.core.constraints.index_validator_verified:__init__:77 - Index校验器初始化完成（真实数据验证版本）
2026-06-14 19:21:28.161 | INFO     | arrange_library.core.constraints.lane_validator:__init__:165 - 成Lane校验程序初始化完成 (严格模式: True, 碱基不均衡上限: 35%, 特殊文库关键词: 9个)
2026-06-14 19:21:28.162 | WARNING  | arrange_library.core.ai.pooling_coefficient_optimizer:_load_config:40 - Pooling配置表不存在: /data/work/yuyongpeng/liblane_v2_deepseek/data/wktype_pooling_config.xlsx，将使用默认策略
2026-06-14 19:21:28.163 | INFO     | arrange_library.core.ai.pooling_coefficient_optimizer:_load_efficiency_corrections:185 - 产出效率修正表不存在: /data/work/yuyongpeng/liblane_v2_deepseek/data/production_efficiency_correction.csv，跳过后校准
2026-06-14 19:21:28.163 | WARNING  | arrange_library.core.ai.loutput_predictor_wrapper:_load_model:150 - 模型文件不存在: models/loutput_pre_lane_v5/lightgbm_model.pkl
2026-06-14 19:21:28.163 | WARNING  | arrange_library.core.ai.pooling_coefficient_optimizer:__init__:164 - loutput预测器不可用，将使用规则降级策略
2026-06-14 19:21:28.163 | INFO     | arrange_library.core.scheduling.greedy_lane_scheduler:__init__:265 - 逐Lane贪心排机器初始化完成 - 基础容量: 985.0GB, 利用率区间: [100%, 100%], 配置模式: 按机型自动
2026-06-14 19:21:28.163 | INFO     | arrange_library.core.scheduling.greedy_lane_scheduler:__init__:268 - 启用检查: Index=True, 碱基不均衡=True, 规则检查器=False
2026-06-14 19:21:28.163 | INFO     | __main__:test_with_model:19313 - 排机阶段：Pooling优化器已禁用（V6流程不需要）
2026-06-14 19:21:28.163 | INFO     | arrange_library.core.constraints.lane_validator:__init__:165 - 成Lane校验程序初始化完成 (严格模式: True, 碱基不均衡上限: 35%, 特殊文库关键词: 9个)
2026-06-14 19:21:28.163 | INFO     | __main__:test_with_model:19317 - 严格校验容量区间改为按统一配置表动态解析
2026-06-14 19:21:28.171 | INFO     | __main__:test_with_model:19339 - 主流程前置拆分完成: 无需拆分
2026-06-14 19:21:28.421 | INFO     | __main__:_extract_mixed_lanes_by_peak_window:8433 - 混排Peak窗口: 344-494bp, 1336个文库/12920G, 理论最多6条Lane
2026-06-14 19:21:28.848 | INFO     | __main__:_extract_mixed_lanes_by_peak_window:8469 - 混排Lane预抽取完成: 新增Lane=0，使用文库=0个/0.0G，剩余待排=1417个/14780.9G
2026-06-14 19:21:28.848 | INFO     | arrange_library.core.scheduling.greedy_lane_scheduler:schedule:1084 - 开始逐Lane贪心排机 - 文库数: 1417
2026-06-14 19:21:28.848 | INFO     | arrange_library.core.scheduling.greedy_lane_scheduler:schedule:1094 - 预拆分完成: 使用外层已拆分文库
2026-06-14 19:21:28.852 | INFO     | arrange_library.core.scheduling.greedy_lane_scheduler:_run_batch_analysis:469 - ===== 批次全局分析报告 =====
2026-06-14 19:21:28.852 | INFO     | arrange_library.core.scheduling.greedy_lane_scheduler:_run_batch_analysis:469 - 机器类型: Nova X-25B
2026-06-14 19:21:28.852 | INFO     | arrange_library.core.scheduling.greedy_lane_scheduler:_run_batch_analysis:469 - 文库总数: 1417
2026-06-14 19:21:28.852 | INFO     | arrange_library.core.scheduling.greedy_lane_scheduler:_run_batch_analysis:469 - 总数据量: 14780.9 GB
2026-06-14 19:21:28.852 | INFO     | arrange_library.core.scheduling.greedy_lane_scheduler:_run_batch_analysis:469 - 预估Lane数: 7~8
2026-06-14 19:21:28.852 | INFO     | arrange_library.core.scheduling.greedy_lane_scheduler:_run_batch_analysis:469 - --- 特征标记 ---
2026-06-14 19:21:28.852 | INFO     | arrange_library.core.scheduling.greedy_lane_scheduler:_run_batch_analysis:469 -   包Lane文库: 无
2026-06-14 19:21:28.852 | INFO     | arrange_library.core.scheduling.greedy_lane_scheduler:_run_batch_analysis:469 -   碱基不均衡: 有
2026-06-14 19:21:28.852 | INFO     | arrange_library.core.scheduling.greedy_lane_scheduler:_run_batch_analysis:469 -   客户文库:   无
2026-06-14 19:21:28.852 | INFO     | arrange_library.core.scheduling.greedy_lane_scheduler:_run_batch_analysis:469 -   10bp文库:   有
2026-06-14 19:21:28.852 | INFO     | arrange_library.core.scheduling.greedy_lane_scheduler:_run_batch_analysis:469 -   非10bp文库: 有
2026-06-14 19:21:28.852 | INFO     | arrange_library.core.scheduling.greedy_lane_scheduler:_run_batch_analysis:469 -   特殊组合:   有
2026-06-14 19:21:28.853 | INFO     | arrange_library.core.scheduling.greedy_lane_scheduler:_run_batch_analysis:469 - --- 分组画像 ---
2026-06-14 19:21:28.853 | INFO     | arrange_library.core.scheduling.greedy_lane_scheduler:_run_batch_analysis:469 -   [imbalance] 碱基不均衡文库: 102个文库, 4346.2GB, 预估2~3条Lane
2026-06-14 19:21:28.853 | INFO     | arrange_library.core.scheduling.greedy_lane_scheduler:_run_batch_analysis:469 -   [non_10bp] 非10碱基文库: 111个文库, 2303.1GB, 预估2~2条Lane
2026-06-14 19:21:28.853 | INFO     | arrange_library.core.scheduling.greedy_lane_scheduler:_run_batch_analysis:469 -   [all] 全部文库: 1417个文库, 14780.9GB, 预估7~8条Lane
2026-06-14 19:21:28.853 | INFO     | arrange_library.core.scheduling.greedy_lane_scheduler:_run_batch_analysis:469 -   [10bp] 10碱基文库: 1306个文库, 12477.8GB, 预估6~6条Lane
2026-06-14 19:21:28.853 | INFO     | arrange_library.core.scheduling.greedy_lane_scheduler:_run_batch_analysis:469 -   [special_combo_a] 10X 5端/VDJ组合: 22个文库, 1393.0GB, 预估1~1条Lane
2026-06-14 19:21:28.853 | INFO     | arrange_library.core.scheduling.greedy_lane_scheduler:_run_batch_analysis:469 -   [special_combo_b] 10X 3端/Visium组合: 8个文库, 800.0GB, 预估1~1条Lane
2026-06-14 19:21:28.853 | INFO     | arrange_library.core.scheduling.greedy_lane_scheduler:_run_batch_analysis:469 - --- 专用Lane推荐 ---
2026-06-14 19:21:28.853 | INFO     | arrange_library.core.scheduling.greedy_lane_scheduler:_run_batch_analysis:469 -   [imbalance] 碱基不均衡文库数据量充足，可包专用Lane避免混排占比限制 - 约2条Lane, 4346.2GB, 置信度: high
2026-06-14 19:21:28.853 | INFO     | arrange_library.core.scheduling.greedy_lane_scheduler:_run_batch_analysis:469 -   [non_10bp] 非10bp文库集中排入专用Lane，避免触发10bp>=40%混排规则 - 约1条Lane, 2303.1GB, 置信度: medium
2026-06-14 19:21:28.853 | INFO     | arrange_library.core.scheduling.greedy_lane_scheduler:_run_batch_analysis:469 - --- 混排约束 ---
2026-06-14 19:21:28.853 | INFO     | arrange_library.core.scheduling.greedy_lane_scheduler:_run_batch_analysis:469 -   [tj_1595_special_combo_groups_not_mixed] special_combo_a vs special_combo_b: 10X 5端/VDJ 与 10X 3端/Visium 文库不可混排，必须分开
2026-06-14 19:21:28.853 | INFO     | arrange_library.core.scheduling.greedy_lane_scheduler:_run_batch_analysis:469 - --- 尾部风险 ---
2026-06-14 19:21:28.853 | INFO     | arrange_library.core.scheduling.greedy_lane_scheduler:_run_batch_analysis:469 -   [imbalance] 碱基不均衡文库排完整Lane后剩余156.2GB，不足半Lane(1048GB)，需要大文库骨架携带或混入散样Lane - 156.2GB, 102个, 严重程度: high
2026-06-14 19:21:28.853 | INFO     | arrange_library.core.scheduling.greedy_lane_scheduler:_run_batch_analysis:469 -   [non_10bp] 非10碱基文库排完整Lane后剩余208.1GB，不足半Lane(1048GB)，需要大文库骨架携带或混入散样Lane - 208.1GB, 111个, 严重程度: high
2026-06-14 19:21:28.853 | INFO     | arrange_library.core.scheduling.greedy_lane_scheduler:_run_batch_analysis:469 -   [special_combo_b] 10X 3端/Visium组合排完整Lane后剩余800.0GB，不足半Lane(998GB)，需要大文库骨架携带或混入散样Lane - 800.0GB, 8个, 严重程度: medium
2026-06-14 19:21:28.853 | INFO     | arrange_library.core.scheduling.greedy_lane_scheduler:_run_batch_analysis:469 - --- 策略建议 ---
2026-06-14 19:21:28.853 | INFO     | arrange_library.core.scheduling.greedy_lane_scheduler:_run_batch_analysis:469 -   - 碱基不均衡文库数据量充足，优先形成专用Lane
2026-06-14 19:21:28.853 | INFO     | arrange_library.core.scheduling.greedy_lane_scheduler:_run_batch_analysis:469 -   - 非10bp文库建议走专用Lane，避免10bp>=40%混排红线
2026-06-14 19:21:28.853 | INFO     | arrange_library.core.scheduling.greedy_lane_scheduler:_run_batch_analysis:469 -   - 存在2个高风险尾部分组，建议启用骨架预留(大带小)
2026-06-14 19:21:28.853 | INFO     | arrange_library.core.scheduling.greedy_lane_scheduler:_run_batch_analysis:469 - ===== 报告结束 =====
2026-06-14 19:21:28.853 | INFO     | arrange_library.core.scheduling.greedy_lane_scheduler:_run_batch_analysis:475 - 保留外部传入的策略执行计划，仅使用批次分析报告
2026-06-14 19:21:28.855 | INFO     | arrange_library.core.scheduling.greedy_lane_scheduler:schedule:1130 - 处理机器类型 Nova X-25B - 文库数: 1417 - Lane容量: 1050.0GB, 利用率区间: [100%, 100%], 特殊文库上限: 350GB
2026-06-14 19:21:28.856 | INFO     | arrange_library.core.scheduling.greedy_lane_scheduler:schedule:1158 - 碱基不均衡专用Lane策略: 102个碱基不均衡文库
2026-06-14 19:21:28.856 | INFO     | arrange_library.core.scheduling.greedy_lane_scheduler:_get_dedicated_lane_profile:983 - 专用Lane分组G26剩余合同量48.0G无法满足1.1或3.6T-NEW有效容量下限
2026-06-14 19:21:28.856 | INFO     | arrange_library.core.scheduling.greedy_lane_scheduler:_get_dedicated_lane_profile:983 - 专用Lane分组G25剩余合同量6.0G无法满足1.1或3.6T-NEW有效容量下限
2026-06-14 19:21:28.857 | INFO     | arrange_library.core.scheduling.greedy_lane_scheduler:_get_dedicated_lane_profile:983 - 专用Lane分组G36剩余合同量1.3G无法满足1.1或3.6T-NEW有效容量下限
2026-06-14 19:21:28.857 | INFO     | arrange_library.core.scheduling.greedy_lane_scheduler:_get_dedicated_lane_profile:983 - 专用Lane分组G33剩余合同量85.0G无法满足1.1或3.6T-NEW有效容量下限
2026-06-14 19:21:28.857 | INFO     | arrange_library.core.scheduling.greedy_lane_scheduler:_get_dedicated_lane_profile:983 - 专用Lane分组G29剩余合同量152.0G无法满足1.1或3.6T-NEW有效容量下限
2026-06-14 19:21:28.858 | INFO     | arrange_library.core.scheduling.greedy_lane_scheduler:_get_dedicated_lane_profile:983 - 专用Lane分组G27剩余合同量609.0G无法满足1.1或3.6T-NEW有效容量下限
2026-06-14 19:21:28.858 | INFO     | arrange_library.core.scheduling.greedy_lane_scheduler:_get_dedicated_lane_profile:983 - 专用Lane分组G34剩余合同量800.0G无法满足1.1或3.6T-NEW有效容量下限
2026-06-14 19:21:28.858 | INFO     | arrange_library.core.scheduling.greedy_lane_scheduler:_get_dedicated_lane_profile:983 - 专用Lane分组G18剩余合同量12.0G无法满足1.1或3.6T-NEW有效容量下限
2026-06-14 19:21:28.858 | INFO     | arrange_library.core.scheduling.greedy_lane_scheduler:schedule:1164 - 形成0条专用Lane，剩余102个碱基不均衡文库
2026-06-14 19:21:32.163 | INFO     | arrange_library.core.scheduling.greedy_lane_scheduler:schedule:1223 - 第二轮排机: 1417 个未分配文库（wkdeliverydate优先，轮转起点）
2026-06-14 19:21:35.150 | INFO     | arrange_library.core.scheduling.greedy_lane_scheduler:schedule:1239 - 第三轮排机: 1417 个未分配文库（小文库优先）
2026-06-14 19:21:53.529 | INFO     | arrange_library.core.scheduling.greedy_lane_scheduler:schedule:1282 - 连续5轮无新Lane且未分配池不变，提前结束无效重试
2026-06-14 19:21:53.531 | INFO     | arrange_library.core.scheduling.greedy_lane_scheduler:_get_dedicated_lane_profile:983 - 专用Lane分组G26剩余合同量48.0G无法满足1.1或3.6T-NEW有效容量下限
2026-06-14 19:21:53.531 | INFO     | arrange_library.core.scheduling.greedy_lane_scheduler:_get_dedicated_lane_profile:983 - 专用Lane分组G25剩余合同量6.0G无法满足1.1或3.6T-NEW有效容量下限
2026-06-14 19:21:53.531 | INFO     | arrange_library.core.scheduling.greedy_lane_scheduler:_get_dedicated_lane_profile:983 - 专用Lane分组G36剩余合同量1.3G无法满足1.1或3.6T-NEW有效容量下限
2026-06-14 19:21:53.532 | INFO     | arrange_library.core.scheduling.greedy_lane_scheduler:_get_dedicated_lane_profile:983 - 专用Lane分组G33剩余合同量85.0G无法满足1.1或3.6T-NEW有效容量下限
2026-06-14 19:21:53.532 | INFO     | arrange_library.core.scheduling.greedy_lane_scheduler:_get_dedicated_lane_profile:983 - 专用Lane分组G29剩余合同量152.0G无法满足1.1或3.6T-NEW有效容量下限
2026-06-14 19:21:53.532 | INFO     | arrange_library.core.scheduling.greedy_lane_scheduler:_get_dedicated_lane_profile:983 - 专用Lane分组G27剩余合同量609.0G无法满足1.1或3.6T-NEW有效容量下限
2026-06-14 19:21:53.532 | INFO     | arrange_library.core.scheduling.greedy_lane_scheduler:_get_dedicated_lane_profile:983 - 专用Lane分组G34剩余合同量800.0G无法满足1.1或3.6T-NEW有效容量下限
2026-06-14 19:21:53.533 | INFO     | arrange_library.core.scheduling.greedy_lane_scheduler:_get_dedicated_lane_profile:983 - 专用Lane分组G18剩余合同量12.0G无法满足1.1或3.6T-NEW有效容量下限
2026-06-14 19:21:53.533 | INFO     | arrange_library.core.scheduling.greedy_lane_scheduler:_build_imbalance_dedicated_lanes:1049 - 专用Lane创建完成: 0条Lane, 102个碱基不均衡文库待分配, 1315个中性文库待分配
2026-06-14 19:21:53.533 | INFO     | arrange_library.core.scheduling.greedy_lane_scheduler:schedule:1814 - 逐Lane贪心排机完成 - Lane数: 0, 已分配: 0/1417, 未分配: 1417, 平均利用率: 0.0%, 耗时: 24.68秒
2026-06-14 19:21:53.533 | INFO     | arrange_library.core.constraints.lane_validator:__init__:165 - 成Lane校验程序初始化完成 (严格模式: False, 碱基不均衡上限: 35%, 特殊文库关键词: 9个)
2026-06-14 19:21:53.533 | INFO     | arrange_library.core.scheduling.greedy_lane_scheduler:_validate_all_lanes:2176 - 最终验证结果: 0条Lane通过，1417个文库未分配
2026-06-14 19:21:53.567 | INFO     | __main__:_build_global_round_robin_lane:5817 - 全局轮转混排未成Lane: prefix=G1, pool_size=1417, best=0个/0.0G, min=2095.0G
2026-06-14 19:21:53.567 | INFO     | __main__:test_with_model:19410 - wkspecialsplits边排边检查完成: 无需调整
2026-06-14 19:21:53.567 | INFO     | __main__:test_with_model:19445 - 验证完成：0条Lane通过验证
2026-06-14 19:21:53.567 | INFO     | __main__:test_with_model:19466 - 57规则二次改排救援已关闭，失败Lane文库回收到未分配池
2026-06-14 19:21:53.569 | INFO     | __main__:_should_skip_expensive_rescue_stage:2853 - 高成本救援(EX/RB)跳过: 当前0条Lane通过验证，未分配池=1417个/14780.9G，继续做高成本救援收益过低
2026-06-14 19:21:53.602 | INFO     | __main__:test_with_model:19483 - 快速交付日期救援未新增Lane
2026-06-14 19:21:53.636 | INFO     | __main__:_build_global_round_robin_lane:5817 - 全局轮转混排未成Lane: prefix=G1, pool_size=1417, best=0个/0.0G, min=2095.0G
2026-06-14 19:21:53.636 | INFO     | __main__:test_with_model:19747 - 剩余库全局轮转混排未新增Lane: 剩余未分配=1417
2026-06-14 19:21:53.639 | INFO     | __main__:test_with_model:19777 - 脚本内置 Pooling 预测已停用，后续统一调用 prediction_delivery
2026-06-14 19:21:53.642 | INFO     | __main__:arrange_library:20446 - 1.1首轮二次补排完成: 新增Lane=0, 剩余文库=1417
2026-06-14 19:21:53.649 | INFO     | __main__:arrange_library:20459 - 1.1首轮剩余中11个<=500G未拆分原始文库继续保留给1.1尾货抽取，不进入普通3.6T候选池
2026-06-14 19:21:53.650 | INFO     | __main__:arrange_library:20465 - 步骤1.5-3候选池接收1.1剩余可进3.6T文库1406个，继续进入3.6T-NEW
2026-06-14 19:21:53.650 | INFO     | __main__:arrange_library:20469 - 1.1首轮排机完成: 生成0条Lane
2026-06-14 19:21:53.650 | INFO     | __main__:arrange_library:20489 - 步骤1.5后追加<=500G未拆分原始文库到尾货1.1池: 11个
2026-06-14 19:21:53.650 | INFO     | __main__:arrange_library:20494 - 1.1首轮排机阶段完成: 3.6T-NEW后续候选池=1417个文库, 1.1 Lane=0条
2026-06-14 19:21:53.692 | INFO     | __main__:_try_build_near_min_global_mode_1_1_lane_from_pool:9529 - 全局1.1近下限构Lane未成Lane: pool_size=11, pool_data=2112.0G, best=5个/1042.0G/5对index, rejects={'imbalance_ratio': 112, 'special_limit': 36}, validation_top=[]
2026-06-14 19:21:53.692 | INFO     | __main__:_try_build_global_mode_1_1_lane_from_pool:9684 - 全局1.1构Lane尝试: attempt=global_scattered_balance, lane_prefix=GL, pool_size=11, pool_data=2112.0G, prioritize_scattered_mix=True
2026-06-14 19:21:53.695 | INFO     | __main__:_attempt_build_lane_from_pool:5636 - 全局1.1构Lane失败诊断: prefix=GL, machine=Nova X-25B, pool_size=11, pool_data=2112.0G, attempts=2, index_retries=0, other_retries=1, best=6个/1192.0G/6对index, counters={'below_min': 1}, validation_top=[]
2026-06-14 19:21:53.695 | INFO     | __main__:_try_build_global_mode_1_1_lane_from_pool:9684 - 全局1.1构Lane尝试: attempt=global_budgeted_ratio, lane_prefix=GL, pool_size=11, pool_data=2112.0G, prioritize_scattered_mix=False
2026-06-14 19:21:53.726 | INFO     | __main__:_attempt_build_lane_from_pool:5636 - 全局1.1构Lane失败诊断: prefix=GL, machine=Nova X-25B, pool_size=11, pool_data=2112.0G, attempts=20, index_retries=0, other_retries=20, best=9个/1752.0G/9对index, counters={'skip_incremental_index': 40, 'below_min': 20}, validation_top=[]
2026-06-14 19:21:53.726 | INFO     | __main__:_try_build_global_mode_1_1_lane_from_pool:9716 - 全局1.1构Lane未成Lane: lane_prefix=GL, pool_size=11, pool_data=2112.0G
2026-06-14 19:21:53.726 | INFO     | __main__:arrange_library:20528 - 
================================================================================
2026-06-14 19:21:53.726 | INFO     | __main__:arrange_library:20529 - 步骤1.6: 尾货1.1专Lane、纯不均混排与普通Lane二次抽取
2026-06-14 19:21:53.726 | INFO     | __main__:arrange_library:20530 - ================================================================================
2026-06-14 19:21:53.727 | INFO     | arrange_library.core.constraints.index_validator_verified:__init__:77 - Index校验器初始化完成（真实数据验证版本）
2026-06-14 19:21:53.728 | INFO     | arrange_library.core.constraints.lane_validator:__init__:165 - 成Lane校验程序初始化完成 (严格模式: True, 碱基不均衡上限: 35%, 特殊文库关键词: 9个)
2026-06-14 19:21:53.729 | WARNING  | arrange_library.core.ai.pooling_coefficient_optimizer:_load_config:40 - Pooling配置表不存在: /data/work/yuyongpeng/liblane_v2_deepseek/data/wktype_pooling_config.xlsx，将使用默认策略
2026-06-14 19:21:53.729 | INFO     | arrange_library.core.ai.pooling_coefficient_optimizer:_load_efficiency_corrections:185 - 产出效率修正表不存在: /data/work/yuyongpeng/liblane_v2_deepseek/data/production_efficiency_correction.csv，跳过后校准
2026-06-14 19:21:53.729 | WARNING  | arrange_library.core.ai.loutput_predictor_wrapper:_load_model:150 - 模型文件不存在: models/loutput_pre_lane_v5/lightgbm_model.pkl
2026-06-14 19:21:53.729 | WARNING  | arrange_library.core.ai.pooling_coefficient_optimizer:__init__:164 - loutput预测器不可用，将使用规则降级策略
2026-06-14 19:21:53.729 | INFO     | arrange_library.core.scheduling.greedy_lane_scheduler:__init__:265 - 逐Lane贪心排机器初始化完成 - 基础容量: 985.0GB, 利用率区间: [100%, 100%], 配置模式: 按机型自动
2026-06-14 19:21:53.729 | INFO     | arrange_library.core.scheduling.greedy_lane_scheduler:__init__:268 - 启用检查: Index=True, 碱基不均衡=True, 规则检查器=False
2026-06-14 19:21:53.730 | INFO     | arrange_library.core.scheduling.greedy_lane_scheduler:_get_dedicated_lane_profile:983 - 专用Lane分组G26剩余合同量48.0G无法满足1.1或3.6T-NEW有效容量下限
2026-06-14 19:21:53.730 | INFO     | arrange_library.core.scheduling.greedy_lane_scheduler:_get_dedicated_lane_profile:983 - 专用Lane分组G25剩余合同量6.0G无法满足1.1或3.6T-NEW有效容量下限
2026-06-14 19:21:53.730 | INFO     | arrange_library.core.scheduling.greedy_lane_scheduler:_get_dedicated_lane_profile:983 - 专用Lane分组G36剩余合同量1.3G无法满足1.1或3.6T-NEW有效容量下限
2026-06-14 19:21:53.730 | INFO     | arrange_library.core.scheduling.greedy_lane_scheduler:_get_dedicated_lane_profile:983 - 专用Lane分组G33剩余合同量85.0G无法满足1.1或3.6T-NEW有效容量下限
2026-06-14 19:21:53.730 | INFO     | arrange_library.core.scheduling.greedy_lane_scheduler:_get_dedicated_lane_profile:983 - 专用Lane分组G29剩余合同量152.0G无法满足1.1或3.6T-NEW有效容量下限
2026-06-14 19:21:53.731 | INFO     | arrange_library.core.scheduling.greedy_lane_scheduler:_get_dedicated_lane_profile:983 - 专用Lane分组G27剩余合同量609.0G无法满足1.1或3.6T-NEW有效容量下限
2026-06-14 19:21:53.731 | INFO     | arrange_library.core.scheduling.greedy_lane_scheduler:_get_dedicated_lane_profile:983 - 专用Lane分组G34剩余合同量800.0G无法满足1.1或3.6T-NEW有效容量下限
2026-06-14 19:21:53.731 | INFO     | arrange_library.core.scheduling.greedy_lane_scheduler:_get_dedicated_lane_profile:983 - 专用Lane分组G18剩余合同量12.0G无法满足1.1或3.6T-NEW有效容量下限
2026-06-14 19:21:53.731 | INFO     | __main__:arrange_library:20554 - 尾货1.1碱基不均衡专Lane二次抽取未形成新Lane
2026-06-14 19:21:53.735 | INFO     | __main__:arrange_library:20578 - 尾货G55跨基础组碱基不均1.1专Lane未形成新Lane
2026-06-14 19:21:56.001 | INFO     | __main__:_try_build_near_min_global_mode_1_1_lane_from_pool:9492 - 全局1.1近下限构Lane成功: group=normal, variant=large_first, lane=GL_Nova X-25B_001, 使用390个/2100.9G
2026-06-14 19:21:56.575 | INFO     | __main__:_try_build_near_min_global_mode_1_1_lane_from_pool:9492 - 全局1.1近下限构Lane成功: group=normal, variant=large_first, lane=GL_Nova X-25B_002, 使用188个/2112.5G
2026-06-14 19:22:00.336 | INFO     | __main__:_try_build_near_min_global_mode_1_1_lane_from_pool:9492 - 全局1.1近下限构Lane成功: group=normal, variant=small_first, lane=GL_Nova X-25B_003, 使用306个/2098.8G
2026-06-14 19:22:09.271 | INFO     | __main__:_try_build_near_min_global_mode_1_1_lane_from_pool:9519 - 全局1.1近下限构Lane早停: 连续3次构造变体未新增Lane，pool_size=533, pool_data=8468.6G
2026-06-14 19:22:09.272 | INFO     | __main__:_try_build_near_min_global_mode_1_1_lane_from_pool:9529 - 全局1.1近下限构Lane未成Lane: pool_size=533, pool_data=8468.6G, best=118个/2254.9G/124对index, rejects={'over_max': 3201, 'imbalance_ratio': 140, 'incremental_index': 34}, validation_top=[('customer_production_mix_ratio: 手工/客户侧与产线混合Lane少数侧占比1.7%不符合规则(应>=5%)', 36), ('customer_production_mix_ratio: 手工/客户侧与产线混合Lane少数侧占比1.6%不符合规则(应>=5%)', 27), ('customer_production_mix_ratio: 手工/客户侧与产线混合Lane少数侧占比1.1%不符合规则(应>=5%)', 21), ('customer_production_mix_ratio: 手工/客户侧与产线混合Lane少数侧占比1.2%不符合规则(应>=5%)', 12), ('customer_production_mix_ratio: 手工/客户侧与产线混合Lane少数侧占比1.8%不符合规则(应>=5%)', 9), ('customer_production_mix_ratio: 手工/客户侧与产线混合Lane少数侧占比2.0%不符合规则(应>=5%)', 9), ('customer_production_mix_ratio: 手工/客户侧与产线混合Lane少数侧占比1.9%不符合规则(应>=5%)', 6), ('customer_production_mix_ratio: 手工/客户侧与产线混合Lane少数侧占比1.5%不符合规则(应>=5%)', 3)]
2026-06-14 19:22:09.274 | INFO     | __main__:_try_build_global_mode_1_1_lane_from_pool:9684 - 全局1.1构Lane尝试: attempt=global_scattered_balance, lane_prefix=GL, pool_size=533, pool_data=8468.6G, prioritize_scattered_mix=True
2026-06-14 19:22:10.497 | INFO     | __main__:_try_build_global_mode_1_1_lane_from_pool:9707 - 全局1.1构Lane成功: attempt=global_scattered_balance, lane=GL_Nova X-25B_004, 使用141个/2100.8G
2026-06-14 19:22:10.855 | INFO     | __main__:_try_build_near_min_global_mode_1_1_lane_from_pool:9492 - 全局1.1近下限构Lane成功: group=normal, variant=large_first, lane=GL_Nova X-25B_005, 使用172个/2095.3G
2026-06-14 19:22:11.824 | INFO     | __main__:_try_build_near_min_global_mode_1_1_lane_from_pool:9519 - 全局1.1近下限构Lane早停: 连续3次构造变体未新增Lane，pool_size=220, pool_data=4272.5G
2026-06-14 19:22:11.825 | INFO     | __main__:_try_build_near_min_global_mode_1_1_lane_from_pool:9529 - 全局1.1近下限构Lane未成Lane: pool_size=220, pool_data=4272.5G, best=89个/348.2G/92对index, rejects={'incremental_index': 696, 'imbalance_ratio': 328}, validation_top=[]
2026-06-14 19:22:11.825 | INFO     | __main__:_try_build_global_mode_1_1_lane_from_pool:9684 - 全局1.1构Lane尝试: attempt=global_scattered_balance, lane_prefix=GL, pool_size=220, pool_data=4272.5G, prioritize_scattered_mix=True
2026-06-14 19:22:12.953 | INFO     | __main__:_attempt_build_lane_from_pool:5636 - 全局1.1构Lane失败诊断: prefix=GL, machine=Nova X-25B, pool_size=220, pool_data=4272.5G, attempts=2, index_retries=0, other_retries=1, best=91个/596.5G/94对index, counters={'skip_incremental_index': 1063, 'below_min': 1}, validation_top=[]
2026-06-14 19:22:12.953 | INFO     | __main__:_try_build_global_mode_1_1_lane_from_pool:9684 - 全局1.1构Lane尝试: attempt=global_budgeted_ratio, lane_prefix=GL, pool_size=220, pool_data=4272.5G, prioritize_scattered_mix=False
2026-06-14 19:22:14.721 | INFO     | __main__:_attempt_build_lane_from_pool:5636 - 全局1.1构Lane失败诊断: prefix=GL, machine=Nova X-25B, pool_size=220, pool_data=4272.5G, attempts=20, index_retries=0, other_retries=20, best=111个/2254.5G/117对index, counters={'skip_incremental_index': 1645, 'skip_over_max': 44, 'full_validation_failed': 20}, validation_top=[('rule_matrix_constraint: 组合1与组合2文库类型不可混排', 20), ('base_imbalance_ratio: 碱基不均衡占比88.8%超过35%限制', 9), ('peak_size: Peak Size范围418bp超过150bp，最佳窗口覆盖72.9%<75%', 9), ('special_library_limit: 特殊文库总量1965.0G超过350.0G限制', 9), ('base_imbalance_ratio: 碱基不均衡占比88.3%超过35%限制', 3), ('peak_size: Peak Size范围418bp超过150bp，最佳窗口覆盖71.6%<75%', 3), ('special_library_limit: 特殊文库总量1865.0G超过350.0G限制', 3), ('base_imbalance_ratio: 碱基不均衡占比85.8%超过35%限制', 3)]
2026-06-14 19:22:14.721 | INFO     | __main__:_try_build_global_mode_1_1_lane_from_pool:9716 - 全局1.1构Lane未成Lane: lane_prefix=GL, pool_size=220, pool_data=4272.5G
2026-06-14 19:22:14.731 | INFO     | __main__:arrange_library:20615 - 快速交付日期1.1尾货救援未形成新Lane
2026-06-14 19:22:14.731 | INFO     | arrange_library.core.constraints.lane_validator:__init__:165 - 成Lane校验程序初始化完成 (严格模式: True, 碱基不均衡上限: 35%, 特殊文库关键词: 9个)
2026-06-14 19:22:14.736 | INFO     | __main__:arrange_library:20624 - 尾货1.1普通Lane二次抽取完成: 新增Lane=5, 消耗文库=1197, 剩余进入普通3.6T排机文库=220
2026-06-14 19:22:15.591 | INFO     | __main__:arrange_library:20679 - 步骤2前置分流: 5个<=500G未拆分原始文库已完成1.1多轮尝试但未成Lane；其中5个允许强制拆分后进3.6T，0个因拆分后过小保留未分配输出
2026-06-14 19:22:15.591 | INFO     | __main__:arrange_library:20687 - 
================================================================================
2026-06-14 19:22:15.591 | INFO     | __main__:arrange_library:20688 - 步骤2: 处理普通文库（使用GreedyLaneScheduler）
2026-06-14 19:22:15.591 | INFO     | __main__:arrange_library:20689 - ================================================================================
2026-06-14 19:22:15.605 | INFO     | __main__:_proactively_build_split_family_lanes_from_pool:17455 - 步骤2前置拆分家族构建未构建出完整拆分Lane
2026-06-14 19:22:15.605 | INFO     | arrange_library.core.constraints.index_validator_verified:__init__:77 - Index校验器初始化完成（真实数据验证版本）
2026-06-14 19:22:15.606 | INFO     | arrange_library.core.constraints.lane_validator:__init__:165 - 成Lane校验程序初始化完成 (严格模式: True, 碱基不均衡上限: 35%, 特殊文库关键词: 9个)
2026-06-14 19:22:15.607 | WARNING  | arrange_library.core.ai.pooling_coefficient_optimizer:_load_config:40 - Pooling配置表不存在: /data/work/yuyongpeng/liblane_v2_deepseek/data/wktype_pooling_config.xlsx，将使用默认策略
2026-06-14 19:22:15.607 | INFO     | arrange_library.core.ai.pooling_coefficient_optimizer:_load_efficiency_corrections:185 - 产出效率修正表不存在: /data/work/yuyongpeng/liblane_v2_deepseek/data/production_efficiency_correction.csv，跳过后校准
2026-06-14 19:22:15.607 | WARNING  | arrange_library.core.ai.loutput_predictor_wrapper:_load_model:150 - 模型文件不存在: models/loutput_pre_lane_v5/lightgbm_model.pkl
2026-06-14 19:22:15.607 | WARNING  | arrange_library.core.ai.pooling_coefficient_optimizer:__init__:164 - loutput预测器不可用，将使用规则降级策略
2026-06-14 19:22:15.607 | INFO     | arrange_library.core.scheduling.greedy_lane_scheduler:__init__:265 - 逐Lane贪心排机器初始化完成 - 基础容量: 985.0GB, 利用率区间: [100%, 100%], 配置模式: 按机型自动
2026-06-14 19:22:15.607 | INFO     | arrange_library.core.scheduling.greedy_lane_scheduler:__init__:268 - 启用检查: Index=True, 碱基不均衡=True, 规则检查器=False
2026-06-14 19:22:15.608 | INFO     | arrange_library.core.scheduling.greedy_lane_scheduler:_get_dedicated_lane_profile:983 - 专用Lane分组G26剩余合同量36.0G无法满足1.1或3.6T-NEW有效容量下限
2026-06-14 19:22:15.608 | INFO     | arrange_library.core.scheduling.greedy_lane_scheduler:_get_dedicated_lane_profile:983 - 专用Lane分组G27剩余合同量174.0G无法满足1.1或3.6T-NEW有效容量下限
2026-06-14 19:22:15.608 | INFO     | arrange_library.core.scheduling.greedy_lane_scheduler:_get_dedicated_lane_profile:983 - 专用Lane分组G34剩余合同量800.0G无法满足1.1或3.6T-NEW有效容量下限
2026-06-14 19:22:15.608 | INFO     | arrange_library.core.scheduling.greedy_lane_scheduler:_get_dedicated_lane_profile:983 - 专用Lane分组G18剩余合同量12.0G无法满足1.1或3.6T-NEW有效容量下限
2026-06-14 19:22:15.662 | INFO     | __main__:_consume_g53_g54_imbalance_as_mode_lanes:1677 - 步骤2前置3.6 G53/G54组合碱基不均专Lane成Lane成功: lane=DL_Nova X-25B_001, group=G53, 候选15个/1335.0G, 使用13个/1035.0G
2026-06-14 19:22:15.747 | INFO     | __main__:_consume_g53_g54_imbalance_as_mode_lanes:1665 - 步骤2前置3.6 G53/G54组合碱基不均专Lane未成Lane: group=G54, 候选8个/800.0G, 贪心选择8个/800.0G, 下限970.0G, top_failures=[('capacity_out_of_rule_range', 94), ('repair_failed', 2), ('index_pairs_less_than_5', 1)]
2026-06-14 19:22:16.767 | INFO     | __main__:_materialize_balance_library_for_lane:7823 - Lane G55_TMP 尝试补平衡文库模板: sample_id=phix, test_no=Novaseq X Plus-PE150, index_seq=GGGGGGGGGG;ACCGAGATCT
2026-06-14 19:22:16.768 | INFO     | __main__:_validate_balance_injection_lane_state:7495 - Lane G55_TMP 候选平衡文库 phix 注入校验失败: ['10bp Index占比10.1%低于40%要求']
2026-06-14 19:22:16.768 | INFO     | __main__:_materialize_balance_library_for_lane:7823 - Lane G55_TMP 尝试补平衡文库模板: sample_id=FDSW250185295-1r, test_no=Novaseq X Plus-PE150, index_seq=AGCATCGAGT;AGCATCCTCA
2026-06-14 19:22:16.769 | INFO     | __main__:_validate_balance_injection_lane_state:7495 - Lane G55_TMP 候选平衡文库 FDSW250185295-1r 注入校验失败: ['10bp Index占比10.1%低于40%要求']
2026-06-14 19:22:16.769 | INFO     | __main__:_materialize_balance_library_for_lane:7823 - Lane G55_TMP 尝试补平衡文库模板: sample_id=FDSW250185296-1r, test_no=Novaseq X Plus-PE150, index_seq=CTCACACTGA;CTCACACATG
2026-06-14 19:22:16.770 | INFO     | __main__:_validate_balance_injection_lane_state:7495 - Lane G55_TMP 候选平衡文库 FDSW250185296-1r 注入校验失败: ['10bp Index占比10.1%低于40%要求']
2026-06-14 19:22:16.770 | INFO     | __main__:_materialize_balance_library_for_lane:7823 - Lane G55_TMP 尝试补平衡文库模板: sample_id=FDSW250185298-1r, test_no=Novaseq X Plus-PE150, index_seq=CCGACTAGAT;CCGACTAAGA
2026-06-14 19:22:16.771 | INFO     | __main__:_validate_balance_injection_lane_state:7495 - Lane G55_TMP 候选平衡文库 FDSW250185298-1r 注入校验失败: ['10bp Index占比10.1%低于40%要求']
2026-06-14 19:22:16.771 | INFO     | __main__:_materialize_balance_library_for_lane:7823 - Lane G55_TMP 尝试补平衡文库模板: sample_id=FDSW250185306-1r, test_no=Novaseq X Plus-PE150, index_seq=ACAGAGCGAT;GACTACTCAC
2026-06-14 19:22:16.772 | INFO     | __main__:_validate_balance_injection_lane_state:7495 - Lane G55_TMP 候选平衡文库 FDSW250185306-1r 注入校验失败: ['10bp Index占比10.1%低于40%要求']
2026-06-14 19:22:16.772 | INFO     | __main__:_materialize_balance_library_for_lane:7823 - Lane G55_TMP 尝试补平衡文库模板: sample_id=FDSW250185309-1r, test_no=Novaseq X Plus-PE150, index_seq=GTCACACACT;CAAGTGCTTC
2026-06-14 19:22:16.773 | INFO     | __main__:_validate_balance_injection_lane_state:7495 - Lane G55_TMP 候选平衡文库 FDSW250185309-1r 注入校验失败: ['10bp Index占比10.1%低于40%要求']
2026-06-14 19:22:16.773 | INFO     | __main__:_materialize_balance_library_for_lane:7823 - Lane G55_TMP 尝试补平衡文库模板: sample_id=FDSW250185313-1r, test_no=Novaseq X Plus-PE150, index_seq=ATCGAATGCG;CGATATCTGC
2026-06-14 19:22:16.774 | INFO     | __main__:_validate_balance_injection_lane_state:7495 - Lane G55_TMP 候选平衡文库 FDSW250185313-1r 注入校验失败: ['10bp Index占比10.1%低于40%要求']
2026-06-14 19:22:16.774 | INFO     | __main__:_materialize_balance_library_for_lane:7823 - Lane G55_TMP 尝试补平衡文库模板: sample_id=FDSW250185316-1r, test_no=Novaseq X Plus-PE150, index_seq=TCATTGCACC;ATCGAAGCTC
2026-06-14 19:22:16.775 | INFO     | __main__:_validate_balance_injection_lane_state:7495 - Lane G55_TMP 候选平衡文库 FDSW250185316-1r 注入校验失败: ['10bp Index占比10.1%低于40%要求']
2026-06-14 19:22:16.777 | WARNING  | __main__:_materialize_balance_library_for_lane:7948 - Lane G55_TMP 平衡文库补充失败: 需补 51.947G，实验室=天津科技服务实验室，工序=Novaseq X Plus-PE150
2026-06-14 19:22:16.781 | INFO     | __main__:_materialize_balance_library_for_lane:7823 - Lane G55_TMP 尝试补平衡文库模板: sample_id=phix, test_no=Novaseq X Plus-PE150, index_seq=GGGGGGGGGG;ACCGAGATCT
2026-06-14 19:22:16.787 | INFO     | __main__:_validate_balance_injection_lane_state:7495 - Lane G55_TMP 候选平衡文库 phix 注入校验失败: ['10bp Index占比2.5%低于40%要求']
2026-06-14 19:22:16.787 | INFO     | __main__:_materialize_balance_library_for_lane:7823 - Lane G55_TMP 尝试补平衡文库模板: sample_id=FDSW250185295-1r, test_no=Novaseq X Plus-PE150, index_seq=AGCATCGAGT;AGCATCCTCA
2026-06-14 19:22:16.792 | INFO     | __main__:_validate_balance_injection_lane_state:7495 - Lane G55_TMP 候选平衡文库 FDSW250185295-1r 注入校验失败: ['10bp Index占比2.5%低于40%要求']
2026-06-14 19:22:16.792 | INFO     | __main__:_materialize_balance_library_for_lane:7823 - Lane G55_TMP 尝试补平衡文库模板: sample_id=FDSW250185296-1r, test_no=Novaseq X Plus-PE150, index_seq=CTCACACTGA;CTCACACATG
2026-06-14 19:22:16.798 | INFO     | __main__:_validate_balance_injection_lane_state:7495 - Lane G55_TMP 候选平衡文库 FDSW250185296-1r 注入校验失败: ['10bp Index占比2.5%低于40%要求']
2026-06-14 19:22:16.798 | INFO     | __main__:_materialize_balance_library_for_lane:7823 - Lane G55_TMP 尝试补平衡文库模板: sample_id=FDSW250185298-1r, test_no=Novaseq X Plus-PE150, index_seq=CCGACTAGAT;CCGACTAAGA
2026-06-14 19:22:16.803 | INFO     | __main__:_validate_balance_injection_lane_state:7495 - Lane G55_TMP 候选平衡文库 FDSW250185298-1r 注入校验失败: ['10bp Index占比2.5%低于40%要求']
2026-06-14 19:22:16.803 | INFO     | __main__:_materialize_balance_library_for_lane:7823 - Lane G55_TMP 尝试补平衡文库模板: sample_id=FDSW250185306-1r, test_no=Novaseq X Plus-PE150, index_seq=ACAGAGCGAT;GACTACTCAC
2026-06-14 19:22:16.809 | INFO     | __main__:_validate_balance_injection_lane_state:7495 - Lane G55_TMP 候选平衡文库 FDSW250185306-1r 注入校验失败: ['10bp Index占比2.5%低于40%要求']
2026-06-14 19:22:16.809 | INFO     | __main__:_materialize_balance_library_for_lane:7823 - Lane G55_TMP 尝试补平衡文库模板: sample_id=FDSW250185309-1r, test_no=Novaseq X Plus-PE150, index_seq=GTCACACACT;CAAGTGCTTC
2026-06-14 19:22:16.814 | INFO     | __main__:_validate_balance_injection_lane_state:7495 - Lane G55_TMP 候选平衡文库 FDSW250185309-1r 注入校验失败: ['10bp Index占比2.5%低于40%要求']
2026-06-14 19:22:16.814 | INFO     | __main__:_materialize_balance_library_for_lane:7823 - Lane G55_TMP 尝试补平衡文库模板: sample_id=FDSW250185313-1r, test_no=Novaseq X Plus-PE150, index_seq=ATCGAATGCG;CGATATCTGC
2026-06-14 19:22:16.820 | INFO     | __main__:_validate_balance_injection_lane_state:7495 - Lane G55_TMP 候选平衡文库 FDSW250185313-1r 注入校验失败: ['10bp Index占比2.5%低于40%要求']
2026-06-14 19:22:16.820 | INFO     | __main__:_materialize_balance_library_for_lane:7823 - Lane G55_TMP 尝试补平衡文库模板: sample_id=FDSW250185316-1r, test_no=Novaseq X Plus-PE150, index_seq=TCATTGCACC;ATCGAAGCTC
2026-06-14 19:22:16.825 | INFO     | __main__:_validate_balance_injection_lane_state:7495 - Lane G55_TMP 候选平衡文库 FDSW250185316-1r 注入校验失败: ['10bp Index占比2.5%低于40%要求']
2026-06-14 19:22:16.837 | WARNING  | __main__:_materialize_balance_library_for_lane:7948 - Lane G55_TMP 平衡文库补充失败: 需补 51.158G，实验室=天津科技服务实验室，工序=Novaseq X Plus-PE150
2026-06-14 19:22:16.864 | INFO     | __main__:_materialize_balance_library_for_lane:7823 - Lane G55_TMP 尝试补平衡文库模板: sample_id=phix, test_no=Novaseq X Plus-PE150, index_seq=GGGGGGGGGG;ACCGAGATCT
2026-06-14 19:22:16.870 | INFO     | __main__:_validate_balance_injection_lane_state:7495 - Lane G55_TMP 候选平衡文库 phix 注入校验失败: ['10bp Index占比2.5%低于40%要求']
2026-06-14 19:22:16.870 | INFO     | __main__:_materialize_balance_library_for_lane:7823 - Lane G55_TMP 尝试补平衡文库模板: sample_id=FDSW250185295-1r, test_no=Novaseq X Plus-PE150, index_seq=AGCATCGAGT;AGCATCCTCA
2026-06-14 19:22:16.876 | INFO     | __main__:_validate_balance_injection_lane_state:7495 - Lane G55_TMP 候选平衡文库 FDSW250185295-1r 注入校验失败: ['10bp Index占比2.5%低于40%要求']
2026-06-14 19:22:16.876 | INFO     | __main__:_materialize_balance_library_for_lane:7823 - Lane G55_TMP 尝试补平衡文库模板: sample_id=FDSW250185296-1r, test_no=Novaseq X Plus-PE150, index_seq=CTCACACTGA;CTCACACATG
2026-06-14 19:22:16.882 | INFO     | __main__:_validate_balance_injection_lane_state:7495 - Lane G55_TMP 候选平衡文库 FDSW250185296-1r 注入校验失败: ['10bp Index占比2.5%低于40%要求']
2026-06-14 19:22:16.882 | INFO     | __main__:_materialize_balance_library_for_lane:7823 - Lane G55_TMP 尝试补平衡文库模板: sample_id=FDSW250185298-1r, test_no=Novaseq X Plus-PE150, index_seq=CCGACTAGAT;CCGACTAAGA
2026-06-14 19:22:16.888 | INFO     | __main__:_validate_balance_injection_lane_state:7495 - Lane G55_TMP 候选平衡文库 FDSW250185298-1r 注入校验失败: ['10bp Index占比2.5%低于40%要求']
2026-06-14 19:22:16.888 | INFO     | __main__:_materialize_balance_library_for_lane:7823 - Lane G55_TMP 尝试补平衡文库模板: sample_id=FDSW250185306-1r, test_no=Novaseq X Plus-PE150, index_seq=ACAGAGCGAT;GACTACTCAC
2026-06-14 19:22:16.893 | INFO     | __main__:_validate_balance_injection_lane_state:7495 - Lane G55_TMP 候选平衡文库 FDSW250185306-1r 注入校验失败: ['10bp Index占比2.5%低于40%要求']
2026-06-14 19:22:16.894 | INFO     | __main__:_materialize_balance_library_for_lane:7823 - Lane G55_TMP 尝试补平衡文库模板: sample_id=FDSW250185309-1r, test_no=Novaseq X Plus-PE150, index_seq=GTCACACACT;CAAGTGCTTC
2026-06-14 19:22:16.899 | INFO     | __main__:_validate_balance_injection_lane_state:7495 - Lane G55_TMP 候选平衡文库 FDSW250185309-1r 注入校验失败: ['10bp Index占比2.5%低于40%要求']
2026-06-14 19:22:16.900 | INFO     | __main__:_materialize_balance_library_for_lane:7823 - Lane G55_TMP 尝试补平衡文库模板: sample_id=FDSW250185313-1r, test_no=Novaseq X Plus-PE150, index_seq=ATCGAATGCG;CGATATCTGC
2026-06-14 19:22:16.905 | INFO     | __main__:_validate_balance_injection_lane_state:7495 - Lane G55_TMP 候选平衡文库 FDSW250185313-1r 注入校验失败: ['10bp Index占比2.5%低于40%要求']
2026-06-14 19:22:16.906 | INFO     | __main__:_materialize_balance_library_for_lane:7823 - Lane G55_TMP 尝试补平衡文库模板: sample_id=FDSW250185316-1r, test_no=Novaseq X Plus-PE150, index_seq=TCATTGCACC;ATCGAAGCTC
2026-06-14 19:22:16.911 | INFO     | __main__:_validate_balance_injection_lane_state:7495 - Lane G55_TMP 候选平衡文库 FDSW250185316-1r 注入校验失败: ['10bp Index占比2.5%低于40%要求']
2026-06-14 19:22:16.923 | WARNING  | __main__:_materialize_balance_library_for_lane:7948 - Lane G55_TMP 平衡文库补充失败: 需补 50.105G，实验室=天津科技服务实验室，工序=Novaseq X Plus-PE150
2026-06-14 19:22:16.927 | INFO     | __main__:_materialize_balance_library_for_lane:7823 - Lane G55_TMP 尝试补平衡文库模板: sample_id=phix, test_no=Novaseq X Plus-PE150, index_seq=GGGGGGGGGG;ACCGAGATCT
2026-06-14 19:22:16.933 | INFO     | __main__:_validate_balance_injection_lane_state:7495 - Lane G55_TMP 候选平衡文库 phix 注入校验失败: ['10bp Index占比2.3%低于40%要求']
2026-06-14 19:22:16.933 | INFO     | __main__:_materialize_balance_library_for_lane:7823 - Lane G55_TMP 尝试补平衡文库模板: sample_id=FDSW250185295-1r, test_no=Novaseq X Plus-PE150, index_seq=AGCATCGAGT;AGCATCCTCA
2026-06-14 19:22:16.938 | INFO     | __main__:_validate_balance_injection_lane_state:7495 - Lane G55_TMP 候选平衡文库 FDSW250185295-1r 注入校验失败: ['10bp Index占比2.3%低于40%要求']
2026-06-14 19:22:16.938 | INFO     | __main__:_materialize_balance_library_for_lane:7823 - Lane G55_TMP 尝试补平衡文库模板: sample_id=FDSW250185296-1r, test_no=Novaseq X Plus-PE150, index_seq=CTCACACTGA;CTCACACATG
2026-06-14 19:22:16.943 | INFO     | __main__:_validate_balance_injection_lane_state:7495 - Lane G55_TMP 候选平衡文库 FDSW250185296-1r 注入校验失败: ['10bp Index占比2.3%低于40%要求']
2026-06-14 19:22:16.943 | INFO     | __main__:_materialize_balance_library_for_lane:7823 - Lane G55_TMP 尝试补平衡文库模板: sample_id=FDSW250185298-1r, test_no=Novaseq X Plus-PE150, index_seq=CCGACTAGAT;CCGACTAAGA
2026-06-14 19:22:16.949 | INFO     | __main__:_validate_balance_injection_lane_state:7495 - Lane G55_TMP 候选平衡文库 FDSW250185298-1r 注入校验失败: ['10bp Index占比2.3%低于40%要求']
2026-06-14 19:22:16.949 | INFO     | __main__:_materialize_balance_library_for_lane:7823 - Lane G55_TMP 尝试补平衡文库模板: sample_id=FDSW250185306-1r, test_no=Novaseq X Plus-PE150, index_seq=ACAGAGCGAT;GACTACTCAC
2026-06-14 19:22:16.954 | INFO     | __main__:_validate_balance_injection_lane_state:7495 - Lane G55_TMP 候选平衡文库 FDSW250185306-1r 注入校验失败: ['10bp Index占比2.3%低于40%要求']
2026-06-14 19:22:16.954 | INFO     | __main__:_materialize_balance_library_for_lane:7823 - Lane G55_TMP 尝试补平衡文库模板: sample_id=FDSW250185309-1r, test_no=Novaseq X Plus-PE150, index_seq=GTCACACACT;CAAGTGCTTC
2026-06-14 19:22:16.959 | INFO     | __main__:_validate_balance_injection_lane_state:7495 - Lane G55_TMP 候选平衡文库 FDSW250185309-1r 注入校验失败: ['10bp Index占比2.3%低于40%要求']
2026-06-14 19:22:16.959 | INFO     | __main__:_materialize_balance_library_for_lane:7823 - Lane G55_TMP 尝试补平衡文库模板: sample_id=FDSW250185313-1r, test_no=Novaseq X Plus-PE150, index_seq=ATCGAATGCG;CGATATCTGC
2026-06-14 19:22:16.964 | INFO     | __main__:_validate_balance_injection_lane_state:7495 - Lane G55_TMP 候选平衡文库 FDSW250185313-1r 注入校验失败: ['10bp Index占比2.3%低于40%要求']
2026-06-14 19:22:16.964 | INFO     | __main__:_materialize_balance_library_for_lane:7823 - Lane G55_TMP 尝试补平衡文库模板: sample_id=FDSW250185316-1r, test_no=Novaseq X Plus-PE150, index_seq=TCATTGCACC;ATCGAAGCTC
2026-06-14 19:22:16.970 | INFO     | __main__:_validate_balance_injection_lane_state:7495 - Lane G55_TMP 候选平衡文库 FDSW250185316-1r 注入校验失败: ['10bp Index占比2.3%低于40%要求']
2026-06-14 19:22:16.980 | WARNING  | __main__:_materialize_balance_library_for_lane:7948 - Lane G55_TMP 平衡文库补充失败: 需补 54.421G，实验室=天津科技服务实验室，工序=Novaseq X Plus-PE150
2026-06-14 19:22:18.727 | INFO     | __main__:_materialize_balance_library_for_lane:7823 - Lane G55_TMP 尝试补平衡文库模板: sample_id=phix, test_no=Novaseq X Plus-PE150, index_seq=GGGGGGGGGG;ACCGAGATCT
2026-06-14 19:22:18.729 | INFO     | __main__:_validate_balance_injection_lane_state:7495 - Lane G55_TMP 候选平衡文库 phix 注入校验失败: ['10bp Index占比10.1%低于40%要求']
2026-06-14 19:22:18.729 | INFO     | __main__:_materialize_balance_library_for_lane:7823 - Lane G55_TMP 尝试补平衡文库模板: sample_id=FDSW250185295-1r, test_no=Novaseq X Plus-PE150, index_seq=AGCATCGAGT;AGCATCCTCA
2026-06-14 19:22:18.730 | INFO     | __main__:_validate_balance_injection_lane_state:7495 - Lane G55_TMP 候选平衡文库 FDSW250185295-1r 注入校验失败: ['10bp Index占比10.1%低于40%要求']
2026-06-14 19:22:18.730 | INFO     | __main__:_materialize_balance_library_for_lane:7823 - Lane G55_TMP 尝试补平衡文库模板: sample_id=FDSW250185296-1r, test_no=Novaseq X Plus-PE150, index_seq=CTCACACTGA;CTCACACATG
2026-06-14 19:22:18.731 | INFO     | __main__:_validate_balance_injection_lane_state:7495 - Lane G55_TMP 候选平衡文库 FDSW250185296-1r 注入校验失败: ['10bp Index占比10.1%低于40%要求']
2026-06-14 19:22:18.731 | INFO     | __main__:_materialize_balance_library_for_lane:7823 - Lane G55_TMP 尝试补平衡文库模板: sample_id=FDSW250185298-1r, test_no=Novaseq X Plus-PE150, index_seq=CCGACTAGAT;CCGACTAAGA
2026-06-14 19:22:18.732 | INFO     | __main__:_validate_balance_injection_lane_state:7495 - Lane G55_TMP 候选平衡文库 FDSW250185298-1r 注入校验失败: ['10bp Index占比10.1%低于40%要求']
2026-06-14 19:22:18.732 | INFO     | __main__:_materialize_balance_library_for_lane:7823 - Lane G55_TMP 尝试补平衡文库模板: sample_id=FDSW250185306-1r, test_no=Novaseq X Plus-PE150, index_seq=ACAGAGCGAT;GACTACTCAC
2026-06-14 19:22:18.733 | INFO     | __main__:_validate_balance_injection_lane_state:7495 - Lane G55_TMP 候选平衡文库 FDSW250185306-1r 注入校验失败: ['10bp Index占比10.1%低于40%要求']
2026-06-14 19:22:18.733 | INFO     | __main__:_materialize_balance_library_for_lane:7823 - Lane G55_TMP 尝试补平衡文库模板: sample_id=FDSW250185309-1r, test_no=Novaseq X Plus-PE150, index_seq=GTCACACACT;CAAGTGCTTC
2026-06-14 19:22:18.734 | INFO     | __main__:_validate_balance_injection_lane_state:7495 - Lane G55_TMP 候选平衡文库 FDSW250185309-1r 注入校验失败: ['10bp Index占比10.1%低于40%要求']
2026-06-14 19:22:18.734 | INFO     | __main__:_materialize_balance_library_for_lane:7823 - Lane G55_TMP 尝试补平衡文库模板: sample_id=FDSW250185313-1r, test_no=Novaseq X Plus-PE150, index_seq=ATCGAATGCG;CGATATCTGC
2026-06-14 19:22:18.735 | INFO     | __main__:_validate_balance_injection_lane_state:7495 - Lane G55_TMP 候选平衡文库 FDSW250185313-1r 注入校验失败: ['10bp Index占比10.1%低于40%要求']
2026-06-14 19:22:18.735 | INFO     | __main__:_materialize_balance_library_for_lane:7823 - Lane G55_TMP 尝试补平衡文库模板: sample_id=FDSW250185316-1r, test_no=Novaseq X Plus-PE150, index_seq=TCATTGCACC;ATCGAAGCTC
2026-06-14 19:22:18.736 | INFO     | __main__:_validate_balance_injection_lane_state:7495 - Lane G55_TMP 候选平衡文库 FDSW250185316-1r 注入校验失败: ['10bp Index占比10.1%低于40%要求']
2026-06-14 19:22:18.737 | WARNING  | __main__:_materialize_balance_library_for_lane:7948 - Lane G55_TMP 平衡文库补充失败: 需补 51.947G，实验室=天津科技服务实验室，工序=Novaseq X Plus-PE150
2026-06-14 19:22:18.741 | INFO     | __main__:_materialize_balance_library_for_lane:7823 - Lane G55_TMP 尝试补平衡文库模板: sample_id=phix, test_no=Novaseq X Plus-PE150, index_seq=GGGGGGGGGG;ACCGAGATCT
2026-06-14 19:22:18.746 | INFO     | __main__:_validate_balance_injection_lane_state:7495 - Lane G55_TMP 候选平衡文库 phix 注入校验失败: ['10bp Index占比2.5%低于40%要求']
2026-06-14 19:22:18.747 | INFO     | __main__:_materialize_balance_library_for_lane:7823 - Lane G55_TMP 尝试补平衡文库模板: sample_id=FDSW250185295-1r, test_no=Novaseq X Plus-PE150, index_seq=AGCATCGAGT;AGCATCCTCA
2026-06-14 19:22:18.752 | INFO     | __main__:_validate_balance_injection_lane_state:7495 - Lane G55_TMP 候选平衡文库 FDSW250185295-1r 注入校验失败: ['10bp Index占比2.5%低于40%要求']
2026-06-14 19:22:18.752 | INFO     | __main__:_materialize_balance_library_for_lane:7823 - Lane G55_TMP 尝试补平衡文库模板: sample_id=FDSW250185296-1r, test_no=Novaseq X Plus-PE150, index_seq=CTCACACTGA;CTCACACATG
2026-06-14 19:22:18.757 | INFO     | __main__:_validate_balance_injection_lane_state:7495 - Lane G55_TMP 候选平衡文库 FDSW250185296-1r 注入校验失败: ['10bp Index占比2.5%低于40%要求']
2026-06-14 19:22:18.758 | INFO     | __main__:_materialize_balance_library_for_lane:7823 - Lane G55_TMP 尝试补平衡文库模板: sample_id=FDSW250185298-1r, test_no=Novaseq X Plus-PE150, index_seq=CCGACTAGAT;CCGACTAAGA
2026-06-14 19:22:18.763 | INFO     | __main__:_validate_balance_injection_lane_state:7495 - Lane G55_TMP 候选平衡文库 FDSW250185298-1r 注入校验失败: ['10bp Index占比2.5%低于40%要求']
2026-06-14 19:22:18.763 | INFO     | __main__:_materialize_balance_library_for_lane:7823 - Lane G55_TMP 尝试补平衡文库模板: sample_id=FDSW250185306-1r, test_no=Novaseq X Plus-PE150, index_seq=ACAGAGCGAT;GACTACTCAC
2026-06-14 19:22:18.769 | INFO     | __main__:_validate_balance_injection_lane_state:7495 - Lane G55_TMP 候选平衡文库 FDSW250185306-1r 注入校验失败: ['10bp Index占比2.5%低于40%要求']
2026-06-14 19:22:18.769 | INFO     | __main__:_materialize_balance_library_for_lane:7823 - Lane G55_TMP 尝试补平衡文库模板: sample_id=FDSW250185309-1r, test_no=Novaseq X Plus-PE150, index_seq=GTCACACACT;CAAGTGCTTC
2026-06-14 19:22:18.774 | INFO     | __main__:_validate_balance_injection_lane_state:7495 - Lane G55_TMP 候选平衡文库 FDSW250185309-1r 注入校验失败: ['10bp Index占比2.5%低于40%要求']
2026-06-14 19:22:18.774 | INFO     | __main__:_materialize_balance_library_for_lane:7823 - Lane G55_TMP 尝试补平衡文库模板: sample_id=FDSW250185313-1r, test_no=Novaseq X Plus-PE150, index_seq=ATCGAATGCG;CGATATCTGC
2026-06-14 19:22:18.780 | INFO     | __main__:_validate_balance_injection_lane_state:7495 - Lane G55_TMP 候选平衡文库 FDSW250185313-1r 注入校验失败: ['10bp Index占比2.5%低于40%要求']
2026-06-14 19:22:18.780 | INFO     | __main__:_materialize_balance_library_for_lane:7823 - Lane G55_TMP 尝试补平衡文库模板: sample_id=FDSW250185316-1r, test_no=Novaseq X Plus-PE150, index_seq=TCATTGCACC;ATCGAAGCTC
2026-06-14 19:22:18.785 | INFO     | __main__:_validate_balance_injection_lane_state:7495 - Lane G55_TMP 候选平衡文库 FDSW250185316-1r 注入校验失败: ['10bp Index占比2.5%低于40%要求']
2026-06-14 19:22:18.796 | WARNING  | __main__:_materialize_balance_library_for_lane:7948 - Lane G55_TMP 平衡文库补充失败: 需补 51.158G，实验室=天津科技服务实验室，工序=Novaseq X Plus-PE150
2026-06-14 19:22:18.823 | INFO     | __main__:_materialize_balance_library_for_lane:7823 - Lane G55_TMP 尝试补平衡文库模板: sample_id=phix, test_no=Novaseq X Plus-PE150, index_seq=GGGGGGGGGG;ACCGAGATCT
2026-06-14 19:22:18.829 | INFO     | __main__:_validate_balance_injection_lane_state:7495 - Lane G55_TMP 候选平衡文库 phix 注入校验失败: ['10bp Index占比2.5%低于40%要求']
2026-06-14 19:22:18.829 | INFO     | __main__:_materialize_balance_library_for_lane:7823 - Lane G55_TMP 尝试补平衡文库模板: sample_id=FDSW250185295-1r, test_no=Novaseq X Plus-PE150, index_seq=AGCATCGAGT;AGCATCCTCA
2026-06-14 19:22:18.835 | INFO     | __main__:_validate_balance_injection_lane_state:7495 - Lane G55_TMP 候选平衡文库 FDSW250185295-1r 注入校验失败: ['10bp Index占比2.5%低于40%要求']
2026-06-14 19:22:18.835 | INFO     | __main__:_materialize_balance_library_for_lane:7823 - Lane G55_TMP 尝试补平衡文库模板: sample_id=FDSW250185296-1r, test_no=Novaseq X Plus-PE150, index_seq=CTCACACTGA;CTCACACATG
2026-06-14 19:22:18.841 | INFO     | __main__:_validate_balance_injection_lane_state:7495 - Lane G55_TMP 候选平衡文库 FDSW250185296-1r 注入校验失败: ['10bp Index占比2.5%低于40%要求']
2026-06-14 19:22:18.841 | INFO     | __main__:_materialize_balance_library_for_lane:7823 - Lane G55_TMP 尝试补平衡文库模板: sample_id=FDSW250185298-1r, test_no=Novaseq X Plus-PE150, index_seq=CCGACTAGAT;CCGACTAAGA
2026-06-14 19:22:18.847 | INFO     | __main__:_validate_balance_injection_lane_state:7495 - Lane G55_TMP 候选平衡文库 FDSW250185298-1r 注入校验失败: ['10bp Index占比2.5%低于40%要求']
2026-06-14 19:22:18.847 | INFO     | __main__:_materialize_balance_library_for_lane:7823 - Lane G55_TMP 尝试补平衡文库模板: sample_id=FDSW250185306-1r, test_no=Novaseq X Plus-PE150, index_seq=ACAGAGCGAT;GACTACTCAC
2026-06-14 19:22:18.853 | INFO     | __main__:_validate_balance_injection_lane_state:7495 - Lane G55_TMP 候选平衡文库 FDSW250185306-1r 注入校验失败: ['10bp Index占比2.5%低于40%要求']
2026-06-14 19:22:18.853 | INFO     | __main__:_materialize_balance_library_for_lane:7823 - Lane G55_TMP 尝试补平衡文库模板: sample_id=FDSW250185309-1r, test_no=Novaseq X Plus-PE150, index_seq=GTCACACACT;CAAGTGCTTC
2026-06-14 19:22:18.859 | INFO     | __main__:_validate_balance_injection_lane_state:7495 - Lane G55_TMP 候选平衡文库 FDSW250185309-1r 注入校验失败: ['10bp Index占比2.5%低于40%要求']
2026-06-14 19:22:18.859 | INFO     | __main__:_materialize_balance_library_for_lane:7823 - Lane G55_TMP 尝试补平衡文库模板: sample_id=FDSW250185313-1r, test_no=Novaseq X Plus-PE150, index_seq=ATCGAATGCG;CGATATCTGC
2026-06-14 19:22:18.865 | INFO     | __main__:_validate_balance_injection_lane_state:7495 - Lane G55_TMP 候选平衡文库 FDSW250185313-1r 注入校验失败: ['10bp Index占比2.5%低于40%要求']
2026-06-14 19:22:18.865 | INFO     | __main__:_materialize_balance_library_for_lane:7823 - Lane G55_TMP 尝试补平衡文库模板: sample_id=FDSW250185316-1r, test_no=Novaseq X Plus-PE150, index_seq=TCATTGCACC;ATCGAAGCTC
2026-06-14 19:22:18.871 | INFO     | __main__:_validate_balance_injection_lane_state:7495 - Lane G55_TMP 候选平衡文库 FDSW250185316-1r 注入校验失败: ['10bp Index占比2.5%低于40%要求']
2026-06-14 19:22:18.883 | WARNING  | __main__:_materialize_balance_library_for_lane:7948 - Lane G55_TMP 平衡文库补充失败: 需补 50.105G，实验室=天津科技服务实验室，工序=Novaseq X Plus-PE150
2026-06-14 19:22:18.887 | INFO     | __main__:_materialize_balance_library_for_lane:7823 - Lane G55_TMP 尝试补平衡文库模板: sample_id=phix, test_no=Novaseq X Plus-PE150, index_seq=GGGGGGGGGG;ACCGAGATCT
2026-06-14 19:22:18.892 | INFO     | __main__:_validate_balance_injection_lane_state:7495 - Lane G55_TMP 候选平衡文库 phix 注入校验失败: ['10bp Index占比2.3%低于40%要求']
2026-06-14 19:22:18.893 | INFO     | __main__:_materialize_balance_library_for_lane:7823 - Lane G55_TMP 尝试补平衡文库模板: sample_id=FDSW250185295-1r, test_no=Novaseq X Plus-PE150, index_seq=AGCATCGAGT;AGCATCCTCA
2026-06-14 19:22:18.898 | INFO     | __main__:_validate_balance_injection_lane_state:7495 - Lane G55_TMP 候选平衡文库 FDSW250185295-1r 注入校验失败: ['10bp Index占比2.3%低于40%要求']
2026-06-14 19:22:18.898 | INFO     | __main__:_materialize_balance_library_for_lane:7823 - Lane G55_TMP 尝试补平衡文库模板: sample_id=FDSW250185296-1r, test_no=Novaseq X Plus-PE150, index_seq=CTCACACTGA;CTCACACATG
2026-06-14 19:22:18.903 | INFO     | __main__:_validate_balance_injection_lane_state:7495 - Lane G55_TMP 候选平衡文库 FDSW250185296-1r 注入校验失败: ['10bp Index占比2.3%低于40%要求']
2026-06-14 19:22:18.903 | INFO     | __main__:_materialize_balance_library_for_lane:7823 - Lane G55_TMP 尝试补平衡文库模板: sample_id=FDSW250185298-1r, test_no=Novaseq X Plus-PE150, index_seq=CCGACTAGAT;CCGACTAAGA
2026-06-14 19:22:18.908 | INFO     | __main__:_validate_balance_injection_lane_state:7495 - Lane G55_TMP 候选平衡文库 FDSW250185298-1r 注入校验失败: ['10bp Index占比2.3%低于40%要求']
2026-06-14 19:22:18.908 | INFO     | __main__:_materialize_balance_library_for_lane:7823 - Lane G55_TMP 尝试补平衡文库模板: sample_id=FDSW250185306-1r, test_no=Novaseq X Plus-PE150, index_seq=ACAGAGCGAT;GACTACTCAC
2026-06-14 19:22:18.914 | INFO     | __main__:_validate_balance_injection_lane_state:7495 - Lane G55_TMP 候选平衡文库 FDSW250185306-1r 注入校验失败: ['10bp Index占比2.3%低于40%要求']
2026-06-14 19:22:18.914 | INFO     | __main__:_materialize_balance_library_for_lane:7823 - Lane G55_TMP 尝试补平衡文库模板: sample_id=FDSW250185309-1r, test_no=Novaseq X Plus-PE150, index_seq=GTCACACACT;CAAGTGCTTC
2026-06-14 19:22:18.919 | INFO     | __main__:_validate_balance_injection_lane_state:7495 - Lane G55_TMP 候选平衡文库 FDSW250185309-1r 注入校验失败: ['10bp Index占比2.3%低于40%要求']
2026-06-14 19:22:18.919 | INFO     | __main__:_materialize_balance_library_for_lane:7823 - Lane G55_TMP 尝试补平衡文库模板: sample_id=FDSW250185313-1r, test_no=Novaseq X Plus-PE150, index_seq=ATCGAATGCG;CGATATCTGC
2026-06-14 19:22:18.925 | INFO     | __main__:_validate_balance_injection_lane_state:7495 - Lane G55_TMP 候选平衡文库 FDSW250185313-1r 注入校验失败: ['10bp Index占比2.3%低于40%要求']
2026-06-14 19:22:18.925 | INFO     | __main__:_materialize_balance_library_for_lane:7823 - Lane G55_TMP 尝试补平衡文库模板: sample_id=FDSW250185316-1r, test_no=Novaseq X Plus-PE150, index_seq=TCATTGCACC;ATCGAAGCTC
2026-06-14 19:22:18.930 | INFO     | __main__:_validate_balance_injection_lane_state:7495 - Lane G55_TMP 候选平衡文库 FDSW250185316-1r 注入校验失败: ['10bp Index占比2.3%低于40%要求']
2026-06-14 19:22:18.941 | WARNING  | __main__:_materialize_balance_library_for_lane:7948 - Lane G55_TMP 平衡文库补充失败: 需补 54.421G，实验室=天津科技服务实验室，工序=Novaseq X Plus-PE150
2026-06-14 19:22:18.941 | INFO     | __main__:_consume_g55_imbalance_as_mode_lanes:16573 - 步骤2前置3.6 G55跨基础组碱基不均专Lane未成Lane: 候选48个/1382.0G, 3.6T-NEW真实量窗口=[945.2,1049.8]G, validation_attempts=10, top_failures=[('balance_materialization_failed', 6), ('index_repair_balance_materialization_failed', 2), ('index_conflict', 2)]
2026-06-14 19:22:18.941 | INFO     | __main__:arrange_library:20724 - 步骤2前置3.6碱基不均专Lane梯度抽取完成: 单组=0, G53/G54=1, G55=0, 使用文库=13, 剩余普通排机文库=207
2026-06-14 19:22:18.941 | INFO     | __main__:arrange_library:20755 - 排机超时保护已启动，最大允许时间: 10 分钟
2026-06-14 19:22:18.966 | INFO     | __main__:test_with_model:19285 - 
================================================================================
2026-06-14 19:22:18.966 | INFO     | __main__:test_with_model:19286 - 排机流程：纯规则排机
2026-06-14 19:22:18.966 | INFO     | __main__:test_with_model:19287 - ================================================================================
2026-06-14 19:22:18.966 | INFO     | arrange_library.core.constraints.index_validator_verified:__init__:77 - Index校验器初始化完成（真实数据验证版本）
2026-06-14 19:22:18.966 | INFO     | arrange_library.core.constraints.lane_validator:__init__:165 - 成Lane校验程序初始化完成 (严格模式: True, 碱基不均衡上限: 35%, 特殊文库关键词: 9个)
2026-06-14 19:22:19.050 | WARNING  | arrange_library.core.ai.pooling_coefficient_optimizer:_load_config:40 - Pooling配置表不存在: /data/work/yuyongpeng/liblane_v2_deepseek/data/wktype_pooling_config.xlsx，将使用默认策略
2026-06-14 19:22:19.051 | INFO     | arrange_library.core.ai.pooling_coefficient_optimizer:_load_efficiency_corrections:185 - 产出效率修正表不存在: /data/work/yuyongpeng/liblane_v2_deepseek/data/production_efficiency_correction.csv，跳过后校准
2026-06-14 19:22:19.051 | WARNING  | arrange_library.core.ai.loutput_predictor_wrapper:_load_model:150 - 模型文件不存在: models/loutput_pre_lane_v5/lightgbm_model.pkl
2026-06-14 19:22:19.051 | WARNING  | arrange_library.core.ai.pooling_coefficient_optimizer:__init__:164 - loutput预测器不可用，将使用规则降级策略
2026-06-14 19:22:19.051 | INFO     | arrange_library.core.scheduling.greedy_lane_scheduler:__init__:265 - 逐Lane贪心排机器初始化完成 - 基础容量: 985.0GB, 利用率区间: [100%, 100%], 配置模式: 按机型自动
2026-06-14 19:22:19.051 | INFO     | arrange_library.core.scheduling.greedy_lane_scheduler:__init__:268 - 启用检查: Index=True, 碱基不均衡=True, 规则检查器=False
2026-06-14 19:22:19.051 | INFO     | __main__:test_with_model:19313 - 排机阶段：Pooling优化器已禁用（V6流程不需要）
2026-06-14 19:22:19.051 | INFO     | arrange_library.core.constraints.lane_validator:__init__:165 - 成Lane校验程序初始化完成 (严格模式: True, 碱基不均衡上限: 35%, 特殊文库关键词: 9个)
2026-06-14 19:22:19.051 | INFO     | __main__:test_with_model:19317 - 严格校验容量区间改为按统一配置表动态解析
2026-06-14 19:22:19.052 | INFO     | arrange_library.core.preprocessing.library_splitter:split_libraries:45 - ============================================================
2026-06-14 19:22:19.052 | INFO     | arrange_library.core.preprocessing.library_splitter:split_libraries:46 - [拆分] 开始文库拆分预处理
2026-06-14 19:22:19.052 | INFO     | arrange_library.core.preprocessing.library_splitter:split_libraries:47 -   拆分规则: 1.1模式文库（兼容旧名1.0）不拆分；3.6T-NEW单对index >130.0G 拆分，多对index >300.0G 拆分
2026-06-14 19:22:19.053 | INFO     | arrange_library.core.preprocessing.library_splitter:split_libraries:53 -   最小保留数据量: >2.0G
2026-06-14 19:22:19.054 | INFO     | arrange_library.core.preprocessing.library_splitter:split_libraries:85 - ------------------------------------------------------------
2026-06-14 19:22:19.054 | INFO     | arrange_library.core.preprocessing.library_splitter:split_libraries:86 -  拆分完成
2026-06-14 19:22:19.054 | INFO     | arrange_library.core.preprocessing.library_splitter:split_libraries:87 -   原始文库数: 5
2026-06-14 19:22:19.054 | INFO     | arrange_library.core.preprocessing.library_splitter:split_libraries:88 -   拆分文库数: 5
2026-06-14 19:22:19.054 | INFO     | arrange_library.core.preprocessing.library_splitter:split_libraries:89 -   最终文库数: 10
2026-06-14 19:22:19.054 | INFO     | arrange_library.core.preprocessing.library_splitter:split_libraries:90 - ============================================================
2026-06-14 19:22:19.054 | INFO     | __main__:test_with_model:19332 - 主流程前置拆分完成: 原始文库207个，触发拆分5个，拆分后文库212个
2026-06-14 19:22:19.063 | INFO     | __main__:_extract_mixed_lanes_by_peak_window:8433 - 混排Peak窗口: 340-482bp, 167个文库/2238G, 理论最多2条Lane
2026-06-14 19:22:19.080 | INFO     | __main__:_extract_mixed_lanes_by_peak_window:8469 - 混排Lane预抽取完成: 新增Lane=0，使用文库=0个/0.0G，剩余待排=212个/3237.5G
2026-06-14 19:22:19.080 | INFO     | arrange_library.core.scheduling.greedy_lane_scheduler:schedule:1084 - 开始逐Lane贪心排机 - 文库数: 212
2026-06-14 19:22:19.080 | INFO     | arrange_library.core.scheduling.greedy_lane_scheduler:schedule:1094 - 预拆分完成: 使用外层已拆分文库
2026-06-14 19:22:19.081 | INFO     | arrange_library.core.scheduling.greedy_lane_scheduler:_run_batch_analysis:469 - ===== 批次全局分析报告 =====
2026-06-14 19:22:19.081 | INFO     | arrange_library.core.scheduling.greedy_lane_scheduler:_run_batch_analysis:469 - 机器类型: Nova X-25B
2026-06-14 19:22:19.081 | INFO     | arrange_library.core.scheduling.greedy_lane_scheduler:_run_batch_analysis:469 - 文库总数: 212
2026-06-14 19:22:19.081 | INFO     | arrange_library.core.scheduling.greedy_lane_scheduler:_run_batch_analysis:469 - 总数据量: 3237.5 GB
2026-06-14 19:22:19.081 | INFO     | arrange_library.core.scheduling.greedy_lane_scheduler:_run_batch_analysis:469 - 预估Lane数: 3~4
2026-06-14 19:22:19.081 | INFO     | arrange_library.core.scheduling.greedy_lane_scheduler:_run_batch_analysis:469 - --- 特征标记 ---
2026-06-14 19:22:19.081 | INFO     | arrange_library.core.scheduling.greedy_lane_scheduler:_run_batch_analysis:469 -   包Lane文库: 无
2026-06-14 19:22:19.082 | INFO     | arrange_library.core.scheduling.greedy_lane_scheduler:_run_batch_analysis:469 -   碱基不均衡: 有
2026-06-14 19:22:19.082 | INFO     | arrange_library.core.scheduling.greedy_lane_scheduler:_run_batch_analysis:469 -   客户文库:   无
2026-06-14 19:22:19.082 | INFO     | arrange_library.core.scheduling.greedy_lane_scheduler:_run_batch_analysis:469 -   10bp文库:   有
2026-06-14 19:22:19.082 | INFO     | arrange_library.core.scheduling.greedy_lane_scheduler:_run_batch_analysis:469 -   非10bp文库: 有
2026-06-14 19:22:19.082 | INFO     | arrange_library.core.scheduling.greedy_lane_scheduler:_run_batch_analysis:469 -   特殊组合:   有
2026-06-14 19:22:19.082 | INFO     | arrange_library.core.scheduling.greedy_lane_scheduler:_run_batch_analysis:469 - --- 分组画像 ---
2026-06-14 19:22:19.082 | INFO     | arrange_library.core.scheduling.greedy_lane_scheduler:_run_batch_analysis:469 -   [imbalance] 碱基不均衡文库: 58个文库, 2302.0GB, 预估3~3条Lane
2026-06-14 19:22:19.082 | INFO     | arrange_library.core.scheduling.greedy_lane_scheduler:_run_batch_analysis:469 -   [non_10bp] 非10碱基文库: 46个文库, 1381.0GB, 预估2~2条Lane
2026-06-14 19:22:19.082 | INFO     | arrange_library.core.scheduling.greedy_lane_scheduler:_run_batch_analysis:469 -   [all] 全部文库: 212个文库, 3237.5GB, 预估3~4条Lane
2026-06-14 19:22:19.082 | INFO     | arrange_library.core.scheduling.greedy_lane_scheduler:_run_batch_analysis:469 -   [10bp] 10碱基文库: 166个文库, 1856.5GB, 预估2~2条Lane
2026-06-14 19:22:19.082 | INFO     | arrange_library.core.scheduling.greedy_lane_scheduler:_run_batch_analysis:469 -   [special_combo_a] 10X 5端/VDJ组合: 3个文库, 300.0GB, 预估1~1条Lane
2026-06-14 19:22:19.082 | INFO     | arrange_library.core.scheduling.greedy_lane_scheduler:_run_batch_analysis:469 -   [special_combo_b] 10X 3端/Visium组合: 8个文库, 800.0GB, 预估1~1条Lane
2026-06-14 19:22:19.082 | INFO     | arrange_library.core.scheduling.greedy_lane_scheduler:_run_batch_analysis:469 - --- 专用Lane推荐 ---
2026-06-14 19:22:19.082 | INFO     | arrange_library.core.scheduling.greedy_lane_scheduler:_run_batch_analysis:469 -   [imbalance] 碱基不均衡文库数据量充足，可包专用Lane避免混排占比限制 - 约2条Lane, 2302.0GB, 置信度: high
2026-06-14 19:22:19.082 | INFO     | arrange_library.core.scheduling.greedy_lane_scheduler:_run_batch_analysis:469 -   [non_10bp] 非10bp文库集中排入专用Lane，避免触发10bp>=40%混排规则 - 约1条Lane, 1381.0GB, 置信度: medium
2026-06-14 19:22:19.082 | INFO     | arrange_library.core.scheduling.greedy_lane_scheduler:_run_batch_analysis:469 - --- 混排约束 ---
2026-06-14 19:22:19.082 | INFO     | arrange_library.core.scheduling.greedy_lane_scheduler:_run_batch_analysis:469 -   [tj_1595_special_combo_groups_not_mixed] special_combo_a vs special_combo_b: 10X 5端/VDJ 与 10X 3端/Visium 文库不可混排，必须分开
2026-06-14 19:22:19.082 | INFO     | arrange_library.core.scheduling.greedy_lane_scheduler:_run_batch_analysis:469 -   [imbalance_max_30pct] imbalance vs all: 碱基不均衡文库全局占比71.1%，超过30%上限，必须拆分为专用Lane
2026-06-14 19:22:19.082 | INFO     | arrange_library.core.scheduling.greedy_lane_scheduler:_run_batch_analysis:469 - --- 尾部风险 ---
2026-06-14 19:22:19.082 | INFO     | arrange_library.core.scheduling.greedy_lane_scheduler:_run_batch_analysis:469 -   [imbalance] 碱基不均衡文库排完整Lane后剩余312.0GB，不足半Lane(498GB)，需要大文库骨架携带或混入散样Lane - 312.0GB, 58个, 严重程度: medium
2026-06-14 19:22:19.082 | INFO     | arrange_library.core.scheduling.greedy_lane_scheduler:_run_batch_analysis:469 -   [non_10bp] 非10碱基文库排完整Lane后剩余386.0GB，不足半Lane(498GB)，需要大文库骨架携带或混入散样Lane - 386.0GB, 46个, 严重程度: medium
2026-06-14 19:22:19.082 | INFO     | arrange_library.core.scheduling.greedy_lane_scheduler:_run_batch_analysis:469 -   [special_combo_a] 10X 5端/VDJ组合排完整Lane后剩余300.0GB，不足半Lane(485GB)，需要大文库骨架携带或混入散样Lane - 300.0GB, 3个, 严重程度: medium
2026-06-14 19:22:19.082 | INFO     | arrange_library.core.scheduling.greedy_lane_scheduler:_run_batch_analysis:469 - --- 策略建议 ---
2026-06-14 19:22:19.082 | INFO     | arrange_library.core.scheduling.greedy_lane_scheduler:_run_batch_analysis:469 -   - 碱基不均衡文库数据量充足，优先形成专用Lane
2026-06-14 19:22:19.082 | INFO     | arrange_library.core.scheduling.greedy_lane_scheduler:_run_batch_analysis:469 -   - 非10bp文库建议走专用Lane，避免10bp>=40%混排红线
2026-06-14 19:22:19.082 | INFO     | arrange_library.core.scheduling.greedy_lane_scheduler:_run_batch_analysis:469 - ===== 报告结束 =====
2026-06-14 19:22:19.082 | INFO     | arrange_library.core.scheduling.greedy_lane_scheduler:_run_batch_analysis:475 - 保留外部传入的策略执行计划，仅使用批次分析报告
2026-06-14 19:22:19.083 | INFO     | arrange_library.core.scheduling.greedy_lane_scheduler:schedule:1130 - 处理机器类型 Nova X-25B - 文库数: 212 - Lane容量: 1050.0GB, 利用率区间: [100%, 100%], 特殊文库上限: 350GB
2026-06-14 19:22:19.083 | INFO     | arrange_library.core.scheduling.greedy_lane_scheduler:schedule:1158 - 碱基不均衡专用Lane策略: 58个碱基不均衡文库
2026-06-14 19:22:19.083 | INFO     | arrange_library.core.scheduling.greedy_lane_scheduler:_get_dedicated_lane_profile:983 - 专用Lane分组G26剩余合同量36.0G无法满足1.1或3.6T-NEW有效容量下限
2026-06-14 19:22:19.083 | INFO     | arrange_library.core.scheduling.greedy_lane_scheduler:_get_dedicated_lane_profile:983 - 专用Lane分组G27剩余合同量174.0G无法满足1.1或3.6T-NEW有效容量下限
2026-06-14 19:22:19.083 | INFO     | arrange_library.core.scheduling.greedy_lane_scheduler:_get_dedicated_lane_profile:983 - 专用Lane分组G34剩余合同量800.0G无法满足1.1或3.6T-NEW有效容量下限
2026-06-14 19:22:19.083 | INFO     | arrange_library.core.scheduling.greedy_lane_scheduler:_get_dedicated_lane_profile:983 - 专用Lane分组G18剩余合同量12.0G无法满足1.1或3.6T-NEW有效容量下限
2026-06-14 19:22:19.083 | INFO     | arrange_library.core.scheduling.greedy_lane_scheduler:schedule:1164 - 形成0条专用Lane，剩余58个碱基不均衡文库
2026-06-14 19:22:19.085 | INFO     | arrange_library.core.scheduling.greedy_lane_scheduler:_schedule_3_6t_split_families_atomically:5258 - 3.6T-NEW拆分片段分散成功: 拆分家族0个，生成0条Lane，每个家族每Lane最多1片
2026-06-14 19:22:19.085 | INFO     | arrange_library.core.scheduling.greedy_lane_scheduler:schedule:1203 - 3.6T-NEW拆分家族原子分散失败: 5个原始文库回滚为未分配并禁止继续成Lane
2026-06-14 19:22:19.201 | INFO     | arrange_library.core.scheduling.greedy_lane_scheduler:schedule:1223 - 第二轮排机: 202 个未分配文库（wkdeliverydate优先，轮转起点）
2026-06-14 19:22:19.291 | INFO     | arrange_library.core.scheduling.greedy_lane_scheduler:schedule:1239 - 第三轮排机: 202 个未分配文库（小文库优先）
2026-06-14 19:22:19.828 | INFO     | arrange_library.core.scheduling.greedy_lane_scheduler:schedule:1282 - 连续5轮无新Lane且未分配池不变，提前结束无效重试
2026-06-14 19:22:19.828 | INFO     | arrange_library.core.scheduling.greedy_lane_scheduler:_get_dedicated_lane_profile:983 - 专用Lane分组G26剩余合同量36.0G无法满足1.1或3.6T-NEW有效容量下限
2026-06-14 19:22:19.829 | INFO     | arrange_library.core.scheduling.greedy_lane_scheduler:_get_dedicated_lane_profile:983 - 专用Lane分组G27剩余合同量174.0G无法满足1.1或3.6T-NEW有效容量下限
2026-06-14 19:22:19.829 | INFO     | arrange_library.core.scheduling.greedy_lane_scheduler:_get_dedicated_lane_profile:983 - 专用Lane分组G34剩余合同量800.0G无法满足1.1或3.6T-NEW有效容量下限
2026-06-14 19:22:19.829 | INFO     | arrange_library.core.scheduling.greedy_lane_scheduler:_get_dedicated_lane_profile:983 - 专用Lane分组G18剩余合同量12.0G无法满足1.1或3.6T-NEW有效容量下限
2026-06-14 19:22:19.829 | INFO     | arrange_library.core.scheduling.greedy_lane_scheduler:_build_imbalance_dedicated_lanes:1049 - 专用Lane创建完成: 0条Lane, 48个碱基不均衡文库待分配, 154个中性文库待分配
2026-06-14 19:22:19.829 | INFO     | arrange_library.core.scheduling.greedy_lane_scheduler:schedule:1814 - 逐Lane贪心排机完成 - Lane数: 0, 已分配: 0/212, 未分配: 207, 平均利用率: 0.0%, 耗时: 0.75秒
2026-06-14 19:22:19.829 | INFO     | arrange_library.core.constraints.lane_validator:__init__:165 - 成Lane校验程序初始化完成 (严格模式: False, 碱基不均衡上限: 35%, 特殊文库关键词: 9个)
2026-06-14 19:22:19.829 | INFO     | arrange_library.core.scheduling.greedy_lane_scheduler:_validate_all_lanes:2176 - 最终验证结果: 0条Lane通过，207个文库未分配
2026-06-14 19:22:19.876 | INFO     | __main__:_build_global_round_robin_lane:5817 - 全局轮转混排未成Lane: prefix=G3, pool_size=207, best=0个/0.0G, min=995.0G
2026-06-14 19:22:19.876 | INFO     | __main__:test_with_model:19410 - wkspecialsplits边排边检查完成: 无需调整
2026-06-14 19:22:19.876 | INFO     | __main__:test_with_model:19445 - 验证完成：0条Lane通过验证
2026-06-14 19:22:19.876 | INFO     | __main__:test_with_model:19466 - 57规则二次改排救援已关闭，失败Lane文库回收到未分配池
2026-06-14 19:22:19.876 | INFO     | __main__:_should_skip_expensive_rescue_stage:2853 - 高成本救援(EX/RB)跳过: 当前0条Lane通过验证，未分配池=207个/3237.5G，继续做高成本救援收益过低
2026-06-14 19:22:19.882 | INFO     | __main__:test_with_model:19483 - 快速交付日期救援未新增Lane
2026-06-14 19:22:19.882 | INFO     | arrange_library.core.constraints.lane_validator:__init__:165 - 成Lane校验程序初始化完成 (严格模式: True, 碱基不均衡上限: 35%, 特殊文库关键词: 9个)
2026-06-14 19:22:19.887 | INFO     | __main__:test_with_model:19575 - 预构建Lane平衡文库前置处理完成: 需补平衡文库Lane=1，成功=1，失败移除=0，专Lane保留=0
2026-06-14 19:22:20.174 | WARNING  | __main__:_filter_valid_lanes:13800 - Lane G55_Nova X-25B_001 终态过滤淘汰: ['peak_size: Peak Size范围354bp超过150bp，最佳窗口覆盖55.1%<75%']
2026-06-14 19:22:21.331 | WARNING  | arrange_library.core.constraints.index_validator_verified:validate_lane:174 - Lane内发现 1 个Index冲突
2026-06-14 19:22:33.621 | INFO     | __main__:_try_repair_peak_size_failed_lane_with_unassigned_pool:13935 - 终态peak_size定向修复未成功: lane=G55_Nova X-25B_001, window=277-427, 原覆盖=55.1%, 保留1275.4G, 补入49个
2026-06-14 19:22:33.900 | INFO     | __main__:test_with_model:19611 - 
合并9条预构建Lane到最终结果（过滤掉1条未通过严格校验的预构建Lane）
2026-06-14 19:22:33.900 | INFO     | __main__:test_with_model:19624 - 最终Lane总数: 9 (预构建Lane: 9, 普通Lane: 0)
2026-06-14 19:22:33.901 | INFO     | __main__:test_with_model:19639 - 全局预拆分回滚完成: 5个原始文库因拆分子文库未全部成Lane而回滚
2026-06-14 19:22:33.901 | INFO     | __main__:test_with_model:19667 - 拆分失败回滚原始文库处理完成: 可回1.1候选=5个(合同量<=500.0G)，继续隔离=0个
2026-06-14 19:22:33.934 | INFO     | __main__:_build_global_round_robin_lane:5817 - 全局轮转混排未成Lane: prefix=G3, pool_size=287, best=0个/0.0G, min=995.0G
2026-06-14 19:22:33.934 | INFO     | __main__:test_with_model:19747 - 剩余库全局轮转混排未新增Lane: 剩余未分配=287
2026-06-14 19:22:33.938 | WARNING  | __main__:_ensure_unique_lane_ids:348 - 检测到重复Lane ID，已自动重命名: DL_Nova X-25B_001 -> DL_Nova X-25B_004
2026-06-14 19:22:33.938 | WARNING  | __main__:test_with_model:19775 - 最终收口发现重复Lane ID并已重命名: 1条
2026-06-14 19:22:33.938 | INFO     | __main__:test_with_model:19777 - 脚本内置 Pooling 预测已停用，后续统一调用 prediction_delivery
2026-06-14 19:22:33.938 | WARNING  | __main__:analyze_solution:19240 - Lane DL_Nova X-25B_001 利用率异常: 215.29% (数据量=2099.10GB, 容量=975.00GB)
2026-06-14 19:22:33.938 | WARNING  | __main__:analyze_solution:19240 - Lane DL_Nova X-25B_002 利用率异常: 211.27% (数据量=2059.88GB, 容量=975.00GB)
2026-06-14 19:22:33.938 | WARNING  | __main__:analyze_solution:19240 - Lane DL_Nova X-25B_003 利用率异常: 213.52% (数据量=2081.77GB, 容量=975.00GB)
2026-06-14 19:22:33.938 | WARNING  | __main__:analyze_solution:19240 - Lane GL_Nova X-25B_001 利用率异常: 215.48% (数据量=2100.90GB, 容量=975.00GB)
2026-06-14 19:22:33.938 | WARNING  | __main__:analyze_solution:19240 - Lane GL_Nova X-25B_002 利用率异常: 216.67% (数据量=2112.53GB, 容量=975.00GB)
2026-06-14 19:22:33.938 | WARNING  | __main__:analyze_solution:19240 - Lane GL_Nova X-25B_003 利用率异常: 215.27% (数据量=2098.84GB, 容量=975.00GB)
2026-06-14 19:22:33.938 | WARNING  | __main__:analyze_solution:19240 - Lane GL_Nova X-25B_004 利用率异常: 215.46% (数据量=2100.76GB, 容量=975.00GB)
2026-06-14 19:22:33.938 | WARNING  | __main__:analyze_solution:19240 - Lane GL_Nova X-25B_005 利用率异常: 214.90% (数据量=2095.29GB, 容量=975.00GB)
2026-06-14 19:22:33.949 | INFO     | __main__:_schedule_rollback_libraries_in_mode_1_1:19809 - 拆分回滚原始文库回流1.1启动: 候选5个，合同量阈值<=500.0G
2026-06-14 19:22:33.950 | INFO     | __main__:test_with_model:19285 - 
================================================================================
2026-06-14 19:22:33.950 | INFO     | __main__:test_with_model:19286 - 排机流程：纯规则排机
2026-06-14 19:22:33.950 | INFO     | __main__:test_with_model:19287 - ================================================================================
2026-06-14 19:22:33.950 | INFO     | arrange_library.core.constraints.index_validator_verified:__init__:77 - Index校验器初始化完成（真实数据验证版本）
2026-06-14 19:22:33.950 | INFO     | arrange_library.core.constraints.lane_validator:__init__:165 - 成Lane校验程序初始化完成 (严格模式: True, 碱基不均衡上限: 35%, 特殊文库关键词: 9个)
2026-06-14 19:22:33.951 | WARNING  | arrange_library.core.ai.pooling_coefficient_optimizer:_load_config:40 - Pooling配置表不存在: /data/work/yuyongpeng/liblane_v2_deepseek/data/wktype_pooling_config.xlsx，将使用默认策略
2026-06-14 19:22:33.951 | INFO     | arrange_library.core.ai.pooling_coefficient_optimizer:_load_efficiency_corrections:185 - 产出效率修正表不存在: /data/work/yuyongpeng/liblane_v2_deepseek/data/production_efficiency_correction.csv，跳过后校准
2026-06-14 19:22:33.951 | WARNING  | arrange_library.core.ai.loutput_predictor_wrapper:_load_model:150 - 模型文件不存在: models/loutput_pre_lane_v5/lightgbm_model.pkl
2026-06-14 19:22:33.952 | WARNING  | arrange_library.core.ai.pooling_coefficient_optimizer:__init__:164 - loutput预测器不可用，将使用规则降级策略
2026-06-14 19:22:33.952 | INFO     | arrange_library.core.scheduling.greedy_lane_scheduler:__init__:265 - 逐Lane贪心排机器初始化完成 - 基础容量: 985.0GB, 利用率区间: [100%, 100%], 配置模式: 按机型自动
2026-06-14 19:22:33.952 | INFO     | arrange_library.core.scheduling.greedy_lane_scheduler:__init__:268 - 启用检查: Index=True, 碱基不均衡=True, 规则检查器=False
2026-06-14 19:22:33.952 | INFO     | __main__:test_with_model:19313 - 排机阶段：Pooling优化器已禁用（V6流程不需要）
2026-06-14 19:22:33.952 | INFO     | arrange_library.core.constraints.lane_validator:__init__:165 - 成Lane校验程序初始化完成 (严格模式: True, 碱基不均衡上限: 35%, 特殊文库关键词: 9个)
2026-06-14 19:22:33.952 | INFO     | __main__:test_with_model:19317 - 严格校验容量区间改为按统一配置表动态解析
2026-06-14 19:22:33.952 | INFO     | arrange_library.core.preprocessing.library_splitter:split_libraries:45 - ============================================================
2026-06-14 19:22:33.952 | INFO     | arrange_library.core.preprocessing.library_splitter:split_libraries:46 - [拆分] 开始文库拆分预处理
2026-06-14 19:22:33.952 | INFO     | arrange_library.core.preprocessing.library_splitter:split_libraries:47 -   拆分规则: 1.1模式文库（兼容旧名1.0）不拆分；3.6T-NEW单对index >130.0G 拆分，多对index >300.0G 拆分
2026-06-14 19:22:33.952 | INFO     | arrange_library.core.preprocessing.library_splitter:split_libraries:53 -   最小保留数据量: >2.0G
2026-06-14 19:22:33.952 | INFO     | arrange_library.core.preprocessing.library_splitter:split_libraries:85 - ------------------------------------------------------------
2026-06-14 19:22:33.952 | INFO     | arrange_library.core.preprocessing.library_splitter:split_libraries:86 -  拆分完成
2026-06-14 19:22:33.952 | INFO     | arrange_library.core.preprocessing.library_splitter:split_libraries:87 -   原始文库数: 5
2026-06-14 19:22:33.952 | INFO     | arrange_library.core.preprocessing.library_splitter:split_libraries:88 -   拆分文库数: 0
2026-06-14 19:22:33.952 | INFO     | arrange_library.core.preprocessing.library_splitter:split_libraries:89 -   最终文库数: 5
2026-06-14 19:22:33.952 | INFO     | arrange_library.core.preprocessing.library_splitter:split_libraries:90 - ============================================================
2026-06-14 19:22:33.952 | INFO     | __main__:test_with_model:19339 - 主流程前置拆分完成: 无需拆分
2026-06-14 19:22:33.952 | INFO     | __main__:test_with_model:19354 - Peak窗口混排预构Lane已按调用方要求关闭
2026-06-14 19:22:33.952 | INFO     | arrange_library.core.scheduling.greedy_lane_scheduler:schedule:1084 - 开始逐Lane贪心排机 - 文库数: 5
2026-06-14 19:22:33.953 | INFO     | arrange_library.core.scheduling.greedy_lane_scheduler:schedule:1094 - 预拆分完成: 使用外层已拆分文库
2026-06-14 19:22:33.953 | INFO     | arrange_library.core.scheduling.greedy_lane_scheduler:_run_batch_analysis:469 - ===== 批次全局分析报告 =====
2026-06-14 19:22:33.953 | INFO     | arrange_library.core.scheduling.greedy_lane_scheduler:_run_batch_analysis:469 - 机器类型: Nova X-25B
2026-06-14 19:22:33.953 | INFO     | arrange_library.core.scheduling.greedy_lane_scheduler:_run_batch_analysis:469 - 文库总数: 5
2026-06-14 19:22:33.953 | INFO     | arrange_library.core.scheduling.greedy_lane_scheduler:_run_batch_analysis:469 - 总数据量: 920.0 GB
2026-06-14 19:22:33.953 | INFO     | arrange_library.core.scheduling.greedy_lane_scheduler:_run_batch_analysis:469 - 预估Lane数: 1~1
2026-06-14 19:22:33.953 | INFO     | arrange_library.core.scheduling.greedy_lane_scheduler:_run_batch_analysis:469 - --- 特征标记 ---
2026-06-14 19:22:33.953 | INFO     | arrange_library.core.scheduling.greedy_lane_scheduler:_run_batch_analysis:469 -   包Lane文库: 无
2026-06-14 19:22:33.953 | INFO     | arrange_library.core.scheduling.greedy_lane_scheduler:_run_batch_analysis:469 -   碱基不均衡: 有
2026-06-14 19:22:33.953 | INFO     | arrange_library.core.scheduling.greedy_lane_scheduler:_run_batch_analysis:469 -   客户文库:   无
2026-06-14 19:22:33.953 | INFO     | arrange_library.core.scheduling.greedy_lane_scheduler:_run_batch_analysis:469 -   10bp文库:   有
2026-06-14 19:22:33.953 | INFO     | arrange_library.core.scheduling.greedy_lane_scheduler:_run_batch_analysis:469 -   非10bp文库: 无
2026-06-14 19:22:33.953 | INFO     | arrange_library.core.scheduling.greedy_lane_scheduler:_run_batch_analysis:469 -   特殊组合:   有
2026-06-14 19:22:33.953 | INFO     | arrange_library.core.scheduling.greedy_lane_scheduler:_run_batch_analysis:469 - --- 分组画像 ---
2026-06-14 19:22:33.953 | INFO     | arrange_library.core.scheduling.greedy_lane_scheduler:_run_batch_analysis:469 -   [imbalance] 碱基不均衡文库: 5个文库, 920.0GB, 预估1~1条Lane
2026-06-14 19:22:33.953 | INFO     | arrange_library.core.scheduling.greedy_lane_scheduler:_run_batch_analysis:469 -   [10bp] 10碱基文库: 5个文库, 920.0GB, 预估1~1条Lane
2026-06-14 19:22:33.953 | INFO     | arrange_library.core.scheduling.greedy_lane_scheduler:_run_batch_analysis:469 -   [all] 全部文库: 5个文库, 920.0GB, 预估1~1条Lane
2026-06-14 19:22:33.954 | INFO     | arrange_library.core.scheduling.greedy_lane_scheduler:_run_batch_analysis:469 -   [special_combo_a] 10X 5端/VDJ组合: 1个文库, 200.0GB, 预估1~1条Lane
2026-06-14 19:22:33.954 | INFO     | arrange_library.core.scheduling.greedy_lane_scheduler:_run_batch_analysis:469 - --- 混排约束 ---
2026-06-14 19:22:33.954 | INFO     | arrange_library.core.scheduling.greedy_lane_scheduler:_run_batch_analysis:469 -   [imbalance_max_30pct] imbalance vs all: 碱基不均衡文库全局占比100.0%，超过30%上限，必须拆分为专用Lane
2026-06-14 19:22:33.954 | INFO     | arrange_library.core.scheduling.greedy_lane_scheduler:_run_batch_analysis:469 - --- 尾部风险 ---
2026-06-14 19:22:33.954 | INFO     | arrange_library.core.scheduling.greedy_lane_scheduler:_run_batch_analysis:469 -   [imbalance] 碱基不均衡文库排完整Lane后剩余920.0GB，不足半Lane(1048GB)，需要大文库骨架携带或混入散样Lane - 920.0GB, 5个, 严重程度: medium
2026-06-14 19:22:33.954 | INFO     | arrange_library.core.scheduling.greedy_lane_scheduler:_run_batch_analysis:469 -   [special_combo_a] 10X 5端/VDJ组合排完整Lane后剩余200.0GB，不足半Lane(998GB)，需要大文库骨架携带或混入散样Lane - 200.0GB, 1个, 严重程度: high
2026-06-14 19:22:33.954 | INFO     | arrange_library.core.scheduling.greedy_lane_scheduler:_run_batch_analysis:469 - --- 策略建议 ---
2026-06-14 19:22:33.954 | INFO     | arrange_library.core.scheduling.greedy_lane_scheduler:_run_batch_analysis:469 -   - 存在1个高风险尾部分组，建议启用骨架预留(大带小)
2026-06-14 19:22:33.954 | INFO     | arrange_library.core.scheduling.greedy_lane_scheduler:_run_batch_analysis:469 - ===== 报告结束 =====
2026-06-14 19:22:33.954 | INFO     | arrange_library.core.scheduling.greedy_lane_scheduler:_run_batch_analysis:475 - 保留外部传入的策略执行计划，仅使用批次分析报告
2026-06-14 19:22:33.954 | INFO     | arrange_library.core.scheduling.greedy_lane_scheduler:schedule:1130 - 处理机器类型 Nova X-25B - 文库数: 5 - Lane容量: 1050.0GB, 利用率区间: [100%, 100%], 特殊文库上限: 350GB
2026-06-14 19:22:33.954 | INFO     | arrange_library.core.scheduling.greedy_lane_scheduler:schedule:1158 - 碱基不均衡专用Lane策略: 5个碱基不均衡文库
2026-06-14 19:22:33.954 | INFO     | arrange_library.core.scheduling.greedy_lane_scheduler:schedule:1164 - 形成0条专用Lane，剩余5个碱基不均衡文库
2026-06-14 19:22:33.955 | WARNING  | arrange_library.core.scheduling.greedy_lane_scheduler:_schedule_machine_group:5454 - 剩余 5 个文库无法分配（全部有约束冲突）
2026-06-14 19:22:33.955 | INFO     | arrange_library.core.scheduling.greedy_lane_scheduler:schedule:1216 - 剩余池总量920.0GB不足最小成Lane门槛2095.0GB，跳过后续随机重试
2026-06-14 19:22:33.955 | INFO     | arrange_library.core.scheduling.greedy_lane_scheduler:_build_imbalance_dedicated_lanes:1049 - 专用Lane创建完成: 0条Lane, 5个碱基不均衡文库待分配, 0个中性文库待分配
2026-06-14 19:22:33.955 | INFO     | arrange_library.core.scheduling.greedy_lane_scheduler:schedule:1814 - 逐Lane贪心排机完成 - Lane数: 0, 已分配: 0/5, 未分配: 5, 平均利用率: 0.0%, 耗时: 0.00秒
2026-06-14 19:22:33.956 | INFO     | arrange_library.core.constraints.lane_validator:__init__:165 - 成Lane校验程序初始化完成 (严格模式: False, 碱基不均衡上限: 35%, 特殊文库关键词: 9个)
2026-06-14 19:22:33.956 | INFO     | arrange_library.core.scheduling.greedy_lane_scheduler:_validate_all_lanes:2176 - 最终验证结果: 0条Lane通过，5个文库未分配
2026-06-14 19:22:33.956 | INFO     | __main__:test_with_model:19410 - wkspecialsplits边排边检查完成: 无需调整
2026-06-14 19:22:33.956 | INFO     | __main__:test_with_model:19445 - 验证完成：0条Lane通过验证
2026-06-14 19:22:33.956 | INFO     | __main__:test_with_model:19466 - 57规则二次改排救援已关闭，失败Lane文库回收到未分配池
2026-06-14 19:22:33.957 | INFO     | __main__:_attempt_build_rescue_lane_from_pool:6021 - 补Lane尝试跳过: lane_prefix=EX, pool_size=5, pool_data=920.000G不足最小门槛2095.000G
2026-06-14 19:22:33.957 | INFO     | __main__:_try_increase_lane_count:8541 - Lane数量提升停止: machine_type=Nova X-25B, 当前池首次构Lane失败，跳过同池重复尝试
2026-06-14 19:22:33.957 | INFO     | __main__:test_with_model:19498 - Lane数量提升未新增Lane
2026-06-14 19:22:33.958 | INFO     | __main__:_attempt_build_rescue_lane_from_pool:6021 - 补Lane尝试跳过: lane_prefix=RB, pool_size=5, pool_data=920.000G不足最小门槛2095.000G
2026-06-14 19:22:33.958 | INFO     | __main__:try_multi_lib_swap_rebalance:8840 - 跨Lane多文库交换停止: machine_type=Nova X-25B, 当前池首次构Lane失败，跳过同池重复尝试
2026-06-14 19:22:33.958 | INFO     | __main__:test_with_model:19531 - 跨Lane多文库交换未新增Lane，剩余未分配5个
2026-06-14 19:22:33.958 | INFO     | __main__:test_with_model:19747 - 剩余库全局轮转混排未新增Lane: 剩余未分配=5
2026-06-14 19:22:33.958 | INFO     | __main__:test_with_model:19777 - 脚本内置 Pooling 预测已停用，后续统一调用 prediction_delivery
2026-06-14 19:22:33.958 | INFO     | __main__:_schedule_rollback_libraries_in_mode_1_1:19846 - 拆分回滚原始文库回流1.1完成: 新增Lane=0，剩余未分配=5
2026-06-14 19:22:33.959 | INFO     | __main__:_validate_final_package_lanes:3360 - 排后包Lane校验通过
2026-06-14 19:22:33.961 | INFO     | __main__:_validate_no_split_for_package_lane_libraries:3454 - 排后校验通过：包Lane编号文库拆分规则满足约束
2026-06-14 19:22:33.961 | INFO     | arrange_library.core.constraints.lane_validator:__init__:165 - 成Lane校验程序初始化完成 (严格模式: True, 碱基不均衡上限: 35%, 特殊文库关键词: 9个)
2026-06-14 19:22:33.965 | INFO     | __main__:_validate_final_package_lanes:3360 - 排后包Lane校验通过
2026-06-14 19:22:33.966 | INFO     | arrange_library.core.constraints.lane_validator:__init__:165 - 成Lane校验程序初始化完成 (严格模式: True, 碱基不均衡上限: 35%, 特殊文库关键词: 9个)
2026-06-14 19:22:33.973 | INFO     | __main__:_validate_final_package_lanes:3360 - 排后包Lane校验通过
2026-06-14 19:22:33.974 | INFO     | __main__:_validate_no_split_for_package_lane_libraries:3454 - 排后校验通过：包Lane编号文库拆分规则满足约束
2026-06-14 19:22:34.995 | INFO     | __main__:_consume_g53_g54_imbalance_as_mode_lanes:1665 - 终态3.6 G53/G54组合碱基不均专Lane未成Lane: group=G54, 候选8个/800.0G, 贪心选择8个/800.0G, 下限970.0G, top_failures=[('capacity_out_of_rule_range', 188), ('repair_failed', 2)]
2026-06-14 19:22:35.291 | INFO     | __main__:_materialize_balance_library_for_lane:7823 - Lane G55_TMP 尝试补平衡文库模板: sample_id=phix, test_no=Novaseq X Plus-PE150, index_seq=GGGGGGGGGG;ACCGAGATCT
2026-06-14 19:22:35.292 | INFO     | __main__:_materialize_balance_library_for_lane:7856 - Lane G55_TMP 平衡文库补充成功: sample_id=phix, 数据量=52.211G
2026-06-14 19:22:35.293 | INFO     | __main__:_consume_g55_imbalance_as_mode_lanes:16484 - 终态3.6 G55跨基础组碱基不均专Lane index冲突定向修复成功: 原始17个/1022.0G, 修复后13个/992.0G
2026-06-14 19:22:35.294 | INFO     | __main__:_consume_g55_imbalance_as_mode_lanes:16590 - 终态3.6 G55跨基础组碱基不均专Lane成Lane成功: lane=G55_Nova X-25B_002, 基础组=G18,G26,G27,G34, 使用13个/992.0G
2026-06-14 19:22:35.296 | INFO     | __main__:_try_add_terminal_global_36t_mixed_lanes:17069 - 终态全局3.6 G55跨基础组碱基不均补Lane成功: 承载机型=Nova X-25B, 新增Lane=1, 使用文库=13, 剩余候选=89
2026-06-14 19:22:35.348 | INFO     | __main__:_consume_g53_g54_imbalance_as_mode_lanes:1665 - 终态3.6 G53/G54组合碱基不均专Lane未成Lane: group=G53, 候选8个/702.4G, 贪心选择8个/702.4G, 下限970.0G, top_failures=[('capacity_out_of_rule_range', 94), ('repair_failed', 1)]
2026-06-14 19:22:35.575 | INFO     | __main__:arrange_library:21046 - 终态全局3.6混排增量完成: 新增Lane=1，使用拆分原始文库=13，使用普通补料文库=0，剩余未分配=281
2026-06-14 19:22:35.583 | INFO     | __main__:_try_convert_mergeable_36t_tail_lanes_to_mode_1_1:9864 - 终态可合并3.6T Lane两两回收候选: 候选3.6T Lane=2，有效1.1配对=0
2026-06-14 19:22:35.583 | INFO     | arrange_library.core.constraints.lane_validator:__init__:165 - 成Lane校验程序初始化完成 (严格模式: True, 碱基不均衡上限: 35%, 特殊文库关键词: 9个)
2026-06-14 19:22:35.583 | INFO     | arrange_library.core.constraints.lane_validator:__init__:165 - 成Lane校验程序初始化完成 (严格模式: True, 碱基不均衡上限: 35%, 特殊文库关键词: 9个)
2026-06-14 19:22:35.587 | INFO     | __main__:arrange_library:21111 - 终态增量Lane平衡文库后处理完成: 需补平衡文库Lane=1，成功=1，失败移除=0，专Lane保留=0，回收文库=0
2026-06-14 19:22:36.469 | INFO     | __main__:_collect_prediction_rows:18218 - arrange 收集排机结果，用于后续 prediction_delivery 预测
2026-06-14 19:22:36.471 | WARNING  | __main__:_load_lane_index_rule_mapping:12044 - 排机规则映射文件不存在，跳过显式排机规则解析: /data/work/yuyongpeng/liblane_v2_deepseek/paiji_complete2/merge_deal/config
2026-06-14 19:22:36.471 | INFO     | __main__:_collect_prediction_rows:18240 - arrange Lane DL_Nova X-25B_001 排机浓度规则命中: special_10x_combo_group_b_customer_2_5, lsjnd=2.500
2026-06-14 19:22:36.471 | INFO     | __main__:_collect_prediction_rows:18244 - arrange Lane DL_Nova X-25B_001 输出规则命中: tj_1595_mode_1_1_special_combo, lsjfs=25B, lcxms=1.1
2026-06-14 19:22:36.471 | INFO     | __main__:_collect_prediction_rows:18248 - arrange Lane DL_Nova X-25B_001 显式排机规则: P7P5
2026-06-14 19:22:36.472 | INFO     | __main__:_collect_prediction_rows:18240 - arrange Lane DL_Nova X-25B_002 排机浓度规则命中: special_10x_combo_group_b_non_customer_1_78, lsjnd=1.780
2026-06-14 19:22:36.472 | INFO     | __main__:_collect_prediction_rows:18244 - arrange Lane DL_Nova X-25B_002 输出规则命中: tj_1595_mode_1_1_special_combo, lsjfs=25B, lcxms=1.1
2026-06-14 19:22:36.472 | INFO     | __main__:_collect_prediction_rows:18248 - arrange Lane DL_Nova X-25B_002 显式排机规则: P7P5
2026-06-14 19:22:36.472 | INFO     | __main__:_collect_prediction_rows:18240 - arrange Lane DL_Nova X-25B_003 排机浓度规则命中: special_10x_combo_group_b_non_customer_1_78, lsjnd=1.780
2026-06-14 19:22:36.472 | INFO     | __main__:_collect_prediction_rows:18244 - arrange Lane DL_Nova X-25B_003 输出规则命中: tj_1595_mode_1_1_special_combo, lsjfs=25B, lcxms=1.1
2026-06-14 19:22:36.472 | INFO     | __main__:_collect_prediction_rows:18248 - arrange Lane DL_Nova X-25B_003 显式排机规则: P7P5
2026-06-14 19:22:36.476 | INFO     | __main__:_collect_prediction_rows:18240 - arrange Lane GL_Nova X-25B_001 排机浓度规则命中: no_loading_concentration_rule_matched, lsjnd=
2026-06-14 19:22:36.476 | INFO     | __main__:_collect_prediction_rows:18244 - arrange Lane GL_Nova X-25B_001 输出规则命中: tj_1595_mode_1_1, lsjfs=25B, lcxms=1.1
2026-06-14 19:22:36.476 | INFO     | __main__:_collect_prediction_rows:18248 - arrange Lane GL_Nova X-25B_001 显式排机规则: P7P5
2026-06-14 19:22:36.481 | INFO     | __main__:_collect_prediction_rows:18240 - arrange Lane GL_Nova X-25B_002 排机浓度规则命中: no_loading_concentration_rule_matched, lsjnd=
2026-06-14 19:22:36.482 | INFO     | __main__:_collect_prediction_rows:18244 - arrange Lane GL_Nova X-25B_002 输出规则命中: tj_1595_mode_1_1, lsjfs=25B, lcxms=1.1
2026-06-14 19:22:36.482 | INFO     | __main__:_collect_prediction_rows:18248 - arrange Lane GL_Nova X-25B_002 显式排机规则: P7P5
2026-06-14 19:22:36.486 | INFO     | __main__:_collect_prediction_rows:18240 - arrange Lane GL_Nova X-25B_003 排机浓度规则命中: no_loading_concentration_rule_matched, lsjnd=
2026-06-14 19:22:36.486 | INFO     | __main__:_collect_prediction_rows:18244 - arrange Lane GL_Nova X-25B_003 输出规则命中: tj_1595_mode_1_1, lsjfs=25B, lcxms=1.1
2026-06-14 19:22:36.486 | INFO     | __main__:_collect_prediction_rows:18248 - arrange Lane GL_Nova X-25B_003 显式排机规则: P7P5
2026-06-14 19:22:36.490 | INFO     | __main__:_collect_prediction_rows:18240 - arrange Lane GL_Nova X-25B_004 排机浓度规则命中: no_loading_concentration_rule_matched, lsjnd=
2026-06-14 19:22:36.490 | INFO     | __main__:_collect_prediction_rows:18244 - arrange Lane GL_Nova X-25B_004 输出规则命中: tj_1595_mode_1_1, lsjfs=25B, lcxms=1.1
2026-06-14 19:22:36.490 | INFO     | __main__:_collect_prediction_rows:18248 - arrange Lane GL_Nova X-25B_004 显式排机规则: P7P5
2026-06-14 19:22:36.493 | INFO     | __main__:_collect_prediction_rows:18240 - arrange Lane GL_Nova X-25B_005 排机浓度规则命中: no_loading_concentration_rule_matched, lsjnd=
2026-06-14 19:22:36.493 | INFO     | __main__:_collect_prediction_rows:18244 - arrange Lane GL_Nova X-25B_005 输出规则命中: tj_1595_mode_1_1, lsjfs=25B, lcxms=1.1
2026-06-14 19:22:36.493 | INFO     | __main__:_collect_prediction_rows:18248 - arrange Lane GL_Nova X-25B_005 显式排机规则: P7P5
2026-06-14 19:22:36.494 | INFO     | __main__:_collect_prediction_rows:18240 - arrange Lane DL_Nova X-25B_004 排机浓度规则命中: no_loading_concentration_rule_matched, lsjnd=
2026-06-14 19:22:36.494 | INFO     | __main__:_collect_prediction_rows:18244 - arrange Lane DL_Nova X-25B_004 输出规则命中: tj_1595_special_combo_36t, lsjfs=25B, lcxms=3.6T-NEW
2026-06-14 19:22:36.494 | INFO     | __main__:_collect_prediction_rows:18248 - arrange Lane DL_Nova X-25B_004 显式排机规则: P7P5
2026-06-14 19:22:36.495 | INFO     | __main__:_collect_prediction_rows:18240 - arrange Lane G55_Nova X-25B_002 排机浓度规则命中: no_loading_concentration_rule_matched, lsjnd=
2026-06-14 19:22:36.495 | INFO     | __main__:_collect_prediction_rows:18244 - arrange Lane G55_Nova X-25B_002 输出规则命中: tj_1595_standard_pe150_25b, lsjfs=25B, lcxms=3.6T-NEW
2026-06-14 19:22:36.495 | INFO     | __main__:_collect_prediction_rows:18248 - arrange Lane G55_Nova X-25B_002 显式排机规则: P7P5
/data/work/yuyongpeng/liblane_v2_deepseek/paiji_complete2/paiji_complete/arrange_library/arrange_library_model6.py:18582: FutureWarning: Downcasting object dtype arrays on .fillna, .ffill, .bfill is deprecated and will change in a future version. Call result.infer_objects(copy=False) instead. To opt-in to the future behavior, set `pd.set_option('future.no_silent_downcasting', True)`
  balance_mask = df[BALANCE_LIBRARY_MARKER_COLUMN].fillna(False).astype(bool)
/data/work/yuyongpeng/liblane_v2_deepseek/paiji_complete2/paiji_complete/arrange_library/arrange_library_model6.py:19005: FutureWarning: Downcasting object dtype arrays on .fillna, .ffill, .bfill is deprecated and will change in a future version. Call result.infer_objects(copy=False) instead. To opt-in to the future behavior, set `pd.set_option('future.no_silent_downcasting', True)`
  non_balance_mask = ~merged[BALANCE_LIBRARY_MARKER_COLUMN].fillna(False).astype(bool)
2026-06-14 19:22:36.723 | INFO     | __main__:_build_detail_output:19050 - 明细输出完成: 61_sta_arrange_model6_fastg55_terminal.csv
2026-06-14 19:22:36.724 | INFO     | __main__:arrange_library:21235 - 
================================================================================
2026-06-14 19:22:36.724 | INFO     | __main__:arrange_library:21236 - 步骤3: 跳过 prediction_delivery，保留下单量/预测产出空字段
2026-06-14 19:22:36.725 | INFO     | __main__:arrange_library:21237 - ================================================================================
2026-06-14 19:22:36.800 | INFO     | __main__:_run_prediction_delivery:19889 - 已跳过 prediction_delivery 模型预测，输出保留下单量/预测产出字段空值: 61_sta_arrange_model6_fastg55_terminal.csv
2026-06-14 19:22:36.801 | INFO     | __main__:arrange_library:21239 - 输出后处理完成: 记录数=1573, 平均下单量=nanG, 平均产出量=nanG
2026-06-14 19:22:36.801 | INFO     | __main__:arrange_library:21246 - 
端到端排机完成！
2026-06-14 19:22:36.801 | INFO     | __main__:arrange_library:21247 - 最终输出文件: 61_sta_arrange_model6_fastg55_terminal.csv
2026-06-14 19:22:36.802 | INFO     | __main__:arrange_library:21248 - ================================================================================
	Command being timed: "python arrange_library/arrange_library_model6.py --mode arrange --data-file arrange_library/61_sta.csv --output-file 61_sta_arrange_model6_fastg55_terminal.csv"
	User time (seconds): 154.71
	System time (seconds): 0.27
	Percent of CPU this job got: 109%
	Elapsed (wall clock) time (h:mm:ss or m:ss): 2:21.98
	Average shared text size (kbytes): 0
	Average unshared data size (kbytes): 0
	Average stack size (kbytes): 0
	Average total size (kbytes): 0
	Maximum resident set size (kbytes): 340104
	Average resident set size (kbytes): 0
	Major (requiring I/O) page faults: 0
	Minor (reclaiming a frame) page faults: 186197
	Voluntary context switches: 158
	Involuntary context switches: 641
	Swaps: 0
	File system inputs: 0
	File system outputs: 5984
	Socket messages sent: 0
	Socket messages received: 0
	Signals delivered: 0
	Page size (bytes): 4096
	Exit status: 0
