2026-06-14 20:54:36.291 | INFO     | arrange_library.core.constraints.index_validator_verified:__init__:77 - Index校验器初始化完成（真实数据验证版本）
2026-06-14 20:54:36.364 | INFO     | arrange_library.core.config.scheduling_config:_load_rule_matrix_config:806 - 统一排机规则配置已加载: profiles=55, constraints=2, loading_rules=4, lab_mappings=9
2026-06-14 20:54:36.365 | INFO     | arrange_library.core.config.scheduling_config:_load_mode_1_1_rules:1777 - 1.1模式规则配置加载完成: /data/work/yuyongpeng/liblane_v2_deepseek/paiji_complete2/paiji_complete/arrange_library/config/mode_1_1_rules.json
2026-06-14 20:54:36.449 | INFO     | arrange_library.core.config.scheduling_config:__init__:434 - 排机配置管理器初始化完成
2026-06-14 20:54:36.926 | INFO     | arrange_library.core.constraints.index_validator_verified:__init__:77 - Index校验器初始化完成（真实数据验证版本）
2026-06-14 20:54:36.933 | INFO     | __main__:arrange_library:19179 - ================================================================================
2026-06-14 20:54:36.933 | INFO     | __main__:arrange_library:19180 - arrange_library: 端到端排机流程 - 排机与 Pooling 预测
2026-06-14 20:54:36.933 | INFO     | __main__:arrange_library:19181 - ================================================================================
2026-06-14 20:54:36.933 | INFO     | __main__:arrange_library:19182 - 调用时间: 2026-06-14 20:54:36
2026-06-14 20:54:36.933 | INFO     | __main__:arrange_library:19183 - 随机种子: 42 (固定，确保可复现)
2026-06-14 20:54:36.933 | INFO     | __main__:arrange_library:19184 - 运行模式: arrange
2026-06-14 20:54:36.933 | INFO     | __main__:arrange_library:19190 - 
使用数据文件: arrange_library/61_sta.csv
2026-06-14 20:54:37.039 | INFO     | __main__:load_standardized_csv:18361 - 从标准化CSV文件加载数据: arrange_library/61_sta.csv
2026-06-14 20:54:37.057 | INFO     | __main__:load_standardized_csv:18363 - 读取 1572 行数据
2026-06-14 20:54:37.281 | INFO     | __main__:load_standardized_csv:18458 - 成功创建 1572 个文库对象
2026-06-14 20:54:37.281 | INFO     | __main__:arrange_library:19223 - 成功转换 1572 个测试文库
2026-06-14 20:54:37.284 | INFO     | __main__:arrange_library:19252 - AI可排文库筛选完成: 可排=1572，不可排=0，机型排除=0
2026-06-14 20:54:37.284 | INFO     | __main__:arrange_library:19275 - 
================================================================================
2026-06-14 20:54:37.284 | INFO     | __main__:arrange_library:19276 - 步骤0.9: 提前处理1.1第二轮历史固定组合文库
2026-06-14 20:54:37.284 | INFO     | __main__:arrange_library:19277 - ================================================================================
2026-06-14 20:54:37.286 | INFO     | arrange_library.core.scheduling.mode_1_1_round2:identify_round2_candidates:129 - 1.1第二轮候选识别: 无符合条件的候选文库
2026-06-14 20:54:37.286 | INFO     | __main__:arrange_library:19295 - 1.1第二轮历史Lane前置直出: 无候选文库
2026-06-14 20:54:37.286 | INFO     | __main__:arrange_library:19300 - 
================================================================================
2026-06-14 20:54:37.286 | INFO     | __main__:arrange_library:19301 - 步骤1: 处理包Lane文库（wkbaleno字段有值的文库）
2026-06-14 20:54:37.286 | INFO     | __main__:arrange_library:19302 - ================================================================================
2026-06-14 20:54:37.287 | INFO     | __main__:arrange_library:19320 - 包Lane文库数: 0
2026-06-14 20:54:37.287 | INFO     | __main__:arrange_library:19321 - 普通文库数: 1572
2026-06-14 20:54:37.309 | INFO     | __main__:arrange_library:19382 - 
================================================================================
2026-06-14 20:54:37.309 | INFO     | __main__:arrange_library:19383 - 步骤1.2: 处理10+24 Lane seq文库
2026-06-14 20:54:37.309 | INFO     | __main__:arrange_library:19384 - ================================================================================
2026-06-14 20:54:37.309 | WARNING  | __main__:_build_10_plus_24_lane_seq_lanes:7619 - 10+24 Lane seq剩余2个文库未成Lane
2026-06-14 20:54:37.309 | INFO     | __main__:arrange_library:19394 - 10+24 Lane seq处理完成: 输入文库=2, 生成Lane=0, 未分配=2
2026-06-14 20:54:37.309 | INFO     | arrange_library.core.constraints.index_validator_verified:__init__:77 - Index校验器初始化完成（真实数据验证版本）
2026-06-14 20:54:37.309 | INFO     | arrange_library.core.constraints.lane_validator:__init__:165 - 成Lane校验程序初始化完成 (严格模式: True, 碱基不均衡上限: 35%, 特殊文库关键词: 9个)
2026-06-14 20:54:37.309 | INFO     | __main__:arrange_library:19408 - 
================================================================================
2026-06-14 20:54:37.309 | INFO     | __main__:arrange_library:19409 - 步骤1.3: 1.1前碱基不均衡专Lane预抽取
2026-06-14 20:54:37.309 | INFO     | __main__:arrange_library:19410 - ================================================================================
2026-06-14 20:54:37.311 | INFO     | arrange_library.core.constraints.index_validator_verified:__init__:77 - Index校验器初始化完成（真实数据验证版本）
2026-06-14 20:54:37.311 | INFO     | arrange_library.core.constraints.lane_validator:__init__:165 - 成Lane校验程序初始化完成 (严格模式: True, 碱基不均衡上限: 35%, 特殊文库关键词: 9个)
2026-06-14 20:54:37.313 | WARNING  | arrange_library.core.ai.pooling_coefficient_optimizer:_load_config:40 - Pooling配置表不存在: /data/work/yuyongpeng/liblane_v2_deepseek/data/wktype_pooling_config.xlsx，将使用默认策略
2026-06-14 20:54:37.313 | INFO     | arrange_library.core.ai.pooling_coefficient_optimizer:_load_efficiency_corrections:185 - 产出效率修正表不存在: /data/work/yuyongpeng/liblane_v2_deepseek/data/production_efficiency_correction.csv，跳过后校准
2026-06-14 20:54:37.313 | WARNING  | arrange_library.core.ai.loutput_predictor_wrapper:_load_model:150 - 模型文件不存在: models/loutput_pre_lane_v5/lightgbm_model.pkl
2026-06-14 20:54:37.313 | WARNING  | arrange_library.core.ai.pooling_coefficient_optimizer:__init__:164 - loutput预测器不可用，将使用规则降级策略
2026-06-14 20:54:37.313 | INFO     | arrange_library.core.scheduling.greedy_lane_scheduler:__init__:267 - 逐Lane贪心排机器初始化完成 - 基础容量: 985.0GB, 利用率区间: [100%, 100%], 配置模式: 按机型自动
2026-06-14 20:54:37.313 | INFO     | arrange_library.core.scheduling.greedy_lane_scheduler:__init__:270 - 启用检查: Index=True, 碱基不均衡=True, 规则检查器=False
2026-06-14 20:54:37.314 | INFO     | arrange_library.core.scheduling.greedy_lane_scheduler:_get_dedicated_lane_profile:985 - 专用Lane分组G36剩余合同量10.7G无法满足1.1或3.6T-NEW有效容量下限
2026-06-14 20:54:37.315 | INFO     | arrange_library.core.scheduling.greedy_lane_scheduler:_get_dedicated_lane_profile:985 - 专用Lane分组G26剩余合同量67.3G无法满足1.1或3.6T-NEW有效容量下限
2026-06-14 20:54:37.315 | INFO     | arrange_library.core.scheduling.greedy_lane_scheduler:_get_dedicated_lane_profile:985 - 专用Lane分组G25剩余合同量6.0G无法满足1.1或3.6T-NEW有效容量下限
2026-06-14 20:54:37.315 | INFO     | arrange_library.core.scheduling.greedy_lane_scheduler:_get_dedicated_lane_profile:985 - 专用Lane分组G50剩余合同量10.0G无法满足1.1或3.6T-NEW有效容量下限
2026-06-14 20:54:37.316 | INFO     | arrange_library.core.scheduling.greedy_lane_scheduler:_get_dedicated_lane_profile:985 - 专用Lane分组G33剩余合同量111.0G无法满足1.1或3.6T-NEW有效容量下限
2026-06-14 20:54:37.316 | INFO     | arrange_library.core.scheduling.greedy_lane_scheduler:_get_dedicated_lane_profile:985 - 专用Lane分组G29剩余合同量219.6G无法满足1.1或3.6T-NEW有效容量下限
2026-06-14 20:54:37.317 | INFO     | arrange_library.core.scheduling.greedy_lane_scheduler:_get_dedicated_lane_profile:985 - 专用Lane分组G27剩余合同量729.0G无法满足1.1或3.6T-NEW有效容量下限
2026-06-14 20:54:37.317 | INFO     | arrange_library.core.scheduling.greedy_lane_scheduler:_get_dedicated_lane_profile:985 - 专用Lane分组G39剩余合同量150.0G无法满足1.1或3.6T-NEW有效容量下限
2026-06-14 20:54:37.326 | INFO     | arrange_library.core.constraints.lane_validator:__init__:165 - 成Lane校验程序初始化完成 (严格模式: False, 碱基不均衡上限: 35%, 特殊文库关键词: 9个)
2026-06-14 20:54:37.326 | INFO     | arrange_library.core.scheduling.greedy_lane_scheduler:_build_group:2693 - 专用Lane DL_Nova X-25B_001 形成成功 - 分组=G34, 碱基不均衡=1031.8G, 平衡文库=0.0G, 总量(含平衡)=1031.8G, 模式=3.6T-NEW, 容量规则=tj_1595_special_combo_36t
2026-06-14 20:54:37.327 | INFO     | arrange_library.core.scheduling.greedy_lane_scheduler:_get_dedicated_lane_profile:985 - 专用Lane分组G34剩余合同量800.0G无法满足1.1或3.6T-NEW有效容量下限
2026-06-14 20:54:37.327 | INFO     | arrange_library.core.scheduling.greedy_lane_scheduler:_get_dedicated_lane_profile:985 - 专用Lane分组G7剩余合同量2.4G无法满足1.1或3.6T-NEW有效容量下限
2026-06-14 20:54:37.328 | INFO     | arrange_library.core.scheduling.greedy_lane_scheduler:_get_dedicated_lane_profile:985 - 专用Lane分组G58剩余合同量920.0G无法满足1.1或3.6T-NEW有效容量下限
2026-06-14 20:54:37.328 | INFO     | arrange_library.core.scheduling.greedy_lane_scheduler:_get_dedicated_lane_profile:985 - 专用Lane分组G5剩余合同量400.0G无法满足1.1或3.6T-NEW有效容量下限
2026-06-14 20:54:37.329 | INFO     | arrange_library.core.scheduling.greedy_lane_scheduler:_get_dedicated_lane_profile:985 - 专用Lane分组G35剩余合同量208.0G无法满足1.1或3.6T-NEW有效容量下限
2026-06-14 20:54:37.329 | INFO     | arrange_library.core.scheduling.greedy_lane_scheduler:_get_dedicated_lane_profile:985 - 专用Lane分组G4剩余合同量150.0G无法满足1.1或3.6T-NEW有效容量下限
2026-06-14 20:54:37.329 | INFO     | arrange_library.core.scheduling.greedy_lane_scheduler:_get_dedicated_lane_profile:985 - 专用Lane分组G52剩余合同量10.0G无法满足1.1或3.6T-NEW有效容量下限
2026-06-14 20:54:37.330 | INFO     | arrange_library.core.scheduling.greedy_lane_scheduler:_get_dedicated_lane_profile:985 - 专用Lane分组G16剩余合同量120.0G无法满足1.1或3.6T-NEW有效容量下限
2026-06-14 20:54:37.331 | INFO     | arrange_library.core.scheduling.greedy_lane_scheduler:_get_dedicated_lane_profile:985 - 专用Lane分组G18剩余合同量114.0G无法满足1.1或3.6T-NEW有效容量下限
2026-06-14 20:54:37.331 | INFO     | arrange_library.core.scheduling.greedy_lane_scheduler:_get_dedicated_lane_profile:985 - 专用Lane分组G19剩余合同量1.0G无法满足1.1或3.6T-NEW有效容量下限
2026-06-14 20:54:37.331 | INFO     | __main__:_extract_global_dedicated_imbalance_lanes:1189 - 全局跨机型碱基不均专Lane预抽取: 承载机型=Nova X-25B, 生成Lane=1, 消耗1031.8G, 剩余不均文库=240个/11570.8G
2026-06-14 20:54:37.334 | INFO     | __main__:_extract_global_dedicated_imbalance_lanes:1200 - 全局碱基不均专Lane预抽取完成: 生成Lane=1, 后续普通排机池 1570 -> 1555
2026-06-14 20:54:37.334 | INFO     | __main__:_keep_only_mode_1_1_prebuilt_lanes:2183 - 步骤1.3 单组碱基不均1.1专Lane: 回收1条非1.1预抽取Lane，返还15个文库/1031.8G继续参与1.1 G53/G54/G55
2026-06-14 20:54:37.408 | INFO     | __main__:_consume_g53_g54_imbalance_as_mode_lanes:1493 - 步骤1.3 G53/G54组合碱基不均1.1专Lane未成Lane: group=G54, 候选76个/7040.7G, 贪心选择27个/2099.1G, 下限1995.0G, top_failures=[('capacity_out_of_rule_range', 1), ('validation_failed:ValidationRuleType.INDEX_10BP_RATIO:10bp Index占比33.3%低于40%要求', 1)]
2026-06-14 20:54:42.471 | INFO     | __main__:_materialize_balance_library_for_lane:7277 - Lane DLG55_TMP 尝试补平衡文库模板: sample_id=phix, test_no=Novaseq X Plus-PE150, index_seq=GGGGGGGGGG;ACCGAGATCT
2026-06-14 20:54:42.473 | INFO     | __main__:_validate_balance_injection_lane_state:7079 - Lane DLG55_TMP 候选平衡文库 phix 注入校验失败: ['10bp Index占比29.3%低于40%要求']
2026-06-14 20:54:42.473 | INFO     | __main__:_materialize_balance_library_for_lane:7277 - Lane DLG55_TMP 尝试补平衡文库模板: sample_id=FDSW250185295-1r, test_no=Novaseq X Plus-PE150, index_seq=AGCATCGAGT;AGCATCCTCA
2026-06-14 20:54:42.475 | INFO     | __main__:_validate_balance_injection_lane_state:7079 - Lane DLG55_TMP 候选平衡文库 FDSW250185295-1r 注入校验失败: ['10bp Index占比29.3%低于40%要求']
2026-06-14 20:54:42.475 | INFO     | __main__:_materialize_balance_library_for_lane:7277 - Lane DLG55_TMP 尝试补平衡文库模板: sample_id=FDSW250185296-1r, test_no=Novaseq X Plus-PE150, index_seq=CTCACACTGA;CTCACACATG
2026-06-14 20:54:42.477 | INFO     | __main__:_validate_balance_injection_lane_state:7079 - Lane DLG55_TMP 候选平衡文库 FDSW250185296-1r 注入校验失败: ['10bp Index占比29.3%低于40%要求']
2026-06-14 20:54:42.477 | INFO     | __main__:_materialize_balance_library_for_lane:7277 - Lane DLG55_TMP 尝试补平衡文库模板: sample_id=FDSW250185298-1r, test_no=Novaseq X Plus-PE150, index_seq=CCGACTAGAT;CCGACTAAGA
2026-06-14 20:54:42.479 | INFO     | __main__:_validate_balance_injection_lane_state:7079 - Lane DLG55_TMP 候选平衡文库 FDSW250185298-1r 注入校验失败: ['10bp Index占比29.3%低于40%要求']
2026-06-14 20:54:42.479 | INFO     | __main__:_materialize_balance_library_for_lane:7277 - Lane DLG55_TMP 尝试补平衡文库模板: sample_id=FDSW250185306-1r, test_no=Novaseq X Plus-PE150, index_seq=ACAGAGCGAT;GACTACTCAC
2026-06-14 20:54:42.481 | INFO     | __main__:_validate_balance_injection_lane_state:7079 - Lane DLG55_TMP 候选平衡文库 FDSW250185306-1r 注入校验失败: ['10bp Index占比29.3%低于40%要求']
2026-06-14 20:54:42.481 | INFO     | __main__:_materialize_balance_library_for_lane:7277 - Lane DLG55_TMP 尝试补平衡文库模板: sample_id=FDSW250185309-1r, test_no=Novaseq X Plus-PE150, index_seq=GTCACACACT;CAAGTGCTTC
2026-06-14 20:54:42.483 | INFO     | __main__:_validate_balance_injection_lane_state:7079 - Lane DLG55_TMP 候选平衡文库 FDSW250185309-1r 注入校验失败: ['10bp Index占比29.3%低于40%要求']
2026-06-14 20:54:42.483 | INFO     | __main__:_materialize_balance_library_for_lane:7277 - Lane DLG55_TMP 尝试补平衡文库模板: sample_id=FDSW250185313-1r, test_no=Novaseq X Plus-PE150, index_seq=ATCGAATGCG;CGATATCTGC
2026-06-14 20:54:42.484 | INFO     | __main__:_validate_balance_injection_lane_state:7079 - Lane DLG55_TMP 候选平衡文库 FDSW250185313-1r 注入校验失败: ['10bp Index占比29.3%低于40%要求']
2026-06-14 20:54:42.484 | INFO     | __main__:_materialize_balance_library_for_lane:7277 - Lane DLG55_TMP 尝试补平衡文库模板: sample_id=FDSW250185316-1r, test_no=Novaseq X Plus-PE150, index_seq=TCATTGCACC;ATCGAAGCTC
2026-06-14 20:54:42.486 | INFO     | __main__:_validate_balance_injection_lane_state:7079 - Lane DLG55_TMP 候选平衡文库 FDSW250185316-1r 注入校验失败: ['10bp Index占比29.3%低于40%要求']
2026-06-14 20:54:42.489 | WARNING  | __main__:_materialize_balance_library_for_lane:7402 - Lane DLG55_TMP 平衡文库补充失败: 需补 107.895G，实验室=天津科技服务实验室，工序=Novaseq X Plus-PE150
2026-06-14 20:54:45.763 | INFO     | __main__:_materialize_balance_library_for_lane:7277 - Lane DLG55_TMP 尝试补平衡文库模板: sample_id=phix, test_no=Novaseq X Plus-PE150, index_seq=GGGGGGGGGG;ACCGAGATCT
2026-06-14 20:54:46.106 | INFO     | __main__:_validate_balance_injection_lane_state:7079 - Lane DLG55_TMP 候选平衡文库 phix 注入校验失败: ['10bp Index占比26.4%低于40%要求']
2026-06-14 20:54:46.107 | INFO     | __main__:_materialize_balance_library_for_lane:7277 - Lane DLG55_TMP 尝试补平衡文库模板: sample_id=FDSW250185295-1r, test_no=Novaseq X Plus-PE150, index_seq=AGCATCGAGT;AGCATCCTCA
2026-06-14 20:54:46.450 | INFO     | __main__:_validate_balance_injection_lane_state:7079 - Lane DLG55_TMP 候选平衡文库 FDSW250185295-1r 注入校验失败: ['10bp Index占比26.4%低于40%要求']
2026-06-14 20:54:46.450 | INFO     | __main__:_materialize_balance_library_for_lane:7277 - Lane DLG55_TMP 尝试补平衡文库模板: sample_id=FDSW250185296-1r, test_no=Novaseq X Plus-PE150, index_seq=CTCACACTGA;CTCACACATG
2026-06-14 20:54:46.795 | INFO     | __main__:_validate_balance_injection_lane_state:7079 - Lane DLG55_TMP 候选平衡文库 FDSW250185296-1r 注入校验失败: ['10bp Index占比26.4%低于40%要求']
2026-06-14 20:54:46.795 | INFO     | __main__:_materialize_balance_library_for_lane:7277 - Lane DLG55_TMP 尝试补平衡文库模板: sample_id=FDSW250185298-1r, test_no=Novaseq X Plus-PE150, index_seq=CCGACTAGAT;CCGACTAAGA
2026-06-14 20:54:47.141 | INFO     | __main__:_validate_balance_injection_lane_state:7079 - Lane DLG55_TMP 候选平衡文库 FDSW250185298-1r 注入校验失败: ['10bp Index占比26.4%低于40%要求']
2026-06-14 20:54:47.141 | INFO     | __main__:_materialize_balance_library_for_lane:7277 - Lane DLG55_TMP 尝试补平衡文库模板: sample_id=FDSW250185306-1r, test_no=Novaseq X Plus-PE150, index_seq=ACAGAGCGAT;GACTACTCAC
2026-06-14 20:54:47.488 | INFO     | __main__:_validate_balance_injection_lane_state:7079 - Lane DLG55_TMP 候选平衡文库 FDSW250185306-1r 注入校验失败: ['10bp Index占比26.4%低于40%要求']
2026-06-14 20:54:47.488 | INFO     | __main__:_materialize_balance_library_for_lane:7277 - Lane DLG55_TMP 尝试补平衡文库模板: sample_id=FDSW250185309-1r, test_no=Novaseq X Plus-PE150, index_seq=GTCACACACT;CAAGTGCTTC
2026-06-14 20:54:47.833 | INFO     | __main__:_validate_balance_injection_lane_state:7079 - Lane DLG55_TMP 候选平衡文库 FDSW250185309-1r 注入校验失败: ['10bp Index占比26.4%低于40%要求']
2026-06-14 20:54:47.833 | INFO     | __main__:_materialize_balance_library_for_lane:7277 - Lane DLG55_TMP 尝试补平衡文库模板: sample_id=FDSW250185313-1r, test_no=Novaseq X Plus-PE150, index_seq=ATCGAATGCG;CGATATCTGC
2026-06-14 20:54:48.176 | INFO     | __main__:_validate_balance_injection_lane_state:7079 - Lane DLG55_TMP 候选平衡文库 FDSW250185313-1r 注入校验失败: ['10bp Index占比26.4%低于40%要求']
2026-06-14 20:54:48.176 | INFO     | __main__:_materialize_balance_library_for_lane:7277 - Lane DLG55_TMP 尝试补平衡文库模板: sample_id=FDSW250185316-1r, test_no=Novaseq X Plus-PE150, index_seq=TCATTGCACC;ATCGAAGCTC
2026-06-14 20:54:48.519 | INFO     | __main__:_validate_balance_injection_lane_state:7079 - Lane DLG55_TMP 候选平衡文库 FDSW250185316-1r 注入校验失败: ['10bp Index占比26.4%低于40%要求']
2026-06-14 20:54:49.505 | WARNING  | __main__:_materialize_balance_library_for_lane:7402 - Lane DLG55_TMP 平衡文库补充失败: 需补 107.232G，实验室=天津科技服务实验室，工序=Novaseq X Plus-PE150
2026-06-14 20:54:52.779 | INFO     | __main__:_materialize_balance_library_for_lane:7277 - Lane DLG55_TMP 尝试补平衡文库模板: sample_id=phix, test_no=Novaseq X Plus-PE150, index_seq=GGGGGGGGGG;ACCGAGATCT
2026-06-14 20:54:53.124 | INFO     | __main__:_validate_balance_injection_lane_state:7079 - Lane DLG55_TMP 候选平衡文库 phix 注入校验失败: ['10bp Index占比26.4%低于40%要求']
2026-06-14 20:54:53.124 | INFO     | __main__:_materialize_balance_library_for_lane:7277 - Lane DLG55_TMP 尝试补平衡文库模板: sample_id=FDSW250185295-1r, test_no=Novaseq X Plus-PE150, index_seq=AGCATCGAGT;AGCATCCTCA
2026-06-14 20:54:53.468 | INFO     | __main__:_validate_balance_injection_lane_state:7079 - Lane DLG55_TMP 候选平衡文库 FDSW250185295-1r 注入校验失败: ['10bp Index占比26.4%低于40%要求']
2026-06-14 20:54:53.468 | INFO     | __main__:_materialize_balance_library_for_lane:7277 - Lane DLG55_TMP 尝试补平衡文库模板: sample_id=FDSW250185296-1r, test_no=Novaseq X Plus-PE150, index_seq=CTCACACTGA;CTCACACATG
2026-06-14 20:54:53.814 | INFO     | __main__:_validate_balance_injection_lane_state:7079 - Lane DLG55_TMP 候选平衡文库 FDSW250185296-1r 注入校验失败: ['10bp Index占比26.4%低于40%要求']
2026-06-14 20:54:53.814 | INFO     | __main__:_materialize_balance_library_for_lane:7277 - Lane DLG55_TMP 尝试补平衡文库模板: sample_id=FDSW250185298-1r, test_no=Novaseq X Plus-PE150, index_seq=CCGACTAGAT;CCGACTAAGA
2026-06-14 20:54:54.160 | INFO     | __main__:_validate_balance_injection_lane_state:7079 - Lane DLG55_TMP 候选平衡文库 FDSW250185298-1r 注入校验失败: ['10bp Index占比26.4%低于40%要求']
2026-06-14 20:54:54.160 | INFO     | __main__:_materialize_balance_library_for_lane:7277 - Lane DLG55_TMP 尝试补平衡文库模板: sample_id=FDSW250185306-1r, test_no=Novaseq X Plus-PE150, index_seq=ACAGAGCGAT;GACTACTCAC
2026-06-14 20:54:54.504 | INFO     | __main__:_validate_balance_injection_lane_state:7079 - Lane DLG55_TMP 候选平衡文库 FDSW250185306-1r 注入校验失败: ['10bp Index占比26.4%低于40%要求']
2026-06-14 20:54:54.504 | INFO     | __main__:_materialize_balance_library_for_lane:7277 - Lane DLG55_TMP 尝试补平衡文库模板: sample_id=FDSW250185309-1r, test_no=Novaseq X Plus-PE150, index_seq=GTCACACACT;CAAGTGCTTC
2026-06-14 20:54:54.848 | INFO     | __main__:_validate_balance_injection_lane_state:7079 - Lane DLG55_TMP 候选平衡文库 FDSW250185309-1r 注入校验失败: ['10bp Index占比26.4%低于40%要求']
2026-06-14 20:54:54.849 | INFO     | __main__:_materialize_balance_library_for_lane:7277 - Lane DLG55_TMP 尝试补平衡文库模板: sample_id=FDSW250185313-1r, test_no=Novaseq X Plus-PE150, index_seq=ATCGAATGCG;CGATATCTGC
2026-06-14 20:54:55.197 | INFO     | __main__:_validate_balance_injection_lane_state:7079 - Lane DLG55_TMP 候选平衡文库 FDSW250185313-1r 注入校验失败: ['10bp Index占比26.4%低于40%要求']
2026-06-14 20:54:55.197 | INFO     | __main__:_materialize_balance_library_for_lane:7277 - Lane DLG55_TMP 尝试补平衡文库模板: sample_id=FDSW250185316-1r, test_no=Novaseq X Plus-PE150, index_seq=TCATTGCACC;ATCGAAGCTC
2026-06-14 20:54:55.542 | INFO     | __main__:_validate_balance_injection_lane_state:7079 - Lane DLG55_TMP 候选平衡文库 FDSW250185316-1r 注入校验失败: ['10bp Index占比26.4%低于40%要求']
2026-06-14 20:54:56.552 | WARNING  | __main__:_materialize_balance_library_for_lane:7402 - Lane DLG55_TMP 平衡文库补充失败: 需补 107.232G，实验室=天津科技服务实验室，工序=Novaseq X Plus-PE150
2026-06-14 20:54:59.851 | INFO     | __main__:_materialize_balance_library_for_lane:7277 - Lane DLG55_TMP 尝试补平衡文库模板: sample_id=phix, test_no=Novaseq X Plus-PE150, index_seq=GGGGGGGGGG;ACCGAGATCT
2026-06-14 20:55:00.198 | INFO     | __main__:_validate_balance_injection_lane_state:7079 - Lane DLG55_TMP 候选平衡文库 phix 注入校验失败: ['10bp Index占比26.4%低于40%要求']
2026-06-14 20:55:00.198 | INFO     | __main__:_materialize_balance_library_for_lane:7277 - Lane DLG55_TMP 尝试补平衡文库模板: sample_id=FDSW250185295-1r, test_no=Novaseq X Plus-PE150, index_seq=AGCATCGAGT;AGCATCCTCA
2026-06-14 20:55:00.544 | INFO     | __main__:_validate_balance_injection_lane_state:7079 - Lane DLG55_TMP 候选平衡文库 FDSW250185295-1r 注入校验失败: ['10bp Index占比26.4%低于40%要求']
2026-06-14 20:55:00.544 | INFO     | __main__:_materialize_balance_library_for_lane:7277 - Lane DLG55_TMP 尝试补平衡文库模板: sample_id=FDSW250185296-1r, test_no=Novaseq X Plus-PE150, index_seq=CTCACACTGA;CTCACACATG
2026-06-14 20:55:00.889 | INFO     | __main__:_validate_balance_injection_lane_state:7079 - Lane DLG55_TMP 候选平衡文库 FDSW250185296-1r 注入校验失败: ['10bp Index占比26.4%低于40%要求']
2026-06-14 20:55:00.889 | INFO     | __main__:_materialize_balance_library_for_lane:7277 - Lane DLG55_TMP 尝试补平衡文库模板: sample_id=FDSW250185298-1r, test_no=Novaseq X Plus-PE150, index_seq=CCGACTAGAT;CCGACTAAGA
2026-06-14 20:55:01.235 | INFO     | __main__:_validate_balance_injection_lane_state:7079 - Lane DLG55_TMP 候选平衡文库 FDSW250185298-1r 注入校验失败: ['10bp Index占比26.4%低于40%要求']
2026-06-14 20:55:01.235 | INFO     | __main__:_materialize_balance_library_for_lane:7277 - Lane DLG55_TMP 尝试补平衡文库模板: sample_id=FDSW250185306-1r, test_no=Novaseq X Plus-PE150, index_seq=ACAGAGCGAT;GACTACTCAC
2026-06-14 20:55:01.580 | INFO     | __main__:_validate_balance_injection_lane_state:7079 - Lane DLG55_TMP 候选平衡文库 FDSW250185306-1r 注入校验失败: ['10bp Index占比26.4%低于40%要求']
2026-06-14 20:55:01.580 | INFO     | __main__:_materialize_balance_library_for_lane:7277 - Lane DLG55_TMP 尝试补平衡文库模板: sample_id=FDSW250185309-1r, test_no=Novaseq X Plus-PE150, index_seq=GTCACACACT;CAAGTGCTTC
2026-06-14 20:55:01.924 | INFO     | __main__:_validate_balance_injection_lane_state:7079 - Lane DLG55_TMP 候选平衡文库 FDSW250185309-1r 注入校验失败: ['10bp Index占比26.4%低于40%要求']
2026-06-14 20:55:01.925 | INFO     | __main__:_materialize_balance_library_for_lane:7277 - Lane DLG55_TMP 尝试补平衡文库模板: sample_id=FDSW250185313-1r, test_no=Novaseq X Plus-PE150, index_seq=ATCGAATGCG;CGATATCTGC
2026-06-14 20:55:02.269 | INFO     | __main__:_validate_balance_injection_lane_state:7079 - Lane DLG55_TMP 候选平衡文库 FDSW250185313-1r 注入校验失败: ['10bp Index占比26.4%低于40%要求']
2026-06-14 20:55:02.269 | INFO     | __main__:_materialize_balance_library_for_lane:7277 - Lane DLG55_TMP 尝试补平衡文库模板: sample_id=FDSW250185316-1r, test_no=Novaseq X Plus-PE150, index_seq=TCATTGCACC;ATCGAAGCTC
2026-06-14 20:55:02.614 | INFO     | __main__:_validate_balance_injection_lane_state:7079 - Lane DLG55_TMP 候选平衡文库 FDSW250185316-1r 注入校验失败: ['10bp Index占比26.4%低于40%要求']
2026-06-14 20:55:03.618 | WARNING  | __main__:_materialize_balance_library_for_lane:7402 - Lane DLG55_TMP 平衡文库补充失败: 需补 107.232G，实验室=天津科技服务实验室，工序=Novaseq X Plus-PE150
2026-06-14 20:55:06.887 | INFO     | __main__:_materialize_balance_library_for_lane:7277 - Lane DLG55_TMP 尝试补平衡文库模板: sample_id=phix, test_no=Novaseq X Plus-PE150, index_seq=GGGGGGGGGG;ACCGAGATCT
2026-06-14 20:55:07.230 | INFO     | __main__:_validate_balance_injection_lane_state:7079 - Lane DLG55_TMP 候选平衡文库 phix 注入校验失败: ['10bp Index占比26.4%低于40%要求']
2026-06-14 20:55:07.230 | INFO     | __main__:_materialize_balance_library_for_lane:7277 - Lane DLG55_TMP 尝试补平衡文库模板: sample_id=FDSW250185295-1r, test_no=Novaseq X Plus-PE150, index_seq=AGCATCGAGT;AGCATCCTCA
2026-06-14 20:55:07.574 | INFO     | __main__:_validate_balance_injection_lane_state:7079 - Lane DLG55_TMP 候选平衡文库 FDSW250185295-1r 注入校验失败: ['10bp Index占比26.4%低于40%要求']
2026-06-14 20:55:07.574 | INFO     | __main__:_materialize_balance_library_for_lane:7277 - Lane DLG55_TMP 尝试补平衡文库模板: sample_id=FDSW250185296-1r, test_no=Novaseq X Plus-PE150, index_seq=CTCACACTGA;CTCACACATG
2026-06-14 20:55:07.918 | INFO     | __main__:_validate_balance_injection_lane_state:7079 - Lane DLG55_TMP 候选平衡文库 FDSW250185296-1r 注入校验失败: ['10bp Index占比26.4%低于40%要求']
2026-06-14 20:55:07.918 | INFO     | __main__:_materialize_balance_library_for_lane:7277 - Lane DLG55_TMP 尝试补平衡文库模板: sample_id=FDSW250185298-1r, test_no=Novaseq X Plus-PE150, index_seq=CCGACTAGAT;CCGACTAAGA
2026-06-14 20:55:08.261 | INFO     | __main__:_validate_balance_injection_lane_state:7079 - Lane DLG55_TMP 候选平衡文库 FDSW250185298-1r 注入校验失败: ['10bp Index占比26.4%低于40%要求']
2026-06-14 20:55:08.261 | INFO     | __main__:_materialize_balance_library_for_lane:7277 - Lane DLG55_TMP 尝试补平衡文库模板: sample_id=FDSW250185306-1r, test_no=Novaseq X Plus-PE150, index_seq=ACAGAGCGAT;GACTACTCAC
2026-06-14 20:55:08.606 | INFO     | __main__:_validate_balance_injection_lane_state:7079 - Lane DLG55_TMP 候选平衡文库 FDSW250185306-1r 注入校验失败: ['10bp Index占比26.4%低于40%要求']
2026-06-14 20:55:08.607 | INFO     | __main__:_materialize_balance_library_for_lane:7277 - Lane DLG55_TMP 尝试补平衡文库模板: sample_id=FDSW250185309-1r, test_no=Novaseq X Plus-PE150, index_seq=GTCACACACT;CAAGTGCTTC
2026-06-14 20:55:08.951 | INFO     | __main__:_validate_balance_injection_lane_state:7079 - Lane DLG55_TMP 候选平衡文库 FDSW250185309-1r 注入校验失败: ['10bp Index占比26.4%低于40%要求']
2026-06-14 20:55:08.951 | INFO     | __main__:_materialize_balance_library_for_lane:7277 - Lane DLG55_TMP 尝试补平衡文库模板: sample_id=FDSW250185313-1r, test_no=Novaseq X Plus-PE150, index_seq=ATCGAATGCG;CGATATCTGC
2026-06-14 20:55:09.295 | INFO     | __main__:_validate_balance_injection_lane_state:7079 - Lane DLG55_TMP 候选平衡文库 FDSW250185313-1r 注入校验失败: ['10bp Index占比26.4%低于40%要求']
2026-06-14 20:55:09.295 | INFO     | __main__:_materialize_balance_library_for_lane:7277 - Lane DLG55_TMP 尝试补平衡文库模板: sample_id=FDSW250185316-1r, test_no=Novaseq X Plus-PE150, index_seq=TCATTGCACC;ATCGAAGCTC
2026-06-14 20:55:09.638 | INFO     | __main__:_validate_balance_injection_lane_state:7079 - Lane DLG55_TMP 候选平衡文库 FDSW250185316-1r 注入校验失败: ['10bp Index占比26.4%低于40%要求']
2026-06-14 20:55:10.667 | WARNING  | __main__:_materialize_balance_library_for_lane:7402 - Lane DLG55_TMP 平衡文库补充失败: 需补 107.232G，实验室=天津科技服务实验室，工序=Novaseq X Plus-PE150
2026-06-14 20:55:13.949 | INFO     | __main__:_materialize_balance_library_for_lane:7277 - Lane DLG55_TMP 尝试补平衡文库模板: sample_id=phix, test_no=Novaseq X Plus-PE150, index_seq=GGGGGGGGGG;ACCGAGATCT
2026-06-14 20:55:14.293 | INFO     | __main__:_validate_balance_injection_lane_state:7079 - Lane DLG55_TMP 候选平衡文库 phix 注入校验失败: ['10bp Index占比26.4%低于40%要求']
2026-06-14 20:55:14.293 | INFO     | __main__:_materialize_balance_library_for_lane:7277 - Lane DLG55_TMP 尝试补平衡文库模板: sample_id=FDSW250185295-1r, test_no=Novaseq X Plus-PE150, index_seq=AGCATCGAGT;AGCATCCTCA
2026-06-14 20:55:14.637 | INFO     | __main__:_validate_balance_injection_lane_state:7079 - Lane DLG55_TMP 候选平衡文库 FDSW250185295-1r 注入校验失败: ['10bp Index占比26.4%低于40%要求']
2026-06-14 20:55:14.637 | INFO     | __main__:_materialize_balance_library_for_lane:7277 - Lane DLG55_TMP 尝试补平衡文库模板: sample_id=FDSW250185296-1r, test_no=Novaseq X Plus-PE150, index_seq=CTCACACTGA;CTCACACATG
2026-06-14 20:55:14.981 | INFO     | __main__:_validate_balance_injection_lane_state:7079 - Lane DLG55_TMP 候选平衡文库 FDSW250185296-1r 注入校验失败: ['10bp Index占比26.4%低于40%要求']
2026-06-14 20:55:14.982 | INFO     | __main__:_materialize_balance_library_for_lane:7277 - Lane DLG55_TMP 尝试补平衡文库模板: sample_id=FDSW250185298-1r, test_no=Novaseq X Plus-PE150, index_seq=CCGACTAGAT;CCGACTAAGA
2026-06-14 20:55:15.325 | INFO     | __main__:_validate_balance_injection_lane_state:7079 - Lane DLG55_TMP 候选平衡文库 FDSW250185298-1r 注入校验失败: ['10bp Index占比26.4%低于40%要求']
2026-06-14 20:55:15.325 | INFO     | __main__:_materialize_balance_library_for_lane:7277 - Lane DLG55_TMP 尝试补平衡文库模板: sample_id=FDSW250185306-1r, test_no=Novaseq X Plus-PE150, index_seq=ACAGAGCGAT;GACTACTCAC
2026-06-14 20:55:15.668 | INFO     | __main__:_validate_balance_injection_lane_state:7079 - Lane DLG55_TMP 候选平衡文库 FDSW250185306-1r 注入校验失败: ['10bp Index占比26.4%低于40%要求']
2026-06-14 20:55:15.668 | INFO     | __main__:_materialize_balance_library_for_lane:7277 - Lane DLG55_TMP 尝试补平衡文库模板: sample_id=FDSW250185309-1r, test_no=Novaseq X Plus-PE150, index_seq=GTCACACACT;CAAGTGCTTC
2026-06-14 20:55:16.011 | INFO     | __main__:_validate_balance_injection_lane_state:7079 - Lane DLG55_TMP 候选平衡文库 FDSW250185309-1r 注入校验失败: ['10bp Index占比26.4%低于40%要求']
2026-06-14 20:55:16.011 | INFO     | __main__:_materialize_balance_library_for_lane:7277 - Lane DLG55_TMP 尝试补平衡文库模板: sample_id=FDSW250185313-1r, test_no=Novaseq X Plus-PE150, index_seq=ATCGAATGCG;CGATATCTGC
2026-06-14 20:55:16.356 | INFO     | __main__:_validate_balance_injection_lane_state:7079 - Lane DLG55_TMP 候选平衡文库 FDSW250185313-1r 注入校验失败: ['10bp Index占比26.4%低于40%要求']
2026-06-14 20:55:16.356 | INFO     | __main__:_materialize_balance_library_for_lane:7277 - Lane DLG55_TMP 尝试补平衡文库模板: sample_id=FDSW250185316-1r, test_no=Novaseq X Plus-PE150, index_seq=TCATTGCACC;ATCGAAGCTC
2026-06-14 20:55:16.700 | INFO     | __main__:_validate_balance_injection_lane_state:7079 - Lane DLG55_TMP 候选平衡文库 FDSW250185316-1r 注入校验失败: ['10bp Index占比26.4%低于40%要求']
2026-06-14 20:55:17.710 | WARNING  | __main__:_materialize_balance_library_for_lane:7402 - Lane DLG55_TMP 平衡文库补充失败: 需补 107.232G，实验室=天津科技服务实验室，工序=Novaseq X Plus-PE150
2026-06-14 20:55:20.987 | INFO     | __main__:_materialize_balance_library_for_lane:7277 - Lane DLG55_TMP 尝试补平衡文库模板: sample_id=phix, test_no=Novaseq X Plus-PE150, index_seq=GGGGGGGGGG;ACCGAGATCT
2026-06-14 20:55:21.331 | INFO     | __main__:_validate_balance_injection_lane_state:7079 - Lane DLG55_TMP 候选平衡文库 phix 注入校验失败: ['10bp Index占比26.4%低于40%要求']
2026-06-14 20:55:21.331 | INFO     | __main__:_materialize_balance_library_for_lane:7277 - Lane DLG55_TMP 尝试补平衡文库模板: sample_id=FDSW250185295-1r, test_no=Novaseq X Plus-PE150, index_seq=AGCATCGAGT;AGCATCCTCA
2026-06-14 20:55:21.676 | INFO     | __main__:_validate_balance_injection_lane_state:7079 - Lane DLG55_TMP 候选平衡文库 FDSW250185295-1r 注入校验失败: ['10bp Index占比26.4%低于40%要求']
2026-06-14 20:55:21.676 | INFO     | __main__:_materialize_balance_library_for_lane:7277 - Lane DLG55_TMP 尝试补平衡文库模板: sample_id=FDSW250185296-1r, test_no=Novaseq X Plus-PE150, index_seq=CTCACACTGA;CTCACACATG
2026-06-14 20:55:22.020 | INFO     | __main__:_validate_balance_injection_lane_state:7079 - Lane DLG55_TMP 候选平衡文库 FDSW250185296-1r 注入校验失败: ['10bp Index占比26.4%低于40%要求']
2026-06-14 20:55:22.020 | INFO     | __main__:_materialize_balance_library_for_lane:7277 - Lane DLG55_TMP 尝试补平衡文库模板: sample_id=FDSW250185298-1r, test_no=Novaseq X Plus-PE150, index_seq=CCGACTAGAT;CCGACTAAGA
2026-06-14 20:55:22.364 | INFO     | __main__:_validate_balance_injection_lane_state:7079 - Lane DLG55_TMP 候选平衡文库 FDSW250185298-1r 注入校验失败: ['10bp Index占比26.4%低于40%要求']
2026-06-14 20:55:22.364 | INFO     | __main__:_materialize_balance_library_for_lane:7277 - Lane DLG55_TMP 尝试补平衡文库模板: sample_id=FDSW250185306-1r, test_no=Novaseq X Plus-PE150, index_seq=ACAGAGCGAT;GACTACTCAC
2026-06-14 20:55:22.708 | INFO     | __main__:_validate_balance_injection_lane_state:7079 - Lane DLG55_TMP 候选平衡文库 FDSW250185306-1r 注入校验失败: ['10bp Index占比26.4%低于40%要求']
2026-06-14 20:55:22.708 | INFO     | __main__:_materialize_balance_library_for_lane:7277 - Lane DLG55_TMP 尝试补平衡文库模板: sample_id=FDSW250185309-1r, test_no=Novaseq X Plus-PE150, index_seq=GTCACACACT;CAAGTGCTTC
2026-06-14 20:55:23.053 | INFO     | __main__:_validate_balance_injection_lane_state:7079 - Lane DLG55_TMP 候选平衡文库 FDSW250185309-1r 注入校验失败: ['10bp Index占比26.4%低于40%要求']
2026-06-14 20:55:23.053 | INFO     | __main__:_materialize_balance_library_for_lane:7277 - Lane DLG55_TMP 尝试补平衡文库模板: sample_id=FDSW250185313-1r, test_no=Novaseq X Plus-PE150, index_seq=ATCGAATGCG;CGATATCTGC
2026-06-14 20:55:23.397 | INFO     | __main__:_validate_balance_injection_lane_state:7079 - Lane DLG55_TMP 候选平衡文库 FDSW250185313-1r 注入校验失败: ['10bp Index占比26.4%低于40%要求']
2026-06-14 20:55:23.397 | INFO     | __main__:_materialize_balance_library_for_lane:7277 - Lane DLG55_TMP 尝试补平衡文库模板: sample_id=FDSW250185316-1r, test_no=Novaseq X Plus-PE150, index_seq=TCATTGCACC;ATCGAAGCTC
2026-06-14 20:55:23.743 | INFO     | __main__:_validate_balance_injection_lane_state:7079 - Lane DLG55_TMP 候选平衡文库 FDSW250185316-1r 注入校验失败: ['10bp Index占比26.4%低于40%要求']
2026-06-14 20:55:24.747 | WARNING  | __main__:_materialize_balance_library_for_lane:7402 - Lane DLG55_TMP 平衡文库补充失败: 需补 107.232G，实验室=天津科技服务实验室，工序=Novaseq X Plus-PE150
2026-06-14 20:55:28.019 | INFO     | __main__:_materialize_balance_library_for_lane:7277 - Lane DLG55_TMP 尝试补平衡文库模板: sample_id=phix, test_no=Novaseq X Plus-PE150, index_seq=GGGGGGGGGG;ACCGAGATCT
2026-06-14 20:55:28.364 | INFO     | __main__:_validate_balance_injection_lane_state:7079 - Lane DLG55_TMP 候选平衡文库 phix 注入校验失败: ['10bp Index占比26.4%低于40%要求']
2026-06-14 20:55:28.364 | INFO     | __main__:_materialize_balance_library_for_lane:7277 - Lane DLG55_TMP 尝试补平衡文库模板: sample_id=FDSW250185295-1r, test_no=Novaseq X Plus-PE150, index_seq=AGCATCGAGT;AGCATCCTCA
2026-06-14 20:55:28.707 | INFO     | __main__:_validate_balance_injection_lane_state:7079 - Lane DLG55_TMP 候选平衡文库 FDSW250185295-1r 注入校验失败: ['10bp Index占比26.4%低于40%要求']
2026-06-14 20:55:28.707 | INFO     | __main__:_materialize_balance_library_for_lane:7277 - Lane DLG55_TMP 尝试补平衡文库模板: sample_id=FDSW250185296-1r, test_no=Novaseq X Plus-PE150, index_seq=CTCACACTGA;CTCACACATG
2026-06-14 20:55:29.052 | INFO     | __main__:_validate_balance_injection_lane_state:7079 - Lane DLG55_TMP 候选平衡文库 FDSW250185296-1r 注入校验失败: ['10bp Index占比26.4%低于40%要求']
2026-06-14 20:55:29.052 | INFO     | __main__:_materialize_balance_library_for_lane:7277 - Lane DLG55_TMP 尝试补平衡文库模板: sample_id=FDSW250185298-1r, test_no=Novaseq X Plus-PE150, index_seq=CCGACTAGAT;CCGACTAAGA
2026-06-14 20:55:29.396 | INFO     | __main__:_validate_balance_injection_lane_state:7079 - Lane DLG55_TMP 候选平衡文库 FDSW250185298-1r 注入校验失败: ['10bp Index占比26.4%低于40%要求']
2026-06-14 20:55:29.396 | INFO     | __main__:_materialize_balance_library_for_lane:7277 - Lane DLG55_TMP 尝试补平衡文库模板: sample_id=FDSW250185306-1r, test_no=Novaseq X Plus-PE150, index_seq=ACAGAGCGAT;GACTACTCAC
2026-06-14 20:55:29.739 | INFO     | __main__:_validate_balance_injection_lane_state:7079 - Lane DLG55_TMP 候选平衡文库 FDSW250185306-1r 注入校验失败: ['10bp Index占比26.4%低于40%要求']
2026-06-14 20:55:29.739 | INFO     | __main__:_materialize_balance_library_for_lane:7277 - Lane DLG55_TMP 尝试补平衡文库模板: sample_id=FDSW250185309-1r, test_no=Novaseq X Plus-PE150, index_seq=GTCACACACT;CAAGTGCTTC
2026-06-14 20:55:30.084 | INFO     | __main__:_validate_balance_injection_lane_state:7079 - Lane DLG55_TMP 候选平衡文库 FDSW250185309-1r 注入校验失败: ['10bp Index占比26.4%低于40%要求']
2026-06-14 20:55:30.084 | INFO     | __main__:_materialize_balance_library_for_lane:7277 - Lane DLG55_TMP 尝试补平衡文库模板: sample_id=FDSW250185313-1r, test_no=Novaseq X Plus-PE150, index_seq=ATCGAATGCG;CGATATCTGC
2026-06-14 20:55:30.427 | INFO     | __main__:_validate_balance_injection_lane_state:7079 - Lane DLG55_TMP 候选平衡文库 FDSW250185313-1r 注入校验失败: ['10bp Index占比26.4%低于40%要求']
2026-06-14 20:55:30.428 | INFO     | __main__:_materialize_balance_library_for_lane:7277 - Lane DLG55_TMP 尝试补平衡文库模板: sample_id=FDSW250185316-1r, test_no=Novaseq X Plus-PE150, index_seq=TCATTGCACC;ATCGAAGCTC
2026-06-14 20:55:30.771 | INFO     | __main__:_validate_balance_injection_lane_state:7079 - Lane DLG55_TMP 候选平衡文库 FDSW250185316-1r 注入校验失败: ['10bp Index占比26.4%低于40%要求']
2026-06-14 20:55:31.760 | WARNING  | __main__:_materialize_balance_library_for_lane:7402 - Lane DLG55_TMP 平衡文库补充失败: 需补 107.232G，实验室=天津科技服务实验室，工序=Novaseq X Plus-PE150
2026-06-14 20:55:35.033 | INFO     | __main__:_materialize_balance_library_for_lane:7277 - Lane DLG55_TMP 尝试补平衡文库模板: sample_id=phix, test_no=Novaseq X Plus-PE150, index_seq=GGGGGGGGGG;ACCGAGATCT
2026-06-14 20:55:35.378 | INFO     | __main__:_validate_balance_injection_lane_state:7079 - Lane DLG55_TMP 候选平衡文库 phix 注入校验失败: ['10bp Index占比26.4%低于40%要求']
2026-06-14 20:55:35.378 | INFO     | __main__:_materialize_balance_library_for_lane:7277 - Lane DLG55_TMP 尝试补平衡文库模板: sample_id=FDSW250185295-1r, test_no=Novaseq X Plus-PE150, index_seq=AGCATCGAGT;AGCATCCTCA
2026-06-14 20:55:35.724 | INFO     | __main__:_validate_balance_injection_lane_state:7079 - Lane DLG55_TMP 候选平衡文库 FDSW250185295-1r 注入校验失败: ['10bp Index占比26.4%低于40%要求']
2026-06-14 20:55:35.724 | INFO     | __main__:_materialize_balance_library_for_lane:7277 - Lane DLG55_TMP 尝试补平衡文库模板: sample_id=FDSW250185296-1r, test_no=Novaseq X Plus-PE150, index_seq=CTCACACTGA;CTCACACATG
2026-06-14 20:55:36.073 | INFO     | __main__:_validate_balance_injection_lane_state:7079 - Lane DLG55_TMP 候选平衡文库 FDSW250185296-1r 注入校验失败: ['10bp Index占比26.4%低于40%要求']
2026-06-14 20:55:36.073 | INFO     | __main__:_materialize_balance_library_for_lane:7277 - Lane DLG55_TMP 尝试补平衡文库模板: sample_id=FDSW250185298-1r, test_no=Novaseq X Plus-PE150, index_seq=CCGACTAGAT;CCGACTAAGA
2026-06-14 20:55:36.416 | INFO     | __main__:_validate_balance_injection_lane_state:7079 - Lane DLG55_TMP 候选平衡文库 FDSW250185298-1r 注入校验失败: ['10bp Index占比26.4%低于40%要求']
2026-06-14 20:55:36.416 | INFO     | __main__:_materialize_balance_library_for_lane:7277 - Lane DLG55_TMP 尝试补平衡文库模板: sample_id=FDSW250185306-1r, test_no=Novaseq X Plus-PE150, index_seq=ACAGAGCGAT;GACTACTCAC
2026-06-14 20:55:36.764 | INFO     | __main__:_validate_balance_injection_lane_state:7079 - Lane DLG55_TMP 候选平衡文库 FDSW250185306-1r 注入校验失败: ['10bp Index占比26.4%低于40%要求']
2026-06-14 20:55:36.764 | INFO     | __main__:_materialize_balance_library_for_lane:7277 - Lane DLG55_TMP 尝试补平衡文库模板: sample_id=FDSW250185309-1r, test_no=Novaseq X Plus-PE150, index_seq=GTCACACACT;CAAGTGCTTC
2026-06-14 20:55:37.107 | INFO     | __main__:_validate_balance_injection_lane_state:7079 - Lane DLG55_TMP 候选平衡文库 FDSW250185309-1r 注入校验失败: ['10bp Index占比26.4%低于40%要求']
2026-06-14 20:55:37.107 | INFO     | __main__:_materialize_balance_library_for_lane:7277 - Lane DLG55_TMP 尝试补平衡文库模板: sample_id=FDSW250185313-1r, test_no=Novaseq X Plus-PE150, index_seq=ATCGAATGCG;CGATATCTGC
2026-06-14 20:55:37.450 | INFO     | __main__:_validate_balance_injection_lane_state:7079 - Lane DLG55_TMP 候选平衡文库 FDSW250185313-1r 注入校验失败: ['10bp Index占比26.4%低于40%要求']
2026-06-14 20:55:37.451 | INFO     | __main__:_materialize_balance_library_for_lane:7277 - Lane DLG55_TMP 尝试补平衡文库模板: sample_id=FDSW250185316-1r, test_no=Novaseq X Plus-PE150, index_seq=TCATTGCACC;ATCGAAGCTC
2026-06-14 20:55:37.798 | INFO     | __main__:_validate_balance_injection_lane_state:7079 - Lane DLG55_TMP 候选平衡文库 FDSW250185316-1r 注入校验失败: ['10bp Index占比26.4%低于40%要求']
2026-06-14 20:55:38.792 | WARNING  | __main__:_materialize_balance_library_for_lane:7402 - Lane DLG55_TMP 平衡文库补充失败: 需补 107.232G，实验室=天津科技服务实验室，工序=Novaseq X Plus-PE150
2026-06-14 20:55:42.074 | INFO     | __main__:_materialize_balance_library_for_lane:7277 - Lane DLG55_TMP 尝试补平衡文库模板: sample_id=phix, test_no=Novaseq X Plus-PE150, index_seq=GGGGGGGGGG;ACCGAGATCT
2026-06-14 20:55:42.417 | INFO     | __main__:_validate_balance_injection_lane_state:7079 - Lane DLG55_TMP 候选平衡文库 phix 注入校验失败: ['10bp Index占比26.4%低于40%要求']
2026-06-14 20:55:42.417 | INFO     | __main__:_materialize_balance_library_for_lane:7277 - Lane DLG55_TMP 尝试补平衡文库模板: sample_id=FDSW250185295-1r, test_no=Novaseq X Plus-PE150, index_seq=AGCATCGAGT;AGCATCCTCA
2026-06-14 20:55:42.767 | INFO     | __main__:_validate_balance_injection_lane_state:7079 - Lane DLG55_TMP 候选平衡文库 FDSW250185295-1r 注入校验失败: ['10bp Index占比26.4%低于40%要求']
2026-06-14 20:55:42.767 | INFO     | __main__:_materialize_balance_library_for_lane:7277 - Lane DLG55_TMP 尝试补平衡文库模板: sample_id=FDSW250185296-1r, test_no=Novaseq X Plus-PE150, index_seq=CTCACACTGA;CTCACACATG
2026-06-14 20:55:43.110 | INFO     | __main__:_validate_balance_injection_lane_state:7079 - Lane DLG55_TMP 候选平衡文库 FDSW250185296-1r 注入校验失败: ['10bp Index占比26.4%低于40%要求']
2026-06-14 20:55:43.110 | INFO     | __main__:_materialize_balance_library_for_lane:7277 - Lane DLG55_TMP 尝试补平衡文库模板: sample_id=FDSW250185298-1r, test_no=Novaseq X Plus-PE150, index_seq=CCGACTAGAT;CCGACTAAGA
2026-06-14 20:55:43.455 | INFO     | __main__:_validate_balance_injection_lane_state:7079 - Lane DLG55_TMP 候选平衡文库 FDSW250185298-1r 注入校验失败: ['10bp Index占比26.4%低于40%要求']
2026-06-14 20:55:43.455 | INFO     | __main__:_materialize_balance_library_for_lane:7277 - Lane DLG55_TMP 尝试补平衡文库模板: sample_id=FDSW250185306-1r, test_no=Novaseq X Plus-PE150, index_seq=ACAGAGCGAT;GACTACTCAC
2026-06-14 20:55:43.797 | INFO     | __main__:_validate_balance_injection_lane_state:7079 - Lane DLG55_TMP 候选平衡文库 FDSW250185306-1r 注入校验失败: ['10bp Index占比26.4%低于40%要求']
2026-06-14 20:55:43.798 | INFO     | __main__:_materialize_balance_library_for_lane:7277 - Lane DLG55_TMP 尝试补平衡文库模板: sample_id=FDSW250185309-1r, test_no=Novaseq X Plus-PE150, index_seq=GTCACACACT;CAAGTGCTTC
2026-06-14 20:55:44.142 | INFO     | __main__:_validate_balance_injection_lane_state:7079 - Lane DLG55_TMP 候选平衡文库 FDSW250185309-1r 注入校验失败: ['10bp Index占比26.4%低于40%要求']
2026-06-14 20:55:44.142 | INFO     | __main__:_materialize_balance_library_for_lane:7277 - Lane DLG55_TMP 尝试补平衡文库模板: sample_id=FDSW250185313-1r, test_no=Novaseq X Plus-PE150, index_seq=ATCGAATGCG;CGATATCTGC
2026-06-14 20:55:44.486 | INFO     | __main__:_validate_balance_injection_lane_state:7079 - Lane DLG55_TMP 候选平衡文库 FDSW250185313-1r 注入校验失败: ['10bp Index占比26.4%低于40%要求']
2026-06-14 20:55:44.486 | INFO     | __main__:_materialize_balance_library_for_lane:7277 - Lane DLG55_TMP 尝试补平衡文库模板: sample_id=FDSW250185316-1r, test_no=Novaseq X Plus-PE150, index_seq=TCATTGCACC;ATCGAAGCTC
2026-06-14 20:55:44.827 | INFO     | __main__:_validate_balance_injection_lane_state:7079 - Lane DLG55_TMP 候选平衡文库 FDSW250185316-1r 注入校验失败: ['10bp Index占比26.4%低于40%要求']
2026-06-14 20:55:45.821 | WARNING  | __main__:_materialize_balance_library_for_lane:7402 - Lane DLG55_TMP 平衡文库补充失败: 需补 107.232G，实验室=天津科技服务实验室，工序=Novaseq X Plus-PE150
2026-06-14 20:55:49.095 | INFO     | __main__:_materialize_balance_library_for_lane:7277 - Lane DLG55_TMP 尝试补平衡文库模板: sample_id=phix, test_no=Novaseq X Plus-PE150, index_seq=GGGGGGGGGG;ACCGAGATCT
2026-06-14 20:55:49.440 | INFO     | __main__:_validate_balance_injection_lane_state:7079 - Lane DLG55_TMP 候选平衡文库 phix 注入校验失败: ['10bp Index占比26.4%低于40%要求']
2026-06-14 20:55:49.440 | INFO     | __main__:_materialize_balance_library_for_lane:7277 - Lane DLG55_TMP 尝试补平衡文库模板: sample_id=FDSW250185295-1r, test_no=Novaseq X Plus-PE150, index_seq=AGCATCGAGT;AGCATCCTCA
2026-06-14 20:55:49.783 | INFO     | __main__:_validate_balance_injection_lane_state:7079 - Lane DLG55_TMP 候选平衡文库 FDSW250185295-1r 注入校验失败: ['10bp Index占比26.4%低于40%要求']
2026-06-14 20:55:49.783 | INFO     | __main__:_materialize_balance_library_for_lane:7277 - Lane DLG55_TMP 尝试补平衡文库模板: sample_id=FDSW250185296-1r, test_no=Novaseq X Plus-PE150, index_seq=CTCACACTGA;CTCACACATG
2026-06-14 20:55:50.126 | INFO     | __main__:_validate_balance_injection_lane_state:7079 - Lane DLG55_TMP 候选平衡文库 FDSW250185296-1r 注入校验失败: ['10bp Index占比26.4%低于40%要求']
2026-06-14 20:55:50.126 | INFO     | __main__:_materialize_balance_library_for_lane:7277 - Lane DLG55_TMP 尝试补平衡文库模板: sample_id=FDSW250185298-1r, test_no=Novaseq X Plus-PE150, index_seq=CCGACTAGAT;CCGACTAAGA
2026-06-14 20:55:50.468 | INFO     | __main__:_validate_balance_injection_lane_state:7079 - Lane DLG55_TMP 候选平衡文库 FDSW250185298-1r 注入校验失败: ['10bp Index占比26.4%低于40%要求']
2026-06-14 20:55:50.468 | INFO     | __main__:_materialize_balance_library_for_lane:7277 - Lane DLG55_TMP 尝试补平衡文库模板: sample_id=FDSW250185306-1r, test_no=Novaseq X Plus-PE150, index_seq=ACAGAGCGAT;GACTACTCAC
2026-06-14 20:55:50.811 | INFO     | __main__:_validate_balance_injection_lane_state:7079 - Lane DLG55_TMP 候选平衡文库 FDSW250185306-1r 注入校验失败: ['10bp Index占比26.4%低于40%要求']
2026-06-14 20:55:50.811 | INFO     | __main__:_materialize_balance_library_for_lane:7277 - Lane DLG55_TMP 尝试补平衡文库模板: sample_id=FDSW250185309-1r, test_no=Novaseq X Plus-PE150, index_seq=GTCACACACT;CAAGTGCTTC
2026-06-14 20:55:51.154 | INFO     | __main__:_validate_balance_injection_lane_state:7079 - Lane DLG55_TMP 候选平衡文库 FDSW250185309-1r 注入校验失败: ['10bp Index占比26.4%低于40%要求']
2026-06-14 20:55:51.154 | INFO     | __main__:_materialize_balance_library_for_lane:7277 - Lane DLG55_TMP 尝试补平衡文库模板: sample_id=FDSW250185313-1r, test_no=Novaseq X Plus-PE150, index_seq=ATCGAATGCG;CGATATCTGC
2026-06-14 20:55:51.497 | INFO     | __main__:_validate_balance_injection_lane_state:7079 - Lane DLG55_TMP 候选平衡文库 FDSW250185313-1r 注入校验失败: ['10bp Index占比26.4%低于40%要求']
2026-06-14 20:55:51.497 | INFO     | __main__:_materialize_balance_library_for_lane:7277 - Lane DLG55_TMP 尝试补平衡文库模板: sample_id=FDSW250185316-1r, test_no=Novaseq X Plus-PE150, index_seq=TCATTGCACC;ATCGAAGCTC
2026-06-14 20:55:51.841 | INFO     | __main__:_validate_balance_injection_lane_state:7079 - Lane DLG55_TMP 候选平衡文库 FDSW250185316-1r 注入校验失败: ['10bp Index占比26.4%低于40%要求']
2026-06-14 20:55:52.848 | WARNING  | __main__:_materialize_balance_library_for_lane:7402 - Lane DLG55_TMP 平衡文库补充失败: 需补 107.232G，实验室=天津科技服务实验室，工序=Novaseq X Plus-PE150
2026-06-14 20:55:56.137 | INFO     | __main__:_materialize_balance_library_for_lane:7277 - Lane DLG55_TMP 尝试补平衡文库模板: sample_id=phix, test_no=Novaseq X Plus-PE150, index_seq=GGGGGGGGGG;ACCGAGATCT
2026-06-14 20:55:56.482 | INFO     | __main__:_validate_balance_injection_lane_state:7079 - Lane DLG55_TMP 候选平衡文库 phix 注入校验失败: ['10bp Index占比26.4%低于40%要求']
2026-06-14 20:55:56.482 | INFO     | __main__:_materialize_balance_library_for_lane:7277 - Lane DLG55_TMP 尝试补平衡文库模板: sample_id=FDSW250185295-1r, test_no=Novaseq X Plus-PE150, index_seq=AGCATCGAGT;AGCATCCTCA
2026-06-14 20:55:56.827 | INFO     | __main__:_validate_balance_injection_lane_state:7079 - Lane DLG55_TMP 候选平衡文库 FDSW250185295-1r 注入校验失败: ['10bp Index占比26.4%低于40%要求']
2026-06-14 20:55:56.827 | INFO     | __main__:_materialize_balance_library_for_lane:7277 - Lane DLG55_TMP 尝试补平衡文库模板: sample_id=FDSW250185296-1r, test_no=Novaseq X Plus-PE150, index_seq=CTCACACTGA;CTCACACATG
2026-06-14 20:55:57.169 | INFO     | __main__:_validate_balance_injection_lane_state:7079 - Lane DLG55_TMP 候选平衡文库 FDSW250185296-1r 注入校验失败: ['10bp Index占比26.4%低于40%要求']
2026-06-14 20:55:57.170 | INFO     | __main__:_materialize_balance_library_for_lane:7277 - Lane DLG55_TMP 尝试补平衡文库模板: sample_id=FDSW250185298-1r, test_no=Novaseq X Plus-PE150, index_seq=CCGACTAGAT;CCGACTAAGA
2026-06-14 20:55:57.514 | INFO     | __main__:_validate_balance_injection_lane_state:7079 - Lane DLG55_TMP 候选平衡文库 FDSW250185298-1r 注入校验失败: ['10bp Index占比26.4%低于40%要求']
2026-06-14 20:55:57.514 | INFO     | __main__:_materialize_balance_library_for_lane:7277 - Lane DLG55_TMP 尝试补平衡文库模板: sample_id=FDSW250185306-1r, test_no=Novaseq X Plus-PE150, index_seq=ACAGAGCGAT;GACTACTCAC
2026-06-14 20:55:57.859 | INFO     | __main__:_validate_balance_injection_lane_state:7079 - Lane DLG55_TMP 候选平衡文库 FDSW250185306-1r 注入校验失败: ['10bp Index占比26.4%低于40%要求']
2026-06-14 20:55:57.859 | INFO     | __main__:_materialize_balance_library_for_lane:7277 - Lane DLG55_TMP 尝试补平衡文库模板: sample_id=FDSW250185309-1r, test_no=Novaseq X Plus-PE150, index_seq=GTCACACACT;CAAGTGCTTC
2026-06-14 20:55:58.204 | INFO     | __main__:_validate_balance_injection_lane_state:7079 - Lane DLG55_TMP 候选平衡文库 FDSW250185309-1r 注入校验失败: ['10bp Index占比26.4%低于40%要求']
2026-06-14 20:55:58.204 | INFO     | __main__:_materialize_balance_library_for_lane:7277 - Lane DLG55_TMP 尝试补平衡文库模板: sample_id=FDSW250185313-1r, test_no=Novaseq X Plus-PE150, index_seq=ATCGAATGCG;CGATATCTGC
2026-06-14 20:55:58.547 | INFO     | __main__:_validate_balance_injection_lane_state:7079 - Lane DLG55_TMP 候选平衡文库 FDSW250185313-1r 注入校验失败: ['10bp Index占比26.4%低于40%要求']
2026-06-14 20:55:58.548 | INFO     | __main__:_materialize_balance_library_for_lane:7277 - Lane DLG55_TMP 尝试补平衡文库模板: sample_id=FDSW250185316-1r, test_no=Novaseq X Plus-PE150, index_seq=TCATTGCACC;ATCGAAGCTC
2026-06-14 20:55:58.891 | INFO     | __main__:_validate_balance_injection_lane_state:7079 - Lane DLG55_TMP 候选平衡文库 FDSW250185316-1r 注入校验失败: ['10bp Index占比26.4%低于40%要求']
2026-06-14 20:55:59.895 | WARNING  | __main__:_materialize_balance_library_for_lane:7402 - Lane DLG55_TMP 平衡文库补充失败: 需补 107.232G，实验室=天津科技服务实验室，工序=Novaseq X Plus-PE150
2026-06-14 20:56:03.169 | INFO     | __main__:_materialize_balance_library_for_lane:7277 - Lane DLG55_TMP 尝试补平衡文库模板: sample_id=phix, test_no=Novaseq X Plus-PE150, index_seq=GGGGGGGGGG;ACCGAGATCT
2026-06-14 20:56:03.514 | INFO     | __main__:_validate_balance_injection_lane_state:7079 - Lane DLG55_TMP 候选平衡文库 phix 注入校验失败: ['10bp Index占比26.4%低于40%要求']
2026-06-14 20:56:03.514 | INFO     | __main__:_materialize_balance_library_for_lane:7277 - Lane DLG55_TMP 尝试补平衡文库模板: sample_id=FDSW250185295-1r, test_no=Novaseq X Plus-PE150, index_seq=AGCATCGAGT;AGCATCCTCA
2026-06-14 20:56:03.857 | INFO     | __main__:_validate_balance_injection_lane_state:7079 - Lane DLG55_TMP 候选平衡文库 FDSW250185295-1r 注入校验失败: ['10bp Index占比26.4%低于40%要求']
2026-06-14 20:56:03.858 | INFO     | __main__:_materialize_balance_library_for_lane:7277 - Lane DLG55_TMP 尝试补平衡文库模板: sample_id=FDSW250185296-1r, test_no=Novaseq X Plus-PE150, index_seq=CTCACACTGA;CTCACACATG
2026-06-14 20:56:04.203 | INFO     | __main__:_validate_balance_injection_lane_state:7079 - Lane DLG55_TMP 候选平衡文库 FDSW250185296-1r 注入校验失败: ['10bp Index占比26.4%低于40%要求']
2026-06-14 20:56:04.203 | INFO     | __main__:_materialize_balance_library_for_lane:7277 - Lane DLG55_TMP 尝试补平衡文库模板: sample_id=FDSW250185298-1r, test_no=Novaseq X Plus-PE150, index_seq=CCGACTAGAT;CCGACTAAGA
2026-06-14 20:56:04.547 | INFO     | __main__:_validate_balance_injection_lane_state:7079 - Lane DLG55_TMP 候选平衡文库 FDSW250185298-1r 注入校验失败: ['10bp Index占比26.4%低于40%要求']
2026-06-14 20:56:04.547 | INFO     | __main__:_materialize_balance_library_for_lane:7277 - Lane DLG55_TMP 尝试补平衡文库模板: sample_id=FDSW250185306-1r, test_no=Novaseq X Plus-PE150, index_seq=ACAGAGCGAT;GACTACTCAC
2026-06-14 20:56:04.890 | INFO     | __main__:_validate_balance_injection_lane_state:7079 - Lane DLG55_TMP 候选平衡文库 FDSW250185306-1r 注入校验失败: ['10bp Index占比26.4%低于40%要求']
2026-06-14 20:56:04.890 | INFO     | __main__:_materialize_balance_library_for_lane:7277 - Lane DLG55_TMP 尝试补平衡文库模板: sample_id=FDSW250185309-1r, test_no=Novaseq X Plus-PE150, index_seq=GTCACACACT;CAAGTGCTTC
2026-06-14 20:56:05.235 | INFO     | __main__:_validate_balance_injection_lane_state:7079 - Lane DLG55_TMP 候选平衡文库 FDSW250185309-1r 注入校验失败: ['10bp Index占比26.4%低于40%要求']
2026-06-14 20:56:05.235 | INFO     | __main__:_materialize_balance_library_for_lane:7277 - Lane DLG55_TMP 尝试补平衡文库模板: sample_id=FDSW250185313-1r, test_no=Novaseq X Plus-PE150, index_seq=ATCGAATGCG;CGATATCTGC
2026-06-14 20:56:05.579 | INFO     | __main__:_validate_balance_injection_lane_state:7079 - Lane DLG55_TMP 候选平衡文库 FDSW250185313-1r 注入校验失败: ['10bp Index占比26.4%低于40%要求']
2026-06-14 20:56:05.579 | INFO     | __main__:_materialize_balance_library_for_lane:7277 - Lane DLG55_TMP 尝试补平衡文库模板: sample_id=FDSW250185316-1r, test_no=Novaseq X Plus-PE150, index_seq=TCATTGCACC;ATCGAAGCTC
2026-06-14 20:56:05.925 | INFO     | __main__:_validate_balance_injection_lane_state:7079 - Lane DLG55_TMP 候选平衡文库 FDSW250185316-1r 注入校验失败: ['10bp Index占比26.4%低于40%要求']
2026-06-14 20:56:06.932 | WARNING  | __main__:_materialize_balance_library_for_lane:7402 - Lane DLG55_TMP 平衡文库补充失败: 需补 107.232G，实验室=天津科技服务实验室，工序=Novaseq X Plus-PE150
2026-06-14 20:56:10.208 | INFO     | __main__:_materialize_balance_library_for_lane:7277 - Lane DLG55_TMP 尝试补平衡文库模板: sample_id=phix, test_no=Novaseq X Plus-PE150, index_seq=GGGGGGGGGG;ACCGAGATCT
2026-06-14 20:56:10.552 | INFO     | __main__:_validate_balance_injection_lane_state:7079 - Lane DLG55_TMP 候选平衡文库 phix 注入校验失败: ['10bp Index占比26.4%低于40%要求']
2026-06-14 20:56:10.553 | INFO     | __main__:_materialize_balance_library_for_lane:7277 - Lane DLG55_TMP 尝试补平衡文库模板: sample_id=FDSW250185295-1r, test_no=Novaseq X Plus-PE150, index_seq=AGCATCGAGT;AGCATCCTCA
2026-06-14 20:56:10.896 | INFO     | __main__:_validate_balance_injection_lane_state:7079 - Lane DLG55_TMP 候选平衡文库 FDSW250185295-1r 注入校验失败: ['10bp Index占比26.4%低于40%要求']
2026-06-14 20:56:10.896 | INFO     | __main__:_materialize_balance_library_for_lane:7277 - Lane DLG55_TMP 尝试补平衡文库模板: sample_id=FDSW250185296-1r, test_no=Novaseq X Plus-PE150, index_seq=CTCACACTGA;CTCACACATG
2026-06-14 20:56:11.242 | INFO     | __main__:_validate_balance_injection_lane_state:7079 - Lane DLG55_TMP 候选平衡文库 FDSW250185296-1r 注入校验失败: ['10bp Index占比26.4%低于40%要求']
2026-06-14 20:56:11.243 | INFO     | __main__:_materialize_balance_library_for_lane:7277 - Lane DLG55_TMP 尝试补平衡文库模板: sample_id=FDSW250185298-1r, test_no=Novaseq X Plus-PE150, index_seq=CCGACTAGAT;CCGACTAAGA
2026-06-14 20:56:11.586 | INFO     | __main__:_validate_balance_injection_lane_state:7079 - Lane DLG55_TMP 候选平衡文库 FDSW250185298-1r 注入校验失败: ['10bp Index占比26.4%低于40%要求']
2026-06-14 20:56:11.586 | INFO     | __main__:_materialize_balance_library_for_lane:7277 - Lane DLG55_TMP 尝试补平衡文库模板: sample_id=FDSW250185306-1r, test_no=Novaseq X Plus-PE150, index_seq=ACAGAGCGAT;GACTACTCAC
2026-06-14 20:56:11.927 | INFO     | __main__:_validate_balance_injection_lane_state:7079 - Lane DLG55_TMP 候选平衡文库 FDSW250185306-1r 注入校验失败: ['10bp Index占比26.4%低于40%要求']
2026-06-14 20:56:11.928 | INFO     | __main__:_materialize_balance_library_for_lane:7277 - Lane DLG55_TMP 尝试补平衡文库模板: sample_id=FDSW250185309-1r, test_no=Novaseq X Plus-PE150, index_seq=GTCACACACT;CAAGTGCTTC
2026-06-14 20:56:12.270 | INFO     | __main__:_validate_balance_injection_lane_state:7079 - Lane DLG55_TMP 候选平衡文库 FDSW250185309-1r 注入校验失败: ['10bp Index占比26.4%低于40%要求']
2026-06-14 20:56:12.270 | INFO     | __main__:_materialize_balance_library_for_lane:7277 - Lane DLG55_TMP 尝试补平衡文库模板: sample_id=FDSW250185313-1r, test_no=Novaseq X Plus-PE150, index_seq=ATCGAATGCG;CGATATCTGC
2026-06-14 20:56:12.613 | INFO     | __main__:_validate_balance_injection_lane_state:7079 - Lane DLG55_TMP 候选平衡文库 FDSW250185313-1r 注入校验失败: ['10bp Index占比26.4%低于40%要求']
2026-06-14 20:56:12.613 | INFO     | __main__:_materialize_balance_library_for_lane:7277 - Lane DLG55_TMP 尝试补平衡文库模板: sample_id=FDSW250185316-1r, test_no=Novaseq X Plus-PE150, index_seq=TCATTGCACC;ATCGAAGCTC
2026-06-14 20:56:12.956 | INFO     | __main__:_validate_balance_injection_lane_state:7079 - Lane DLG55_TMP 候选平衡文库 FDSW250185316-1r 注入校验失败: ['10bp Index占比26.4%低于40%要求']
2026-06-14 20:56:13.955 | WARNING  | __main__:_materialize_balance_library_for_lane:7402 - Lane DLG55_TMP 平衡文库补充失败: 需补 107.232G，实验室=天津科技服务实验室，工序=Novaseq X Plus-PE150
2026-06-14 20:56:17.228 | INFO     | __main__:_materialize_balance_library_for_lane:7277 - Lane DLG55_TMP 尝试补平衡文库模板: sample_id=phix, test_no=Novaseq X Plus-PE150, index_seq=GGGGGGGGGG;ACCGAGATCT
2026-06-14 20:56:17.573 | INFO     | __main__:_validate_balance_injection_lane_state:7079 - Lane DLG55_TMP 候选平衡文库 phix 注入校验失败: ['10bp Index占比26.4%低于40%要求']
2026-06-14 20:56:17.573 | INFO     | __main__:_materialize_balance_library_for_lane:7277 - Lane DLG55_TMP 尝试补平衡文库模板: sample_id=FDSW250185295-1r, test_no=Novaseq X Plus-PE150, index_seq=AGCATCGAGT;AGCATCCTCA
2026-06-14 20:56:17.923 | INFO     | __main__:_validate_balance_injection_lane_state:7079 - Lane DLG55_TMP 候选平衡文库 FDSW250185295-1r 注入校验失败: ['10bp Index占比26.4%低于40%要求']
2026-06-14 20:56:17.923 | INFO     | __main__:_materialize_balance_library_for_lane:7277 - Lane DLG55_TMP 尝试补平衡文库模板: sample_id=FDSW250185296-1r, test_no=Novaseq X Plus-PE150, index_seq=CTCACACTGA;CTCACACATG
2026-06-14 20:56:18.268 | INFO     | __main__:_validate_balance_injection_lane_state:7079 - Lane DLG55_TMP 候选平衡文库 FDSW250185296-1r 注入校验失败: ['10bp Index占比26.4%低于40%要求']
2026-06-14 20:56:18.268 | INFO     | __main__:_materialize_balance_library_for_lane:7277 - Lane DLG55_TMP 尝试补平衡文库模板: sample_id=FDSW250185298-1r, test_no=Novaseq X Plus-PE150, index_seq=CCGACTAGAT;CCGACTAAGA
2026-06-14 20:56:18.612 | INFO     | __main__:_validate_balance_injection_lane_state:7079 - Lane DLG55_TMP 候选平衡文库 FDSW250185298-1r 注入校验失败: ['10bp Index占比26.4%低于40%要求']
2026-06-14 20:56:18.612 | INFO     | __main__:_materialize_balance_library_for_lane:7277 - Lane DLG55_TMP 尝试补平衡文库模板: sample_id=FDSW250185306-1r, test_no=Novaseq X Plus-PE150, index_seq=ACAGAGCGAT;GACTACTCAC
2026-06-14 20:56:18.958 | INFO     | __main__:_validate_balance_injection_lane_state:7079 - Lane DLG55_TMP 候选平衡文库 FDSW250185306-1r 注入校验失败: ['10bp Index占比26.4%低于40%要求']
2026-06-14 20:56:18.958 | INFO     | __main__:_materialize_balance_library_for_lane:7277 - Lane DLG55_TMP 尝试补平衡文库模板: sample_id=FDSW250185309-1r, test_no=Novaseq X Plus-PE150, index_seq=GTCACACACT;CAAGTGCTTC
2026-06-14 20:56:19.304 | INFO     | __main__:_validate_balance_injection_lane_state:7079 - Lane DLG55_TMP 候选平衡文库 FDSW250185309-1r 注入校验失败: ['10bp Index占比26.4%低于40%要求']
2026-06-14 20:56:19.304 | INFO     | __main__:_materialize_balance_library_for_lane:7277 - Lane DLG55_TMP 尝试补平衡文库模板: sample_id=FDSW250185313-1r, test_no=Novaseq X Plus-PE150, index_seq=ATCGAATGCG;CGATATCTGC
2026-06-14 20:56:19.650 | INFO     | __main__:_validate_balance_injection_lane_state:7079 - Lane DLG55_TMP 候选平衡文库 FDSW250185313-1r 注入校验失败: ['10bp Index占比26.4%低于40%要求']
2026-06-14 20:56:19.650 | INFO     | __main__:_materialize_balance_library_for_lane:7277 - Lane DLG55_TMP 尝试补平衡文库模板: sample_id=FDSW250185316-1r, test_no=Novaseq X Plus-PE150, index_seq=TCATTGCACC;ATCGAAGCTC
2026-06-14 20:56:19.994 | INFO     | __main__:_validate_balance_injection_lane_state:7079 - Lane DLG55_TMP 候选平衡文库 FDSW250185316-1r 注入校验失败: ['10bp Index占比26.4%低于40%要求']
2026-06-14 20:56:21.007 | WARNING  | __main__:_materialize_balance_library_for_lane:7402 - Lane DLG55_TMP 平衡文库补充失败: 需补 107.232G，实验室=天津科技服务实验室，工序=Novaseq X Plus-PE150
2026-06-14 20:56:24.284 | INFO     | __main__:_materialize_balance_library_for_lane:7277 - Lane DLG55_TMP 尝试补平衡文库模板: sample_id=phix, test_no=Novaseq X Plus-PE150, index_seq=GGGGGGGGGG;ACCGAGATCT
2026-06-14 20:56:24.630 | INFO     | __main__:_validate_balance_injection_lane_state:7079 - Lane DLG55_TMP 候选平衡文库 phix 注入校验失败: ['10bp Index占比26.4%低于40%要求']
2026-06-14 20:56:24.630 | INFO     | __main__:_materialize_balance_library_for_lane:7277 - Lane DLG55_TMP 尝试补平衡文库模板: sample_id=FDSW250185295-1r, test_no=Novaseq X Plus-PE150, index_seq=AGCATCGAGT;AGCATCCTCA
2026-06-14 20:56:24.973 | INFO     | __main__:_validate_balance_injection_lane_state:7079 - Lane DLG55_TMP 候选平衡文库 FDSW250185295-1r 注入校验失败: ['10bp Index占比26.4%低于40%要求']
2026-06-14 20:56:24.973 | INFO     | __main__:_materialize_balance_library_for_lane:7277 - Lane DLG55_TMP 尝试补平衡文库模板: sample_id=FDSW250185296-1r, test_no=Novaseq X Plus-PE150, index_seq=CTCACACTGA;CTCACACATG
2026-06-14 20:56:25.316 | INFO     | __main__:_validate_balance_injection_lane_state:7079 - Lane DLG55_TMP 候选平衡文库 FDSW250185296-1r 注入校验失败: ['10bp Index占比26.4%低于40%要求']
2026-06-14 20:56:25.316 | INFO     | __main__:_materialize_balance_library_for_lane:7277 - Lane DLG55_TMP 尝试补平衡文库模板: sample_id=FDSW250185298-1r, test_no=Novaseq X Plus-PE150, index_seq=CCGACTAGAT;CCGACTAAGA
2026-06-14 20:56:25.660 | INFO     | __main__:_validate_balance_injection_lane_state:7079 - Lane DLG55_TMP 候选平衡文库 FDSW250185298-1r 注入校验失败: ['10bp Index占比26.4%低于40%要求']
2026-06-14 20:56:25.660 | INFO     | __main__:_materialize_balance_library_for_lane:7277 - Lane DLG55_TMP 尝试补平衡文库模板: sample_id=FDSW250185306-1r, test_no=Novaseq X Plus-PE150, index_seq=ACAGAGCGAT;GACTACTCAC
2026-06-14 20:56:26.003 | INFO     | __main__:_validate_balance_injection_lane_state:7079 - Lane DLG55_TMP 候选平衡文库 FDSW250185306-1r 注入校验失败: ['10bp Index占比26.4%低于40%要求']
2026-06-14 20:56:26.003 | INFO     | __main__:_materialize_balance_library_for_lane:7277 - Lane DLG55_TMP 尝试补平衡文库模板: sample_id=FDSW250185309-1r, test_no=Novaseq X Plus-PE150, index_seq=GTCACACACT;CAAGTGCTTC
2026-06-14 20:56:26.348 | INFO     | __main__:_validate_balance_injection_lane_state:7079 - Lane DLG55_TMP 候选平衡文库 FDSW250185309-1r 注入校验失败: ['10bp Index占比26.4%低于40%要求']
2026-06-14 20:56:26.348 | INFO     | __main__:_materialize_balance_library_for_lane:7277 - Lane DLG55_TMP 尝试补平衡文库模板: sample_id=FDSW250185313-1r, test_no=Novaseq X Plus-PE150, index_seq=ATCGAATGCG;CGATATCTGC
2026-06-14 20:56:26.690 | INFO     | __main__:_validate_balance_injection_lane_state:7079 - Lane DLG55_TMP 候选平衡文库 FDSW250185313-1r 注入校验失败: ['10bp Index占比26.4%低于40%要求']
2026-06-14 20:56:26.690 | INFO     | __main__:_materialize_balance_library_for_lane:7277 - Lane DLG55_TMP 尝试补平衡文库模板: sample_id=FDSW250185316-1r, test_no=Novaseq X Plus-PE150, index_seq=TCATTGCACC;ATCGAAGCTC
2026-06-14 20:56:27.040 | INFO     | __main__:_validate_balance_injection_lane_state:7079 - Lane DLG55_TMP 候选平衡文库 FDSW250185316-1r 注入校验失败: ['10bp Index占比26.4%低于40%要求']
2026-06-14 20:56:28.036 | WARNING  | __main__:_materialize_balance_library_for_lane:7402 - Lane DLG55_TMP 平衡文库补充失败: 需补 107.232G，实验室=天津科技服务实验室，工序=Novaseq X Plus-PE150
2026-06-14 20:56:31.302 | INFO     | __main__:_materialize_balance_library_for_lane:7277 - Lane DLG55_TMP 尝试补平衡文库模板: sample_id=phix, test_no=Novaseq X Plus-PE150, index_seq=GGGGGGGGGG;ACCGAGATCT
2026-06-14 20:56:31.645 | INFO     | __main__:_validate_balance_injection_lane_state:7079 - Lane DLG55_TMP 候选平衡文库 phix 注入校验失败: ['10bp Index占比26.4%低于40%要求']
2026-06-14 20:56:31.645 | INFO     | __main__:_materialize_balance_library_for_lane:7277 - Lane DLG55_TMP 尝试补平衡文库模板: sample_id=FDSW250185295-1r, test_no=Novaseq X Plus-PE150, index_seq=AGCATCGAGT;AGCATCCTCA
2026-06-14 20:56:31.990 | INFO     | __main__:_validate_balance_injection_lane_state:7079 - Lane DLG55_TMP 候选平衡文库 FDSW250185295-1r 注入校验失败: ['10bp Index占比26.4%低于40%要求']
2026-06-14 20:56:31.990 | INFO     | __main__:_materialize_balance_library_for_lane:7277 - Lane DLG55_TMP 尝试补平衡文库模板: sample_id=FDSW250185296-1r, test_no=Novaseq X Plus-PE150, index_seq=CTCACACTGA;CTCACACATG
2026-06-14 20:56:32.338 | INFO     | __main__:_validate_balance_injection_lane_state:7079 - Lane DLG55_TMP 候选平衡文库 FDSW250185296-1r 注入校验失败: ['10bp Index占比26.4%低于40%要求']
2026-06-14 20:56:32.338 | INFO     | __main__:_materialize_balance_library_for_lane:7277 - Lane DLG55_TMP 尝试补平衡文库模板: sample_id=FDSW250185298-1r, test_no=Novaseq X Plus-PE150, index_seq=CCGACTAGAT;CCGACTAAGA
2026-06-14 20:56:32.691 | INFO     | __main__:_validate_balance_injection_lane_state:7079 - Lane DLG55_TMP 候选平衡文库 FDSW250185298-1r 注入校验失败: ['10bp Index占比26.4%低于40%要求']
2026-06-14 20:56:32.691 | INFO     | __main__:_materialize_balance_library_for_lane:7277 - Lane DLG55_TMP 尝试补平衡文库模板: sample_id=FDSW250185306-1r, test_no=Novaseq X Plus-PE150, index_seq=ACAGAGCGAT;GACTACTCAC
2026-06-14 20:56:33.037 | INFO     | __main__:_validate_balance_injection_lane_state:7079 - Lane DLG55_TMP 候选平衡文库 FDSW250185306-1r 注入校验失败: ['10bp Index占比26.4%低于40%要求']
2026-06-14 20:56:33.038 | INFO     | __main__:_materialize_balance_library_for_lane:7277 - Lane DLG55_TMP 尝试补平衡文库模板: sample_id=FDSW250185309-1r, test_no=Novaseq X Plus-PE150, index_seq=GTCACACACT;CAAGTGCTTC
2026-06-14 20:56:33.384 | INFO     | __main__:_validate_balance_injection_lane_state:7079 - Lane DLG55_TMP 候选平衡文库 FDSW250185309-1r 注入校验失败: ['10bp Index占比26.4%低于40%要求']
2026-06-14 20:56:33.384 | INFO     | __main__:_materialize_balance_library_for_lane:7277 - Lane DLG55_TMP 尝试补平衡文库模板: sample_id=FDSW250185313-1r, test_no=Novaseq X Plus-PE150, index_seq=ATCGAATGCG;CGATATCTGC
2026-06-14 20:56:33.728 | INFO     | __main__:_validate_balance_injection_lane_state:7079 - Lane DLG55_TMP 候选平衡文库 FDSW250185313-1r 注入校验失败: ['10bp Index占比26.4%低于40%要求']
2026-06-14 20:56:33.728 | INFO     | __main__:_materialize_balance_library_for_lane:7277 - Lane DLG55_TMP 尝试补平衡文库模板: sample_id=FDSW250185316-1r, test_no=Novaseq X Plus-PE150, index_seq=TCATTGCACC;ATCGAAGCTC
2026-06-14 20:56:34.074 | INFO     | __main__:_validate_balance_injection_lane_state:7079 - Lane DLG55_TMP 候选平衡文库 FDSW250185316-1r 注入校验失败: ['10bp Index占比26.4%低于40%要求']
2026-06-14 20:56:35.073 | WARNING  | __main__:_materialize_balance_library_for_lane:7402 - Lane DLG55_TMP 平衡文库补充失败: 需补 107.232G，实验室=天津科技服务实验室，工序=Novaseq X Plus-PE150
2026-06-14 20:56:38.370 | INFO     | __main__:_materialize_balance_library_for_lane:7277 - Lane DLG55_TMP 尝试补平衡文库模板: sample_id=phix, test_no=Novaseq X Plus-PE150, index_seq=GGGGGGGGGG;ACCGAGATCT
2026-06-14 20:56:38.714 | INFO     | __main__:_validate_balance_injection_lane_state:7079 - Lane DLG55_TMP 候选平衡文库 phix 注入校验失败: ['10bp Index占比26.4%低于40%要求']
2026-06-14 20:56:38.715 | INFO     | __main__:_materialize_balance_library_for_lane:7277 - Lane DLG55_TMP 尝试补平衡文库模板: sample_id=FDSW250185295-1r, test_no=Novaseq X Plus-PE150, index_seq=AGCATCGAGT;AGCATCCTCA
2026-06-14 20:56:39.058 | INFO     | __main__:_validate_balance_injection_lane_state:7079 - Lane DLG55_TMP 候选平衡文库 FDSW250185295-1r 注入校验失败: ['10bp Index占比26.4%低于40%要求']
2026-06-14 20:56:39.059 | INFO     | __main__:_materialize_balance_library_for_lane:7277 - Lane DLG55_TMP 尝试补平衡文库模板: sample_id=FDSW250185296-1r, test_no=Novaseq X Plus-PE150, index_seq=CTCACACTGA;CTCACACATG
2026-06-14 20:56:39.406 | INFO     | __main__:_validate_balance_injection_lane_state:7079 - Lane DLG55_TMP 候选平衡文库 FDSW250185296-1r 注入校验失败: ['10bp Index占比26.4%低于40%要求']
2026-06-14 20:56:39.406 | INFO     | __main__:_materialize_balance_library_for_lane:7277 - Lane DLG55_TMP 尝试补平衡文库模板: sample_id=FDSW250185298-1r, test_no=Novaseq X Plus-PE150, index_seq=CCGACTAGAT;CCGACTAAGA
2026-06-14 20:56:39.752 | INFO     | __main__:_validate_balance_injection_lane_state:7079 - Lane DLG55_TMP 候选平衡文库 FDSW250185298-1r 注入校验失败: ['10bp Index占比26.4%低于40%要求']
2026-06-14 20:56:39.752 | INFO     | __main__:_materialize_balance_library_for_lane:7277 - Lane DLG55_TMP 尝试补平衡文库模板: sample_id=FDSW250185306-1r, test_no=Novaseq X Plus-PE150, index_seq=ACAGAGCGAT;GACTACTCAC
2026-06-14 20:56:40.095 | INFO     | __main__:_validate_balance_injection_lane_state:7079 - Lane DLG55_TMP 候选平衡文库 FDSW250185306-1r 注入校验失败: ['10bp Index占比26.4%低于40%要求']
2026-06-14 20:56:40.095 | INFO     | __main__:_materialize_balance_library_for_lane:7277 - Lane DLG55_TMP 尝试补平衡文库模板: sample_id=FDSW250185309-1r, test_no=Novaseq X Plus-PE150, index_seq=GTCACACACT;CAAGTGCTTC
2026-06-14 20:56:40.438 | INFO     | __main__:_validate_balance_injection_lane_state:7079 - Lane DLG55_TMP 候选平衡文库 FDSW250185309-1r 注入校验失败: ['10bp Index占比26.4%低于40%要求']
2026-06-14 20:56:40.438 | INFO     | __main__:_materialize_balance_library_for_lane:7277 - Lane DLG55_TMP 尝试补平衡文库模板: sample_id=FDSW250185313-1r, test_no=Novaseq X Plus-PE150, index_seq=ATCGAATGCG;CGATATCTGC
2026-06-14 20:56:40.782 | INFO     | __main__:_validate_balance_injection_lane_state:7079 - Lane DLG55_TMP 候选平衡文库 FDSW250185313-1r 注入校验失败: ['10bp Index占比26.4%低于40%要求']
2026-06-14 20:56:40.782 | INFO     | __main__:_materialize_balance_library_for_lane:7277 - Lane DLG55_TMP 尝试补平衡文库模板: sample_id=FDSW250185316-1r, test_no=Novaseq X Plus-PE150, index_seq=TCATTGCACC;ATCGAAGCTC
2026-06-14 20:56:41.127 | INFO     | __main__:_validate_balance_injection_lane_state:7079 - Lane DLG55_TMP 候选平衡文库 FDSW250185316-1r 注入校验失败: ['10bp Index占比26.4%低于40%要求']
2026-06-14 20:56:42.121 | WARNING  | __main__:_materialize_balance_library_for_lane:7402 - Lane DLG55_TMP 平衡文库补充失败: 需补 107.232G，实验室=天津科技服务实验室，工序=Novaseq X Plus-PE150
2026-06-14 20:56:45.390 | INFO     | __main__:_materialize_balance_library_for_lane:7277 - Lane DLG55_TMP 尝试补平衡文库模板: sample_id=phix, test_no=Novaseq X Plus-PE150, index_seq=GGGGGGGGGG;ACCGAGATCT
2026-06-14 20:56:45.733 | INFO     | __main__:_validate_balance_injection_lane_state:7079 - Lane DLG55_TMP 候选平衡文库 phix 注入校验失败: ['10bp Index占比26.4%低于40%要求']
2026-06-14 20:56:45.734 | INFO     | __main__:_materialize_balance_library_for_lane:7277 - Lane DLG55_TMP 尝试补平衡文库模板: sample_id=FDSW250185295-1r, test_no=Novaseq X Plus-PE150, index_seq=AGCATCGAGT;AGCATCCTCA
2026-06-14 20:56:46.079 | INFO     | __main__:_validate_balance_injection_lane_state:7079 - Lane DLG55_TMP 候选平衡文库 FDSW250185295-1r 注入校验失败: ['10bp Index占比26.4%低于40%要求']
2026-06-14 20:56:46.079 | INFO     | __main__:_materialize_balance_library_for_lane:7277 - Lane DLG55_TMP 尝试补平衡文库模板: sample_id=FDSW250185296-1r, test_no=Novaseq X Plus-PE150, index_seq=CTCACACTGA;CTCACACATG
2026-06-14 20:56:46.424 | INFO     | __main__:_validate_balance_injection_lane_state:7079 - Lane DLG55_TMP 候选平衡文库 FDSW250185296-1r 注入校验失败: ['10bp Index占比26.4%低于40%要求']
2026-06-14 20:56:46.424 | INFO     | __main__:_materialize_balance_library_for_lane:7277 - Lane DLG55_TMP 尝试补平衡文库模板: sample_id=FDSW250185298-1r, test_no=Novaseq X Plus-PE150, index_seq=CCGACTAGAT;CCGACTAAGA
2026-06-14 20:56:46.769 | INFO     | __main__:_validate_balance_injection_lane_state:7079 - Lane DLG55_TMP 候选平衡文库 FDSW250185298-1r 注入校验失败: ['10bp Index占比26.4%低于40%要求']
2026-06-14 20:56:46.770 | INFO     | __main__:_materialize_balance_library_for_lane:7277 - Lane DLG55_TMP 尝试补平衡文库模板: sample_id=FDSW250185306-1r, test_no=Novaseq X Plus-PE150, index_seq=ACAGAGCGAT;GACTACTCAC
2026-06-14 20:56:47.114 | INFO     | __main__:_validate_balance_injection_lane_state:7079 - Lane DLG55_TMP 候选平衡文库 FDSW250185306-1r 注入校验失败: ['10bp Index占比26.4%低于40%要求']
2026-06-14 20:56:47.114 | INFO     | __main__:_materialize_balance_library_for_lane:7277 - Lane DLG55_TMP 尝试补平衡文库模板: sample_id=FDSW250185309-1r, test_no=Novaseq X Plus-PE150, index_seq=GTCACACACT;CAAGTGCTTC
2026-06-14 20:56:47.459 | INFO     | __main__:_validate_balance_injection_lane_state:7079 - Lane DLG55_TMP 候选平衡文库 FDSW250185309-1r 注入校验失败: ['10bp Index占比26.4%低于40%要求']
2026-06-14 20:56:47.459 | INFO     | __main__:_materialize_balance_library_for_lane:7277 - Lane DLG55_TMP 尝试补平衡文库模板: sample_id=FDSW250185313-1r, test_no=Novaseq X Plus-PE150, index_seq=ATCGAATGCG;CGATATCTGC
2026-06-14 20:56:47.803 | INFO     | __main__:_validate_balance_injection_lane_state:7079 - Lane DLG55_TMP 候选平衡文库 FDSW250185313-1r 注入校验失败: ['10bp Index占比26.4%低于40%要求']
2026-06-14 20:56:47.803 | INFO     | __main__:_materialize_balance_library_for_lane:7277 - Lane DLG55_TMP 尝试补平衡文库模板: sample_id=FDSW250185316-1r, test_no=Novaseq X Plus-PE150, index_seq=TCATTGCACC;ATCGAAGCTC
2026-06-14 20:56:48.153 | INFO     | __main__:_validate_balance_injection_lane_state:7079 - Lane DLG55_TMP 候选平衡文库 FDSW250185316-1r 注入校验失败: ['10bp Index占比26.4%低于40%要求']
2026-06-14 20:56:49.148 | WARNING  | __main__:_materialize_balance_library_for_lane:7402 - Lane DLG55_TMP 平衡文库补充失败: 需补 107.232G，实验室=天津科技服务实验室，工序=Novaseq X Plus-PE150
2026-06-14 20:56:52.431 | INFO     | __main__:_materialize_balance_library_for_lane:7277 - Lane DLG55_TMP 尝试补平衡文库模板: sample_id=phix, test_no=Novaseq X Plus-PE150, index_seq=GGGGGGGGGG;ACCGAGATCT
2026-06-14 20:56:52.776 | INFO     | __main__:_validate_balance_injection_lane_state:7079 - Lane DLG55_TMP 候选平衡文库 phix 注入校验失败: ['10bp Index占比26.4%低于40%要求']
2026-06-14 20:56:52.776 | INFO     | __main__:_materialize_balance_library_for_lane:7277 - Lane DLG55_TMP 尝试补平衡文库模板: sample_id=FDSW250185295-1r, test_no=Novaseq X Plus-PE150, index_seq=AGCATCGAGT;AGCATCCTCA
2026-06-14 20:56:53.120 | INFO     | __main__:_validate_balance_injection_lane_state:7079 - Lane DLG55_TMP 候选平衡文库 FDSW250185295-1r 注入校验失败: ['10bp Index占比26.4%低于40%要求']
2026-06-14 20:56:53.120 | INFO     | __main__:_materialize_balance_library_for_lane:7277 - Lane DLG55_TMP 尝试补平衡文库模板: sample_id=FDSW250185296-1r, test_no=Novaseq X Plus-PE150, index_seq=CTCACACTGA;CTCACACATG
2026-06-14 20:56:53.463 | INFO     | __main__:_validate_balance_injection_lane_state:7079 - Lane DLG55_TMP 候选平衡文库 FDSW250185296-1r 注入校验失败: ['10bp Index占比26.4%低于40%要求']
2026-06-14 20:56:53.463 | INFO     | __main__:_materialize_balance_library_for_lane:7277 - Lane DLG55_TMP 尝试补平衡文库模板: sample_id=FDSW250185298-1r, test_no=Novaseq X Plus-PE150, index_seq=CCGACTAGAT;CCGACTAAGA
2026-06-14 20:56:53.809 | INFO     | __main__:_validate_balance_injection_lane_state:7079 - Lane DLG55_TMP 候选平衡文库 FDSW250185298-1r 注入校验失败: ['10bp Index占比26.4%低于40%要求']
2026-06-14 20:56:53.809 | INFO     | __main__:_materialize_balance_library_for_lane:7277 - Lane DLG55_TMP 尝试补平衡文库模板: sample_id=FDSW250185306-1r, test_no=Novaseq X Plus-PE150, index_seq=ACAGAGCGAT;GACTACTCAC
2026-06-14 20:56:54.153 | INFO     | __main__:_validate_balance_injection_lane_state:7079 - Lane DLG55_TMP 候选平衡文库 FDSW250185306-1r 注入校验失败: ['10bp Index占比26.4%低于40%要求']
2026-06-14 20:56:54.153 | INFO     | __main__:_materialize_balance_library_for_lane:7277 - Lane DLG55_TMP 尝试补平衡文库模板: sample_id=FDSW250185309-1r, test_no=Novaseq X Plus-PE150, index_seq=GTCACACACT;CAAGTGCTTC
2026-06-14 20:56:54.500 | INFO     | __main__:_validate_balance_injection_lane_state:7079 - Lane DLG55_TMP 候选平衡文库 FDSW250185309-1r 注入校验失败: ['10bp Index占比26.4%低于40%要求']
2026-06-14 20:56:54.500 | INFO     | __main__:_materialize_balance_library_for_lane:7277 - Lane DLG55_TMP 尝试补平衡文库模板: sample_id=FDSW250185313-1r, test_no=Novaseq X Plus-PE150, index_seq=ATCGAATGCG;CGATATCTGC
2026-06-14 20:56:54.844 | INFO     | __main__:_validate_balance_injection_lane_state:7079 - Lane DLG55_TMP 候选平衡文库 FDSW250185313-1r 注入校验失败: ['10bp Index占比26.4%低于40%要求']
2026-06-14 20:56:54.844 | INFO     | __main__:_materialize_balance_library_for_lane:7277 - Lane DLG55_TMP 尝试补平衡文库模板: sample_id=FDSW250185316-1r, test_no=Novaseq X Plus-PE150, index_seq=TCATTGCACC;ATCGAAGCTC
2026-06-14 20:56:55.190 | INFO     | __main__:_validate_balance_injection_lane_state:7079 - Lane DLG55_TMP 候选平衡文库 FDSW250185316-1r 注入校验失败: ['10bp Index占比26.4%低于40%要求']
2026-06-14 20:56:56.189 | WARNING  | __main__:_materialize_balance_library_for_lane:7402 - Lane DLG55_TMP 平衡文库补充失败: 需补 107.232G，实验室=天津科技服务实验室，工序=Novaseq X Plus-PE150
2026-06-14 20:56:59.485 | INFO     | __main__:_materialize_balance_library_for_lane:7277 - Lane DLG55_TMP 尝试补平衡文库模板: sample_id=phix, test_no=Novaseq X Plus-PE150, index_seq=GGGGGGGGGG;ACCGAGATCT
2026-06-14 20:56:59.834 | INFO     | __main__:_validate_balance_injection_lane_state:7079 - Lane DLG55_TMP 候选平衡文库 phix 注入校验失败: ['10bp Index占比26.5%低于40%要求']
2026-06-14 20:56:59.834 | INFO     | __main__:_materialize_balance_library_for_lane:7277 - Lane DLG55_TMP 尝试补平衡文库模板: sample_id=FDSW250185295-1r, test_no=Novaseq X Plus-PE150, index_seq=AGCATCGAGT;AGCATCCTCA
2026-06-14 20:57:00.181 | INFO     | __main__:_validate_balance_injection_lane_state:7079 - Lane DLG55_TMP 候选平衡文库 FDSW250185295-1r 注入校验失败: ['10bp Index占比26.5%低于40%要求']
2026-06-14 20:57:00.181 | INFO     | __main__:_materialize_balance_library_for_lane:7277 - Lane DLG55_TMP 尝试补平衡文库模板: sample_id=FDSW250185296-1r, test_no=Novaseq X Plus-PE150, index_seq=CTCACACTGA;CTCACACATG
2026-06-14 20:57:00.530 | INFO     | __main__:_validate_balance_injection_lane_state:7079 - Lane DLG55_TMP 候选平衡文库 FDSW250185296-1r 注入校验失败: ['10bp Index占比26.5%低于40%要求']
2026-06-14 20:57:00.530 | INFO     | __main__:_materialize_balance_library_for_lane:7277 - Lane DLG55_TMP 尝试补平衡文库模板: sample_id=FDSW250185298-1r, test_no=Novaseq X Plus-PE150, index_seq=CCGACTAGAT;CCGACTAAGA
2026-06-14 20:57:00.878 | INFO     | __main__:_validate_balance_injection_lane_state:7079 - Lane DLG55_TMP 候选平衡文库 FDSW250185298-1r 注入校验失败: ['10bp Index占比26.5%低于40%要求']
2026-06-14 20:57:00.878 | INFO     | __main__:_materialize_balance_library_for_lane:7277 - Lane DLG55_TMP 尝试补平衡文库模板: sample_id=FDSW250185306-1r, test_no=Novaseq X Plus-PE150, index_seq=ACAGAGCGAT;GACTACTCAC
2026-06-14 20:57:01.224 | INFO     | __main__:_validate_balance_injection_lane_state:7079 - Lane DLG55_TMP 候选平衡文库 FDSW250185306-1r 注入校验失败: ['10bp Index占比26.5%低于40%要求']
2026-06-14 20:57:01.224 | INFO     | __main__:_materialize_balance_library_for_lane:7277 - Lane DLG55_TMP 尝试补平衡文库模板: sample_id=FDSW250185309-1r, test_no=Novaseq X Plus-PE150, index_seq=GTCACACACT;CAAGTGCTTC
2026-06-14 20:57:01.572 | INFO     | __main__:_validate_balance_injection_lane_state:7079 - Lane DLG55_TMP 候选平衡文库 FDSW250185309-1r 注入校验失败: ['10bp Index占比26.5%低于40%要求']
2026-06-14 20:57:01.572 | INFO     | __main__:_materialize_balance_library_for_lane:7277 - Lane DLG55_TMP 尝试补平衡文库模板: sample_id=FDSW250185313-1r, test_no=Novaseq X Plus-PE150, index_seq=ATCGAATGCG;CGATATCTGC
2026-06-14 20:57:01.922 | INFO     | __main__:_validate_balance_injection_lane_state:7079 - Lane DLG55_TMP 候选平衡文库 FDSW250185313-1r 注入校验失败: ['10bp Index占比26.5%低于40%要求']
2026-06-14 20:57:01.922 | INFO     | __main__:_materialize_balance_library_for_lane:7277 - Lane DLG55_TMP 尝试补平衡文库模板: sample_id=FDSW250185316-1r, test_no=Novaseq X Plus-PE150, index_seq=TCATTGCACC;ATCGAAGCTC
2026-06-14 20:57:02.269 | INFO     | __main__:_validate_balance_injection_lane_state:7079 - Lane DLG55_TMP 候选平衡文库 FDSW250185316-1r 注入校验失败: ['10bp Index占比26.5%低于40%要求']
2026-06-14 20:57:03.265 | WARNING  | __main__:_materialize_balance_library_for_lane:7402 - Lane DLG55_TMP 平衡文库补充失败: 需补 107.284G，实验室=天津科技服务实验室，工序=Novaseq X Plus-PE150
2026-06-14 20:57:06.569 | INFO     | __main__:_materialize_balance_library_for_lane:7277 - Lane DLG55_TMP 尝试补平衡文库模板: sample_id=phix, test_no=Novaseq X Plus-PE150, index_seq=GGGGGGGGGG;ACCGAGATCT
2026-06-14 20:57:06.916 | INFO     | __main__:_validate_balance_injection_lane_state:7079 - Lane DLG55_TMP 候选平衡文库 phix 注入校验失败: ['10bp Index占比26.5%低于40%要求']
2026-06-14 20:57:06.916 | INFO     | __main__:_materialize_balance_library_for_lane:7277 - Lane DLG55_TMP 尝试补平衡文库模板: sample_id=FDSW250185295-1r, test_no=Novaseq X Plus-PE150, index_seq=AGCATCGAGT;AGCATCCTCA
2026-06-14 20:57:07.261 | INFO     | __main__:_validate_balance_injection_lane_state:7079 - Lane DLG55_TMP 候选平衡文库 FDSW250185295-1r 注入校验失败: ['10bp Index占比26.5%低于40%要求']
2026-06-14 20:57:07.261 | INFO     | __main__:_materialize_balance_library_for_lane:7277 - Lane DLG55_TMP 尝试补平衡文库模板: sample_id=FDSW250185296-1r, test_no=Novaseq X Plus-PE150, index_seq=CTCACACTGA;CTCACACATG
2026-06-14 20:57:07.607 | INFO     | __main__:_validate_balance_injection_lane_state:7079 - Lane DLG55_TMP 候选平衡文库 FDSW250185296-1r 注入校验失败: ['10bp Index占比26.5%低于40%要求']
2026-06-14 20:57:07.607 | INFO     | __main__:_materialize_balance_library_for_lane:7277 - Lane DLG55_TMP 尝试补平衡文库模板: sample_id=FDSW250185298-1r, test_no=Novaseq X Plus-PE150, index_seq=CCGACTAGAT;CCGACTAAGA
2026-06-14 20:57:07.952 | INFO     | __main__:_validate_balance_injection_lane_state:7079 - Lane DLG55_TMP 候选平衡文库 FDSW250185298-1r 注入校验失败: ['10bp Index占比26.5%低于40%要求']
2026-06-14 20:57:07.952 | INFO     | __main__:_materialize_balance_library_for_lane:7277 - Lane DLG55_TMP 尝试补平衡文库模板: sample_id=FDSW250185306-1r, test_no=Novaseq X Plus-PE150, index_seq=ACAGAGCGAT;GACTACTCAC
2026-06-14 20:57:08.296 | INFO     | __main__:_validate_balance_injection_lane_state:7079 - Lane DLG55_TMP 候选平衡文库 FDSW250185306-1r 注入校验失败: ['10bp Index占比26.5%低于40%要求']
2026-06-14 20:57:08.297 | INFO     | __main__:_materialize_balance_library_for_lane:7277 - Lane DLG55_TMP 尝试补平衡文库模板: sample_id=FDSW250185309-1r, test_no=Novaseq X Plus-PE150, index_seq=GTCACACACT;CAAGTGCTTC
2026-06-14 20:57:08.642 | INFO     | __main__:_validate_balance_injection_lane_state:7079 - Lane DLG55_TMP 候选平衡文库 FDSW250185309-1r 注入校验失败: ['10bp Index占比26.5%低于40%要求']
2026-06-14 20:57:08.642 | INFO     | __main__:_materialize_balance_library_for_lane:7277 - Lane DLG55_TMP 尝试补平衡文库模板: sample_id=FDSW250185313-1r, test_no=Novaseq X Plus-PE150, index_seq=ATCGAATGCG;CGATATCTGC
2026-06-14 20:57:08.988 | INFO     | __main__:_validate_balance_injection_lane_state:7079 - Lane DLG55_TMP 候选平衡文库 FDSW250185313-1r 注入校验失败: ['10bp Index占比26.5%低于40%要求']
2026-06-14 20:57:08.989 | INFO     | __main__:_materialize_balance_library_for_lane:7277 - Lane DLG55_TMP 尝试补平衡文库模板: sample_id=FDSW250185316-1r, test_no=Novaseq X Plus-PE150, index_seq=TCATTGCACC;ATCGAAGCTC
2026-06-14 20:57:09.335 | INFO     | __main__:_validate_balance_injection_lane_state:7079 - Lane DLG55_TMP 候选平衡文库 FDSW250185316-1r 注入校验失败: ['10bp Index占比26.5%低于40%要求']
2026-06-14 20:57:10.333 | WARNING  | __main__:_materialize_balance_library_for_lane:7402 - Lane DLG55_TMP 平衡文库补充失败: 需补 107.284G，实验室=天津科技服务实验室，工序=Novaseq X Plus-PE150
2026-06-14 20:57:13.638 | INFO     | __main__:_materialize_balance_library_for_lane:7277 - Lane DLG55_TMP 尝试补平衡文库模板: sample_id=phix, test_no=Novaseq X Plus-PE150, index_seq=GGGGGGGGGG;ACCGAGATCT
2026-06-14 20:57:13.985 | INFO     | __main__:_validate_balance_injection_lane_state:7079 - Lane DLG55_TMP 候选平衡文库 phix 注入校验失败: ['10bp Index占比26.5%低于40%要求']
2026-06-14 20:57:13.985 | INFO     | __main__:_materialize_balance_library_for_lane:7277 - Lane DLG55_TMP 尝试补平衡文库模板: sample_id=FDSW250185295-1r, test_no=Novaseq X Plus-PE150, index_seq=AGCATCGAGT;AGCATCCTCA
2026-06-14 20:57:14.332 | INFO     | __main__:_validate_balance_injection_lane_state:7079 - Lane DLG55_TMP 候选平衡文库 FDSW250185295-1r 注入校验失败: ['10bp Index占比26.5%低于40%要求']
2026-06-14 20:57:14.332 | INFO     | __main__:_materialize_balance_library_for_lane:7277 - Lane DLG55_TMP 尝试补平衡文库模板: sample_id=FDSW250185296-1r, test_no=Novaseq X Plus-PE150, index_seq=CTCACACTGA;CTCACACATG
2026-06-14 20:57:14.680 | INFO     | __main__:_validate_balance_injection_lane_state:7079 - Lane DLG55_TMP 候选平衡文库 FDSW250185296-1r 注入校验失败: ['10bp Index占比26.5%低于40%要求']
2026-06-14 20:57:14.680 | INFO     | __main__:_materialize_balance_library_for_lane:7277 - Lane DLG55_TMP 尝试补平衡文库模板: sample_id=FDSW250185298-1r, test_no=Novaseq X Plus-PE150, index_seq=CCGACTAGAT;CCGACTAAGA
2026-06-14 20:57:15.027 | INFO     | __main__:_validate_balance_injection_lane_state:7079 - Lane DLG55_TMP 候选平衡文库 FDSW250185298-1r 注入校验失败: ['10bp Index占比26.5%低于40%要求']
2026-06-14 20:57:15.027 | INFO     | __main__:_materialize_balance_library_for_lane:7277 - Lane DLG55_TMP 尝试补平衡文库模板: sample_id=FDSW250185306-1r, test_no=Novaseq X Plus-PE150, index_seq=ACAGAGCGAT;GACTACTCAC
2026-06-14 20:57:15.378 | INFO     | __main__:_validate_balance_injection_lane_state:7079 - Lane DLG55_TMP 候选平衡文库 FDSW250185306-1r 注入校验失败: ['10bp Index占比26.5%低于40%要求']
2026-06-14 20:57:15.378 | INFO     | __main__:_materialize_balance_library_for_lane:7277 - Lane DLG55_TMP 尝试补平衡文库模板: sample_id=FDSW250185309-1r, test_no=Novaseq X Plus-PE150, index_seq=GTCACACACT;CAAGTGCTTC
2026-06-14 20:57:15.724 | INFO     | __main__:_validate_balance_injection_lane_state:7079 - Lane DLG55_TMP 候选平衡文库 FDSW250185309-1r 注入校验失败: ['10bp Index占比26.5%低于40%要求']
2026-06-14 20:57:15.724 | INFO     | __main__:_materialize_balance_library_for_lane:7277 - Lane DLG55_TMP 尝试补平衡文库模板: sample_id=FDSW250185313-1r, test_no=Novaseq X Plus-PE150, index_seq=ATCGAATGCG;CGATATCTGC
2026-06-14 20:57:16.072 | INFO     | __main__:_validate_balance_injection_lane_state:7079 - Lane DLG55_TMP 候选平衡文库 FDSW250185313-1r 注入校验失败: ['10bp Index占比26.5%低于40%要求']
2026-06-14 20:57:16.072 | INFO     | __main__:_materialize_balance_library_for_lane:7277 - Lane DLG55_TMP 尝试补平衡文库模板: sample_id=FDSW250185316-1r, test_no=Novaseq X Plus-PE150, index_seq=TCATTGCACC;ATCGAAGCTC
2026-06-14 20:57:16.419 | INFO     | __main__:_validate_balance_injection_lane_state:7079 - Lane DLG55_TMP 候选平衡文库 FDSW250185316-1r 注入校验失败: ['10bp Index占比26.5%低于40%要求']
2026-06-14 20:57:17.423 | WARNING  | __main__:_materialize_balance_library_for_lane:7402 - Lane DLG55_TMP 平衡文库补充失败: 需补 107.284G，实验室=天津科技服务实验室，工序=Novaseq X Plus-PE150
2026-06-14 20:57:20.722 | INFO     | __main__:_materialize_balance_library_for_lane:7277 - Lane DLG55_TMP 尝试补平衡文库模板: sample_id=phix, test_no=Novaseq X Plus-PE150, index_seq=GGGGGGGGGG;ACCGAGATCT
2026-06-14 20:57:21.068 | INFO     | __main__:_validate_balance_injection_lane_state:7079 - Lane DLG55_TMP 候选平衡文库 phix 注入校验失败: ['10bp Index占比26.5%低于40%要求']
2026-06-14 20:57:21.068 | INFO     | __main__:_materialize_balance_library_for_lane:7277 - Lane DLG55_TMP 尝试补平衡文库模板: sample_id=FDSW250185295-1r, test_no=Novaseq X Plus-PE150, index_seq=AGCATCGAGT;AGCATCCTCA
2026-06-14 20:57:21.413 | INFO     | __main__:_validate_balance_injection_lane_state:7079 - Lane DLG55_TMP 候选平衡文库 FDSW250185295-1r 注入校验失败: ['10bp Index占比26.5%低于40%要求']
2026-06-14 20:57:21.413 | INFO     | __main__:_materialize_balance_library_for_lane:7277 - Lane DLG55_TMP 尝试补平衡文库模板: sample_id=FDSW250185296-1r, test_no=Novaseq X Plus-PE150, index_seq=CTCACACTGA;CTCACACATG
2026-06-14 20:57:21.759 | INFO     | __main__:_validate_balance_injection_lane_state:7079 - Lane DLG55_TMP 候选平衡文库 FDSW250185296-1r 注入校验失败: ['10bp Index占比26.5%低于40%要求']
2026-06-14 20:57:21.760 | INFO     | __main__:_materialize_balance_library_for_lane:7277 - Lane DLG55_TMP 尝试补平衡文库模板: sample_id=FDSW250185298-1r, test_no=Novaseq X Plus-PE150, index_seq=CCGACTAGAT;CCGACTAAGA
2026-06-14 20:57:22.110 | INFO     | __main__:_validate_balance_injection_lane_state:7079 - Lane DLG55_TMP 候选平衡文库 FDSW250185298-1r 注入校验失败: ['10bp Index占比26.5%低于40%要求']
2026-06-14 20:57:22.110 | INFO     | __main__:_materialize_balance_library_for_lane:7277 - Lane DLG55_TMP 尝试补平衡文库模板: sample_id=FDSW250185306-1r, test_no=Novaseq X Plus-PE150, index_seq=ACAGAGCGAT;GACTACTCAC
2026-06-14 20:57:22.454 | INFO     | __main__:_validate_balance_injection_lane_state:7079 - Lane DLG55_TMP 候选平衡文库 FDSW250185306-1r 注入校验失败: ['10bp Index占比26.5%低于40%要求']
2026-06-14 20:57:22.454 | INFO     | __main__:_materialize_balance_library_for_lane:7277 - Lane DLG55_TMP 尝试补平衡文库模板: sample_id=FDSW250185309-1r, test_no=Novaseq X Plus-PE150, index_seq=GTCACACACT;CAAGTGCTTC
2026-06-14 20:57:22.799 | INFO     | __main__:_validate_balance_injection_lane_state:7079 - Lane DLG55_TMP 候选平衡文库 FDSW250185309-1r 注入校验失败: ['10bp Index占比26.5%低于40%要求']
2026-06-14 20:57:22.800 | INFO     | __main__:_materialize_balance_library_for_lane:7277 - Lane DLG55_TMP 尝试补平衡文库模板: sample_id=FDSW250185313-1r, test_no=Novaseq X Plus-PE150, index_seq=ATCGAATGCG;CGATATCTGC
2026-06-14 20:57:23.146 | INFO     | __main__:_validate_balance_injection_lane_state:7079 - Lane DLG55_TMP 候选平衡文库 FDSW250185313-1r 注入校验失败: ['10bp Index占比26.5%低于40%要求']
2026-06-14 20:57:23.146 | INFO     | __main__:_materialize_balance_library_for_lane:7277 - Lane DLG55_TMP 尝试补平衡文库模板: sample_id=FDSW250185316-1r, test_no=Novaseq X Plus-PE150, index_seq=TCATTGCACC;ATCGAAGCTC
2026-06-14 20:57:23.493 | INFO     | __main__:_validate_balance_injection_lane_state:7079 - Lane DLG55_TMP 候选平衡文库 FDSW250185316-1r 注入校验失败: ['10bp Index占比26.5%低于40%要求']
2026-06-14 20:57:24.495 | WARNING  | __main__:_materialize_balance_library_for_lane:7402 - Lane DLG55_TMP 平衡文库补充失败: 需补 107.284G，实验室=天津科技服务实验室，工序=Novaseq X Plus-PE150
2026-06-14 20:57:27.789 | INFO     | __main__:_materialize_balance_library_for_lane:7277 - Lane DLG55_TMP 尝试补平衡文库模板: sample_id=phix, test_no=Novaseq X Plus-PE150, index_seq=GGGGGGGGGG;ACCGAGATCT
2026-06-14 20:57:28.134 | INFO     | __main__:_validate_balance_injection_lane_state:7079 - Lane DLG55_TMP 候选平衡文库 phix 注入校验失败: ['10bp Index占比26.5%低于40%要求']
2026-06-14 20:57:28.134 | INFO     | __main__:_materialize_balance_library_for_lane:7277 - Lane DLG55_TMP 尝试补平衡文库模板: sample_id=FDSW250185295-1r, test_no=Novaseq X Plus-PE150, index_seq=AGCATCGAGT;AGCATCCTCA
2026-06-14 20:57:28.482 | INFO     | __main__:_validate_balance_injection_lane_state:7079 - Lane DLG55_TMP 候选平衡文库 FDSW250185295-1r 注入校验失败: ['10bp Index占比26.5%低于40%要求']
2026-06-14 20:57:28.482 | INFO     | __main__:_materialize_balance_library_for_lane:7277 - Lane DLG55_TMP 尝试补平衡文库模板: sample_id=FDSW250185296-1r, test_no=Novaseq X Plus-PE150, index_seq=CTCACACTGA;CTCACACATG
2026-06-14 20:57:28.828 | INFO     | __main__:_validate_balance_injection_lane_state:7079 - Lane DLG55_TMP 候选平衡文库 FDSW250185296-1r 注入校验失败: ['10bp Index占比26.5%低于40%要求']
2026-06-14 20:57:28.828 | INFO     | __main__:_materialize_balance_library_for_lane:7277 - Lane DLG55_TMP 尝试补平衡文库模板: sample_id=FDSW250185298-1r, test_no=Novaseq X Plus-PE150, index_seq=CCGACTAGAT;CCGACTAAGA
2026-06-14 20:57:29.175 | INFO     | __main__:_validate_balance_injection_lane_state:7079 - Lane DLG55_TMP 候选平衡文库 FDSW250185298-1r 注入校验失败: ['10bp Index占比26.5%低于40%要求']
2026-06-14 20:57:29.175 | INFO     | __main__:_materialize_balance_library_for_lane:7277 - Lane DLG55_TMP 尝试补平衡文库模板: sample_id=FDSW250185306-1r, test_no=Novaseq X Plus-PE150, index_seq=ACAGAGCGAT;GACTACTCAC
2026-06-14 20:57:29.520 | INFO     | __main__:_validate_balance_injection_lane_state:7079 - Lane DLG55_TMP 候选平衡文库 FDSW250185306-1r 注入校验失败: ['10bp Index占比26.5%低于40%要求']
2026-06-14 20:57:29.520 | INFO     | __main__:_materialize_balance_library_for_lane:7277 - Lane DLG55_TMP 尝试补平衡文库模板: sample_id=FDSW250185309-1r, test_no=Novaseq X Plus-PE150, index_seq=GTCACACACT;CAAGTGCTTC
2026-06-14 20:57:29.864 | INFO     | __main__:_validate_balance_injection_lane_state:7079 - Lane DLG55_TMP 候选平衡文库 FDSW250185309-1r 注入校验失败: ['10bp Index占比26.5%低于40%要求']
2026-06-14 20:57:29.864 | INFO     | __main__:_materialize_balance_library_for_lane:7277 - Lane DLG55_TMP 尝试补平衡文库模板: sample_id=FDSW250185313-1r, test_no=Novaseq X Plus-PE150, index_seq=ATCGAATGCG;CGATATCTGC
2026-06-14 20:57:30.212 | INFO     | __main__:_validate_balance_injection_lane_state:7079 - Lane DLG55_TMP 候选平衡文库 FDSW250185313-1r 注入校验失败: ['10bp Index占比26.5%低于40%要求']
2026-06-14 20:57:30.212 | INFO     | __main__:_materialize_balance_library_for_lane:7277 - Lane DLG55_TMP 尝试补平衡文库模板: sample_id=FDSW250185316-1r, test_no=Novaseq X Plus-PE150, index_seq=TCATTGCACC;ATCGAAGCTC
2026-06-14 20:57:30.557 | INFO     | __main__:_validate_balance_injection_lane_state:7079 - Lane DLG55_TMP 候选平衡文库 FDSW250185316-1r 注入校验失败: ['10bp Index占比26.5%低于40%要求']
2026-06-14 20:57:31.564 | WARNING  | __main__:_materialize_balance_library_for_lane:7402 - Lane DLG55_TMP 平衡文库补充失败: 需补 107.284G，实验室=天津科技服务实验室，工序=Novaseq X Plus-PE150
2026-06-14 20:57:34.860 | INFO     | __main__:_materialize_balance_library_for_lane:7277 - Lane DLG55_TMP 尝试补平衡文库模板: sample_id=phix, test_no=Novaseq X Plus-PE150, index_seq=GGGGGGGGGG;ACCGAGATCT
2026-06-14 20:57:35.207 | INFO     | __main__:_validate_balance_injection_lane_state:7079 - Lane DLG55_TMP 候选平衡文库 phix 注入校验失败: ['10bp Index占比26.5%低于40%要求']
2026-06-14 20:57:35.207 | INFO     | __main__:_materialize_balance_library_for_lane:7277 - Lane DLG55_TMP 尝试补平衡文库模板: sample_id=FDSW250185295-1r, test_no=Novaseq X Plus-PE150, index_seq=AGCATCGAGT;AGCATCCTCA
2026-06-14 20:57:35.553 | INFO     | __main__:_validate_balance_injection_lane_state:7079 - Lane DLG55_TMP 候选平衡文库 FDSW250185295-1r 注入校验失败: ['10bp Index占比26.5%低于40%要求']
2026-06-14 20:57:35.553 | INFO     | __main__:_materialize_balance_library_for_lane:7277 - Lane DLG55_TMP 尝试补平衡文库模板: sample_id=FDSW250185296-1r, test_no=Novaseq X Plus-PE150, index_seq=CTCACACTGA;CTCACACATG
2026-06-14 20:57:35.900 | INFO     | __main__:_validate_balance_injection_lane_state:7079 - Lane DLG55_TMP 候选平衡文库 FDSW250185296-1r 注入校验失败: ['10bp Index占比26.5%低于40%要求']
2026-06-14 20:57:35.900 | INFO     | __main__:_materialize_balance_library_for_lane:7277 - Lane DLG55_TMP 尝试补平衡文库模板: sample_id=FDSW250185298-1r, test_no=Novaseq X Plus-PE150, index_seq=CCGACTAGAT;CCGACTAAGA
2026-06-14 20:57:36.248 | INFO     | __main__:_validate_balance_injection_lane_state:7079 - Lane DLG55_TMP 候选平衡文库 FDSW250185298-1r 注入校验失败: ['10bp Index占比26.5%低于40%要求']
2026-06-14 20:57:36.248 | INFO     | __main__:_materialize_balance_library_for_lane:7277 - Lane DLG55_TMP 尝试补平衡文库模板: sample_id=FDSW250185306-1r, test_no=Novaseq X Plus-PE150, index_seq=ACAGAGCGAT;GACTACTCAC
2026-06-14 20:57:36.593 | INFO     | __main__:_validate_balance_injection_lane_state:7079 - Lane DLG55_TMP 候选平衡文库 FDSW250185306-1r 注入校验失败: ['10bp Index占比26.5%低于40%要求']
2026-06-14 20:57:36.593 | INFO     | __main__:_materialize_balance_library_for_lane:7277 - Lane DLG55_TMP 尝试补平衡文库模板: sample_id=FDSW250185309-1r, test_no=Novaseq X Plus-PE150, index_seq=GTCACACACT;CAAGTGCTTC
2026-06-14 20:57:36.941 | INFO     | __main__:_validate_balance_injection_lane_state:7079 - Lane DLG55_TMP 候选平衡文库 FDSW250185309-1r 注入校验失败: ['10bp Index占比26.5%低于40%要求']
2026-06-14 20:57:36.941 | INFO     | __main__:_materialize_balance_library_for_lane:7277 - Lane DLG55_TMP 尝试补平衡文库模板: sample_id=FDSW250185313-1r, test_no=Novaseq X Plus-PE150, index_seq=ATCGAATGCG;CGATATCTGC
2026-06-14 20:57:37.285 | INFO     | __main__:_validate_balance_injection_lane_state:7079 - Lane DLG55_TMP 候选平衡文库 FDSW250185313-1r 注入校验失败: ['10bp Index占比26.5%低于40%要求']
2026-06-14 20:57:37.285 | INFO     | __main__:_materialize_balance_library_for_lane:7277 - Lane DLG55_TMP 尝试补平衡文库模板: sample_id=FDSW250185316-1r, test_no=Novaseq X Plus-PE150, index_seq=TCATTGCACC;ATCGAAGCTC
2026-06-14 20:57:37.631 | INFO     | __main__:_validate_balance_injection_lane_state:7079 - Lane DLG55_TMP 候选平衡文库 FDSW250185316-1r 注入校验失败: ['10bp Index占比26.5%低于40%要求']
2026-06-14 20:57:38.644 | WARNING  | __main__:_materialize_balance_library_for_lane:7402 - Lane DLG55_TMP 平衡文库补充失败: 需补 107.284G，实验室=天津科技服务实验室，工序=Novaseq X Plus-PE150
2026-06-14 20:57:41.952 | INFO     | __main__:_materialize_balance_library_for_lane:7277 - Lane DLG55_TMP 尝试补平衡文库模板: sample_id=phix, test_no=Novaseq X Plus-PE150, index_seq=GGGGGGGGGG;ACCGAGATCT
2026-06-14 20:57:42.299 | INFO     | __main__:_validate_balance_injection_lane_state:7079 - Lane DLG55_TMP 候选平衡文库 phix 注入校验失败: ['10bp Index占比26.5%低于40%要求']
2026-06-14 20:57:42.299 | INFO     | __main__:_materialize_balance_library_for_lane:7277 - Lane DLG55_TMP 尝试补平衡文库模板: sample_id=FDSW250185295-1r, test_no=Novaseq X Plus-PE150, index_seq=AGCATCGAGT;AGCATCCTCA
2026-06-14 20:57:42.643 | INFO     | __main__:_validate_balance_injection_lane_state:7079 - Lane DLG55_TMP 候选平衡文库 FDSW250185295-1r 注入校验失败: ['10bp Index占比26.5%低于40%要求']
2026-06-14 20:57:42.644 | INFO     | __main__:_materialize_balance_library_for_lane:7277 - Lane DLG55_TMP 尝试补平衡文库模板: sample_id=FDSW250185296-1r, test_no=Novaseq X Plus-PE150, index_seq=CTCACACTGA;CTCACACATG
2026-06-14 20:57:42.991 | INFO     | __main__:_validate_balance_injection_lane_state:7079 - Lane DLG55_TMP 候选平衡文库 FDSW250185296-1r 注入校验失败: ['10bp Index占比26.5%低于40%要求']
2026-06-14 20:57:42.991 | INFO     | __main__:_materialize_balance_library_for_lane:7277 - Lane DLG55_TMP 尝试补平衡文库模板: sample_id=FDSW250185298-1r, test_no=Novaseq X Plus-PE150, index_seq=CCGACTAGAT;CCGACTAAGA
2026-06-14 20:57:43.338 | INFO     | __main__:_validate_balance_injection_lane_state:7079 - Lane DLG55_TMP 候选平衡文库 FDSW250185298-1r 注入校验失败: ['10bp Index占比26.5%低于40%要求']
2026-06-14 20:57:43.339 | INFO     | __main__:_materialize_balance_library_for_lane:7277 - Lane DLG55_TMP 尝试补平衡文库模板: sample_id=FDSW250185306-1r, test_no=Novaseq X Plus-PE150, index_seq=ACAGAGCGAT;GACTACTCAC
2026-06-14 20:57:43.690 | INFO     | __main__:_validate_balance_injection_lane_state:7079 - Lane DLG55_TMP 候选平衡文库 FDSW250185306-1r 注入校验失败: ['10bp Index占比26.5%低于40%要求']
2026-06-14 20:57:43.690 | INFO     | __main__:_materialize_balance_library_for_lane:7277 - Lane DLG55_TMP 尝试补平衡文库模板: sample_id=FDSW250185309-1r, test_no=Novaseq X Plus-PE150, index_seq=GTCACACACT;CAAGTGCTTC
2026-06-14 20:57:44.034 | INFO     | __main__:_validate_balance_injection_lane_state:7079 - Lane DLG55_TMP 候选平衡文库 FDSW250185309-1r 注入校验失败: ['10bp Index占比26.5%低于40%要求']
2026-06-14 20:57:44.035 | INFO     | __main__:_materialize_balance_library_for_lane:7277 - Lane DLG55_TMP 尝试补平衡文库模板: sample_id=FDSW250185313-1r, test_no=Novaseq X Plus-PE150, index_seq=ATCGAATGCG;CGATATCTGC
2026-06-14 20:57:44.380 | INFO     | __main__:_validate_balance_injection_lane_state:7079 - Lane DLG55_TMP 候选平衡文库 FDSW250185313-1r 注入校验失败: ['10bp Index占比26.5%低于40%要求']
2026-06-14 20:57:44.381 | INFO     | __main__:_materialize_balance_library_for_lane:7277 - Lane DLG55_TMP 尝试补平衡文库模板: sample_id=FDSW250185316-1r, test_no=Novaseq X Plus-PE150, index_seq=TCATTGCACC;ATCGAAGCTC
2026-06-14 20:57:44.727 | INFO     | __main__:_validate_balance_injection_lane_state:7079 - Lane DLG55_TMP 候选平衡文库 FDSW250185316-1r 注入校验失败: ['10bp Index占比26.5%低于40%要求']
2026-06-14 20:57:45.736 | WARNING  | __main__:_materialize_balance_library_for_lane:7402 - Lane DLG55_TMP 平衡文库补充失败: 需补 107.284G，实验室=天津科技服务实验室，工序=Novaseq X Plus-PE150
2026-06-14 20:57:49.052 | INFO     | __main__:_materialize_balance_library_for_lane:7277 - Lane DLG55_TMP 尝试补平衡文库模板: sample_id=phix, test_no=Novaseq X Plus-PE150, index_seq=GGGGGGGGGG;ACCGAGATCT
2026-06-14 20:57:49.398 | INFO     | __main__:_validate_balance_injection_lane_state:7079 - Lane DLG55_TMP 候选平衡文库 phix 注入校验失败: ['10bp Index占比26.5%低于40%要求']
2026-06-14 20:57:49.398 | INFO     | __main__:_materialize_balance_library_for_lane:7277 - Lane DLG55_TMP 尝试补平衡文库模板: sample_id=FDSW250185295-1r, test_no=Novaseq X Plus-PE150, index_seq=AGCATCGAGT;AGCATCCTCA
2026-06-14 20:57:49.745 | INFO     | __main__:_validate_balance_injection_lane_state:7079 - Lane DLG55_TMP 候选平衡文库 FDSW250185295-1r 注入校验失败: ['10bp Index占比26.5%低于40%要求']
2026-06-14 20:57:49.745 | INFO     | __main__:_materialize_balance_library_for_lane:7277 - Lane DLG55_TMP 尝试补平衡文库模板: sample_id=FDSW250185296-1r, test_no=Novaseq X Plus-PE150, index_seq=CTCACACTGA;CTCACACATG
2026-06-14 20:57:50.090 | INFO     | __main__:_validate_balance_injection_lane_state:7079 - Lane DLG55_TMP 候选平衡文库 FDSW250185296-1r 注入校验失败: ['10bp Index占比26.5%低于40%要求']
2026-06-14 20:57:50.090 | INFO     | __main__:_materialize_balance_library_for_lane:7277 - Lane DLG55_TMP 尝试补平衡文库模板: sample_id=FDSW250185298-1r, test_no=Novaseq X Plus-PE150, index_seq=CCGACTAGAT;CCGACTAAGA
2026-06-14 20:57:50.437 | INFO     | __main__:_validate_balance_injection_lane_state:7079 - Lane DLG55_TMP 候选平衡文库 FDSW250185298-1r 注入校验失败: ['10bp Index占比26.5%低于40%要求']
2026-06-14 20:57:50.437 | INFO     | __main__:_materialize_balance_library_for_lane:7277 - Lane DLG55_TMP 尝试补平衡文库模板: sample_id=FDSW250185306-1r, test_no=Novaseq X Plus-PE150, index_seq=ACAGAGCGAT;GACTACTCAC
2026-06-14 20:57:50.783 | INFO     | __main__:_validate_balance_injection_lane_state:7079 - Lane DLG55_TMP 候选平衡文库 FDSW250185306-1r 注入校验失败: ['10bp Index占比26.5%低于40%要求']
2026-06-14 20:57:50.783 | INFO     | __main__:_materialize_balance_library_for_lane:7277 - Lane DLG55_TMP 尝试补平衡文库模板: sample_id=FDSW250185309-1r, test_no=Novaseq X Plus-PE150, index_seq=GTCACACACT;CAAGTGCTTC
2026-06-14 20:57:51.129 | INFO     | __main__:_validate_balance_injection_lane_state:7079 - Lane DLG55_TMP 候选平衡文库 FDSW250185309-1r 注入校验失败: ['10bp Index占比26.5%低于40%要求']
2026-06-14 20:57:51.129 | INFO     | __main__:_materialize_balance_library_for_lane:7277 - Lane DLG55_TMP 尝试补平衡文库模板: sample_id=FDSW250185313-1r, test_no=Novaseq X Plus-PE150, index_seq=ATCGAATGCG;CGATATCTGC
2026-06-14 20:57:51.475 | INFO     | __main__:_validate_balance_injection_lane_state:7079 - Lane DLG55_TMP 候选平衡文库 FDSW250185313-1r 注入校验失败: ['10bp Index占比26.5%低于40%要求']
2026-06-14 20:57:51.476 | INFO     | __main__:_materialize_balance_library_for_lane:7277 - Lane DLG55_TMP 尝试补平衡文库模板: sample_id=FDSW250185316-1r, test_no=Novaseq X Plus-PE150, index_seq=TCATTGCACC;ATCGAAGCTC
2026-06-14 20:57:51.821 | INFO     | __main__:_validate_balance_injection_lane_state:7079 - Lane DLG55_TMP 候选平衡文库 FDSW250185316-1r 注入校验失败: ['10bp Index占比26.5%低于40%要求']
2026-06-14 20:57:52.825 | WARNING  | __main__:_materialize_balance_library_for_lane:7402 - Lane DLG55_TMP 平衡文库补充失败: 需补 107.284G，实验室=天津科技服务实验室，工序=Novaseq X Plus-PE150
2026-06-14 20:57:56.142 | INFO     | __main__:_materialize_balance_library_for_lane:7277 - Lane DLG55_TMP 尝试补平衡文库模板: sample_id=phix, test_no=Novaseq X Plus-PE150, index_seq=GGGGGGGGGG;ACCGAGATCT
2026-06-14 20:57:56.491 | INFO     | __main__:_validate_balance_injection_lane_state:7079 - Lane DLG55_TMP 候选平衡文库 phix 注入校验失败: ['10bp Index占比26.5%低于40%要求']
2026-06-14 20:57:56.491 | INFO     | __main__:_materialize_balance_library_for_lane:7277 - Lane DLG55_TMP 尝试补平衡文库模板: sample_id=FDSW250185295-1r, test_no=Novaseq X Plus-PE150, index_seq=AGCATCGAGT;AGCATCCTCA
2026-06-14 20:57:56.837 | INFO     | __main__:_validate_balance_injection_lane_state:7079 - Lane DLG55_TMP 候选平衡文库 FDSW250185295-1r 注入校验失败: ['10bp Index占比26.5%低于40%要求']
2026-06-14 20:57:56.837 | INFO     | __main__:_materialize_balance_library_for_lane:7277 - Lane DLG55_TMP 尝试补平衡文库模板: sample_id=FDSW250185296-1r, test_no=Novaseq X Plus-PE150, index_seq=CTCACACTGA;CTCACACATG
2026-06-14 20:57:57.183 | INFO     | __main__:_validate_balance_injection_lane_state:7079 - Lane DLG55_TMP 候选平衡文库 FDSW250185296-1r 注入校验失败: ['10bp Index占比26.5%低于40%要求']
2026-06-14 20:57:57.183 | INFO     | __main__:_materialize_balance_library_for_lane:7277 - Lane DLG55_TMP 尝试补平衡文库模板: sample_id=FDSW250185298-1r, test_no=Novaseq X Plus-PE150, index_seq=CCGACTAGAT;CCGACTAAGA
2026-06-14 20:57:57.530 | INFO     | __main__:_validate_balance_injection_lane_state:7079 - Lane DLG55_TMP 候选平衡文库 FDSW250185298-1r 注入校验失败: ['10bp Index占比26.5%低于40%要求']
2026-06-14 20:57:57.530 | INFO     | __main__:_materialize_balance_library_for_lane:7277 - Lane DLG55_TMP 尝试补平衡文库模板: sample_id=FDSW250185306-1r, test_no=Novaseq X Plus-PE150, index_seq=ACAGAGCGAT;GACTACTCAC
2026-06-14 20:57:57.876 | INFO     | __main__:_validate_balance_injection_lane_state:7079 - Lane DLG55_TMP 候选平衡文库 FDSW250185306-1r 注入校验失败: ['10bp Index占比26.5%低于40%要求']
2026-06-14 20:57:57.876 | INFO     | __main__:_materialize_balance_library_for_lane:7277 - Lane DLG55_TMP 尝试补平衡文库模板: sample_id=FDSW250185309-1r, test_no=Novaseq X Plus-PE150, index_seq=GTCACACACT;CAAGTGCTTC
2026-06-14 20:57:58.225 | INFO     | __main__:_validate_balance_injection_lane_state:7079 - Lane DLG55_TMP 候选平衡文库 FDSW250185309-1r 注入校验失败: ['10bp Index占比26.5%低于40%要求']
2026-06-14 20:57:58.225 | INFO     | __main__:_materialize_balance_library_for_lane:7277 - Lane DLG55_TMP 尝试补平衡文库模板: sample_id=FDSW250185313-1r, test_no=Novaseq X Plus-PE150, index_seq=ATCGAATGCG;CGATATCTGC
2026-06-14 20:57:58.572 | INFO     | __main__:_validate_balance_injection_lane_state:7079 - Lane DLG55_TMP 候选平衡文库 FDSW250185313-1r 注入校验失败: ['10bp Index占比26.5%低于40%要求']
2026-06-14 20:57:58.572 | INFO     | __main__:_materialize_balance_library_for_lane:7277 - Lane DLG55_TMP 尝试补平衡文库模板: sample_id=FDSW250185316-1r, test_no=Novaseq X Plus-PE150, index_seq=TCATTGCACC;ATCGAAGCTC
2026-06-14 20:57:58.917 | INFO     | __main__:_validate_balance_injection_lane_state:7079 - Lane DLG55_TMP 候选平衡文库 FDSW250185316-1r 注入校验失败: ['10bp Index占比26.5%低于40%要求']
2026-06-14 20:57:59.928 | WARNING  | __main__:_materialize_balance_library_for_lane:7402 - Lane DLG55_TMP 平衡文库补充失败: 需补 107.284G，实验室=天津科技服务实验室，工序=Novaseq X Plus-PE150
2026-06-14 20:58:03.237 | INFO     | __main__:_materialize_balance_library_for_lane:7277 - Lane DLG55_TMP 尝试补平衡文库模板: sample_id=phix, test_no=Novaseq X Plus-PE150, index_seq=GGGGGGGGGG;ACCGAGATCT
2026-06-14 20:58:03.583 | INFO     | __main__:_validate_balance_injection_lane_state:7079 - Lane DLG55_TMP 候选平衡文库 phix 注入校验失败: ['10bp Index占比26.5%低于40%要求']
2026-06-14 20:58:03.583 | INFO     | __main__:_materialize_balance_library_for_lane:7277 - Lane DLG55_TMP 尝试补平衡文库模板: sample_id=FDSW250185295-1r, test_no=Novaseq X Plus-PE150, index_seq=AGCATCGAGT;AGCATCCTCA
2026-06-14 20:58:03.930 | INFO     | __main__:_validate_balance_injection_lane_state:7079 - Lane DLG55_TMP 候选平衡文库 FDSW250185295-1r 注入校验失败: ['10bp Index占比26.5%低于40%要求']
2026-06-14 20:58:03.930 | INFO     | __main__:_materialize_balance_library_for_lane:7277 - Lane DLG55_TMP 尝试补平衡文库模板: sample_id=FDSW250185296-1r, test_no=Novaseq X Plus-PE150, index_seq=CTCACACTGA;CTCACACATG
2026-06-14 20:58:04.276 | INFO     | __main__:_validate_balance_injection_lane_state:7079 - Lane DLG55_TMP 候选平衡文库 FDSW250185296-1r 注入校验失败: ['10bp Index占比26.5%低于40%要求']
2026-06-14 20:58:04.276 | INFO     | __main__:_materialize_balance_library_for_lane:7277 - Lane DLG55_TMP 尝试补平衡文库模板: sample_id=FDSW250185298-1r, test_no=Novaseq X Plus-PE150, index_seq=CCGACTAGAT;CCGACTAAGA
2026-06-14 20:58:04.622 | INFO     | __main__:_validate_balance_injection_lane_state:7079 - Lane DLG55_TMP 候选平衡文库 FDSW250185298-1r 注入校验失败: ['10bp Index占比26.5%低于40%要求']
2026-06-14 20:58:04.623 | INFO     | __main__:_materialize_balance_library_for_lane:7277 - Lane DLG55_TMP 尝试补平衡文库模板: sample_id=FDSW250185306-1r, test_no=Novaseq X Plus-PE150, index_seq=ACAGAGCGAT;GACTACTCAC
2026-06-14 20:58:04.968 | INFO     | __main__:_validate_balance_injection_lane_state:7079 - Lane DLG55_TMP 候选平衡文库 FDSW250185306-1r 注入校验失败: ['10bp Index占比26.5%低于40%要求']
2026-06-14 20:58:04.969 | INFO     | __main__:_materialize_balance_library_for_lane:7277 - Lane DLG55_TMP 尝试补平衡文库模板: sample_id=FDSW250185309-1r, test_no=Novaseq X Plus-PE150, index_seq=GTCACACACT;CAAGTGCTTC
2026-06-14 20:58:05.313 | INFO     | __main__:_validate_balance_injection_lane_state:7079 - Lane DLG55_TMP 候选平衡文库 FDSW250185309-1r 注入校验失败: ['10bp Index占比26.5%低于40%要求']
2026-06-14 20:58:05.314 | INFO     | __main__:_materialize_balance_library_for_lane:7277 - Lane DLG55_TMP 尝试补平衡文库模板: sample_id=FDSW250185313-1r, test_no=Novaseq X Plus-PE150, index_seq=ATCGAATGCG;CGATATCTGC
2026-06-14 20:58:05.659 | INFO     | __main__:_validate_balance_injection_lane_state:7079 - Lane DLG55_TMP 候选平衡文库 FDSW250185313-1r 注入校验失败: ['10bp Index占比26.5%低于40%要求']
2026-06-14 20:58:05.659 | INFO     | __main__:_materialize_balance_library_for_lane:7277 - Lane DLG55_TMP 尝试补平衡文库模板: sample_id=FDSW250185316-1r, test_no=Novaseq X Plus-PE150, index_seq=TCATTGCACC;ATCGAAGCTC
2026-06-14 20:58:06.004 | INFO     | __main__:_validate_balance_injection_lane_state:7079 - Lane DLG55_TMP 候选平衡文库 FDSW250185316-1r 注入校验失败: ['10bp Index占比26.5%低于40%要求']
2026-06-14 20:58:07.011 | WARNING  | __main__:_materialize_balance_library_for_lane:7402 - Lane DLG55_TMP 平衡文库补充失败: 需补 107.284G，实验室=天津科技服务实验室，工序=Novaseq X Plus-PE150
2026-06-14 20:58:10.311 | INFO     | __main__:_materialize_balance_library_for_lane:7277 - Lane DLG55_TMP 尝试补平衡文库模板: sample_id=phix, test_no=Novaseq X Plus-PE150, index_seq=GGGGGGGGGG;ACCGAGATCT
2026-06-14 20:58:10.656 | INFO     | __main__:_validate_balance_injection_lane_state:7079 - Lane DLG55_TMP 候选平衡文库 phix 注入校验失败: ['10bp Index占比26.5%低于40%要求']
2026-06-14 20:58:10.656 | INFO     | __main__:_materialize_balance_library_for_lane:7277 - Lane DLG55_TMP 尝试补平衡文库模板: sample_id=FDSW250185295-1r, test_no=Novaseq X Plus-PE150, index_seq=AGCATCGAGT;AGCATCCTCA
2026-06-14 20:58:11.000 | INFO     | __main__:_validate_balance_injection_lane_state:7079 - Lane DLG55_TMP 候选平衡文库 FDSW250185295-1r 注入校验失败: ['10bp Index占比26.5%低于40%要求']
2026-06-14 20:58:11.000 | INFO     | __main__:_materialize_balance_library_for_lane:7277 - Lane DLG55_TMP 尝试补平衡文库模板: sample_id=FDSW250185296-1r, test_no=Novaseq X Plus-PE150, index_seq=CTCACACTGA;CTCACACATG
2026-06-14 20:58:11.347 | INFO     | __main__:_validate_balance_injection_lane_state:7079 - Lane DLG55_TMP 候选平衡文库 FDSW250185296-1r 注入校验失败: ['10bp Index占比26.5%低于40%要求']
2026-06-14 20:58:11.347 | INFO     | __main__:_materialize_balance_library_for_lane:7277 - Lane DLG55_TMP 尝试补平衡文库模板: sample_id=FDSW250185298-1r, test_no=Novaseq X Plus-PE150, index_seq=CCGACTAGAT;CCGACTAAGA
2026-06-14 20:58:11.693 | INFO     | __main__:_validate_balance_injection_lane_state:7079 - Lane DLG55_TMP 候选平衡文库 FDSW250185298-1r 注入校验失败: ['10bp Index占比26.5%低于40%要求']
2026-06-14 20:58:11.693 | INFO     | __main__:_materialize_balance_library_for_lane:7277 - Lane DLG55_TMP 尝试补平衡文库模板: sample_id=FDSW250185306-1r, test_no=Novaseq X Plus-PE150, index_seq=ACAGAGCGAT;GACTACTCAC
2026-06-14 20:58:12.038 | INFO     | __main__:_validate_balance_injection_lane_state:7079 - Lane DLG55_TMP 候选平衡文库 FDSW250185306-1r 注入校验失败: ['10bp Index占比26.5%低于40%要求']
2026-06-14 20:58:12.038 | INFO     | __main__:_materialize_balance_library_for_lane:7277 - Lane DLG55_TMP 尝试补平衡文库模板: sample_id=FDSW250185309-1r, test_no=Novaseq X Plus-PE150, index_seq=GTCACACACT;CAAGTGCTTC
2026-06-14 20:58:12.385 | INFO     | __main__:_validate_balance_injection_lane_state:7079 - Lane DLG55_TMP 候选平衡文库 FDSW250185309-1r 注入校验失败: ['10bp Index占比26.5%低于40%要求']
2026-06-14 20:58:12.386 | INFO     | __main__:_materialize_balance_library_for_lane:7277 - Lane DLG55_TMP 尝试补平衡文库模板: sample_id=FDSW250185313-1r, test_no=Novaseq X Plus-PE150, index_seq=ATCGAATGCG;CGATATCTGC
2026-06-14 20:58:12.730 | INFO     | __main__:_validate_balance_injection_lane_state:7079 - Lane DLG55_TMP 候选平衡文库 FDSW250185313-1r 注入校验失败: ['10bp Index占比26.5%低于40%要求']
2026-06-14 20:58:12.731 | INFO     | __main__:_materialize_balance_library_for_lane:7277 - Lane DLG55_TMP 尝试补平衡文库模板: sample_id=FDSW250185316-1r, test_no=Novaseq X Plus-PE150, index_seq=TCATTGCACC;ATCGAAGCTC
2026-06-14 20:58:13.077 | INFO     | __main__:_validate_balance_injection_lane_state:7079 - Lane DLG55_TMP 候选平衡文库 FDSW250185316-1r 注入校验失败: ['10bp Index占比26.5%低于40%要求']
2026-06-14 20:58:14.087 | WARNING  | __main__:_materialize_balance_library_for_lane:7402 - Lane DLG55_TMP 平衡文库补充失败: 需补 107.284G，实验室=天津科技服务实验室，工序=Novaseq X Plus-PE150
2026-06-14 20:58:17.393 | INFO     | __main__:_materialize_balance_library_for_lane:7277 - Lane DLG55_TMP 尝试补平衡文库模板: sample_id=phix, test_no=Novaseq X Plus-PE150, index_seq=GGGGGGGGGG;ACCGAGATCT
2026-06-14 20:58:17.740 | INFO     | __main__:_validate_balance_injection_lane_state:7079 - Lane DLG55_TMP 候选平衡文库 phix 注入校验失败: ['10bp Index占比26.5%低于40%要求']
2026-06-14 20:58:17.740 | INFO     | __main__:_materialize_balance_library_for_lane:7277 - Lane DLG55_TMP 尝试补平衡文库模板: sample_id=FDSW250185295-1r, test_no=Novaseq X Plus-PE150, index_seq=AGCATCGAGT;AGCATCCTCA
2026-06-14 20:58:18.087 | INFO     | __main__:_validate_balance_injection_lane_state:7079 - Lane DLG55_TMP 候选平衡文库 FDSW250185295-1r 注入校验失败: ['10bp Index占比26.5%低于40%要求']
2026-06-14 20:58:18.087 | INFO     | __main__:_materialize_balance_library_for_lane:7277 - Lane DLG55_TMP 尝试补平衡文库模板: sample_id=FDSW250185296-1r, test_no=Novaseq X Plus-PE150, index_seq=CTCACACTGA;CTCACACATG
2026-06-14 20:58:18.432 | INFO     | __main__:_validate_balance_injection_lane_state:7079 - Lane DLG55_TMP 候选平衡文库 FDSW250185296-1r 注入校验失败: ['10bp Index占比26.5%低于40%要求']
2026-06-14 20:58:18.433 | INFO     | __main__:_materialize_balance_library_for_lane:7277 - Lane DLG55_TMP 尝试补平衡文库模板: sample_id=FDSW250185298-1r, test_no=Novaseq X Plus-PE150, index_seq=CCGACTAGAT;CCGACTAAGA
2026-06-14 20:58:18.778 | INFO     | __main__:_validate_balance_injection_lane_state:7079 - Lane DLG55_TMP 候选平衡文库 FDSW250185298-1r 注入校验失败: ['10bp Index占比26.5%低于40%要求']
2026-06-14 20:58:18.778 | INFO     | __main__:_materialize_balance_library_for_lane:7277 - Lane DLG55_TMP 尝试补平衡文库模板: sample_id=FDSW250185306-1r, test_no=Novaseq X Plus-PE150, index_seq=ACAGAGCGAT;GACTACTCAC
2026-06-14 20:58:19.124 | INFO     | __main__:_validate_balance_injection_lane_state:7079 - Lane DLG55_TMP 候选平衡文库 FDSW250185306-1r 注入校验失败: ['10bp Index占比26.5%低于40%要求']
2026-06-14 20:58:19.124 | INFO     | __main__:_materialize_balance_library_for_lane:7277 - Lane DLG55_TMP 尝试补平衡文库模板: sample_id=FDSW250185309-1r, test_no=Novaseq X Plus-PE150, index_seq=GTCACACACT;CAAGTGCTTC
2026-06-14 20:58:19.471 | INFO     | __main__:_validate_balance_injection_lane_state:7079 - Lane DLG55_TMP 候选平衡文库 FDSW250185309-1r 注入校验失败: ['10bp Index占比26.5%低于40%要求']
2026-06-14 20:58:19.471 | INFO     | __main__:_materialize_balance_library_for_lane:7277 - Lane DLG55_TMP 尝试补平衡文库模板: sample_id=FDSW250185313-1r, test_no=Novaseq X Plus-PE150, index_seq=ATCGAATGCG;CGATATCTGC
2026-06-14 20:58:19.817 | INFO     | __main__:_validate_balance_injection_lane_state:7079 - Lane DLG55_TMP 候选平衡文库 FDSW250185313-1r 注入校验失败: ['10bp Index占比26.5%低于40%要求']
2026-06-14 20:58:19.817 | INFO     | __main__:_materialize_balance_library_for_lane:7277 - Lane DLG55_TMP 尝试补平衡文库模板: sample_id=FDSW250185316-1r, test_no=Novaseq X Plus-PE150, index_seq=TCATTGCACC;ATCGAAGCTC
2026-06-14 20:58:20.164 | INFO     | __main__:_validate_balance_injection_lane_state:7079 - Lane DLG55_TMP 候选平衡文库 FDSW250185316-1r 注入校验失败: ['10bp Index占比26.5%低于40%要求']
2026-06-14 20:58:21.167 | WARNING  | __main__:_materialize_balance_library_for_lane:7402 - Lane DLG55_TMP 平衡文库补充失败: 需补 107.284G，实验室=天津科技服务实验室，工序=Novaseq X Plus-PE150
2026-06-14 20:58:24.471 | INFO     | __main__:_materialize_balance_library_for_lane:7277 - Lane DLG55_TMP 尝试补平衡文库模板: sample_id=phix, test_no=Novaseq X Plus-PE150, index_seq=GGGGGGGGGG;ACCGAGATCT
2026-06-14 20:58:24.817 | INFO     | __main__:_validate_balance_injection_lane_state:7079 - Lane DLG55_TMP 候选平衡文库 phix 注入校验失败: ['10bp Index占比26.5%低于40%要求']
2026-06-14 20:58:24.817 | INFO     | __main__:_materialize_balance_library_for_lane:7277 - Lane DLG55_TMP 尝试补平衡文库模板: sample_id=FDSW250185295-1r, test_no=Novaseq X Plus-PE150, index_seq=AGCATCGAGT;AGCATCCTCA
2026-06-14 20:58:25.162 | INFO     | __main__:_validate_balance_injection_lane_state:7079 - Lane DLG55_TMP 候选平衡文库 FDSW250185295-1r 注入校验失败: ['10bp Index占比26.5%低于40%要求']
2026-06-14 20:58:25.162 | INFO     | __main__:_materialize_balance_library_for_lane:7277 - Lane DLG55_TMP 尝试补平衡文库模板: sample_id=FDSW250185296-1r, test_no=Novaseq X Plus-PE150, index_seq=CTCACACTGA;CTCACACATG
2026-06-14 20:58:25.507 | INFO     | __main__:_validate_balance_injection_lane_state:7079 - Lane DLG55_TMP 候选平衡文库 FDSW250185296-1r 注入校验失败: ['10bp Index占比26.5%低于40%要求']
2026-06-14 20:58:25.507 | INFO     | __main__:_materialize_balance_library_for_lane:7277 - Lane DLG55_TMP 尝试补平衡文库模板: sample_id=FDSW250185298-1r, test_no=Novaseq X Plus-PE150, index_seq=CCGACTAGAT;CCGACTAAGA
2026-06-14 20:58:25.852 | INFO     | __main__:_validate_balance_injection_lane_state:7079 - Lane DLG55_TMP 候选平衡文库 FDSW250185298-1r 注入校验失败: ['10bp Index占比26.5%低于40%要求']
2026-06-14 20:58:25.852 | INFO     | __main__:_materialize_balance_library_for_lane:7277 - Lane DLG55_TMP 尝试补平衡文库模板: sample_id=FDSW250185306-1r, test_no=Novaseq X Plus-PE150, index_seq=ACAGAGCGAT;GACTACTCAC
2026-06-14 20:58:26.198 | INFO     | __main__:_validate_balance_injection_lane_state:7079 - Lane DLG55_TMP 候选平衡文库 FDSW250185306-1r 注入校验失败: ['10bp Index占比26.5%低于40%要求']
2026-06-14 20:58:26.198 | INFO     | __main__:_materialize_balance_library_for_lane:7277 - Lane DLG55_TMP 尝试补平衡文库模板: sample_id=FDSW250185309-1r, test_no=Novaseq X Plus-PE150, index_seq=GTCACACACT;CAAGTGCTTC
2026-06-14 20:58:26.545 | INFO     | __main__:_validate_balance_injection_lane_state:7079 - Lane DLG55_TMP 候选平衡文库 FDSW250185309-1r 注入校验失败: ['10bp Index占比26.5%低于40%要求']
2026-06-14 20:58:26.545 | INFO     | __main__:_materialize_balance_library_for_lane:7277 - Lane DLG55_TMP 尝试补平衡文库模板: sample_id=FDSW250185313-1r, test_no=Novaseq X Plus-PE150, index_seq=ATCGAATGCG;CGATATCTGC
2026-06-14 20:58:26.891 | INFO     | __main__:_validate_balance_injection_lane_state:7079 - Lane DLG55_TMP 候选平衡文库 FDSW250185313-1r 注入校验失败: ['10bp Index占比26.5%低于40%要求']
2026-06-14 20:58:26.891 | INFO     | __main__:_materialize_balance_library_for_lane:7277 - Lane DLG55_TMP 尝试补平衡文库模板: sample_id=FDSW250185316-1r, test_no=Novaseq X Plus-PE150, index_seq=TCATTGCACC;ATCGAAGCTC
2026-06-14 20:58:27.237 | INFO     | __main__:_validate_balance_injection_lane_state:7079 - Lane DLG55_TMP 候选平衡文库 FDSW250185316-1r 注入校验失败: ['10bp Index占比26.5%低于40%要求']
2026-06-14 20:58:28.244 | WARNING  | __main__:_materialize_balance_library_for_lane:7402 - Lane DLG55_TMP 平衡文库补充失败: 需补 107.284G，实验室=天津科技服务实验室，工序=Novaseq X Plus-PE150
2026-06-14 20:58:31.548 | INFO     | __main__:_materialize_balance_library_for_lane:7277 - Lane DLG55_TMP 尝试补平衡文库模板: sample_id=phix, test_no=Novaseq X Plus-PE150, index_seq=GGGGGGGGGG;ACCGAGATCT
2026-06-14 20:58:31.896 | INFO     | __main__:_validate_balance_injection_lane_state:7079 - Lane DLG55_TMP 候选平衡文库 phix 注入校验失败: ['10bp Index占比26.5%低于40%要求']
2026-06-14 20:58:31.896 | INFO     | __main__:_materialize_balance_library_for_lane:7277 - Lane DLG55_TMP 尝试补平衡文库模板: sample_id=FDSW250185295-1r, test_no=Novaseq X Plus-PE150, index_seq=AGCATCGAGT;AGCATCCTCA
2026-06-14 20:58:32.242 | INFO     | __main__:_validate_balance_injection_lane_state:7079 - Lane DLG55_TMP 候选平衡文库 FDSW250185295-1r 注入校验失败: ['10bp Index占比26.5%低于40%要求']
2026-06-14 20:58:32.242 | INFO     | __main__:_materialize_balance_library_for_lane:7277 - Lane DLG55_TMP 尝试补平衡文库模板: sample_id=FDSW250185296-1r, test_no=Novaseq X Plus-PE150, index_seq=CTCACACTGA;CTCACACATG
2026-06-14 20:58:32.588 | INFO     | __main__:_validate_balance_injection_lane_state:7079 - Lane DLG55_TMP 候选平衡文库 FDSW250185296-1r 注入校验失败: ['10bp Index占比26.5%低于40%要求']
2026-06-14 20:58:32.588 | INFO     | __main__:_materialize_balance_library_for_lane:7277 - Lane DLG55_TMP 尝试补平衡文库模板: sample_id=FDSW250185298-1r, test_no=Novaseq X Plus-PE150, index_seq=CCGACTAGAT;CCGACTAAGA
2026-06-14 20:58:32.935 | INFO     | __main__:_validate_balance_injection_lane_state:7079 - Lane DLG55_TMP 候选平衡文库 FDSW250185298-1r 注入校验失败: ['10bp Index占比26.5%低于40%要求']
2026-06-14 20:58:32.935 | INFO     | __main__:_materialize_balance_library_for_lane:7277 - Lane DLG55_TMP 尝试补平衡文库模板: sample_id=FDSW250185306-1r, test_no=Novaseq X Plus-PE150, index_seq=ACAGAGCGAT;GACTACTCAC
2026-06-14 20:58:33.281 | INFO     | __main__:_validate_balance_injection_lane_state:7079 - Lane DLG55_TMP 候选平衡文库 FDSW250185306-1r 注入校验失败: ['10bp Index占比26.5%低于40%要求']
2026-06-14 20:58:33.282 | INFO     | __main__:_materialize_balance_library_for_lane:7277 - Lane DLG55_TMP 尝试补平衡文库模板: sample_id=FDSW250185309-1r, test_no=Novaseq X Plus-PE150, index_seq=GTCACACACT;CAAGTGCTTC
2026-06-14 20:58:33.629 | INFO     | __main__:_validate_balance_injection_lane_state:7079 - Lane DLG55_TMP 候选平衡文库 FDSW250185309-1r 注入校验失败: ['10bp Index占比26.5%低于40%要求']
2026-06-14 20:58:33.629 | INFO     | __main__:_materialize_balance_library_for_lane:7277 - Lane DLG55_TMP 尝试补平衡文库模板: sample_id=FDSW250185313-1r, test_no=Novaseq X Plus-PE150, index_seq=ATCGAATGCG;CGATATCTGC
2026-06-14 20:58:33.974 | INFO     | __main__:_validate_balance_injection_lane_state:7079 - Lane DLG55_TMP 候选平衡文库 FDSW250185313-1r 注入校验失败: ['10bp Index占比26.5%低于40%要求']
2026-06-14 20:58:33.974 | INFO     | __main__:_materialize_balance_library_for_lane:7277 - Lane DLG55_TMP 尝试补平衡文库模板: sample_id=FDSW250185316-1r, test_no=Novaseq X Plus-PE150, index_seq=TCATTGCACC;ATCGAAGCTC
2026-06-14 20:58:34.318 | INFO     | __main__:_validate_balance_injection_lane_state:7079 - Lane DLG55_TMP 候选平衡文库 FDSW250185316-1r 注入校验失败: ['10bp Index占比26.5%低于40%要求']
2026-06-14 20:58:35.326 | WARNING  | __main__:_materialize_balance_library_for_lane:7402 - Lane DLG55_TMP 平衡文库补充失败: 需补 107.284G，实验室=天津科技服务实验室，工序=Novaseq X Plus-PE150
2026-06-14 20:58:38.625 | INFO     | __main__:_materialize_balance_library_for_lane:7277 - Lane DLG55_TMP 尝试补平衡文库模板: sample_id=phix, test_no=Novaseq X Plus-PE150, index_seq=GGGGGGGGGG;ACCGAGATCT
2026-06-14 20:58:38.971 | INFO     | __main__:_validate_balance_injection_lane_state:7079 - Lane DLG55_TMP 候选平衡文库 phix 注入校验失败: ['10bp Index占比26.5%低于40%要求']
2026-06-14 20:58:38.971 | INFO     | __main__:_materialize_balance_library_for_lane:7277 - Lane DLG55_TMP 尝试补平衡文库模板: sample_id=FDSW250185295-1r, test_no=Novaseq X Plus-PE150, index_seq=AGCATCGAGT;AGCATCCTCA
2026-06-14 20:58:39.316 | INFO     | __main__:_validate_balance_injection_lane_state:7079 - Lane DLG55_TMP 候选平衡文库 FDSW250185295-1r 注入校验失败: ['10bp Index占比26.5%低于40%要求']
2026-06-14 20:58:39.316 | INFO     | __main__:_materialize_balance_library_for_lane:7277 - Lane DLG55_TMP 尝试补平衡文库模板: sample_id=FDSW250185296-1r, test_no=Novaseq X Plus-PE150, index_seq=CTCACACTGA;CTCACACATG
2026-06-14 20:58:39.661 | INFO     | __main__:_validate_balance_injection_lane_state:7079 - Lane DLG55_TMP 候选平衡文库 FDSW250185296-1r 注入校验失败: ['10bp Index占比26.5%低于40%要求']
2026-06-14 20:58:39.661 | INFO     | __main__:_materialize_balance_library_for_lane:7277 - Lane DLG55_TMP 尝试补平衡文库模板: sample_id=FDSW250185298-1r, test_no=Novaseq X Plus-PE150, index_seq=CCGACTAGAT;CCGACTAAGA
2026-06-14 20:58:40.006 | INFO     | __main__:_validate_balance_injection_lane_state:7079 - Lane DLG55_TMP 候选平衡文库 FDSW250185298-1r 注入校验失败: ['10bp Index占比26.5%低于40%要求']
2026-06-14 20:58:40.006 | INFO     | __main__:_materialize_balance_library_for_lane:7277 - Lane DLG55_TMP 尝试补平衡文库模板: sample_id=FDSW250185306-1r, test_no=Novaseq X Plus-PE150, index_seq=ACAGAGCGAT;GACTACTCAC
2026-06-14 20:58:40.353 | INFO     | __main__:_validate_balance_injection_lane_state:7079 - Lane DLG55_TMP 候选平衡文库 FDSW250185306-1r 注入校验失败: ['10bp Index占比26.5%低于40%要求']
2026-06-14 20:58:40.353 | INFO     | __main__:_materialize_balance_library_for_lane:7277 - Lane DLG55_TMP 尝试补平衡文库模板: sample_id=FDSW250185309-1r, test_no=Novaseq X Plus-PE150, index_seq=GTCACACACT;CAAGTGCTTC
2026-06-14 20:58:40.699 | INFO     | __main__:_validate_balance_injection_lane_state:7079 - Lane DLG55_TMP 候选平衡文库 FDSW250185309-1r 注入校验失败: ['10bp Index占比26.5%低于40%要求']
2026-06-14 20:58:40.699 | INFO     | __main__:_materialize_balance_library_for_lane:7277 - Lane DLG55_TMP 尝试补平衡文库模板: sample_id=FDSW250185313-1r, test_no=Novaseq X Plus-PE150, index_seq=ATCGAATGCG;CGATATCTGC
2026-06-14 20:58:41.045 | INFO     | __main__:_validate_balance_injection_lane_state:7079 - Lane DLG55_TMP 候选平衡文库 FDSW250185313-1r 注入校验失败: ['10bp Index占比26.5%低于40%要求']
2026-06-14 20:58:41.046 | INFO     | __main__:_materialize_balance_library_for_lane:7277 - Lane DLG55_TMP 尝试补平衡文库模板: sample_id=FDSW250185316-1r, test_no=Novaseq X Plus-PE150, index_seq=TCATTGCACC;ATCGAAGCTC
2026-06-14 20:58:41.390 | INFO     | __main__:_validate_balance_injection_lane_state:7079 - Lane DLG55_TMP 候选平衡文库 FDSW250185316-1r 注入校验失败: ['10bp Index占比26.5%低于40%要求']
2026-06-14 20:58:42.396 | WARNING  | __main__:_materialize_balance_library_for_lane:7402 - Lane DLG55_TMP 平衡文库补充失败: 需补 107.284G，实验室=天津科技服务实验室，工序=Novaseq X Plus-PE150
2026-06-14 20:58:45.690 | INFO     | __main__:_materialize_balance_library_for_lane:7277 - Lane DLG55_TMP 尝试补平衡文库模板: sample_id=phix, test_no=Novaseq X Plus-PE150, index_seq=GGGGGGGGGG;ACCGAGATCT
2026-06-14 20:58:46.034 | INFO     | __main__:_validate_balance_injection_lane_state:7079 - Lane DLG55_TMP 候选平衡文库 phix 注入校验失败: ['10bp Index占比26.5%低于40%要求']
2026-06-14 20:58:46.034 | INFO     | __main__:_materialize_balance_library_for_lane:7277 - Lane DLG55_TMP 尝试补平衡文库模板: sample_id=FDSW250185295-1r, test_no=Novaseq X Plus-PE150, index_seq=AGCATCGAGT;AGCATCCTCA
2026-06-14 20:58:46.380 | INFO     | __main__:_validate_balance_injection_lane_state:7079 - Lane DLG55_TMP 候选平衡文库 FDSW250185295-1r 注入校验失败: ['10bp Index占比26.5%低于40%要求']
2026-06-14 20:58:46.381 | INFO     | __main__:_materialize_balance_library_for_lane:7277 - Lane DLG55_TMP 尝试补平衡文库模板: sample_id=FDSW250185296-1r, test_no=Novaseq X Plus-PE150, index_seq=CTCACACTGA;CTCACACATG
2026-06-14 20:58:46.725 | INFO     | __main__:_validate_balance_injection_lane_state:7079 - Lane DLG55_TMP 候选平衡文库 FDSW250185296-1r 注入校验失败: ['10bp Index占比26.5%低于40%要求']
2026-06-14 20:58:46.725 | INFO     | __main__:_materialize_balance_library_for_lane:7277 - Lane DLG55_TMP 尝试补平衡文库模板: sample_id=FDSW250185298-1r, test_no=Novaseq X Plus-PE150, index_seq=CCGACTAGAT;CCGACTAAGA
2026-06-14 20:58:47.070 | INFO     | __main__:_validate_balance_injection_lane_state:7079 - Lane DLG55_TMP 候选平衡文库 FDSW250185298-1r 注入校验失败: ['10bp Index占比26.5%低于40%要求']
2026-06-14 20:58:47.070 | INFO     | __main__:_materialize_balance_library_for_lane:7277 - Lane DLG55_TMP 尝试补平衡文库模板: sample_id=FDSW250185306-1r, test_no=Novaseq X Plus-PE150, index_seq=ACAGAGCGAT;GACTACTCAC
2026-06-14 20:58:47.417 | INFO     | __main__:_validate_balance_injection_lane_state:7079 - Lane DLG55_TMP 候选平衡文库 FDSW250185306-1r 注入校验失败: ['10bp Index占比26.5%低于40%要求']
2026-06-14 20:58:47.418 | INFO     | __main__:_materialize_balance_library_for_lane:7277 - Lane DLG55_TMP 尝试补平衡文库模板: sample_id=FDSW250185309-1r, test_no=Novaseq X Plus-PE150, index_seq=GTCACACACT;CAAGTGCTTC
2026-06-14 20:58:47.763 | INFO     | __main__:_validate_balance_injection_lane_state:7079 - Lane DLG55_TMP 候选平衡文库 FDSW250185309-1r 注入校验失败: ['10bp Index占比26.5%低于40%要求']
2026-06-14 20:58:47.763 | INFO     | __main__:_materialize_balance_library_for_lane:7277 - Lane DLG55_TMP 尝试补平衡文库模板: sample_id=FDSW250185313-1r, test_no=Novaseq X Plus-PE150, index_seq=ATCGAATGCG;CGATATCTGC
2026-06-14 20:58:48.108 | INFO     | __main__:_validate_balance_injection_lane_state:7079 - Lane DLG55_TMP 候选平衡文库 FDSW250185313-1r 注入校验失败: ['10bp Index占比26.5%低于40%要求']
2026-06-14 20:58:48.108 | INFO     | __main__:_materialize_balance_library_for_lane:7277 - Lane DLG55_TMP 尝试补平衡文库模板: sample_id=FDSW250185316-1r, test_no=Novaseq X Plus-PE150, index_seq=TCATTGCACC;ATCGAAGCTC
2026-06-14 20:58:48.452 | INFO     | __main__:_validate_balance_injection_lane_state:7079 - Lane DLG55_TMP 候选平衡文库 FDSW250185316-1r 注入校验失败: ['10bp Index占比26.5%低于40%要求']
2026-06-14 20:58:49.459 | WARNING  | __main__:_materialize_balance_library_for_lane:7402 - Lane DLG55_TMP 平衡文库补充失败: 需补 107.284G，实验室=天津科技服务实验室，工序=Novaseq X Plus-PE150
2026-06-14 20:58:52.764 | INFO     | __main__:_materialize_balance_library_for_lane:7277 - Lane DLG55_TMP 尝试补平衡文库模板: sample_id=phix, test_no=Novaseq X Plus-PE150, index_seq=GGGGGGGGGG;ACCGAGATCT
2026-06-14 20:58:53.110 | INFO     | __main__:_validate_balance_injection_lane_state:7079 - Lane DLG55_TMP 候选平衡文库 phix 注入校验失败: ['10bp Index占比26.5%低于40%要求']
2026-06-14 20:58:53.110 | INFO     | __main__:_materialize_balance_library_for_lane:7277 - Lane DLG55_TMP 尝试补平衡文库模板: sample_id=FDSW250185295-1r, test_no=Novaseq X Plus-PE150, index_seq=AGCATCGAGT;AGCATCCTCA
2026-06-14 20:58:53.456 | INFO     | __main__:_validate_balance_injection_lane_state:7079 - Lane DLG55_TMP 候选平衡文库 FDSW250185295-1r 注入校验失败: ['10bp Index占比26.5%低于40%要求']
2026-06-14 20:58:53.456 | INFO     | __main__:_materialize_balance_library_for_lane:7277 - Lane DLG55_TMP 尝试补平衡文库模板: sample_id=FDSW250185296-1r, test_no=Novaseq X Plus-PE150, index_seq=CTCACACTGA;CTCACACATG
2026-06-14 20:58:53.802 | INFO     | __main__:_validate_balance_injection_lane_state:7079 - Lane DLG55_TMP 候选平衡文库 FDSW250185296-1r 注入校验失败: ['10bp Index占比26.5%低于40%要求']
2026-06-14 20:58:53.802 | INFO     | __main__:_materialize_balance_library_for_lane:7277 - Lane DLG55_TMP 尝试补平衡文库模板: sample_id=FDSW250185298-1r, test_no=Novaseq X Plus-PE150, index_seq=CCGACTAGAT;CCGACTAAGA
2026-06-14 20:58:54.147 | INFO     | __main__:_validate_balance_injection_lane_state:7079 - Lane DLG55_TMP 候选平衡文库 FDSW250185298-1r 注入校验失败: ['10bp Index占比26.5%低于40%要求']
2026-06-14 20:58:54.147 | INFO     | __main__:_materialize_balance_library_for_lane:7277 - Lane DLG55_TMP 尝试补平衡文库模板: sample_id=FDSW250185306-1r, test_no=Novaseq X Plus-PE150, index_seq=ACAGAGCGAT;GACTACTCAC
2026-06-14 20:58:54.491 | INFO     | __main__:_validate_balance_injection_lane_state:7079 - Lane DLG55_TMP 候选平衡文库 FDSW250185306-1r 注入校验失败: ['10bp Index占比26.5%低于40%要求']
2026-06-14 20:58:54.491 | INFO     | __main__:_materialize_balance_library_for_lane:7277 - Lane DLG55_TMP 尝试补平衡文库模板: sample_id=FDSW250185309-1r, test_no=Novaseq X Plus-PE150, index_seq=GTCACACACT;CAAGTGCTTC
2026-06-14 20:58:54.837 | INFO     | __main__:_validate_balance_injection_lane_state:7079 - Lane DLG55_TMP 候选平衡文库 FDSW250185309-1r 注入校验失败: ['10bp Index占比26.5%低于40%要求']
2026-06-14 20:58:54.837 | INFO     | __main__:_materialize_balance_library_for_lane:7277 - Lane DLG55_TMP 尝试补平衡文库模板: sample_id=FDSW250185313-1r, test_no=Novaseq X Plus-PE150, index_seq=ATCGAATGCG;CGATATCTGC
2026-06-14 20:58:55.182 | INFO     | __main__:_validate_balance_injection_lane_state:7079 - Lane DLG55_TMP 候选平衡文库 FDSW250185313-1r 注入校验失败: ['10bp Index占比26.5%低于40%要求']
2026-06-14 20:58:55.182 | INFO     | __main__:_materialize_balance_library_for_lane:7277 - Lane DLG55_TMP 尝试补平衡文库模板: sample_id=FDSW250185316-1r, test_no=Novaseq X Plus-PE150, index_seq=TCATTGCACC;ATCGAAGCTC
2026-06-14 20:58:55.528 | INFO     | __main__:_validate_balance_injection_lane_state:7079 - Lane DLG55_TMP 候选平衡文库 FDSW250185316-1r 注入校验失败: ['10bp Index占比26.5%低于40%要求']
2026-06-14 20:58:56.538 | WARNING  | __main__:_materialize_balance_library_for_lane:7402 - Lane DLG55_TMP 平衡文库补充失败: 需补 107.284G，实验室=天津科技服务实验室，工序=Novaseq X Plus-PE150
2026-06-14 20:58:59.844 | INFO     | __main__:_materialize_balance_library_for_lane:7277 - Lane DLG55_TMP 尝试补平衡文库模板: sample_id=phix, test_no=Novaseq X Plus-PE150, index_seq=GGGGGGGGGG;ACCGAGATCT
2026-06-14 20:59:00.189 | INFO     | __main__:_validate_balance_injection_lane_state:7079 - Lane DLG55_TMP 候选平衡文库 phix 注入校验失败: ['10bp Index占比26.5%低于40%要求']
2026-06-14 20:59:00.189 | INFO     | __main__:_materialize_balance_library_for_lane:7277 - Lane DLG55_TMP 尝试补平衡文库模板: sample_id=FDSW250185295-1r, test_no=Novaseq X Plus-PE150, index_seq=AGCATCGAGT;AGCATCCTCA
2026-06-14 20:59:00.534 | INFO     | __main__:_validate_balance_injection_lane_state:7079 - Lane DLG55_TMP 候选平衡文库 FDSW250185295-1r 注入校验失败: ['10bp Index占比26.5%低于40%要求']
2026-06-14 20:59:00.534 | INFO     | __main__:_materialize_balance_library_for_lane:7277 - Lane DLG55_TMP 尝试补平衡文库模板: sample_id=FDSW250185296-1r, test_no=Novaseq X Plus-PE150, index_seq=CTCACACTGA;CTCACACATG
2026-06-14 20:59:00.880 | INFO     | __main__:_validate_balance_injection_lane_state:7079 - Lane DLG55_TMP 候选平衡文库 FDSW250185296-1r 注入校验失败: ['10bp Index占比26.5%低于40%要求']
2026-06-14 20:59:00.880 | INFO     | __main__:_materialize_balance_library_for_lane:7277 - Lane DLG55_TMP 尝试补平衡文库模板: sample_id=FDSW250185298-1r, test_no=Novaseq X Plus-PE150, index_seq=CCGACTAGAT;CCGACTAAGA
2026-06-14 20:59:01.225 | INFO     | __main__:_validate_balance_injection_lane_state:7079 - Lane DLG55_TMP 候选平衡文库 FDSW250185298-1r 注入校验失败: ['10bp Index占比26.5%低于40%要求']
2026-06-14 20:59:01.225 | INFO     | __main__:_materialize_balance_library_for_lane:7277 - Lane DLG55_TMP 尝试补平衡文库模板: sample_id=FDSW250185306-1r, test_no=Novaseq X Plus-PE150, index_seq=ACAGAGCGAT;GACTACTCAC
2026-06-14 20:59:01.571 | INFO     | __main__:_validate_balance_injection_lane_state:7079 - Lane DLG55_TMP 候选平衡文库 FDSW250185306-1r 注入校验失败: ['10bp Index占比26.5%低于40%要求']
2026-06-14 20:59:01.572 | INFO     | __main__:_materialize_balance_library_for_lane:7277 - Lane DLG55_TMP 尝试补平衡文库模板: sample_id=FDSW250185309-1r, test_no=Novaseq X Plus-PE150, index_seq=GTCACACACT;CAAGTGCTTC
2026-06-14 20:59:01.917 | INFO     | __main__:_validate_balance_injection_lane_state:7079 - Lane DLG55_TMP 候选平衡文库 FDSW250185309-1r 注入校验失败: ['10bp Index占比26.5%低于40%要求']
2026-06-14 20:59:01.917 | INFO     | __main__:_materialize_balance_library_for_lane:7277 - Lane DLG55_TMP 尝试补平衡文库模板: sample_id=FDSW250185313-1r, test_no=Novaseq X Plus-PE150, index_seq=ATCGAATGCG;CGATATCTGC
2026-06-14 20:59:02.263 | INFO     | __main__:_validate_balance_injection_lane_state:7079 - Lane DLG55_TMP 候选平衡文库 FDSW250185313-1r 注入校验失败: ['10bp Index占比26.5%低于40%要求']
2026-06-14 20:59:02.263 | INFO     | __main__:_materialize_balance_library_for_lane:7277 - Lane DLG55_TMP 尝试补平衡文库模板: sample_id=FDSW250185316-1r, test_no=Novaseq X Plus-PE150, index_seq=TCATTGCACC;ATCGAAGCTC
2026-06-14 20:59:02.609 | INFO     | __main__:_validate_balance_injection_lane_state:7079 - Lane DLG55_TMP 候选平衡文库 FDSW250185316-1r 注入校验失败: ['10bp Index占比26.5%低于40%要求']
