2026-06-14 21:11:50.496 | INFO     | arrange_library.core.constraints.index_validator_verified:__init__:77 - Index校验器初始化完成（真实数据验证版本）
2026-06-14 21:11:50.521 | INFO     | arrange_library.core.config.scheduling_config:_load_rule_matrix_config:806 - 统一排机规则配置已加载: profiles=55, constraints=2, loading_rules=4, lab_mappings=9
2026-06-14 21:11:50.522 | INFO     | arrange_library.core.config.scheduling_config:_load_mode_1_1_rules:1777 - 1.1模式规则配置加载完成: /data/work/yuyongpeng/liblane_v2_deepseek/paiji_complete2/paiji_complete/arrange_library/config/mode_1_1_rules.json
2026-06-14 21:11:50.608 | INFO     | arrange_library.core.config.scheduling_config:__init__:434 - 排机配置管理器初始化完成
2026-06-14 21:11:51.094 | INFO     | arrange_library.core.constraints.index_validator_verified:__init__:77 - Index校验器初始化完成（真实数据验证版本）
2026-06-14 21:11:51.101 | INFO     | __main__:arrange_library:18882 - ================================================================================
2026-06-14 21:11:51.101 | INFO     | __main__:arrange_library:18883 - arrange_library: 端到端排机流程 - 排机与 Pooling 预测
2026-06-14 21:11:51.101 | INFO     | __main__:arrange_library:18884 - ================================================================================
2026-06-14 21:11:51.101 | INFO     | __main__:arrange_library:18885 - 调用时间: 2026-06-14 21:11:51
2026-06-14 21:11:51.101 | INFO     | __main__:arrange_library:18886 - 随机种子: 42 (固定，确保可复现)
2026-06-14 21:11:51.101 | INFO     | __main__:arrange_library:18887 - 运行模式: arrange
2026-06-14 21:11:51.101 | INFO     | __main__:arrange_library:18893 - 
使用数据文件: arrange_library/61_sta.csv
2026-06-14 21:11:51.208 | INFO     | __main__:load_standardized_csv:18091 - 从标准化CSV文件加载数据: arrange_library/61_sta.csv
2026-06-14 21:11:51.223 | INFO     | __main__:load_standardized_csv:18093 - 读取 1572 行数据
2026-06-14 21:11:51.449 | INFO     | __main__:load_standardized_csv:18188 - 成功创建 1572 个文库对象
2026-06-14 21:11:51.450 | INFO     | __main__:arrange_library:18926 - 成功转换 1572 个测试文库
2026-06-14 21:11:51.453 | INFO     | __main__:arrange_library:18955 - AI可排文库筛选完成: 可排=1572，不可排=0，机型排除=0
2026-06-14 21:11:51.453 | INFO     | __main__:arrange_library:18978 - 
================================================================================
2026-06-14 21:11:51.453 | INFO     | __main__:arrange_library:18979 - 步骤0.9: 提前处理1.1第二轮历史固定组合文库
2026-06-14 21:11:51.453 | INFO     | __main__:arrange_library:18980 - ================================================================================
2026-06-14 21:11:51.455 | INFO     | arrange_library.core.scheduling.mode_1_1_round2:identify_round2_candidates:129 - 1.1第二轮候选识别: 无符合条件的候选文库
2026-06-14 21:11:51.455 | INFO     | __main__:arrange_library:18998 - 1.1第二轮历史Lane前置直出: 无候选文库
2026-06-14 21:11:51.455 | INFO     | __main__:arrange_library:19003 - 
================================================================================
2026-06-14 21:11:51.455 | INFO     | __main__:arrange_library:19004 - 步骤1: 处理包Lane文库（wkbaleno字段有值的文库）
2026-06-14 21:11:51.455 | INFO     | __main__:arrange_library:19005 - ================================================================================
2026-06-14 21:11:51.456 | INFO     | __main__:arrange_library:19023 - 包Lane文库数: 0
2026-06-14 21:11:51.456 | INFO     | __main__:arrange_library:19024 - 普通文库数: 1572
2026-06-14 21:11:51.478 | INFO     | __main__:arrange_library:19085 - 
================================================================================
2026-06-14 21:11:51.478 | INFO     | __main__:arrange_library:19086 - 步骤1.2: 处理10+24 Lane seq文库
2026-06-14 21:11:51.478 | INFO     | __main__:arrange_library:19087 - ================================================================================
2026-06-14 21:11:51.478 | WARNING  | __main__:_build_10_plus_24_lane_seq_lanes:7619 - 10+24 Lane seq剩余2个文库未成Lane
2026-06-14 21:11:51.478 | INFO     | __main__:arrange_library:19097 - 10+24 Lane seq处理完成: 输入文库=2, 生成Lane=0, 未分配=2
2026-06-14 21:11:51.478 | INFO     | arrange_library.core.constraints.index_validator_verified:__init__:77 - Index校验器初始化完成（真实数据验证版本）
2026-06-14 21:11:51.478 | INFO     | arrange_library.core.constraints.lane_validator:__init__:165 - 成Lane校验程序初始化完成 (严格模式: True, 碱基不均衡上限: 35%, 特殊文库关键词: 9个)
2026-06-14 21:11:51.478 | INFO     | __main__:arrange_library:19111 - 
================================================================================
2026-06-14 21:11:51.478 | INFO     | __main__:arrange_library:19112 - 步骤1.3: 1.1前碱基不均衡专Lane预抽取
2026-06-14 21:11:51.478 | INFO     | __main__:arrange_library:19113 - ================================================================================
2026-06-14 21:11:51.480 | INFO     | arrange_library.core.constraints.index_validator_verified:__init__:77 - Index校验器初始化完成（真实数据验证版本）
2026-06-14 21:11:51.480 | INFO     | arrange_library.core.constraints.lane_validator:__init__:165 - 成Lane校验程序初始化完成 (严格模式: True, 碱基不均衡上限: 35%, 特殊文库关键词: 9个)
2026-06-14 21:11:51.482 | WARNING  | arrange_library.core.ai.pooling_coefficient_optimizer:_load_config:40 - Pooling配置表不存在: /data/work/yuyongpeng/liblane_v2_deepseek/data/wktype_pooling_config.xlsx，将使用默认策略
2026-06-14 21:11:51.482 | INFO     | arrange_library.core.ai.pooling_coefficient_optimizer:_load_efficiency_corrections:185 - 产出效率修正表不存在: /data/work/yuyongpeng/liblane_v2_deepseek/data/production_efficiency_correction.csv，跳过后校准
2026-06-14 21:11:51.482 | WARNING  | arrange_library.core.ai.loutput_predictor_wrapper:_load_model:150 - 模型文件不存在: models/loutput_pre_lane_v5/lightgbm_model.pkl
2026-06-14 21:11:51.482 | WARNING  | arrange_library.core.ai.pooling_coefficient_optimizer:__init__:164 - loutput预测器不可用，将使用规则降级策略
2026-06-14 21:11:51.482 | INFO     | arrange_library.core.scheduling.greedy_lane_scheduler:__init__:267 - 逐Lane贪心排机器初始化完成 - 基础容量: 985.0GB, 利用率区间: [100%, 100%], 配置模式: 按机型自动
2026-06-14 21:11:51.482 | INFO     | arrange_library.core.scheduling.greedy_lane_scheduler:__init__:270 - 启用检查: Index=True, 碱基不均衡=True, 规则检查器=False
2026-06-14 21:11:51.483 | INFO     | arrange_library.core.scheduling.greedy_lane_scheduler:_get_dedicated_lane_profile:985 - 专用Lane分组G36剩余合同量10.7G无法满足1.1或3.6T-NEW有效容量下限
2026-06-14 21:11:51.484 | INFO     | arrange_library.core.scheduling.greedy_lane_scheduler:_get_dedicated_lane_profile:985 - 专用Lane分组G26剩余合同量67.3G无法满足1.1或3.6T-NEW有效容量下限
2026-06-14 21:11:51.484 | INFO     | arrange_library.core.scheduling.greedy_lane_scheduler:_get_dedicated_lane_profile:985 - 专用Lane分组G25剩余合同量6.0G无法满足1.1或3.6T-NEW有效容量下限
2026-06-14 21:11:51.485 | INFO     | arrange_library.core.scheduling.greedy_lane_scheduler:_get_dedicated_lane_profile:985 - 专用Lane分组G50剩余合同量10.0G无法满足1.1或3.6T-NEW有效容量下限
2026-06-14 21:11:51.485 | INFO     | arrange_library.core.scheduling.greedy_lane_scheduler:_get_dedicated_lane_profile:985 - 专用Lane分组G33剩余合同量111.0G无法满足1.1或3.6T-NEW有效容量下限
2026-06-14 21:11:51.486 | INFO     | arrange_library.core.scheduling.greedy_lane_scheduler:_get_dedicated_lane_profile:985 - 专用Lane分组G29剩余合同量219.6G无法满足1.1或3.6T-NEW有效容量下限
2026-06-14 21:11:51.486 | INFO     | arrange_library.core.scheduling.greedy_lane_scheduler:_get_dedicated_lane_profile:985 - 专用Lane分组G27剩余合同量729.0G无法满足1.1或3.6T-NEW有效容量下限
2026-06-14 21:11:51.486 | INFO     | arrange_library.core.scheduling.greedy_lane_scheduler:_get_dedicated_lane_profile:985 - 专用Lane分组G39剩余合同量150.0G无法满足1.1或3.6T-NEW有效容量下限
2026-06-14 21:11:51.495 | INFO     | arrange_library.core.constraints.lane_validator:__init__:165 - 成Lane校验程序初始化完成 (严格模式: False, 碱基不均衡上限: 35%, 特殊文库关键词: 9个)
2026-06-14 21:11:51.496 | INFO     | arrange_library.core.scheduling.greedy_lane_scheduler:_build_group:2693 - 专用Lane DL_Nova X-25B_001 形成成功 - 分组=G34, 碱基不均衡=1031.8G, 平衡文库=0.0G, 总量(含平衡)=1031.8G, 模式=3.6T-NEW, 容量规则=tj_1595_special_combo_36t
2026-06-14 21:11:51.496 | INFO     | arrange_library.core.scheduling.greedy_lane_scheduler:_get_dedicated_lane_profile:985 - 专用Lane分组G34剩余合同量800.0G无法满足1.1或3.6T-NEW有效容量下限
2026-06-14 21:11:51.497 | INFO     | arrange_library.core.scheduling.greedy_lane_scheduler:_get_dedicated_lane_profile:985 - 专用Lane分组G7剩余合同量2.4G无法满足1.1或3.6T-NEW有效容量下限
2026-06-14 21:11:51.497 | INFO     | arrange_library.core.scheduling.greedy_lane_scheduler:_get_dedicated_lane_profile:985 - 专用Lane分组G58剩余合同量920.0G无法满足1.1或3.6T-NEW有效容量下限
2026-06-14 21:11:51.497 | INFO     | arrange_library.core.scheduling.greedy_lane_scheduler:_get_dedicated_lane_profile:985 - 专用Lane分组G5剩余合同量400.0G无法满足1.1或3.6T-NEW有效容量下限
2026-06-14 21:11:51.498 | INFO     | arrange_library.core.scheduling.greedy_lane_scheduler:_get_dedicated_lane_profile:985 - 专用Lane分组G35剩余合同量208.0G无法满足1.1或3.6T-NEW有效容量下限
2026-06-14 21:11:51.498 | INFO     | arrange_library.core.scheduling.greedy_lane_scheduler:_get_dedicated_lane_profile:985 - 专用Lane分组G4剩余合同量150.0G无法满足1.1或3.6T-NEW有效容量下限
2026-06-14 21:11:51.499 | INFO     | arrange_library.core.scheduling.greedy_lane_scheduler:_get_dedicated_lane_profile:985 - 专用Lane分组G52剩余合同量10.0G无法满足1.1或3.6T-NEW有效容量下限
2026-06-14 21:11:51.499 | INFO     | arrange_library.core.scheduling.greedy_lane_scheduler:_get_dedicated_lane_profile:985 - 专用Lane分组G16剩余合同量120.0G无法满足1.1或3.6T-NEW有效容量下限
2026-06-14 21:11:51.500 | INFO     | arrange_library.core.scheduling.greedy_lane_scheduler:_get_dedicated_lane_profile:985 - 专用Lane分组G18剩余合同量114.0G无法满足1.1或3.6T-NEW有效容量下限
2026-06-14 21:11:51.500 | INFO     | arrange_library.core.scheduling.greedy_lane_scheduler:_get_dedicated_lane_profile:985 - 专用Lane分组G19剩余合同量1.0G无法满足1.1或3.6T-NEW有效容量下限
2026-06-14 21:11:51.501 | INFO     | __main__:_extract_global_dedicated_imbalance_lanes:1189 - 全局跨机型碱基不均专Lane预抽取: 承载机型=Nova X-25B, 生成Lane=1, 消耗1031.8G, 剩余不均文库=240个/11570.8G
2026-06-14 21:11:51.503 | INFO     | __main__:_extract_global_dedicated_imbalance_lanes:1200 - 全局碱基不均专Lane预抽取完成: 生成Lane=1, 后续普通排机池 1570 -> 1555
2026-06-14 21:11:51.503 | INFO     | __main__:_keep_only_mode_1_1_prebuilt_lanes:2183 - 步骤1.3 单组碱基不均1.1专Lane: 回收1条非1.1预抽取Lane，返还15个文库/1031.8G继续参与1.1 G53/G54/G55
2026-06-14 21:11:51.577 | INFO     | __main__:_consume_g53_g54_imbalance_as_mode_lanes:1493 - 步骤1.3 G53/G54组合碱基不均1.1专Lane未成Lane: group=G54, 候选76个/7040.7G, 贪心选择27个/2099.1G, 下限1995.0G, top_failures=[('capacity_out_of_rule_range', 1), ('validation_failed:ValidationRuleType.INDEX_10BP_RATIO:10bp Index占比33.3%低于40%要求', 1)]
2026-06-14 21:11:56.603 | INFO     | __main__:_materialize_balance_library_for_lane:7277 - Lane DLG55_TMP 尝试补平衡文库模板: sample_id=phix, test_no=Novaseq X Plus-PE150, index_seq=GGGGGGGGGG;ACCGAGATCT
2026-06-14 21:11:56.606 | INFO     | __main__:_validate_balance_injection_lane_state:7079 - Lane DLG55_TMP 候选平衡文库 phix 注入校验失败: ['10bp Index占比29.3%低于40%要求']
2026-06-14 21:11:56.606 | INFO     | __main__:_materialize_balance_library_for_lane:7277 - Lane DLG55_TMP 尝试补平衡文库模板: sample_id=FDSW250185295-1r, test_no=Novaseq X Plus-PE150, index_seq=AGCATCGAGT;AGCATCCTCA
2026-06-14 21:11:56.608 | INFO     | __main__:_validate_balance_injection_lane_state:7079 - Lane DLG55_TMP 候选平衡文库 FDSW250185295-1r 注入校验失败: ['10bp Index占比29.3%低于40%要求']
2026-06-14 21:11:56.608 | INFO     | __main__:_materialize_balance_library_for_lane:7277 - Lane DLG55_TMP 尝试补平衡文库模板: sample_id=FDSW250185296-1r, test_no=Novaseq X Plus-PE150, index_seq=CTCACACTGA;CTCACACATG
2026-06-14 21:11:56.610 | INFO     | __main__:_validate_balance_injection_lane_state:7079 - Lane DLG55_TMP 候选平衡文库 FDSW250185296-1r 注入校验失败: ['10bp Index占比29.3%低于40%要求']
2026-06-14 21:11:56.610 | INFO     | __main__:_materialize_balance_library_for_lane:7277 - Lane DLG55_TMP 尝试补平衡文库模板: sample_id=FDSW250185298-1r, test_no=Novaseq X Plus-PE150, index_seq=CCGACTAGAT;CCGACTAAGA
2026-06-14 21:11:56.611 | INFO     | __main__:_validate_balance_injection_lane_state:7079 - Lane DLG55_TMP 候选平衡文库 FDSW250185298-1r 注入校验失败: ['10bp Index占比29.3%低于40%要求']
2026-06-14 21:11:56.612 | INFO     | __main__:_materialize_balance_library_for_lane:7277 - Lane DLG55_TMP 尝试补平衡文库模板: sample_id=FDSW250185306-1r, test_no=Novaseq X Plus-PE150, index_seq=ACAGAGCGAT;GACTACTCAC
2026-06-14 21:11:56.613 | INFO     | __main__:_validate_balance_injection_lane_state:7079 - Lane DLG55_TMP 候选平衡文库 FDSW250185306-1r 注入校验失败: ['10bp Index占比29.3%低于40%要求']
2026-06-14 21:11:56.613 | INFO     | __main__:_materialize_balance_library_for_lane:7277 - Lane DLG55_TMP 尝试补平衡文库模板: sample_id=FDSW250185309-1r, test_no=Novaseq X Plus-PE150, index_seq=GTCACACACT;CAAGTGCTTC
2026-06-14 21:11:56.615 | INFO     | __main__:_validate_balance_injection_lane_state:7079 - Lane DLG55_TMP 候选平衡文库 FDSW250185309-1r 注入校验失败: ['10bp Index占比29.3%低于40%要求']
2026-06-14 21:11:56.615 | INFO     | __main__:_materialize_balance_library_for_lane:7277 - Lane DLG55_TMP 尝试补平衡文库模板: sample_id=FDSW250185313-1r, test_no=Novaseq X Plus-PE150, index_seq=ATCGAATGCG;CGATATCTGC
2026-06-14 21:11:56.617 | INFO     | __main__:_validate_balance_injection_lane_state:7079 - Lane DLG55_TMP 候选平衡文库 FDSW250185313-1r 注入校验失败: ['10bp Index占比29.3%低于40%要求']
2026-06-14 21:11:56.617 | INFO     | __main__:_materialize_balance_library_for_lane:7277 - Lane DLG55_TMP 尝试补平衡文库模板: sample_id=FDSW250185316-1r, test_no=Novaseq X Plus-PE150, index_seq=TCATTGCACC;ATCGAAGCTC
2026-06-14 21:11:56.619 | INFO     | __main__:_validate_balance_injection_lane_state:7079 - Lane DLG55_TMP 候选平衡文库 FDSW250185316-1r 注入校验失败: ['10bp Index占比29.3%低于40%要求']
2026-06-14 21:11:56.622 | WARNING  | __main__:_materialize_balance_library_for_lane:7402 - Lane DLG55_TMP 平衡文库补充失败: 需补 107.895G，实验室=天津科技服务实验室，工序=Novaseq X Plus-PE150
2026-06-14 21:11:59.931 | INFO     | __main__:_materialize_balance_library_for_lane:7277 - Lane DLG55_TMP 尝试补平衡文库模板: sample_id=phix, test_no=Novaseq X Plus-PE150, index_seq=GGGGGGGGGG;ACCGAGATCT
2026-06-14 21:12:00.279 | INFO     | __main__:_validate_balance_injection_lane_state:7079 - Lane DLG55_TMP 候选平衡文库 phix 注入校验失败: ['10bp Index占比26.4%低于40%要求']
2026-06-14 21:12:00.280 | INFO     | __main__:_materialize_balance_library_for_lane:7277 - Lane DLG55_TMP 尝试补平衡文库模板: sample_id=FDSW250185295-1r, test_no=Novaseq X Plus-PE150, index_seq=AGCATCGAGT;AGCATCCTCA
2026-06-14 21:12:00.624 | INFO     | __main__:_validate_balance_injection_lane_state:7079 - Lane DLG55_TMP 候选平衡文库 FDSW250185295-1r 注入校验失败: ['10bp Index占比26.4%低于40%要求']
2026-06-14 21:12:00.624 | INFO     | __main__:_materialize_balance_library_for_lane:7277 - Lane DLG55_TMP 尝试补平衡文库模板: sample_id=FDSW250185296-1r, test_no=Novaseq X Plus-PE150, index_seq=CTCACACTGA;CTCACACATG
2026-06-14 21:12:00.968 | INFO     | __main__:_validate_balance_injection_lane_state:7079 - Lane DLG55_TMP 候选平衡文库 FDSW250185296-1r 注入校验失败: ['10bp Index占比26.4%低于40%要求']
2026-06-14 21:12:00.968 | INFO     | __main__:_materialize_balance_library_for_lane:7277 - Lane DLG55_TMP 尝试补平衡文库模板: sample_id=FDSW250185298-1r, test_no=Novaseq X Plus-PE150, index_seq=CCGACTAGAT;CCGACTAAGA
2026-06-14 21:12:01.315 | INFO     | __main__:_validate_balance_injection_lane_state:7079 - Lane DLG55_TMP 候选平衡文库 FDSW250185298-1r 注入校验失败: ['10bp Index占比26.4%低于40%要求']
2026-06-14 21:12:01.315 | INFO     | __main__:_materialize_balance_library_for_lane:7277 - Lane DLG55_TMP 尝试补平衡文库模板: sample_id=FDSW250185306-1r, test_no=Novaseq X Plus-PE150, index_seq=ACAGAGCGAT;GACTACTCAC
2026-06-14 21:12:01.660 | INFO     | __main__:_validate_balance_injection_lane_state:7079 - Lane DLG55_TMP 候选平衡文库 FDSW250185306-1r 注入校验失败: ['10bp Index占比26.4%低于40%要求']
2026-06-14 21:12:01.660 | INFO     | __main__:_materialize_balance_library_for_lane:7277 - Lane DLG55_TMP 尝试补平衡文库模板: sample_id=FDSW250185309-1r, test_no=Novaseq X Plus-PE150, index_seq=GTCACACACT;CAAGTGCTTC
2026-06-14 21:12:02.006 | INFO     | __main__:_validate_balance_injection_lane_state:7079 - Lane DLG55_TMP 候选平衡文库 FDSW250185309-1r 注入校验失败: ['10bp Index占比26.4%低于40%要求']
2026-06-14 21:12:02.006 | INFO     | __main__:_materialize_balance_library_for_lane:7277 - Lane DLG55_TMP 尝试补平衡文库模板: sample_id=FDSW250185313-1r, test_no=Novaseq X Plus-PE150, index_seq=ATCGAATGCG;CGATATCTGC
2026-06-14 21:12:02.352 | INFO     | __main__:_validate_balance_injection_lane_state:7079 - Lane DLG55_TMP 候选平衡文库 FDSW250185313-1r 注入校验失败: ['10bp Index占比26.4%低于40%要求']
2026-06-14 21:12:02.352 | INFO     | __main__:_materialize_balance_library_for_lane:7277 - Lane DLG55_TMP 尝试补平衡文库模板: sample_id=FDSW250185316-1r, test_no=Novaseq X Plus-PE150, index_seq=TCATTGCACC;ATCGAAGCTC
2026-06-14 21:12:02.699 | INFO     | __main__:_validate_balance_injection_lane_state:7079 - Lane DLG55_TMP 候选平衡文库 FDSW250185316-1r 注入校验失败: ['10bp Index占比26.4%低于40%要求']
2026-06-14 21:12:03.626 | WARNING  | __main__:_materialize_balance_library_for_lane:7402 - Lane DLG55_TMP 平衡文库补充失败: 需补 107.232G，实验室=天津科技服务实验室，工序=Novaseq X Plus-PE150
2026-06-14 21:12:06.943 | INFO     | __main__:_materialize_balance_library_for_lane:7277 - Lane DLG55_TMP 尝试补平衡文库模板: sample_id=phix, test_no=Novaseq X Plus-PE150, index_seq=GGGGGGGGGG;ACCGAGATCT
2026-06-14 21:12:07.287 | INFO     | __main__:_validate_balance_injection_lane_state:7079 - Lane DLG55_TMP 候选平衡文库 phix 注入校验失败: ['10bp Index占比26.4%低于40%要求']
2026-06-14 21:12:07.287 | INFO     | __main__:_materialize_balance_library_for_lane:7277 - Lane DLG55_TMP 尝试补平衡文库模板: sample_id=FDSW250185295-1r, test_no=Novaseq X Plus-PE150, index_seq=AGCATCGAGT;AGCATCCTCA
2026-06-14 21:12:07.633 | INFO     | __main__:_validate_balance_injection_lane_state:7079 - Lane DLG55_TMP 候选平衡文库 FDSW250185295-1r 注入校验失败: ['10bp Index占比26.4%低于40%要求']
2026-06-14 21:12:07.633 | INFO     | __main__:_materialize_balance_library_for_lane:7277 - Lane DLG55_TMP 尝试补平衡文库模板: sample_id=FDSW250185296-1r, test_no=Novaseq X Plus-PE150, index_seq=CTCACACTGA;CTCACACATG
2026-06-14 21:12:07.981 | INFO     | __main__:_validate_balance_injection_lane_state:7079 - Lane DLG55_TMP 候选平衡文库 FDSW250185296-1r 注入校验失败: ['10bp Index占比26.4%低于40%要求']
2026-06-14 21:12:07.981 | INFO     | __main__:_materialize_balance_library_for_lane:7277 - Lane DLG55_TMP 尝试补平衡文库模板: sample_id=FDSW250185298-1r, test_no=Novaseq X Plus-PE150, index_seq=CCGACTAGAT;CCGACTAAGA
2026-06-14 21:12:08.327 | INFO     | __main__:_validate_balance_injection_lane_state:7079 - Lane DLG55_TMP 候选平衡文库 FDSW250185298-1r 注入校验失败: ['10bp Index占比26.4%低于40%要求']
2026-06-14 21:12:08.327 | INFO     | __main__:_materialize_balance_library_for_lane:7277 - Lane DLG55_TMP 尝试补平衡文库模板: sample_id=FDSW250185306-1r, test_no=Novaseq X Plus-PE150, index_seq=ACAGAGCGAT;GACTACTCAC
2026-06-14 21:12:08.672 | INFO     | __main__:_validate_balance_injection_lane_state:7079 - Lane DLG55_TMP 候选平衡文库 FDSW250185306-1r 注入校验失败: ['10bp Index占比26.4%低于40%要求']
2026-06-14 21:12:08.672 | INFO     | __main__:_materialize_balance_library_for_lane:7277 - Lane DLG55_TMP 尝试补平衡文库模板: sample_id=FDSW250185309-1r, test_no=Novaseq X Plus-PE150, index_seq=GTCACACACT;CAAGTGCTTC
2026-06-14 21:12:09.017 | INFO     | __main__:_validate_balance_injection_lane_state:7079 - Lane DLG55_TMP 候选平衡文库 FDSW250185309-1r 注入校验失败: ['10bp Index占比26.4%低于40%要求']
2026-06-14 21:12:09.017 | INFO     | __main__:_materialize_balance_library_for_lane:7277 - Lane DLG55_TMP 尝试补平衡文库模板: sample_id=FDSW250185313-1r, test_no=Novaseq X Plus-PE150, index_seq=ATCGAATGCG;CGATATCTGC
2026-06-14 21:12:09.363 | INFO     | __main__:_validate_balance_injection_lane_state:7079 - Lane DLG55_TMP 候选平衡文库 FDSW250185313-1r 注入校验失败: ['10bp Index占比26.4%低于40%要求']
2026-06-14 21:12:09.364 | INFO     | __main__:_materialize_balance_library_for_lane:7277 - Lane DLG55_TMP 尝试补平衡文库模板: sample_id=FDSW250185316-1r, test_no=Novaseq X Plus-PE150, index_seq=TCATTGCACC;ATCGAAGCTC
2026-06-14 21:12:09.708 | INFO     | __main__:_validate_balance_injection_lane_state:7079 - Lane DLG55_TMP 候选平衡文库 FDSW250185316-1r 注入校验失败: ['10bp Index占比26.4%低于40%要求']
2026-06-14 21:12:10.628 | WARNING  | __main__:_materialize_balance_library_for_lane:7402 - Lane DLG55_TMP 平衡文库补充失败: 需补 107.232G，实验室=天津科技服务实验室，工序=Novaseq X Plus-PE150
2026-06-14 21:12:13.952 | INFO     | __main__:_materialize_balance_library_for_lane:7277 - Lane DLG55_TMP 尝试补平衡文库模板: sample_id=phix, test_no=Novaseq X Plus-PE150, index_seq=GGGGGGGGGG;ACCGAGATCT
2026-06-14 21:12:14.297 | INFO     | __main__:_validate_balance_injection_lane_state:7079 - Lane DLG55_TMP 候选平衡文库 phix 注入校验失败: ['10bp Index占比26.4%低于40%要求']
2026-06-14 21:12:14.298 | INFO     | __main__:_materialize_balance_library_for_lane:7277 - Lane DLG55_TMP 尝试补平衡文库模板: sample_id=FDSW250185295-1r, test_no=Novaseq X Plus-PE150, index_seq=AGCATCGAGT;AGCATCCTCA
2026-06-14 21:12:14.642 | INFO     | __main__:_validate_balance_injection_lane_state:7079 - Lane DLG55_TMP 候选平衡文库 FDSW250185295-1r 注入校验失败: ['10bp Index占比26.4%低于40%要求']
2026-06-14 21:12:14.642 | INFO     | __main__:_materialize_balance_library_for_lane:7277 - Lane DLG55_TMP 尝试补平衡文库模板: sample_id=FDSW250185296-1r, test_no=Novaseq X Plus-PE150, index_seq=CTCACACTGA;CTCACACATG
2026-06-14 21:12:14.987 | INFO     | __main__:_validate_balance_injection_lane_state:7079 - Lane DLG55_TMP 候选平衡文库 FDSW250185296-1r 注入校验失败: ['10bp Index占比26.4%低于40%要求']
2026-06-14 21:12:14.987 | INFO     | __main__:_materialize_balance_library_for_lane:7277 - Lane DLG55_TMP 尝试补平衡文库模板: sample_id=FDSW250185298-1r, test_no=Novaseq X Plus-PE150, index_seq=CCGACTAGAT;CCGACTAAGA
2026-06-14 21:12:15.332 | INFO     | __main__:_validate_balance_injection_lane_state:7079 - Lane DLG55_TMP 候选平衡文库 FDSW250185298-1r 注入校验失败: ['10bp Index占比26.4%低于40%要求']
2026-06-14 21:12:15.332 | INFO     | __main__:_materialize_balance_library_for_lane:7277 - Lane DLG55_TMP 尝试补平衡文库模板: sample_id=FDSW250185306-1r, test_no=Novaseq X Plus-PE150, index_seq=ACAGAGCGAT;GACTACTCAC
2026-06-14 21:12:15.676 | INFO     | __main__:_validate_balance_injection_lane_state:7079 - Lane DLG55_TMP 候选平衡文库 FDSW250185306-1r 注入校验失败: ['10bp Index占比26.4%低于40%要求']
2026-06-14 21:12:15.676 | INFO     | __main__:_materialize_balance_library_for_lane:7277 - Lane DLG55_TMP 尝试补平衡文库模板: sample_id=FDSW250185309-1r, test_no=Novaseq X Plus-PE150, index_seq=GTCACACACT;CAAGTGCTTC
2026-06-14 21:12:16.021 | INFO     | __main__:_validate_balance_injection_lane_state:7079 - Lane DLG55_TMP 候选平衡文库 FDSW250185309-1r 注入校验失败: ['10bp Index占比26.4%低于40%要求']
2026-06-14 21:12:16.021 | INFO     | __main__:_materialize_balance_library_for_lane:7277 - Lane DLG55_TMP 尝试补平衡文库模板: sample_id=FDSW250185313-1r, test_no=Novaseq X Plus-PE150, index_seq=ATCGAATGCG;CGATATCTGC
2026-06-14 21:12:16.367 | INFO     | __main__:_validate_balance_injection_lane_state:7079 - Lane DLG55_TMP 候选平衡文库 FDSW250185313-1r 注入校验失败: ['10bp Index占比26.4%低于40%要求']
2026-06-14 21:12:16.367 | INFO     | __main__:_materialize_balance_library_for_lane:7277 - Lane DLG55_TMP 尝试补平衡文库模板: sample_id=FDSW250185316-1r, test_no=Novaseq X Plus-PE150, index_seq=TCATTGCACC;ATCGAAGCTC
2026-06-14 21:12:16.713 | INFO     | __main__:_validate_balance_injection_lane_state:7079 - Lane DLG55_TMP 候选平衡文库 FDSW250185316-1r 注入校验失败: ['10bp Index占比26.4%低于40%要求']
2026-06-14 21:12:17.642 | WARNING  | __main__:_materialize_balance_library_for_lane:7402 - Lane DLG55_TMP 平衡文库补充失败: 需补 107.232G，实验室=天津科技服务实验室，工序=Novaseq X Plus-PE150
2026-06-14 21:12:20.968 | INFO     | __main__:_materialize_balance_library_for_lane:7277 - Lane DLG55_TMP 尝试补平衡文库模板: sample_id=phix, test_no=Novaseq X Plus-PE150, index_seq=GGGGGGGGGG;ACCGAGATCT
2026-06-14 21:12:21.315 | INFO     | __main__:_validate_balance_injection_lane_state:7079 - Lane DLG55_TMP 候选平衡文库 phix 注入校验失败: ['10bp Index占比26.4%低于40%要求']
2026-06-14 21:12:21.315 | INFO     | __main__:_materialize_balance_library_for_lane:7277 - Lane DLG55_TMP 尝试补平衡文库模板: sample_id=FDSW250185295-1r, test_no=Novaseq X Plus-PE150, index_seq=AGCATCGAGT;AGCATCCTCA
2026-06-14 21:12:21.662 | INFO     | __main__:_validate_balance_injection_lane_state:7079 - Lane DLG55_TMP 候选平衡文库 FDSW250185295-1r 注入校验失败: ['10bp Index占比26.4%低于40%要求']
2026-06-14 21:12:21.663 | INFO     | __main__:_materialize_balance_library_for_lane:7277 - Lane DLG55_TMP 尝试补平衡文库模板: sample_id=FDSW250185296-1r, test_no=Novaseq X Plus-PE150, index_seq=CTCACACTGA;CTCACACATG
2026-06-14 21:12:22.008 | INFO     | __main__:_validate_balance_injection_lane_state:7079 - Lane DLG55_TMP 候选平衡文库 FDSW250185296-1r 注入校验失败: ['10bp Index占比26.4%低于40%要求']
2026-06-14 21:12:22.008 | INFO     | __main__:_materialize_balance_library_for_lane:7277 - Lane DLG55_TMP 尝试补平衡文库模板: sample_id=FDSW250185298-1r, test_no=Novaseq X Plus-PE150, index_seq=CCGACTAGAT;CCGACTAAGA
2026-06-14 21:12:22.353 | INFO     | __main__:_validate_balance_injection_lane_state:7079 - Lane DLG55_TMP 候选平衡文库 FDSW250185298-1r 注入校验失败: ['10bp Index占比26.4%低于40%要求']
2026-06-14 21:12:22.353 | INFO     | __main__:_materialize_balance_library_for_lane:7277 - Lane DLG55_TMP 尝试补平衡文库模板: sample_id=FDSW250185306-1r, test_no=Novaseq X Plus-PE150, index_seq=ACAGAGCGAT;GACTACTCAC
2026-06-14 21:12:22.699 | INFO     | __main__:_validate_balance_injection_lane_state:7079 - Lane DLG55_TMP 候选平衡文库 FDSW250185306-1r 注入校验失败: ['10bp Index占比26.4%低于40%要求']
2026-06-14 21:12:22.699 | INFO     | __main__:_materialize_balance_library_for_lane:7277 - Lane DLG55_TMP 尝试补平衡文库模板: sample_id=FDSW250185309-1r, test_no=Novaseq X Plus-PE150, index_seq=GTCACACACT;CAAGTGCTTC
2026-06-14 21:12:23.044 | INFO     | __main__:_validate_balance_injection_lane_state:7079 - Lane DLG55_TMP 候选平衡文库 FDSW250185309-1r 注入校验失败: ['10bp Index占比26.4%低于40%要求']
2026-06-14 21:12:23.044 | INFO     | __main__:_materialize_balance_library_for_lane:7277 - Lane DLG55_TMP 尝试补平衡文库模板: sample_id=FDSW250185313-1r, test_no=Novaseq X Plus-PE150, index_seq=ATCGAATGCG;CGATATCTGC
2026-06-14 21:12:23.390 | INFO     | __main__:_validate_balance_injection_lane_state:7079 - Lane DLG55_TMP 候选平衡文库 FDSW250185313-1r 注入校验失败: ['10bp Index占比26.4%低于40%要求']
2026-06-14 21:12:23.390 | INFO     | __main__:_materialize_balance_library_for_lane:7277 - Lane DLG55_TMP 尝试补平衡文库模板: sample_id=FDSW250185316-1r, test_no=Novaseq X Plus-PE150, index_seq=TCATTGCACC;ATCGAAGCTC
2026-06-14 21:12:23.735 | INFO     | __main__:_validate_balance_injection_lane_state:7079 - Lane DLG55_TMP 候选平衡文库 FDSW250185316-1r 注入校验失败: ['10bp Index占比26.4%低于40%要求']
2026-06-14 21:12:24.658 | WARNING  | __main__:_materialize_balance_library_for_lane:7402 - Lane DLG55_TMP 平衡文库补充失败: 需补 107.232G，实验室=天津科技服务实验室，工序=Novaseq X Plus-PE150
2026-06-14 21:12:27.997 | INFO     | __main__:_materialize_balance_library_for_lane:7277 - Lane DLG55_TMP 尝试补平衡文库模板: sample_id=phix, test_no=Novaseq X Plus-PE150, index_seq=GGGGGGGGGG;ACCGAGATCT
2026-06-14 21:12:28.345 | INFO     | __main__:_validate_balance_injection_lane_state:7079 - Lane DLG55_TMP 候选平衡文库 phix 注入校验失败: ['10bp Index占比26.4%低于40%要求']
2026-06-14 21:12:28.345 | INFO     | __main__:_materialize_balance_library_for_lane:7277 - Lane DLG55_TMP 尝试补平衡文库模板: sample_id=FDSW250185295-1r, test_no=Novaseq X Plus-PE150, index_seq=AGCATCGAGT;AGCATCCTCA
2026-06-14 21:12:28.693 | INFO     | __main__:_validate_balance_injection_lane_state:7079 - Lane DLG55_TMP 候选平衡文库 FDSW250185295-1r 注入校验失败: ['10bp Index占比26.4%低于40%要求']
2026-06-14 21:12:28.693 | INFO     | __main__:_materialize_balance_library_for_lane:7277 - Lane DLG55_TMP 尝试补平衡文库模板: sample_id=FDSW250185296-1r, test_no=Novaseq X Plus-PE150, index_seq=CTCACACTGA;CTCACACATG
2026-06-14 21:12:29.042 | INFO     | __main__:_validate_balance_injection_lane_state:7079 - Lane DLG55_TMP 候选平衡文库 FDSW250185296-1r 注入校验失败: ['10bp Index占比26.4%低于40%要求']
2026-06-14 21:12:29.042 | INFO     | __main__:_materialize_balance_library_for_lane:7277 - Lane DLG55_TMP 尝试补平衡文库模板: sample_id=FDSW250185298-1r, test_no=Novaseq X Plus-PE150, index_seq=CCGACTAGAT;CCGACTAAGA
2026-06-14 21:12:29.392 | INFO     | __main__:_validate_balance_injection_lane_state:7079 - Lane DLG55_TMP 候选平衡文库 FDSW250185298-1r 注入校验失败: ['10bp Index占比26.4%低于40%要求']
2026-06-14 21:12:29.392 | INFO     | __main__:_materialize_balance_library_for_lane:7277 - Lane DLG55_TMP 尝试补平衡文库模板: sample_id=FDSW250185306-1r, test_no=Novaseq X Plus-PE150, index_seq=ACAGAGCGAT;GACTACTCAC
2026-06-14 21:12:29.739 | INFO     | __main__:_validate_balance_injection_lane_state:7079 - Lane DLG55_TMP 候选平衡文库 FDSW250185306-1r 注入校验失败: ['10bp Index占比26.4%低于40%要求']
2026-06-14 21:12:29.739 | INFO     | __main__:_materialize_balance_library_for_lane:7277 - Lane DLG55_TMP 尝试补平衡文库模板: sample_id=FDSW250185309-1r, test_no=Novaseq X Plus-PE150, index_seq=GTCACACACT;CAAGTGCTTC
2026-06-14 21:12:30.087 | INFO     | __main__:_validate_balance_injection_lane_state:7079 - Lane DLG55_TMP 候选平衡文库 FDSW250185309-1r 注入校验失败: ['10bp Index占比26.4%低于40%要求']
2026-06-14 21:12:30.087 | INFO     | __main__:_materialize_balance_library_for_lane:7277 - Lane DLG55_TMP 尝试补平衡文库模板: sample_id=FDSW250185313-1r, test_no=Novaseq X Plus-PE150, index_seq=ATCGAATGCG;CGATATCTGC
2026-06-14 21:12:30.434 | INFO     | __main__:_validate_balance_injection_lane_state:7079 - Lane DLG55_TMP 候选平衡文库 FDSW250185313-1r 注入校验失败: ['10bp Index占比26.4%低于40%要求']
2026-06-14 21:12:30.435 | INFO     | __main__:_materialize_balance_library_for_lane:7277 - Lane DLG55_TMP 尝试补平衡文库模板: sample_id=FDSW250185316-1r, test_no=Novaseq X Plus-PE150, index_seq=TCATTGCACC;ATCGAAGCTC
2026-06-14 21:12:30.786 | INFO     | __main__:_validate_balance_injection_lane_state:7079 - Lane DLG55_TMP 候选平衡文库 FDSW250185316-1r 注入校验失败: ['10bp Index占比26.4%低于40%要求']
2026-06-14 21:12:31.714 | WARNING  | __main__:_materialize_balance_library_for_lane:7402 - Lane DLG55_TMP 平衡文库补充失败: 需补 107.232G，实验室=天津科技服务实验室，工序=Novaseq X Plus-PE150
2026-06-14 21:12:35.053 | INFO     | __main__:_materialize_balance_library_for_lane:7277 - Lane DLG55_TMP 尝试补平衡文库模板: sample_id=phix, test_no=Novaseq X Plus-PE150, index_seq=GGGGGGGGGG;ACCGAGATCT
2026-06-14 21:12:35.399 | INFO     | __main__:_validate_balance_injection_lane_state:7079 - Lane DLG55_TMP 候选平衡文库 phix 注入校验失败: ['10bp Index占比26.4%低于40%要求']
2026-06-14 21:12:35.399 | INFO     | __main__:_materialize_balance_library_for_lane:7277 - Lane DLG55_TMP 尝试补平衡文库模板: sample_id=FDSW250185295-1r, test_no=Novaseq X Plus-PE150, index_seq=AGCATCGAGT;AGCATCCTCA
2026-06-14 21:12:35.746 | INFO     | __main__:_validate_balance_injection_lane_state:7079 - Lane DLG55_TMP 候选平衡文库 FDSW250185295-1r 注入校验失败: ['10bp Index占比26.4%低于40%要求']
2026-06-14 21:12:35.747 | INFO     | __main__:_materialize_balance_library_for_lane:7277 - Lane DLG55_TMP 尝试补平衡文库模板: sample_id=FDSW250185296-1r, test_no=Novaseq X Plus-PE150, index_seq=CTCACACTGA;CTCACACATG
2026-06-14 21:12:36.094 | INFO     | __main__:_validate_balance_injection_lane_state:7079 - Lane DLG55_TMP 候选平衡文库 FDSW250185296-1r 注入校验失败: ['10bp Index占比26.4%低于40%要求']
2026-06-14 21:12:36.094 | INFO     | __main__:_materialize_balance_library_for_lane:7277 - Lane DLG55_TMP 尝试补平衡文库模板: sample_id=FDSW250185298-1r, test_no=Novaseq X Plus-PE150, index_seq=CCGACTAGAT;CCGACTAAGA
2026-06-14 21:12:36.442 | INFO     | __main__:_validate_balance_injection_lane_state:7079 - Lane DLG55_TMP 候选平衡文库 FDSW250185298-1r 注入校验失败: ['10bp Index占比26.4%低于40%要求']
2026-06-14 21:12:36.442 | INFO     | __main__:_materialize_balance_library_for_lane:7277 - Lane DLG55_TMP 尝试补平衡文库模板: sample_id=FDSW250185306-1r, test_no=Novaseq X Plus-PE150, index_seq=ACAGAGCGAT;GACTACTCAC
2026-06-14 21:12:36.787 | INFO     | __main__:_validate_balance_injection_lane_state:7079 - Lane DLG55_TMP 候选平衡文库 FDSW250185306-1r 注入校验失败: ['10bp Index占比26.4%低于40%要求']
2026-06-14 21:12:36.787 | INFO     | __main__:_materialize_balance_library_for_lane:7277 - Lane DLG55_TMP 尝试补平衡文库模板: sample_id=FDSW250185309-1r, test_no=Novaseq X Plus-PE150, index_seq=GTCACACACT;CAAGTGCTTC
2026-06-14 21:12:37.133 | INFO     | __main__:_validate_balance_injection_lane_state:7079 - Lane DLG55_TMP 候选平衡文库 FDSW250185309-1r 注入校验失败: ['10bp Index占比26.4%低于40%要求']
2026-06-14 21:12:37.133 | INFO     | __main__:_materialize_balance_library_for_lane:7277 - Lane DLG55_TMP 尝试补平衡文库模板: sample_id=FDSW250185313-1r, test_no=Novaseq X Plus-PE150, index_seq=ATCGAATGCG;CGATATCTGC
2026-06-14 21:12:37.479 | INFO     | __main__:_validate_balance_injection_lane_state:7079 - Lane DLG55_TMP 候选平衡文库 FDSW250185313-1r 注入校验失败: ['10bp Index占比26.4%低于40%要求']
2026-06-14 21:12:37.479 | INFO     | __main__:_materialize_balance_library_for_lane:7277 - Lane DLG55_TMP 尝试补平衡文库模板: sample_id=FDSW250185316-1r, test_no=Novaseq X Plus-PE150, index_seq=TCATTGCACC;ATCGAAGCTC
2026-06-14 21:12:37.828 | INFO     | __main__:_validate_balance_injection_lane_state:7079 - Lane DLG55_TMP 候选平衡文库 FDSW250185316-1r 注入校验失败: ['10bp Index占比26.4%低于40%要求']
2026-06-14 21:12:38.758 | WARNING  | __main__:_materialize_balance_library_for_lane:7402 - Lane DLG55_TMP 平衡文库补充失败: 需补 107.232G，实验室=天津科技服务实验室，工序=Novaseq X Plus-PE150
2026-06-14 21:12:42.089 | INFO     | __main__:_materialize_balance_library_for_lane:7277 - Lane DLG55_TMP 尝试补平衡文库模板: sample_id=phix, test_no=Novaseq X Plus-PE150, index_seq=GGGGGGGGGG;ACCGAGATCT
2026-06-14 21:12:42.435 | INFO     | __main__:_validate_balance_injection_lane_state:7079 - Lane DLG55_TMP 候选平衡文库 phix 注入校验失败: ['10bp Index占比26.4%低于40%要求']
2026-06-14 21:12:42.435 | INFO     | __main__:_materialize_balance_library_for_lane:7277 - Lane DLG55_TMP 尝试补平衡文库模板: sample_id=FDSW250185295-1r, test_no=Novaseq X Plus-PE150, index_seq=AGCATCGAGT;AGCATCCTCA
2026-06-14 21:12:42.781 | INFO     | __main__:_validate_balance_injection_lane_state:7079 - Lane DLG55_TMP 候选平衡文库 FDSW250185295-1r 注入校验失败: ['10bp Index占比26.4%低于40%要求']
2026-06-14 21:12:42.781 | INFO     | __main__:_materialize_balance_library_for_lane:7277 - Lane DLG55_TMP 尝试补平衡文库模板: sample_id=FDSW250185296-1r, test_no=Novaseq X Plus-PE150, index_seq=CTCACACTGA;CTCACACATG
2026-06-14 21:12:43.126 | INFO     | __main__:_validate_balance_injection_lane_state:7079 - Lane DLG55_TMP 候选平衡文库 FDSW250185296-1r 注入校验失败: ['10bp Index占比26.4%低于40%要求']
2026-06-14 21:12:43.126 | INFO     | __main__:_materialize_balance_library_for_lane:7277 - Lane DLG55_TMP 尝试补平衡文库模板: sample_id=FDSW250185298-1r, test_no=Novaseq X Plus-PE150, index_seq=CCGACTAGAT;CCGACTAAGA
2026-06-14 21:12:43.473 | INFO     | __main__:_validate_balance_injection_lane_state:7079 - Lane DLG55_TMP 候选平衡文库 FDSW250185298-1r 注入校验失败: ['10bp Index占比26.4%低于40%要求']
2026-06-14 21:12:43.473 | INFO     | __main__:_materialize_balance_library_for_lane:7277 - Lane DLG55_TMP 尝试补平衡文库模板: sample_id=FDSW250185306-1r, test_no=Novaseq X Plus-PE150, index_seq=ACAGAGCGAT;GACTACTCAC
2026-06-14 21:12:43.818 | INFO     | __main__:_validate_balance_injection_lane_state:7079 - Lane DLG55_TMP 候选平衡文库 FDSW250185306-1r 注入校验失败: ['10bp Index占比26.4%低于40%要求']
2026-06-14 21:12:43.818 | INFO     | __main__:_materialize_balance_library_for_lane:7277 - Lane DLG55_TMP 尝试补平衡文库模板: sample_id=FDSW250185309-1r, test_no=Novaseq X Plus-PE150, index_seq=GTCACACACT;CAAGTGCTTC
2026-06-14 21:12:44.165 | INFO     | __main__:_validate_balance_injection_lane_state:7079 - Lane DLG55_TMP 候选平衡文库 FDSW250185309-1r 注入校验失败: ['10bp Index占比26.4%低于40%要求']
2026-06-14 21:12:44.165 | INFO     | __main__:_materialize_balance_library_for_lane:7277 - Lane DLG55_TMP 尝试补平衡文库模板: sample_id=FDSW250185313-1r, test_no=Novaseq X Plus-PE150, index_seq=ATCGAATGCG;CGATATCTGC
2026-06-14 21:12:44.510 | INFO     | __main__:_validate_balance_injection_lane_state:7079 - Lane DLG55_TMP 候选平衡文库 FDSW250185313-1r 注入校验失败: ['10bp Index占比26.4%低于40%要求']
2026-06-14 21:12:44.510 | INFO     | __main__:_materialize_balance_library_for_lane:7277 - Lane DLG55_TMP 尝试补平衡文库模板: sample_id=FDSW250185316-1r, test_no=Novaseq X Plus-PE150, index_seq=TCATTGCACC;ATCGAAGCTC
2026-06-14 21:12:44.856 | INFO     | __main__:_validate_balance_injection_lane_state:7079 - Lane DLG55_TMP 候选平衡文库 FDSW250185316-1r 注入校验失败: ['10bp Index占比26.4%低于40%要求']
2026-06-14 21:12:45.776 | WARNING  | __main__:_materialize_balance_library_for_lane:7402 - Lane DLG55_TMP 平衡文库补充失败: 需补 107.232G，实验室=天津科技服务实验室，工序=Novaseq X Plus-PE150
2026-06-14 21:12:49.092 | INFO     | __main__:_materialize_balance_library_for_lane:7277 - Lane DLG55_TMP 尝试补平衡文库模板: sample_id=phix, test_no=Novaseq X Plus-PE150, index_seq=GGGGGGGGGG;ACCGAGATCT
2026-06-14 21:12:49.437 | INFO     | __main__:_validate_balance_injection_lane_state:7079 - Lane DLG55_TMP 候选平衡文库 phix 注入校验失败: ['10bp Index占比26.4%低于40%要求']
2026-06-14 21:12:49.437 | INFO     | __main__:_materialize_balance_library_for_lane:7277 - Lane DLG55_TMP 尝试补平衡文库模板: sample_id=FDSW250185295-1r, test_no=Novaseq X Plus-PE150, index_seq=AGCATCGAGT;AGCATCCTCA
2026-06-14 21:12:49.784 | INFO     | __main__:_validate_balance_injection_lane_state:7079 - Lane DLG55_TMP 候选平衡文库 FDSW250185295-1r 注入校验失败: ['10bp Index占比26.4%低于40%要求']
2026-06-14 21:12:49.784 | INFO     | __main__:_materialize_balance_library_for_lane:7277 - Lane DLG55_TMP 尝试补平衡文库模板: sample_id=FDSW250185296-1r, test_no=Novaseq X Plus-PE150, index_seq=CTCACACTGA;CTCACACATG
2026-06-14 21:12:50.130 | INFO     | __main__:_validate_balance_injection_lane_state:7079 - Lane DLG55_TMP 候选平衡文库 FDSW250185296-1r 注入校验失败: ['10bp Index占比26.4%低于40%要求']
2026-06-14 21:12:50.131 | INFO     | __main__:_materialize_balance_library_for_lane:7277 - Lane DLG55_TMP 尝试补平衡文库模板: sample_id=FDSW250185298-1r, test_no=Novaseq X Plus-PE150, index_seq=CCGACTAGAT;CCGACTAAGA
2026-06-14 21:12:50.477 | INFO     | __main__:_validate_balance_injection_lane_state:7079 - Lane DLG55_TMP 候选平衡文库 FDSW250185298-1r 注入校验失败: ['10bp Index占比26.4%低于40%要求']
2026-06-14 21:12:50.477 | INFO     | __main__:_materialize_balance_library_for_lane:7277 - Lane DLG55_TMP 尝试补平衡文库模板: sample_id=FDSW250185306-1r, test_no=Novaseq X Plus-PE150, index_seq=ACAGAGCGAT;GACTACTCAC
2026-06-14 21:12:50.822 | INFO     | __main__:_validate_balance_injection_lane_state:7079 - Lane DLG55_TMP 候选平衡文库 FDSW250185306-1r 注入校验失败: ['10bp Index占比26.4%低于40%要求']
2026-06-14 21:12:50.822 | INFO     | __main__:_materialize_balance_library_for_lane:7277 - Lane DLG55_TMP 尝试补平衡文库模板: sample_id=FDSW250185309-1r, test_no=Novaseq X Plus-PE150, index_seq=GTCACACACT;CAAGTGCTTC
2026-06-14 21:12:51.168 | INFO     | __main__:_validate_balance_injection_lane_state:7079 - Lane DLG55_TMP 候选平衡文库 FDSW250185309-1r 注入校验失败: ['10bp Index占比26.4%低于40%要求']
2026-06-14 21:12:51.168 | INFO     | __main__:_materialize_balance_library_for_lane:7277 - Lane DLG55_TMP 尝试补平衡文库模板: sample_id=FDSW250185313-1r, test_no=Novaseq X Plus-PE150, index_seq=ATCGAATGCG;CGATATCTGC
2026-06-14 21:12:51.517 | INFO     | __main__:_validate_balance_injection_lane_state:7079 - Lane DLG55_TMP 候选平衡文库 FDSW250185313-1r 注入校验失败: ['10bp Index占比26.4%低于40%要求']
2026-06-14 21:12:51.517 | INFO     | __main__:_materialize_balance_library_for_lane:7277 - Lane DLG55_TMP 尝试补平衡文库模板: sample_id=FDSW250185316-1r, test_no=Novaseq X Plus-PE150, index_seq=TCATTGCACC;ATCGAAGCTC
2026-06-14 21:12:51.863 | INFO     | __main__:_validate_balance_injection_lane_state:7079 - Lane DLG55_TMP 候选平衡文库 FDSW250185316-1r 注入校验失败: ['10bp Index占比26.4%低于40%要求']
2026-06-14 21:12:52.786 | WARNING  | __main__:_materialize_balance_library_for_lane:7402 - Lane DLG55_TMP 平衡文库补充失败: 需补 107.232G，实验室=天津科技服务实验室，工序=Novaseq X Plus-PE150
2026-06-14 21:12:56.101 | INFO     | __main__:_materialize_balance_library_for_lane:7277 - Lane DLG55_TMP 尝试补平衡文库模板: sample_id=phix, test_no=Novaseq X Plus-PE150, index_seq=GGGGGGGGGG;ACCGAGATCT
2026-06-14 21:12:56.446 | INFO     | __main__:_validate_balance_injection_lane_state:7079 - Lane DLG55_TMP 候选平衡文库 phix 注入校验失败: ['10bp Index占比26.4%低于40%要求']
2026-06-14 21:12:56.446 | INFO     | __main__:_materialize_balance_library_for_lane:7277 - Lane DLG55_TMP 尝试补平衡文库模板: sample_id=FDSW250185295-1r, test_no=Novaseq X Plus-PE150, index_seq=AGCATCGAGT;AGCATCCTCA
2026-06-14 21:12:56.791 | INFO     | __main__:_validate_balance_injection_lane_state:7079 - Lane DLG55_TMP 候选平衡文库 FDSW250185295-1r 注入校验失败: ['10bp Index占比26.4%低于40%要求']
2026-06-14 21:12:56.792 | INFO     | __main__:_materialize_balance_library_for_lane:7277 - Lane DLG55_TMP 尝试补平衡文库模板: sample_id=FDSW250185296-1r, test_no=Novaseq X Plus-PE150, index_seq=CTCACACTGA;CTCACACATG
2026-06-14 21:12:57.137 | INFO     | __main__:_validate_balance_injection_lane_state:7079 - Lane DLG55_TMP 候选平衡文库 FDSW250185296-1r 注入校验失败: ['10bp Index占比26.4%低于40%要求']
2026-06-14 21:12:57.137 | INFO     | __main__:_materialize_balance_library_for_lane:7277 - Lane DLG55_TMP 尝试补平衡文库模板: sample_id=FDSW250185298-1r, test_no=Novaseq X Plus-PE150, index_seq=CCGACTAGAT;CCGACTAAGA
2026-06-14 21:12:57.481 | INFO     | __main__:_validate_balance_injection_lane_state:7079 - Lane DLG55_TMP 候选平衡文库 FDSW250185298-1r 注入校验失败: ['10bp Index占比26.4%低于40%要求']
2026-06-14 21:12:57.482 | INFO     | __main__:_materialize_balance_library_for_lane:7277 - Lane DLG55_TMP 尝试补平衡文库模板: sample_id=FDSW250185306-1r, test_no=Novaseq X Plus-PE150, index_seq=ACAGAGCGAT;GACTACTCAC
2026-06-14 21:12:57.827 | INFO     | __main__:_validate_balance_injection_lane_state:7079 - Lane DLG55_TMP 候选平衡文库 FDSW250185306-1r 注入校验失败: ['10bp Index占比26.4%低于40%要求']
2026-06-14 21:12:57.827 | INFO     | __main__:_materialize_balance_library_for_lane:7277 - Lane DLG55_TMP 尝试补平衡文库模板: sample_id=FDSW250185309-1r, test_no=Novaseq X Plus-PE150, index_seq=GTCACACACT;CAAGTGCTTC
2026-06-14 21:12:58.172 | INFO     | __main__:_validate_balance_injection_lane_state:7079 - Lane DLG55_TMP 候选平衡文库 FDSW250185309-1r 注入校验失败: ['10bp Index占比26.4%低于40%要求']
2026-06-14 21:12:58.172 | INFO     | __main__:_materialize_balance_library_for_lane:7277 - Lane DLG55_TMP 尝试补平衡文库模板: sample_id=FDSW250185313-1r, test_no=Novaseq X Plus-PE150, index_seq=ATCGAATGCG;CGATATCTGC
2026-06-14 21:12:58.517 | INFO     | __main__:_validate_balance_injection_lane_state:7079 - Lane DLG55_TMP 候选平衡文库 FDSW250185313-1r 注入校验失败: ['10bp Index占比26.4%低于40%要求']
2026-06-14 21:12:58.517 | INFO     | __main__:_materialize_balance_library_for_lane:7277 - Lane DLG55_TMP 尝试补平衡文库模板: sample_id=FDSW250185316-1r, test_no=Novaseq X Plus-PE150, index_seq=TCATTGCACC;ATCGAAGCTC
2026-06-14 21:12:58.864 | INFO     | __main__:_validate_balance_injection_lane_state:7079 - Lane DLG55_TMP 候选平衡文库 FDSW250185316-1r 注入校验失败: ['10bp Index占比26.4%低于40%要求']
2026-06-14 21:12:59.784 | WARNING  | __main__:_materialize_balance_library_for_lane:7402 - Lane DLG55_TMP 平衡文库补充失败: 需补 107.232G，实验室=天津科技服务实验室，工序=Novaseq X Plus-PE150
2026-06-14 21:13:03.107 | INFO     | __main__:_materialize_balance_library_for_lane:7277 - Lane DLG55_TMP 尝试补平衡文库模板: sample_id=phix, test_no=Novaseq X Plus-PE150, index_seq=GGGGGGGGGG;ACCGAGATCT
2026-06-14 21:13:03.452 | INFO     | __main__:_validate_balance_injection_lane_state:7079 - Lane DLG55_TMP 候选平衡文库 phix 注入校验失败: ['10bp Index占比26.4%低于40%要求']
2026-06-14 21:13:03.453 | INFO     | __main__:_materialize_balance_library_for_lane:7277 - Lane DLG55_TMP 尝试补平衡文库模板: sample_id=FDSW250185295-1r, test_no=Novaseq X Plus-PE150, index_seq=AGCATCGAGT;AGCATCCTCA
2026-06-14 21:13:03.802 | INFO     | __main__:_validate_balance_injection_lane_state:7079 - Lane DLG55_TMP 候选平衡文库 FDSW250185295-1r 注入校验失败: ['10bp Index占比26.4%低于40%要求']
2026-06-14 21:13:03.802 | INFO     | __main__:_materialize_balance_library_for_lane:7277 - Lane DLG55_TMP 尝试补平衡文库模板: sample_id=FDSW250185296-1r, test_no=Novaseq X Plus-PE150, index_seq=CTCACACTGA;CTCACACATG
2026-06-14 21:13:04.148 | INFO     | __main__:_validate_balance_injection_lane_state:7079 - Lane DLG55_TMP 候选平衡文库 FDSW250185296-1r 注入校验失败: ['10bp Index占比26.4%低于40%要求']
2026-06-14 21:13:04.148 | INFO     | __main__:_materialize_balance_library_for_lane:7277 - Lane DLG55_TMP 尝试补平衡文库模板: sample_id=FDSW250185298-1r, test_no=Novaseq X Plus-PE150, index_seq=CCGACTAGAT;CCGACTAAGA
2026-06-14 21:13:04.497 | INFO     | __main__:_validate_balance_injection_lane_state:7079 - Lane DLG55_TMP 候选平衡文库 FDSW250185298-1r 注入校验失败: ['10bp Index占比26.4%低于40%要求']
2026-06-14 21:13:04.497 | INFO     | __main__:_materialize_balance_library_for_lane:7277 - Lane DLG55_TMP 尝试补平衡文库模板: sample_id=FDSW250185306-1r, test_no=Novaseq X Plus-PE150, index_seq=ACAGAGCGAT;GACTACTCAC
2026-06-14 21:13:04.844 | INFO     | __main__:_validate_balance_injection_lane_state:7079 - Lane DLG55_TMP 候选平衡文库 FDSW250185306-1r 注入校验失败: ['10bp Index占比26.4%低于40%要求']
2026-06-14 21:13:04.844 | INFO     | __main__:_materialize_balance_library_for_lane:7277 - Lane DLG55_TMP 尝试补平衡文库模板: sample_id=FDSW250185309-1r, test_no=Novaseq X Plus-PE150, index_seq=GTCACACACT;CAAGTGCTTC
2026-06-14 21:13:05.192 | INFO     | __main__:_validate_balance_injection_lane_state:7079 - Lane DLG55_TMP 候选平衡文库 FDSW250185309-1r 注入校验失败: ['10bp Index占比26.4%低于40%要求']
2026-06-14 21:13:05.192 | INFO     | __main__:_materialize_balance_library_for_lane:7277 - Lane DLG55_TMP 尝试补平衡文库模板: sample_id=FDSW250185313-1r, test_no=Novaseq X Plus-PE150, index_seq=ATCGAATGCG;CGATATCTGC
2026-06-14 21:13:05.538 | INFO     | __main__:_validate_balance_injection_lane_state:7079 - Lane DLG55_TMP 候选平衡文库 FDSW250185313-1r 注入校验失败: ['10bp Index占比26.4%低于40%要求']
2026-06-14 21:13:05.538 | INFO     | __main__:_materialize_balance_library_for_lane:7277 - Lane DLG55_TMP 尝试补平衡文库模板: sample_id=FDSW250185316-1r, test_no=Novaseq X Plus-PE150, index_seq=TCATTGCACC;ATCGAAGCTC
2026-06-14 21:13:05.886 | INFO     | __main__:_validate_balance_injection_lane_state:7079 - Lane DLG55_TMP 候选平衡文库 FDSW250185316-1r 注入校验失败: ['10bp Index占比26.4%低于40%要求']
2026-06-14 21:13:06.820 | WARNING  | __main__:_materialize_balance_library_for_lane:7402 - Lane DLG55_TMP 平衡文库补充失败: 需补 107.232G，实验室=天津科技服务实验室，工序=Novaseq X Plus-PE150
2026-06-14 21:13:10.146 | INFO     | __main__:_materialize_balance_library_for_lane:7277 - Lane DLG55_TMP 尝试补平衡文库模板: sample_id=phix, test_no=Novaseq X Plus-PE150, index_seq=GGGGGGGGGG;ACCGAGATCT
2026-06-14 21:13:10.492 | INFO     | __main__:_validate_balance_injection_lane_state:7079 - Lane DLG55_TMP 候选平衡文库 phix 注入校验失败: ['10bp Index占比26.4%低于40%要求']
2026-06-14 21:13:10.492 | INFO     | __main__:_materialize_balance_library_for_lane:7277 - Lane DLG55_TMP 尝试补平衡文库模板: sample_id=FDSW250185295-1r, test_no=Novaseq X Plus-PE150, index_seq=AGCATCGAGT;AGCATCCTCA
2026-06-14 21:13:10.840 | INFO     | __main__:_validate_balance_injection_lane_state:7079 - Lane DLG55_TMP 候选平衡文库 FDSW250185295-1r 注入校验失败: ['10bp Index占比26.4%低于40%要求']
2026-06-14 21:13:10.840 | INFO     | __main__:_materialize_balance_library_for_lane:7277 - Lane DLG55_TMP 尝试补平衡文库模板: sample_id=FDSW250185296-1r, test_no=Novaseq X Plus-PE150, index_seq=CTCACACTGA;CTCACACATG
2026-06-14 21:13:11.187 | INFO     | __main__:_validate_balance_injection_lane_state:7079 - Lane DLG55_TMP 候选平衡文库 FDSW250185296-1r 注入校验失败: ['10bp Index占比26.4%低于40%要求']
2026-06-14 21:13:11.187 | INFO     | __main__:_materialize_balance_library_for_lane:7277 - Lane DLG55_TMP 尝试补平衡文库模板: sample_id=FDSW250185298-1r, test_no=Novaseq X Plus-PE150, index_seq=CCGACTAGAT;CCGACTAAGA
2026-06-14 21:13:11.535 | INFO     | __main__:_validate_balance_injection_lane_state:7079 - Lane DLG55_TMP 候选平衡文库 FDSW250185298-1r 注入校验失败: ['10bp Index占比26.4%低于40%要求']
2026-06-14 21:13:11.535 | INFO     | __main__:_materialize_balance_library_for_lane:7277 - Lane DLG55_TMP 尝试补平衡文库模板: sample_id=FDSW250185306-1r, test_no=Novaseq X Plus-PE150, index_seq=ACAGAGCGAT;GACTACTCAC
2026-06-14 21:13:11.881 | INFO     | __main__:_validate_balance_injection_lane_state:7079 - Lane DLG55_TMP 候选平衡文库 FDSW250185306-1r 注入校验失败: ['10bp Index占比26.4%低于40%要求']
2026-06-14 21:13:11.881 | INFO     | __main__:_materialize_balance_library_for_lane:7277 - Lane DLG55_TMP 尝试补平衡文库模板: sample_id=FDSW250185309-1r, test_no=Novaseq X Plus-PE150, index_seq=GTCACACACT;CAAGTGCTTC
2026-06-14 21:13:12.229 | INFO     | __main__:_validate_balance_injection_lane_state:7079 - Lane DLG55_TMP 候选平衡文库 FDSW250185309-1r 注入校验失败: ['10bp Index占比26.4%低于40%要求']
2026-06-14 21:13:12.230 | INFO     | __main__:_materialize_balance_library_for_lane:7277 - Lane DLG55_TMP 尝试补平衡文库模板: sample_id=FDSW250185313-1r, test_no=Novaseq X Plus-PE150, index_seq=ATCGAATGCG;CGATATCTGC
2026-06-14 21:13:12.575 | INFO     | __main__:_validate_balance_injection_lane_state:7079 - Lane DLG55_TMP 候选平衡文库 FDSW250185313-1r 注入校验失败: ['10bp Index占比26.4%低于40%要求']
2026-06-14 21:13:12.576 | INFO     | __main__:_materialize_balance_library_for_lane:7277 - Lane DLG55_TMP 尝试补平衡文库模板: sample_id=FDSW250185316-1r, test_no=Novaseq X Plus-PE150, index_seq=TCATTGCACC;ATCGAAGCTC
2026-06-14 21:13:12.922 | INFO     | __main__:_validate_balance_injection_lane_state:7079 - Lane DLG55_TMP 候选平衡文库 FDSW250185316-1r 注入校验失败: ['10bp Index占比26.4%低于40%要求']
2026-06-14 21:13:13.848 | WARNING  | __main__:_materialize_balance_library_for_lane:7402 - Lane DLG55_TMP 平衡文库补充失败: 需补 107.232G，实验室=天津科技服务实验室，工序=Novaseq X Plus-PE150
2026-06-14 21:13:17.179 | INFO     | __main__:_materialize_balance_library_for_lane:7277 - Lane DLG55_TMP 尝试补平衡文库模板: sample_id=phix, test_no=Novaseq X Plus-PE150, index_seq=GGGGGGGGGG;ACCGAGATCT
2026-06-14 21:13:17.526 | INFO     | __main__:_validate_balance_injection_lane_state:7079 - Lane DLG55_TMP 候选平衡文库 phix 注入校验失败: ['10bp Index占比26.4%低于40%要求']
2026-06-14 21:13:17.526 | INFO     | __main__:_materialize_balance_library_for_lane:7277 - Lane DLG55_TMP 尝试补平衡文库模板: sample_id=FDSW250185295-1r, test_no=Novaseq X Plus-PE150, index_seq=AGCATCGAGT;AGCATCCTCA
2026-06-14 21:13:17.873 | INFO     | __main__:_validate_balance_injection_lane_state:7079 - Lane DLG55_TMP 候选平衡文库 FDSW250185295-1r 注入校验失败: ['10bp Index占比26.4%低于40%要求']
2026-06-14 21:13:17.873 | INFO     | __main__:_materialize_balance_library_for_lane:7277 - Lane DLG55_TMP 尝试补平衡文库模板: sample_id=FDSW250185296-1r, test_no=Novaseq X Plus-PE150, index_seq=CTCACACTGA;CTCACACATG
2026-06-14 21:13:18.218 | INFO     | __main__:_validate_balance_injection_lane_state:7079 - Lane DLG55_TMP 候选平衡文库 FDSW250185296-1r 注入校验失败: ['10bp Index占比26.4%低于40%要求']
2026-06-14 21:13:18.218 | INFO     | __main__:_materialize_balance_library_for_lane:7277 - Lane DLG55_TMP 尝试补平衡文库模板: sample_id=FDSW250185298-1r, test_no=Novaseq X Plus-PE150, index_seq=CCGACTAGAT;CCGACTAAGA
2026-06-14 21:13:18.566 | INFO     | __main__:_validate_balance_injection_lane_state:7079 - Lane DLG55_TMP 候选平衡文库 FDSW250185298-1r 注入校验失败: ['10bp Index占比26.4%低于40%要求']
2026-06-14 21:13:18.566 | INFO     | __main__:_materialize_balance_library_for_lane:7277 - Lane DLG55_TMP 尝试补平衡文库模板: sample_id=FDSW250185306-1r, test_no=Novaseq X Plus-PE150, index_seq=ACAGAGCGAT;GACTACTCAC
2026-06-14 21:13:18.911 | INFO     | __main__:_validate_balance_injection_lane_state:7079 - Lane DLG55_TMP 候选平衡文库 FDSW250185306-1r 注入校验失败: ['10bp Index占比26.4%低于40%要求']
2026-06-14 21:13:18.911 | INFO     | __main__:_materialize_balance_library_for_lane:7277 - Lane DLG55_TMP 尝试补平衡文库模板: sample_id=FDSW250185309-1r, test_no=Novaseq X Plus-PE150, index_seq=GTCACACACT;CAAGTGCTTC
2026-06-14 21:13:19.258 | INFO     | __main__:_validate_balance_injection_lane_state:7079 - Lane DLG55_TMP 候选平衡文库 FDSW250185309-1r 注入校验失败: ['10bp Index占比26.4%低于40%要求']
2026-06-14 21:13:19.258 | INFO     | __main__:_materialize_balance_library_for_lane:7277 - Lane DLG55_TMP 尝试补平衡文库模板: sample_id=FDSW250185313-1r, test_no=Novaseq X Plus-PE150, index_seq=ATCGAATGCG;CGATATCTGC
2026-06-14 21:13:19.605 | INFO     | __main__:_validate_balance_injection_lane_state:7079 - Lane DLG55_TMP 候选平衡文库 FDSW250185313-1r 注入校验失败: ['10bp Index占比26.4%低于40%要求']
2026-06-14 21:13:19.605 | INFO     | __main__:_materialize_balance_library_for_lane:7277 - Lane DLG55_TMP 尝试补平衡文库模板: sample_id=FDSW250185316-1r, test_no=Novaseq X Plus-PE150, index_seq=TCATTGCACC;ATCGAAGCTC
2026-06-14 21:13:19.951 | INFO     | __main__:_validate_balance_injection_lane_state:7079 - Lane DLG55_TMP 候选平衡文库 FDSW250185316-1r 注入校验失败: ['10bp Index占比26.4%低于40%要求']
2026-06-14 21:13:20.877 | WARNING  | __main__:_materialize_balance_library_for_lane:7402 - Lane DLG55_TMP 平衡文库补充失败: 需补 107.232G，实验室=天津科技服务实验室，工序=Novaseq X Plus-PE150
2026-06-14 21:13:24.211 | INFO     | __main__:_materialize_balance_library_for_lane:7277 - Lane DLG55_TMP 尝试补平衡文库模板: sample_id=phix, test_no=Novaseq X Plus-PE150, index_seq=GGGGGGGGGG;ACCGAGATCT
2026-06-14 21:13:24.557 | INFO     | __main__:_validate_balance_injection_lane_state:7079 - Lane DLG55_TMP 候选平衡文库 phix 注入校验失败: ['10bp Index占比26.4%低于40%要求']
2026-06-14 21:13:24.557 | INFO     | __main__:_materialize_balance_library_for_lane:7277 - Lane DLG55_TMP 尝试补平衡文库模板: sample_id=FDSW250185295-1r, test_no=Novaseq X Plus-PE150, index_seq=AGCATCGAGT;AGCATCCTCA
2026-06-14 21:13:24.904 | INFO     | __main__:_validate_balance_injection_lane_state:7079 - Lane DLG55_TMP 候选平衡文库 FDSW250185295-1r 注入校验失败: ['10bp Index占比26.4%低于40%要求']
2026-06-14 21:13:24.904 | INFO     | __main__:_materialize_balance_library_for_lane:7277 - Lane DLG55_TMP 尝试补平衡文库模板: sample_id=FDSW250185296-1r, test_no=Novaseq X Plus-PE150, index_seq=CTCACACTGA;CTCACACATG
2026-06-14 21:13:25.249 | INFO     | __main__:_validate_balance_injection_lane_state:7079 - Lane DLG55_TMP 候选平衡文库 FDSW250185296-1r 注入校验失败: ['10bp Index占比26.4%低于40%要求']
2026-06-14 21:13:25.249 | INFO     | __main__:_materialize_balance_library_for_lane:7277 - Lane DLG55_TMP 尝试补平衡文库模板: sample_id=FDSW250185298-1r, test_no=Novaseq X Plus-PE150, index_seq=CCGACTAGAT;CCGACTAAGA
2026-06-14 21:13:25.596 | INFO     | __main__:_validate_balance_injection_lane_state:7079 - Lane DLG55_TMP 候选平衡文库 FDSW250185298-1r 注入校验失败: ['10bp Index占比26.4%低于40%要求']
2026-06-14 21:13:25.596 | INFO     | __main__:_materialize_balance_library_for_lane:7277 - Lane DLG55_TMP 尝试补平衡文库模板: sample_id=FDSW250185306-1r, test_no=Novaseq X Plus-PE150, index_seq=ACAGAGCGAT;GACTACTCAC
2026-06-14 21:13:25.943 | INFO     | __main__:_validate_balance_injection_lane_state:7079 - Lane DLG55_TMP 候选平衡文库 FDSW250185306-1r 注入校验失败: ['10bp Index占比26.4%低于40%要求']
2026-06-14 21:13:25.943 | INFO     | __main__:_materialize_balance_library_for_lane:7277 - Lane DLG55_TMP 尝试补平衡文库模板: sample_id=FDSW250185309-1r, test_no=Novaseq X Plus-PE150, index_seq=GTCACACACT;CAAGTGCTTC
2026-06-14 21:13:26.290 | INFO     | __main__:_validate_balance_injection_lane_state:7079 - Lane DLG55_TMP 候选平衡文库 FDSW250185309-1r 注入校验失败: ['10bp Index占比26.4%低于40%要求']
2026-06-14 21:13:26.290 | INFO     | __main__:_materialize_balance_library_for_lane:7277 - Lane DLG55_TMP 尝试补平衡文库模板: sample_id=FDSW250185313-1r, test_no=Novaseq X Plus-PE150, index_seq=ATCGAATGCG;CGATATCTGC
2026-06-14 21:13:26.637 | INFO     | __main__:_validate_balance_injection_lane_state:7079 - Lane DLG55_TMP 候选平衡文库 FDSW250185313-1r 注入校验失败: ['10bp Index占比26.4%低于40%要求']
2026-06-14 21:13:26.637 | INFO     | __main__:_materialize_balance_library_for_lane:7277 - Lane DLG55_TMP 尝试补平衡文库模板: sample_id=FDSW250185316-1r, test_no=Novaseq X Plus-PE150, index_seq=TCATTGCACC;ATCGAAGCTC
2026-06-14 21:13:26.985 | INFO     | __main__:_validate_balance_injection_lane_state:7079 - Lane DLG55_TMP 候选平衡文库 FDSW250185316-1r 注入校验失败: ['10bp Index占比26.4%低于40%要求']
2026-06-14 21:13:27.912 | WARNING  | __main__:_materialize_balance_library_for_lane:7402 - Lane DLG55_TMP 平衡文库补充失败: 需补 107.232G，实验室=天津科技服务实验室，工序=Novaseq X Plus-PE150
2026-06-14 21:13:31.238 | INFO     | __main__:_materialize_balance_library_for_lane:7277 - Lane DLG55_TMP 尝试补平衡文库模板: sample_id=phix, test_no=Novaseq X Plus-PE150, index_seq=GGGGGGGGGG;ACCGAGATCT
2026-06-14 21:13:31.585 | INFO     | __main__:_validate_balance_injection_lane_state:7079 - Lane DLG55_TMP 候选平衡文库 phix 注入校验失败: ['10bp Index占比26.4%低于40%要求']
2026-06-14 21:13:31.585 | INFO     | __main__:_materialize_balance_library_for_lane:7277 - Lane DLG55_TMP 尝试补平衡文库模板: sample_id=FDSW250185295-1r, test_no=Novaseq X Plus-PE150, index_seq=AGCATCGAGT;AGCATCCTCA
2026-06-14 21:13:31.931 | INFO     | __main__:_validate_balance_injection_lane_state:7079 - Lane DLG55_TMP 候选平衡文库 FDSW250185295-1r 注入校验失败: ['10bp Index占比26.4%低于40%要求']
2026-06-14 21:13:31.931 | INFO     | __main__:_materialize_balance_library_for_lane:7277 - Lane DLG55_TMP 尝试补平衡文库模板: sample_id=FDSW250185296-1r, test_no=Novaseq X Plus-PE150, index_seq=CTCACACTGA;CTCACACATG
2026-06-14 21:13:32.277 | INFO     | __main__:_validate_balance_injection_lane_state:7079 - Lane DLG55_TMP 候选平衡文库 FDSW250185296-1r 注入校验失败: ['10bp Index占比26.4%低于40%要求']
2026-06-14 21:13:32.277 | INFO     | __main__:_materialize_balance_library_for_lane:7277 - Lane DLG55_TMP 尝试补平衡文库模板: sample_id=FDSW250185298-1r, test_no=Novaseq X Plus-PE150, index_seq=CCGACTAGAT;CCGACTAAGA
2026-06-14 21:13:32.623 | INFO     | __main__:_validate_balance_injection_lane_state:7079 - Lane DLG55_TMP 候选平衡文库 FDSW250185298-1r 注入校验失败: ['10bp Index占比26.4%低于40%要求']
2026-06-14 21:13:32.623 | INFO     | __main__:_materialize_balance_library_for_lane:7277 - Lane DLG55_TMP 尝试补平衡文库模板: sample_id=FDSW250185306-1r, test_no=Novaseq X Plus-PE150, index_seq=ACAGAGCGAT;GACTACTCAC
2026-06-14 21:13:32.971 | INFO     | __main__:_validate_balance_injection_lane_state:7079 - Lane DLG55_TMP 候选平衡文库 FDSW250185306-1r 注入校验失败: ['10bp Index占比26.4%低于40%要求']
2026-06-14 21:13:32.971 | INFO     | __main__:_materialize_balance_library_for_lane:7277 - Lane DLG55_TMP 尝试补平衡文库模板: sample_id=FDSW250185309-1r, test_no=Novaseq X Plus-PE150, index_seq=GTCACACACT;CAAGTGCTTC
2026-06-14 21:13:33.317 | INFO     | __main__:_validate_balance_injection_lane_state:7079 - Lane DLG55_TMP 候选平衡文库 FDSW250185309-1r 注入校验失败: ['10bp Index占比26.4%低于40%要求']
2026-06-14 21:13:33.317 | INFO     | __main__:_materialize_balance_library_for_lane:7277 - Lane DLG55_TMP 尝试补平衡文库模板: sample_id=FDSW250185313-1r, test_no=Novaseq X Plus-PE150, index_seq=ATCGAATGCG;CGATATCTGC
2026-06-14 21:13:33.663 | INFO     | __main__:_validate_balance_injection_lane_state:7079 - Lane DLG55_TMP 候选平衡文库 FDSW250185313-1r 注入校验失败: ['10bp Index占比26.4%低于40%要求']
2026-06-14 21:13:33.663 | INFO     | __main__:_materialize_balance_library_for_lane:7277 - Lane DLG55_TMP 尝试补平衡文库模板: sample_id=FDSW250185316-1r, test_no=Novaseq X Plus-PE150, index_seq=TCATTGCACC;ATCGAAGCTC
2026-06-14 21:13:34.008 | INFO     | __main__:_validate_balance_injection_lane_state:7079 - Lane DLG55_TMP 候选平衡文库 FDSW250185316-1r 注入校验失败: ['10bp Index占比26.4%低于40%要求']
2026-06-14 21:13:34.937 | WARNING  | __main__:_materialize_balance_library_for_lane:7402 - Lane DLG55_TMP 平衡文库补充失败: 需补 107.232G，实验室=天津科技服务实验室，工序=Novaseq X Plus-PE150
2026-06-14 21:13:38.257 | INFO     | __main__:_materialize_balance_library_for_lane:7277 - Lane DLG55_TMP 尝试补平衡文库模板: sample_id=phix, test_no=Novaseq X Plus-PE150, index_seq=GGGGGGGGGG;ACCGAGATCT
2026-06-14 21:13:38.605 | INFO     | __main__:_validate_balance_injection_lane_state:7079 - Lane DLG55_TMP 候选平衡文库 phix 注入校验失败: ['10bp Index占比26.4%低于40%要求']
2026-06-14 21:13:38.605 | INFO     | __main__:_materialize_balance_library_for_lane:7277 - Lane DLG55_TMP 尝试补平衡文库模板: sample_id=FDSW250185295-1r, test_no=Novaseq X Plus-PE150, index_seq=AGCATCGAGT;AGCATCCTCA
2026-06-14 21:13:38.953 | INFO     | __main__:_validate_balance_injection_lane_state:7079 - Lane DLG55_TMP 候选平衡文库 FDSW250185295-1r 注入校验失败: ['10bp Index占比26.4%低于40%要求']
2026-06-14 21:13:38.953 | INFO     | __main__:_materialize_balance_library_for_lane:7277 - Lane DLG55_TMP 尝试补平衡文库模板: sample_id=FDSW250185296-1r, test_no=Novaseq X Plus-PE150, index_seq=CTCACACTGA;CTCACACATG
2026-06-14 21:13:39.299 | INFO     | __main__:_validate_balance_injection_lane_state:7079 - Lane DLG55_TMP 候选平衡文库 FDSW250185296-1r 注入校验失败: ['10bp Index占比26.4%低于40%要求']
2026-06-14 21:13:39.299 | INFO     | __main__:_materialize_balance_library_for_lane:7277 - Lane DLG55_TMP 尝试补平衡文库模板: sample_id=FDSW250185298-1r, test_no=Novaseq X Plus-PE150, index_seq=CCGACTAGAT;CCGACTAAGA
2026-06-14 21:13:39.643 | INFO     | __main__:_validate_balance_injection_lane_state:7079 - Lane DLG55_TMP 候选平衡文库 FDSW250185298-1r 注入校验失败: ['10bp Index占比26.4%低于40%要求']
2026-06-14 21:13:39.644 | INFO     | __main__:_materialize_balance_library_for_lane:7277 - Lane DLG55_TMP 尝试补平衡文库模板: sample_id=FDSW250185306-1r, test_no=Novaseq X Plus-PE150, index_seq=ACAGAGCGAT;GACTACTCAC
2026-06-14 21:13:39.988 | INFO     | __main__:_validate_balance_injection_lane_state:7079 - Lane DLG55_TMP 候选平衡文库 FDSW250185306-1r 注入校验失败: ['10bp Index占比26.4%低于40%要求']
2026-06-14 21:13:39.988 | INFO     | __main__:_materialize_balance_library_for_lane:7277 - Lane DLG55_TMP 尝试补平衡文库模板: sample_id=FDSW250185309-1r, test_no=Novaseq X Plus-PE150, index_seq=GTCACACACT;CAAGTGCTTC
2026-06-14 21:13:40.333 | INFO     | __main__:_validate_balance_injection_lane_state:7079 - Lane DLG55_TMP 候选平衡文库 FDSW250185309-1r 注入校验失败: ['10bp Index占比26.4%低于40%要求']
2026-06-14 21:13:40.333 | INFO     | __main__:_materialize_balance_library_for_lane:7277 - Lane DLG55_TMP 尝试补平衡文库模板: sample_id=FDSW250185313-1r, test_no=Novaseq X Plus-PE150, index_seq=ATCGAATGCG;CGATATCTGC
2026-06-14 21:13:40.679 | INFO     | __main__:_validate_balance_injection_lane_state:7079 - Lane DLG55_TMP 候选平衡文库 FDSW250185313-1r 注入校验失败: ['10bp Index占比26.4%低于40%要求']
2026-06-14 21:13:40.680 | INFO     | __main__:_materialize_balance_library_for_lane:7277 - Lane DLG55_TMP 尝试补平衡文库模板: sample_id=FDSW250185316-1r, test_no=Novaseq X Plus-PE150, index_seq=TCATTGCACC;ATCGAAGCTC
2026-06-14 21:13:41.025 | INFO     | __main__:_validate_balance_injection_lane_state:7079 - Lane DLG55_TMP 候选平衡文库 FDSW250185316-1r 注入校验失败: ['10bp Index占比26.4%低于40%要求']
2026-06-14 21:13:41.947 | WARNING  | __main__:_materialize_balance_library_for_lane:7402 - Lane DLG55_TMP 平衡文库补充失败: 需补 107.232G，实验室=天津科技服务实验室，工序=Novaseq X Plus-PE150
2026-06-14 21:13:45.277 | INFO     | __main__:_materialize_balance_library_for_lane:7277 - Lane DLG55_TMP 尝试补平衡文库模板: sample_id=phix, test_no=Novaseq X Plus-PE150, index_seq=GGGGGGGGGG;ACCGAGATCT
2026-06-14 21:13:45.623 | INFO     | __main__:_validate_balance_injection_lane_state:7079 - Lane DLG55_TMP 候选平衡文库 phix 注入校验失败: ['10bp Index占比26.4%低于40%要求']
2026-06-14 21:13:45.623 | INFO     | __main__:_materialize_balance_library_for_lane:7277 - Lane DLG55_TMP 尝试补平衡文库模板: sample_id=FDSW250185295-1r, test_no=Novaseq X Plus-PE150, index_seq=AGCATCGAGT;AGCATCCTCA
2026-06-14 21:13:45.969 | INFO     | __main__:_validate_balance_injection_lane_state:7079 - Lane DLG55_TMP 候选平衡文库 FDSW250185295-1r 注入校验失败: ['10bp Index占比26.4%低于40%要求']
2026-06-14 21:13:45.969 | INFO     | __main__:_materialize_balance_library_for_lane:7277 - Lane DLG55_TMP 尝试补平衡文库模板: sample_id=FDSW250185296-1r, test_no=Novaseq X Plus-PE150, index_seq=CTCACACTGA;CTCACACATG
2026-06-14 21:13:46.315 | INFO     | __main__:_validate_balance_injection_lane_state:7079 - Lane DLG55_TMP 候选平衡文库 FDSW250185296-1r 注入校验失败: ['10bp Index占比26.4%低于40%要求']
2026-06-14 21:13:46.315 | INFO     | __main__:_materialize_balance_library_for_lane:7277 - Lane DLG55_TMP 尝试补平衡文库模板: sample_id=FDSW250185298-1r, test_no=Novaseq X Plus-PE150, index_seq=CCGACTAGAT;CCGACTAAGA
2026-06-14 21:13:46.660 | INFO     | __main__:_validate_balance_injection_lane_state:7079 - Lane DLG55_TMP 候选平衡文库 FDSW250185298-1r 注入校验失败: ['10bp Index占比26.4%低于40%要求']
2026-06-14 21:13:46.660 | INFO     | __main__:_materialize_balance_library_for_lane:7277 - Lane DLG55_TMP 尝试补平衡文库模板: sample_id=FDSW250185306-1r, test_no=Novaseq X Plus-PE150, index_seq=ACAGAGCGAT;GACTACTCAC
2026-06-14 21:13:47.005 | INFO     | __main__:_validate_balance_injection_lane_state:7079 - Lane DLG55_TMP 候选平衡文库 FDSW250185306-1r 注入校验失败: ['10bp Index占比26.4%低于40%要求']
2026-06-14 21:13:47.006 | INFO     | __main__:_materialize_balance_library_for_lane:7277 - Lane DLG55_TMP 尝试补平衡文库模板: sample_id=FDSW250185309-1r, test_no=Novaseq X Plus-PE150, index_seq=GTCACACACT;CAAGTGCTTC
2026-06-14 21:13:47.351 | INFO     | __main__:_validate_balance_injection_lane_state:7079 - Lane DLG55_TMP 候选平衡文库 FDSW250185309-1r 注入校验失败: ['10bp Index占比26.4%低于40%要求']
2026-06-14 21:13:47.351 | INFO     | __main__:_materialize_balance_library_for_lane:7277 - Lane DLG55_TMP 尝试补平衡文库模板: sample_id=FDSW250185313-1r, test_no=Novaseq X Plus-PE150, index_seq=ATCGAATGCG;CGATATCTGC
2026-06-14 21:13:47.696 | INFO     | __main__:_validate_balance_injection_lane_state:7079 - Lane DLG55_TMP 候选平衡文库 FDSW250185313-1r 注入校验失败: ['10bp Index占比26.4%低于40%要求']
2026-06-14 21:13:47.696 | INFO     | __main__:_materialize_balance_library_for_lane:7277 - Lane DLG55_TMP 尝试补平衡文库模板: sample_id=FDSW250185316-1r, test_no=Novaseq X Plus-PE150, index_seq=TCATTGCACC;ATCGAAGCTC
2026-06-14 21:13:48.041 | INFO     | __main__:_validate_balance_injection_lane_state:7079 - Lane DLG55_TMP 候选平衡文库 FDSW250185316-1r 注入校验失败: ['10bp Index占比26.4%低于40%要求']
2026-06-14 21:13:48.965 | WARNING  | __main__:_materialize_balance_library_for_lane:7402 - Lane DLG55_TMP 平衡文库补充失败: 需补 107.232G，实验室=天津科技服务实验室，工序=Novaseq X Plus-PE150
2026-06-14 21:13:52.288 | INFO     | __main__:_materialize_balance_library_for_lane:7277 - Lane DLG55_TMP 尝试补平衡文库模板: sample_id=phix, test_no=Novaseq X Plus-PE150, index_seq=GGGGGGGGGG;ACCGAGATCT
2026-06-14 21:13:52.632 | INFO     | __main__:_validate_balance_injection_lane_state:7079 - Lane DLG55_TMP 候选平衡文库 phix 注入校验失败: ['10bp Index占比26.4%低于40%要求']
2026-06-14 21:13:52.632 | INFO     | __main__:_materialize_balance_library_for_lane:7277 - Lane DLG55_TMP 尝试补平衡文库模板: sample_id=FDSW250185295-1r, test_no=Novaseq X Plus-PE150, index_seq=AGCATCGAGT;AGCATCCTCA
2026-06-14 21:13:52.976 | INFO     | __main__:_validate_balance_injection_lane_state:7079 - Lane DLG55_TMP 候选平衡文库 FDSW250185295-1r 注入校验失败: ['10bp Index占比26.4%低于40%要求']
2026-06-14 21:13:52.976 | INFO     | __main__:_materialize_balance_library_for_lane:7277 - Lane DLG55_TMP 尝试补平衡文库模板: sample_id=FDSW250185296-1r, test_no=Novaseq X Plus-PE150, index_seq=CTCACACTGA;CTCACACATG
2026-06-14 21:13:53.320 | INFO     | __main__:_validate_balance_injection_lane_state:7079 - Lane DLG55_TMP 候选平衡文库 FDSW250185296-1r 注入校验失败: ['10bp Index占比26.4%低于40%要求']
2026-06-14 21:13:53.320 | INFO     | __main__:_materialize_balance_library_for_lane:7277 - Lane DLG55_TMP 尝试补平衡文库模板: sample_id=FDSW250185298-1r, test_no=Novaseq X Plus-PE150, index_seq=CCGACTAGAT;CCGACTAAGA
2026-06-14 21:13:53.664 | INFO     | __main__:_validate_balance_injection_lane_state:7079 - Lane DLG55_TMP 候选平衡文库 FDSW250185298-1r 注入校验失败: ['10bp Index占比26.4%低于40%要求']
2026-06-14 21:13:53.664 | INFO     | __main__:_materialize_balance_library_for_lane:7277 - Lane DLG55_TMP 尝试补平衡文库模板: sample_id=FDSW250185306-1r, test_no=Novaseq X Plus-PE150, index_seq=ACAGAGCGAT;GACTACTCAC
2026-06-14 21:13:54.010 | INFO     | __main__:_validate_balance_injection_lane_state:7079 - Lane DLG55_TMP 候选平衡文库 FDSW250185306-1r 注入校验失败: ['10bp Index占比26.4%低于40%要求']
2026-06-14 21:13:54.010 | INFO     | __main__:_materialize_balance_library_for_lane:7277 - Lane DLG55_TMP 尝试补平衡文库模板: sample_id=FDSW250185309-1r, test_no=Novaseq X Plus-PE150, index_seq=GTCACACACT;CAAGTGCTTC
2026-06-14 21:13:54.355 | INFO     | __main__:_validate_balance_injection_lane_state:7079 - Lane DLG55_TMP 候选平衡文库 FDSW250185309-1r 注入校验失败: ['10bp Index占比26.4%低于40%要求']
2026-06-14 21:13:54.355 | INFO     | __main__:_materialize_balance_library_for_lane:7277 - Lane DLG55_TMP 尝试补平衡文库模板: sample_id=FDSW250185313-1r, test_no=Novaseq X Plus-PE150, index_seq=ATCGAATGCG;CGATATCTGC
2026-06-14 21:13:54.701 | INFO     | __main__:_validate_balance_injection_lane_state:7079 - Lane DLG55_TMP 候选平衡文库 FDSW250185313-1r 注入校验失败: ['10bp Index占比26.4%低于40%要求']
2026-06-14 21:13:54.701 | INFO     | __main__:_materialize_balance_library_for_lane:7277 - Lane DLG55_TMP 尝试补平衡文库模板: sample_id=FDSW250185316-1r, test_no=Novaseq X Plus-PE150, index_seq=TCATTGCACC;ATCGAAGCTC
2026-06-14 21:13:55.045 | INFO     | __main__:_validate_balance_injection_lane_state:7079 - Lane DLG55_TMP 候选平衡文库 FDSW250185316-1r 注入校验失败: ['10bp Index占比26.4%低于40%要求']
2026-06-14 21:13:55.968 | WARNING  | __main__:_materialize_balance_library_for_lane:7402 - Lane DLG55_TMP 平衡文库补充失败: 需补 107.232G，实验室=天津科技服务实验室，工序=Novaseq X Plus-PE150
2026-06-14 21:13:59.297 | INFO     | __main__:_materialize_balance_library_for_lane:7277 - Lane DLG55_TMP 尝试补平衡文库模板: sample_id=phix, test_no=Novaseq X Plus-PE150, index_seq=GGGGGGGGGG;ACCGAGATCT
2026-06-14 21:13:59.643 | INFO     | __main__:_validate_balance_injection_lane_state:7079 - Lane DLG55_TMP 候选平衡文库 phix 注入校验失败: ['10bp Index占比26.4%低于40%要求']
2026-06-14 21:13:59.643 | INFO     | __main__:_materialize_balance_library_for_lane:7277 - Lane DLG55_TMP 尝试补平衡文库模板: sample_id=FDSW250185295-1r, test_no=Novaseq X Plus-PE150, index_seq=AGCATCGAGT;AGCATCCTCA
2026-06-14 21:13:59.989 | INFO     | __main__:_validate_balance_injection_lane_state:7079 - Lane DLG55_TMP 候选平衡文库 FDSW250185295-1r 注入校验失败: ['10bp Index占比26.4%低于40%要求']
2026-06-14 21:13:59.990 | INFO     | __main__:_materialize_balance_library_for_lane:7277 - Lane DLG55_TMP 尝试补平衡文库模板: sample_id=FDSW250185296-1r, test_no=Novaseq X Plus-PE150, index_seq=CTCACACTGA;CTCACACATG
2026-06-14 21:14:00.335 | INFO     | __main__:_validate_balance_injection_lane_state:7079 - Lane DLG55_TMP 候选平衡文库 FDSW250185296-1r 注入校验失败: ['10bp Index占比26.4%低于40%要求']
2026-06-14 21:14:00.335 | INFO     | __main__:_materialize_balance_library_for_lane:7277 - Lane DLG55_TMP 尝试补平衡文库模板: sample_id=FDSW250185298-1r, test_no=Novaseq X Plus-PE150, index_seq=CCGACTAGAT;CCGACTAAGA
2026-06-14 21:14:00.682 | INFO     | __main__:_validate_balance_injection_lane_state:7079 - Lane DLG55_TMP 候选平衡文库 FDSW250185298-1r 注入校验失败: ['10bp Index占比26.4%低于40%要求']
2026-06-14 21:14:00.682 | INFO     | __main__:_materialize_balance_library_for_lane:7277 - Lane DLG55_TMP 尝试补平衡文库模板: sample_id=FDSW250185306-1r, test_no=Novaseq X Plus-PE150, index_seq=ACAGAGCGAT;GACTACTCAC
2026-06-14 21:14:01.029 | INFO     | __main__:_validate_balance_injection_lane_state:7079 - Lane DLG55_TMP 候选平衡文库 FDSW250185306-1r 注入校验失败: ['10bp Index占比26.4%低于40%要求']
2026-06-14 21:14:01.029 | INFO     | __main__:_materialize_balance_library_for_lane:7277 - Lane DLG55_TMP 尝试补平衡文库模板: sample_id=FDSW250185309-1r, test_no=Novaseq X Plus-PE150, index_seq=GTCACACACT;CAAGTGCTTC
2026-06-14 21:14:01.376 | INFO     | __main__:_validate_balance_injection_lane_state:7079 - Lane DLG55_TMP 候选平衡文库 FDSW250185309-1r 注入校验失败: ['10bp Index占比26.4%低于40%要求']
2026-06-14 21:14:01.376 | INFO     | __main__:_materialize_balance_library_for_lane:7277 - Lane DLG55_TMP 尝试补平衡文库模板: sample_id=FDSW250185313-1r, test_no=Novaseq X Plus-PE150, index_seq=ATCGAATGCG;CGATATCTGC
2026-06-14 21:14:01.722 | INFO     | __main__:_validate_balance_injection_lane_state:7079 - Lane DLG55_TMP 候选平衡文库 FDSW250185313-1r 注入校验失败: ['10bp Index占比26.4%低于40%要求']
2026-06-14 21:14:01.722 | INFO     | __main__:_materialize_balance_library_for_lane:7277 - Lane DLG55_TMP 尝试补平衡文库模板: sample_id=FDSW250185316-1r, test_no=Novaseq X Plus-PE150, index_seq=TCATTGCACC;ATCGAAGCTC
2026-06-14 21:14:02.070 | INFO     | __main__:_validate_balance_injection_lane_state:7079 - Lane DLG55_TMP 候选平衡文库 FDSW250185316-1r 注入校验失败: ['10bp Index占比26.4%低于40%要求']
2026-06-14 21:14:02.995 | WARNING  | __main__:_materialize_balance_library_for_lane:7402 - Lane DLG55_TMP 平衡文库补充失败: 需补 107.232G，实验室=天津科技服务实验室，工序=Novaseq X Plus-PE150
2026-06-14 21:14:06.327 | INFO     | __main__:_materialize_balance_library_for_lane:7277 - Lane DLG55_TMP 尝试补平衡文库模板: sample_id=phix, test_no=Novaseq X Plus-PE150, index_seq=GGGGGGGGGG;ACCGAGATCT
2026-06-14 21:14:06.674 | INFO     | __main__:_validate_balance_injection_lane_state:7079 - Lane DLG55_TMP 候选平衡文库 phix 注入校验失败: ['10bp Index占比26.4%低于40%要求']
2026-06-14 21:14:06.674 | INFO     | __main__:_materialize_balance_library_for_lane:7277 - Lane DLG55_TMP 尝试补平衡文库模板: sample_id=FDSW250185295-1r, test_no=Novaseq X Plus-PE150, index_seq=AGCATCGAGT;AGCATCCTCA
2026-06-14 21:14:07.022 | INFO     | __main__:_validate_balance_injection_lane_state:7079 - Lane DLG55_TMP 候选平衡文库 FDSW250185295-1r 注入校验失败: ['10bp Index占比26.4%低于40%要求']
2026-06-14 21:14:07.022 | INFO     | __main__:_materialize_balance_library_for_lane:7277 - Lane DLG55_TMP 尝试补平衡文库模板: sample_id=FDSW250185296-1r, test_no=Novaseq X Plus-PE150, index_seq=CTCACACTGA;CTCACACATG
2026-06-14 21:14:07.367 | INFO     | __main__:_validate_balance_injection_lane_state:7079 - Lane DLG55_TMP 候选平衡文库 FDSW250185296-1r 注入校验失败: ['10bp Index占比26.4%低于40%要求']
2026-06-14 21:14:07.367 | INFO     | __main__:_materialize_balance_library_for_lane:7277 - Lane DLG55_TMP 尝试补平衡文库模板: sample_id=FDSW250185298-1r, test_no=Novaseq X Plus-PE150, index_seq=CCGACTAGAT;CCGACTAAGA
2026-06-14 21:14:07.714 | INFO     | __main__:_validate_balance_injection_lane_state:7079 - Lane DLG55_TMP 候选平衡文库 FDSW250185298-1r 注入校验失败: ['10bp Index占比26.4%低于40%要求']
2026-06-14 21:14:07.714 | INFO     | __main__:_materialize_balance_library_for_lane:7277 - Lane DLG55_TMP 尝试补平衡文库模板: sample_id=FDSW250185306-1r, test_no=Novaseq X Plus-PE150, index_seq=ACAGAGCGAT;GACTACTCAC
2026-06-14 21:14:08.061 | INFO     | __main__:_validate_balance_injection_lane_state:7079 - Lane DLG55_TMP 候选平衡文库 FDSW250185306-1r 注入校验失败: ['10bp Index占比26.4%低于40%要求']
2026-06-14 21:14:08.061 | INFO     | __main__:_materialize_balance_library_for_lane:7277 - Lane DLG55_TMP 尝试补平衡文库模板: sample_id=FDSW250185309-1r, test_no=Novaseq X Plus-PE150, index_seq=GTCACACACT;CAAGTGCTTC
2026-06-14 21:14:08.408 | INFO     | __main__:_validate_balance_injection_lane_state:7079 - Lane DLG55_TMP 候选平衡文库 FDSW250185309-1r 注入校验失败: ['10bp Index占比26.4%低于40%要求']
2026-06-14 21:14:08.408 | INFO     | __main__:_materialize_balance_library_for_lane:7277 - Lane DLG55_TMP 尝试补平衡文库模板: sample_id=FDSW250185313-1r, test_no=Novaseq X Plus-PE150, index_seq=ATCGAATGCG;CGATATCTGC
2026-06-14 21:14:08.756 | INFO     | __main__:_validate_balance_injection_lane_state:7079 - Lane DLG55_TMP 候选平衡文库 FDSW250185313-1r 注入校验失败: ['10bp Index占比26.4%低于40%要求']
2026-06-14 21:14:08.756 | INFO     | __main__:_materialize_balance_library_for_lane:7277 - Lane DLG55_TMP 尝试补平衡文库模板: sample_id=FDSW250185316-1r, test_no=Novaseq X Plus-PE150, index_seq=TCATTGCACC;ATCGAAGCTC
2026-06-14 21:14:09.101 | INFO     | __main__:_validate_balance_injection_lane_state:7079 - Lane DLG55_TMP 候选平衡文库 FDSW250185316-1r 注入校验失败: ['10bp Index占比26.4%低于40%要求']
2026-06-14 21:14:10.025 | WARNING  | __main__:_materialize_balance_library_for_lane:7402 - Lane DLG55_TMP 平衡文库补充失败: 需补 107.232G，实验室=天津科技服务实验室，工序=Novaseq X Plus-PE150
2026-06-14 21:14:13.378 | INFO     | __main__:_materialize_balance_library_for_lane:7277 - Lane DLG55_TMP 尝试补平衡文库模板: sample_id=phix, test_no=Novaseq X Plus-PE150, index_seq=GGGGGGGGGG;ACCGAGATCT
2026-06-14 21:14:13.722 | INFO     | __main__:_validate_balance_injection_lane_state:7079 - Lane DLG55_TMP 候选平衡文库 phix 注入校验失败: ['10bp Index占比26.5%低于40%要求']
2026-06-14 21:14:13.722 | INFO     | __main__:_materialize_balance_library_for_lane:7277 - Lane DLG55_TMP 尝试补平衡文库模板: sample_id=FDSW250185295-1r, test_no=Novaseq X Plus-PE150, index_seq=AGCATCGAGT;AGCATCCTCA
2026-06-14 21:14:14.069 | INFO     | __main__:_validate_balance_injection_lane_state:7079 - Lane DLG55_TMP 候选平衡文库 FDSW250185295-1r 注入校验失败: ['10bp Index占比26.5%低于40%要求']
2026-06-14 21:14:14.069 | INFO     | __main__:_materialize_balance_library_for_lane:7277 - Lane DLG55_TMP 尝试补平衡文库模板: sample_id=FDSW250185296-1r, test_no=Novaseq X Plus-PE150, index_seq=CTCACACTGA;CTCACACATG
2026-06-14 21:14:14.414 | INFO     | __main__:_validate_balance_injection_lane_state:7079 - Lane DLG55_TMP 候选平衡文库 FDSW250185296-1r 注入校验失败: ['10bp Index占比26.5%低于40%要求']
2026-06-14 21:14:14.414 | INFO     | __main__:_materialize_balance_library_for_lane:7277 - Lane DLG55_TMP 尝试补平衡文库模板: sample_id=FDSW250185298-1r, test_no=Novaseq X Plus-PE150, index_seq=CCGACTAGAT;CCGACTAAGA
2026-06-14 21:14:14.759 | INFO     | __main__:_validate_balance_injection_lane_state:7079 - Lane DLG55_TMP 候选平衡文库 FDSW250185298-1r 注入校验失败: ['10bp Index占比26.5%低于40%要求']
2026-06-14 21:14:14.759 | INFO     | __main__:_materialize_balance_library_for_lane:7277 - Lane DLG55_TMP 尝试补平衡文库模板: sample_id=FDSW250185306-1r, test_no=Novaseq X Plus-PE150, index_seq=ACAGAGCGAT;GACTACTCAC
2026-06-14 21:14:15.103 | INFO     | __main__:_validate_balance_injection_lane_state:7079 - Lane DLG55_TMP 候选平衡文库 FDSW250185306-1r 注入校验失败: ['10bp Index占比26.5%低于40%要求']
2026-06-14 21:14:15.104 | INFO     | __main__:_materialize_balance_library_for_lane:7277 - Lane DLG55_TMP 尝试补平衡文库模板: sample_id=FDSW250185309-1r, test_no=Novaseq X Plus-PE150, index_seq=GTCACACACT;CAAGTGCTTC
2026-06-14 21:14:15.447 | INFO     | __main__:_validate_balance_injection_lane_state:7079 - Lane DLG55_TMP 候选平衡文库 FDSW250185309-1r 注入校验失败: ['10bp Index占比26.5%低于40%要求']
2026-06-14 21:14:15.448 | INFO     | __main__:_materialize_balance_library_for_lane:7277 - Lane DLG55_TMP 尝试补平衡文库模板: sample_id=FDSW250185313-1r, test_no=Novaseq X Plus-PE150, index_seq=ATCGAATGCG;CGATATCTGC
2026-06-14 21:14:15.793 | INFO     | __main__:_validate_balance_injection_lane_state:7079 - Lane DLG55_TMP 候选平衡文库 FDSW250185313-1r 注入校验失败: ['10bp Index占比26.5%低于40%要求']
2026-06-14 21:14:15.793 | INFO     | __main__:_materialize_balance_library_for_lane:7277 - Lane DLG55_TMP 尝试补平衡文库模板: sample_id=FDSW250185316-1r, test_no=Novaseq X Plus-PE150, index_seq=TCATTGCACC;ATCGAAGCTC
2026-06-14 21:14:16.142 | INFO     | __main__:_validate_balance_injection_lane_state:7079 - Lane DLG55_TMP 候选平衡文库 FDSW250185316-1r 注入校验失败: ['10bp Index占比26.5%低于40%要求']
2026-06-14 21:14:17.070 | WARNING  | __main__:_materialize_balance_library_for_lane:7402 - Lane DLG55_TMP 平衡文库补充失败: 需补 107.284G，实验室=天津科技服务实验室，工序=Novaseq X Plus-PE150
2026-06-14 21:14:20.415 | INFO     | __main__:_materialize_balance_library_for_lane:7277 - Lane DLG55_TMP 尝试补平衡文库模板: sample_id=phix, test_no=Novaseq X Plus-PE150, index_seq=GGGGGGGGGG;ACCGAGATCT
2026-06-14 21:14:20.766 | INFO     | __main__:_validate_balance_injection_lane_state:7079 - Lane DLG55_TMP 候选平衡文库 phix 注入校验失败: ['10bp Index占比26.5%低于40%要求']
2026-06-14 21:14:20.766 | INFO     | __main__:_materialize_balance_library_for_lane:7277 - Lane DLG55_TMP 尝试补平衡文库模板: sample_id=FDSW250185295-1r, test_no=Novaseq X Plus-PE150, index_seq=AGCATCGAGT;AGCATCCTCA
2026-06-14 21:14:21.115 | INFO     | __main__:_validate_balance_injection_lane_state:7079 - Lane DLG55_TMP 候选平衡文库 FDSW250185295-1r 注入校验失败: ['10bp Index占比26.5%低于40%要求']
2026-06-14 21:14:21.115 | INFO     | __main__:_materialize_balance_library_for_lane:7277 - Lane DLG55_TMP 尝试补平衡文库模板: sample_id=FDSW250185296-1r, test_no=Novaseq X Plus-PE150, index_seq=CTCACACTGA;CTCACACATG
2026-06-14 21:14:21.462 | INFO     | __main__:_validate_balance_injection_lane_state:7079 - Lane DLG55_TMP 候选平衡文库 FDSW250185296-1r 注入校验失败: ['10bp Index占比26.5%低于40%要求']
2026-06-14 21:14:21.462 | INFO     | __main__:_materialize_balance_library_for_lane:7277 - Lane DLG55_TMP 尝试补平衡文库模板: sample_id=FDSW250185298-1r, test_no=Novaseq X Plus-PE150, index_seq=CCGACTAGAT;CCGACTAAGA
2026-06-14 21:14:21.810 | INFO     | __main__:_validate_balance_injection_lane_state:7079 - Lane DLG55_TMP 候选平衡文库 FDSW250185298-1r 注入校验失败: ['10bp Index占比26.5%低于40%要求']
2026-06-14 21:14:21.810 | INFO     | __main__:_materialize_balance_library_for_lane:7277 - Lane DLG55_TMP 尝试补平衡文库模板: sample_id=FDSW250185306-1r, test_no=Novaseq X Plus-PE150, index_seq=ACAGAGCGAT;GACTACTCAC
2026-06-14 21:14:22.157 | INFO     | __main__:_validate_balance_injection_lane_state:7079 - Lane DLG55_TMP 候选平衡文库 FDSW250185306-1r 注入校验失败: ['10bp Index占比26.5%低于40%要求']
2026-06-14 21:14:22.158 | INFO     | __main__:_materialize_balance_library_for_lane:7277 - Lane DLG55_TMP 尝试补平衡文库模板: sample_id=FDSW250185309-1r, test_no=Novaseq X Plus-PE150, index_seq=GTCACACACT;CAAGTGCTTC
2026-06-14 21:14:22.504 | INFO     | __main__:_validate_balance_injection_lane_state:7079 - Lane DLG55_TMP 候选平衡文库 FDSW250185309-1r 注入校验失败: ['10bp Index占比26.5%低于40%要求']
2026-06-14 21:14:22.504 | INFO     | __main__:_materialize_balance_library_for_lane:7277 - Lane DLG55_TMP 尝试补平衡文库模板: sample_id=FDSW250185313-1r, test_no=Novaseq X Plus-PE150, index_seq=ATCGAATGCG;CGATATCTGC
2026-06-14 21:14:22.851 | INFO     | __main__:_validate_balance_injection_lane_state:7079 - Lane DLG55_TMP 候选平衡文库 FDSW250185313-1r 注入校验失败: ['10bp Index占比26.5%低于40%要求']
2026-06-14 21:14:22.851 | INFO     | __main__:_materialize_balance_library_for_lane:7277 - Lane DLG55_TMP 尝试补平衡文库模板: sample_id=FDSW250185316-1r, test_no=Novaseq X Plus-PE150, index_seq=TCATTGCACC;ATCGAAGCTC
2026-06-14 21:14:23.200 | INFO     | __main__:_validate_balance_injection_lane_state:7079 - Lane DLG55_TMP 候选平衡文库 FDSW250185316-1r 注入校验失败: ['10bp Index占比26.5%低于40%要求']
2026-06-14 21:14:24.125 | WARNING  | __main__:_materialize_balance_library_for_lane:7402 - Lane DLG55_TMP 平衡文库补充失败: 需补 107.284G，实验室=天津科技服务实验室，工序=Novaseq X Plus-PE150
2026-06-14 21:14:27.459 | INFO     | __main__:_materialize_balance_library_for_lane:7277 - Lane DLG55_TMP 尝试补平衡文库模板: sample_id=phix, test_no=Novaseq X Plus-PE150, index_seq=GGGGGGGGGG;ACCGAGATCT
2026-06-14 21:14:27.807 | INFO     | __main__:_validate_balance_injection_lane_state:7079 - Lane DLG55_TMP 候选平衡文库 phix 注入校验失败: ['10bp Index占比26.5%低于40%要求']
2026-06-14 21:14:27.807 | INFO     | __main__:_materialize_balance_library_for_lane:7277 - Lane DLG55_TMP 尝试补平衡文库模板: sample_id=FDSW250185295-1r, test_no=Novaseq X Plus-PE150, index_seq=AGCATCGAGT;AGCATCCTCA
2026-06-14 21:14:28.155 | INFO     | __main__:_validate_balance_injection_lane_state:7079 - Lane DLG55_TMP 候选平衡文库 FDSW250185295-1r 注入校验失败: ['10bp Index占比26.5%低于40%要求']
2026-06-14 21:14:28.155 | INFO     | __main__:_materialize_balance_library_for_lane:7277 - Lane DLG55_TMP 尝试补平衡文库模板: sample_id=FDSW250185296-1r, test_no=Novaseq X Plus-PE150, index_seq=CTCACACTGA;CTCACACATG
2026-06-14 21:14:28.503 | INFO     | __main__:_validate_balance_injection_lane_state:7079 - Lane DLG55_TMP 候选平衡文库 FDSW250185296-1r 注入校验失败: ['10bp Index占比26.5%低于40%要求']
2026-06-14 21:14:28.503 | INFO     | __main__:_materialize_balance_library_for_lane:7277 - Lane DLG55_TMP 尝试补平衡文库模板: sample_id=FDSW250185298-1r, test_no=Novaseq X Plus-PE150, index_seq=CCGACTAGAT;CCGACTAAGA
2026-06-14 21:14:28.851 | INFO     | __main__:_validate_balance_injection_lane_state:7079 - Lane DLG55_TMP 候选平衡文库 FDSW250185298-1r 注入校验失败: ['10bp Index占比26.5%低于40%要求']
2026-06-14 21:14:28.851 | INFO     | __main__:_materialize_balance_library_for_lane:7277 - Lane DLG55_TMP 尝试补平衡文库模板: sample_id=FDSW250185306-1r, test_no=Novaseq X Plus-PE150, index_seq=ACAGAGCGAT;GACTACTCAC
2026-06-14 21:14:29.198 | INFO     | __main__:_validate_balance_injection_lane_state:7079 - Lane DLG55_TMP 候选平衡文库 FDSW250185306-1r 注入校验失败: ['10bp Index占比26.5%低于40%要求']
2026-06-14 21:14:29.199 | INFO     | __main__:_materialize_balance_library_for_lane:7277 - Lane DLG55_TMP 尝试补平衡文库模板: sample_id=FDSW250185309-1r, test_no=Novaseq X Plus-PE150, index_seq=GTCACACACT;CAAGTGCTTC
2026-06-14 21:14:29.545 | INFO     | __main__:_validate_balance_injection_lane_state:7079 - Lane DLG55_TMP 候选平衡文库 FDSW250185309-1r 注入校验失败: ['10bp Index占比26.5%低于40%要求']
2026-06-14 21:14:29.545 | INFO     | __main__:_materialize_balance_library_for_lane:7277 - Lane DLG55_TMP 尝试补平衡文库模板: sample_id=FDSW250185313-1r, test_no=Novaseq X Plus-PE150, index_seq=ATCGAATGCG;CGATATCTGC
2026-06-14 21:14:29.893 | INFO     | __main__:_validate_balance_injection_lane_state:7079 - Lane DLG55_TMP 候选平衡文库 FDSW250185313-1r 注入校验失败: ['10bp Index占比26.5%低于40%要求']
2026-06-14 21:14:29.893 | INFO     | __main__:_materialize_balance_library_for_lane:7277 - Lane DLG55_TMP 尝试补平衡文库模板: sample_id=FDSW250185316-1r, test_no=Novaseq X Plus-PE150, index_seq=TCATTGCACC;ATCGAAGCTC
2026-06-14 21:14:30.241 | INFO     | __main__:_validate_balance_injection_lane_state:7079 - Lane DLG55_TMP 候选平衡文库 FDSW250185316-1r 注入校验失败: ['10bp Index占比26.5%低于40%要求']
2026-06-14 21:14:31.172 | WARNING  | __main__:_materialize_balance_library_for_lane:7402 - Lane DLG55_TMP 平衡文库补充失败: 需补 107.284G，实验室=天津科技服务实验室，工序=Novaseq X Plus-PE150
2026-06-14 21:14:34.515 | INFO     | __main__:_materialize_balance_library_for_lane:7277 - Lane DLG55_TMP 尝试补平衡文库模板: sample_id=phix, test_no=Novaseq X Plus-PE150, index_seq=GGGGGGGGGG;ACCGAGATCT
2026-06-14 21:14:34.863 | INFO     | __main__:_validate_balance_injection_lane_state:7079 - Lane DLG55_TMP 候选平衡文库 phix 注入校验失败: ['10bp Index占比26.5%低于40%要求']
2026-06-14 21:14:34.863 | INFO     | __main__:_materialize_balance_library_for_lane:7277 - Lane DLG55_TMP 尝试补平衡文库模板: sample_id=FDSW250185295-1r, test_no=Novaseq X Plus-PE150, index_seq=AGCATCGAGT;AGCATCCTCA
2026-06-14 21:14:35.211 | INFO     | __main__:_validate_balance_injection_lane_state:7079 - Lane DLG55_TMP 候选平衡文库 FDSW250185295-1r 注入校验失败: ['10bp Index占比26.5%低于40%要求']
2026-06-14 21:14:35.211 | INFO     | __main__:_materialize_balance_library_for_lane:7277 - Lane DLG55_TMP 尝试补平衡文库模板: sample_id=FDSW250185296-1r, test_no=Novaseq X Plus-PE150, index_seq=CTCACACTGA;CTCACACATG
2026-06-14 21:14:35.560 | INFO     | __main__:_validate_balance_injection_lane_state:7079 - Lane DLG55_TMP 候选平衡文库 FDSW250185296-1r 注入校验失败: ['10bp Index占比26.5%低于40%要求']
2026-06-14 21:14:35.560 | INFO     | __main__:_materialize_balance_library_for_lane:7277 - Lane DLG55_TMP 尝试补平衡文库模板: sample_id=FDSW250185298-1r, test_no=Novaseq X Plus-PE150, index_seq=CCGACTAGAT;CCGACTAAGA
2026-06-14 21:14:35.907 | INFO     | __main__:_validate_balance_injection_lane_state:7079 - Lane DLG55_TMP 候选平衡文库 FDSW250185298-1r 注入校验失败: ['10bp Index占比26.5%低于40%要求']
2026-06-14 21:14:35.907 | INFO     | __main__:_materialize_balance_library_for_lane:7277 - Lane DLG55_TMP 尝试补平衡文库模板: sample_id=FDSW250185306-1r, test_no=Novaseq X Plus-PE150, index_seq=ACAGAGCGAT;GACTACTCAC
2026-06-14 21:14:36.255 | INFO     | __main__:_validate_balance_injection_lane_state:7079 - Lane DLG55_TMP 候选平衡文库 FDSW250185306-1r 注入校验失败: ['10bp Index占比26.5%低于40%要求']
2026-06-14 21:14:36.255 | INFO     | __main__:_materialize_balance_library_for_lane:7277 - Lane DLG55_TMP 尝试补平衡文库模板: sample_id=FDSW250185309-1r, test_no=Novaseq X Plus-PE150, index_seq=GTCACACACT;CAAGTGCTTC
2026-06-14 21:14:36.603 | INFO     | __main__:_validate_balance_injection_lane_state:7079 - Lane DLG55_TMP 候选平衡文库 FDSW250185309-1r 注入校验失败: ['10bp Index占比26.5%低于40%要求']
2026-06-14 21:14:36.603 | INFO     | __main__:_materialize_balance_library_for_lane:7277 - Lane DLG55_TMP 尝试补平衡文库模板: sample_id=FDSW250185313-1r, test_no=Novaseq X Plus-PE150, index_seq=ATCGAATGCG;CGATATCTGC
2026-06-14 21:14:36.952 | INFO     | __main__:_validate_balance_injection_lane_state:7079 - Lane DLG55_TMP 候选平衡文库 FDSW250185313-1r 注入校验失败: ['10bp Index占比26.5%低于40%要求']
2026-06-14 21:14:36.952 | INFO     | __main__:_materialize_balance_library_for_lane:7277 - Lane DLG55_TMP 尝试补平衡文库模板: sample_id=FDSW250185316-1r, test_no=Novaseq X Plus-PE150, index_seq=TCATTGCACC;ATCGAAGCTC
2026-06-14 21:14:37.300 | INFO     | __main__:_validate_balance_injection_lane_state:7079 - Lane DLG55_TMP 候选平衡文库 FDSW250185316-1r 注入校验失败: ['10bp Index占比26.5%低于40%要求']
2026-06-14 21:14:38.231 | WARNING  | __main__:_materialize_balance_library_for_lane:7402 - Lane DLG55_TMP 平衡文库补充失败: 需补 107.284G，实验室=天津科技服务实验室，工序=Novaseq X Plus-PE150
2026-06-14 21:14:41.586 | INFO     | __main__:_materialize_balance_library_for_lane:7277 - Lane DLG55_TMP 尝试补平衡文库模板: sample_id=phix, test_no=Novaseq X Plus-PE150, index_seq=GGGGGGGGGG;ACCGAGATCT
2026-06-14 21:14:41.935 | INFO     | __main__:_validate_balance_injection_lane_state:7079 - Lane DLG55_TMP 候选平衡文库 phix 注入校验失败: ['10bp Index占比26.5%低于40%要求']
2026-06-14 21:14:41.936 | INFO     | __main__:_materialize_balance_library_for_lane:7277 - Lane DLG55_TMP 尝试补平衡文库模板: sample_id=FDSW250185295-1r, test_no=Novaseq X Plus-PE150, index_seq=AGCATCGAGT;AGCATCCTCA
2026-06-14 21:14:42.283 | INFO     | __main__:_validate_balance_injection_lane_state:7079 - Lane DLG55_TMP 候选平衡文库 FDSW250185295-1r 注入校验失败: ['10bp Index占比26.5%低于40%要求']
2026-06-14 21:14:42.283 | INFO     | __main__:_materialize_balance_library_for_lane:7277 - Lane DLG55_TMP 尝试补平衡文库模板: sample_id=FDSW250185296-1r, test_no=Novaseq X Plus-PE150, index_seq=CTCACACTGA;CTCACACATG
2026-06-14 21:14:42.632 | INFO     | __main__:_validate_balance_injection_lane_state:7079 - Lane DLG55_TMP 候选平衡文库 FDSW250185296-1r 注入校验失败: ['10bp Index占比26.5%低于40%要求']
2026-06-14 21:14:42.632 | INFO     | __main__:_materialize_balance_library_for_lane:7277 - Lane DLG55_TMP 尝试补平衡文库模板: sample_id=FDSW250185298-1r, test_no=Novaseq X Plus-PE150, index_seq=CCGACTAGAT;CCGACTAAGA
2026-06-14 21:14:42.981 | INFO     | __main__:_validate_balance_injection_lane_state:7079 - Lane DLG55_TMP 候选平衡文库 FDSW250185298-1r 注入校验失败: ['10bp Index占比26.5%低于40%要求']
2026-06-14 21:14:42.981 | INFO     | __main__:_materialize_balance_library_for_lane:7277 - Lane DLG55_TMP 尝试补平衡文库模板: sample_id=FDSW250185306-1r, test_no=Novaseq X Plus-PE150, index_seq=ACAGAGCGAT;GACTACTCAC
2026-06-14 21:14:43.329 | INFO     | __main__:_validate_balance_injection_lane_state:7079 - Lane DLG55_TMP 候选平衡文库 FDSW250185306-1r 注入校验失败: ['10bp Index占比26.5%低于40%要求']
2026-06-14 21:14:43.329 | INFO     | __main__:_materialize_balance_library_for_lane:7277 - Lane DLG55_TMP 尝试补平衡文库模板: sample_id=FDSW250185309-1r, test_no=Novaseq X Plus-PE150, index_seq=GTCACACACT;CAAGTGCTTC
2026-06-14 21:14:43.677 | INFO     | __main__:_validate_balance_injection_lane_state:7079 - Lane DLG55_TMP 候选平衡文库 FDSW250185309-1r 注入校验失败: ['10bp Index占比26.5%低于40%要求']
2026-06-14 21:14:43.677 | INFO     | __main__:_materialize_balance_library_for_lane:7277 - Lane DLG55_TMP 尝试补平衡文库模板: sample_id=FDSW250185313-1r, test_no=Novaseq X Plus-PE150, index_seq=ATCGAATGCG;CGATATCTGC
2026-06-14 21:14:44.025 | INFO     | __main__:_validate_balance_injection_lane_state:7079 - Lane DLG55_TMP 候选平衡文库 FDSW250185313-1r 注入校验失败: ['10bp Index占比26.5%低于40%要求']
2026-06-14 21:14:44.025 | INFO     | __main__:_materialize_balance_library_for_lane:7277 - Lane DLG55_TMP 尝试补平衡文库模板: sample_id=FDSW250185316-1r, test_no=Novaseq X Plus-PE150, index_seq=TCATTGCACC;ATCGAAGCTC
2026-06-14 21:14:44.372 | INFO     | __main__:_validate_balance_injection_lane_state:7079 - Lane DLG55_TMP 候选平衡文库 FDSW250185316-1r 注入校验失败: ['10bp Index占比26.5%低于40%要求']
2026-06-14 21:14:45.305 | WARNING  | __main__:_materialize_balance_library_for_lane:7402 - Lane DLG55_TMP 平衡文库补充失败: 需补 107.284G，实验室=天津科技服务实验室，工序=Novaseq X Plus-PE150
2026-06-14 21:14:48.651 | INFO     | __main__:_materialize_balance_library_for_lane:7277 - Lane DLG55_TMP 尝试补平衡文库模板: sample_id=phix, test_no=Novaseq X Plus-PE150, index_seq=GGGGGGGGGG;ACCGAGATCT
2026-06-14 21:14:48.999 | INFO     | __main__:_validate_balance_injection_lane_state:7079 - Lane DLG55_TMP 候选平衡文库 phix 注入校验失败: ['10bp Index占比26.5%低于40%要求']
2026-06-14 21:14:48.999 | INFO     | __main__:_materialize_balance_library_for_lane:7277 - Lane DLG55_TMP 尝试补平衡文库模板: sample_id=FDSW250185295-1r, test_no=Novaseq X Plus-PE150, index_seq=AGCATCGAGT;AGCATCCTCA
2026-06-14 21:14:49.348 | INFO     | __main__:_validate_balance_injection_lane_state:7079 - Lane DLG55_TMP 候选平衡文库 FDSW250185295-1r 注入校验失败: ['10bp Index占比26.5%低于40%要求']
2026-06-14 21:14:49.348 | INFO     | __main__:_materialize_balance_library_for_lane:7277 - Lane DLG55_TMP 尝试补平衡文库模板: sample_id=FDSW250185296-1r, test_no=Novaseq X Plus-PE150, index_seq=CTCACACTGA;CTCACACATG
2026-06-14 21:14:49.694 | INFO     | __main__:_validate_balance_injection_lane_state:7079 - Lane DLG55_TMP 候选平衡文库 FDSW250185296-1r 注入校验失败: ['10bp Index占比26.5%低于40%要求']
2026-06-14 21:14:49.694 | INFO     | __main__:_materialize_balance_library_for_lane:7277 - Lane DLG55_TMP 尝试补平衡文库模板: sample_id=FDSW250185298-1r, test_no=Novaseq X Plus-PE150, index_seq=CCGACTAGAT;CCGACTAAGA
2026-06-14 21:14:50.040 | INFO     | __main__:_validate_balance_injection_lane_state:7079 - Lane DLG55_TMP 候选平衡文库 FDSW250185298-1r 注入校验失败: ['10bp Index占比26.5%低于40%要求']
2026-06-14 21:14:50.040 | INFO     | __main__:_materialize_balance_library_for_lane:7277 - Lane DLG55_TMP 尝试补平衡文库模板: sample_id=FDSW250185306-1r, test_no=Novaseq X Plus-PE150, index_seq=ACAGAGCGAT;GACTACTCAC
2026-06-14 21:14:50.384 | INFO     | __main__:_validate_balance_injection_lane_state:7079 - Lane DLG55_TMP 候选平衡文库 FDSW250185306-1r 注入校验失败: ['10bp Index占比26.5%低于40%要求']
2026-06-14 21:14:50.384 | INFO     | __main__:_materialize_balance_library_for_lane:7277 - Lane DLG55_TMP 尝试补平衡文库模板: sample_id=FDSW250185309-1r, test_no=Novaseq X Plus-PE150, index_seq=GTCACACACT;CAAGTGCTTC
2026-06-14 21:14:50.732 | INFO     | __main__:_validate_balance_injection_lane_state:7079 - Lane DLG55_TMP 候选平衡文库 FDSW250185309-1r 注入校验失败: ['10bp Index占比26.5%低于40%要求']
2026-06-14 21:14:50.733 | INFO     | __main__:_materialize_balance_library_for_lane:7277 - Lane DLG55_TMP 尝试补平衡文库模板: sample_id=FDSW250185313-1r, test_no=Novaseq X Plus-PE150, index_seq=ATCGAATGCG;CGATATCTGC
2026-06-14 21:14:51.081 | INFO     | __main__:_validate_balance_injection_lane_state:7079 - Lane DLG55_TMP 候选平衡文库 FDSW250185313-1r 注入校验失败: ['10bp Index占比26.5%低于40%要求']
2026-06-14 21:14:51.081 | INFO     | __main__:_materialize_balance_library_for_lane:7277 - Lane DLG55_TMP 尝试补平衡文库模板: sample_id=FDSW250185316-1r, test_no=Novaseq X Plus-PE150, index_seq=TCATTGCACC;ATCGAAGCTC
2026-06-14 21:14:51.430 | INFO     | __main__:_validate_balance_injection_lane_state:7079 - Lane DLG55_TMP 候选平衡文库 FDSW250185316-1r 注入校验失败: ['10bp Index占比26.5%低于40%要求']
2026-06-14 21:14:52.358 | WARNING  | __main__:_materialize_balance_library_for_lane:7402 - Lane DLG55_TMP 平衡文库补充失败: 需补 107.284G，实验室=天津科技服务实验室，工序=Novaseq X Plus-PE150
2026-06-14 21:14:55.701 | INFO     | __main__:_materialize_balance_library_for_lane:7277 - Lane DLG55_TMP 尝试补平衡文库模板: sample_id=phix, test_no=Novaseq X Plus-PE150, index_seq=GGGGGGGGGG;ACCGAGATCT
2026-06-14 21:14:56.050 | INFO     | __main__:_validate_balance_injection_lane_state:7079 - Lane DLG55_TMP 候选平衡文库 phix 注入校验失败: ['10bp Index占比26.5%低于40%要求']
2026-06-14 21:14:56.050 | INFO     | __main__:_materialize_balance_library_for_lane:7277 - Lane DLG55_TMP 尝试补平衡文库模板: sample_id=FDSW250185295-1r, test_no=Novaseq X Plus-PE150, index_seq=AGCATCGAGT;AGCATCCTCA
2026-06-14 21:14:56.398 | INFO     | __main__:_validate_balance_injection_lane_state:7079 - Lane DLG55_TMP 候选平衡文库 FDSW250185295-1r 注入校验失败: ['10bp Index占比26.5%低于40%要求']
2026-06-14 21:14:56.399 | INFO     | __main__:_materialize_balance_library_for_lane:7277 - Lane DLG55_TMP 尝试补平衡文库模板: sample_id=FDSW250185296-1r, test_no=Novaseq X Plus-PE150, index_seq=CTCACACTGA;CTCACACATG
2026-06-14 21:14:56.746 | INFO     | __main__:_validate_balance_injection_lane_state:7079 - Lane DLG55_TMP 候选平衡文库 FDSW250185296-1r 注入校验失败: ['10bp Index占比26.5%低于40%要求']
2026-06-14 21:14:56.746 | INFO     | __main__:_materialize_balance_library_for_lane:7277 - Lane DLG55_TMP 尝试补平衡文库模板: sample_id=FDSW250185298-1r, test_no=Novaseq X Plus-PE150, index_seq=CCGACTAGAT;CCGACTAAGA
2026-06-14 21:14:57.094 | INFO     | __main__:_validate_balance_injection_lane_state:7079 - Lane DLG55_TMP 候选平衡文库 FDSW250185298-1r 注入校验失败: ['10bp Index占比26.5%低于40%要求']
2026-06-14 21:14:57.094 | INFO     | __main__:_materialize_balance_library_for_lane:7277 - Lane DLG55_TMP 尝试补平衡文库模板: sample_id=FDSW250185306-1r, test_no=Novaseq X Plus-PE150, index_seq=ACAGAGCGAT;GACTACTCAC
2026-06-14 21:14:57.443 | INFO     | __main__:_validate_balance_injection_lane_state:7079 - Lane DLG55_TMP 候选平衡文库 FDSW250185306-1r 注入校验失败: ['10bp Index占比26.5%低于40%要求']
2026-06-14 21:14:57.443 | INFO     | __main__:_materialize_balance_library_for_lane:7277 - Lane DLG55_TMP 尝试补平衡文库模板: sample_id=FDSW250185309-1r, test_no=Novaseq X Plus-PE150, index_seq=GTCACACACT;CAAGTGCTTC
2026-06-14 21:14:57.789 | INFO     | __main__:_validate_balance_injection_lane_state:7079 - Lane DLG55_TMP 候选平衡文库 FDSW250185309-1r 注入校验失败: ['10bp Index占比26.5%低于40%要求']
2026-06-14 21:14:57.789 | INFO     | __main__:_materialize_balance_library_for_lane:7277 - Lane DLG55_TMP 尝试补平衡文库模板: sample_id=FDSW250185313-1r, test_no=Novaseq X Plus-PE150, index_seq=ATCGAATGCG;CGATATCTGC
2026-06-14 21:14:58.136 | INFO     | __main__:_validate_balance_injection_lane_state:7079 - Lane DLG55_TMP 候选平衡文库 FDSW250185313-1r 注入校验失败: ['10bp Index占比26.5%低于40%要求']
2026-06-14 21:14:58.136 | INFO     | __main__:_materialize_balance_library_for_lane:7277 - Lane DLG55_TMP 尝试补平衡文库模板: sample_id=FDSW250185316-1r, test_no=Novaseq X Plus-PE150, index_seq=TCATTGCACC;ATCGAAGCTC
2026-06-14 21:14:58.483 | INFO     | __main__:_validate_balance_injection_lane_state:7079 - Lane DLG55_TMP 候选平衡文库 FDSW250185316-1r 注入校验失败: ['10bp Index占比26.5%低于40%要求']
2026-06-14 21:14:59.409 | WARNING  | __main__:_materialize_balance_library_for_lane:7402 - Lane DLG55_TMP 平衡文库补充失败: 需补 107.284G，实验室=天津科技服务实验室，工序=Novaseq X Plus-PE150
2026-06-14 21:15:02.754 | INFO     | __main__:_materialize_balance_library_for_lane:7277 - Lane DLG55_TMP 尝试补平衡文库模板: sample_id=phix, test_no=Novaseq X Plus-PE150, index_seq=GGGGGGGGGG;ACCGAGATCT
2026-06-14 21:15:03.105 | INFO     | __main__:_validate_balance_injection_lane_state:7079 - Lane DLG55_TMP 候选平衡文库 phix 注入校验失败: ['10bp Index占比26.5%低于40%要求']
2026-06-14 21:15:03.105 | INFO     | __main__:_materialize_balance_library_for_lane:7277 - Lane DLG55_TMP 尝试补平衡文库模板: sample_id=FDSW250185295-1r, test_no=Novaseq X Plus-PE150, index_seq=AGCATCGAGT;AGCATCCTCA
2026-06-14 21:15:03.456 | INFO     | __main__:_validate_balance_injection_lane_state:7079 - Lane DLG55_TMP 候选平衡文库 FDSW250185295-1r 注入校验失败: ['10bp Index占比26.5%低于40%要求']
2026-06-14 21:15:03.456 | INFO     | __main__:_materialize_balance_library_for_lane:7277 - Lane DLG55_TMP 尝试补平衡文库模板: sample_id=FDSW250185296-1r, test_no=Novaseq X Plus-PE150, index_seq=CTCACACTGA;CTCACACATG
2026-06-14 21:15:03.806 | INFO     | __main__:_validate_balance_injection_lane_state:7079 - Lane DLG55_TMP 候选平衡文库 FDSW250185296-1r 注入校验失败: ['10bp Index占比26.5%低于40%要求']
2026-06-14 21:15:03.806 | INFO     | __main__:_materialize_balance_library_for_lane:7277 - Lane DLG55_TMP 尝试补平衡文库模板: sample_id=FDSW250185298-1r, test_no=Novaseq X Plus-PE150, index_seq=CCGACTAGAT;CCGACTAAGA
2026-06-14 21:15:04.155 | INFO     | __main__:_validate_balance_injection_lane_state:7079 - Lane DLG55_TMP 候选平衡文库 FDSW250185298-1r 注入校验失败: ['10bp Index占比26.5%低于40%要求']
2026-06-14 21:15:04.155 | INFO     | __main__:_materialize_balance_library_for_lane:7277 - Lane DLG55_TMP 尝试补平衡文库模板: sample_id=FDSW250185306-1r, test_no=Novaseq X Plus-PE150, index_seq=ACAGAGCGAT;GACTACTCAC
2026-06-14 21:15:04.505 | INFO     | __main__:_validate_balance_injection_lane_state:7079 - Lane DLG55_TMP 候选平衡文库 FDSW250185306-1r 注入校验失败: ['10bp Index占比26.5%低于40%要求']
2026-06-14 21:15:04.505 | INFO     | __main__:_materialize_balance_library_for_lane:7277 - Lane DLG55_TMP 尝试补平衡文库模板: sample_id=FDSW250185309-1r, test_no=Novaseq X Plus-PE150, index_seq=GTCACACACT;CAAGTGCTTC
2026-06-14 21:15:04.857 | INFO     | __main__:_validate_balance_injection_lane_state:7079 - Lane DLG55_TMP 候选平衡文库 FDSW250185309-1r 注入校验失败: ['10bp Index占比26.5%低于40%要求']
2026-06-14 21:15:04.857 | INFO     | __main__:_materialize_balance_library_for_lane:7277 - Lane DLG55_TMP 尝试补平衡文库模板: sample_id=FDSW250185313-1r, test_no=Novaseq X Plus-PE150, index_seq=ATCGAATGCG;CGATATCTGC
2026-06-14 21:15:05.209 | INFO     | __main__:_validate_balance_injection_lane_state:7079 - Lane DLG55_TMP 候选平衡文库 FDSW250185313-1r 注入校验失败: ['10bp Index占比26.5%低于40%要求']
2026-06-14 21:15:05.209 | INFO     | __main__:_materialize_balance_library_for_lane:7277 - Lane DLG55_TMP 尝试补平衡文库模板: sample_id=FDSW250185316-1r, test_no=Novaseq X Plus-PE150, index_seq=TCATTGCACC;ATCGAAGCTC
2026-06-14 21:15:05.559 | INFO     | __main__:_validate_balance_injection_lane_state:7079 - Lane DLG55_TMP 候选平衡文库 FDSW250185316-1r 注入校验失败: ['10bp Index占比26.5%低于40%要求']
2026-06-14 21:15:06.500 | WARNING  | __main__:_materialize_balance_library_for_lane:7402 - Lane DLG55_TMP 平衡文库补充失败: 需补 107.284G，实验室=天津科技服务实验室，工序=Novaseq X Plus-PE150
2026-06-14 21:15:09.850 | INFO     | __main__:_materialize_balance_library_for_lane:7277 - Lane DLG55_TMP 尝试补平衡文库模板: sample_id=phix, test_no=Novaseq X Plus-PE150, index_seq=GGGGGGGGGG;ACCGAGATCT
2026-06-14 21:15:10.198 | INFO     | __main__:_validate_balance_injection_lane_state:7079 - Lane DLG55_TMP 候选平衡文库 phix 注入校验失败: ['10bp Index占比26.5%低于40%要求']
2026-06-14 21:15:10.198 | INFO     | __main__:_materialize_balance_library_for_lane:7277 - Lane DLG55_TMP 尝试补平衡文库模板: sample_id=FDSW250185295-1r, test_no=Novaseq X Plus-PE150, index_seq=AGCATCGAGT;AGCATCCTCA
2026-06-14 21:15:10.547 | INFO     | __main__:_validate_balance_injection_lane_state:7079 - Lane DLG55_TMP 候选平衡文库 FDSW250185295-1r 注入校验失败: ['10bp Index占比26.5%低于40%要求']
2026-06-14 21:15:10.547 | INFO     | __main__:_materialize_balance_library_for_lane:7277 - Lane DLG55_TMP 尝试补平衡文库模板: sample_id=FDSW250185296-1r, test_no=Novaseq X Plus-PE150, index_seq=CTCACACTGA;CTCACACATG
2026-06-14 21:15:10.896 | INFO     | __main__:_validate_balance_injection_lane_state:7079 - Lane DLG55_TMP 候选平衡文库 FDSW250185296-1r 注入校验失败: ['10bp Index占比26.5%低于40%要求']
2026-06-14 21:15:10.896 | INFO     | __main__:_materialize_balance_library_for_lane:7277 - Lane DLG55_TMP 尝试补平衡文库模板: sample_id=FDSW250185298-1r, test_no=Novaseq X Plus-PE150, index_seq=CCGACTAGAT;CCGACTAAGA
2026-06-14 21:15:11.244 | INFO     | __main__:_validate_balance_injection_lane_state:7079 - Lane DLG55_TMP 候选平衡文库 FDSW250185298-1r 注入校验失败: ['10bp Index占比26.5%低于40%要求']
2026-06-14 21:15:11.244 | INFO     | __main__:_materialize_balance_library_for_lane:7277 - Lane DLG55_TMP 尝试补平衡文库模板: sample_id=FDSW250185306-1r, test_no=Novaseq X Plus-PE150, index_seq=ACAGAGCGAT;GACTACTCAC
2026-06-14 21:15:11.591 | INFO     | __main__:_validate_balance_injection_lane_state:7079 - Lane DLG55_TMP 候选平衡文库 FDSW250185306-1r 注入校验失败: ['10bp Index占比26.5%低于40%要求']
2026-06-14 21:15:11.591 | INFO     | __main__:_materialize_balance_library_for_lane:7277 - Lane DLG55_TMP 尝试补平衡文库模板: sample_id=FDSW250185309-1r, test_no=Novaseq X Plus-PE150, index_seq=GTCACACACT;CAAGTGCTTC
2026-06-14 21:15:11.939 | INFO     | __main__:_validate_balance_injection_lane_state:7079 - Lane DLG55_TMP 候选平衡文库 FDSW250185309-1r 注入校验失败: ['10bp Index占比26.5%低于40%要求']
2026-06-14 21:15:11.939 | INFO     | __main__:_materialize_balance_library_for_lane:7277 - Lane DLG55_TMP 尝试补平衡文库模板: sample_id=FDSW250185313-1r, test_no=Novaseq X Plus-PE150, index_seq=ATCGAATGCG;CGATATCTGC
2026-06-14 21:15:12.287 | INFO     | __main__:_validate_balance_injection_lane_state:7079 - Lane DLG55_TMP 候选平衡文库 FDSW250185313-1r 注入校验失败: ['10bp Index占比26.5%低于40%要求']
2026-06-14 21:15:12.287 | INFO     | __main__:_materialize_balance_library_for_lane:7277 - Lane DLG55_TMP 尝试补平衡文库模板: sample_id=FDSW250185316-1r, test_no=Novaseq X Plus-PE150, index_seq=TCATTGCACC;ATCGAAGCTC
2026-06-14 21:15:12.635 | INFO     | __main__:_validate_balance_injection_lane_state:7079 - Lane DLG55_TMP 候选平衡文库 FDSW250185316-1r 注入校验失败: ['10bp Index占比26.5%低于40%要求']
2026-06-14 21:15:13.569 | WARNING  | __main__:_materialize_balance_library_for_lane:7402 - Lane DLG55_TMP 平衡文库补充失败: 需补 107.284G，实验室=天津科技服务实验室，工序=Novaseq X Plus-PE150
2026-06-14 21:15:16.924 | INFO     | __main__:_materialize_balance_library_for_lane:7277 - Lane DLG55_TMP 尝试补平衡文库模板: sample_id=phix, test_no=Novaseq X Plus-PE150, index_seq=GGGGGGGGGG;ACCGAGATCT
2026-06-14 21:15:17.272 | INFO     | __main__:_validate_balance_injection_lane_state:7079 - Lane DLG55_TMP 候选平衡文库 phix 注入校验失败: ['10bp Index占比26.5%低于40%要求']
2026-06-14 21:15:17.272 | INFO     | __main__:_materialize_balance_library_for_lane:7277 - Lane DLG55_TMP 尝试补平衡文库模板: sample_id=FDSW250185295-1r, test_no=Novaseq X Plus-PE150, index_seq=AGCATCGAGT;AGCATCCTCA
2026-06-14 21:15:17.619 | INFO     | __main__:_validate_balance_injection_lane_state:7079 - Lane DLG55_TMP 候选平衡文库 FDSW250185295-1r 注入校验失败: ['10bp Index占比26.5%低于40%要求']
2026-06-14 21:15:17.619 | INFO     | __main__:_materialize_balance_library_for_lane:7277 - Lane DLG55_TMP 尝试补平衡文库模板: sample_id=FDSW250185296-1r, test_no=Novaseq X Plus-PE150, index_seq=CTCACACTGA;CTCACACATG
2026-06-14 21:15:17.969 | INFO     | __main__:_validate_balance_injection_lane_state:7079 - Lane DLG55_TMP 候选平衡文库 FDSW250185296-1r 注入校验失败: ['10bp Index占比26.5%低于40%要求']
2026-06-14 21:15:17.969 | INFO     | __main__:_materialize_balance_library_for_lane:7277 - Lane DLG55_TMP 尝试补平衡文库模板: sample_id=FDSW250185298-1r, test_no=Novaseq X Plus-PE150, index_seq=CCGACTAGAT;CCGACTAAGA
2026-06-14 21:15:18.317 | INFO     | __main__:_validate_balance_injection_lane_state:7079 - Lane DLG55_TMP 候选平衡文库 FDSW250185298-1r 注入校验失败: ['10bp Index占比26.5%低于40%要求']
2026-06-14 21:15:18.317 | INFO     | __main__:_materialize_balance_library_for_lane:7277 - Lane DLG55_TMP 尝试补平衡文库模板: sample_id=FDSW250185306-1r, test_no=Novaseq X Plus-PE150, index_seq=ACAGAGCGAT;GACTACTCAC
2026-06-14 21:15:18.663 | INFO     | __main__:_validate_balance_injection_lane_state:7079 - Lane DLG55_TMP 候选平衡文库 FDSW250185306-1r 注入校验失败: ['10bp Index占比26.5%低于40%要求']
2026-06-14 21:15:18.664 | INFO     | __main__:_materialize_balance_library_for_lane:7277 - Lane DLG55_TMP 尝试补平衡文库模板: sample_id=FDSW250185309-1r, test_no=Novaseq X Plus-PE150, index_seq=GTCACACACT;CAAGTGCTTC
2026-06-14 21:15:19.011 | INFO     | __main__:_validate_balance_injection_lane_state:7079 - Lane DLG55_TMP 候选平衡文库 FDSW250185309-1r 注入校验失败: ['10bp Index占比26.5%低于40%要求']
2026-06-14 21:15:19.011 | INFO     | __main__:_materialize_balance_library_for_lane:7277 - Lane DLG55_TMP 尝试补平衡文库模板: sample_id=FDSW250185313-1r, test_no=Novaseq X Plus-PE150, index_seq=ATCGAATGCG;CGATATCTGC
2026-06-14 21:15:19.359 | INFO     | __main__:_validate_balance_injection_lane_state:7079 - Lane DLG55_TMP 候选平衡文库 FDSW250185313-1r 注入校验失败: ['10bp Index占比26.5%低于40%要求']
2026-06-14 21:15:19.359 | INFO     | __main__:_materialize_balance_library_for_lane:7277 - Lane DLG55_TMP 尝试补平衡文库模板: sample_id=FDSW250185316-1r, test_no=Novaseq X Plus-PE150, index_seq=TCATTGCACC;ATCGAAGCTC
2026-06-14 21:15:19.709 | INFO     | __main__:_validate_balance_injection_lane_state:7079 - Lane DLG55_TMP 候选平衡文库 FDSW250185316-1r 注入校验失败: ['10bp Index占比26.5%低于40%要求']
2026-06-14 21:15:20.642 | WARNING  | __main__:_materialize_balance_library_for_lane:7402 - Lane DLG55_TMP 平衡文库补充失败: 需补 107.284G，实验室=天津科技服务实验室，工序=Novaseq X Plus-PE150
2026-06-14 21:15:23.995 | INFO     | __main__:_materialize_balance_library_for_lane:7277 - Lane DLG55_TMP 尝试补平衡文库模板: sample_id=phix, test_no=Novaseq X Plus-PE150, index_seq=GGGGGGGGGG;ACCGAGATCT
2026-06-14 21:15:24.343 | INFO     | __main__:_validate_balance_injection_lane_state:7079 - Lane DLG55_TMP 候选平衡文库 phix 注入校验失败: ['10bp Index占比26.5%低于40%要求']
2026-06-14 21:15:24.343 | INFO     | __main__:_materialize_balance_library_for_lane:7277 - Lane DLG55_TMP 尝试补平衡文库模板: sample_id=FDSW250185295-1r, test_no=Novaseq X Plus-PE150, index_seq=AGCATCGAGT;AGCATCCTCA
2026-06-14 21:15:24.691 | INFO     | __main__:_validate_balance_injection_lane_state:7079 - Lane DLG55_TMP 候选平衡文库 FDSW250185295-1r 注入校验失败: ['10bp Index占比26.5%低于40%要求']
2026-06-14 21:15:24.692 | INFO     | __main__:_materialize_balance_library_for_lane:7277 - Lane DLG55_TMP 尝试补平衡文库模板: sample_id=FDSW250185296-1r, test_no=Novaseq X Plus-PE150, index_seq=CTCACACTGA;CTCACACATG
2026-06-14 21:15:25.039 | INFO     | __main__:_validate_balance_injection_lane_state:7079 - Lane DLG55_TMP 候选平衡文库 FDSW250185296-1r 注入校验失败: ['10bp Index占比26.5%低于40%要求']
2026-06-14 21:15:25.039 | INFO     | __main__:_materialize_balance_library_for_lane:7277 - Lane DLG55_TMP 尝试补平衡文库模板: sample_id=FDSW250185298-1r, test_no=Novaseq X Plus-PE150, index_seq=CCGACTAGAT;CCGACTAAGA
2026-06-14 21:15:25.387 | INFO     | __main__:_validate_balance_injection_lane_state:7079 - Lane DLG55_TMP 候选平衡文库 FDSW250185298-1r 注入校验失败: ['10bp Index占比26.5%低于40%要求']
2026-06-14 21:15:25.387 | INFO     | __main__:_materialize_balance_library_for_lane:7277 - Lane DLG55_TMP 尝试补平衡文库模板: sample_id=FDSW250185306-1r, test_no=Novaseq X Plus-PE150, index_seq=ACAGAGCGAT;GACTACTCAC
2026-06-14 21:15:25.735 | INFO     | __main__:_validate_balance_injection_lane_state:7079 - Lane DLG55_TMP 候选平衡文库 FDSW250185306-1r 注入校验失败: ['10bp Index占比26.5%低于40%要求']
2026-06-14 21:15:25.735 | INFO     | __main__:_materialize_balance_library_for_lane:7277 - Lane DLG55_TMP 尝试补平衡文库模板: sample_id=FDSW250185309-1r, test_no=Novaseq X Plus-PE150, index_seq=GTCACACACT;CAAGTGCTTC
2026-06-14 21:15:26.084 | INFO     | __main__:_validate_balance_injection_lane_state:7079 - Lane DLG55_TMP 候选平衡文库 FDSW250185309-1r 注入校验失败: ['10bp Index占比26.5%低于40%要求']
2026-06-14 21:15:26.084 | INFO     | __main__:_materialize_balance_library_for_lane:7277 - Lane DLG55_TMP 尝试补平衡文库模板: sample_id=FDSW250185313-1r, test_no=Novaseq X Plus-PE150, index_seq=ATCGAATGCG;CGATATCTGC
2026-06-14 21:15:26.434 | INFO     | __main__:_validate_balance_injection_lane_state:7079 - Lane DLG55_TMP 候选平衡文库 FDSW250185313-1r 注入校验失败: ['10bp Index占比26.5%低于40%要求']
2026-06-14 21:15:26.434 | INFO     | __main__:_materialize_balance_library_for_lane:7277 - Lane DLG55_TMP 尝试补平衡文库模板: sample_id=FDSW250185316-1r, test_no=Novaseq X Plus-PE150, index_seq=TCATTGCACC;ATCGAAGCTC
2026-06-14 21:15:26.783 | INFO     | __main__:_validate_balance_injection_lane_state:7079 - Lane DLG55_TMP 候选平衡文库 FDSW250185316-1r 注入校验失败: ['10bp Index占比26.5%低于40%要求']
2026-06-14 21:15:27.720 | WARNING  | __main__:_materialize_balance_library_for_lane:7402 - Lane DLG55_TMP 平衡文库补充失败: 需补 107.284G，实验室=天津科技服务实验室，工序=Novaseq X Plus-PE150
2026-06-14 21:15:31.076 | INFO     | __main__:_materialize_balance_library_for_lane:7277 - Lane DLG55_TMP 尝试补平衡文库模板: sample_id=phix, test_no=Novaseq X Plus-PE150, index_seq=GGGGGGGGGG;ACCGAGATCT
2026-06-14 21:15:31.424 | INFO     | __main__:_validate_balance_injection_lane_state:7079 - Lane DLG55_TMP 候选平衡文库 phix 注入校验失败: ['10bp Index占比26.5%低于40%要求']
2026-06-14 21:15:31.424 | INFO     | __main__:_materialize_balance_library_for_lane:7277 - Lane DLG55_TMP 尝试补平衡文库模板: sample_id=FDSW250185295-1r, test_no=Novaseq X Plus-PE150, index_seq=AGCATCGAGT;AGCATCCTCA
2026-06-14 21:15:31.773 | INFO     | __main__:_validate_balance_injection_lane_state:7079 - Lane DLG55_TMP 候选平衡文库 FDSW250185295-1r 注入校验失败: ['10bp Index占比26.5%低于40%要求']
2026-06-14 21:15:31.773 | INFO     | __main__:_materialize_balance_library_for_lane:7277 - Lane DLG55_TMP 尝试补平衡文库模板: sample_id=FDSW250185296-1r, test_no=Novaseq X Plus-PE150, index_seq=CTCACACTGA;CTCACACATG
2026-06-14 21:15:32.122 | INFO     | __main__:_validate_balance_injection_lane_state:7079 - Lane DLG55_TMP 候选平衡文库 FDSW250185296-1r 注入校验失败: ['10bp Index占比26.5%低于40%要求']
2026-06-14 21:15:32.122 | INFO     | __main__:_materialize_balance_library_for_lane:7277 - Lane DLG55_TMP 尝试补平衡文库模板: sample_id=FDSW250185298-1r, test_no=Novaseq X Plus-PE150, index_seq=CCGACTAGAT;CCGACTAAGA
2026-06-14 21:15:32.472 | INFO     | __main__:_validate_balance_injection_lane_state:7079 - Lane DLG55_TMP 候选平衡文库 FDSW250185298-1r 注入校验失败: ['10bp Index占比26.5%低于40%要求']
2026-06-14 21:15:32.472 | INFO     | __main__:_materialize_balance_library_for_lane:7277 - Lane DLG55_TMP 尝试补平衡文库模板: sample_id=FDSW250185306-1r, test_no=Novaseq X Plus-PE150, index_seq=ACAGAGCGAT;GACTACTCAC
2026-06-14 21:15:32.821 | INFO     | __main__:_validate_balance_injection_lane_state:7079 - Lane DLG55_TMP 候选平衡文库 FDSW250185306-1r 注入校验失败: ['10bp Index占比26.5%低于40%要求']
2026-06-14 21:15:32.821 | INFO     | __main__:_materialize_balance_library_for_lane:7277 - Lane DLG55_TMP 尝试补平衡文库模板: sample_id=FDSW250185309-1r, test_no=Novaseq X Plus-PE150, index_seq=GTCACACACT;CAAGTGCTTC
2026-06-14 21:15:33.170 | INFO     | __main__:_validate_balance_injection_lane_state:7079 - Lane DLG55_TMP 候选平衡文库 FDSW250185309-1r 注入校验失败: ['10bp Index占比26.5%低于40%要求']
2026-06-14 21:15:33.170 | INFO     | __main__:_materialize_balance_library_for_lane:7277 - Lane DLG55_TMP 尝试补平衡文库模板: sample_id=FDSW250185313-1r, test_no=Novaseq X Plus-PE150, index_seq=ATCGAATGCG;CGATATCTGC
2026-06-14 21:15:33.520 | INFO     | __main__:_validate_balance_injection_lane_state:7079 - Lane DLG55_TMP 候选平衡文库 FDSW250185313-1r 注入校验失败: ['10bp Index占比26.5%低于40%要求']
2026-06-14 21:15:33.521 | INFO     | __main__:_materialize_balance_library_for_lane:7277 - Lane DLG55_TMP 尝试补平衡文库模板: sample_id=FDSW250185316-1r, test_no=Novaseq X Plus-PE150, index_seq=TCATTGCACC;ATCGAAGCTC
2026-06-14 21:15:33.868 | INFO     | __main__:_validate_balance_injection_lane_state:7079 - Lane DLG55_TMP 候选平衡文库 FDSW250185316-1r 注入校验失败: ['10bp Index占比26.5%低于40%要求']
2026-06-14 21:15:34.804 | WARNING  | __main__:_materialize_balance_library_for_lane:7402 - Lane DLG55_TMP 平衡文库补充失败: 需补 107.284G，实验室=天津科技服务实验室，工序=Novaseq X Plus-PE150
2026-06-14 21:15:38.168 | INFO     | __main__:_materialize_balance_library_for_lane:7277 - Lane DLG55_TMP 尝试补平衡文库模板: sample_id=phix, test_no=Novaseq X Plus-PE150, index_seq=GGGGGGGGGG;ACCGAGATCT
2026-06-14 21:15:38.516 | INFO     | __main__:_validate_balance_injection_lane_state:7079 - Lane DLG55_TMP 候选平衡文库 phix 注入校验失败: ['10bp Index占比26.5%低于40%要求']
2026-06-14 21:15:38.516 | INFO     | __main__:_materialize_balance_library_for_lane:7277 - Lane DLG55_TMP 尝试补平衡文库模板: sample_id=FDSW250185295-1r, test_no=Novaseq X Plus-PE150, index_seq=AGCATCGAGT;AGCATCCTCA
2026-06-14 21:15:38.868 | INFO     | __main__:_validate_balance_injection_lane_state:7079 - Lane DLG55_TMP 候选平衡文库 FDSW250185295-1r 注入校验失败: ['10bp Index占比26.5%低于40%要求']
2026-06-14 21:15:38.868 | INFO     | __main__:_materialize_balance_library_for_lane:7277 - Lane DLG55_TMP 尝试补平衡文库模板: sample_id=FDSW250185296-1r, test_no=Novaseq X Plus-PE150, index_seq=CTCACACTGA;CTCACACATG
2026-06-14 21:15:39.218 | INFO     | __main__:_validate_balance_injection_lane_state:7079 - Lane DLG55_TMP 候选平衡文库 FDSW250185296-1r 注入校验失败: ['10bp Index占比26.5%低于40%要求']
2026-06-14 21:15:39.219 | INFO     | __main__:_materialize_balance_library_for_lane:7277 - Lane DLG55_TMP 尝试补平衡文库模板: sample_id=FDSW250185298-1r, test_no=Novaseq X Plus-PE150, index_seq=CCGACTAGAT;CCGACTAAGA
2026-06-14 21:15:39.568 | INFO     | __main__:_validate_balance_injection_lane_state:7079 - Lane DLG55_TMP 候选平衡文库 FDSW250185298-1r 注入校验失败: ['10bp Index占比26.5%低于40%要求']
2026-06-14 21:15:39.568 | INFO     | __main__:_materialize_balance_library_for_lane:7277 - Lane DLG55_TMP 尝试补平衡文库模板: sample_id=FDSW250185306-1r, test_no=Novaseq X Plus-PE150, index_seq=ACAGAGCGAT;GACTACTCAC
2026-06-14 21:15:39.915 | INFO     | __main__:_validate_balance_injection_lane_state:7079 - Lane DLG55_TMP 候选平衡文库 FDSW250185306-1r 注入校验失败: ['10bp Index占比26.5%低于40%要求']
2026-06-14 21:15:39.915 | INFO     | __main__:_materialize_balance_library_for_lane:7277 - Lane DLG55_TMP 尝试补平衡文库模板: sample_id=FDSW250185309-1r, test_no=Novaseq X Plus-PE150, index_seq=GTCACACACT;CAAGTGCTTC
2026-06-14 21:15:40.263 | INFO     | __main__:_validate_balance_injection_lane_state:7079 - Lane DLG55_TMP 候选平衡文库 FDSW250185309-1r 注入校验失败: ['10bp Index占比26.5%低于40%要求']
2026-06-14 21:15:40.264 | INFO     | __main__:_materialize_balance_library_for_lane:7277 - Lane DLG55_TMP 尝试补平衡文库模板: sample_id=FDSW250185313-1r, test_no=Novaseq X Plus-PE150, index_seq=ATCGAATGCG;CGATATCTGC
2026-06-14 21:15:40.612 | INFO     | __main__:_validate_balance_injection_lane_state:7079 - Lane DLG55_TMP 候选平衡文库 FDSW250185313-1r 注入校验失败: ['10bp Index占比26.5%低于40%要求']
2026-06-14 21:15:40.612 | INFO     | __main__:_materialize_balance_library_for_lane:7277 - Lane DLG55_TMP 尝试补平衡文库模板: sample_id=FDSW250185316-1r, test_no=Novaseq X Plus-PE150, index_seq=TCATTGCACC;ATCGAAGCTC
2026-06-14 21:15:40.960 | INFO     | __main__:_validate_balance_injection_lane_state:7079 - Lane DLG55_TMP 候选平衡文库 FDSW250185316-1r 注入校验失败: ['10bp Index占比26.5%低于40%要求']
2026-06-14 21:15:41.890 | WARNING  | __main__:_materialize_balance_library_for_lane:7402 - Lane DLG55_TMP 平衡文库补充失败: 需补 107.284G，实验室=天津科技服务实验室，工序=Novaseq X Plus-PE150
2026-06-14 21:15:45.245 | INFO     | __main__:_materialize_balance_library_for_lane:7277 - Lane DLG55_TMP 尝试补平衡文库模板: sample_id=phix, test_no=Novaseq X Plus-PE150, index_seq=GGGGGGGGGG;ACCGAGATCT
2026-06-14 21:15:45.593 | INFO     | __main__:_validate_balance_injection_lane_state:7079 - Lane DLG55_TMP 候选平衡文库 phix 注入校验失败: ['10bp Index占比26.5%低于40%要求']
2026-06-14 21:15:45.593 | INFO     | __main__:_materialize_balance_library_for_lane:7277 - Lane DLG55_TMP 尝试补平衡文库模板: sample_id=FDSW250185295-1r, test_no=Novaseq X Plus-PE150, index_seq=AGCATCGAGT;AGCATCCTCA
2026-06-14 21:15:45.940 | INFO     | __main__:_validate_balance_injection_lane_state:7079 - Lane DLG55_TMP 候选平衡文库 FDSW250185295-1r 注入校验失败: ['10bp Index占比26.5%低于40%要求']
2026-06-14 21:15:45.941 | INFO     | __main__:_materialize_balance_library_for_lane:7277 - Lane DLG55_TMP 尝试补平衡文库模板: sample_id=FDSW250185296-1r, test_no=Novaseq X Plus-PE150, index_seq=CTCACACTGA;CTCACACATG
2026-06-14 21:15:46.290 | INFO     | __main__:_validate_balance_injection_lane_state:7079 - Lane DLG55_TMP 候选平衡文库 FDSW250185296-1r 注入校验失败: ['10bp Index占比26.5%低于40%要求']
2026-06-14 21:15:46.291 | INFO     | __main__:_materialize_balance_library_for_lane:7277 - Lane DLG55_TMP 尝试补平衡文库模板: sample_id=FDSW250185298-1r, test_no=Novaseq X Plus-PE150, index_seq=CCGACTAGAT;CCGACTAAGA
2026-06-14 21:15:46.640 | INFO     | __main__:_validate_balance_injection_lane_state:7079 - Lane DLG55_TMP 候选平衡文库 FDSW250185298-1r 注入校验失败: ['10bp Index占比26.5%低于40%要求']
2026-06-14 21:15:46.641 | INFO     | __main__:_materialize_balance_library_for_lane:7277 - Lane DLG55_TMP 尝试补平衡文库模板: sample_id=FDSW250185306-1r, test_no=Novaseq X Plus-PE150, index_seq=ACAGAGCGAT;GACTACTCAC
2026-06-14 21:15:46.988 | INFO     | __main__:_validate_balance_injection_lane_state:7079 - Lane DLG55_TMP 候选平衡文库 FDSW250185306-1r 注入校验失败: ['10bp Index占比26.5%低于40%要求']
2026-06-14 21:15:46.988 | INFO     | __main__:_materialize_balance_library_for_lane:7277 - Lane DLG55_TMP 尝试补平衡文库模板: sample_id=FDSW250185309-1r, test_no=Novaseq X Plus-PE150, index_seq=GTCACACACT;CAAGTGCTTC
2026-06-14 21:15:47.339 | INFO     | __main__:_validate_balance_injection_lane_state:7079 - Lane DLG55_TMP 候选平衡文库 FDSW250185309-1r 注入校验失败: ['10bp Index占比26.5%低于40%要求']
2026-06-14 21:15:47.339 | INFO     | __main__:_materialize_balance_library_for_lane:7277 - Lane DLG55_TMP 尝试补平衡文库模板: sample_id=FDSW250185313-1r, test_no=Novaseq X Plus-PE150, index_seq=ATCGAATGCG;CGATATCTGC
2026-06-14 21:15:47.686 | INFO     | __main__:_validate_balance_injection_lane_state:7079 - Lane DLG55_TMP 候选平衡文库 FDSW250185313-1r 注入校验失败: ['10bp Index占比26.5%低于40%要求']
2026-06-14 21:15:47.687 | INFO     | __main__:_materialize_balance_library_for_lane:7277 - Lane DLG55_TMP 尝试补平衡文库模板: sample_id=FDSW250185316-1r, test_no=Novaseq X Plus-PE150, index_seq=TCATTGCACC;ATCGAAGCTC
2026-06-14 21:15:48.034 | INFO     | __main__:_validate_balance_injection_lane_state:7079 - Lane DLG55_TMP 候选平衡文库 FDSW250185316-1r 注入校验失败: ['10bp Index占比26.5%低于40%要求']
2026-06-14 21:15:48.966 | WARNING  | __main__:_materialize_balance_library_for_lane:7402 - Lane DLG55_TMP 平衡文库补充失败: 需补 107.284G，实验室=天津科技服务实验室，工序=Novaseq X Plus-PE150
2026-06-14 21:15:52.313 | INFO     | __main__:_materialize_balance_library_for_lane:7277 - Lane DLG55_TMP 尝试补平衡文库模板: sample_id=phix, test_no=Novaseq X Plus-PE150, index_seq=GGGGGGGGGG;ACCGAGATCT
2026-06-14 21:15:52.662 | INFO     | __main__:_validate_balance_injection_lane_state:7079 - Lane DLG55_TMP 候选平衡文库 phix 注入校验失败: ['10bp Index占比26.5%低于40%要求']
2026-06-14 21:15:52.662 | INFO     | __main__:_materialize_balance_library_for_lane:7277 - Lane DLG55_TMP 尝试补平衡文库模板: sample_id=FDSW250185295-1r, test_no=Novaseq X Plus-PE150, index_seq=AGCATCGAGT;AGCATCCTCA
2026-06-14 21:15:53.011 | INFO     | __main__:_validate_balance_injection_lane_state:7079 - Lane DLG55_TMP 候选平衡文库 FDSW250185295-1r 注入校验失败: ['10bp Index占比26.5%低于40%要求']
2026-06-14 21:15:53.011 | INFO     | __main__:_materialize_balance_library_for_lane:7277 - Lane DLG55_TMP 尝试补平衡文库模板: sample_id=FDSW250185296-1r, test_no=Novaseq X Plus-PE150, index_seq=CTCACACTGA;CTCACACATG
2026-06-14 21:15:53.358 | INFO     | __main__:_validate_balance_injection_lane_state:7079 - Lane DLG55_TMP 候选平衡文库 FDSW250185296-1r 注入校验失败: ['10bp Index占比26.5%低于40%要求']
2026-06-14 21:15:53.358 | INFO     | __main__:_materialize_balance_library_for_lane:7277 - Lane DLG55_TMP 尝试补平衡文库模板: sample_id=FDSW250185298-1r, test_no=Novaseq X Plus-PE150, index_seq=CCGACTAGAT;CCGACTAAGA
2026-06-14 21:15:53.706 | INFO     | __main__:_validate_balance_injection_lane_state:7079 - Lane DLG55_TMP 候选平衡文库 FDSW250185298-1r 注入校验失败: ['10bp Index占比26.5%低于40%要求']
2026-06-14 21:15:53.707 | INFO     | __main__:_materialize_balance_library_for_lane:7277 - Lane DLG55_TMP 尝试补平衡文库模板: sample_id=FDSW250185306-1r, test_no=Novaseq X Plus-PE150, index_seq=ACAGAGCGAT;GACTACTCAC
2026-06-14 21:15:54.055 | INFO     | __main__:_validate_balance_injection_lane_state:7079 - Lane DLG55_TMP 候选平衡文库 FDSW250185306-1r 注入校验失败: ['10bp Index占比26.5%低于40%要求']
2026-06-14 21:15:54.055 | INFO     | __main__:_materialize_balance_library_for_lane:7277 - Lane DLG55_TMP 尝试补平衡文库模板: sample_id=FDSW250185309-1r, test_no=Novaseq X Plus-PE150, index_seq=GTCACACACT;CAAGTGCTTC
2026-06-14 21:15:54.403 | INFO     | __main__:_validate_balance_injection_lane_state:7079 - Lane DLG55_TMP 候选平衡文库 FDSW250185309-1r 注入校验失败: ['10bp Index占比26.5%低于40%要求']
2026-06-14 21:15:54.403 | INFO     | __main__:_materialize_balance_library_for_lane:7277 - Lane DLG55_TMP 尝试补平衡文库模板: sample_id=FDSW250185313-1r, test_no=Novaseq X Plus-PE150, index_seq=ATCGAATGCG;CGATATCTGC
2026-06-14 21:15:54.752 | INFO     | __main__:_validate_balance_injection_lane_state:7079 - Lane DLG55_TMP 候选平衡文库 FDSW250185313-1r 注入校验失败: ['10bp Index占比26.5%低于40%要求']
2026-06-14 21:15:54.752 | INFO     | __main__:_materialize_balance_library_for_lane:7277 - Lane DLG55_TMP 尝试补平衡文库模板: sample_id=FDSW250185316-1r, test_no=Novaseq X Plus-PE150, index_seq=TCATTGCACC;ATCGAAGCTC
2026-06-14 21:15:55.100 | INFO     | __main__:_validate_balance_injection_lane_state:7079 - Lane DLG55_TMP 候选平衡文库 FDSW250185316-1r 注入校验失败: ['10bp Index占比26.5%低于40%要求']
2026-06-14 21:15:56.040 | WARNING  | __main__:_materialize_balance_library_for_lane:7402 - Lane DLG55_TMP 平衡文库补充失败: 需补 107.284G，实验室=天津科技服务实验室，工序=Novaseq X Plus-PE150
2026-06-14 21:15:59.395 | INFO     | __main__:_materialize_balance_library_for_lane:7277 - Lane DLG55_TMP 尝试补平衡文库模板: sample_id=phix, test_no=Novaseq X Plus-PE150, index_seq=GGGGGGGGGG;ACCGAGATCT
2026-06-14 21:15:59.743 | INFO     | __main__:_validate_balance_injection_lane_state:7079 - Lane DLG55_TMP 候选平衡文库 phix 注入校验失败: ['10bp Index占比26.5%低于40%要求']
2026-06-14 21:15:59.743 | INFO     | __main__:_materialize_balance_library_for_lane:7277 - Lane DLG55_TMP 尝试补平衡文库模板: sample_id=FDSW250185295-1r, test_no=Novaseq X Plus-PE150, index_seq=AGCATCGAGT;AGCATCCTCA
2026-06-14 21:16:00.092 | INFO     | __main__:_validate_balance_injection_lane_state:7079 - Lane DLG55_TMP 候选平衡文库 FDSW250185295-1r 注入校验失败: ['10bp Index占比26.5%低于40%要求']
2026-06-14 21:16:00.092 | INFO     | __main__:_materialize_balance_library_for_lane:7277 - Lane DLG55_TMP 尝试补平衡文库模板: sample_id=FDSW250185296-1r, test_no=Novaseq X Plus-PE150, index_seq=CTCACACTGA;CTCACACATG
2026-06-14 21:16:00.440 | INFO     | __main__:_validate_balance_injection_lane_state:7079 - Lane DLG55_TMP 候选平衡文库 FDSW250185296-1r 注入校验失败: ['10bp Index占比26.5%低于40%要求']
2026-06-14 21:16:00.440 | INFO     | __main__:_materialize_balance_library_for_lane:7277 - Lane DLG55_TMP 尝试补平衡文库模板: sample_id=FDSW250185298-1r, test_no=Novaseq X Plus-PE150, index_seq=CCGACTAGAT;CCGACTAAGA
2026-06-14 21:16:00.788 | INFO     | __main__:_validate_balance_injection_lane_state:7079 - Lane DLG55_TMP 候选平衡文库 FDSW250185298-1r 注入校验失败: ['10bp Index占比26.5%低于40%要求']
2026-06-14 21:16:00.789 | INFO     | __main__:_materialize_balance_library_for_lane:7277 - Lane DLG55_TMP 尝试补平衡文库模板: sample_id=FDSW250185306-1r, test_no=Novaseq X Plus-PE150, index_seq=ACAGAGCGAT;GACTACTCAC
2026-06-14 21:16:01.137 | INFO     | __main__:_validate_balance_injection_lane_state:7079 - Lane DLG55_TMP 候选平衡文库 FDSW250185306-1r 注入校验失败: ['10bp Index占比26.5%低于40%要求']
2026-06-14 21:16:01.137 | INFO     | __main__:_materialize_balance_library_for_lane:7277 - Lane DLG55_TMP 尝试补平衡文库模板: sample_id=FDSW250185309-1r, test_no=Novaseq X Plus-PE150, index_seq=GTCACACACT;CAAGTGCTTC
2026-06-14 21:16:01.485 | INFO     | __main__:_validate_balance_injection_lane_state:7079 - Lane DLG55_TMP 候选平衡文库 FDSW250185309-1r 注入校验失败: ['10bp Index占比26.5%低于40%要求']
2026-06-14 21:16:01.485 | INFO     | __main__:_materialize_balance_library_for_lane:7277 - Lane DLG55_TMP 尝试补平衡文库模板: sample_id=FDSW250185313-1r, test_no=Novaseq X Plus-PE150, index_seq=ATCGAATGCG;CGATATCTGC
2026-06-14 21:16:01.833 | INFO     | __main__:_validate_balance_injection_lane_state:7079 - Lane DLG55_TMP 候选平衡文库 FDSW250185313-1r 注入校验失败: ['10bp Index占比26.5%低于40%要求']
2026-06-14 21:16:01.833 | INFO     | __main__:_materialize_balance_library_for_lane:7277 - Lane DLG55_TMP 尝试补平衡文库模板: sample_id=FDSW250185316-1r, test_no=Novaseq X Plus-PE150, index_seq=TCATTGCACC;ATCGAAGCTC
2026-06-14 21:16:02.182 | INFO     | __main__:_validate_balance_injection_lane_state:7079 - Lane DLG55_TMP 候选平衡文库 FDSW250185316-1r 注入校验失败: ['10bp Index占比26.5%低于40%要求']
2026-06-14 21:16:03.112 | WARNING  | __main__:_materialize_balance_library_for_lane:7402 - Lane DLG55_TMP 平衡文库补充失败: 需补 107.284G，实验室=天津科技服务实验室，工序=Novaseq X Plus-PE150
2026-06-14 21:16:06.468 | INFO     | __main__:_materialize_balance_library_for_lane:7277 - Lane DLG55_TMP 尝试补平衡文库模板: sample_id=phix, test_no=Novaseq X Plus-PE150, index_seq=GGGGGGGGGG;ACCGAGATCT
2026-06-14 21:16:06.817 | INFO     | __main__:_validate_balance_injection_lane_state:7079 - Lane DLG55_TMP 候选平衡文库 phix 注入校验失败: ['10bp Index占比26.5%低于40%要求']
2026-06-14 21:16:06.818 | INFO     | __main__:_materialize_balance_library_for_lane:7277 - Lane DLG55_TMP 尝试补平衡文库模板: sample_id=FDSW250185295-1r, test_no=Novaseq X Plus-PE150, index_seq=AGCATCGAGT;AGCATCCTCA
2026-06-14 21:16:07.167 | INFO     | __main__:_validate_balance_injection_lane_state:7079 - Lane DLG55_TMP 候选平衡文库 FDSW250185295-1r 注入校验失败: ['10bp Index占比26.5%低于40%要求']
2026-06-14 21:16:07.167 | INFO     | __main__:_materialize_balance_library_for_lane:7277 - Lane DLG55_TMP 尝试补平衡文库模板: sample_id=FDSW250185296-1r, test_no=Novaseq X Plus-PE150, index_seq=CTCACACTGA;CTCACACATG
2026-06-14 21:16:07.515 | INFO     | __main__:_validate_balance_injection_lane_state:7079 - Lane DLG55_TMP 候选平衡文库 FDSW250185296-1r 注入校验失败: ['10bp Index占比26.5%低于40%要求']
2026-06-14 21:16:07.515 | INFO     | __main__:_materialize_balance_library_for_lane:7277 - Lane DLG55_TMP 尝试补平衡文库模板: sample_id=FDSW250185298-1r, test_no=Novaseq X Plus-PE150, index_seq=CCGACTAGAT;CCGACTAAGA
2026-06-14 21:16:07.863 | INFO     | __main__:_validate_balance_injection_lane_state:7079 - Lane DLG55_TMP 候选平衡文库 FDSW250185298-1r 注入校验失败: ['10bp Index占比26.5%低于40%要求']
2026-06-14 21:16:07.863 | INFO     | __main__:_materialize_balance_library_for_lane:7277 - Lane DLG55_TMP 尝试补平衡文库模板: sample_id=FDSW250185306-1r, test_no=Novaseq X Plus-PE150, index_seq=ACAGAGCGAT;GACTACTCAC
2026-06-14 21:16:08.213 | INFO     | __main__:_validate_balance_injection_lane_state:7079 - Lane DLG55_TMP 候选平衡文库 FDSW250185306-1r 注入校验失败: ['10bp Index占比26.5%低于40%要求']
2026-06-14 21:16:08.213 | INFO     | __main__:_materialize_balance_library_for_lane:7277 - Lane DLG55_TMP 尝试补平衡文库模板: sample_id=FDSW250185309-1r, test_no=Novaseq X Plus-PE150, index_seq=GTCACACACT;CAAGTGCTTC
2026-06-14 21:16:08.565 | INFO     | __main__:_validate_balance_injection_lane_state:7079 - Lane DLG55_TMP 候选平衡文库 FDSW250185309-1r 注入校验失败: ['10bp Index占比26.5%低于40%要求']
2026-06-14 21:16:08.565 | INFO     | __main__:_materialize_balance_library_for_lane:7277 - Lane DLG55_TMP 尝试补平衡文库模板: sample_id=FDSW250185313-1r, test_no=Novaseq X Plus-PE150, index_seq=ATCGAATGCG;CGATATCTGC
2026-06-14 21:16:08.913 | INFO     | __main__:_validate_balance_injection_lane_state:7079 - Lane DLG55_TMP 候选平衡文库 FDSW250185313-1r 注入校验失败: ['10bp Index占比26.5%低于40%要求']
2026-06-14 21:16:08.913 | INFO     | __main__:_materialize_balance_library_for_lane:7277 - Lane DLG55_TMP 尝试补平衡文库模板: sample_id=FDSW250185316-1r, test_no=Novaseq X Plus-PE150, index_seq=TCATTGCACC;ATCGAAGCTC
2026-06-14 21:16:09.262 | INFO     | __main__:_validate_balance_injection_lane_state:7079 - Lane DLG55_TMP 候选平衡文库 FDSW250185316-1r 注入校验失败: ['10bp Index占比26.5%低于40%要求']
2026-06-14 21:16:10.200 | WARNING  | __main__:_materialize_balance_library_for_lane:7402 - Lane DLG55_TMP 平衡文库补充失败: 需补 107.284G，实验室=天津科技服务实验室，工序=Novaseq X Plus-PE150
2026-06-14 21:16:13.568 | INFO     | __main__:_materialize_balance_library_for_lane:7277 - Lane DLG55_TMP 尝试补平衡文库模板: sample_id=phix, test_no=Novaseq X Plus-PE150, index_seq=GGGGGGGGGG;ACCGAGATCT
2026-06-14 21:16:13.918 | INFO     | __main__:_validate_balance_injection_lane_state:7079 - Lane DLG55_TMP 候选平衡文库 phix 注入校验失败: ['10bp Index占比26.5%低于40%要求']
2026-06-14 21:16:13.918 | INFO     | __main__:_materialize_balance_library_for_lane:7277 - Lane DLG55_TMP 尝试补平衡文库模板: sample_id=FDSW250185295-1r, test_no=Novaseq X Plus-PE150, index_seq=AGCATCGAGT;AGCATCCTCA
2026-06-14 21:16:14.268 | INFO     | __main__:_validate_balance_injection_lane_state:7079 - Lane DLG55_TMP 候选平衡文库 FDSW250185295-1r 注入校验失败: ['10bp Index占比26.5%低于40%要求']
2026-06-14 21:16:14.269 | INFO     | __main__:_materialize_balance_library_for_lane:7277 - Lane DLG55_TMP 尝试补平衡文库模板: sample_id=FDSW250185296-1r, test_no=Novaseq X Plus-PE150, index_seq=CTCACACTGA;CTCACACATG
2026-06-14 21:16:14.617 | INFO     | __main__:_validate_balance_injection_lane_state:7079 - Lane DLG55_TMP 候选平衡文库 FDSW250185296-1r 注入校验失败: ['10bp Index占比26.5%低于40%要求']
2026-06-14 21:16:14.618 | INFO     | __main__:_materialize_balance_library_for_lane:7277 - Lane DLG55_TMP 尝试补平衡文库模板: sample_id=FDSW250185298-1r, test_no=Novaseq X Plus-PE150, index_seq=CCGACTAGAT;CCGACTAAGA
2026-06-14 21:16:14.966 | INFO     | __main__:_validate_balance_injection_lane_state:7079 - Lane DLG55_TMP 候选平衡文库 FDSW250185298-1r 注入校验失败: ['10bp Index占比26.5%低于40%要求']
2026-06-14 21:16:14.966 | INFO     | __main__:_materialize_balance_library_for_lane:7277 - Lane DLG55_TMP 尝试补平衡文库模板: sample_id=FDSW250185306-1r, test_no=Novaseq X Plus-PE150, index_seq=ACAGAGCGAT;GACTACTCAC
2026-06-14 21:16:15.314 | INFO     | __main__:_validate_balance_injection_lane_state:7079 - Lane DLG55_TMP 候选平衡文库 FDSW250185306-1r 注入校验失败: ['10bp Index占比26.5%低于40%要求']
2026-06-14 21:16:15.314 | INFO     | __main__:_materialize_balance_library_for_lane:7277 - Lane DLG55_TMP 尝试补平衡文库模板: sample_id=FDSW250185309-1r, test_no=Novaseq X Plus-PE150, index_seq=GTCACACACT;CAAGTGCTTC
2026-06-14 21:16:15.662 | INFO     | __main__:_validate_balance_injection_lane_state:7079 - Lane DLG55_TMP 候选平衡文库 FDSW250185309-1r 注入校验失败: ['10bp Index占比26.5%低于40%要求']
2026-06-14 21:16:15.663 | INFO     | __main__:_materialize_balance_library_for_lane:7277 - Lane DLG55_TMP 尝试补平衡文库模板: sample_id=FDSW250185313-1r, test_no=Novaseq X Plus-PE150, index_seq=ATCGAATGCG;CGATATCTGC
2026-06-14 21:16:16.012 | INFO     | __main__:_validate_balance_injection_lane_state:7079 - Lane DLG55_TMP 候选平衡文库 FDSW250185313-1r 注入校验失败: ['10bp Index占比26.5%低于40%要求']
2026-06-14 21:16:16.012 | INFO     | __main__:_materialize_balance_library_for_lane:7277 - Lane DLG55_TMP 尝试补平衡文库模板: sample_id=FDSW250185316-1r, test_no=Novaseq X Plus-PE150, index_seq=TCATTGCACC;ATCGAAGCTC
2026-06-14 21:16:16.361 | INFO     | __main__:_validate_balance_injection_lane_state:7079 - Lane DLG55_TMP 候选平衡文库 FDSW250185316-1r 注入校验失败: ['10bp Index占比26.5%低于40%要求']
2026-06-14 21:16:17.296 | WARNING  | __main__:_materialize_balance_library_for_lane:7402 - Lane DLG55_TMP 平衡文库补充失败: 需补 107.284G，实验室=天津科技服务实验室，工序=Novaseq X Plus-PE150
2026-06-14 21:16:20.645 | INFO     | __main__:_materialize_balance_library_for_lane:7277 - Lane DLG55_TMP 尝试补平衡文库模板: sample_id=phix, test_no=Novaseq X Plus-PE150, index_seq=GGGGGGGGGG;ACCGAGATCT
2026-06-14 21:16:20.997 | INFO     | __main__:_validate_balance_injection_lane_state:7079 - Lane DLG55_TMP 候选平衡文库 phix 注入校验失败: ['10bp Index占比26.5%低于40%要求']
2026-06-14 21:16:20.997 | INFO     | __main__:_materialize_balance_library_for_lane:7277 - Lane DLG55_TMP 尝试补平衡文库模板: sample_id=FDSW250185295-1r, test_no=Novaseq X Plus-PE150, index_seq=AGCATCGAGT;AGCATCCTCA
2026-06-14 21:16:21.347 | INFO     | __main__:_validate_balance_injection_lane_state:7079 - Lane DLG55_TMP 候选平衡文库 FDSW250185295-1r 注入校验失败: ['10bp Index占比26.5%低于40%要求']
2026-06-14 21:16:21.347 | INFO     | __main__:_materialize_balance_library_for_lane:7277 - Lane DLG55_TMP 尝试补平衡文库模板: sample_id=FDSW250185296-1r, test_no=Novaseq X Plus-PE150, index_seq=CTCACACTGA;CTCACACATG
2026-06-14 21:16:21.696 | INFO     | __main__:_validate_balance_injection_lane_state:7079 - Lane DLG55_TMP 候选平衡文库 FDSW250185296-1r 注入校验失败: ['10bp Index占比26.5%低于40%要求']
2026-06-14 21:16:21.697 | INFO     | __main__:_materialize_balance_library_for_lane:7277 - Lane DLG55_TMP 尝试补平衡文库模板: sample_id=FDSW250185298-1r, test_no=Novaseq X Plus-PE150, index_seq=CCGACTAGAT;CCGACTAAGA
2026-06-14 21:16:22.047 | INFO     | __main__:_validate_balance_injection_lane_state:7079 - Lane DLG55_TMP 候选平衡文库 FDSW250185298-1r 注入校验失败: ['10bp Index占比26.5%低于40%要求']
2026-06-14 21:16:22.047 | INFO     | __main__:_materialize_balance_library_for_lane:7277 - Lane DLG55_TMP 尝试补平衡文库模板: sample_id=FDSW250185306-1r, test_no=Novaseq X Plus-PE150, index_seq=ACAGAGCGAT;GACTACTCAC
2026-06-14 21:16:22.395 | INFO     | __main__:_validate_balance_injection_lane_state:7079 - Lane DLG55_TMP 候选平衡文库 FDSW250185306-1r 注入校验失败: ['10bp Index占比26.5%低于40%要求']
2026-06-14 21:16:22.396 | INFO     | __main__:_materialize_balance_library_for_lane:7277 - Lane DLG55_TMP 尝试补平衡文库模板: sample_id=FDSW250185309-1r, test_no=Novaseq X Plus-PE150, index_seq=GTCACACACT;CAAGTGCTTC
2026-06-14 21:16:22.745 | INFO     | __main__:_validate_balance_injection_lane_state:7079 - Lane DLG55_TMP 候选平衡文库 FDSW250185309-1r 注入校验失败: ['10bp Index占比26.5%低于40%要求']
2026-06-14 21:16:22.745 | INFO     | __main__:_materialize_balance_library_for_lane:7277 - Lane DLG55_TMP 尝试补平衡文库模板: sample_id=FDSW250185313-1r, test_no=Novaseq X Plus-PE150, index_seq=ATCGAATGCG;CGATATCTGC
2026-06-14 21:16:23.094 | INFO     | __main__:_validate_balance_injection_lane_state:7079 - Lane DLG55_TMP 候选平衡文库 FDSW250185313-1r 注入校验失败: ['10bp Index占比26.5%低于40%要求']
2026-06-14 21:16:23.094 | INFO     | __main__:_materialize_balance_library_for_lane:7277 - Lane DLG55_TMP 尝试补平衡文库模板: sample_id=FDSW250185316-1r, test_no=Novaseq X Plus-PE150, index_seq=TCATTGCACC;ATCGAAGCTC
2026-06-14 21:16:23.444 | INFO     | __main__:_validate_balance_injection_lane_state:7079 - Lane DLG55_TMP 候选平衡文库 FDSW250185316-1r 注入校验失败: ['10bp Index占比26.5%低于40%要求']
2026-06-14 21:16:24.380 | WARNING  | __main__:_materialize_balance_library_for_lane:7402 - Lane DLG55_TMP 平衡文库补充失败: 需补 107.284G，实验室=天津科技服务实验室，工序=Novaseq X Plus-PE150
2026-06-14 21:16:26.768 | INFO     | __main__:_materialize_balance_library_for_lane:7277 - Lane DLG55_TMP 尝试补平衡文库模板: sample_id=phix, test_no=Novaseq X Plus-PE150, index_seq=GGGGGGGGGG;ACCGAGATCT
2026-06-14 21:16:27.116 | INFO     | __main__:_validate_balance_injection_lane_state:7079 - Lane DLG55_TMP 候选平衡文库 phix 注入校验失败: ['10bp Index占比26.9%低于40%要求']
2026-06-14 21:16:27.116 | INFO     | __main__:_materialize_balance_library_for_lane:7277 - Lane DLG55_TMP 尝试补平衡文库模板: sample_id=FDSW250185295-1r, test_no=Novaseq X Plus-PE150, index_seq=AGCATCGAGT;AGCATCCTCA
2026-06-14 21:16:27.464 | INFO     | __main__:_validate_balance_injection_lane_state:7079 - Lane DLG55_TMP 候选平衡文库 FDSW250185295-1r 注入校验失败: ['10bp Index占比26.9%低于40%要求']
2026-06-14 21:16:27.464 | INFO     | __main__:_materialize_balance_library_for_lane:7277 - Lane DLG55_TMP 尝试补平衡文库模板: sample_id=FDSW250185296-1r, test_no=Novaseq X Plus-PE150, index_seq=CTCACACTGA;CTCACACATG
2026-06-14 21:16:27.814 | INFO     | __main__:_validate_balance_injection_lane_state:7079 - Lane DLG55_TMP 候选平衡文库 FDSW250185296-1r 注入校验失败: ['10bp Index占比26.9%低于40%要求']
2026-06-14 21:16:27.815 | INFO     | __main__:_materialize_balance_library_for_lane:7277 - Lane DLG55_TMP 尝试补平衡文库模板: sample_id=FDSW250185298-1r, test_no=Novaseq X Plus-PE150, index_seq=CCGACTAGAT;CCGACTAAGA
2026-06-14 21:16:28.164 | INFO     | __main__:_validate_balance_injection_lane_state:7079 - Lane DLG55_TMP 候选平衡文库 FDSW250185298-1r 注入校验失败: ['10bp Index占比26.9%低于40%要求']
2026-06-14 21:16:28.164 | INFO     | __main__:_materialize_balance_library_for_lane:7277 - Lane DLG55_TMP 尝试补平衡文库模板: sample_id=FDSW250185306-1r, test_no=Novaseq X Plus-PE150, index_seq=ACAGAGCGAT;GACTACTCAC
2026-06-14 21:16:28.512 | INFO     | __main__:_validate_balance_injection_lane_state:7079 - Lane DLG55_TMP 候选平衡文库 FDSW250185306-1r 注入校验失败: ['10bp Index占比26.9%低于40%要求']
2026-06-14 21:16:28.512 | INFO     | __main__:_materialize_balance_library_for_lane:7277 - Lane DLG55_TMP 尝试补平衡文库模板: sample_id=FDSW250185309-1r, test_no=Novaseq X Plus-PE150, index_seq=GTCACACACT;CAAGTGCTTC
2026-06-14 21:16:28.860 | INFO     | __main__:_validate_balance_injection_lane_state:7079 - Lane DLG55_TMP 候选平衡文库 FDSW250185309-1r 注入校验失败: ['10bp Index占比26.9%低于40%要求']
2026-06-14 21:16:28.860 | INFO     | __main__:_materialize_balance_library_for_lane:7277 - Lane DLG55_TMP 尝试补平衡文库模板: sample_id=FDSW250185313-1r, test_no=Novaseq X Plus-PE150, index_seq=ATCGAATGCG;CGATATCTGC
2026-06-14 21:16:29.208 | INFO     | __main__:_validate_balance_injection_lane_state:7079 - Lane DLG55_TMP 候选平衡文库 FDSW250185313-1r 注入校验失败: ['10bp Index占比26.9%低于40%要求']
2026-06-14 21:16:29.208 | INFO     | __main__:_materialize_balance_library_for_lane:7277 - Lane DLG55_TMP 尝试补平衡文库模板: sample_id=FDSW250185316-1r, test_no=Novaseq X Plus-PE150, index_seq=TCATTGCACC;ATCGAAGCTC
2026-06-14 21:16:29.555 | INFO     | __main__:_validate_balance_injection_lane_state:7079 - Lane DLG55_TMP 候选平衡文库 FDSW250185316-1r 注入校验失败: ['10bp Index占比26.9%低于40%要求']
2026-06-14 21:16:30.482 | WARNING  | __main__:_materialize_balance_library_for_lane:7402 - Lane DLG55_TMP 平衡文库补充失败: 需补 107.442G，实验室=天津科技服务实验室，工序=Novaseq X Plus-PE150
2026-06-14 21:16:32.857 | INFO     | __main__:_materialize_balance_library_for_lane:7277 - Lane DLG55_TMP 尝试补平衡文库模板: sample_id=phix, test_no=Novaseq X Plus-PE150, index_seq=GGGGGGGGGG;ACCGAGATCT
2026-06-14 21:16:33.207 | INFO     | __main__:_validate_balance_injection_lane_state:7079 - Lane DLG55_TMP 候选平衡文库 phix 注入校验失败: ['10bp Index占比26.9%低于40%要求']
2026-06-14 21:16:33.207 | INFO     | __main__:_materialize_balance_library_for_lane:7277 - Lane DLG55_TMP 尝试补平衡文库模板: sample_id=FDSW250185295-1r, test_no=Novaseq X Plus-PE150, index_seq=AGCATCGAGT;AGCATCCTCA
2026-06-14 21:16:33.561 | INFO     | __main__:_validate_balance_injection_lane_state:7079 - Lane DLG55_TMP 候选平衡文库 FDSW250185295-1r 注入校验失败: ['10bp Index占比26.9%低于40%要求']
2026-06-14 21:16:33.561 | INFO     | __main__:_materialize_balance_library_for_lane:7277 - Lane DLG55_TMP 尝试补平衡文库模板: sample_id=FDSW250185296-1r, test_no=Novaseq X Plus-PE150, index_seq=CTCACACTGA;CTCACACATG
2026-06-14 21:16:33.911 | INFO     | __main__:_validate_balance_injection_lane_state:7079 - Lane DLG55_TMP 候选平衡文库 FDSW250185296-1r 注入校验失败: ['10bp Index占比26.9%低于40%要求']
2026-06-14 21:16:33.911 | INFO     | __main__:_materialize_balance_library_for_lane:7277 - Lane DLG55_TMP 尝试补平衡文库模板: sample_id=FDSW250185298-1r, test_no=Novaseq X Plus-PE150, index_seq=CCGACTAGAT;CCGACTAAGA
2026-06-14 21:16:34.264 | INFO     | __main__:_validate_balance_injection_lane_state:7079 - Lane DLG55_TMP 候选平衡文库 FDSW250185298-1r 注入校验失败: ['10bp Index占比26.9%低于40%要求']
2026-06-14 21:16:34.264 | INFO     | __main__:_materialize_balance_library_for_lane:7277 - Lane DLG55_TMP 尝试补平衡文库模板: sample_id=FDSW250185306-1r, test_no=Novaseq X Plus-PE150, index_seq=ACAGAGCGAT;GACTACTCAC
2026-06-14 21:16:34.616 | INFO     | __main__:_validate_balance_injection_lane_state:7079 - Lane DLG55_TMP 候选平衡文库 FDSW250185306-1r 注入校验失败: ['10bp Index占比26.9%低于40%要求']
2026-06-14 21:16:34.617 | INFO     | __main__:_materialize_balance_library_for_lane:7277 - Lane DLG55_TMP 尝试补平衡文库模板: sample_id=FDSW250185309-1r, test_no=Novaseq X Plus-PE150, index_seq=GTCACACACT;CAAGTGCTTC
2026-06-14 21:16:34.971 | INFO     | __main__:_validate_balance_injection_lane_state:7079 - Lane DLG55_TMP 候选平衡文库 FDSW250185309-1r 注入校验失败: ['10bp Index占比26.9%低于40%要求']
2026-06-14 21:16:34.971 | INFO     | __main__:_materialize_balance_library_for_lane:7277 - Lane DLG55_TMP 尝试补平衡文库模板: sample_id=FDSW250185313-1r, test_no=Novaseq X Plus-PE150, index_seq=ATCGAATGCG;CGATATCTGC
2026-06-14 21:16:35.329 | INFO     | __main__:_validate_balance_injection_lane_state:7079 - Lane DLG55_TMP 候选平衡文库 FDSW250185313-1r 注入校验失败: ['10bp Index占比26.9%低于40%要求']
2026-06-14 21:16:35.329 | INFO     | __main__:_materialize_balance_library_for_lane:7277 - Lane DLG55_TMP 尝试补平衡文库模板: sample_id=FDSW250185316-1r, test_no=Novaseq X Plus-PE150, index_seq=TCATTGCACC;ATCGAAGCTC
2026-06-14 21:16:35.682 | INFO     | __main__:_validate_balance_injection_lane_state:7079 - Lane DLG55_TMP 候选平衡文库 FDSW250185316-1r 注入校验失败: ['10bp Index占比26.9%低于40%要求']
2026-06-14 21:16:36.625 | WARNING  | __main__:_materialize_balance_library_for_lane:7402 - Lane DLG55_TMP 平衡文库补充失败: 需补 107.442G，实验室=天津科技服务实验室，工序=Novaseq X Plus-PE150
2026-06-14 21:16:39.003 | INFO     | __main__:_materialize_balance_library_for_lane:7277 - Lane DLG55_TMP 尝试补平衡文库模板: sample_id=phix, test_no=Novaseq X Plus-PE150, index_seq=GGGGGGGGGG;ACCGAGATCT
2026-06-14 21:16:39.355 | INFO     | __main__:_validate_balance_injection_lane_state:7079 - Lane DLG55_TMP 候选平衡文库 phix 注入校验失败: ['10bp Index占比26.9%低于40%要求']
2026-06-14 21:16:39.355 | INFO     | __main__:_materialize_balance_library_for_lane:7277 - Lane DLG55_TMP 尝试补平衡文库模板: sample_id=FDSW250185295-1r, test_no=Novaseq X Plus-PE150, index_seq=AGCATCGAGT;AGCATCCTCA
2026-06-14 21:16:39.716 | INFO     | __main__:_validate_balance_injection_lane_state:7079 - Lane DLG55_TMP 候选平衡文库 FDSW250185295-1r 注入校验失败: ['10bp Index占比26.9%低于40%要求']
2026-06-14 21:16:39.716 | INFO     | __main__:_materialize_balance_library_for_lane:7277 - Lane DLG55_TMP 尝试补平衡文库模板: sample_id=FDSW250185296-1r, test_no=Novaseq X Plus-PE150, index_seq=CTCACACTGA;CTCACACATG
2026-06-14 21:16:40.068 | INFO     | __main__:_validate_balance_injection_lane_state:7079 - Lane DLG55_TMP 候选平衡文库 FDSW250185296-1r 注入校验失败: ['10bp Index占比26.9%低于40%要求']
2026-06-14 21:16:40.068 | INFO     | __main__:_materialize_balance_library_for_lane:7277 - Lane DLG55_TMP 尝试补平衡文库模板: sample_id=FDSW250185298-1r, test_no=Novaseq X Plus-PE150, index_seq=CCGACTAGAT;CCGACTAAGA
2026-06-14 21:16:40.429 | INFO     | __main__:_validate_balance_injection_lane_state:7079 - Lane DLG55_TMP 候选平衡文库 FDSW250185298-1r 注入校验失败: ['10bp Index占比26.9%低于40%要求']
2026-06-14 21:16:40.429 | INFO     | __main__:_materialize_balance_library_for_lane:7277 - Lane DLG55_TMP 尝试补平衡文库模板: sample_id=FDSW250185306-1r, test_no=Novaseq X Plus-PE150, index_seq=ACAGAGCGAT;GACTACTCAC
2026-06-14 21:16:40.782 | INFO     | __main__:_validate_balance_injection_lane_state:7079 - Lane DLG55_TMP 候选平衡文库 FDSW250185306-1r 注入校验失败: ['10bp Index占比26.9%低于40%要求']
2026-06-14 21:16:40.782 | INFO     | __main__:_materialize_balance_library_for_lane:7277 - Lane DLG55_TMP 尝试补平衡文库模板: sample_id=FDSW250185309-1r, test_no=Novaseq X Plus-PE150, index_seq=GTCACACACT;CAAGTGCTTC
2026-06-14 21:16:41.140 | INFO     | __main__:_validate_balance_injection_lane_state:7079 - Lane DLG55_TMP 候选平衡文库 FDSW250185309-1r 注入校验失败: ['10bp Index占比26.9%低于40%要求']
2026-06-14 21:16:41.140 | INFO     | __main__:_materialize_balance_library_for_lane:7277 - Lane DLG55_TMP 尝试补平衡文库模板: sample_id=FDSW250185313-1r, test_no=Novaseq X Plus-PE150, index_seq=ATCGAATGCG;CGATATCTGC
2026-06-14 21:16:41.489 | INFO     | __main__:_validate_balance_injection_lane_state:7079 - Lane DLG55_TMP 候选平衡文库 FDSW250185313-1r 注入校验失败: ['10bp Index占比26.9%低于40%要求']
2026-06-14 21:16:41.489 | INFO     | __main__:_materialize_balance_library_for_lane:7277 - Lane DLG55_TMP 尝试补平衡文库模板: sample_id=FDSW250185316-1r, test_no=Novaseq X Plus-PE150, index_seq=TCATTGCACC;ATCGAAGCTC
2026-06-14 21:16:41.846 | INFO     | __main__:_validate_balance_injection_lane_state:7079 - Lane DLG55_TMP 候选平衡文库 FDSW250185316-1r 注入校验失败: ['10bp Index占比26.9%低于40%要求']
2026-06-14 21:16:42.804 | WARNING  | __main__:_materialize_balance_library_for_lane:7402 - Lane DLG55_TMP 平衡文库补充失败: 需补 107.442G，实验室=天津科技服务实验室，工序=Novaseq X Plus-PE150
2026-06-14 21:16:45.156 | INFO     | __main__:_materialize_balance_library_for_lane:7277 - Lane DLG55_TMP 尝试补平衡文库模板: sample_id=phix, test_no=Novaseq X Plus-PE150, index_seq=GGGGGGGGGG;ACCGAGATCT
2026-06-14 21:16:45.503 | INFO     | __main__:_validate_balance_injection_lane_state:7079 - Lane DLG55_TMP 候选平衡文库 phix 注入校验失败: ['10bp Index占比26.9%低于40%要求']
2026-06-14 21:16:45.503 | INFO     | __main__:_materialize_balance_library_for_lane:7277 - Lane DLG55_TMP 尝试补平衡文库模板: sample_id=FDSW250185295-1r, test_no=Novaseq X Plus-PE150, index_seq=AGCATCGAGT;AGCATCCTCA
2026-06-14 21:16:45.850 | INFO     | __main__:_validate_balance_injection_lane_state:7079 - Lane DLG55_TMP 候选平衡文库 FDSW250185295-1r 注入校验失败: ['10bp Index占比26.9%低于40%要求']
2026-06-14 21:16:45.851 | INFO     | __main__:_materialize_balance_library_for_lane:7277 - Lane DLG55_TMP 尝试补平衡文库模板: sample_id=FDSW250185296-1r, test_no=Novaseq X Plus-PE150, index_seq=CTCACACTGA;CTCACACATG
2026-06-14 21:16:46.198 | INFO     | __main__:_validate_balance_injection_lane_state:7079 - Lane DLG55_TMP 候选平衡文库 FDSW250185296-1r 注入校验失败: ['10bp Index占比26.9%低于40%要求']
2026-06-14 21:16:46.199 | INFO     | __main__:_materialize_balance_library_for_lane:7277 - Lane DLG55_TMP 尝试补平衡文库模板: sample_id=FDSW250185298-1r, test_no=Novaseq X Plus-PE150, index_seq=CCGACTAGAT;CCGACTAAGA
2026-06-14 21:16:46.544 | INFO     | __main__:_validate_balance_injection_lane_state:7079 - Lane DLG55_TMP 候选平衡文库 FDSW250185298-1r 注入校验失败: ['10bp Index占比26.9%低于40%要求']
2026-06-14 21:16:46.544 | INFO     | __main__:_materialize_balance_library_for_lane:7277 - Lane DLG55_TMP 尝试补平衡文库模板: sample_id=FDSW250185306-1r, test_no=Novaseq X Plus-PE150, index_seq=ACAGAGCGAT;GACTACTCAC
2026-06-14 21:16:46.892 | INFO     | __main__:_validate_balance_injection_lane_state:7079 - Lane DLG55_TMP 候选平衡文库 FDSW250185306-1r 注入校验失败: ['10bp Index占比26.9%低于40%要求']
2026-06-14 21:16:46.892 | INFO     | __main__:_materialize_balance_library_for_lane:7277 - Lane DLG55_TMP 尝试补平衡文库模板: sample_id=FDSW250185309-1r, test_no=Novaseq X Plus-PE150, index_seq=GTCACACACT;CAAGTGCTTC
2026-06-14 21:16:47.238 | INFO     | __main__:_validate_balance_injection_lane_state:7079 - Lane DLG55_TMP 候选平衡文库 FDSW250185309-1r 注入校验失败: ['10bp Index占比26.9%低于40%要求']
2026-06-14 21:16:47.238 | INFO     | __main__:_materialize_balance_library_for_lane:7277 - Lane DLG55_TMP 尝试补平衡文库模板: sample_id=FDSW250185313-1r, test_no=Novaseq X Plus-PE150, index_seq=ATCGAATGCG;CGATATCTGC
2026-06-14 21:16:47.590 | INFO     | __main__:_validate_balance_injection_lane_state:7079 - Lane DLG55_TMP 候选平衡文库 FDSW250185313-1r 注入校验失败: ['10bp Index占比26.9%低于40%要求']
2026-06-14 21:16:47.590 | INFO     | __main__:_materialize_balance_library_for_lane:7277 - Lane DLG55_TMP 尝试补平衡文库模板: sample_id=FDSW250185316-1r, test_no=Novaseq X Plus-PE150, index_seq=TCATTGCACC;ATCGAAGCTC
2026-06-14 21:16:47.936 | INFO     | __main__:_validate_balance_injection_lane_state:7079 - Lane DLG55_TMP 候选平衡文库 FDSW250185316-1r 注入校验失败: ['10bp Index占比26.9%低于40%要求']
2026-06-14 21:16:48.860 | WARNING  | __main__:_materialize_balance_library_for_lane:7402 - Lane DLG55_TMP 平衡文库补充失败: 需补 107.442G，实验室=天津科技服务实验室，工序=Novaseq X Plus-PE150
2026-06-14 21:16:51.234 | INFO     | __main__:_materialize_balance_library_for_lane:7277 - Lane DLG55_TMP 尝试补平衡文库模板: sample_id=phix, test_no=Novaseq X Plus-PE150, index_seq=GGGGGGGGGG;ACCGAGATCT
2026-06-14 21:16:51.581 | INFO     | __main__:_validate_balance_injection_lane_state:7079 - Lane DLG55_TMP 候选平衡文库 phix 注入校验失败: ['10bp Index占比26.9%低于40%要求']
2026-06-14 21:16:51.581 | INFO     | __main__:_materialize_balance_library_for_lane:7277 - Lane DLG55_TMP 尝试补平衡文库模板: sample_id=FDSW250185295-1r, test_no=Novaseq X Plus-PE150, index_seq=AGCATCGAGT;AGCATCCTCA
2026-06-14 21:16:51.928 | INFO     | __main__:_validate_balance_injection_lane_state:7079 - Lane DLG55_TMP 候选平衡文库 FDSW250185295-1r 注入校验失败: ['10bp Index占比26.9%低于40%要求']
2026-06-14 21:16:51.928 | INFO     | __main__:_materialize_balance_library_for_lane:7277 - Lane DLG55_TMP 尝试补平衡文库模板: sample_id=FDSW250185296-1r, test_no=Novaseq X Plus-PE150, index_seq=CTCACACTGA;CTCACACATG
2026-06-14 21:16:52.275 | INFO     | __main__:_validate_balance_injection_lane_state:7079 - Lane DLG55_TMP 候选平衡文库 FDSW250185296-1r 注入校验失败: ['10bp Index占比26.9%低于40%要求']
2026-06-14 21:16:52.275 | INFO     | __main__:_materialize_balance_library_for_lane:7277 - Lane DLG55_TMP 尝试补平衡文库模板: sample_id=FDSW250185298-1r, test_no=Novaseq X Plus-PE150, index_seq=CCGACTAGAT;CCGACTAAGA
2026-06-14 21:16:52.621 | INFO     | __main__:_validate_balance_injection_lane_state:7079 - Lane DLG55_TMP 候选平衡文库 FDSW250185298-1r 注入校验失败: ['10bp Index占比26.9%低于40%要求']
2026-06-14 21:16:52.621 | INFO     | __main__:_materialize_balance_library_for_lane:7277 - Lane DLG55_TMP 尝试补平衡文库模板: sample_id=FDSW250185306-1r, test_no=Novaseq X Plus-PE150, index_seq=ACAGAGCGAT;GACTACTCAC
2026-06-14 21:16:52.967 | INFO     | __main__:_validate_balance_injection_lane_state:7079 - Lane DLG55_TMP 候选平衡文库 FDSW250185306-1r 注入校验失败: ['10bp Index占比26.9%低于40%要求']
2026-06-14 21:16:52.967 | INFO     | __main__:_materialize_balance_library_for_lane:7277 - Lane DLG55_TMP 尝试补平衡文库模板: sample_id=FDSW250185309-1r, test_no=Novaseq X Plus-PE150, index_seq=GTCACACACT;CAAGTGCTTC
2026-06-14 21:16:53.313 | INFO     | __main__:_validate_balance_injection_lane_state:7079 - Lane DLG55_TMP 候选平衡文库 FDSW250185309-1r 注入校验失败: ['10bp Index占比26.9%低于40%要求']
2026-06-14 21:16:53.313 | INFO     | __main__:_materialize_balance_library_for_lane:7277 - Lane DLG55_TMP 尝试补平衡文库模板: sample_id=FDSW250185313-1r, test_no=Novaseq X Plus-PE150, index_seq=ATCGAATGCG;CGATATCTGC
2026-06-14 21:16:53.663 | INFO     | __main__:_validate_balance_injection_lane_state:7079 - Lane DLG55_TMP 候选平衡文库 FDSW250185313-1r 注入校验失败: ['10bp Index占比26.9%低于40%要求']
2026-06-14 21:16:53.663 | INFO     | __main__:_materialize_balance_library_for_lane:7277 - Lane DLG55_TMP 尝试补平衡文库模板: sample_id=FDSW250185316-1r, test_no=Novaseq X Plus-PE150, index_seq=TCATTGCACC;ATCGAAGCTC
2026-06-14 21:16:54.009 | INFO     | __main__:_validate_balance_injection_lane_state:7079 - Lane DLG55_TMP 候选平衡文库 FDSW250185316-1r 注入校验失败: ['10bp Index占比26.9%低于40%要求']
2026-06-14 21:16:54.930 | WARNING  | __main__:_materialize_balance_library_for_lane:7402 - Lane DLG55_TMP 平衡文库补充失败: 需补 107.442G，实验室=天津科技服务实验室，工序=Novaseq X Plus-PE150
2026-06-14 21:16:57.306 | INFO     | __main__:_materialize_balance_library_for_lane:7277 - Lane DLG55_TMP 尝试补平衡文库模板: sample_id=phix, test_no=Novaseq X Plus-PE150, index_seq=GGGGGGGGGG;ACCGAGATCT
2026-06-14 21:16:57.654 | INFO     | __main__:_validate_balance_injection_lane_state:7079 - Lane DLG55_TMP 候选平衡文库 phix 注入校验失败: ['10bp Index占比26.9%低于40%要求']
2026-06-14 21:16:57.654 | INFO     | __main__:_materialize_balance_library_for_lane:7277 - Lane DLG55_TMP 尝试补平衡文库模板: sample_id=FDSW250185295-1r, test_no=Novaseq X Plus-PE150, index_seq=AGCATCGAGT;AGCATCCTCA
2026-06-14 21:16:57.999 | INFO     | __main__:_validate_balance_injection_lane_state:7079 - Lane DLG55_TMP 候选平衡文库 FDSW250185295-1r 注入校验失败: ['10bp Index占比26.9%低于40%要求']
2026-06-14 21:16:57.999 | INFO     | __main__:_materialize_balance_library_for_lane:7277 - Lane DLG55_TMP 尝试补平衡文库模板: sample_id=FDSW250185296-1r, test_no=Novaseq X Plus-PE150, index_seq=CTCACACTGA;CTCACACATG
2026-06-14 21:16:58.348 | INFO     | __main__:_validate_balance_injection_lane_state:7079 - Lane DLG55_TMP 候选平衡文库 FDSW250185296-1r 注入校验失败: ['10bp Index占比26.9%低于40%要求']
2026-06-14 21:16:58.348 | INFO     | __main__:_materialize_balance_library_for_lane:7277 - Lane DLG55_TMP 尝试补平衡文库模板: sample_id=FDSW250185298-1r, test_no=Novaseq X Plus-PE150, index_seq=CCGACTAGAT;CCGACTAAGA
2026-06-14 21:16:58.698 | INFO     | __main__:_validate_balance_injection_lane_state:7079 - Lane DLG55_TMP 候选平衡文库 FDSW250185298-1r 注入校验失败: ['10bp Index占比26.9%低于40%要求']
2026-06-14 21:16:58.698 | INFO     | __main__:_materialize_balance_library_for_lane:7277 - Lane DLG55_TMP 尝试补平衡文库模板: sample_id=FDSW250185306-1r, test_no=Novaseq X Plus-PE150, index_seq=ACAGAGCGAT;GACTACTCAC
2026-06-14 21:16:59.046 | INFO     | __main__:_validate_balance_injection_lane_state:7079 - Lane DLG55_TMP 候选平衡文库 FDSW250185306-1r 注入校验失败: ['10bp Index占比26.9%低于40%要求']
2026-06-14 21:16:59.046 | INFO     | __main__:_materialize_balance_library_for_lane:7277 - Lane DLG55_TMP 尝试补平衡文库模板: sample_id=FDSW250185309-1r, test_no=Novaseq X Plus-PE150, index_seq=GTCACACACT;CAAGTGCTTC
2026-06-14 21:16:59.391 | INFO     | __main__:_validate_balance_injection_lane_state:7079 - Lane DLG55_TMP 候选平衡文库 FDSW250185309-1r 注入校验失败: ['10bp Index占比26.9%低于40%要求']
2026-06-14 21:16:59.391 | INFO     | __main__:_materialize_balance_library_for_lane:7277 - Lane DLG55_TMP 尝试补平衡文库模板: sample_id=FDSW250185313-1r, test_no=Novaseq X Plus-PE150, index_seq=ATCGAATGCG;CGATATCTGC
2026-06-14 21:16:59.737 | INFO     | __main__:_validate_balance_injection_lane_state:7079 - Lane DLG55_TMP 候选平衡文库 FDSW250185313-1r 注入校验失败: ['10bp Index占比26.9%低于40%要求']
2026-06-14 21:16:59.737 | INFO     | __main__:_materialize_balance_library_for_lane:7277 - Lane DLG55_TMP 尝试补平衡文库模板: sample_id=FDSW250185316-1r, test_no=Novaseq X Plus-PE150, index_seq=TCATTGCACC;ATCGAAGCTC
2026-06-14 21:17:00.084 | INFO     | __main__:_validate_balance_injection_lane_state:7079 - Lane DLG55_TMP 候选平衡文库 FDSW250185316-1r 注入校验失败: ['10bp Index占比26.9%低于40%要求']
2026-06-14 21:17:01.007 | WARNING  | __main__:_materialize_balance_library_for_lane:7402 - Lane DLG55_TMP 平衡文库补充失败: 需补 107.442G，实验室=天津科技服务实验室，工序=Novaseq X Plus-PE150
2026-06-14 21:17:03.376 | INFO     | __main__:_materialize_balance_library_for_lane:7277 - Lane DLG55_TMP 尝试补平衡文库模板: sample_id=phix, test_no=Novaseq X Plus-PE150, index_seq=GGGGGGGGGG;ACCGAGATCT
2026-06-14 21:17:03.723 | INFO     | __main__:_validate_balance_injection_lane_state:7079 - Lane DLG55_TMP 候选平衡文库 phix 注入校验失败: ['10bp Index占比26.9%低于40%要求']
2026-06-14 21:17:03.723 | INFO     | __main__:_materialize_balance_library_for_lane:7277 - Lane DLG55_TMP 尝试补平衡文库模板: sample_id=FDSW250185295-1r, test_no=Novaseq X Plus-PE150, index_seq=AGCATCGAGT;AGCATCCTCA
2026-06-14 21:17:04.069 | INFO     | __main__:_validate_balance_injection_lane_state:7079 - Lane DLG55_TMP 候选平衡文库 FDSW250185295-1r 注入校验失败: ['10bp Index占比26.9%低于40%要求']
2026-06-14 21:17:04.069 | INFO     | __main__:_materialize_balance_library_for_lane:7277 - Lane DLG55_TMP 尝试补平衡文库模板: sample_id=FDSW250185296-1r, test_no=Novaseq X Plus-PE150, index_seq=CTCACACTGA;CTCACACATG
2026-06-14 21:17:04.414 | INFO     | __main__:_validate_balance_injection_lane_state:7079 - Lane DLG55_TMP 候选平衡文库 FDSW250185296-1r 注入校验失败: ['10bp Index占比26.9%低于40%要求']
2026-06-14 21:17:04.414 | INFO     | __main__:_materialize_balance_library_for_lane:7277 - Lane DLG55_TMP 尝试补平衡文库模板: sample_id=FDSW250185298-1r, test_no=Novaseq X Plus-PE150, index_seq=CCGACTAGAT;CCGACTAAGA
2026-06-14 21:17:04.761 | INFO     | __main__:_validate_balance_injection_lane_state:7079 - Lane DLG55_TMP 候选平衡文库 FDSW250185298-1r 注入校验失败: ['10bp Index占比26.9%低于40%要求']
2026-06-14 21:17:04.762 | INFO     | __main__:_materialize_balance_library_for_lane:7277 - Lane DLG55_TMP 尝试补平衡文库模板: sample_id=FDSW250185306-1r, test_no=Novaseq X Plus-PE150, index_seq=ACAGAGCGAT;GACTACTCAC
2026-06-14 21:17:05.108 | INFO     | __main__:_validate_balance_injection_lane_state:7079 - Lane DLG55_TMP 候选平衡文库 FDSW250185306-1r 注入校验失败: ['10bp Index占比26.9%低于40%要求']
2026-06-14 21:17:05.108 | INFO     | __main__:_materialize_balance_library_for_lane:7277 - Lane DLG55_TMP 尝试补平衡文库模板: sample_id=FDSW250185309-1r, test_no=Novaseq X Plus-PE150, index_seq=GTCACACACT;CAAGTGCTTC
2026-06-14 21:17:05.454 | INFO     | __main__:_validate_balance_injection_lane_state:7079 - Lane DLG55_TMP 候选平衡文库 FDSW250185309-1r 注入校验失败: ['10bp Index占比26.9%低于40%要求']
2026-06-14 21:17:05.454 | INFO     | __main__:_materialize_balance_library_for_lane:7277 - Lane DLG55_TMP 尝试补平衡文库模板: sample_id=FDSW250185313-1r, test_no=Novaseq X Plus-PE150, index_seq=ATCGAATGCG;CGATATCTGC
2026-06-14 21:17:05.801 | INFO     | __main__:_validate_balance_injection_lane_state:7079 - Lane DLG55_TMP 候选平衡文库 FDSW250185313-1r 注入校验失败: ['10bp Index占比26.9%低于40%要求']
2026-06-14 21:17:05.801 | INFO     | __main__:_materialize_balance_library_for_lane:7277 - Lane DLG55_TMP 尝试补平衡文库模板: sample_id=FDSW250185316-1r, test_no=Novaseq X Plus-PE150, index_seq=TCATTGCACC;ATCGAAGCTC
2026-06-14 21:17:06.147 | INFO     | __main__:_validate_balance_injection_lane_state:7079 - Lane DLG55_TMP 候选平衡文库 FDSW250185316-1r 注入校验失败: ['10bp Index占比26.9%低于40%要求']
2026-06-14 21:17:07.070 | WARNING  | __main__:_materialize_balance_library_for_lane:7402 - Lane DLG55_TMP 平衡文库补充失败: 需补 107.442G，实验室=天津科技服务实验室，工序=Novaseq X Plus-PE150
2026-06-14 21:17:09.445 | INFO     | __main__:_materialize_balance_library_for_lane:7277 - Lane DLG55_TMP 尝试补平衡文库模板: sample_id=phix, test_no=Novaseq X Plus-PE150, index_seq=GGGGGGGGGG;ACCGAGATCT
2026-06-14 21:17:09.794 | INFO     | __main__:_validate_balance_injection_lane_state:7079 - Lane DLG55_TMP 候选平衡文库 phix 注入校验失败: ['10bp Index占比26.9%低于40%要求']
2026-06-14 21:17:09.794 | INFO     | __main__:_materialize_balance_library_for_lane:7277 - Lane DLG55_TMP 尝试补平衡文库模板: sample_id=FDSW250185295-1r, test_no=Novaseq X Plus-PE150, index_seq=AGCATCGAGT;AGCATCCTCA
2026-06-14 21:17:10.141 | INFO     | __main__:_validate_balance_injection_lane_state:7079 - Lane DLG55_TMP 候选平衡文库 FDSW250185295-1r 注入校验失败: ['10bp Index占比26.9%低于40%要求']
2026-06-14 21:17:10.141 | INFO     | __main__:_materialize_balance_library_for_lane:7277 - Lane DLG55_TMP 尝试补平衡文库模板: sample_id=FDSW250185296-1r, test_no=Novaseq X Plus-PE150, index_seq=CTCACACTGA;CTCACACATG
2026-06-14 21:17:10.492 | INFO     | __main__:_validate_balance_injection_lane_state:7079 - Lane DLG55_TMP 候选平衡文库 FDSW250185296-1r 注入校验失败: ['10bp Index占比26.9%低于40%要求']
2026-06-14 21:17:10.492 | INFO     | __main__:_materialize_balance_library_for_lane:7277 - Lane DLG55_TMP 尝试补平衡文库模板: sample_id=FDSW250185298-1r, test_no=Novaseq X Plus-PE150, index_seq=CCGACTAGAT;CCGACTAAGA
2026-06-14 21:17:10.842 | INFO     | __main__:_validate_balance_injection_lane_state:7079 - Lane DLG55_TMP 候选平衡文库 FDSW250185298-1r 注入校验失败: ['10bp Index占比26.9%低于40%要求']
2026-06-14 21:17:10.842 | INFO     | __main__:_materialize_balance_library_for_lane:7277 - Lane DLG55_TMP 尝试补平衡文库模板: sample_id=FDSW250185306-1r, test_no=Novaseq X Plus-PE150, index_seq=ACAGAGCGAT;GACTACTCAC
2026-06-14 21:17:11.193 | INFO     | __main__:_validate_balance_injection_lane_state:7079 - Lane DLG55_TMP 候选平衡文库 FDSW250185306-1r 注入校验失败: ['10bp Index占比26.9%低于40%要求']
2026-06-14 21:17:11.193 | INFO     | __main__:_materialize_balance_library_for_lane:7277 - Lane DLG55_TMP 尝试补平衡文库模板: sample_id=FDSW250185309-1r, test_no=Novaseq X Plus-PE150, index_seq=GTCACACACT;CAAGTGCTTC
2026-06-14 21:17:11.543 | INFO     | __main__:_validate_balance_injection_lane_state:7079 - Lane DLG55_TMP 候选平衡文库 FDSW250185309-1r 注入校验失败: ['10bp Index占比26.9%低于40%要求']
2026-06-14 21:17:11.543 | INFO     | __main__:_materialize_balance_library_for_lane:7277 - Lane DLG55_TMP 尝试补平衡文库模板: sample_id=FDSW250185313-1r, test_no=Novaseq X Plus-PE150, index_seq=ATCGAATGCG;CGATATCTGC
2026-06-14 21:17:11.893 | INFO     | __main__:_validate_balance_injection_lane_state:7079 - Lane DLG55_TMP 候选平衡文库 FDSW250185313-1r 注入校验失败: ['10bp Index占比26.9%低于40%要求']
2026-06-14 21:17:11.893 | INFO     | __main__:_materialize_balance_library_for_lane:7277 - Lane DLG55_TMP 尝试补平衡文库模板: sample_id=FDSW250185316-1r, test_no=Novaseq X Plus-PE150, index_seq=TCATTGCACC;ATCGAAGCTC
2026-06-14 21:17:12.241 | INFO     | __main__:_validate_balance_injection_lane_state:7079 - Lane DLG55_TMP 候选平衡文库 FDSW250185316-1r 注入校验失败: ['10bp Index占比26.9%低于40%要求']
2026-06-14 21:17:13.171 | WARNING  | __main__:_materialize_balance_library_for_lane:7402 - Lane DLG55_TMP 平衡文库补充失败: 需补 107.442G，实验室=天津科技服务实验室，工序=Novaseq X Plus-PE150
2026-06-14 21:17:15.538 | INFO     | __main__:_materialize_balance_library_for_lane:7277 - Lane DLG55_TMP 尝试补平衡文库模板: sample_id=phix, test_no=Novaseq X Plus-PE150, index_seq=GGGGGGGGGG;ACCGAGATCT
2026-06-14 21:17:15.886 | INFO     | __main__:_validate_balance_injection_lane_state:7079 - Lane DLG55_TMP 候选平衡文库 phix 注入校验失败: ['10bp Index占比26.9%低于40%要求']
2026-06-14 21:17:15.887 | INFO     | __main__:_materialize_balance_library_for_lane:7277 - Lane DLG55_TMP 尝试补平衡文库模板: sample_id=FDSW250185295-1r, test_no=Novaseq X Plus-PE150, index_seq=AGCATCGAGT;AGCATCCTCA
2026-06-14 21:17:16.236 | INFO     | __main__:_validate_balance_injection_lane_state:7079 - Lane DLG55_TMP 候选平衡文库 FDSW250185295-1r 注入校验失败: ['10bp Index占比26.9%低于40%要求']
2026-06-14 21:17:16.236 | INFO     | __main__:_materialize_balance_library_for_lane:7277 - Lane DLG55_TMP 尝试补平衡文库模板: sample_id=FDSW250185296-1r, test_no=Novaseq X Plus-PE150, index_seq=CTCACACTGA;CTCACACATG
2026-06-14 21:17:16.583 | INFO     | __main__:_validate_balance_injection_lane_state:7079 - Lane DLG55_TMP 候选平衡文库 FDSW250185296-1r 注入校验失败: ['10bp Index占比26.9%低于40%要求']
2026-06-14 21:17:16.584 | INFO     | __main__:_materialize_balance_library_for_lane:7277 - Lane DLG55_TMP 尝试补平衡文库模板: sample_id=FDSW250185298-1r, test_no=Novaseq X Plus-PE150, index_seq=CCGACTAGAT;CCGACTAAGA
2026-06-14 21:17:16.931 | INFO     | __main__:_validate_balance_injection_lane_state:7079 - Lane DLG55_TMP 候选平衡文库 FDSW250185298-1r 注入校验失败: ['10bp Index占比26.9%低于40%要求']
2026-06-14 21:17:16.931 | INFO     | __main__:_materialize_balance_library_for_lane:7277 - Lane DLG55_TMP 尝试补平衡文库模板: sample_id=FDSW250185306-1r, test_no=Novaseq X Plus-PE150, index_seq=ACAGAGCGAT;GACTACTCAC
2026-06-14 21:17:17.279 | INFO     | __main__:_validate_balance_injection_lane_state:7079 - Lane DLG55_TMP 候选平衡文库 FDSW250185306-1r 注入校验失败: ['10bp Index占比26.9%低于40%要求']
2026-06-14 21:17:17.279 | INFO     | __main__:_materialize_balance_library_for_lane:7277 - Lane DLG55_TMP 尝试补平衡文库模板: sample_id=FDSW250185309-1r, test_no=Novaseq X Plus-PE150, index_seq=GTCACACACT;CAAGTGCTTC
2026-06-14 21:17:17.626 | INFO     | __main__:_validate_balance_injection_lane_state:7079 - Lane DLG55_TMP 候选平衡文库 FDSW250185309-1r 注入校验失败: ['10bp Index占比26.9%低于40%要求']
2026-06-14 21:17:17.626 | INFO     | __main__:_materialize_balance_library_for_lane:7277 - Lane DLG55_TMP 尝试补平衡文库模板: sample_id=FDSW250185313-1r, test_no=Novaseq X Plus-PE150, index_seq=ATCGAATGCG;CGATATCTGC
2026-06-14 21:17:17.972 | INFO     | __main__:_validate_balance_injection_lane_state:7079 - Lane DLG55_TMP 候选平衡文库 FDSW250185313-1r 注入校验失败: ['10bp Index占比26.9%低于40%要求']
2026-06-14 21:17:17.973 | INFO     | __main__:_materialize_balance_library_for_lane:7277 - Lane DLG55_TMP 尝试补平衡文库模板: sample_id=FDSW250185316-1r, test_no=Novaseq X Plus-PE150, index_seq=TCATTGCACC;ATCGAAGCTC
2026-06-14 21:17:18.319 | INFO     | __main__:_validate_balance_injection_lane_state:7079 - Lane DLG55_TMP 候选平衡文库 FDSW250185316-1r 注入校验失败: ['10bp Index占比26.9%低于40%要求']
2026-06-14 21:17:19.243 | WARNING  | __main__:_materialize_balance_library_for_lane:7402 - Lane DLG55_TMP 平衡文库补充失败: 需补 107.442G，实验室=天津科技服务实验室，工序=Novaseq X Plus-PE150
2026-06-14 21:17:23.465 | INFO     | __main__:_materialize_balance_library_for_lane:7277 - Lane DLG55_TMP 尝试补平衡文库模板: sample_id=phix, test_no=Novaseq X Plus-PE150, index_seq=GGGGGGGGGG;ACCGAGATCT
2026-06-14 21:17:23.468 | INFO     | __main__:_materialize_balance_library_for_lane:7310 - Lane DLG55_TMP 平衡文库补充成功: sample_id=phix, 数据量=112.053G
2026-06-14 21:17:23.469 | INFO     | __main__:_consume_g55_imbalance_as_mode_lanes:15613 - 步骤1.3 G55跨基础组碱基不均1.1专Lane成Lane成功: lane=DLG55_Nova X-25B_001, 基础组=G27,G29,G33,G5,G58, 使用18个/2129.0G
2026-06-14 21:17:26.887 | INFO     | __main__:_materialize_balance_library_for_lane:7277 - Lane DLG55_TMP 尝试补平衡文库模板: sample_id=phix, test_no=Novaseq X Plus-PE150, index_seq=GGGGGGGGGG;ACCGAGATCT
2026-06-14 21:17:26.889 | INFO     | __main__:_validate_balance_injection_lane_state:7079 - Lane DLG55_TMP 候选平衡文库 phix 注入校验失败: ['10bp Index占比14.0%低于40%要求']
2026-06-14 21:17:26.889 | INFO     | __main__:_materialize_balance_library_for_lane:7277 - Lane DLG55_TMP 尝试补平衡文库模板: sample_id=FDSW250185295-1r, test_no=Novaseq X Plus-PE150, index_seq=AGCATCGAGT;AGCATCCTCA
2026-06-14 21:17:26.892 | INFO     | __main__:_validate_balance_injection_lane_state:7079 - Lane DLG55_TMP 候选平衡文库 FDSW250185295-1r 注入校验失败: ['10bp Index占比14.0%低于40%要求']
2026-06-14 21:17:26.892 | INFO     | __main__:_materialize_balance_library_for_lane:7277 - Lane DLG55_TMP 尝试补平衡文库模板: sample_id=FDSW250185296-1r, test_no=Novaseq X Plus-PE150, index_seq=CTCACACTGA;CTCACACATG
2026-06-14 21:17:26.894 | INFO     | __main__:_validate_balance_injection_lane_state:7079 - Lane DLG55_TMP 候选平衡文库 FDSW250185296-1r 注入校验失败: ['10bp Index占比14.0%低于40%要求']
2026-06-14 21:17:26.894 | INFO     | __main__:_materialize_balance_library_for_lane:7277 - Lane DLG55_TMP 尝试补平衡文库模板: sample_id=FDSW250185298-1r, test_no=Novaseq X Plus-PE150, index_seq=CCGACTAGAT;CCGACTAAGA
2026-06-14 21:17:26.896 | INFO     | __main__:_validate_balance_injection_lane_state:7079 - Lane DLG55_TMP 候选平衡文库 FDSW250185298-1r 注入校验失败: ['10bp Index占比14.0%低于40%要求']
2026-06-14 21:17:26.896 | INFO     | __main__:_materialize_balance_library_for_lane:7277 - Lane DLG55_TMP 尝试补平衡文库模板: sample_id=FDSW250185306-1r, test_no=Novaseq X Plus-PE150, index_seq=ACAGAGCGAT;GACTACTCAC
2026-06-14 21:17:26.898 | INFO     | __main__:_validate_balance_injection_lane_state:7079 - Lane DLG55_TMP 候选平衡文库 FDSW250185306-1r 注入校验失败: ['10bp Index占比14.0%低于40%要求']
2026-06-14 21:17:26.899 | INFO     | __main__:_materialize_balance_library_for_lane:7277 - Lane DLG55_TMP 尝试补平衡文库模板: sample_id=FDSW250185309-1r, test_no=Novaseq X Plus-PE150, index_seq=GTCACACACT;CAAGTGCTTC
2026-06-14 21:17:26.901 | INFO     | __main__:_validate_balance_injection_lane_state:7079 - Lane DLG55_TMP 候选平衡文库 FDSW250185309-1r 注入校验失败: ['10bp Index占比14.0%低于40%要求']
2026-06-14 21:17:26.901 | INFO     | __main__:_materialize_balance_library_for_lane:7277 - Lane DLG55_TMP 尝试补平衡文库模板: sample_id=FDSW250185313-1r, test_no=Novaseq X Plus-PE150, index_seq=ATCGAATGCG;CGATATCTGC
2026-06-14 21:17:26.903 | INFO     | __main__:_validate_balance_injection_lane_state:7079 - Lane DLG55_TMP 候选平衡文库 FDSW250185313-1r 注入校验失败: ['10bp Index占比14.0%低于40%要求']
2026-06-14 21:17:26.903 | INFO     | __main__:_materialize_balance_library_for_lane:7277 - Lane DLG55_TMP 尝试补平衡文库模板: sample_id=FDSW250185316-1r, test_no=Novaseq X Plus-PE150, index_seq=TCATTGCACC;ATCGAAGCTC
2026-06-14 21:17:26.905 | INFO     | __main__:_validate_balance_injection_lane_state:7079 - Lane DLG55_TMP 候选平衡文库 FDSW250185316-1r 注入校验失败: ['10bp Index占比14.0%低于40%要求']
2026-06-14 21:17:26.910 | WARNING  | __main__:_materialize_balance_library_for_lane:7402 - Lane DLG55_TMP 平衡文库补充失败: 需补 112.632G，实验室=天津科技服务实验室，工序=Novaseq X Plus-PE150
2026-06-14 21:17:28.295 | INFO     | __main__:_materialize_balance_library_for_lane:7277 - Lane DLG55_TMP 尝试补平衡文库模板: sample_id=phix, test_no=Novaseq X Plus-PE150, index_seq=GGGGGGGGGG;ACCGAGATCT
2026-06-14 21:17:28.648 | INFO     | __main__:_validate_balance_injection_lane_state:7079 - Lane DLG55_TMP 候选平衡文库 phix 注入校验失败: ['10bp Index占比17.1%低于40%要求']
2026-06-14 21:17:28.648 | INFO     | __main__:_materialize_balance_library_for_lane:7277 - Lane DLG55_TMP 尝试补平衡文库模板: sample_id=FDSW250185295-1r, test_no=Novaseq X Plus-PE150, index_seq=AGCATCGAGT;AGCATCCTCA
2026-06-14 21:17:29.001 | INFO     | __main__:_validate_balance_injection_lane_state:7079 - Lane DLG55_TMP 候选平衡文库 FDSW250185295-1r 注入校验失败: ['10bp Index占比17.1%低于40%要求']
2026-06-14 21:17:29.001 | INFO     | __main__:_materialize_balance_library_for_lane:7277 - Lane DLG55_TMP 尝试补平衡文库模板: sample_id=FDSW250185296-1r, test_no=Novaseq X Plus-PE150, index_seq=CTCACACTGA;CTCACACATG
2026-06-14 21:17:29.354 | INFO     | __main__:_validate_balance_injection_lane_state:7079 - Lane DLG55_TMP 候选平衡文库 FDSW250185296-1r 注入校验失败: ['10bp Index占比17.1%低于40%要求']
2026-06-14 21:17:29.354 | INFO     | __main__:_materialize_balance_library_for_lane:7277 - Lane DLG55_TMP 尝试补平衡文库模板: sample_id=FDSW250185298-1r, test_no=Novaseq X Plus-PE150, index_seq=CCGACTAGAT;CCGACTAAGA
2026-06-14 21:17:29.707 | INFO     | __main__:_validate_balance_injection_lane_state:7079 - Lane DLG55_TMP 候选平衡文库 FDSW250185298-1r 注入校验失败: ['10bp Index占比17.1%低于40%要求']
2026-06-14 21:17:29.707 | INFO     | __main__:_materialize_balance_library_for_lane:7277 - Lane DLG55_TMP 尝试补平衡文库模板: sample_id=FDSW250185306-1r, test_no=Novaseq X Plus-PE150, index_seq=ACAGAGCGAT;GACTACTCAC
2026-06-14 21:17:30.060 | INFO     | __main__:_validate_balance_injection_lane_state:7079 - Lane DLG55_TMP 候选平衡文库 FDSW250185306-1r 注入校验失败: ['10bp Index占比17.1%低于40%要求']
2026-06-14 21:17:30.060 | INFO     | __main__:_materialize_balance_library_for_lane:7277 - Lane DLG55_TMP 尝试补平衡文库模板: sample_id=FDSW250185309-1r, test_no=Novaseq X Plus-PE150, index_seq=GTCACACACT;CAAGTGCTTC
2026-06-14 21:17:30.414 | INFO     | __main__:_validate_balance_injection_lane_state:7079 - Lane DLG55_TMP 候选平衡文库 FDSW250185309-1r 注入校验失败: ['10bp Index占比17.1%低于40%要求']
2026-06-14 21:17:30.414 | INFO     | __main__:_materialize_balance_library_for_lane:7277 - Lane DLG55_TMP 尝试补平衡文库模板: sample_id=FDSW250185313-1r, test_no=Novaseq X Plus-PE150, index_seq=ATCGAATGCG;CGATATCTGC
2026-06-14 21:17:30.766 | INFO     | __main__:_validate_balance_injection_lane_state:7079 - Lane DLG55_TMP 候选平衡文库 FDSW250185313-1r 注入校验失败: ['10bp Index占比17.1%低于40%要求']
2026-06-14 21:17:30.767 | INFO     | __main__:_materialize_balance_library_for_lane:7277 - Lane DLG55_TMP 尝试补平衡文库模板: sample_id=FDSW250185316-1r, test_no=Novaseq X Plus-PE150, index_seq=TCATTGCACC;ATCGAAGCTC
2026-06-14 21:17:31.120 | INFO     | __main__:_validate_balance_injection_lane_state:7079 - Lane DLG55_TMP 候选平衡文库 FDSW250185316-1r 注入校验失败: ['10bp Index占比17.1%低于40%要求']
2026-06-14 21:17:32.068 | WARNING  | __main__:_materialize_balance_library_for_lane:7402 - Lane DLG55_TMP 平衡文库补充失败: 需补 111.978G，实验室=天津科技服务实验室，工序=Novaseq X Plus-PE150
2026-06-14 21:17:33.453 | INFO     | __main__:_materialize_balance_library_for_lane:7277 - Lane DLG55_TMP 尝试补平衡文库模板: sample_id=phix, test_no=Novaseq X Plus-PE150, index_seq=GGGGGGGGGG;ACCGAGATCT
2026-06-14 21:17:33.806 | INFO     | __main__:_validate_balance_injection_lane_state:7079 - Lane DLG55_TMP 候选平衡文库 phix 注入校验失败: ['10bp Index占比17.1%低于40%要求']
2026-06-14 21:17:33.806 | INFO     | __main__:_materialize_balance_library_for_lane:7277 - Lane DLG55_TMP 尝试补平衡文库模板: sample_id=FDSW250185295-1r, test_no=Novaseq X Plus-PE150, index_seq=AGCATCGAGT;AGCATCCTCA
2026-06-14 21:17:34.160 | INFO     | __main__:_validate_balance_injection_lane_state:7079 - Lane DLG55_TMP 候选平衡文库 FDSW250185295-1r 注入校验失败: ['10bp Index占比17.1%低于40%要求']
2026-06-14 21:17:34.160 | INFO     | __main__:_materialize_balance_library_for_lane:7277 - Lane DLG55_TMP 尝试补平衡文库模板: sample_id=FDSW250185296-1r, test_no=Novaseq X Plus-PE150, index_seq=CTCACACTGA;CTCACACATG
2026-06-14 21:17:34.515 | INFO     | __main__:_validate_balance_injection_lane_state:7079 - Lane DLG55_TMP 候选平衡文库 FDSW250185296-1r 注入校验失败: ['10bp Index占比17.1%低于40%要求']
2026-06-14 21:17:34.515 | INFO     | __main__:_materialize_balance_library_for_lane:7277 - Lane DLG55_TMP 尝试补平衡文库模板: sample_id=FDSW250185298-1r, test_no=Novaseq X Plus-PE150, index_seq=CCGACTAGAT;CCGACTAAGA
2026-06-14 21:17:34.867 | INFO     | __main__:_validate_balance_injection_lane_state:7079 - Lane DLG55_TMP 候选平衡文库 FDSW250185298-1r 注入校验失败: ['10bp Index占比17.1%低于40%要求']
2026-06-14 21:17:34.867 | INFO     | __main__:_materialize_balance_library_for_lane:7277 - Lane DLG55_TMP 尝试补平衡文库模板: sample_id=FDSW250185306-1r, test_no=Novaseq X Plus-PE150, index_seq=ACAGAGCGAT;GACTACTCAC
2026-06-14 21:17:35.223 | INFO     | __main__:_validate_balance_injection_lane_state:7079 - Lane DLG55_TMP 候选平衡文库 FDSW250185306-1r 注入校验失败: ['10bp Index占比17.1%低于40%要求']
2026-06-14 21:17:35.223 | INFO     | __main__:_materialize_balance_library_for_lane:7277 - Lane DLG55_TMP 尝试补平衡文库模板: sample_id=FDSW250185309-1r, test_no=Novaseq X Plus-PE150, index_seq=GTCACACACT;CAAGTGCTTC
2026-06-14 21:17:35.576 | INFO     | __main__:_validate_balance_injection_lane_state:7079 - Lane DLG55_TMP 候选平衡文库 FDSW250185309-1r 注入校验失败: ['10bp Index占比17.1%低于40%要求']
2026-06-14 21:17:35.576 | INFO     | __main__:_materialize_balance_library_for_lane:7277 - Lane DLG55_TMP 尝试补平衡文库模板: sample_id=FDSW250185313-1r, test_no=Novaseq X Plus-PE150, index_seq=ATCGAATGCG;CGATATCTGC
2026-06-14 21:17:35.931 | INFO     | __main__:_validate_balance_injection_lane_state:7079 - Lane DLG55_TMP 候选平衡文库 FDSW250185313-1r 注入校验失败: ['10bp Index占比17.1%低于40%要求']
2026-06-14 21:17:35.931 | INFO     | __main__:_materialize_balance_library_for_lane:7277 - Lane DLG55_TMP 尝试补平衡文库模板: sample_id=FDSW250185316-1r, test_no=Novaseq X Plus-PE150, index_seq=TCATTGCACC;ATCGAAGCTC
2026-06-14 21:17:36.286 | INFO     | __main__:_validate_balance_injection_lane_state:7079 - Lane DLG55_TMP 候选平衡文库 FDSW250185316-1r 注入校验失败: ['10bp Index占比17.1%低于40%要求']
2026-06-14 21:17:37.231 | WARNING  | __main__:_materialize_balance_library_for_lane:7402 - Lane DLG55_TMP 平衡文库补充失败: 需补 111.978G，实验室=天津科技服务实验室，工序=Novaseq X Plus-PE150
2026-06-14 21:17:38.148 | INFO     | __main__:_materialize_balance_library_for_lane:7277 - Lane DLG55_TMP 尝试补平衡文库模板: sample_id=phix, test_no=Novaseq X Plus-PE150, index_seq=GGGGGGGGGG;ACCGAGATCT
2026-06-14 21:17:38.386 | INFO     | __main__:_validate_balance_injection_lane_state:7079 - Lane DLG55_TMP 候选平衡文库 phix 注入校验失败: ['10bp Index占比17.1%低于40%要求']
2026-06-14 21:17:38.386 | INFO     | __main__:_materialize_balance_library_for_lane:7277 - Lane DLG55_TMP 尝试补平衡文库模板: sample_id=FDSW250185295-1r, test_no=Novaseq X Plus-PE150, index_seq=AGCATCGAGT;AGCATCCTCA
2026-06-14 21:17:38.623 | INFO     | __main__:_validate_balance_injection_lane_state:7079 - Lane DLG55_TMP 候选平衡文库 FDSW250185295-1r 注入校验失败: ['10bp Index占比17.1%低于40%要求']
2026-06-14 21:17:38.623 | INFO     | __main__:_materialize_balance_library_for_lane:7277 - Lane DLG55_TMP 尝试补平衡文库模板: sample_id=FDSW250185296-1r, test_no=Novaseq X Plus-PE150, index_seq=CTCACACTGA;CTCACACATG
2026-06-14 21:17:38.860 | INFO     | __main__:_validate_balance_injection_lane_state:7079 - Lane DLG55_TMP 候选平衡文库 FDSW250185296-1r 注入校验失败: ['10bp Index占比17.1%低于40%要求']
2026-06-14 21:17:38.860 | INFO     | __main__:_materialize_balance_library_for_lane:7277 - Lane DLG55_TMP 尝试补平衡文库模板: sample_id=FDSW250185298-1r, test_no=Novaseq X Plus-PE150, index_seq=CCGACTAGAT;CCGACTAAGA
2026-06-14 21:17:39.097 | INFO     | __main__:_validate_balance_injection_lane_state:7079 - Lane DLG55_TMP 候选平衡文库 FDSW250185298-1r 注入校验失败: ['10bp Index占比17.1%低于40%要求']
2026-06-14 21:17:39.097 | INFO     | __main__:_materialize_balance_library_for_lane:7277 - Lane DLG55_TMP 尝试补平衡文库模板: sample_id=FDSW250185306-1r, test_no=Novaseq X Plus-PE150, index_seq=ACAGAGCGAT;GACTACTCAC
2026-06-14 21:17:39.334 | INFO     | __main__:_validate_balance_injection_lane_state:7079 - Lane DLG55_TMP 候选平衡文库 FDSW250185306-1r 注入校验失败: ['10bp Index占比17.1%低于40%要求']
2026-06-14 21:17:39.334 | INFO     | __main__:_materialize_balance_library_for_lane:7277 - Lane DLG55_TMP 尝试补平衡文库模板: sample_id=FDSW250185309-1r, test_no=Novaseq X Plus-PE150, index_seq=GTCACACACT;CAAGTGCTTC
2026-06-14 21:17:39.573 | INFO     | __main__:_validate_balance_injection_lane_state:7079 - Lane DLG55_TMP 候选平衡文库 FDSW250185309-1r 注入校验失败: ['10bp Index占比17.1%低于40%要求']
2026-06-14 21:17:39.573 | INFO     | __main__:_materialize_balance_library_for_lane:7277 - Lane DLG55_TMP 尝试补平衡文库模板: sample_id=FDSW250185313-1r, test_no=Novaseq X Plus-PE150, index_seq=ATCGAATGCG;CGATATCTGC
2026-06-14 21:17:39.810 | INFO     | __main__:_validate_balance_injection_lane_state:7079 - Lane DLG55_TMP 候选平衡文库 FDSW250185313-1r 注入校验失败: ['10bp Index占比17.1%低于40%要求']
2026-06-14 21:17:39.810 | INFO     | __main__:_materialize_balance_library_for_lane:7277 - Lane DLG55_TMP 尝试补平衡文库模板: sample_id=FDSW250185316-1r, test_no=Novaseq X Plus-PE150, index_seq=TCATTGCACC;ATCGAAGCTC
2026-06-14 21:17:40.048 | INFO     | __main__:_validate_balance_injection_lane_state:7079 - Lane DLG55_TMP 候选平衡文库 FDSW250185316-1r 注入校验失败: ['10bp Index占比17.1%低于40%要求']
2026-06-14 21:17:40.685 | WARNING  | __main__:_materialize_balance_library_for_lane:7402 - Lane DLG55_TMP 平衡文库补充失败: 需补 111.978G，实验室=天津科技服务实验室，工序=Novaseq X Plus-PE150
2026-06-14 21:17:41.594 | INFO     | __main__:_materialize_balance_library_for_lane:7277 - Lane DLG55_TMP 尝试补平衡文库模板: sample_id=phix, test_no=Novaseq X Plus-PE150, index_seq=GGGGGGGGGG;ACCGAGATCT
2026-06-14 21:17:41.832 | INFO     | __main__:_validate_balance_injection_lane_state:7079 - Lane DLG55_TMP 候选平衡文库 phix 注入校验失败: ['10bp Index占比17.1%低于40%要求']
2026-06-14 21:17:41.832 | INFO     | __main__:_materialize_balance_library_for_lane:7277 - Lane DLG55_TMP 尝试补平衡文库模板: sample_id=FDSW250185295-1r, test_no=Novaseq X Plus-PE150, index_seq=AGCATCGAGT;AGCATCCTCA
2026-06-14 21:17:42.069 | INFO     | __main__:_validate_balance_injection_lane_state:7079 - Lane DLG55_TMP 候选平衡文库 FDSW250185295-1r 注入校验失败: ['10bp Index占比17.1%低于40%要求']
2026-06-14 21:17:42.070 | INFO     | __main__:_materialize_balance_library_for_lane:7277 - Lane DLG55_TMP 尝试补平衡文库模板: sample_id=FDSW250185296-1r, test_no=Novaseq X Plus-PE150, index_seq=CTCACACTGA;CTCACACATG
2026-06-14 21:17:42.308 | INFO     | __main__:_validate_balance_injection_lane_state:7079 - Lane DLG55_TMP 候选平衡文库 FDSW250185296-1r 注入校验失败: ['10bp Index占比17.1%低于40%要求']
2026-06-14 21:17:42.308 | INFO     | __main__:_materialize_balance_library_for_lane:7277 - Lane DLG55_TMP 尝试补平衡文库模板: sample_id=FDSW250185298-1r, test_no=Novaseq X Plus-PE150, index_seq=CCGACTAGAT;CCGACTAAGA
2026-06-14 21:17:42.547 | INFO     | __main__:_validate_balance_injection_lane_state:7079 - Lane DLG55_TMP 候选平衡文库 FDSW250185298-1r 注入校验失败: ['10bp Index占比17.1%低于40%要求']
2026-06-14 21:17:42.547 | INFO     | __main__:_materialize_balance_library_for_lane:7277 - Lane DLG55_TMP 尝试补平衡文库模板: sample_id=FDSW250185306-1r, test_no=Novaseq X Plus-PE150, index_seq=ACAGAGCGAT;GACTACTCAC
2026-06-14 21:17:42.785 | INFO     | __main__:_validate_balance_injection_lane_state:7079 - Lane DLG55_TMP 候选平衡文库 FDSW250185306-1r 注入校验失败: ['10bp Index占比17.1%低于40%要求']
2026-06-14 21:17:42.785 | INFO     | __main__:_materialize_balance_library_for_lane:7277 - Lane DLG55_TMP 尝试补平衡文库模板: sample_id=FDSW250185309-1r, test_no=Novaseq X Plus-PE150, index_seq=GTCACACACT;CAAGTGCTTC
2026-06-14 21:17:43.023 | INFO     | __main__:_validate_balance_injection_lane_state:7079 - Lane DLG55_TMP 候选平衡文库 FDSW250185309-1r 注入校验失败: ['10bp Index占比17.1%低于40%要求']
2026-06-14 21:17:43.023 | INFO     | __main__:_materialize_balance_library_for_lane:7277 - Lane DLG55_TMP 尝试补平衡文库模板: sample_id=FDSW250185313-1r, test_no=Novaseq X Plus-PE150, index_seq=ATCGAATGCG;CGATATCTGC
2026-06-14 21:17:43.261 | INFO     | __main__:_validate_balance_injection_lane_state:7079 - Lane DLG55_TMP 候选平衡文库 FDSW250185313-1r 注入校验失败: ['10bp Index占比17.1%低于40%要求']
2026-06-14 21:17:43.261 | INFO     | __main__:_materialize_balance_library_for_lane:7277 - Lane DLG55_TMP 尝试补平衡文库模板: sample_id=FDSW250185316-1r, test_no=Novaseq X Plus-PE150, index_seq=TCATTGCACC;ATCGAAGCTC
2026-06-14 21:17:43.499 | INFO     | __main__:_validate_balance_injection_lane_state:7079 - Lane DLG55_TMP 候选平衡文库 FDSW250185316-1r 注入校验失败: ['10bp Index占比17.1%低于40%要求']
2026-06-14 21:17:44.134 | WARNING  | __main__:_materialize_balance_library_for_lane:7402 - Lane DLG55_TMP 平衡文库补充失败: 需补 111.978G，实验室=天津科技服务实验室，工序=Novaseq X Plus-PE150
2026-06-14 21:17:46.044 | INFO     | __main__:_materialize_balance_library_for_lane:7277 - Lane DLG55_TMP 尝试补平衡文库模板: sample_id=phix, test_no=Novaseq X Plus-PE150, index_seq=GGGGGGGGGG;ACCGAGATCT
2026-06-14 21:17:46.374 | INFO     | __main__:_validate_balance_injection_lane_state:7079 - Lane DLG55_TMP 候选平衡文库 phix 注入校验失败: ['10bp Index占比9.4%低于40%要求']
2026-06-14 21:17:46.374 | INFO     | __main__:_materialize_balance_library_for_lane:7277 - Lane DLG55_TMP 尝试补平衡文库模板: sample_id=FDSW250185295-1r, test_no=Novaseq X Plus-PE150, index_seq=AGCATCGAGT;AGCATCCTCA
2026-06-14 21:17:46.692 | INFO     | __main__:_validate_balance_injection_lane_state:7079 - Lane DLG55_TMP 候选平衡文库 FDSW250185295-1r 注入校验失败: ['10bp Index占比9.4%低于40%要求']
2026-06-14 21:17:46.693 | INFO     | __main__:_materialize_balance_library_for_lane:7277 - Lane DLG55_TMP 尝试补平衡文库模板: sample_id=FDSW250185296-1r, test_no=Novaseq X Plus-PE150, index_seq=CTCACACTGA;CTCACACATG
2026-06-14 21:17:47.010 | INFO     | __main__:_validate_balance_injection_lane_state:7079 - Lane DLG55_TMP 候选平衡文库 FDSW250185296-1r 注入校验失败: ['10bp Index占比9.4%低于40%要求']
2026-06-14 21:17:47.011 | INFO     | __main__:_materialize_balance_library_for_lane:7277 - Lane DLG55_TMP 尝试补平衡文库模板: sample_id=FDSW250185298-1r, test_no=Novaseq X Plus-PE150, index_seq=CCGACTAGAT;CCGACTAAGA
2026-06-14 21:17:47.330 | INFO     | __main__:_validate_balance_injection_lane_state:7079 - Lane DLG55_TMP 候选平衡文库 FDSW250185298-1r 注入校验失败: ['10bp Index占比9.4%低于40%要求']
2026-06-14 21:17:47.330 | INFO     | __main__:_materialize_balance_library_for_lane:7277 - Lane DLG55_TMP 尝试补平衡文库模板: sample_id=FDSW250185306-1r, test_no=Novaseq X Plus-PE150, index_seq=ACAGAGCGAT;GACTACTCAC
2026-06-14 21:17:47.649 | INFO     | __main__:_validate_balance_injection_lane_state:7079 - Lane DLG55_TMP 候选平衡文库 FDSW250185306-1r 注入校验失败: ['10bp Index占比9.4%低于40%要求']
2026-06-14 21:17:47.649 | INFO     | __main__:_materialize_balance_library_for_lane:7277 - Lane DLG55_TMP 尝试补平衡文库模板: sample_id=FDSW250185309-1r, test_no=Novaseq X Plus-PE150, index_seq=GTCACACACT;CAAGTGCTTC
2026-06-14 21:17:47.967 | INFO     | __main__:_validate_balance_injection_lane_state:7079 - Lane DLG55_TMP 候选平衡文库 FDSW250185309-1r 注入校验失败: ['10bp Index占比9.4%低于40%要求']
2026-06-14 21:17:47.967 | INFO     | __main__:_materialize_balance_library_for_lane:7277 - Lane DLG55_TMP 尝试补平衡文库模板: sample_id=FDSW250185313-1r, test_no=Novaseq X Plus-PE150, index_seq=ATCGAATGCG;CGATATCTGC
2026-06-14 21:17:48.287 | INFO     | __main__:_validate_balance_injection_lane_state:7079 - Lane DLG55_TMP 候选平衡文库 FDSW250185313-1r 注入校验失败: ['10bp Index占比9.4%低于40%要求']
2026-06-14 21:17:48.288 | INFO     | __main__:_materialize_balance_library_for_lane:7277 - Lane DLG55_TMP 尝试补平衡文库模板: sample_id=FDSW250185316-1r, test_no=Novaseq X Plus-PE150, index_seq=TCATTGCACC;ATCGAAGCTC
2026-06-14 21:17:48.606 | INFO     | __main__:_validate_balance_injection_lane_state:7079 - Lane DLG55_TMP 候选平衡文库 FDSW250185316-1r 注入校验失败: ['10bp Index占比9.4%低于40%要求']
2026-06-14 21:17:49.467 | WARNING  | __main__:_materialize_balance_library_for_lane:7402 - Lane DLG55_TMP 平衡文库补充失败: 需补 105.668G，实验室=天津科技服务实验室，工序=Novaseq X Plus-PE150
2026-06-14 21:17:50.746 | INFO     | __main__:_materialize_balance_library_for_lane:7277 - Lane DLG55_TMP 尝试补平衡文库模板: sample_id=phix, test_no=Novaseq X Plus-PE150, index_seq=GGGGGGGGGG;ACCGAGATCT
2026-06-14 21:17:50.960 | INFO     | __main__:_validate_balance_injection_lane_state:7079 - Lane DLG55_TMP 候选平衡文库 phix 注入校验失败: ['10bp Index占比9.4%低于40%要求']
2026-06-14 21:17:50.960 | INFO     | __main__:_materialize_balance_library_for_lane:7277 - Lane DLG55_TMP 尝试补平衡文库模板: sample_id=FDSW250185295-1r, test_no=Novaseq X Plus-PE150, index_seq=AGCATCGAGT;AGCATCCTCA
2026-06-14 21:17:51.172 | INFO     | __main__:_validate_balance_injection_lane_state:7079 - Lane DLG55_TMP 候选平衡文库 FDSW250185295-1r 注入校验失败: ['10bp Index占比9.4%低于40%要求']
2026-06-14 21:17:51.172 | INFO     | __main__:_materialize_balance_library_for_lane:7277 - Lane DLG55_TMP 尝试补平衡文库模板: sample_id=FDSW250185296-1r, test_no=Novaseq X Plus-PE150, index_seq=CTCACACTGA;CTCACACATG
2026-06-14 21:17:51.383 | INFO     | __main__:_validate_balance_injection_lane_state:7079 - Lane DLG55_TMP 候选平衡文库 FDSW250185296-1r 注入校验失败: ['10bp Index占比9.4%低于40%要求']
2026-06-14 21:17:51.383 | INFO     | __main__:_materialize_balance_library_for_lane:7277 - Lane DLG55_TMP 尝试补平衡文库模板: sample_id=FDSW250185298-1r, test_no=Novaseq X Plus-PE150, index_seq=CCGACTAGAT;CCGACTAAGA
2026-06-14 21:17:51.596 | INFO     | __main__:_validate_balance_injection_lane_state:7079 - Lane DLG55_TMP 候选平衡文库 FDSW250185298-1r 注入校验失败: ['10bp Index占比9.4%低于40%要求']
2026-06-14 21:17:51.596 | INFO     | __main__:_materialize_balance_library_for_lane:7277 - Lane DLG55_TMP 尝试补平衡文库模板: sample_id=FDSW250185306-1r, test_no=Novaseq X Plus-PE150, index_seq=ACAGAGCGAT;GACTACTCAC
2026-06-14 21:17:51.807 | INFO     | __main__:_validate_balance_injection_lane_state:7079 - Lane DLG55_TMP 候选平衡文库 FDSW250185306-1r 注入校验失败: ['10bp Index占比9.4%低于40%要求']
2026-06-14 21:17:51.807 | INFO     | __main__:_materialize_balance_library_for_lane:7277 - Lane DLG55_TMP 尝试补平衡文库模板: sample_id=FDSW250185309-1r, test_no=Novaseq X Plus-PE150, index_seq=GTCACACACT;CAAGTGCTTC
2026-06-14 21:17:52.019 | INFO     | __main__:_validate_balance_injection_lane_state:7079 - Lane DLG55_TMP 候选平衡文库 FDSW250185309-1r 注入校验失败: ['10bp Index占比9.4%低于40%要求']
2026-06-14 21:17:52.019 | INFO     | __main__:_materialize_balance_library_for_lane:7277 - Lane DLG55_TMP 尝试补平衡文库模板: sample_id=FDSW250185313-1r, test_no=Novaseq X Plus-PE150, index_seq=ATCGAATGCG;CGATATCTGC
2026-06-14 21:17:52.230 | INFO     | __main__:_validate_balance_injection_lane_state:7079 - Lane DLG55_TMP 候选平衡文库 FDSW250185313-1r 注入校验失败: ['10bp Index占比9.4%低于40%要求']
2026-06-14 21:17:52.230 | INFO     | __main__:_materialize_balance_library_for_lane:7277 - Lane DLG55_TMP 尝试补平衡文库模板: sample_id=FDSW250185316-1r, test_no=Novaseq X Plus-PE150, index_seq=TCATTGCACC;ATCGAAGCTC
2026-06-14 21:17:52.442 | INFO     | __main__:_validate_balance_injection_lane_state:7079 - Lane DLG55_TMP 候选平衡文库 FDSW250185316-1r 注入校验失败: ['10bp Index占比9.4%低于40%要求']
2026-06-14 21:17:53.008 | WARNING  | __main__:_materialize_balance_library_for_lane:7402 - Lane DLG55_TMP 平衡文库补充失败: 需补 105.668G，实验室=天津科技服务实验室，工序=Novaseq X Plus-PE150
2026-06-14 21:17:54.392 | INFO     | __main__:_materialize_balance_library_for_lane:7277 - Lane DLG55_TMP 尝试补平衡文库模板: sample_id=phix, test_no=Novaseq X Plus-PE150, index_seq=GGGGGGGGGG;ACCGAGATCT
2026-06-14 21:17:54.745 | INFO     | __main__:_validate_balance_injection_lane_state:7079 - Lane DLG55_TMP 候选平衡文库 phix 注入校验失败: ['10bp Index占比17.1%低于40%要求']
2026-06-14 21:17:54.745 | INFO     | __main__:_materialize_balance_library_for_lane:7277 - Lane DLG55_TMP 尝试补平衡文库模板: sample_id=FDSW250185295-1r, test_no=Novaseq X Plus-PE150, index_seq=AGCATCGAGT;AGCATCCTCA
2026-06-14 21:17:55.097 | INFO     | __main__:_validate_balance_injection_lane_state:7079 - Lane DLG55_TMP 候选平衡文库 FDSW250185295-1r 注入校验失败: ['10bp Index占比17.1%低于40%要求']
2026-06-14 21:17:55.097 | INFO     | __main__:_materialize_balance_library_for_lane:7277 - Lane DLG55_TMP 尝试补平衡文库模板: sample_id=FDSW250185296-1r, test_no=Novaseq X Plus-PE150, index_seq=CTCACACTGA;CTCACACATG
2026-06-14 21:17:55.450 | INFO     | __main__:_validate_balance_injection_lane_state:7079 - Lane DLG55_TMP 候选平衡文库 FDSW250185296-1r 注入校验失败: ['10bp Index占比17.1%低于40%要求']
2026-06-14 21:17:55.450 | INFO     | __main__:_materialize_balance_library_for_lane:7277 - Lane DLG55_TMP 尝试补平衡文库模板: sample_id=FDSW250185298-1r, test_no=Novaseq X Plus-PE150, index_seq=CCGACTAGAT;CCGACTAAGA
2026-06-14 21:17:55.802 | INFO     | __main__:_validate_balance_injection_lane_state:7079 - Lane DLG55_TMP 候选平衡文库 FDSW250185298-1r 注入校验失败: ['10bp Index占比17.1%低于40%要求']
2026-06-14 21:17:55.803 | INFO     | __main__:_materialize_balance_library_for_lane:7277 - Lane DLG55_TMP 尝试补平衡文库模板: sample_id=FDSW250185306-1r, test_no=Novaseq X Plus-PE150, index_seq=ACAGAGCGAT;GACTACTCAC
2026-06-14 21:17:56.157 | INFO     | __main__:_validate_balance_injection_lane_state:7079 - Lane DLG55_TMP 候选平衡文库 FDSW250185306-1r 注入校验失败: ['10bp Index占比17.1%低于40%要求']
2026-06-14 21:17:56.157 | INFO     | __main__:_materialize_balance_library_for_lane:7277 - Lane DLG55_TMP 尝试补平衡文库模板: sample_id=FDSW250185309-1r, test_no=Novaseq X Plus-PE150, index_seq=GTCACACACT;CAAGTGCTTC
2026-06-14 21:17:56.510 | INFO     | __main__:_validate_balance_injection_lane_state:7079 - Lane DLG55_TMP 候选平衡文库 FDSW250185309-1r 注入校验失败: ['10bp Index占比17.1%低于40%要求']
2026-06-14 21:17:56.510 | INFO     | __main__:_materialize_balance_library_for_lane:7277 - Lane DLG55_TMP 尝试补平衡文库模板: sample_id=FDSW250185313-1r, test_no=Novaseq X Plus-PE150, index_seq=ATCGAATGCG;CGATATCTGC
2026-06-14 21:17:56.863 | INFO     | __main__:_validate_balance_injection_lane_state:7079 - Lane DLG55_TMP 候选平衡文库 FDSW250185313-1r 注入校验失败: ['10bp Index占比17.1%低于40%要求']
2026-06-14 21:17:56.863 | INFO     | __main__:_materialize_balance_library_for_lane:7277 - Lane DLG55_TMP 尝试补平衡文库模板: sample_id=FDSW250185316-1r, test_no=Novaseq X Plus-PE150, index_seq=TCATTGCACC;ATCGAAGCTC
2026-06-14 21:17:57.218 | INFO     | __main__:_validate_balance_injection_lane_state:7079 - Lane DLG55_TMP 候选平衡文库 FDSW250185316-1r 注入校验失败: ['10bp Index占比17.1%低于40%要求']
2026-06-14 21:17:58.164 | WARNING  | __main__:_materialize_balance_library_for_lane:7402 - Lane DLG55_TMP 平衡文库补充失败: 需补 111.978G，实验室=天津科技服务实验室，工序=Novaseq X Plus-PE150
2026-06-14 21:17:59.548 | INFO     | __main__:_materialize_balance_library_for_lane:7277 - Lane DLG55_TMP 尝试补平衡文库模板: sample_id=phix, test_no=Novaseq X Plus-PE150, index_seq=GGGGGGGGGG;ACCGAGATCT
2026-06-14 21:17:59.900 | INFO     | __main__:_validate_balance_injection_lane_state:7079 - Lane DLG55_TMP 候选平衡文库 phix 注入校验失败: ['10bp Index占比17.1%低于40%要求']
2026-06-14 21:17:59.900 | INFO     | __main__:_materialize_balance_library_for_lane:7277 - Lane DLG55_TMP 尝试补平衡文库模板: sample_id=FDSW250185295-1r, test_no=Novaseq X Plus-PE150, index_seq=AGCATCGAGT;AGCATCCTCA
2026-06-14 21:18:00.251 | INFO     | __main__:_validate_balance_injection_lane_state:7079 - Lane DLG55_TMP 候选平衡文库 FDSW250185295-1r 注入校验失败: ['10bp Index占比17.1%低于40%要求']
2026-06-14 21:18:00.251 | INFO     | __main__:_materialize_balance_library_for_lane:7277 - Lane DLG55_TMP 尝试补平衡文库模板: sample_id=FDSW250185296-1r, test_no=Novaseq X Plus-PE150, index_seq=CTCACACTGA;CTCACACATG
2026-06-14 21:18:00.605 | INFO     | __main__:_validate_balance_injection_lane_state:7079 - Lane DLG55_TMP 候选平衡文库 FDSW250185296-1r 注入校验失败: ['10bp Index占比17.1%低于40%要求']
2026-06-14 21:18:00.605 | INFO     | __main__:_materialize_balance_library_for_lane:7277 - Lane DLG55_TMP 尝试补平衡文库模板: sample_id=FDSW250185298-1r, test_no=Novaseq X Plus-PE150, index_seq=CCGACTAGAT;CCGACTAAGA
2026-06-14 21:18:00.958 | INFO     | __main__:_validate_balance_injection_lane_state:7079 - Lane DLG55_TMP 候选平衡文库 FDSW250185298-1r 注入校验失败: ['10bp Index占比17.1%低于40%要求']
2026-06-14 21:18:00.958 | INFO     | __main__:_materialize_balance_library_for_lane:7277 - Lane DLG55_TMP 尝试补平衡文库模板: sample_id=FDSW250185306-1r, test_no=Novaseq X Plus-PE150, index_seq=ACAGAGCGAT;GACTACTCAC
2026-06-14 21:18:01.312 | INFO     | __main__:_validate_balance_injection_lane_state:7079 - Lane DLG55_TMP 候选平衡文库 FDSW250185306-1r 注入校验失败: ['10bp Index占比17.1%低于40%要求']
2026-06-14 21:18:01.312 | INFO     | __main__:_materialize_balance_library_for_lane:7277 - Lane DLG55_TMP 尝试补平衡文库模板: sample_id=FDSW250185309-1r, test_no=Novaseq X Plus-PE150, index_seq=GTCACACACT;CAAGTGCTTC
2026-06-14 21:18:01.666 | INFO     | __main__:_validate_balance_injection_lane_state:7079 - Lane DLG55_TMP 候选平衡文库 FDSW250185309-1r 注入校验失败: ['10bp Index占比17.1%低于40%要求']
2026-06-14 21:18:01.666 | INFO     | __main__:_materialize_balance_library_for_lane:7277 - Lane DLG55_TMP 尝试补平衡文库模板: sample_id=FDSW250185313-1r, test_no=Novaseq X Plus-PE150, index_seq=ATCGAATGCG;CGATATCTGC
2026-06-14 21:18:02.018 | INFO     | __main__:_validate_balance_injection_lane_state:7079 - Lane DLG55_TMP 候选平衡文库 FDSW250185313-1r 注入校验失败: ['10bp Index占比17.1%低于40%要求']
2026-06-14 21:18:02.018 | INFO     | __main__:_materialize_balance_library_for_lane:7277 - Lane DLG55_TMP 尝试补平衡文库模板: sample_id=FDSW250185316-1r, test_no=Novaseq X Plus-PE150, index_seq=TCATTGCACC;ATCGAAGCTC
2026-06-14 21:18:02.370 | INFO     | __main__:_validate_balance_injection_lane_state:7079 - Lane DLG55_TMP 候选平衡文库 FDSW250185316-1r 注入校验失败: ['10bp Index占比17.1%低于40%要求']
2026-06-14 21:18:03.312 | WARNING  | __main__:_materialize_balance_library_for_lane:7402 - Lane DLG55_TMP 平衡文库补充失败: 需补 111.978G，实验室=天津科技服务实验室，工序=Novaseq X Plus-PE150
2026-06-14 21:18:04.230 | INFO     | __main__:_materialize_balance_library_for_lane:7277 - Lane DLG55_TMP 尝试补平衡文库模板: sample_id=phix, test_no=Novaseq X Plus-PE150, index_seq=GGGGGGGGGG;ACCGAGATCT
2026-06-14 21:18:04.467 | INFO     | __main__:_validate_balance_injection_lane_state:7079 - Lane DLG55_TMP 候选平衡文库 phix 注入校验失败: ['10bp Index占比17.1%低于40%要求']
2026-06-14 21:18:04.467 | INFO     | __main__:_materialize_balance_library_for_lane:7277 - Lane DLG55_TMP 尝试补平衡文库模板: sample_id=FDSW250185295-1r, test_no=Novaseq X Plus-PE150, index_seq=AGCATCGAGT;AGCATCCTCA
2026-06-14 21:18:04.706 | INFO     | __main__:_validate_balance_injection_lane_state:7079 - Lane DLG55_TMP 候选平衡文库 FDSW250185295-1r 注入校验失败: ['10bp Index占比17.1%低于40%要求']
2026-06-14 21:18:04.706 | INFO     | __main__:_materialize_balance_library_for_lane:7277 - Lane DLG55_TMP 尝试补平衡文库模板: sample_id=FDSW250185296-1r, test_no=Novaseq X Plus-PE150, index_seq=CTCACACTGA;CTCACACATG
2026-06-14 21:18:04.944 | INFO     | __main__:_validate_balance_injection_lane_state:7079 - Lane DLG55_TMP 候选平衡文库 FDSW250185296-1r 注入校验失败: ['10bp Index占比17.1%低于40%要求']
2026-06-14 21:18:04.944 | INFO     | __main__:_materialize_balance_library_for_lane:7277 - Lane DLG55_TMP 尝试补平衡文库模板: sample_id=FDSW250185298-1r, test_no=Novaseq X Plus-PE150, index_seq=CCGACTAGAT;CCGACTAAGA
2026-06-14 21:18:05.181 | INFO     | __main__:_validate_balance_injection_lane_state:7079 - Lane DLG55_TMP 候选平衡文库 FDSW250185298-1r 注入校验失败: ['10bp Index占比17.1%低于40%要求']
2026-06-14 21:18:05.182 | INFO     | __main__:_materialize_balance_library_for_lane:7277 - Lane DLG55_TMP 尝试补平衡文库模板: sample_id=FDSW250185306-1r, test_no=Novaseq X Plus-PE150, index_seq=ACAGAGCGAT;GACTACTCAC
2026-06-14 21:18:05.420 | INFO     | __main__:_validate_balance_injection_lane_state:7079 - Lane DLG55_TMP 候选平衡文库 FDSW250185306-1r 注入校验失败: ['10bp Index占比17.1%低于40%要求']
2026-06-14 21:18:05.420 | INFO     | __main__:_materialize_balance_library_for_lane:7277 - Lane DLG55_TMP 尝试补平衡文库模板: sample_id=FDSW250185309-1r, test_no=Novaseq X Plus-PE150, index_seq=GTCACACACT;CAAGTGCTTC
2026-06-14 21:18:05.658 | INFO     | __main__:_validate_balance_injection_lane_state:7079 - Lane DLG55_TMP 候选平衡文库 FDSW250185309-1r 注入校验失败: ['10bp Index占比17.1%低于40%要求']
2026-06-14 21:18:05.658 | INFO     | __main__:_materialize_balance_library_for_lane:7277 - Lane DLG55_TMP 尝试补平衡文库模板: sample_id=FDSW250185313-1r, test_no=Novaseq X Plus-PE150, index_seq=ATCGAATGCG;CGATATCTGC
2026-06-14 21:18:05.896 | INFO     | __main__:_validate_balance_injection_lane_state:7079 - Lane DLG55_TMP 候选平衡文库 FDSW250185313-1r 注入校验失败: ['10bp Index占比17.1%低于40%要求']
2026-06-14 21:18:05.896 | INFO     | __main__:_materialize_balance_library_for_lane:7277 - Lane DLG55_TMP 尝试补平衡文库模板: sample_id=FDSW250185316-1r, test_no=Novaseq X Plus-PE150, index_seq=TCATTGCACC;ATCGAAGCTC
2026-06-14 21:18:06.133 | INFO     | __main__:_validate_balance_injection_lane_state:7079 - Lane DLG55_TMP 候选平衡文库 FDSW250185316-1r 注入校验失败: ['10bp Index占比17.1%低于40%要求']
2026-06-14 21:18:06.766 | WARNING  | __main__:_materialize_balance_library_for_lane:7402 - Lane DLG55_TMP 平衡文库补充失败: 需补 111.978G，实验室=天津科技服务实验室，工序=Novaseq X Plus-PE150
2026-06-14 21:18:07.682 | INFO     | __main__:_materialize_balance_library_for_lane:7277 - Lane DLG55_TMP 尝试补平衡文库模板: sample_id=phix, test_no=Novaseq X Plus-PE150, index_seq=GGGGGGGGGG;ACCGAGATCT
2026-06-14 21:18:07.920 | INFO     | __main__:_validate_balance_injection_lane_state:7079 - Lane DLG55_TMP 候选平衡文库 phix 注入校验失败: ['10bp Index占比17.1%低于40%要求']
2026-06-14 21:18:07.921 | INFO     | __main__:_materialize_balance_library_for_lane:7277 - Lane DLG55_TMP 尝试补平衡文库模板: sample_id=FDSW250185295-1r, test_no=Novaseq X Plus-PE150, index_seq=AGCATCGAGT;AGCATCCTCA
2026-06-14 21:18:08.158 | INFO     | __main__:_validate_balance_injection_lane_state:7079 - Lane DLG55_TMP 候选平衡文库 FDSW250185295-1r 注入校验失败: ['10bp Index占比17.1%低于40%要求']
2026-06-14 21:18:08.158 | INFO     | __main__:_materialize_balance_library_for_lane:7277 - Lane DLG55_TMP 尝试补平衡文库模板: sample_id=FDSW250185296-1r, test_no=Novaseq X Plus-PE150, index_seq=CTCACACTGA;CTCACACATG
2026-06-14 21:18:08.396 | INFO     | __main__:_validate_balance_injection_lane_state:7079 - Lane DLG55_TMP 候选平衡文库 FDSW250185296-1r 注入校验失败: ['10bp Index占比17.1%低于40%要求']
2026-06-14 21:18:08.396 | INFO     | __main__:_materialize_balance_library_for_lane:7277 - Lane DLG55_TMP 尝试补平衡文库模板: sample_id=FDSW250185298-1r, test_no=Novaseq X Plus-PE150, index_seq=CCGACTAGAT;CCGACTAAGA
2026-06-14 21:18:08.634 | INFO     | __main__:_validate_balance_injection_lane_state:7079 - Lane DLG55_TMP 候选平衡文库 FDSW250185298-1r 注入校验失败: ['10bp Index占比17.1%低于40%要求']
2026-06-14 21:18:08.634 | INFO     | __main__:_materialize_balance_library_for_lane:7277 - Lane DLG55_TMP 尝试补平衡文库模板: sample_id=FDSW250185306-1r, test_no=Novaseq X Plus-PE150, index_seq=ACAGAGCGAT;GACTACTCAC
2026-06-14 21:18:08.870 | INFO     | __main__:_validate_balance_injection_lane_state:7079 - Lane DLG55_TMP 候选平衡文库 FDSW250185306-1r 注入校验失败: ['10bp Index占比17.1%低于40%要求']
2026-06-14 21:18:08.870 | INFO     | __main__:_materialize_balance_library_for_lane:7277 - Lane DLG55_TMP 尝试补平衡文库模板: sample_id=FDSW250185309-1r, test_no=Novaseq X Plus-PE150, index_seq=GTCACACACT;CAAGTGCTTC
2026-06-14 21:18:09.107 | INFO     | __main__:_validate_balance_injection_lane_state:7079 - Lane DLG55_TMP 候选平衡文库 FDSW250185309-1r 注入校验失败: ['10bp Index占比17.1%低于40%要求']
2026-06-14 21:18:09.108 | INFO     | __main__:_materialize_balance_library_for_lane:7277 - Lane DLG55_TMP 尝试补平衡文库模板: sample_id=FDSW250185313-1r, test_no=Novaseq X Plus-PE150, index_seq=ATCGAATGCG;CGATATCTGC
2026-06-14 21:18:09.344 | INFO     | __main__:_validate_balance_injection_lane_state:7079 - Lane DLG55_TMP 候选平衡文库 FDSW250185313-1r 注入校验失败: ['10bp Index占比17.1%低于40%要求']
2026-06-14 21:18:09.345 | INFO     | __main__:_materialize_balance_library_for_lane:7277 - Lane DLG55_TMP 尝试补平衡文库模板: sample_id=FDSW250185316-1r, test_no=Novaseq X Plus-PE150, index_seq=TCATTGCACC;ATCGAAGCTC
2026-06-14 21:18:09.582 | INFO     | __main__:_validate_balance_injection_lane_state:7079 - Lane DLG55_TMP 候选平衡文库 FDSW250185316-1r 注入校验失败: ['10bp Index占比17.1%低于40%要求']
2026-06-14 21:18:10.218 | WARNING  | __main__:_materialize_balance_library_for_lane:7402 - Lane DLG55_TMP 平衡文库补充失败: 需补 111.978G，实验室=天津科技服务实验室，工序=Novaseq X Plus-PE150
2026-06-14 21:18:10.926 | INFO     | __main__:_materialize_balance_library_for_lane:7277 - Lane DLG55_TMP 尝试补平衡文库模板: sample_id=phix, test_no=Novaseq X Plus-PE150, index_seq=GGGGGGGGGG;ACCGAGATCT
2026-06-14 21:18:11.277 | INFO     | __main__:_validate_balance_injection_lane_state:7079 - Lane DLG55_TMP 候选平衡文库 phix 注入校验失败: ['10bp Index占比17.1%低于40%要求']
2026-06-14 21:18:11.277 | INFO     | __main__:_materialize_balance_library_for_lane:7277 - Lane DLG55_TMP 尝试补平衡文库模板: sample_id=FDSW250185295-1r, test_no=Novaseq X Plus-PE150, index_seq=AGCATCGAGT;AGCATCCTCA
2026-06-14 21:18:11.626 | INFO     | __main__:_validate_balance_injection_lane_state:7079 - Lane DLG55_TMP 候选平衡文库 FDSW250185295-1r 注入校验失败: ['10bp Index占比17.1%低于40%要求']
2026-06-14 21:18:11.626 | INFO     | __main__:_materialize_balance_library_for_lane:7277 - Lane DLG55_TMP 尝试补平衡文库模板: sample_id=FDSW250185296-1r, test_no=Novaseq X Plus-PE150, index_seq=CTCACACTGA;CTCACACATG
2026-06-14 21:18:11.976 | INFO     | __main__:_validate_balance_injection_lane_state:7079 - Lane DLG55_TMP 候选平衡文库 FDSW250185296-1r 注入校验失败: ['10bp Index占比17.1%低于40%要求']
2026-06-14 21:18:11.976 | INFO     | __main__:_materialize_balance_library_for_lane:7277 - Lane DLG55_TMP 尝试补平衡文库模板: sample_id=FDSW250185298-1r, test_no=Novaseq X Plus-PE150, index_seq=CCGACTAGAT;CCGACTAAGA
2026-06-14 21:18:12.326 | INFO     | __main__:_validate_balance_injection_lane_state:7079 - Lane DLG55_TMP 候选平衡文库 FDSW250185298-1r 注入校验失败: ['10bp Index占比17.1%低于40%要求']
2026-06-14 21:18:12.326 | INFO     | __main__:_materialize_balance_library_for_lane:7277 - Lane DLG55_TMP 尝试补平衡文库模板: sample_id=FDSW250185306-1r, test_no=Novaseq X Plus-PE150, index_seq=ACAGAGCGAT;GACTACTCAC
2026-06-14 21:18:12.675 | INFO     | __main__:_validate_balance_injection_lane_state:7079 - Lane DLG55_TMP 候选平衡文库 FDSW250185306-1r 注入校验失败: ['10bp Index占比17.1%低于40%要求']
2026-06-14 21:18:12.675 | INFO     | __main__:_materialize_balance_library_for_lane:7277 - Lane DLG55_TMP 尝试补平衡文库模板: sample_id=FDSW250185309-1r, test_no=Novaseq X Plus-PE150, index_seq=GTCACACACT;CAAGTGCTTC
2026-06-14 21:18:13.025 | INFO     | __main__:_validate_balance_injection_lane_state:7079 - Lane DLG55_TMP 候选平衡文库 FDSW250185309-1r 注入校验失败: ['10bp Index占比17.1%低于40%要求']
2026-06-14 21:18:13.025 | INFO     | __main__:_materialize_balance_library_for_lane:7277 - Lane DLG55_TMP 尝试补平衡文库模板: sample_id=FDSW250185313-1r, test_no=Novaseq X Plus-PE150, index_seq=ATCGAATGCG;CGATATCTGC
2026-06-14 21:18:13.377 | INFO     | __main__:_validate_balance_injection_lane_state:7079 - Lane DLG55_TMP 候选平衡文库 FDSW250185313-1r 注入校验失败: ['10bp Index占比17.1%低于40%要求']
2026-06-14 21:18:13.377 | INFO     | __main__:_materialize_balance_library_for_lane:7277 - Lane DLG55_TMP 尝试补平衡文库模板: sample_id=FDSW250185316-1r, test_no=Novaseq X Plus-PE150, index_seq=TCATTGCACC;ATCGAAGCTC
2026-06-14 21:18:13.727 | INFO     | __main__:_validate_balance_injection_lane_state:7079 - Lane DLG55_TMP 候选平衡文库 FDSW250185316-1r 注入校验失败: ['10bp Index占比17.1%低于40%要求']
2026-06-14 21:18:14.668 | WARNING  | __main__:_materialize_balance_library_for_lane:7402 - Lane DLG55_TMP 平衡文库补充失败: 需补 111.978G，实验室=天津科技服务实验室，工序=Novaseq X Plus-PE150
2026-06-14 21:18:15.372 | INFO     | __main__:_materialize_balance_library_for_lane:7277 - Lane DLG55_TMP 尝试补平衡文库模板: sample_id=phix, test_no=Novaseq X Plus-PE150, index_seq=GGGGGGGGGG;ACCGAGATCT
2026-06-14 21:18:15.722 | INFO     | __main__:_validate_balance_injection_lane_state:7079 - Lane DLG55_TMP 候选平衡文库 phix 注入校验失败: ['10bp Index占比17.1%低于40%要求']
2026-06-14 21:18:15.722 | INFO     | __main__:_materialize_balance_library_for_lane:7277 - Lane DLG55_TMP 尝试补平衡文库模板: sample_id=FDSW250185295-1r, test_no=Novaseq X Plus-PE150, index_seq=AGCATCGAGT;AGCATCCTCA
2026-06-14 21:18:16.073 | INFO     | __main__:_validate_balance_injection_lane_state:7079 - Lane DLG55_TMP 候选平衡文库 FDSW250185295-1r 注入校验失败: ['10bp Index占比17.1%低于40%要求']
2026-06-14 21:18:16.074 | INFO     | __main__:_materialize_balance_library_for_lane:7277 - Lane DLG55_TMP 尝试补平衡文库模板: sample_id=FDSW250185296-1r, test_no=Novaseq X Plus-PE150, index_seq=CTCACACTGA;CTCACACATG
2026-06-14 21:18:16.423 | INFO     | __main__:_validate_balance_injection_lane_state:7079 - Lane DLG55_TMP 候选平衡文库 FDSW250185296-1r 注入校验失败: ['10bp Index占比17.1%低于40%要求']
2026-06-14 21:18:16.424 | INFO     | __main__:_materialize_balance_library_for_lane:7277 - Lane DLG55_TMP 尝试补平衡文库模板: sample_id=FDSW250185298-1r, test_no=Novaseq X Plus-PE150, index_seq=CCGACTAGAT;CCGACTAAGA
2026-06-14 21:18:16.773 | INFO     | __main__:_validate_balance_injection_lane_state:7079 - Lane DLG55_TMP 候选平衡文库 FDSW250185298-1r 注入校验失败: ['10bp Index占比17.1%低于40%要求']
2026-06-14 21:18:16.773 | INFO     | __main__:_materialize_balance_library_for_lane:7277 - Lane DLG55_TMP 尝试补平衡文库模板: sample_id=FDSW250185306-1r, test_no=Novaseq X Plus-PE150, index_seq=ACAGAGCGAT;GACTACTCAC
2026-06-14 21:18:17.124 | INFO     | __main__:_validate_balance_injection_lane_state:7079 - Lane DLG55_TMP 候选平衡文库 FDSW250185306-1r 注入校验失败: ['10bp Index占比17.1%低于40%要求']
2026-06-14 21:18:17.124 | INFO     | __main__:_materialize_balance_library_for_lane:7277 - Lane DLG55_TMP 尝试补平衡文库模板: sample_id=FDSW250185309-1r, test_no=Novaseq X Plus-PE150, index_seq=GTCACACACT;CAAGTGCTTC
2026-06-14 21:18:17.474 | INFO     | __main__:_validate_balance_injection_lane_state:7079 - Lane DLG55_TMP 候选平衡文库 FDSW250185309-1r 注入校验失败: ['10bp Index占比17.1%低于40%要求']
2026-06-14 21:18:17.475 | INFO     | __main__:_materialize_balance_library_for_lane:7277 - Lane DLG55_TMP 尝试补平衡文库模板: sample_id=FDSW250185313-1r, test_no=Novaseq X Plus-PE150, index_seq=ATCGAATGCG;CGATATCTGC
2026-06-14 21:18:17.826 | INFO     | __main__:_validate_balance_injection_lane_state:7079 - Lane DLG55_TMP 候选平衡文库 FDSW250185313-1r 注入校验失败: ['10bp Index占比17.1%低于40%要求']
2026-06-14 21:18:17.826 | INFO     | __main__:_materialize_balance_library_for_lane:7277 - Lane DLG55_TMP 尝试补平衡文库模板: sample_id=FDSW250185316-1r, test_no=Novaseq X Plus-PE150, index_seq=TCATTGCACC;ATCGAAGCTC
2026-06-14 21:18:18.178 | INFO     | __main__:_validate_balance_injection_lane_state:7079 - Lane DLG55_TMP 候选平衡文库 FDSW250185316-1r 注入校验失败: ['10bp Index占比17.1%低于40%要求']
2026-06-14 21:18:19.120 | WARNING  | __main__:_materialize_balance_library_for_lane:7402 - Lane DLG55_TMP 平衡文库补充失败: 需补 111.978G，实验室=天津科技服务实验室，工序=Novaseq X Plus-PE150
