{
  "wkxpd_q70": 0.18,
  "wkadaptorrate_q70": 5.59537678406e-05,
  "wkpeaksize_q30": 440.0,
  "wkqpcr_q60": 8.22,
  "L5_peak_quality_q40": 437.1734115355329,
  "L4_qpcr_x_peakquality_q40": 1814.2696578724617,
  "wkcontractdata_q70": 25.0,
  "L1_to_L5_quality_q30": 1678.7459002964463
}