2026-05-21 13:47:24.803 | INFO     | arrange_library.core.constraints.index_validator_verified:__init__:75 - Index校验器初始化完成（真实数据验证版本）
2026-05-21 13:47:25.326 | INFO     | arrange_library.core.constraints.index_validator_verified:__init__:75 - Index校验器初始化完成（真实数据验证版本）
[32m2026-05-21 13:47:25[0m | [1mINFO    [0m | [1m================================================================================[0m
[32m2026-05-21 13:47:25[0m | [1mINFO    [0m | [1marrange_library: 端到端排机流程 - 排机与 Pooling 预测[0m
[32m2026-05-21 13:47:25[0m | [1mINFO    [0m | [1m================================================================================[0m
[32m2026-05-21 13:47:25[0m | [1mINFO    [0m | [1m调用时间: 2026-05-21 13:47:25[0m
[32m2026-05-21 13:47:25[0m | [1mINFO    [0m | [1m随机种子: 42 (固定，确保可复现)[0m
[32m2026-05-21 13:47:25[0m | [1mINFO    [0m | [1m运行模式: arrange[0m
[32m2026-05-21 13:47:25[0m | [1mINFO    [0m | [1m
使用数据文件: arrange_library/15_sta.csv[0m
[32m2026-05-21 13:47:25[0m | [1mINFO    [0m | [1m从标准化CSV文件加载数据: arrange_library/15_sta.csv[0m
[32m2026-05-21 13:47:25[0m | [1mINFO    [0m | [1m读取 941 行数据[0m
[32m2026-05-21 13:47:25[0m | [1mINFO    [0m | [1m成功创建 941 个文库对象[0m
[32m2026-05-21 13:47:25[0m | [1mINFO    [0m | [1m成功转换 941 个测试文库[0m
[32m2026-05-21 13:47:25[0m | [1mINFO    [0m | [1mAI可排文库筛选完成: 可排=941，不可排=0，机型排除=0[0m
[32m2026-05-21 13:47:25[0m | [1mINFO    [0m | [1m统一排机规则配置已加载: profiles=7, constraints=2, loading_rules=4[0m
[32m2026-05-21 13:47:25[0m | [1mINFO    [0m | [1m1.1模式规则配置加载完成: /data/work/yuyongpeng/liblane_v2_deepseek/paiji_complete2/paiji_complete/arrange_library/config/mode_1_1_rules.json[0m
[32m2026-05-21 13:47:25[0m | [1mINFO    [0m | [1m排机配置管理器初始化完成[0m
[32m2026-05-21 13:47:25[0m | [1mINFO    [0m | [1m
================================================================================[0m
[32m2026-05-21 13:47:25[0m | [1mINFO    [0m | [1m步骤0.9: 提前处理1.1第二轮历史固定组合文库[0m
[32m2026-05-21 13:47:25[0m | [1mINFO    [0m | [1m================================================================================[0m
[32m2026-05-21 13:47:25[0m | [1mINFO    [0m | [1m1.1第二轮候选识别: 无符合条件的候选文库[0m
[32m2026-05-21 13:47:25[0m | [1mINFO    [0m | [1m1.1第二轮历史Lane前置直出: 无候选文库[0m
[32m2026-05-21 13:47:25[0m | [1mINFO    [0m | [1m
================================================================================[0m
[32m2026-05-21 13:47:25[0m | [1mINFO    [0m | [1m步骤1: 处理包Lane文库（wkbaleno字段有值的文库）[0m
[32m2026-05-21 13:47:25[0m | [1mINFO    [0m | [1m================================================================================[0m
[32m2026-05-21 13:47:25[0m | [1mINFO    [0m | [1m包Lane文库数: 0[0m
[32m2026-05-21 13:47:25[0m | [1mINFO    [0m | [1m普通文库数: 941[0m
[32m2026-05-21 13:47:25[0m | [1mINFO    [0m | [1m
================================================================================[0m
[32m2026-05-21 13:47:25[0m | [1mINFO    [0m | [1m步骤1.2: 处理10+24 Lane seq文库[0m
[32m2026-05-21 13:47:25[0m | [1mINFO    [0m | [1m================================================================================[0m
[32m2026-05-21 13:47:25[0m | [33m[1mWARNING [0m | [33m[1m10+24 Lane seq剩余8个文库未成Lane[0m
[32m2026-05-21 13:47:25[0m | [1mINFO    [0m | [1m10+24 Lane seq处理完成: 输入文库=8, 生成Lane=0, 未分配=8[0m
[32m2026-05-21 13:47:25[0m | [1mINFO    [0m | [1m
================================================================================[0m
[32m2026-05-21 13:47:25[0m | [1mINFO    [0m | [1m步骤1.3: 1.1前碱基不均衡专Lane预抽取[0m
[32m2026-05-21 13:47:25[0m | [1mINFO    [0m | [1m================================================================================[0m
[32m2026-05-21 13:47:25[0m | [1mINFO    [0m | [1mIndex校验器初始化完成（真实数据验证版本）[0m
[32m2026-05-21 13:47:25[0m | [1mINFO    [0m | [1mIndex校验器初始化完成（真实数据验证版本）[0m
[32m2026-05-21 13:47:25[0m | [1mINFO    [0m | [1m成Lane校验程序初始化完成 (严格模式: True, 碱基不均衡上限: 35%, 特殊文库关键词: 9个)[0m
[32m2026-05-21 13:47:25[0m | [33m[1mWARNING [0m | [33m[1mPooling配置表不存在: /data/work/yuyongpeng/liblane_v2_deepseek/data/wktype_pooling_config.xlsx，将使用默认策略[0m
[32m2026-05-21 13:47:25[0m | [1mINFO    [0m | [1m产出效率修正表不存在: /data/work/yuyongpeng/liblane_v2_deepseek/data/production_efficiency_correction.csv，跳过后校准[0m
[32m2026-05-21 13:47:25[0m | [33m[1mWARNING [0m | [33m[1m模型文件不存在: models/loutput_pre_lane_v5/lightgbm_model.pkl[0m
[32m2026-05-21 13:47:25[0m | [33m[1mWARNING [0m | [33m[1mloutput预测器不可用，将使用规则降级策略[0m
[32m2026-05-21 13:47:25[0m | [1mINFO    [0m | [1m逐Lane贪心排机器初始化完成 - 基础容量: 985.0GB, 利用率区间: [100%, 100%], 配置模式: 按机型自动[0m
[32m2026-05-21 13:47:25[0m | [1mINFO    [0m | [1m启用检查: Index=True, 碱基不均衡=True, 规则检查器=False[0m
[32m2026-05-21 13:47:25[0m | [1mINFO    [0m | [1m专用Lane分组G33剩余合同量3.8G无法满足1.1或3.6T-NEW有效容量下限[0m
[32m2026-05-21 13:47:25[0m | [1mINFO    [0m | [1m专用Lane分组G29剩余合同量3.0G无法满足1.1或3.6T-NEW有效容量下限[0m
[32m2026-05-21 13:47:25[0m | [1mINFO    [0m | [1m专用Lane分组G26剩余合同量3.0G无法满足1.1或3.6T-NEW有效容量下限[0m
[32m2026-05-21 13:47:25[0m | [1mINFO    [0m | [1m专用Lane分组G31剩余合同量2.0G无法满足1.1或3.6T-NEW有效容量下限[0m
[32m2026-05-21 13:47:25[0m | [1mINFO    [0m | [1m专用Lane分组G5剩余合同量170.0G无法满足1.1或3.6T-NEW有效容量下限[0m
[32m2026-05-21 13:47:25[0m | [1mINFO    [0m | [1mIndex校验器初始化完成（真实数据验证版本）[0m
[32m2026-05-21 13:47:25[0m | [1mINFO    [0m | [1m成Lane校验程序初始化完成 (严格模式: False, 碱基不均衡上限: 35%, 特殊文库关键词: 9个)[0m
[32m2026-05-21 13:47:25[0m | [1mINFO    [0m | [1m专用Lane DL_Nova X-25B_001 形成成功 - 分组=G4, 碱基不均衡=2050.5G, 平衡文库=0.0G, 总量(含平衡)=2050.5G, 模式=1.1, 容量规则=tj_1595_mode_1_1_special_combo[0m
[32m2026-05-21 13:47:25[0m | [1mINFO    [0m | [1mIndex校验器初始化完成（真实数据验证版本）[0m
[32m2026-05-21 13:47:25[0m | [1mINFO    [0m | [1m成Lane校验程序初始化完成 (严格模式: False, 碱基不均衡上限: 35%, 特殊文库关键词: 9个)[0m
[32m2026-05-21 13:47:25[0m | [1mINFO    [0m | [1m专用Lane DL_Nova X-25B_002 形成成功 - 分组=G4, 碱基不均衡=1045.7G, 平衡文库=0.0G, 总量(含平衡)=1045.7G, 模式=3.6T-NEW, 容量规则=tj_1595_special_combo_36t[0m
[32m2026-05-21 13:47:25[0m | [1mINFO    [0m | [1m专用Lane分组G4剩余合同量46.1G无法满足1.1或3.6T-NEW有效容量下限[0m
[32m2026-05-21 13:47:25[0m | [1mINFO    [0m | [1mIndex校验器初始化完成（真实数据验证版本）[0m
[32m2026-05-21 13:47:25[0m | [1mINFO    [0m | [1m成Lane校验程序初始化完成 (严格模式: False, 碱基不均衡上限: 35%, 特殊文库关键词: 9个)[0m
[32m2026-05-21 13:47:25[0m | [1mINFO    [0m | [1m专用Lane DL_Nova X-25B_003 形成成功 - 分组=G35, 碱基不均衡=1033.1G, 平衡文库=10.4G, 总量(含平衡)=1043.5G, 模式=3.6T-NEW, 容量规则=tj_1595_standard_pe150_25b[0m
[32m2026-05-21 13:47:25[0m | [1mINFO    [0m | [1m专用Lane分组G35剩余合同量340.5G无法满足1.1或3.6T-NEW有效容量下限[0m
[32m2026-05-21 13:47:25[0m | [1mINFO    [0m | [1m专用Lane分组G6剩余合同量70.0G无法满足1.1或3.6T-NEW有效容量下限[0m
[32m2026-05-21 13:47:25[0m | [1mINFO    [0m | [1m专用Lane分组G7剩余合同量20.0G无法满足1.1或3.6T-NEW有效容量下限[0m
[32m2026-05-21 13:47:25[0m | [1mINFO    [0m | [1m专用Lane分组G34剩余合同量111.2G无法满足1.1或3.6T-NEW有效容量下限[0m
[32m2026-05-21 13:47:25[0m | [1mINFO    [0m | [1m全局跨机型碱基不均专Lane预抽取: 承载机型=Nova X-25B, 生成Lane=3, 消耗4129.2G, 剩余不均文库=61个/4472.2G[0m
[32m2026-05-21 13:47:25[0m | [1mINFO    [0m | [1m全局碱基不均专Lane预抽取完成: 生成Lane=3, 后续普通排机池 933 -> 875[0m
[32m2026-05-21 13:47:25[0m | [1mINFO    [0m | [1m1.1前碱基不均衡专Lane预抽取完成: 生成Lane=3, 剩余进入1.1普通尝试文库=875[0m
[32m2026-05-21 13:47:25[0m | [1mINFO    [0m | [1m
================================================================================[0m
[32m2026-05-21 13:47:25[0m | [1mINFO    [0m | [1m步骤1.5: 1.1首轮排机[0m
[32m2026-05-21 13:47:25[0m | [1mINFO    [0m | [1m================================================================================[0m
[32m2026-05-21 13:47:25[0m | [1mINFO    [0m | [1m步骤1.5-1: 1.1首轮使用剩余未成Lane全集，候选875个文库[0m
[32m2026-05-21 13:47:25[0m | [1mINFO    [0m | [1m1.1首轮策略: expensive_rescue=True, peak_window_mixed=False, post_fill_optimization=True, rule_bucket_prescheduling=True[0m
[32m2026-05-21 13:47:25[0m | [1mINFO    [0m | [1m
================================================================================[0m
[32m2026-05-21 13:47:25[0m | [1mINFO    [0m | [1m排机流程：纯规则排机[0m
[32m2026-05-21 13:47:25[0m | [1mINFO    [0m | [1m================================================================================[0m
[32m2026-05-21 13:47:25[0m | [1mINFO    [0m | [1mIndex校验器初始化完成（真实数据验证版本）[0m
[32m2026-05-21 13:47:25[0m | [1mINFO    [0m | [1mIndex校验器初始化完成（真实数据验证版本）[0m
[32m2026-05-21 13:47:25[0m | [1mINFO    [0m | [1m成Lane校验程序初始化完成 (严格模式: True, 碱基不均衡上限: 35%, 特殊文库关键词: 9个)[0m
[32m2026-05-21 13:47:25[0m | [33m[1mWARNING [0m | [33m[1mPooling配置表不存在: /data/work/yuyongpeng/liblane_v2_deepseek/data/wktype_pooling_config.xlsx，将使用默认策略[0m
[32m2026-05-21 13:47:25[0m | [1mINFO    [0m | [1m产出效率修正表不存在: /data/work/yuyongpeng/liblane_v2_deepseek/data/production_efficiency_correction.csv，跳过后校准[0m
[32m2026-05-21 13:47:25[0m | [33m[1mWARNING [0m | [33m[1m模型文件不存在: models/loutput_pre_lane_v5/lightgbm_model.pkl[0m
[32m2026-05-21 13:47:25[0m | [33m[1mWARNING [0m | [33m[1mloutput预测器不可用，将使用规则降级策略[0m
[32m2026-05-21 13:47:25[0m | [1mINFO    [0m | [1m逐Lane贪心排机器初始化完成 - 基础容量: 985.0GB, 利用率区间: [100%, 100%], 配置模式: 按机型自动[0m
[32m2026-05-21 13:47:25[0m | [1mINFO    [0m | [1m启用检查: Index=True, 碱基不均衡=True, 规则检查器=False[0m
[32m2026-05-21 13:47:25[0m | [1mINFO    [0m | [1m排机阶段：Pooling优化器已禁用（V6流程不需要）[0m
[32m2026-05-21 13:47:25[0m | [1mINFO    [0m | [1mIndex校验器初始化完成（真实数据验证版本）[0m
[32m2026-05-21 13:47:25[0m | [1mINFO    [0m | [1m成Lane校验程序初始化完成 (严格模式: True, 碱基不均衡上限: 35%, 特殊文库关键词: 9个)[0m
[32m2026-05-21 13:47:25[0m | [1mINFO    [0m | [1m严格校验容量区间改为按统一配置表动态解析[0m
[32m2026-05-21 13:47:25[0m | [1mINFO    [0m | [1m主流程前置拆分完成: 无需拆分[0m
[32m2026-05-21 13:47:25[0m | [1mINFO    [0m | [1mPeak窗口混排预构Lane已按调用方要求关闭[0m
[32m2026-05-21 13:47:26[0m | [1mINFO    [0m | [1m主流程规则分桶跳过: bucket=special_combo_a:M-HKUST-PROF.NANCY IP-WENDY ZHENG-8PRELIB-SNRNA-200G-X PLUS-1T HDD-WOBI-AMEA2025041022|S|客户-10X 5 单细胞转录组文库|10X_CELLRANGER|TENX+MANUAL_RISK+IMBALANCE, count=5, reason=总量834.9G低于最小门槛1995.0G[0m
[32m2026-05-21 13:47:26[0m | [1mINFO    [0m | [1m主流程规则分桶预调度: bucket=manual_or_risk:山西100个INC+HIC+WGS分析技术服务（委托）合同|S|HI-C文库(细胞和动物组织4碱基)|NA|MANUAL_RISK, count=14, data=3430.0G[0m
[32m2026-05-21 13:47:26[0m | [1mINFO    [0m | [1m开始逐Lane贪心排机 - 文库数: 14[0m
[32m2026-05-21 13:47:26[0m | [1mINFO    [0m | [1m预拆分完成: 使用外层已拆分文库[0m
[32m2026-05-21 13:47:26[0m | [1mINFO    [0m | [1m===== 批次全局分析报告 =====[0m
[32m2026-05-21 13:47:26[0m | [1mINFO    [0m | [1m机器类型: Nova X-25B[0m
[32m2026-05-21 13:47:26[0m | [1mINFO    [0m | [1m文库总数: 14[0m
[32m2026-05-21 13:47:26[0m | [1mINFO    [0m | [1m总数据量: 3430.0 GB[0m
[32m2026-05-21 13:47:26[0m | [1mINFO    [0m | [1m预估Lane数: 2~2[0m
[32m2026-05-21 13:47:26[0m | [1mINFO    [0m | [1m--- 特征标记 ---[0m
[32m2026-05-21 13:47:26[0m | [1mINFO    [0m | [1m  包Lane文库: 无[0m
[32m2026-05-21 13:47:26[0m | [1mINFO    [0m | [1m  碱基不均衡: 无[0m
[32m2026-05-21 13:47:26[0m | [1mINFO    [0m | [1m  客户文库:   无[0m
[32m2026-05-21 13:47:26[0m | [1mINFO    [0m | [1m  10bp文库:   有[0m
[32m2026-05-21 13:47:26[0m | [1mINFO    [0m | [1m  非10bp文库: 无[0m
[32m2026-05-21 13:47:26[0m | [1mINFO    [0m | [1m  特殊组合:   无[0m
[32m2026-05-21 13:47:26[0m | [1mINFO    [0m | [1m--- 分组画像 ---[0m
[32m2026-05-21 13:47:26[0m | [1mINFO    [0m | [1m  [10bp] 10碱基文库: 14个文库, 3430.0GB, 预估2~2条Lane[0m
[32m2026-05-21 13:47:26[0m | [1mINFO    [0m | [1m  [all] 全部文库: 14个文库, 3430.0GB, 预估2~2条Lane[0m
[32m2026-05-21 13:47:26[0m | [1mINFO    [0m | [1m--- 策略建议 ---[0m
[32m2026-05-21 13:47:26[0m | [1mINFO    [0m | [1m  - 数据分布较均匀，可按常规贪心排机流程处理[0m
[32m2026-05-21 13:47:26[0m | [1mINFO    [0m | [1m===== 报告结束 =====[0m
[32m2026-05-21 13:47:26[0m | [1mINFO    [0m | [1m保留外部传入的策略执行计划，仅使用批次分析报告[0m
[32m2026-05-21 13:47:26[0m | [1mINFO    [0m | [1m处理机器类型 Nova X-25B - 文库数: 14 - Lane容量: 1050.0GB, 利用率区间: [100%, 100%], 特殊文库上限: 350GB[0m
[32m2026-05-21 13:47:26[0m | [1mINFO    [0m | [1m剩余池总量1225.0GB不足最小成Lane门槛2095.0GB，跳过后续随机重试[0m
[32m2026-05-21 13:47:26[0m | [1mINFO    [0m | [1m最后填充策略: 尝试将5个未分配文库塞入已有Lane[0m
[32m2026-05-21 13:47:26[0m | [1mINFO    [0m | [1m挪移优化: 未分配5个文库(1225GB)，需要从现有Lane挪出870GB[0m
[32m2026-05-21 13:47:26[0m | [33m[1mWARNING [0m | [33m[1m挪移优化: 挪出数据量0GB不足，放弃挪移[0m
[32m2026-05-21 13:47:26[0m | [1mINFO    [0m | [1m逐Lane贪心排机完成 - Lane数: 1, 已分配: 9/14, 未分配: 5, 平均利用率: 101.4%, 耗时: 0.01秒[0m
[32m2026-05-21 13:47:26[0m | [1mINFO    [0m | [1mIndex校验器初始化完成（真实数据验证版本）[0m
[32m2026-05-21 13:47:26[0m | [1mINFO    [0m | [1m成Lane校验程序初始化完成 (严格模式: False, 碱基不均衡上限: 35%, 特殊文库关键词: 9个)[0m
[32m2026-05-21 13:47:26[0m | [1mINFO    [0m | [1m最终验证结果: 1条Lane通过，5个文库未分配[0m
[32m2026-05-21 13:47:26[0m | [1mINFO    [0m | [1m主流程规则分桶跳过: bucket=manual_or_risk:国科大自建库测序NOVA X PLUS技术服务（委托）合同-2|S|客户-HI-C文库|NA|MANUAL_RISK, count=4, reason=总量480.0G低于最小门槛2095.0G[0m
[32m2026-05-21 13:47:26[0m | [1mINFO    [0m | [1m主流程规则分桶跳过: bucket=manual_or_risk:NVUK2024091345-AT-GRAZ-MEDUNI-BALIC-PLASMA-CFDNA-WGS-30X-WOBI|S|人重测序文库-非常规|NA|MANUAL_RISK, count=7, reason=总量324.0G低于最小门槛2095.0G[0m
[32m2026-05-21 13:47:26[0m | [1mINFO    [0m | [1m主流程规则分桶跳过: bucket=manual_or_risk:6000例客户自建库测序散样X技术服务（委托）合同-TWQ|S|客户-动植物全基因组重测序文库|NA|SCATTERED+MANUAL_RISK, count=69, reason=总量281.7G低于最小门槛2095.0G[0m
[32m2026-05-21 13:47:26[0m | [1mINFO    [0m | [1m主流程规则分桶跳过: bucket=manual_or_risk:工生所自建库测序分析技术服务（委托）合同|S|客户-动植物全基因组重测序文库|NA|MANUAL_RISK, count=95, reason=总量190.0G低于最小门槛2095.0G[0m
[32m2026-05-21 13:47:26[0m | [1mINFO    [0m | [1m主流程规则分桶跳过: bucket=manual_or_risk:中山大学XPLUS自建库测序分析技术服务（委托）合同|S|客户-HI-C文库|NA|MANUAL_RISK, count=1, reason=总量180.0G低于最小门槛2095.0G[0m
[32m2026-05-21 13:47:26[0m | [1mINFO    [0m | [1m主流程规则分桶跳过: bucket=manual_or_risk:MRNA制造成本突破创新专项|S|宏转录组|NA|MANUAL_RISK, count=24, reason=总量144.0G低于最小门槛2095.0G[0m
[32m2026-05-21 13:47:26[0m | [1mINFO    [0m | [1m主流程规则分桶跳过: bucket=manual_or_risk:MRNA制造成本突破创新专项|S|LNC非互作文库|NA|MANUAL_RISK, count=22, reason=总量122.0G低于最小门槛2095.0G[0m
[32m2026-05-21 13:47:26[0m | [1mINFO    [0m | [1m主流程规则分桶跳过: bucket=manual_or_risk:墨桌血液单细胞转录组测序分析分析技术服务（委托）合同|S|墨卓转录组-3端文库|NA|MANUAL_RISK+IMBALANCE, count=2, reason=总量111.2G低于最小门槛1995.0G[0m
[32m2026-05-21 13:47:26[0m | [1mINFO    [0m | [1m主流程规则分桶跳过: bucket=manual_or_risk:MRNA制造成本突破创新专项|S|CIRCRNA|NA|MANUAL_RISK, count=16, reason=总量104.0G低于最小门槛2095.0G[0m
[32m2026-05-21 13:47:26[0m | [1mINFO    [0m | [1m主流程规则分桶跳过: bucket=manual_or_risk:MRNA制造成本突破创新专项|S|LNC互作文库|NA|MANUAL_RISK, count=16, reason=总量96.0G低于最小门槛2095.0G[0m
[32m2026-05-21 13:47:26[0m | [1mINFO    [0m | [1m主流程规则分桶跳过: bucket=manual_or_risk:西北农林科技大学12个转录组+12个全基因组甲基化测序分析技术服务（委托）合同|S|微量 (METHYLATION文库)|NA|MANUAL_RISK+IMBALANCE, count=1, reason=总量90.0G低于最小门槛2074.1G[0m
[32m2026-05-21 13:47:26[0m | [1mINFO    [0m | [1m主流程规则分桶跳过: bucket=manual_or_risk:（吉林） WGBS测序分析技术服务（委托）合同|S|微量 (METHYLATION文库)|NA|MANUAL_RISK+IMBALANCE, count=1, reason=总量90.0G低于最小门槛2074.1G[0m
[32m2026-05-21 13:47:26[0m | [1mINFO    [0m | [1m主流程规则分桶跳过: bucket=manual_or_risk:（极速周期）WJ北医三院自建库散样分析技术服务（委托）合同|S|客户-真核普通转录组文库|NA|SCATTERED+MANUAL_RISK, count=29, reason=总量87.0G低于最小门槛2095.0G[0m
[32m2026-05-21 13:47:26[0m | [1mINFO    [0m | [1m主流程规则分桶跳过: bucket=manual_or_risk:（极速周期）北大SH自建库散样XP建库测序技术服务（委托）合同|S|客户-真核普通转录组文库|NA|SCATTERED+MANUAL_RISK, count=1, reason=总量84.0G低于最小门槛2095.0G[0m
[32m2026-05-21 13:47:26[0m | [1mINFO    [0m | [1m主流程规则分桶跳过: bucket=manual_or_risk:中国大熊猫保护研究中心6个样本ATAC测序分析技术服务（委托）合同|S|MINIATAC-SEQ文库|NA|MANUAL_RISK+IMBALANCE, count=5, reason=总量60.0G低于最小门槛2095.0G[0m
[32m2026-05-21 13:47:26[0m | [1mINFO    [0m | [1m主流程规则分桶跳过: bucket=manual_or_risk:（极速周期）康龙化成WGS测序分析技术服务（委托）合同|S|客户-动植物全基因组重测序文库|NA|MANUAL_RISK, count=5, reason=总量50.0G低于最小门槛2095.0G[0m
[32m2026-05-21 13:47:26[0m | [1mINFO    [0m | [1m主流程规则分桶跳过: bucket=manual_or_risk:中科院北京基因组研究所徐老师组自建库测序技术服务（委托）合同|S|客户-动植物全基因组重测序文库|NA|MANUAL_RISK, count=1, reason=总量40.0G低于最小门槛2095.0G[0m
[32m2026-05-21 13:47:26[0m | [1mINFO    [0m | [1m主流程规则分桶跳过: bucket=manual_or_risk:北京大学现代农业研究院4个水稻WGBS建库测序技术服务（委托）合同|S|微量 (METHYLATION文库)|NA|MANUAL_RISK+IMBALANCE, count=3, reason=总量36.0G低于最小门槛2074.1G[0m
[32m2026-05-21 13:47:26[0m | [1mINFO    [0m | [1m主流程规则分桶跳过: bucket=manual_or_risk:华农一批DNA甲基化建库测序分析技术服务（委托）合同|S|微量 (METHYLATION文库)|NA|MANUAL_RISK+IMBALANCE, count=2, reason=总量36.0G低于最小门槛2074.1G[0m
[32m2026-05-21 13:47:26[0m | [1mINFO    [0m | [1m主流程规则分桶跳过: bucket=manual_or_risk:康龙化成（北京）2024-2025年度建库测序分析技术服务（委托）合同|S|客户-动植物全基因组重测序文库|NA|MANUAL_RISK, count=5, reason=总量33.3G低于最小门槛2095.0G[0m
[32m2026-05-21 13:47:26[0m | [1mINFO    [0m | [1m主流程规则分桶跳过: bucket=manual_or_risk:MRNA制造成本突破创新专项|S|原核链特异性转录组文库|NA|MANUAL_RISK, count=16, reason=总量32.0G低于最小门槛2095.0G[0m
[32m2026-05-21 13:47:26[0m | [1mINFO    [0m | [1m主流程规则分桶跳过: bucket=manual_or_risk:养蜂所转录组+甲基化+DENOVO测序分析技术服务（委托）合同|S|微量 (METHYLATION文库)|NA|MANUAL_RISK+IMBALANCE, count=4, reason=总量32.0G低于最小门槛2074.1G[0m
[32m2026-05-21 13:47:26[0m | [1mINFO    [0m | [1m主流程规则分桶跳过: bucket=manual_or_risk:18个罗非鱼免疫组织甲基化分析技术服务（委托）合同|S|微量 (METHYLATION文库)|NA|MANUAL_RISK+IMBALANCE, count=1, reason=总量30.0G低于最小门槛2074.1G[0m
[32m2026-05-21 13:47:26[0m | [1mINFO    [0m | [1m主流程规则分桶跳过: bucket=manual_or_risk:山东大学自建库样本2000G测序技术服务（委托）合同-张传鑫|S|客户-动植物全基因组重测序文库|NA|MANUAL_RISK, count=3, reason=总量24.0G低于最小门槛2095.0G[0m
[32m2026-05-21 13:47:26[0m | [1mINFO    [0m | [1m主流程规则分桶跳过: bucket=manual_or_risk:植保所50个自建库分析技术服务（委托）合同|S|客户-真核普通转录组文库|NA|MANUAL_RISK, count=6, reason=总量20.4G低于最小门槛2095.0G[0m
[32m2026-05-21 13:47:26[0m | [1mINFO    [0m | [1m主流程规则分桶跳过: bucket=manual_or_risk:100个个性化宏病毒组建库测序分析技术服务（委托）合同|S|宏转录组|NA|MANUAL_RISK, count=1, reason=总量17.0G低于最小门槛2095.0G[0m
[32m2026-05-21 13:47:26[0m | [1mINFO    [0m | [1m主流程规则分桶跳过: bucket=manual_or_risk:军事科学院军事医学研究院环境医学与作业医学研究所-12个WGBS+12个转录组分析技术服务（委托）合同|S|微量 (METHYLATION文库)|NA|MANUAL_RISK+IMBALANCE, count=3, reason=总量14.5G低于最小门槛2074.1G[0m
[32m2026-05-21 13:47:26[0m | [1mINFO    [0m | [1m主流程规则分桶跳过: bucket=manual_or_risk:华农田丹博士50个自建库测序分析技术服务（委托）合同|S|客户-动植物全基因组重测序文库|NA|MANUAL_RISK, count=1, reason=总量12.5G低于最小门槛2095.0G[0m
[32m2026-05-21 13:47:26[0m | [1mINFO    [0m | [1m主流程规则分桶跳过: bucket=manual_or_risk:植物所50例RNA自建库测序分析技术服务（委托）合同|S|客户-真核普通转录组文库|NA|MANUAL_RISK, count=3, reason=总量10.7G低于最小门槛2095.0G[0m
[32m2026-05-21 13:47:26[0m | [1mINFO    [0m | [1m主流程规则分桶跳过: bucket=manual_or_risk:2000个样本散样自建库新平台分析技术服务（委托）合同|S|客户-人重测序文库|NA|SCATTERED+MANUAL_RISK, count=1, reason=总量10.0G低于最小门槛2095.0G[0m
[32m2026-05-21 13:47:26[0m | [1mINFO    [0m | [1m主流程规则分桶跳过: bucket=manual_or_risk:2025年WGS分析技术服务（委托）合同|S|DNA小片段文库|NA|MANUAL_RISK, count=2, reason=总量6.3G低于最小门槛2095.0G[0m
[32m2026-05-21 13:47:26[0m | [1mINFO    [0m | [1m主流程规则分桶跳过: bucket=manual_or_risk:武汉大学30T自建库测序技术服务（委托）合同|S|客户-其他碱基均衡文库|NA|MANUAL_RISK, count=1, reason=总量6.0G低于最小门槛2095.0G[0m
[32m2026-05-21 13:47:26[0m | [1mINFO    [0m | [1m主流程规则分桶跳过: bucket=manual_or_risk:水生所24个样本转录组测序分析和DNA甲基化测序分析技术服务（委托）合同|S|微量 (METHYLATION文库)|NA|MANUAL_RISK+IMBALANCE, count=1, reason=总量6.0G低于最小门槛2074.1G[0m
[32m2026-05-21 13:47:26[0m | [1mINFO    [0m | [1m主流程规则分桶跳过: bucket=manual_or_risk:浙江大学14个全基因组甲基化+转录组建库测序技术服务（委托）合同|S|微量 (METHYLATION文库)|NA|MANUAL_RISK+IMBALANCE, count=1, reason=总量6.0G低于最小门槛2074.1G[0m
[32m2026-05-21 13:47:26[0m | [1mINFO    [0m | [1m主流程规则分桶跳过: bucket=manual_or_risk:作科所12个小麦建库测序分析技术服务（委托）合同|S|DNA小片段文库|NA|MANUAL_RISK, count=1, reason=总量4.6G低于最小门槛2095.0G[0m
[32m2026-05-21 13:47:26[0m | [1mINFO    [0m | [1m主流程规则分桶跳过: bucket=manual_or_risk:武汉大学20T自建库测序技术服务（委托）合同|S|客户-其他碱基不均衡文库|NA|MANUAL_RISK+IMBALANCE, count=2, reason=总量3.8G低于最小门槛1676.0G[0m
[32m2026-05-21 13:47:26[0m | [1mINFO    [0m | [1m主流程规则分桶跳过: bucket=manual_or_risk:西南医院8例样本全基因组重测序分析技术服务（委托）合同|S|DNA小片段文库|NA|MANUAL_RISK, count=1, reason=总量3.5G低于最小门槛2095.0G[0m
[32m2026-05-21 13:47:26[0m | [1mINFO    [0m | [1m主流程规则分桶跳过: bucket=manual_or_risk:（极速周期）北生所300例文库测序技术服务（委托）合同|S|客户-CUT-TAG文库|NA|MANUAL_RISK+IMBALANCE, count=1, reason=总量3.0G低于最小门槛1676.0G[0m
[32m2026-05-21 13:47:26[0m | [1mINFO    [0m | [1m主流程规则分桶跳过: bucket=manual_or_risk:云舟生物2024年度自建库年度合作协议分析技术服务（委托）合同|S|客户-PCR产物|NA|MANUAL_RISK+IMBALANCE, count=1, reason=总量3.0G低于最小门槛1257.0G[0m
[32m2026-05-21 13:47:26[0m | [1mINFO    [0m | [1m主流程规则分桶跳过: bucket=manual_or_risk:华农韩雅彭老师一批自建库测序ILLUMINA分析技术服务（委托）合同|S|客户-CHIP-SEQ文库|NA|MANUAL_RISK, count=1, reason=总量1.8G低于最小门槛2095.0G[0m
[32m2026-05-21 13:47:26[0m | [1mINFO    [0m | [1m主流程规则分桶跳过: bucket=manual_or_risk:百合2025项目续签分析技术服务（委托）合同|S|DNA小片段文库|NA|MANUAL_RISK, count=1, reason=总量1.8G低于最小门槛2095.0G[0m
[32m2026-05-21 13:47:26[0m | [1mINFO    [0m | [1m主流程规则分桶跳过: bucket=ten_x:仁济董晨组3个SC RNA自建库包LANE测序-NOVA6000技术服务（委托）合同|S|客户-10X 5 单细胞转录组文库|NA|TENX+MANUAL_RISK+IMBALANCE, count=3, reason=总量1350.0G低于最小门槛1995.0G[0m
[32m2026-05-21 13:47:26[0m | [1mINFO    [0m | [1m主流程规则分桶跳过: bucket=ten_x:仁济董晨组SC ATAC和SC RNA自建库散样OR包LANE测序X技术服务（委托）合同|S|客户-10X 5 单细胞转录组文库|NA|TENX+SCATTERED+MANUAL_RISK+IMBALANCE, count=3, reason=总量1350.0G低于最小门槛1995.0G[0m
[32m2026-05-21 13:47:26[0m | [1mINFO    [0m | [1m主流程规则分桶跳过: bucket=ten_x:山东省立医院60例单细胞+TCR+BCR分析技术服务（委托）合同-商亮|S|10X转录组-5'文库|NA|TENX+MANUAL_RISK+IMBALANCE, count=3, reason=总量170.0G低于最小门槛1995.0G[0m
[32m2026-05-21 13:47:26[0m | [1mINFO    [0m | [1m主流程规则分桶跳过: bucket=ten_x:仁济董晨组SC RNA自建库测序X技术服务（委托）合同|S|客户-10X 5 单细胞转录组文库|NA|TENX+MANUAL_RISK+IMBALANCE, count=3, reason=总量93.2G低于最小门槛1985.5G[0m
[32m2026-05-21 13:47:26[0m | [1mINFO    [0m | [1m主流程规则分桶跳过: bucket=ten_x:重庆国际免疫研究院 8例10X单细胞转录组测序分析技术服务（委托）合同|S|10X转录组V(D)J-BCR文库|NA|TENX+MANUAL_RISK+IMBALANCE, count=2, reason=总量40.0G低于最小门槛1995.0G[0m
[32m2026-05-21 13:47:26[0m | [1mINFO    [0m | [1m主流程规则分桶跳过: bucket=ten_x:四川大学10X GENOMICS 3'端单细胞转录组抽核/流式建库测序技术服务（委托）合同|S|10X转录组-3'文库|NA|TENX+MANUAL_RISK+IMBALANCE, count=1, reason=总量30.0G低于最小门槛1995.0G[0m
[32m2026-05-21 13:47:26[0m | [1mINFO    [0m | [1m主流程规则分桶跳过: bucket=ten_x:天津市肿瘤医院30例5'+TCR+BCR单细胞测序分析技术服务（委托）合同-刘超|S|10X转录组V(D)J-BCR文库|NA|TENX+MANUAL_RISK+IMBALANCE, count=1, reason=总量20.0G低于最小门槛1995.0G[0m
[32m2026-05-21 13:47:26[0m | [1mINFO    [0m | [1m主流程规则分桶跳过: bucket=ten_x:天津市肿瘤医院30例5'+TCR+BCR单细胞测序分析技术服务（委托）合同-刘超|S|10X转录组V(D)J-TCR文库|NA|TENX+MANUAL_RISK+IMBALANCE, count=1, reason=总量20.0G低于最小门槛1995.0G[0m
[32m2026-05-21 13:47:26[0m | [1mINFO    [0m | [1m主流程规则分桶跳过: bucket=ten_x:精准医学25年自建库PE150测序技术服务（委托）合同|S|客户-10X 3 单细胞转录组文库|NA|TENX+MANUAL_RISK+IMBALANCE, count=1, reason=总量14.5G低于最小门槛1995.0G[0m
[32m2026-05-21 13:47:26[0m | [1mINFO    [0m | [1m主流程规则分桶跳过: bucket=ten_x:宣武医院夏江威200例单细胞检测分析分析技术服务（委托）合同|S|10X转录组V(D)J-BCR文库|NA|TENX+MANUAL_RISK+IMBALANCE, count=1, reason=总量10.0G低于最小门槛1995.0G[0m
[32m2026-05-21 13:47:26[0m | [1mINFO    [0m | [1m主流程规则分桶跳过: bucket=ten_x:浙江大学国际健康医学研究院肿瘤完整基因组图谱计划一期（第一批）分析技术服务（委托）合同|S|10X转录组-3'文库|NA|TENX+MANUAL_RISK+IMBALANCE, count=1, reason=总量8.7G低于最小门槛1995.0G[0m
[32m2026-05-21 13:47:26[0m | [1mINFO    [0m | [1m主流程规则分桶跳过: bucket=ten_x:30例3端单细胞转录组测序分析技术服务（委托）合同-CZT|S|10X转录组-3'文库|NA|TENX+MANUAL_RISK+IMBALANCE, count=3, reason=总量3.0G低于最小门槛1995.0G[0m
[32m2026-05-21 13:47:26[0m | [1mINFO    [0m | [1m主流程规则分桶跳过: bucket=ten_x:交大师咏勇组宋炜宸老师6例10X3撇单细胞矩阵分析技术服务（委托）合同|S|10X转录组-3'文库|NA|TENX+MANUAL_RISK+IMBALANCE, count=2, reason=总量2.2G低于最小门槛1995.0G[0m
[32m2026-05-21 13:47:26[0m | [1mINFO    [0m | [1m主流程规则分桶跳过: bucket=ten_x:（极速周期）遗传所2个自建库测序(X)技术服务（委托）合同|S|客户-单细胞文库|NA|TENX+MANUAL_RISK+IMBALANCE, count=1, reason=总量2.0G低于最小门槛1843.6G[0m
[32m2026-05-21 13:47:26[0m | [1mINFO    [0m | [1m主流程规则分桶跳过: bucket=ten_x:4例单细胞技术服务合同分析技术服务（委托）合同|S|10X转录组-3'文库|NA|TENX+MANUAL_RISK+IMBALANCE, count=1, reason=总量1.3G低于最小门槛1995.0G[0m
[32m2026-05-21 13:47:26[0m | [1mINFO    [0m | [1m主流程规则分桶跳过: bucket=ten_x:西湖大学张兵课题组10个样本3'单细胞转录组建库测序技术服务（委托）合同|S|10X转录组-3'文库|NA|TENX+MANUAL_RISK+IMBALANCE, count=1, reason=总量1.0G低于最小门槛1995.0G[0m
[32m2026-05-21 13:47:26[0m | [1mINFO    [0m | [1m主流程规则分桶跳过: bucket=general:海天酱油24年微生物建库测序分析技术服务（委托）合同|Z|DNA小片段文库|NA|NORMAL, count=69, reason=总量552.0G低于最小门槛2095.0G[0m
[32m2026-05-21 13:47:26[0m | [1mINFO    [0m | [1m主流程规则分桶跳过: bucket=general:浙大111个细菌二代重测序建库测序技术服务（委托）合同|Z|DNA小片段文库|NA|NORMAL, count=53, reason=总量318.0G低于最小门槛2095.0G[0m
[32m2026-05-21 13:47:26[0m | [1mINFO    [0m | [1m主流程规则分桶跳过: bucket=general:【框架】基迪奥生物-2025年度二代建库测序年度协议分析技术服务（委托）合同|Z|DNA小片段文库|NA|NORMAL, count=50, reason=总量300.0G低于最小门槛2095.0G[0m
[32m2026-05-21 13:47:26[0m | [1mINFO    [0m | [1m主流程规则分桶跳过: bucket=general:[药企]-百济 转录组分析技术服务（委托）合同|Z|VIP-真核普通转录组文库|NA|NORMAL, count=32, reason=总量261.2G低于最小门槛2095.0G[0m
[32m2026-05-21 13:47:26[0m | [1mINFO    [0m | [1m主流程规则分桶跳过: bucket=general:300例转录组测序分析技术服务（委托）合同--LJC|Z|VIP-真核普通转录组文库|NA|NORMAL, count=11, reason=总量239.9G低于最小门槛2095.0G[0m
[32m2026-05-21 13:47:26[0m | [1mINFO    [0m | [1m主流程规则分桶跳过: bucket=general:康龙化成（北京）2024-2025年度建库测序分析技术服务（委托）合同|Z|VIP-真核普通转录组文库|NA|NORMAL, count=49, reason=总量222.0G低于最小门槛2095.0G[0m
[32m2026-05-21 13:47:26[0m | [1mINFO    [0m | [1m主流程规则分桶跳过: bucket=general:264个样本XPLUS转录组建库测序技术服务（委托）合同-Y|Z|VIP-真核普通转录组文库|NA|NORMAL, count=9, reason=总量216.0G低于最小门槛2095.0G[0m
[32m2026-05-21 13:47:26[0m | [1mINFO    [0m | [1m主流程规则分桶跳过: bucket=general:石大28个组织样本转录组分析技术服务（委托）合同|Z|VIP-真核普通转录组文库|NA|NORMAL, count=11, reason=总量202.4G低于最小门槛2095.0G[0m
[32m2026-05-21 13:47:26[0m | [1mINFO    [0m | [1m主流程规则分桶跳过: bucket=general:2024年海大生物样本DNA小片段建库测序技术服务（委托）合同-ZWP|Z|DNA小片段文库|NA|NORMAL, count=31, reason=总量186.0G低于最小门槛2095.0G[0m
[32m2026-05-21 13:47:26[0m | [1mINFO    [0m | [1m主流程规则分桶跳过: bucket=general:山东大学第二医院100例医口转录组分析技术服务（委托）合同-田忠献|Z|VIP-真核普通转录组文库|NA|NORMAL, count=7, reason=总量147.2G低于最小门槛2095.0G[0m
[32m2026-05-21 13:47:26[0m | [1mINFO    [0m | [1m主流程规则分桶跳过: bucket=general:3个重测序建库测序及21个分析+9个转录组建库测序及18个分析技术服务（委托）合同|Z|VIP-真核普通转录组文库|NA|NORMAL, count=6, reason=总量144.0G低于最小门槛2095.0G[0m
[32m2026-05-21 13:47:26[0m | [1mINFO    [0m | [1m主流程规则分桶跳过: bucket=general:纳米中心4个RRBS+转录组XPLUS分析技术服务（委托）合同|Z|VIP-真核普通转录组文库|NA|NORMAL, count=4, reason=总量96.0G低于最小门槛2095.0G[0m
[32m2026-05-21 13:47:26[0m | [1mINFO    [0m | [1m主流程规则分桶跳过: bucket=general:北京柯信医学检验实验室有限公司30例宏基因组分析技术服务（委托）合同|Z|DNA小片段文库|NA|NORMAL, count=15, reason=总量90.0G低于最小门槛2095.0G[0m
[32m2026-05-21 13:47:26[0m | [1mINFO    [0m | [1m主流程规则分桶跳过: bucket=general:河北大学50例家蚕转录组分析技术服务（委托）合同|Z|VIP-真核普通转录组文库|NA|NORMAL, count=3, reason=总量72.0G低于最小门槛2095.0G[0m
[32m2026-05-21 13:47:26[0m | [1mINFO    [0m | [1m主流程规则分桶跳过: bucket=general:植物所100例重测序XPLUS技术服务（委托）合同|Z|DNA小片段文库|NA|NORMAL, count=1, reason=总量70.0G低于最小门槛2095.0G[0m
[32m2026-05-21 13:47:26[0m | [1mINFO    [0m | [1m主流程规则分桶跳过: bucket=general:南昌大学第二附属医院3个细菌全基因组建库测序技术服务（委托）合同|Z|DNA小片段文库|NA|NORMAL, count=11, reason=总量66.0G低于最小门槛2095.0G[0m
[32m2026-05-21 13:47:26[0m | [1mINFO    [0m | [1m主流程规则分桶跳过: bucket=general:福建农林大学150个样本重测序+转录组建库测序技术服务（委托）合同|Z|VIP-真核普通转录组文库|NA|NORMAL, count=1, reason=总量60.0G低于最小门槛2095.0G[0m
[32m2026-05-21 13:47:26[0m | [1mINFO    [0m | [1m主流程规则分桶跳过: bucket=general:内蒙古农业大学单菌菌体二代建库测序质控技术服务（委托）合同|Z|DNA小片段文库|NA|NORMAL, count=54, reason=总量54.0G低于最小门槛2095.0G[0m
[32m2026-05-21 13:47:26[0m | [1mINFO    [0m | [1m主流程规则分桶跳过: bucket=general:林科院顾蝶100例转录组测序分析合同分析技术服务（委托）合同|Z|VIP-真核普通转录组文库|NA|NORMAL, count=2, reason=总量48.0G低于最小门槛2095.0G[0m
[32m2026-05-21 13:47:26[0m | [1mINFO    [0m | [1m主流程规则分桶跳过: bucket=general:湛江中心20个有参转录分析技术服务（委托）合同|Z|VIP-真核普通转录组文库|NA|NORMAL, count=2, reason=总量48.0G低于最小门槛2095.0G[0m
[32m2026-05-21 13:47:26[0m | [1mINFO    [0m | [1m主流程规则分桶跳过: bucket=general:西北大学100个转录组建库测序分析服务分析技术服务（委托）合同|Z|VIP-真核普通转录组文库|NA|NORMAL, count=2, reason=总量48.0G低于最小门槛2095.0G[0m
[32m2026-05-21 13:47:26[0m | [1mINFO    [0m | [1m主流程规则分桶跳过: bucket=general:楚雄师范学院10个DNA建库测序+3个ITS测序分析技术服务（委托）合同|Z|DNA小片段文库|NA|NORMAL, count=1, reason=总量40.0G低于最小门槛2095.0G[0m
[32m2026-05-21 13:47:26[0m | [1mINFO    [0m | [1m主流程规则分桶跳过: bucket=general:崖州湾国家实验室15个水稻样本重测序技术服务（委托）合同|Z|DNA小片段文库|NA|NORMAL, count=6, reason=总量36.0G低于最小门槛2095.0G[0m
[32m2026-05-21 13:47:26[0m | [1mINFO    [0m | [1m主流程规则分桶跳过: bucket=general:贵州茅台多组学测序分析技术服务（委托）合同|Z|DNA小片段文库|NA|NORMAL, count=5, reason=总量30.0G低于最小门槛2095.0G[0m
[32m2026-05-21 13:47:26[0m | [1mINFO    [0m | [1m主流程规则分桶跳过: bucket=general:空军军医大学二附院107个样本转录组测序分析技术服务（委托）合同|Z|VIP-真核普通转录组文库|NA|NORMAL, count=4, reason=总量24.0G低于最小门槛2095.0G[0m
[32m2026-05-21 13:47:26[0m | [1mINFO    [0m | [1m主流程规则分桶跳过: bucket=general:100例粪便宏基因组分析技术服务（委托）合同|Z|META文库|NA|NORMAL, count=1, reason=总量24.0G低于最小门槛2095.0G[0m
[32m2026-05-21 13:47:26[0m | [1mINFO    [0m | [1m主流程规则分桶跳过: bucket=general:破碎科技（深圳）有限公司王瑜1个外显子和转录组测序分析技术服务（委托）合同|Z|VIP-真核普通转录组文库|NA|NORMAL, count=1, reason=总量24.0G低于最小门槛2095.0G[0m
[32m2026-05-21 13:47:26[0m | [1mINFO    [0m | [1m主流程规则分桶跳过: bucket=general:南方海洋实验室贺老师组500个宏基因组分析技术服务（委托）合同|Z|DNA小片段文库|NA|NORMAL, count=1, reason=总量22.0G低于最小门槛2095.0G[0m
[32m2026-05-21 13:47:26[0m | [1mINFO    [0m | [1m主流程规则分桶跳过: bucket=general:菌WGS细菌变异检测分析技术服务（委托）合同|Z|DNA小片段文库|NA|NORMAL, count=20, reason=总量20.0G低于最小门槛2095.0G[0m
[32m2026-05-21 13:47:26[0m | [1mINFO    [0m | [1m主流程规则分桶跳过: bucket=general:西北农林科技大学54例样本转录组+HQ非靶代谢+脂质组分析技术服务（委托）合同|Z|VIP-真核普通转录组文库|NA|NORMAL, count=1, reason=总量10.0G低于最小门槛2095.0G[0m
[32m2026-05-21 13:47:26[0m | [1mINFO    [0m | [1m主流程规则分桶跳过: bucket=general:GRK_华西医院微生物全基因组建库测序分析技术服务（委托）合同|Z|DNA小片段文库|NA|NORMAL, count=2, reason=总量8.0G低于最小门槛2095.0G[0m
[32m2026-05-21 13:47:26[0m | [1mINFO    [0m | [1m主流程规则分桶跳过: bucket=general:中国科学院昆明植物所ILLUMINA-XPLUS建库测序技术服务（委托）合同|Z|DNA小片段文库|NA|NORMAL, count=1, reason=总量6.0G低于最小门槛2095.0G[0m
[32m2026-05-21 13:47:26[0m | [1mINFO    [0m | [1m主流程规则分桶跳过: bucket=general:2504丰海细菌样本测序分析技术服务（委托）合同|Z|DNA小片段文库|NA|NORMAL, count=1, reason=总量1.0G低于最小门槛2095.0G[0m
[32m2026-05-21 13:47:26[0m | [1mINFO    [0m | [1m主流程规则分桶预调度完成: 分桶=92，桶后尾货=866个/11749.5G[0m
[32m2026-05-21 13:47:26[0m | [1mINFO    [0m | [1m主流程尾货统一补排启动: count=866, data=11749.5G[0m
[32m2026-05-21 13:47:26[0m | [1mINFO    [0m | [1m开始逐Lane贪心排机 - 文库数: 866[0m
[32m2026-05-21 13:47:26[0m | [1mINFO    [0m | [1m预拆分完成: 使用外层已拆分文库[0m
[32m2026-05-21 13:47:26[0m | [1mINFO    [0m | [1m使用外部传入的全局分析报告（全量文库），跳过内部分析[0m
[32m2026-05-21 13:47:26[0m | [1mINFO    [0m | [1m处理机器类型 Nova X-25B - 文库数: 357 - Lane容量: 1050.0GB, 利用率区间: [100%, 100%], 特殊文库上限: 350GB[0m
[32m2026-05-21 13:47:26[0m | [1mINFO    [0m | [1m碱基不均衡专用Lane策略: 46个碱基不均衡文库[0m
[32m2026-05-21 13:47:26[0m | [1mINFO    [0m | [1m专用Lane分组G5剩余合同量170.0G无法满足1.1或3.6T-NEW有效容量下限[0m
[32m2026-05-21 13:47:26[0m | [1mINFO    [0m | [1m专用Lane分组G34剩余合同量111.2G无法满足1.1或3.6T-NEW有效容量下限[0m
[32m2026-05-21 13:47:26[0m | [1mINFO    [0m | [1m专用Lane分组G35剩余合同量340.5G无法满足1.1或3.6T-NEW有效容量下限[0m
[32m2026-05-21 13:47:26[0m | [1mINFO    [0m | [1m专用Lane分组G4剩余合同量46.1G无法满足1.1或3.6T-NEW有效容量下限[0m
[32m2026-05-21 13:47:26[0m | [1mINFO    [0m | [1m形成0条专用Lane，剩余46个碱基不均衡文库[0m
[32m2026-05-21 13:47:26[0m | [1mINFO    [0m | [1m第二轮排机: 357 个未分配文库（随机顺序）[0m
[32m2026-05-21 13:47:26[0m | [1mINFO    [0m | [1m第三轮排机: 357 个未分配文库（小文库优先）[0m
[32m2026-05-21 13:47:26[0m | [1mINFO    [0m | [1m连续5轮无新Lane且未分配池不变，提前结束无效重试[0m
[32m2026-05-21 13:47:26[0m | [1mINFO    [0m | [1m专用Lane分组G5剩余合同量170.0G无法满足1.1或3.6T-NEW有效容量下限[0m
[32m2026-05-21 13:47:26[0m | [1mINFO    [0m | [1m专用Lane分组G34剩余合同量111.2G无法满足1.1或3.6T-NEW有效容量下限[0m
[32m2026-05-21 13:47:26[0m | [1mINFO    [0m | [1m专用Lane分组G35剩余合同量340.5G无法满足1.1或3.6T-NEW有效容量下限[0m
[32m2026-05-21 13:47:26[0m | [1mINFO    [0m | [1m专用Lane分组G4剩余合同量46.1G无法满足1.1或3.6T-NEW有效容量下限[0m
[32m2026-05-21 13:47:26[0m | [1mINFO    [0m | [1m专用Lane创建完成: 0条Lane, 46个碱基不均衡文库待分配, 311个中性文库待分配[0m
[32m2026-05-21 13:47:26[0m | [1mINFO    [0m | [1m处理机器类型 NovaSeq X Plus - 文库数: 509 - Lane容量: 1100GB, 利用率区间: [100%, 100%], 特殊文库上限: 350GB[0m
[32m2026-05-21 13:47:26[0m | [1mINFO    [0m | [1m碱基不均衡专用Lane策略: 15个碱基不均衡文库[0m
[32m2026-05-21 13:47:26[0m | [1mINFO    [0m | [1m专用Lane分组G26剩余合同量3.0G无法满足1.1或3.6T-NEW有效容量下限[0m
[32m2026-05-21 13:47:26[0m | [1mINFO    [0m | [1m专用Lane分组G33剩余合同量3.8G无法满足1.1或3.6T-NEW有效容量下限[0m
[32m2026-05-21 13:47:26[0m | [1mINFO    [0m | [1m专用Lane分组G29剩余合同量3.0G无法满足1.1或3.6T-NEW有效容量下限[0m
[32m2026-05-21 13:47:26[0m | [1mINFO    [0m | [1m专用Lane分组G31剩余合同量2.0G无法满足1.1或3.6T-NEW有效容量下限[0m
[32m2026-05-21 13:47:26[0m | [1mINFO    [0m | [1m专用Lane分组G6剩余合同量70.0G无法满足1.1或3.6T-NEW有效容量下限[0m
[32m2026-05-21 13:47:26[0m | [1mINFO    [0m | [1m专用Lane分组G7剩余合同量20.0G无法满足1.1或3.6T-NEW有效容量下限[0m
[32m2026-05-21 13:47:26[0m | [1mINFO    [0m | [1m形成0条专用Lane，剩余15个碱基不均衡文库[0m
[32m2026-05-21 13:47:27[0m | [1mINFO    [0m | [1m第二轮排机: 509 个未分配文库（随机顺序）[0m
[32m2026-05-21 13:47:28[0m | [1mINFO    [0m | [1m第三轮排机: 509 个未分配文库（小文库优先）[0m
[32m2026-05-21 13:47:34[0m | [1mINFO    [0m | [1m连续5轮无新Lane且未分配池不变，提前结束无效重试[0m
[32m2026-05-21 13:47:34[0m | [1mINFO    [0m | [1m专用Lane分组G26剩余合同量3.0G无法满足1.1或3.6T-NEW有效容量下限[0m
[32m2026-05-21 13:47:34[0m | [1mINFO    [0m | [1m专用Lane分组G29剩余合同量3.0G无法满足1.1或3.6T-NEW有效容量下限[0m
[32m2026-05-21 13:47:34[0m | [1mINFO    [0m | [1m专用Lane分组G33剩余合同量3.8G无法满足1.1或3.6T-NEW有效容量下限[0m
[32m2026-05-21 13:47:34[0m | [1mINFO    [0m | [1m专用Lane分组G31剩余合同量2.0G无法满足1.1或3.6T-NEW有效容量下限[0m
[32m2026-05-21 13:47:34[0m | [1mINFO    [0m | [1m专用Lane分组G6剩余合同量70.0G无法满足1.1或3.6T-NEW有效容量下限[0m
[32m2026-05-21 13:47:34[0m | [1mINFO    [0m | [1m专用Lane分组G7剩余合同量20.0G无法满足1.1或3.6T-NEW有效容量下限[0m
[32m2026-05-21 13:47:34[0m | [1mINFO    [0m | [1m专用Lane创建完成: 0条Lane, 15个碱基不均衡文库待分配, 494个中性文库待分配[0m
[32m2026-05-21 13:47:34[0m | [1mINFO    [0m | [1m逐Lane贪心排机完成 - Lane数: 0, 已分配: 0/866, 未分配: 866, 平均利用率: 0.0%, 耗时: 8.01秒[0m
[32m2026-05-21 13:47:34[0m | [1mINFO    [0m | [1mIndex校验器初始化完成（真实数据验证版本）[0m
[32m2026-05-21 13:47:34[0m | [1mINFO    [0m | [1m成Lane校验程序初始化完成 (严格模式: False, 碱基不均衡上限: 35%, 特殊文库关键词: 9个)[0m
[32m2026-05-21 13:47:34[0m | [1mINFO    [0m | [1m最终验证结果: 0条Lane通过，866个文库未分配[0m
[32m2026-05-21 13:47:34[0m | [1mINFO    [0m | [1mwkspecialsplits边排边检查完成: 无需调整[0m
[32m2026-05-21 13:47:34[0m | [1mINFO    [0m | [1m验证完成：1条Lane通过验证[0m
[32m2026-05-21 13:47:34[0m | [1mINFO    [0m | [1m57规则二次改排救援已关闭，失败Lane文库回收到未分配池[0m
[32m2026-05-21 13:47:34[0m | [1mINFO    [0m | [1m补Lane尝试: variant=full_priority, lane_prefix=EX, pool_size=866, pool_data=11749.487G, prioritize_scattered_mix=True[0m
[32m2026-05-21 13:47:34[0m | [1mINFO    [0m | [1m补Lane尝试: variant=non_clinical_relaxed, lane_prefix=EX, pool_size=866, pool_data=11749.487G, prioritize_scattered_mix=False[0m
[32m2026-05-21 13:47:35[0m | [1mINFO    [0m | [1m补Lane尝试: variant=full_priority, lane_prefix=EX, pool_size=659, pool_data=9608.767G, prioritize_scattered_mix=True[0m
[32m2026-05-21 13:47:35[0m | [1mINFO    [0m | [1m补Lane尝试: variant=non_clinical_relaxed, lane_prefix=EX, pool_size=659, pool_data=9608.767G, prioritize_scattered_mix=False[0m
[32m2026-05-21 13:47:42[0m | [1mINFO    [0m | [1m补Lane跳过汇总: lane_prefix=EX, machine=Nova X-25B, reason_top=[总量48.0G低于最小门槛2095.0Gx4, 总量144.0G低于最小门槛2095.0Gx3, 总量60.0G低于最小门槛2095.0Gx3, 总量24.0G低于最小门槛2095.0Gx3][0m
[32m2026-05-21 13:47:42[0m | [1mINFO    [0m | [1mLane数量提升停止: machine_type=Nova X-25B, 当前池首次构Lane失败，跳过同池重复尝试[0m
[32m2026-05-21 13:47:42[0m | [1mINFO    [0m | [1mLane数量提升新增Lane数: 1[0m
[32m2026-05-21 13:47:42[0m | [1mINFO    [0m | [1m补Lane尝试: variant=full_priority, lane_prefix=RB, pool_size=659, pool_data=9608.767G, prioritize_scattered_mix=True[0m
[32m2026-05-21 13:47:42[0m | [1mINFO    [0m | [1m补Lane尝试: variant=non_clinical_relaxed, lane_prefix=RB, pool_size=659, pool_data=9608.767G, prioritize_scattered_mix=False[0m
[32m2026-05-21 13:47:44[0m | [1mINFO    [0m | [1m跨Lane多文库交换完成：新增1条，剩余未分配450个[0m
[32m2026-05-21 13:47:44[0m | [1mINFO    [0m | [1m补Lane尝试: variant=full_priority, lane_prefix=RM, pool_size=450, pool_data=7501.954G, prioritize_scattered_mix=True[0m
[32m2026-05-21 13:47:44[0m | [1mINFO    [0m | [1m补Lane尝试: variant=non_clinical_relaxed, lane_prefix=RM, pool_size=450, pool_data=7501.954G, prioritize_scattered_mix=False[0m
[32m2026-05-21 13:47:48[0m | [1mINFO    [0m | [1m补Lane尝试: variant=full_priority, lane_prefix=RM, pool_size=238, pool_data=5247.063G, prioritize_scattered_mix=True[0m
[32m2026-05-21 13:47:48[0m | [1mINFO    [0m | [1m补Lane尝试: variant=non_clinical_relaxed, lane_prefix=RM, pool_size=238, pool_data=5247.063G, prioritize_scattered_mix=False[0m
[32m2026-05-21 13:47:49[0m | [1mINFO    [0m | [1m补Lane跳过汇总: lane_prefix=RM, machine=Nova X-25B, reason_top=[总量24.0G低于最小门槛2095.0Gx6, 总量48.0G低于最小门槛2095.0Gx3, 总量10.0G低于最小门槛2095.0Gx3, 总量1350.0G低于最小门槛1995.0Gx2][0m
[32m2026-05-21 13:47:49[0m | [1mINFO    [0m | [1m补Lane尝试: variant=full_priority, lane_prefix=GL, pool_size=238, pool_data=5247.063G, prioritize_scattered_mix=True[0m
[32m2026-05-21 13:47:49[0m | [1mINFO    [0m | [1m补Lane尝试: variant=non_clinical_relaxed, lane_prefix=GL, pool_size=238, pool_data=5247.063G, prioritize_scattered_mix=False[0m
[32m2026-05-21 13:47:52[0m | [1mINFO    [0m | [1m补Lane跳过汇总: lane_prefix=GL, machine=Nova X-25B, reason_top=[总量24.0G低于最小门槛2095.0Gx6, 总量48.0G低于最小门槛2095.0Gx3, 总量10.0G低于最小门槛2095.0Gx3, 总量1350.0G低于最小门槛1995.0Gx2][0m
[32m2026-05-21 13:49:12[0m | [1mINFO    [0m | [1m补Lane尝试: variant=cluster_fast_path, lane_prefix=OG, pool_size=8, pool_data=2951.381G, prioritize_scattered_mix=False[0m
[32m2026-05-21 13:49:12[0m | [1mINFO    [0m | [1m剩余库分层重组搜索完成: 新增Lane=1 (大簇专项=0, 高约束专项=0, 专lane=0, 混排lane=1, 普通lane=0), 跳过拆分文库=0, 剩余未分配=238[0m
[32m2026-05-21 13:49:12[0m | [1mINFO    [0m | [1m脚本内置 Pooling 预测已停用，后续统一调用 prediction_delivery[0m
[32m2026-05-21 13:49:12[0m | [33m[1mWARNING [0m | [33m[1mLane EX_Nova X-25B_002 利用率异常: 219.56% (数据量=2140.72GB, 容量=975.00GB)[0m
[32m2026-05-21 13:49:12[0m | [33m[1mWARNING [0m | [33m[1mLane RB_Nova X-25B_002 利用率异常: 216.08% (数据量=2106.81GB, 容量=975.00GB)[0m
[32m2026-05-21 13:49:12[0m | [33m[1mWARNING [0m | [33m[1mLane RM_Nova X-25B_001 利用率异常: 231.27% (数据量=2254.89GB, 容量=975.00GB)[0m
[32m2026-05-21 13:49:12[0m | [1mINFO    [0m | [1mIndex校验器初始化完成（真实数据验证版本）[0m
[32m2026-05-21 13:49:12[0m | [1mINFO    [0m | [1m成Lane校验程序初始化完成 (严格模式: True, 碱基不均衡上限: 35%, 特殊文库关键词: 9个)[0m
[32m2026-05-21 13:49:12[0m | [1mINFO    [0m | [1m1.1首轮二次补排启动: 首轮剩余文库=238个[0m
[32m2026-05-21 13:49:12[0m | [1mINFO    [0m | [1m1.1首轮二次补排策略: expensive_rescue=True, peak_window_mixed=True, post_fill_optimization=True, rule_bucket_prescheduling=True[0m
[32m2026-05-21 13:49:12[0m | [1mINFO    [0m | [1m
================================================================================[0m
[32m2026-05-21 13:49:12[0m | [1mINFO    [0m | [1m排机流程：纯规则排机[0m
[32m2026-05-21 13:49:12[0m | [1mINFO    [0m | [1m================================================================================[0m
[32m2026-05-21 13:49:12[0m | [1mINFO    [0m | [1mIndex校验器初始化完成（真实数据验证版本）[0m
[32m2026-05-21 13:49:12[0m | [1mINFO    [0m | [1mIndex校验器初始化完成（真实数据验证版本）[0m
[32m2026-05-21 13:49:12[0m | [1mINFO    [0m | [1m成Lane校验程序初始化完成 (严格模式: True, 碱基不均衡上限: 35%, 特殊文库关键词: 9个)[0m
[32m2026-05-21 13:49:12[0m | [33m[1mWARNING [0m | [33m[1mPooling配置表不存在: /data/work/yuyongpeng/liblane_v2_deepseek/data/wktype_pooling_config.xlsx，将使用默认策略[0m
[32m2026-05-21 13:49:12[0m | [1mINFO    [0m | [1m产出效率修正表不存在: /data/work/yuyongpeng/liblane_v2_deepseek/data/production_efficiency_correction.csv，跳过后校准[0m
[32m2026-05-21 13:49:12[0m | [33m[1mWARNING [0m | [33m[1m模型文件不存在: models/loutput_pre_lane_v5/lightgbm_model.pkl[0m
[32m2026-05-21 13:49:12[0m | [33m[1mWARNING [0m | [33m[1mloutput预测器不可用，将使用规则降级策略[0m
[32m2026-05-21 13:49:12[0m | [1mINFO    [0m | [1m逐Lane贪心排机器初始化完成 - 基础容量: 985.0GB, 利用率区间: [100%, 100%], 配置模式: 按机型自动[0m
[32m2026-05-21 13:49:12[0m | [1mINFO    [0m | [1m启用检查: Index=True, 碱基不均衡=True, 规则检查器=False[0m
[32m2026-05-21 13:49:12[0m | [1mINFO    [0m | [1m排机阶段：Pooling优化器已禁用（V6流程不需要）[0m
[32m2026-05-21 13:49:12[0m | [1mINFO    [0m | [1mIndex校验器初始化完成（真实数据验证版本）[0m
[32m2026-05-21 13:49:12[0m | [1mINFO    [0m | [1m成Lane校验程序初始化完成 (严格模式: True, 碱基不均衡上限: 35%, 特殊文库关键词: 9个)[0m
[32m2026-05-21 13:49:12[0m | [1mINFO    [0m | [1m严格校验容量区间改为按统一配置表动态解析[0m
[32m2026-05-21 13:49:12[0m | [1mINFO    [0m | [1m主流程前置拆分完成: 无需拆分[0m
[32m2026-05-21 13:49:12[0m | [1mINFO    [0m | [1m混排Peak窗口: 356-503bp, 218个文库/4930G, 理论最多2条Lane[0m
[32m2026-05-21 13:49:12[0m | [1mINFO    [0m | [1m混排Lane预抽取完成: 新增Lane=0，使用文库=0个/0.0G，剩余待排=238个/5247.1G[0m
[32m2026-05-21 13:49:12[0m | [1mINFO    [0m | [1m主流程规则分桶跳过: bucket=special_combo_a:M-HKUST-PROF.NANCY IP-WENDY ZHENG-8PRELIB-SNRNA-200G-X PLUS-1T HDD-WOBI-AMEA2025041022|S|客户-10X 5 单细胞转录组文库|10X_CELLRANGER|TENX+MANUAL_RISK+IMBALANCE, count=1, reason=总量200.0G低于最小门槛1995.0G[0m
[32m2026-05-21 13:49:12[0m | [1mINFO    [0m | [1m主流程规则分桶跳过: bucket=ten_x:仁济董晨组3个SC RNA自建库包LANE测序-NOVA6000技术服务（委托）合同|S|客户-10X 5 单细胞转录组文库|NA|TENX+MANUAL_RISK+IMBALANCE, count=3, reason=总量1350.0G低于最小门槛1995.0G[0m
[32m2026-05-21 13:49:12[0m | [1mINFO    [0m | [1m主流程规则分桶跳过: bucket=ten_x:仁济董晨组SC ATAC和SC RNA自建库散样OR包LANE测序X技术服务（委托）合同|S|客户-10X 5 单细胞转录组文库|NA|TENX+SCATTERED+MANUAL_RISK+IMBALANCE, count=3, reason=总量1350.0G低于最小门槛1995.0G[0m
[32m2026-05-21 13:49:12[0m | [1mINFO    [0m | [1m主流程规则分桶跳过: bucket=ten_x:山东省立医院60例单细胞+TCR+BCR分析技术服务（委托）合同-商亮|S|10X转录组-5'文库|NA|TENX+MANUAL_RISK+IMBALANCE, count=3, reason=总量170.0G低于最小门槛1995.0G[0m
[32m2026-05-21 13:49:12[0m | [1mINFO    [0m | [1m主流程规则分桶跳过: bucket=ten_x:仁济董晨组SC RNA自建库测序X技术服务（委托）合同|S|客户-10X 5 单细胞转录组文库|NA|TENX+MANUAL_RISK+IMBALANCE, count=1, reason=总量51.4G低于最小门槛1995.0G[0m
[32m2026-05-21 13:49:12[0m | [1mINFO    [0m | [1m主流程规则分桶跳过: bucket=ten_x:重庆国际免疫研究院 8例10X单细胞转录组测序分析技术服务（委托）合同|S|10X转录组V(D)J-BCR文库|NA|TENX+MANUAL_RISK+IMBALANCE, count=2, reason=总量40.0G低于最小门槛1995.0G[0m
[32m2026-05-21 13:49:12[0m | [1mINFO    [0m | [1m主流程规则分桶跳过: bucket=ten_x:四川大学10X GENOMICS 3'端单细胞转录组抽核/流式建库测序技术服务（委托）合同|S|10X转录组-3'文库|NA|TENX+MANUAL_RISK+IMBALANCE, count=1, reason=总量30.0G低于最小门槛1995.0G[0m
[32m2026-05-21 13:49:12[0m | [1mINFO    [0m | [1m主流程规则分桶跳过: bucket=ten_x:天津市肿瘤医院30例5'+TCR+BCR单细胞测序分析技术服务（委托）合同-刘超|S|10X转录组V(D)J-BCR文库|NA|TENX+MANUAL_RISK+IMBALANCE, count=1, reason=总量20.0G低于最小门槛1995.0G[0m
[32m2026-05-21 13:49:12[0m | [1mINFO    [0m | [1m主流程规则分桶跳过: bucket=ten_x:天津市肿瘤医院30例5'+TCR+BCR单细胞测序分析技术服务（委托）合同-刘超|S|10X转录组V(D)J-TCR文库|NA|TENX+MANUAL_RISK+IMBALANCE, count=1, reason=总量20.0G低于最小门槛1995.0G[0m
[32m2026-05-21 13:49:12[0m | [1mINFO    [0m | [1m主流程规则分桶跳过: bucket=ten_x:精准医学25年自建库PE150测序技术服务（委托）合同|S|客户-10X 3 单细胞转录组文库|NA|TENX+MANUAL_RISK+IMBALANCE, count=1, reason=总量14.5G低于最小门槛1995.0G[0m
[32m2026-05-21 13:49:12[0m | [1mINFO    [0m | [1m主流程规则分桶跳过: bucket=ten_x:宣武医院夏江威200例单细胞检测分析分析技术服务（委托）合同|S|10X转录组V(D)J-BCR文库|NA|TENX+MANUAL_RISK+IMBALANCE, count=1, reason=总量10.0G低于最小门槛1995.0G[0m
[32m2026-05-21 13:49:12[0m | [1mINFO    [0m | [1m主流程规则分桶跳过: bucket=ten_x:浙江大学国际健康医学研究院肿瘤完整基因组图谱计划一期（第一批）分析技术服务（委托）合同|S|10X转录组-3'文库|NA|TENX+MANUAL_RISK+IMBALANCE, count=1, reason=总量8.7G低于最小门槛1995.0G[0m
[32m2026-05-21 13:49:12[0m | [1mINFO    [0m | [1m主流程规则分桶跳过: bucket=ten_x:30例3端单细胞转录组测序分析技术服务（委托）合同-CZT|S|10X转录组-3'文库|NA|TENX+MANUAL_RISK+IMBALANCE, count=3, reason=总量3.0G低于最小门槛1995.0G[0m
[32m2026-05-21 13:49:12[0m | [1mINFO    [0m | [1m主流程规则分桶跳过: bucket=ten_x:交大师咏勇组宋炜宸老师6例10X3撇单细胞矩阵分析技术服务（委托）合同|S|10X转录组-3'文库|NA|TENX+MANUAL_RISK+IMBALANCE, count=2, reason=总量2.2G低于最小门槛1995.0G[0m
[32m2026-05-21 13:49:12[0m | [1mINFO    [0m | [1m主流程规则分桶跳过: bucket=ten_x:（极速周期）遗传所2个自建库测序(X)技术服务（委托）合同|S|客户-单细胞文库|NA|TENX+MANUAL_RISK+IMBALANCE, count=1, reason=总量2.0G低于最小门槛1843.6G[0m
[32m2026-05-21 13:49:12[0m | [1mINFO    [0m | [1m主流程规则分桶跳过: bucket=ten_x:4例单细胞技术服务合同分析技术服务（委托）合同|S|10X转录组-3'文库|NA|TENX+MANUAL_RISK+IMBALANCE, count=1, reason=总量1.3G低于最小门槛1995.0G[0m
[32m2026-05-21 13:49:12[0m | [1mINFO    [0m | [1m主流程规则分桶跳过: bucket=ten_x:西湖大学张兵课题组10个样本3'单细胞转录组建库测序技术服务（委托）合同|S|10X转录组-3'文库|NA|TENX+MANUAL_RISK+IMBALANCE, count=1, reason=总量1.0G低于最小门槛1995.0G[0m
[32m2026-05-21 13:49:12[0m | [1mINFO    [0m | [1m主流程规则分桶跳过: bucket=manual_or_risk:中山大学XPLUS自建库测序分析技术服务（委托）合同|S|客户-HI-C文库|NA|MANUAL_RISK, count=1, reason=总量180.0G低于最小门槛2095.0G[0m
[32m2026-05-21 13:49:12[0m | [1mINFO    [0m | [1m主流程规则分桶跳过: bucket=manual_or_risk:NVUK2024091345-AT-GRAZ-MEDUNI-BALIC-PLASMA-CFDNA-WGS-30X-WOBI|S|人重测序文库-非常规|NA|MANUAL_RISK, count=3, reason=总量116.0G低于最小门槛2095.0G[0m
[32m2026-05-21 13:49:12[0m | [1mINFO    [0m | [1m主流程规则分桶跳过: bucket=manual_or_risk:墨桌血液单细胞转录组测序分析分析技术服务（委托）合同|S|墨卓转录组-3端文库|NA|MANUAL_RISK+IMBALANCE, count=2, reason=总量111.2G低于最小门槛1995.0G[0m
[32m2026-05-21 13:49:12[0m | [1mINFO    [0m | [1m主流程规则分桶跳过: bucket=manual_or_risk:西北农林科技大学12个转录组+12个全基因组甲基化测序分析技术服务（委托）合同|S|微量 (METHYLATION文库)|NA|MANUAL_RISK+IMBALANCE, count=1, reason=总量90.0G低于最小门槛2074.1G[0m
[32m2026-05-21 13:49:12[0m | [1mINFO    [0m | [1m主流程规则分桶跳过: bucket=manual_or_risk:（吉林） WGBS测序分析技术服务（委托）合同|S|微量 (METHYLATION文库)|NA|MANUAL_RISK+IMBALANCE, count=1, reason=总量90.0G低于最小门槛2074.1G[0m
[32m2026-05-21 13:49:12[0m | [1mINFO    [0m | [1m主流程规则分桶跳过: bucket=manual_or_risk:6000例客户自建库测序散样X技术服务（委托）合同-TWQ|S|客户-动植物全基因组重测序文库|NA|SCATTERED+MANUAL_RISK, count=15, reason=总量61.1G低于最小门槛2095.0G[0m
[32m2026-05-21 13:49:12[0m | [1mINFO    [0m | [1m主流程规则分桶跳过: bucket=manual_or_risk:MRNA制造成本突破创新专项|S|宏转录组|NA|MANUAL_RISK, count=8, reason=总量48.0G低于最小门槛2095.0G[0m
[32m2026-05-21 13:49:12[0m | [1mINFO    [0m | [1m主流程规则分桶跳过: bucket=manual_or_risk:中科院北京基因组研究所徐老师组自建库测序技术服务（委托）合同|S|客户-动植物全基因组重测序文库|NA|MANUAL_RISK, count=1, reason=总量40.0G低于最小门槛2095.0G[0m
[32m2026-05-21 13:49:12[0m | [1mINFO    [0m | [1m主流程规则分桶跳过: bucket=manual_or_risk:工生所自建库测序分析技术服务（委托）合同|S|客户-动植物全基因组重测序文库|NA|MANUAL_RISK, count=18, reason=总量36.0G低于最小门槛2095.0G[0m
[32m2026-05-21 13:49:12[0m | [1mINFO    [0m | [1m主流程规则分桶跳过: bucket=manual_or_risk:MRNA制造成本突破创新专项|S|LNC互作文库|NA|MANUAL_RISK, count=6, reason=总量36.0G低于最小门槛2095.0G[0m
[32m2026-05-21 13:49:12[0m | [1mINFO    [0m | [1m主流程规则分桶跳过: bucket=manual_or_risk:北京大学现代农业研究院4个水稻WGBS建库测序技术服务（委托）合同|S|微量 (METHYLATION文库)|NA|MANUAL_RISK+IMBALANCE, count=3, reason=总量36.0G低于最小门槛2074.1G[0m
[32m2026-05-21 13:49:12[0m | [1mINFO    [0m | [1m主流程规则分桶跳过: bucket=manual_or_risk:华农一批DNA甲基化建库测序分析技术服务（委托）合同|S|微量 (METHYLATION文库)|NA|MANUAL_RISK+IMBALANCE, count=2, reason=总量36.0G低于最小门槛2074.1G[0m
[32m2026-05-21 13:49:12[0m | [1mINFO    [0m | [1m主流程规则分桶跳过: bucket=manual_or_risk:养蜂所转录组+甲基化+DENOVO测序分析技术服务（委托）合同|S|微量 (METHYLATION文库)|NA|MANUAL_RISK+IMBALANCE, count=4, reason=总量32.0G低于最小门槛2074.1G[0m
[32m2026-05-21 13:49:12[0m | [1mINFO    [0m | [1m主流程规则分桶跳过: bucket=manual_or_risk:18个罗非鱼免疫组织甲基化分析技术服务（委托）合同|S|微量 (METHYLATION文库)|NA|MANUAL_RISK+IMBALANCE, count=1, reason=总量30.0G低于最小门槛2074.1G[0m
[32m2026-05-21 13:49:12[0m | [1mINFO    [0m | [1m主流程规则分桶跳过: bucket=manual_or_risk:MRNA制造成本突破创新专项|S|LNC非互作文库|NA|MANUAL_RISK, count=4, reason=总量24.0G低于最小门槛2095.0G[0m
[32m2026-05-21 13:49:12[0m | [1mINFO    [0m | [1m主流程规则分桶跳过: bucket=manual_or_risk:（极速周期）康龙化成WGS测序分析技术服务（委托）合同|S|客户-动植物全基因组重测序文库|NA|MANUAL_RISK, count=2, reason=总量20.0G低于最小门槛2095.0G[0m
[32m2026-05-21 13:49:12[0m | [1mINFO    [0m | [1m主流程规则分桶跳过: bucket=manual_or_risk:（极速周期）WJ北医三院自建库散样分析技术服务（委托）合同|S|客户-真核普通转录组文库|NA|SCATTERED+MANUAL_RISK, count=5, reason=总量15.0G低于最小门槛2095.0G[0m
[32m2026-05-21 13:49:12[0m | [1mINFO    [0m | [1m主流程规则分桶跳过: bucket=manual_or_risk:军事科学院军事医学研究院环境医学与作业医学研究所-12个WGBS+12个转录组分析技术服务（委托）合同|S|微量 (METHYLATION文库)|NA|MANUAL_RISK+IMBALANCE, count=3, reason=总量14.5G低于最小门槛2074.1G[0m
[32m2026-05-21 13:49:12[0m | [1mINFO    [0m | [1m主流程规则分桶跳过: bucket=manual_or_risk:华农田丹博士50个自建库测序分析技术服务（委托）合同|S|客户-动植物全基因组重测序文库|NA|MANUAL_RISK, count=1, reason=总量12.5G低于最小门槛2095.0G[0m
[32m2026-05-21 13:49:12[0m | [1mINFO    [0m | [1m主流程规则分桶跳过: bucket=manual_or_risk:MRNA制造成本突破创新专项|S|原核链特异性转录组文库|NA|MANUAL_RISK, count=5, reason=总量10.0G低于最小门槛2095.0G[0m
[32m2026-05-21 13:49:12[0m | [1mINFO    [0m | [1m主流程规则分桶跳过: bucket=manual_or_risk:2000个样本散样自建库新平台分析技术服务（委托）合同|S|客户-人重测序文库|NA|SCATTERED+MANUAL_RISK, count=1, reason=总量10.0G低于最小门槛2095.0G[0m
[32m2026-05-21 13:49:12[0m | [1mINFO    [0m | [1m主流程规则分桶跳过: bucket=manual_or_risk:康龙化成（北京）2024-2025年度建库测序分析技术服务（委托）合同|S|客户-动植物全基因组重测序文库|NA|MANUAL_RISK, count=1, reason=总量10.0G低于最小门槛2095.0G[0m
[32m2026-05-21 13:49:12[0m | [1mINFO    [0m | [1m主流程规则分桶跳过: bucket=manual_or_risk:山东大学自建库样本2000G测序技术服务（委托）合同-张传鑫|S|客户-动植物全基因组重测序文库|NA|MANUAL_RISK, count=1, reason=总量8.0G低于最小门槛2095.0G[0m
[32m2026-05-21 13:49:12[0m | [1mINFO    [0m | [1m主流程规则分桶跳过: bucket=manual_or_risk:MRNA制造成本突破创新专项|S|CIRCRNA|NA|MANUAL_RISK, count=1, reason=总量6.0G低于最小门槛2095.0G[0m
[32m2026-05-21 13:49:12[0m | [1mINFO    [0m | [1m主流程规则分桶跳过: bucket=manual_or_risk:水生所24个样本转录组测序分析和DNA甲基化测序分析技术服务（委托）合同|S|微量 (METHYLATION文库)|NA|MANUAL_RISK+IMBALANCE, count=1, reason=总量6.0G低于最小门槛2074.1G[0m
[32m2026-05-21 13:49:12[0m | [1mINFO    [0m | [1m主流程规则分桶跳过: bucket=manual_or_risk:浙江大学14个全基因组甲基化+转录组建库测序技术服务（委托）合同|S|微量 (METHYLATION文库)|NA|MANUAL_RISK+IMBALANCE, count=1, reason=总量6.0G低于最小门槛2074.1G[0m
[32m2026-05-21 13:49:12[0m | [1mINFO    [0m | [1m主流程规则分桶跳过: bucket=manual_or_risk:2025年WGS分析技术服务（委托）合同|S|DNA小片段文库|NA|MANUAL_RISK, count=1, reason=总量5.3G低于最小门槛2095.0G[0m
[32m2026-05-21 13:49:12[0m | [1mINFO    [0m | [1m主流程规则分桶跳过: bucket=manual_or_risk:武汉大学20T自建库测序技术服务（委托）合同|S|客户-其他碱基不均衡文库|NA|MANUAL_RISK+IMBALANCE, count=2, reason=总量3.8G低于最小门槛1676.0G[0m
[32m2026-05-21 13:49:12[0m | [1mINFO    [0m | [1m主流程规则分桶跳过: bucket=manual_or_risk:西南医院8例样本全基因组重测序分析技术服务（委托）合同|S|DNA小片段文库|NA|MANUAL_RISK, count=1, reason=总量3.5G低于最小门槛2095.0G[0m
[32m2026-05-21 13:49:12[0m | [1mINFO    [0m | [1m主流程规则分桶跳过: bucket=manual_or_risk:（极速周期）北生所300例文库测序技术服务（委托）合同|S|客户-CUT-TAG文库|NA|MANUAL_RISK+IMBALANCE, count=1, reason=总量3.0G低于最小门槛1676.0G[0m
[32m2026-05-21 13:49:12[0m | [1mINFO    [0m | [1m主流程规则分桶跳过: bucket=manual_or_risk:云舟生物2024年度自建库年度合作协议分析技术服务（委托）合同|S|客户-PCR产物|NA|MANUAL_RISK+IMBALANCE, count=1, reason=总量3.0G低于最小门槛1257.0G[0m
[32m2026-05-21 13:49:12[0m | [1mINFO    [0m | [1m主流程规则分桶跳过: bucket=general:[药企]-百济 转录组分析技术服务（委托）合同|Z|VIP-真核普通转录组文库|NA|NORMAL, count=10, reason=总量97.6G低于最小门槛2095.0G[0m
[32m2026-05-21 13:49:12[0m | [1mINFO    [0m | [1m主流程规则分桶跳过: bucket=general:海天酱油24年微生物建库测序分析技术服务（委托）合同|Z|DNA小片段文库|NA|NORMAL, count=10, reason=总量80.0G低于最小门槛2095.0G[0m
[32m2026-05-21 13:49:12[0m | [1mINFO    [0m | [1m主流程规则分桶跳过: bucket=general:浙大111个细菌二代重测序建库测序技术服务（委托）合同|Z|DNA小片段文库|NA|NORMAL, count=13, reason=总量78.0G低于最小门槛2095.0G[0m
[32m2026-05-21 13:49:12[0m | [1mINFO    [0m | [1m主流程规则分桶跳过: bucket=general:福建农林大学150个样本重测序+转录组建库测序技术服务（委托）合同|Z|VIP-真核普通转录组文库|NA|NORMAL, count=1, reason=总量60.0G低于最小门槛2095.0G[0m
[32m2026-05-21 13:49:12[0m | [1mINFO    [0m | [1m主流程规则分桶跳过: bucket=general:康龙化成（北京）2024-2025年度建库测序分析技术服务（委托）合同|Z|VIP-真核普通转录组文库|NA|NORMAL, count=14, reason=总量58.4G低于最小门槛2095.0G[0m
[32m2026-05-21 13:49:12[0m | [1mINFO    [0m | [1m主流程规则分桶跳过: bucket=general:300例转录组测序分析技术服务（委托）合同--LJC|Z|VIP-真核普通转录组文库|NA|NORMAL, count=3, reason=总量58.2G低于最小门槛2095.0G[0m
[32m2026-05-21 13:49:12[0m | [1mINFO    [0m | [1m主流程规则分桶跳过: bucket=general:【框架】基迪奥生物-2025年度二代建库测序年度协议分析技术服务（委托）合同|Z|DNA小片段文库|NA|NORMAL, count=9, reason=总量54.0G低于最小门槛2095.0G[0m
[32m2026-05-21 13:49:12[0m | [1mINFO    [0m | [1m主流程规则分桶跳过: bucket=general:3个重测序建库测序及21个分析+9个转录组建库测序及18个分析技术服务（委托）合同|Z|VIP-真核普通转录组文库|NA|NORMAL, count=2, reason=总量48.0G低于最小门槛2095.0G[0m
[32m2026-05-21 13:49:12[0m | [1mINFO    [0m | [1m主流程规则分桶跳过: bucket=general:山东大学第二医院100例医口转录组分析技术服务（委托）合同-田忠献|Z|VIP-真核普通转录组文库|NA|NORMAL, count=2, reason=总量48.0G低于最小门槛2095.0G[0m
[32m2026-05-21 13:49:12[0m | [1mINFO    [0m | [1m主流程规则分桶跳过: bucket=general:2024年海大生物样本DNA小片段建库测序技术服务（委托）合同-ZWP|Z|DNA小片段文库|NA|NORMAL, count=7, reason=总量42.0G低于最小门槛2095.0G[0m
[32m2026-05-21 13:49:12[0m | [1mINFO    [0m | [1m主流程规则分桶跳过: bucket=general:北京柯信医学检验实验室有限公司30例宏基因组分析技术服务（委托）合同|Z|DNA小片段文库|NA|NORMAL, count=7, reason=总量42.0G低于最小门槛2095.0G[0m
[32m2026-05-21 13:49:12[0m | [1mINFO    [0m | [1m主流程规则分桶跳过: bucket=general:石大28个组织样本转录组分析技术服务（委托）合同|Z|VIP-真核普通转录组文库|NA|NORMAL, count=2, reason=总量28.0G低于最小门槛2095.0G[0m
[32m2026-05-21 13:49:12[0m | [1mINFO    [0m | [1m主流程规则分桶跳过: bucket=general:264个样本XPLUS转录组建库测序技术服务（委托）合同-Y|Z|VIP-真核普通转录组文库|NA|NORMAL, count=1, reason=总量24.0G低于最小门槛2095.0G[0m
[32m2026-05-21 13:49:12[0m | [1mINFO    [0m | [1m主流程规则分桶跳过: bucket=general:河北大学50例家蚕转录组分析技术服务（委托）合同|Z|VIP-真核普通转录组文库|NA|NORMAL, count=1, reason=总量24.0G低于最小门槛2095.0G[0m
[32m2026-05-21 13:49:12[0m | [1mINFO    [0m | [1m主流程规则分桶跳过: bucket=general:湛江中心20个有参转录分析技术服务（委托）合同|Z|VIP-真核普通转录组文库|NA|NORMAL, count=1, reason=总量24.0G低于最小门槛2095.0G[0m
[32m2026-05-21 13:49:12[0m | [1mINFO    [0m | [1m主流程规则分桶跳过: bucket=general:纳米中心4个RRBS+转录组XPLUS分析技术服务（委托）合同|Z|VIP-真核普通转录组文库|NA|NORMAL, count=1, reason=总量24.0G低于最小门槛2095.0G[0m
[32m2026-05-21 13:49:12[0m | [1mINFO    [0m | [1m主流程规则分桶跳过: bucket=general:西北大学100个转录组建库测序分析服务分析技术服务（委托）合同|Z|VIP-真核普通转录组文库|NA|NORMAL, count=1, reason=总量24.0G低于最小门槛2095.0G[0m
[32m2026-05-21 13:49:12[0m | [1mINFO    [0m | [1m主流程规则分桶跳过: bucket=general:内蒙古农业大学单菌菌体二代建库测序质控技术服务（委托）合同|Z|DNA小片段文库|NA|NORMAL, count=18, reason=总量18.0G低于最小门槛2095.0G[0m
[32m2026-05-21 13:49:12[0m | [1mINFO    [0m | [1m主流程规则分桶跳过: bucket=general:崖州湾国家实验室15个水稻样本重测序技术服务（委托）合同|Z|DNA小片段文库|NA|NORMAL, count=2, reason=总量12.0G低于最小门槛2095.0G[0m
[32m2026-05-21 13:49:12[0m | [1mINFO    [0m | [1m主流程规则分桶跳过: bucket=general:贵州茅台多组学测序分析技术服务（委托）合同|Z|DNA小片段文库|NA|NORMAL, count=2, reason=总量12.0G低于最小门槛2095.0G[0m
[32m2026-05-21 13:49:12[0m | [1mINFO    [0m | [1m主流程规则分桶跳过: bucket=general:南昌大学第二附属医院3个细菌全基因组建库测序技术服务（委托）合同|Z|DNA小片段文库|NA|NORMAL, count=1, reason=总量6.0G低于最小门槛2095.0G[0m
[32m2026-05-21 13:49:12[0m | [1mINFO    [0m | [1m主流程规则分桶跳过: bucket=general:菌WGS细菌变异检测分析技术服务（委托）合同|Z|DNA小片段文库|NA|NORMAL, count=4, reason=总量4.0G低于最小门槛2095.0G[0m
[32m2026-05-21 13:49:12[0m | [1mINFO    [0m | [1m主流程规则分桶跳过: bucket=general:GRK_华西医院微生物全基因组建库测序分析技术服务（委托）合同|Z|DNA小片段文库|NA|NORMAL, count=1, reason=总量4.0G低于最小门槛2095.0G[0m
[32m2026-05-21 13:49:12[0m | [1mINFO    [0m | [1m主流程规则分桶预调度完成: 分桶=71，桶后尾货=238个/5247.1G[0m
[32m2026-05-21 13:49:12[0m | [1mINFO    [0m | [1m主流程尾货统一补排启动: count=238, data=5247.1G[0m
[32m2026-05-21 13:49:12[0m | [1mINFO    [0m | [1m开始逐Lane贪心排机 - 文库数: 238[0m
[32m2026-05-21 13:49:12[0m | [1mINFO    [0m | [1m预拆分完成: 使用外层已拆分文库[0m
[32m2026-05-21 13:49:12[0m | [1mINFO    [0m | [1m===== 批次全局分析报告 =====[0m
[32m2026-05-21 13:49:12[0m | [1mINFO    [0m | [1m机器类型: Nova X-25B[0m
[32m2026-05-21 13:49:12[0m | [1mINFO    [0m | [1m文库总数: 238[0m
[32m2026-05-21 13:49:12[0m | [1mINFO    [0m | [1m总数据量: 5247.1 GB[0m
[32m2026-05-21 13:49:12[0m | [1mINFO    [0m | [1m预估Lane数: 3~3[0m
[32m2026-05-21 13:49:12[0m | [1mINFO    [0m | [1m--- 特征标记 ---[0m
[32m2026-05-21 13:49:12[0m | [1mINFO    [0m | [1m  包Lane文库: 无[0m
[32m2026-05-21 13:49:12[0m | [1mINFO    [0m | [1m  碱基不均衡: 有[0m
[32m2026-05-21 13:49:12[0m | [1mINFO    [0m | [1m  客户文库:   无[0m
[32m2026-05-21 13:49:12[0m | [1mINFO    [0m | [1m  10bp文库:   有[0m
[32m2026-05-21 13:49:12[0m | [1mINFO    [0m | [1m  非10bp文库: 有[0m
[32m2026-05-21 13:49:12[0m | [1mINFO    [0m | [1m  特殊组合:   有[0m
[32m2026-05-21 13:49:12[0m | [1mINFO    [0m | [1m--- 分组画像 ---[0m
[32m2026-05-21 13:49:12[0m | [1mINFO    [0m | [1m  [imbalance] 碱基不均衡文库: 50个文库, 3735.5GB, 预估2~2条Lane[0m
[32m2026-05-21 13:49:12[0m | [1mINFO    [0m | [1m  [10bp] 10碱基文库: 182个文库, 4615.4GB, 预估3~3条Lane[0m
[32m2026-05-21 13:49:12[0m | [1mINFO    [0m | [1m  [special_combo_a] 10X 5端/VDJ组合: 16个文库, 3211.4GB, 预估2~2条Lane[0m
[32m2026-05-21 13:49:12[0m | [1mINFO    [0m | [1m  [all] 全部文库: 238个文库, 5247.1GB, 预估3~3条Lane[0m
[32m2026-05-21 13:49:12[0m | [1mINFO    [0m | [1m  [special_combo_b] 10X 3端/Visium组合: 12个文库, 171.8GB, 预估1~1条Lane[0m
[32m2026-05-21 13:49:12[0m | [1mINFO    [0m | [1m  [non_10bp] 非10碱基文库: 56个文库, 631.6GB, 预估1~1条Lane[0m
[32m2026-05-21 13:49:12[0m | [1mINFO    [0m | [1m--- 专用Lane推荐 ---[0m
[32m2026-05-21 13:49:12[0m | [1mINFO    [0m | [1m  [imbalance] 碱基不均衡文库数据量充足，可包专用Lane避免混排占比限制 - 约1条Lane, 3735.5GB, 置信度: high[0m
[32m2026-05-21 13:49:12[0m | [1mINFO    [0m | [1m  [special_combo_a] 10X 5端/VDJ文库可独占Lane（与3端互斥） - 约1条Lane, 3211.4GB, 置信度: high[0m
[32m2026-05-21 13:49:12[0m | [1mINFO    [0m | [1m--- 混排约束 ---[0m
[32m2026-05-21 13:49:12[0m | [1mINFO    [0m | [1m  [tj_1595_special_combo_groups_not_mixed] special_combo_a vs special_combo_b: 10X 5端/VDJ 与 10X 3端/Visium 文库不可混排，必须分开[0m
[32m2026-05-21 13:49:12[0m | [1mINFO    [0m | [1m  [imbalance_max_30pct] imbalance vs all: 碱基不均衡文库全局占比71.2%，超过30%上限，必须拆分为专用Lane[0m
[32m2026-05-21 13:49:12[0m | [1mINFO    [0m | [1m--- 尾部风险 ---[0m
[32m2026-05-21 13:49:12[0m | [1mINFO    [0m | [1m  [non_10bp] 非10碱基文库排完整Lane后剩余631.6GB，不足半Lane(1048GB)，需要大文库骨架携带或混入散样Lane - 631.6GB, 56个, 严重程度: medium[0m
[32m2026-05-21 13:49:12[0m | [1mINFO    [0m | [1m  [special_combo_b] 10X 3端/Visium组合排完整Lane后剩余171.8GB，不足半Lane(998GB)，需要大文库骨架携带或混入散样Lane - 171.8GB, 12个, 严重程度: high[0m
[32m2026-05-21 13:49:12[0m | [1mINFO    [0m | [1m--- 策略建议 ---[0m
[32m2026-05-21 13:49:12[0m | [1mINFO    [0m | [1m  - 碱基不均衡文库数据量充足，优先形成专用Lane[0m
[32m2026-05-21 13:49:12[0m | [1mINFO    [0m | [1m  - 特殊10X组合文库应分别走专用Lane（互斥规则）[0m
[32m2026-05-21 13:49:12[0m | [1mINFO    [0m | [1m  - 存在1个高风险尾部分组，建议启用骨架预留(大带小)[0m
[32m2026-05-21 13:49:12[0m | [1mINFO    [0m | [1m===== 报告结束 =====[0m
[32m2026-05-21 13:49:12[0m | [1mINFO    [0m | [1m保留外部传入的策略执行计划，仅使用批次分析报告[0m
[32m2026-05-21 13:49:12[0m | [1mINFO    [0m | [1m处理机器类型 Nova X-25B - 文库数: 102 - Lane容量: 1050.0GB, 利用率区间: [100%, 100%], 特殊文库上限: 350GB[0m
[32m2026-05-21 13:49:12[0m | [1mINFO    [0m | [1m碱基不均衡专用Lane策略: 40个碱基不均衡文库[0m
[32m2026-05-21 13:49:12[0m | [1mINFO    [0m | [1m专用Lane分组G5剩余合同量170.0G无法满足1.1或3.6T-NEW有效容量下限[0m
[32m2026-05-21 13:49:12[0m | [1mINFO    [0m | [1m专用Lane分组G34剩余合同量111.2G无法满足1.1或3.6T-NEW有效容量下限[0m
[32m2026-05-21 13:49:12[0m | [1mINFO    [0m | [1m专用Lane分组G35剩余合同量340.5G无法满足1.1或3.6T-NEW有效容量下限[0m
[32m2026-05-21 13:49:12[0m | [1mINFO    [0m | [1m专用Lane分组G4剩余合同量46.1G无法满足1.1或3.6T-NEW有效容量下限[0m
[32m2026-05-21 13:49:12[0m | [1mINFO    [0m | [1m形成0条专用Lane，剩余40个碱基不均衡文库[0m
[32m2026-05-21 13:49:12[0m | [1mINFO    [0m | [1m第二轮排机: 102 个未分配文库（随机顺序）[0m
[32m2026-05-21 13:49:12[0m | [1mINFO    [0m | [1m第三轮排机: 102 个未分配文库（小文库优先）[0m
[32m2026-05-21 13:49:12[0m | [1mINFO    [0m | [1m连续5轮无新Lane且未分配池不变，提前结束无效重试[0m
[32m2026-05-21 13:49:12[0m | [1mINFO    [0m | [1m专用Lane分组G5剩余合同量170.0G无法满足1.1或3.6T-NEW有效容量下限[0m
[32m2026-05-21 13:49:12[0m | [1mINFO    [0m | [1m专用Lane分组G34剩余合同量111.2G无法满足1.1或3.6T-NEW有效容量下限[0m
[32m2026-05-21 13:49:12[0m | [1mINFO    [0m | [1m专用Lane分组G35剩余合同量340.5G无法满足1.1或3.6T-NEW有效容量下限[0m
[32m2026-05-21 13:49:12[0m | [1mINFO    [0m | [1m专用Lane分组G4剩余合同量46.1G无法满足1.1或3.6T-NEW有效容量下限[0m
[32m2026-05-21 13:49:12[0m | [1mINFO    [0m | [1m专用Lane创建完成: 0条Lane, 40个碱基不均衡文库待分配, 62个中性文库待分配[0m
[32m2026-05-21 13:49:12[0m | [1mINFO    [0m | [1m处理机器类型 NovaSeq X Plus - 文库数: 136 - Lane容量: 1100GB, 利用率区间: [100%, 100%], 特殊文库上限: 350GB[0m
[32m2026-05-21 13:49:12[0m | [1mINFO    [0m | [1m碱基不均衡专用Lane策略: 10个碱基不均衡文库[0m
[32m2026-05-21 13:49:12[0m | [1mINFO    [0m | [1m专用Lane分组G26剩余合同量3.0G无法满足1.1或3.6T-NEW有效容量下限[0m
[32m2026-05-21 13:49:12[0m | [1mINFO    [0m | [1m专用Lane分组G33剩余合同量3.8G无法满足1.1或3.6T-NEW有效容量下限[0m
[32m2026-05-21 13:49:12[0m | [1mINFO    [0m | [1m专用Lane分组G29剩余合同量3.0G无法满足1.1或3.6T-NEW有效容量下限[0m
[32m2026-05-21 13:49:12[0m | [1mINFO    [0m | [1m专用Lane分组G31剩余合同量2.0G无法满足1.1或3.6T-NEW有效容量下限[0m
[32m2026-05-21 13:49:12[0m | [1mINFO    [0m | [1m专用Lane分组G6剩余合同量70.0G无法满足1.1或3.6T-NEW有效容量下限[0m
[32m2026-05-21 13:49:12[0m | [1mINFO    [0m | [1m专用Lane分组G7剩余合同量20.0G无法满足1.1或3.6T-NEW有效容量下限[0m
[32m2026-05-21 13:49:12[0m | [1mINFO    [0m | [1m形成0条专用Lane，剩余10个碱基不均衡文库[0m
[32m2026-05-21 13:49:13[0m | [1mINFO    [0m | [1m剩余池总量954.4GB不足最小成Lane门槛2095.0GB，跳过后续随机重试[0m
[32m2026-05-21 13:49:13[0m | [1mINFO    [0m | [1m专用Lane分组G26剩余合同量3.0G无法满足1.1或3.6T-NEW有效容量下限[0m
[32m2026-05-21 13:49:13[0m | [1mINFO    [0m | [1m专用Lane分组G33剩余合同量3.8G无法满足1.1或3.6T-NEW有效容量下限[0m
[32m2026-05-21 13:49:13[0m | [1mINFO    [0m | [1m专用Lane分组G29剩余合同量3.0G无法满足1.1或3.6T-NEW有效容量下限[0m
[32m2026-05-21 13:49:13[0m | [1mINFO    [0m | [1m专用Lane分组G31剩余合同量2.0G无法满足1.1或3.6T-NEW有效容量下限[0m
[32m2026-05-21 13:49:13[0m | [1mINFO    [0m | [1m专用Lane分组G6剩余合同量70.0G无法满足1.1或3.6T-NEW有效容量下限[0m
[32m2026-05-21 13:49:13[0m | [1mINFO    [0m | [1m专用Lane分组G7剩余合同量20.0G无法满足1.1或3.6T-NEW有效容量下限[0m
[32m2026-05-21 13:49:13[0m | [1mINFO    [0m | [1m专用Lane创建完成: 0条Lane, 10个碱基不均衡文库待分配, 126个中性文库待分配[0m
[32m2026-05-21 13:49:13[0m | [1mINFO    [0m | [1m逐Lane贪心排机完成 - Lane数: 0, 已分配: 0/238, 未分配: 238, 平均利用率: 0.0%, 耗时: 0.44秒[0m
[32m2026-05-21 13:49:13[0m | [1mINFO    [0m | [1mIndex校验器初始化完成（真实数据验证版本）[0m
[32m2026-05-21 13:49:13[0m | [1mINFO    [0m | [1m成Lane校验程序初始化完成 (严格模式: False, 碱基不均衡上限: 35%, 特殊文库关键词: 9个)[0m
[32m2026-05-21 13:49:13[0m | [1mINFO    [0m | [1m最终验证结果: 0条Lane通过，238个文库未分配[0m
[32m2026-05-21 13:49:13[0m | [1mINFO    [0m | [1mwkspecialsplits边排边检查完成: 无需调整[0m
[32m2026-05-21 13:49:13[0m | [1mINFO    [0m | [1m验证完成：0条Lane通过验证[0m
[32m2026-05-21 13:49:13[0m | [1mINFO    [0m | [1m57规则二次改排救援已关闭，失败Lane文库回收到未分配池[0m
[32m2026-05-21 13:49:13[0m | [1mINFO    [0m | [1m高成本救援(EX/RB)跳过: 当前0条Lane通过验证，未分配池=238个/5247.1G，继续做高成本救援收益过低[0m
[32m2026-05-21 13:49:13[0m | [1mINFO    [0m | [1m分层重组救援跳过: 当前0条Lane通过验证，未分配池=238个/5247.1G，跳过[0m
[32m2026-05-21 13:49:13[0m | [1mINFO    [0m | [1m剩余库分层重组搜索未新增Lane: 跳过拆分文库=0, 剩余未分配=238[0m
[32m2026-05-21 13:49:13[0m | [1mINFO    [0m | [1m脚本内置 Pooling 预测已停用，后续统一调用 prediction_delivery[0m
[32m2026-05-21 13:49:13[0m | [1mINFO    [0m | [1mIndex校验器初始化完成（真实数据验证版本）[0m
[32m2026-05-21 13:49:13[0m | [1mINFO    [0m | [1m成Lane校验程序初始化完成 (严格模式: True, 碱基不均衡上限: 35%, 特殊文库关键词: 9个)[0m
[32m2026-05-21 13:49:13[0m | [1mINFO    [0m | [1m1.1首轮二次补排完成: 新增Lane=0, 剩余文库=238[0m
[32m2026-05-21 13:49:13[0m | [1mINFO    [0m | [1m步骤1.5-3候选池接收1.1剩余文库238个，继续进入3.6T-NEW[0m
[32m2026-05-21 13:49:13[0m | [1mINFO    [0m | [1m1.1首轮排机完成: 生成4条Lane[0m
[32m2026-05-21 13:49:13[0m | [1mINFO    [0m | [1m1.1首轮排机阶段完成: 3.6T-NEW后续候选池=238个文库, 1.1 Lane=4条[0m
[32m2026-05-21 13:49:13[0m | [1mINFO    [0m | [1mIndex校验器初始化完成（真实数据验证版本）[0m
[32m2026-05-21 13:49:13[0m | [1mINFO    [0m | [1m成Lane校验程序初始化完成 (严格模式: True, 碱基不均衡上限: 35%, 特殊文库关键词: 9个)[0m
[32m2026-05-21 13:49:13[0m | [1mINFO    [0m | [1m补Lane尝试: variant=full_priority, lane_prefix=GL, pool_size=9, pool_data=3230.000G, prioritize_scattered_mix=True[0m
[32m2026-05-21 13:49:13[0m | [1mINFO    [0m | [1m补Lane尝试: variant=non_clinical_relaxed, lane_prefix=GL, pool_size=9, pool_data=3230.000G, prioritize_scattered_mix=False[0m
[32m2026-05-21 13:49:13[0m | [1mINFO    [0m | [1m补Lane跳过汇总: lane_prefix=GL, machine=Nova X-25B, reason_top=[总量1350.0G低于最小门槛1995.0Gx2, 总量200.0G低于最小门槛1995.0Gx1, 总量150.0G低于最小门槛1995.0Gx1, 总量180.0G低于最小门槛2095.0Gx1][0m
[32m2026-05-21 13:49:13[0m | [1mINFO    [0m | [1m
================================================================================[0m
[32m2026-05-21 13:49:13[0m | [1mINFO    [0m | [1m步骤1.6: 尾货1.1专Lane与普通Lane二次抽取[0m
[32m2026-05-21 13:49:13[0m | [1mINFO    [0m | [1m================================================================================[0m
[32m2026-05-21 13:49:13[0m | [1mINFO    [0m | [1mIndex校验器初始化完成（真实数据验证版本）[0m
[32m2026-05-21 13:49:13[0m | [1mINFO    [0m | [1mIndex校验器初始化完成（真实数据验证版本）[0m
[32m2026-05-21 13:49:13[0m | [1mINFO    [0m | [1m成Lane校验程序初始化完成 (严格模式: True, 碱基不均衡上限: 35%, 特殊文库关键词: 9个)[0m
[32m2026-05-21 13:49:13[0m | [33m[1mWARNING [0m | [33m[1mPooling配置表不存在: /data/work/yuyongpeng/liblane_v2_deepseek/data/wktype_pooling_config.xlsx，将使用默认策略[0m
[32m2026-05-21 13:49:13[0m | [1mINFO    [0m | [1m产出效率修正表不存在: /data/work/yuyongpeng/liblane_v2_deepseek/data/production_efficiency_correction.csv，跳过后校准[0m
[32m2026-05-21 13:49:13[0m | [33m[1mWARNING [0m | [33m[1m模型文件不存在: models/loutput_pre_lane_v5/lightgbm_model.pkl[0m
[32m2026-05-21 13:49:13[0m | [33m[1mWARNING [0m | [33m[1mloutput预测器不可用，将使用规则降级策略[0m
[32m2026-05-21 13:49:13[0m | [1mINFO    [0m | [1m逐Lane贪心排机器初始化完成 - 基础容量: 985.0GB, 利用率区间: [100%, 100%], 配置模式: 按机型自动[0m
[32m2026-05-21 13:49:13[0m | [1mINFO    [0m | [1m启用检查: Index=True, 碱基不均衡=True, 规则检查器=False[0m
[32m2026-05-21 13:49:13[0m | [1mINFO    [0m | [1m专用Lane分组G26剩余合同量3.0G无法满足1.1或3.6T-NEW有效容量下限[0m
[32m2026-05-21 13:49:13[0m | [1mINFO    [0m | [1m专用Lane分组G33剩余合同量3.8G无法满足1.1或3.6T-NEW有效容量下限[0m
[32m2026-05-21 13:49:13[0m | [1mINFO    [0m | [1m专用Lane分组G29剩余合同量3.0G无法满足1.1或3.6T-NEW有效容量下限[0m
[32m2026-05-21 13:49:13[0m | [1mINFO    [0m | [1m专用Lane分组G31剩余合同量2.0G无法满足1.1或3.6T-NEW有效容量下限[0m
[32m2026-05-21 13:49:13[0m | [1mINFO    [0m | [1m专用Lane分组G5剩余合同量170.0G无法满足1.1或3.6T-NEW有效容量下限[0m
[32m2026-05-21 13:49:13[0m | [1mINFO    [0m | [1m专用Lane分组G34剩余合同量111.2G无法满足1.1或3.6T-NEW有效容量下限[0m
[32m2026-05-21 13:49:13[0m | [1mINFO    [0m | [1m专用Lane分组G35剩余合同量340.5G无法满足1.1或3.6T-NEW有效容量下限[0m
[32m2026-05-21 13:49:13[0m | [1mINFO    [0m | [1m专用Lane分组G4剩余合同量46.1G无法满足1.1或3.6T-NEW有效容量下限[0m
[32m2026-05-21 13:49:13[0m | [1mINFO    [0m | [1m专用Lane分组G6剩余合同量70.0G无法满足1.1或3.6T-NEW有效容量下限[0m
[32m2026-05-21 13:49:13[0m | [1mINFO    [0m | [1m专用Lane分组G7剩余合同量20.0G无法满足1.1或3.6T-NEW有效容量下限[0m
[32m2026-05-21 13:49:13[0m | [1mINFO    [0m | [1m尾货1.1碱基不均衡专Lane二次抽取未形成新Lane[0m
[32m2026-05-21 13:49:13[0m | [1mINFO    [0m | [1mIndex校验器初始化完成（真实数据验证版本）[0m
[32m2026-05-21 13:49:13[0m | [1mINFO    [0m | [1m成Lane校验程序初始化完成 (严格模式: True, 碱基不均衡上限: 35%, 特殊文库关键词: 9个)[0m
[32m2026-05-21 13:49:13[0m | [1mINFO    [0m | [1m补Lane跳过汇总: lane_prefix=GL, machine=Nova X-25B, reason_top=[总量24.0G低于最小门槛2095.0Gx6, 总量48.0G低于最小门槛2095.0Gx3, 总量10.0G低于最小门槛2095.0Gx3, 总量1350.0G低于最小门槛1995.0Gx2][0m
[32m2026-05-21 13:50:28[0m | [1mINFO    [0m | [1m尾货1.1普通Lane二次抽取未形成新Lane，剩余进入普通3.6T排机文库=238[0m
[32m2026-05-21 13:50:28[0m | [1mINFO    [0m | [1m
================================================================================[0m
[32m2026-05-21 13:50:28[0m | [1mINFO    [0m | [1m步骤2: 处理普通文库（使用GreedyLaneScheduler）[0m
[32m2026-05-21 13:50:28[0m | [1mINFO    [0m | [1m================================================================================[0m
[32m2026-05-21 13:50:28[0m | [1mINFO    [0m | [1mIndex校验器初始化完成（真实数据验证版本）[0m
[32m2026-05-21 13:50:28[0m | [1mINFO    [0m | [1m成Lane校验程序初始化完成 (严格模式: True, 碱基不均衡上限: 35%, 特殊文库关键词: 9个)[0m
[32m2026-05-21 13:50:28[0m | [1mINFO    [0m | [1m步骤2前置拆分家族构建未构建出完整拆分Lane[0m
[32m2026-05-21 13:50:28[0m | [1mINFO    [0m | [1m排机超时保护已启动，最大允许时间: 10 分钟[0m
[32m2026-05-21 13:50:28[0m | [1mINFO    [0m | [1m
================================================================================[0m
[32m2026-05-21 13:50:28[0m | [1mINFO    [0m | [1m排机流程：纯规则排机[0m
[32m2026-05-21 13:50:28[0m | [1mINFO    [0m | [1m================================================================================[0m
[32m2026-05-21 13:50:28[0m | [1mINFO    [0m | [1mIndex校验器初始化完成（真实数据验证版本）[0m
[32m2026-05-21 13:50:28[0m | [1mINFO    [0m | [1mIndex校验器初始化完成（真实数据验证版本）[0m
[32m2026-05-21 13:50:28[0m | [1mINFO    [0m | [1m成Lane校验程序初始化完成 (严格模式: True, 碱基不均衡上限: 35%, 特殊文库关键词: 9个)[0m
[32m2026-05-21 13:50:28[0m | [33m[1mWARNING [0m | [33m[1mPooling配置表不存在: /data/work/yuyongpeng/liblane_v2_deepseek/data/wktype_pooling_config.xlsx，将使用默认策略[0m
[32m2026-05-21 13:50:28[0m | [1mINFO    [0m | [1m产出效率修正表不存在: /data/work/yuyongpeng/liblane_v2_deepseek/data/production_efficiency_correction.csv，跳过后校准[0m
[32m2026-05-21 13:50:28[0m | [33m[1mWARNING [0m | [33m[1m模型文件不存在: models/loutput_pre_lane_v5/lightgbm_model.pkl[0m
[32m2026-05-21 13:50:28[0m | [33m[1mWARNING [0m | [33m[1mloutput预测器不可用，将使用规则降级策略[0m
[32m2026-05-21 13:50:28[0m | [1mINFO    [0m | [1m逐Lane贪心排机器初始化完成 - 基础容量: 985.0GB, 利用率区间: [100%, 100%], 配置模式: 按机型自动[0m
[32m2026-05-21 13:50:28[0m | [1mINFO    [0m | [1m启用检查: Index=True, 碱基不均衡=True, 规则检查器=False[0m
[32m2026-05-21 13:50:28[0m | [1mINFO    [0m | [1m排机阶段：Pooling优化器已禁用（V6流程不需要）[0m
[32m2026-05-21 13:50:28[0m | [1mINFO    [0m | [1mIndex校验器初始化完成（真实数据验证版本）[0m
[32m2026-05-21 13:50:28[0m | [1mINFO    [0m | [1m成Lane校验程序初始化完成 (严格模式: True, 碱基不均衡上限: 35%, 特殊文库关键词: 9个)[0m
[32m2026-05-21 13:50:28[0m | [1mINFO    [0m | [1m严格校验容量区间改为按统一配置表动态解析[0m
[32m2026-05-21 13:50:28[0m | [1mINFO    [0m | [1m主流程前置拆分完成: 无需拆分[0m
[32m2026-05-21 13:50:28[0m | [1mINFO    [0m | [1m混排Peak窗口: 356-503bp, 218个文库/4930G, 理论最多2条Lane[0m
[32m2026-05-21 13:50:29[0m | [1mINFO    [0m | [1m混排Lane预抽取完成: 新增Lane=0，使用文库=0个/0.0G，剩余待排=238个/5247.1G[0m
[32m2026-05-21 13:50:29[0m | [1mINFO    [0m | [1m主流程规则分桶跳过: bucket=special_combo_a:M-HKUST-PROF.NANCY IP-WENDY ZHENG-8PRELIB-SNRNA-200G-X PLUS-1T HDD-WOBI-AMEA2025041022|S|客户-10X 5 单细胞转录组文库|10X_CELLRANGER|TENX+MANUAL_RISK+IMBALANCE, count=1, reason=总量200.0G低于最小门槛1995.0G[0m
[32m2026-05-21 13:50:29[0m | [1mINFO    [0m | [1m主流程规则分桶跳过: bucket=ten_x:仁济董晨组3个SC RNA自建库包LANE测序-NOVA6000技术服务（委托）合同|S|客户-10X 5 单细胞转录组文库|NA|TENX+MANUAL_RISK+IMBALANCE, count=3, reason=总量1350.0G低于最小门槛1995.0G[0m
[32m2026-05-21 13:50:29[0m | [1mINFO    [0m | [1m主流程规则分桶跳过: bucket=ten_x:仁济董晨组SC ATAC和SC RNA自建库散样OR包LANE测序X技术服务（委托）合同|S|客户-10X 5 单细胞转录组文库|NA|TENX+SCATTERED+MANUAL_RISK+IMBALANCE, count=3, reason=总量1350.0G低于最小门槛1995.0G[0m
[32m2026-05-21 13:50:29[0m | [1mINFO    [0m | [1m主流程规则分桶跳过: bucket=ten_x:山东省立医院60例单细胞+TCR+BCR分析技术服务（委托）合同-商亮|S|10X转录组-5'文库|NA|TENX+MANUAL_RISK+IMBALANCE, count=3, reason=总量170.0G低于最小门槛1995.0G[0m
[32m2026-05-21 13:50:29[0m | [1mINFO    [0m | [1m主流程规则分桶跳过: bucket=ten_x:仁济董晨组SC RNA自建库测序X技术服务（委托）合同|S|客户-10X 5 单细胞转录组文库|NA|TENX+MANUAL_RISK+IMBALANCE, count=1, reason=总量51.4G低于最小门槛1995.0G[0m
[32m2026-05-21 13:50:29[0m | [1mINFO    [0m | [1m主流程规则分桶跳过: bucket=ten_x:重庆国际免疫研究院 8例10X单细胞转录组测序分析技术服务（委托）合同|S|10X转录组V(D)J-BCR文库|NA|TENX+MANUAL_RISK+IMBALANCE, count=2, reason=总量40.0G低于最小门槛1995.0G[0m
[32m2026-05-21 13:50:29[0m | [1mINFO    [0m | [1m主流程规则分桶跳过: bucket=ten_x:四川大学10X GENOMICS 3'端单细胞转录组抽核/流式建库测序技术服务（委托）合同|S|10X转录组-3'文库|NA|TENX+MANUAL_RISK+IMBALANCE, count=1, reason=总量30.0G低于最小门槛1995.0G[0m
[32m2026-05-21 13:50:29[0m | [1mINFO    [0m | [1m主流程规则分桶跳过: bucket=ten_x:天津市肿瘤医院30例5'+TCR+BCR单细胞测序分析技术服务（委托）合同-刘超|S|10X转录组V(D)J-BCR文库|NA|TENX+MANUAL_RISK+IMBALANCE, count=1, reason=总量20.0G低于最小门槛1995.0G[0m
[32m2026-05-21 13:50:29[0m | [1mINFO    [0m | [1m主流程规则分桶跳过: bucket=ten_x:天津市肿瘤医院30例5'+TCR+BCR单细胞测序分析技术服务（委托）合同-刘超|S|10X转录组V(D)J-TCR文库|NA|TENX+MANUAL_RISK+IMBALANCE, count=1, reason=总量20.0G低于最小门槛1995.0G[0m
[32m2026-05-21 13:50:29[0m | [1mINFO    [0m | [1m主流程规则分桶跳过: bucket=ten_x:精准医学25年自建库PE150测序技术服务（委托）合同|S|客户-10X 3 单细胞转录组文库|NA|TENX+MANUAL_RISK+IMBALANCE, count=1, reason=总量14.5G低于最小门槛1995.0G[0m
[32m2026-05-21 13:50:29[0m | [1mINFO    [0m | [1m主流程规则分桶跳过: bucket=ten_x:宣武医院夏江威200例单细胞检测分析分析技术服务（委托）合同|S|10X转录组V(D)J-BCR文库|NA|TENX+MANUAL_RISK+IMBALANCE, count=1, reason=总量10.0G低于最小门槛1995.0G[0m
[32m2026-05-21 13:50:29[0m | [1mINFO    [0m | [1m主流程规则分桶跳过: bucket=ten_x:浙江大学国际健康医学研究院肿瘤完整基因组图谱计划一期（第一批）分析技术服务（委托）合同|S|10X转录组-3'文库|NA|TENX+MANUAL_RISK+IMBALANCE, count=1, reason=总量8.7G低于最小门槛1995.0G[0m
[32m2026-05-21 13:50:29[0m | [1mINFO    [0m | [1m主流程规则分桶跳过: bucket=ten_x:30例3端单细胞转录组测序分析技术服务（委托）合同-CZT|S|10X转录组-3'文库|NA|TENX+MANUAL_RISK+IMBALANCE, count=3, reason=总量3.0G低于最小门槛1995.0G[0m
[32m2026-05-21 13:50:29[0m | [1mINFO    [0m | [1m主流程规则分桶跳过: bucket=ten_x:交大师咏勇组宋炜宸老师6例10X3撇单细胞矩阵分析技术服务（委托）合同|S|10X转录组-3'文库|NA|TENX+MANUAL_RISK+IMBALANCE, count=2, reason=总量2.2G低于最小门槛1995.0G[0m
[32m2026-05-21 13:50:29[0m | [1mINFO    [0m | [1m主流程规则分桶跳过: bucket=ten_x:（极速周期）遗传所2个自建库测序(X)技术服务（委托）合同|S|客户-单细胞文库|NA|TENX+MANUAL_RISK+IMBALANCE, count=1, reason=总量2.0G低于最小门槛1843.6G[0m
[32m2026-05-21 13:50:29[0m | [1mINFO    [0m | [1m主流程规则分桶跳过: bucket=ten_x:4例单细胞技术服务合同分析技术服务（委托）合同|S|10X转录组-3'文库|NA|TENX+MANUAL_RISK+IMBALANCE, count=1, reason=总量1.3G低于最小门槛1995.0G[0m
[32m2026-05-21 13:50:29[0m | [1mINFO    [0m | [1m主流程规则分桶跳过: bucket=ten_x:西湖大学张兵课题组10个样本3'单细胞转录组建库测序技术服务（委托）合同|S|10X转录组-3'文库|NA|TENX+MANUAL_RISK+IMBALANCE, count=1, reason=总量1.0G低于最小门槛1995.0G[0m
[32m2026-05-21 13:50:29[0m | [1mINFO    [0m | [1m主流程规则分桶跳过: bucket=manual_or_risk:中山大学XPLUS自建库测序分析技术服务（委托）合同|S|客户-HI-C文库|NA|MANUAL_RISK, count=1, reason=总量180.0G低于最小门槛2095.0G[0m
[32m2026-05-21 13:50:29[0m | [1mINFO    [0m | [1m主流程规则分桶跳过: bucket=manual_or_risk:NVUK2024091345-AT-GRAZ-MEDUNI-BALIC-PLASMA-CFDNA-WGS-30X-WOBI|S|人重测序文库-非常规|NA|MANUAL_RISK, count=3, reason=总量116.0G低于最小门槛2095.0G[0m
[32m2026-05-21 13:50:29[0m | [1mINFO    [0m | [1m主流程规则分桶跳过: bucket=manual_or_risk:墨桌血液单细胞转录组测序分析分析技术服务（委托）合同|S|墨卓转录组-3端文库|NA|MANUAL_RISK+IMBALANCE, count=2, reason=总量111.2G低于最小门槛1995.0G[0m
[32m2026-05-21 13:50:29[0m | [1mINFO    [0m | [1m主流程规则分桶跳过: bucket=manual_or_risk:西北农林科技大学12个转录组+12个全基因组甲基化测序分析技术服务（委托）合同|S|微量 (METHYLATION文库)|NA|MANUAL_RISK+IMBALANCE, count=1, reason=总量90.0G低于最小门槛2074.1G[0m
[32m2026-05-21 13:50:29[0m | [1mINFO    [0m | [1m主流程规则分桶跳过: bucket=manual_or_risk:（吉林） WGBS测序分析技术服务（委托）合同|S|微量 (METHYLATION文库)|NA|MANUAL_RISK+IMBALANCE, count=1, reason=总量90.0G低于最小门槛2074.1G[0m
[32m2026-05-21 13:50:29[0m | [1mINFO    [0m | [1m主流程规则分桶跳过: bucket=manual_or_risk:6000例客户自建库测序散样X技术服务（委托）合同-TWQ|S|客户-动植物全基因组重测序文库|NA|SCATTERED+MANUAL_RISK, count=15, reason=总量61.1G低于最小门槛2095.0G[0m
[32m2026-05-21 13:50:29[0m | [1mINFO    [0m | [1m主流程规则分桶跳过: bucket=manual_or_risk:MRNA制造成本突破创新专项|S|宏转录组|NA|MANUAL_RISK, count=8, reason=总量48.0G低于最小门槛2095.0G[0m
[32m2026-05-21 13:50:29[0m | [1mINFO    [0m | [1m主流程规则分桶跳过: bucket=manual_or_risk:中科院北京基因组研究所徐老师组自建库测序技术服务（委托）合同|S|客户-动植物全基因组重测序文库|NA|MANUAL_RISK, count=1, reason=总量40.0G低于最小门槛2095.0G[0m
[32m2026-05-21 13:50:29[0m | [1mINFO    [0m | [1m主流程规则分桶跳过: bucket=manual_or_risk:工生所自建库测序分析技术服务（委托）合同|S|客户-动植物全基因组重测序文库|NA|MANUAL_RISK, count=18, reason=总量36.0G低于最小门槛2095.0G[0m
[32m2026-05-21 13:50:29[0m | [1mINFO    [0m | [1m主流程规则分桶跳过: bucket=manual_or_risk:MRNA制造成本突破创新专项|S|LNC互作文库|NA|MANUAL_RISK, count=6, reason=总量36.0G低于最小门槛2095.0G[0m
[32m2026-05-21 13:50:29[0m | [1mINFO    [0m | [1m主流程规则分桶跳过: bucket=manual_or_risk:北京大学现代农业研究院4个水稻WGBS建库测序技术服务（委托）合同|S|微量 (METHYLATION文库)|NA|MANUAL_RISK+IMBALANCE, count=3, reason=总量36.0G低于最小门槛2074.1G[0m
[32m2026-05-21 13:50:29[0m | [1mINFO    [0m | [1m主流程规则分桶跳过: bucket=manual_or_risk:华农一批DNA甲基化建库测序分析技术服务（委托）合同|S|微量 (METHYLATION文库)|NA|MANUAL_RISK+IMBALANCE, count=2, reason=总量36.0G低于最小门槛2074.1G[0m
[32m2026-05-21 13:50:29[0m | [1mINFO    [0m | [1m主流程规则分桶跳过: bucket=manual_or_risk:养蜂所转录组+甲基化+DENOVO测序分析技术服务（委托）合同|S|微量 (METHYLATION文库)|NA|MANUAL_RISK+IMBALANCE, count=4, reason=总量32.0G低于最小门槛2074.1G[0m
[32m2026-05-21 13:50:29[0m | [1mINFO    [0m | [1m主流程规则分桶跳过: bucket=manual_or_risk:18个罗非鱼免疫组织甲基化分析技术服务（委托）合同|S|微量 (METHYLATION文库)|NA|MANUAL_RISK+IMBALANCE, count=1, reason=总量30.0G低于最小门槛2074.1G[0m
[32m2026-05-21 13:50:29[0m | [1mINFO    [0m | [1m主流程规则分桶跳过: bucket=manual_or_risk:MRNA制造成本突破创新专项|S|LNC非互作文库|NA|MANUAL_RISK, count=4, reason=总量24.0G低于最小门槛2095.0G[0m
[32m2026-05-21 13:50:29[0m | [1mINFO    [0m | [1m主流程规则分桶跳过: bucket=manual_or_risk:（极速周期）康龙化成WGS测序分析技术服务（委托）合同|S|客户-动植物全基因组重测序文库|NA|MANUAL_RISK, count=2, reason=总量20.0G低于最小门槛2095.0G[0m
[32m2026-05-21 13:50:29[0m | [1mINFO    [0m | [1m主流程规则分桶跳过: bucket=manual_or_risk:（极速周期）WJ北医三院自建库散样分析技术服务（委托）合同|S|客户-真核普通转录组文库|NA|SCATTERED+MANUAL_RISK, count=5, reason=总量15.0G低于最小门槛2095.0G[0m
[32m2026-05-21 13:50:29[0m | [1mINFO    [0m | [1m主流程规则分桶跳过: bucket=manual_or_risk:军事科学院军事医学研究院环境医学与作业医学研究所-12个WGBS+12个转录组分析技术服务（委托）合同|S|微量 (METHYLATION文库)|NA|MANUAL_RISK+IMBALANCE, count=3, reason=总量14.5G低于最小门槛2074.1G[0m
[32m2026-05-21 13:50:29[0m | [1mINFO    [0m | [1m主流程规则分桶跳过: bucket=manual_or_risk:华农田丹博士50个自建库测序分析技术服务（委托）合同|S|客户-动植物全基因组重测序文库|NA|MANUAL_RISK, count=1, reason=总量12.5G低于最小门槛2095.0G[0m
[32m2026-05-21 13:50:29[0m | [1mINFO    [0m | [1m主流程规则分桶跳过: bucket=manual_or_risk:MRNA制造成本突破创新专项|S|原核链特异性转录组文库|NA|MANUAL_RISK, count=5, reason=总量10.0G低于最小门槛2095.0G[0m
[32m2026-05-21 13:50:29[0m | [1mINFO    [0m | [1m主流程规则分桶跳过: bucket=manual_or_risk:2000个样本散样自建库新平台分析技术服务（委托）合同|S|客户-人重测序文库|NA|SCATTERED+MANUAL_RISK, count=1, reason=总量10.0G低于最小门槛2095.0G[0m
[32m2026-05-21 13:50:29[0m | [1mINFO    [0m | [1m主流程规则分桶跳过: bucket=manual_or_risk:康龙化成（北京）2024-2025年度建库测序分析技术服务（委托）合同|S|客户-动植物全基因组重测序文库|NA|MANUAL_RISK, count=1, reason=总量10.0G低于最小门槛2095.0G[0m
[32m2026-05-21 13:50:29[0m | [1mINFO    [0m | [1m主流程规则分桶跳过: bucket=manual_or_risk:山东大学自建库样本2000G测序技术服务（委托）合同-张传鑫|S|客户-动植物全基因组重测序文库|NA|MANUAL_RISK, count=1, reason=总量8.0G低于最小门槛2095.0G[0m
[32m2026-05-21 13:50:29[0m | [1mINFO    [0m | [1m主流程规则分桶跳过: bucket=manual_or_risk:MRNA制造成本突破创新专项|S|CIRCRNA|NA|MANUAL_RISK, count=1, reason=总量6.0G低于最小门槛2095.0G[0m
[32m2026-05-21 13:50:29[0m | [1mINFO    [0m | [1m主流程规则分桶跳过: bucket=manual_or_risk:水生所24个样本转录组测序分析和DNA甲基化测序分析技术服务（委托）合同|S|微量 (METHYLATION文库)|NA|MANUAL_RISK+IMBALANCE, count=1, reason=总量6.0G低于最小门槛2074.1G[0m
[32m2026-05-21 13:50:29[0m | [1mINFO    [0m | [1m主流程规则分桶跳过: bucket=manual_or_risk:浙江大学14个全基因组甲基化+转录组建库测序技术服务（委托）合同|S|微量 (METHYLATION文库)|NA|MANUAL_RISK+IMBALANCE, count=1, reason=总量6.0G低于最小门槛2074.1G[0m
[32m2026-05-21 13:50:29[0m | [1mINFO    [0m | [1m主流程规则分桶跳过: bucket=manual_or_risk:2025年WGS分析技术服务（委托）合同|S|DNA小片段文库|NA|MANUAL_RISK, count=1, reason=总量5.3G低于最小门槛2095.0G[0m
[32m2026-05-21 13:50:29[0m | [1mINFO    [0m | [1m主流程规则分桶跳过: bucket=manual_or_risk:武汉大学20T自建库测序技术服务（委托）合同|S|客户-其他碱基不均衡文库|NA|MANUAL_RISK+IMBALANCE, count=2, reason=总量3.8G低于最小门槛1676.0G[0m
[32m2026-05-21 13:50:29[0m | [1mINFO    [0m | [1m主流程规则分桶跳过: bucket=manual_or_risk:西南医院8例样本全基因组重测序分析技术服务（委托）合同|S|DNA小片段文库|NA|MANUAL_RISK, count=1, reason=总量3.5G低于最小门槛2095.0G[0m
[32m2026-05-21 13:50:29[0m | [1mINFO    [0m | [1m主流程规则分桶跳过: bucket=manual_or_risk:（极速周期）北生所300例文库测序技术服务（委托）合同|S|客户-CUT-TAG文库|NA|MANUAL_RISK+IMBALANCE, count=1, reason=总量3.0G低于最小门槛1676.0G[0m
[32m2026-05-21 13:50:29[0m | [1mINFO    [0m | [1m主流程规则分桶跳过: bucket=manual_or_risk:云舟生物2024年度自建库年度合作协议分析技术服务（委托）合同|S|客户-PCR产物|NA|MANUAL_RISK+IMBALANCE, count=1, reason=总量3.0G低于最小门槛1257.0G[0m
[32m2026-05-21 13:50:29[0m | [1mINFO    [0m | [1m主流程规则分桶跳过: bucket=general:[药企]-百济 转录组分析技术服务（委托）合同|Z|VIP-真核普通转录组文库|NA|NORMAL, count=10, reason=总量97.6G低于最小门槛2095.0G[0m
[32m2026-05-21 13:50:29[0m | [1mINFO    [0m | [1m主流程规则分桶跳过: bucket=general:海天酱油24年微生物建库测序分析技术服务（委托）合同|Z|DNA小片段文库|NA|NORMAL, count=10, reason=总量80.0G低于最小门槛2095.0G[0m
[32m2026-05-21 13:50:29[0m | [1mINFO    [0m | [1m主流程规则分桶跳过: bucket=general:浙大111个细菌二代重测序建库测序技术服务（委托）合同|Z|DNA小片段文库|NA|NORMAL, count=13, reason=总量78.0G低于最小门槛2095.0G[0m
[32m2026-05-21 13:50:29[0m | [1mINFO    [0m | [1m主流程规则分桶跳过: bucket=general:福建农林大学150个样本重测序+转录组建库测序技术服务（委托）合同|Z|VIP-真核普通转录组文库|NA|NORMAL, count=1, reason=总量60.0G低于最小门槛2095.0G[0m
[32m2026-05-21 13:50:29[0m | [1mINFO    [0m | [1m主流程规则分桶跳过: bucket=general:康龙化成（北京）2024-2025年度建库测序分析技术服务（委托）合同|Z|VIP-真核普通转录组文库|NA|NORMAL, count=14, reason=总量58.4G低于最小门槛2095.0G[0m
[32m2026-05-21 13:50:29[0m | [1mINFO    [0m | [1m主流程规则分桶跳过: bucket=general:300例转录组测序分析技术服务（委托）合同--LJC|Z|VIP-真核普通转录组文库|NA|NORMAL, count=3, reason=总量58.2G低于最小门槛2095.0G[0m
[32m2026-05-21 13:50:29[0m | [1mINFO    [0m | [1m主流程规则分桶跳过: bucket=general:【框架】基迪奥生物-2025年度二代建库测序年度协议分析技术服务（委托）合同|Z|DNA小片段文库|NA|NORMAL, count=9, reason=总量54.0G低于最小门槛2095.0G[0m
[32m2026-05-21 13:50:29[0m | [1mINFO    [0m | [1m主流程规则分桶跳过: bucket=general:3个重测序建库测序及21个分析+9个转录组建库测序及18个分析技术服务（委托）合同|Z|VIP-真核普通转录组文库|NA|NORMAL, count=2, reason=总量48.0G低于最小门槛2095.0G[0m
[32m2026-05-21 13:50:29[0m | [1mINFO    [0m | [1m主流程规则分桶跳过: bucket=general:山东大学第二医院100例医口转录组分析技术服务（委托）合同-田忠献|Z|VIP-真核普通转录组文库|NA|NORMAL, count=2, reason=总量48.0G低于最小门槛2095.0G[0m
[32m2026-05-21 13:50:29[0m | [1mINFO    [0m | [1m主流程规则分桶跳过: bucket=general:2024年海大生物样本DNA小片段建库测序技术服务（委托）合同-ZWP|Z|DNA小片段文库|NA|NORMAL, count=7, reason=总量42.0G低于最小门槛2095.0G[0m
[32m2026-05-21 13:50:29[0m | [1mINFO    [0m | [1m主流程规则分桶跳过: bucket=general:北京柯信医学检验实验室有限公司30例宏基因组分析技术服务（委托）合同|Z|DNA小片段文库|NA|NORMAL, count=7, reason=总量42.0G低于最小门槛2095.0G[0m
[32m2026-05-21 13:50:29[0m | [1mINFO    [0m | [1m主流程规则分桶跳过: bucket=general:石大28个组织样本转录组分析技术服务（委托）合同|Z|VIP-真核普通转录组文库|NA|NORMAL, count=2, reason=总量28.0G低于最小门槛2095.0G[0m
[32m2026-05-21 13:50:29[0m | [1mINFO    [0m | [1m主流程规则分桶跳过: bucket=general:264个样本XPLUS转录组建库测序技术服务（委托）合同-Y|Z|VIP-真核普通转录组文库|NA|NORMAL, count=1, reason=总量24.0G低于最小门槛2095.0G[0m
[32m2026-05-21 13:50:29[0m | [1mINFO    [0m | [1m主流程规则分桶跳过: bucket=general:河北大学50例家蚕转录组分析技术服务（委托）合同|Z|VIP-真核普通转录组文库|NA|NORMAL, count=1, reason=总量24.0G低于最小门槛2095.0G[0m
[32m2026-05-21 13:50:29[0m | [1mINFO    [0m | [1m主流程规则分桶跳过: bucket=general:湛江中心20个有参转录分析技术服务（委托）合同|Z|VIP-真核普通转录组文库|NA|NORMAL, count=1, reason=总量24.0G低于最小门槛2095.0G[0m
[32m2026-05-21 13:50:29[0m | [1mINFO    [0m | [1m主流程规则分桶跳过: bucket=general:纳米中心4个RRBS+转录组XPLUS分析技术服务（委托）合同|Z|VIP-真核普通转录组文库|NA|NORMAL, count=1, reason=总量24.0G低于最小门槛2095.0G[0m
[32m2026-05-21 13:50:29[0m | [1mINFO    [0m | [1m主流程规则分桶跳过: bucket=general:西北大学100个转录组建库测序分析服务分析技术服务（委托）合同|Z|VIP-真核普通转录组文库|NA|NORMAL, count=1, reason=总量24.0G低于最小门槛2095.0G[0m
[32m2026-05-21 13:50:29[0m | [1mINFO    [0m | [1m主流程规则分桶跳过: bucket=general:内蒙古农业大学单菌菌体二代建库测序质控技术服务（委托）合同|Z|DNA小片段文库|NA|NORMAL, count=18, reason=总量18.0G低于最小门槛2095.0G[0m
[32m2026-05-21 13:50:29[0m | [1mINFO    [0m | [1m主流程规则分桶跳过: bucket=general:崖州湾国家实验室15个水稻样本重测序技术服务（委托）合同|Z|DNA小片段文库|NA|NORMAL, count=2, reason=总量12.0G低于最小门槛2095.0G[0m
[32m2026-05-21 13:50:29[0m | [1mINFO    [0m | [1m主流程规则分桶跳过: bucket=general:贵州茅台多组学测序分析技术服务（委托）合同|Z|DNA小片段文库|NA|NORMAL, count=2, reason=总量12.0G低于最小门槛2095.0G[0m
[32m2026-05-21 13:50:29[0m | [1mINFO    [0m | [1m主流程规则分桶跳过: bucket=general:南昌大学第二附属医院3个细菌全基因组建库测序技术服务（委托）合同|Z|DNA小片段文库|NA|NORMAL, count=1, reason=总量6.0G低于最小门槛2095.0G[0m
[32m2026-05-21 13:50:29[0m | [1mINFO    [0m | [1m主流程规则分桶跳过: bucket=general:菌WGS细菌变异检测分析技术服务（委托）合同|Z|DNA小片段文库|NA|NORMAL, count=4, reason=总量4.0G低于最小门槛2095.0G[0m
[32m2026-05-21 13:50:29[0m | [1mINFO    [0m | [1m主流程规则分桶跳过: bucket=general:GRK_华西医院微生物全基因组建库测序分析技术服务（委托）合同|Z|DNA小片段文库|NA|NORMAL, count=1, reason=总量4.0G低于最小门槛2095.0G[0m
[32m2026-05-21 13:50:29[0m | [1mINFO    [0m | [1m主流程规则分桶预调度完成: 分桶=71，桶后尾货=238个/5247.1G[0m
[32m2026-05-21 13:50:29[0m | [1mINFO    [0m | [1m主流程尾货统一补排启动: count=238, data=5247.1G[0m
[32m2026-05-21 13:50:29[0m | [1mINFO    [0m | [1mwkspecialsplits边排边检查完成: 无需调整[0m
[32m2026-05-21 13:50:29[0m | [1mINFO    [0m | [1m验证完成：0条Lane通过验证[0m
[32m2026-05-21 13:50:29[0m | [1mINFO    [0m | [1m57规则二次改排救援已关闭，失败Lane文库回收到未分配池[0m
[32m2026-05-21 13:50:29[0m | [1mINFO    [0m | [1m高成本救援(EX/RB)跳过: 当前0条Lane通过验证，未分配池=238个/5247.1G，继续做高成本救援收益过低[0m
[32m2026-05-21 13:50:29[0m | [1mINFO    [0m | [1mIndex校验器初始化完成（真实数据验证版本）[0m
[32m2026-05-21 13:50:29[0m | [1mINFO    [0m | [1m成Lane校验程序初始化完成 (严格模式: True, 碱基不均衡上限: 35%, 特殊文库关键词: 9个)[0m
[32m2026-05-21 13:50:29[0m | [1mINFO    [0m | [1mLane DL_Nova X-25B_003 尝试补平衡文库模板: sample_id=phix, test_no=Novaseq X Plus-PE150, index_seq=GGGGGGGGGG;ACCGAGATCT[0m
[32m2026-05-21 13:50:29[0m | [1mINFO    [0m | [1mLane DL_Nova X-25B_003 平衡文库补充成功: sample_id=phix, 数据量=10.435G[0m
[32m2026-05-21 13:50:29[0m | [1mINFO    [0m | [1m预构建Lane平衡文库前置处理完成: 需补平衡文库Lane=1，成功=1，失败移除=0，专Lane保留=0[0m
[32m2026-05-21 13:50:29[0m | [33m[1mWARNING [0m | [33m[1mLane DL_Nova X-25B_002 终态过滤淘汰: ['Lane有效数据量1045.7G(原始1045.7G+平衡0.0G)低于下限1995G，规则=tj_1595_mode_1_1_special_combo，需添加约949.3G的文库'][0m
[32m2026-05-21 13:50:29[0m | [1mINFO    [0m | [1m
合并6条预构建Lane到最终结果（过滤掉1条未通过严格校验的预构建Lane）[0m
[32m2026-05-21 13:50:29[0m | [1mINFO    [0m | [1m最终Lane总数: 6 (预构建Lane: 6, 普通Lane: 0)[0m
[32m2026-05-21 13:50:29[0m | [1mINFO    [0m | [1m补Lane尝试: variant=full_priority, lane_prefix=RM, pool_size=248, pool_data=6292.730G, prioritize_scattered_mix=True[0m
[32m2026-05-21 13:50:29[0m | [1mINFO    [0m | [1m补Lane尝试: variant=non_clinical_relaxed, lane_prefix=RM, pool_size=248, pool_data=6292.730G, prioritize_scattered_mix=False[0m
[32m2026-05-21 13:50:31[0m | [1mINFO    [0m | [1m补Lane尝试: variant=full_priority, lane_prefix=RM, pool_size=129, pool_data=5190.941G, prioritize_scattered_mix=True[0m
[32m2026-05-21 13:50:31[0m | [1mINFO    [0m | [1m补Lane尝试: variant=non_clinical_relaxed, lane_prefix=RM, pool_size=129, pool_data=5190.941G, prioritize_scattered_mix=False[0m
[32m2026-05-21 13:50:34[0m | [1mINFO    [0m | [1m补Lane跳过汇总: lane_prefix=RM, machine=Nova X-25B, reason_top=[总量24.0G低于最小门槛2095.0Gx5, 总量24.0G低于最小门槛995.0Gx3, 总量6.0G低于最小门槛2095.0Gx3, 总量1350.0G低于最小门槛1995.0Gx2][0m
[32m2026-05-21 13:50:34[0m | [1mINFO    [0m | [1m补Lane尝试: variant=full_priority, lane_prefix=GL, pool_size=129, pool_data=5190.941G, prioritize_scattered_mix=True[0m
[32m2026-05-21 13:50:34[0m | [1mINFO    [0m | [1m补Lane尝试: variant=non_clinical_relaxed, lane_prefix=GL, pool_size=129, pool_data=5190.941G, prioritize_scattered_mix=False[0m
[32m2026-05-21 13:50:36[0m | [1mINFO    [0m | [1m补Lane跳过汇总: lane_prefix=GL, machine=Nova X-25B, reason_top=[总量24.0G低于最小门槛2095.0Gx8, 总量6.0G低于最小门槛2095.0Gx5, 总量1350.0G低于最小门槛1995.0Gx2, 总量20.0G低于最小门槛1995.0Gx2][0m
[32m2026-05-21 13:50:50[0m | [1mINFO    [0m | [1m补Lane尝试: variant=cluster_fast_path, lane_prefix=OG, pool_size=7, pool_data=2751.381G, prioritize_scattered_mix=False[0m
[32m2026-05-21 13:50:50[0m | [1mINFO    [0m | [1m剩余库分层重组搜索完成: 新增Lane=1 (大簇专项=0, 高约束专项=0, 专lane=0, 混排lane=1, 普通lane=0), 跳过拆分文库=0, 剩余未分配=129[0m
[32m2026-05-21 13:50:50[0m | [33m[1mWARNING [0m | [33m[1m检测到重复Lane ID，已自动重命名: RM_Nova X-25B_001 -> RM_Nova X-25B_002[0m
[32m2026-05-21 13:50:50[0m | [33m[1mWARNING [0m | [33m[1m最终收口发现重复Lane ID并已重命名: 1条[0m
[32m2026-05-21 13:50:50[0m | [1mINFO    [0m | [1m脚本内置 Pooling 预测已停用，后续统一调用 prediction_delivery[0m
[32m2026-05-21 13:50:50[0m | [33m[1mWARNING [0m | [33m[1mLane DL_Nova X-25B_001 利用率异常: 195.28% (数据量=2050.46GB, 容量=1050.00GB)[0m
[32m2026-05-21 13:50:50[0m | [33m[1mWARNING [0m | [33m[1mLane EX_Nova X-25B_002 利用率异常: 219.56% (数据量=2140.72GB, 容量=975.00GB)[0m
[32m2026-05-21 13:50:50[0m | [33m[1mWARNING [0m | [33m[1mLane RB_Nova X-25B_002 利用率异常: 216.08% (数据量=2106.81GB, 容量=975.00GB)[0m
[32m2026-05-21 13:50:50[0m | [33m[1mWARNING [0m | [33m[1mLane RM_Nova X-25B_001 利用率异常: 231.27% (数据量=2254.89GB, 容量=975.00GB)[0m
[32m2026-05-21 13:50:50[0m | [1mINFO    [0m | [1mIndex校验器初始化完成（真实数据验证版本）[0m
[32m2026-05-21 13:50:50[0m | [1mINFO    [0m | [1m成Lane校验程序初始化完成 (严格模式: True, 碱基不均衡上限: 35%, 特殊文库关键词: 9个)[0m
[32m2026-05-21 13:50:50[0m | [1mINFO    [0m | [1m排后包Lane校验通过[0m
[32m2026-05-21 13:50:50[0m | [1mINFO    [0m | [1m排后校验通过：包Lane编号文库拆分规则满足约束[0m
[32m2026-05-21 13:50:50[0m | [1mINFO    [0m | [1mIndex校验器初始化完成（真实数据验证版本）[0m
[32m2026-05-21 13:50:50[0m | [1mINFO    [0m | [1m成Lane校验程序初始化完成 (严格模式: True, 碱基不均衡上限: 35%, 特殊文库关键词: 9个)[0m
[32m2026-05-21 13:50:50[0m | [1mINFO    [0m | [1m平衡文库后处理完成: 需补平衡文库Lane=1，成功=1，失败移除=0，专Lane保留=0，回收文库=0[0m
[32m2026-05-21 13:50:50[0m | [1mINFO    [0m | [1m排后包Lane校验通过[0m
[32m2026-05-21 13:50:50[0m | [1mINFO    [0m | [1mIndex校验器初始化完成（真实数据验证版本）[0m
[32m2026-05-21 13:50:50[0m | [1mINFO    [0m | [1m成Lane校验程序初始化完成 (严格模式: True, 碱基不均衡上限: 35%, 特殊文库关键词: 9个)[0m
[32m2026-05-21 13:50:50[0m | [1mINFO    [0m | [1m排后包Lane校验通过[0m
[32m2026-05-21 13:50:50[0m | [1mINFO    [0m | [1m排后校验通过：包Lane编号文库拆分规则满足约束[0m
[32m2026-05-21 13:50:52[0m | [1mINFO    [0m | [1m终态全局3.6增量混排未成Lane明细: 机型=Nova X-25B, 候选items=111, best_total=1076.3G, best_index_pairs=108, validation_top=[('组合1与组合2文库类型不可混排', 38), ('碱基不均衡占比60.4%超过35%限制', 6), ('碱基不均衡占比60.6%超过35%限制', 5)][0m
[32m2026-05-21 13:50:52[0m | [1mINFO    [0m | [1mIndex校验器初始化完成（真实数据验证版本）[0m
[32m2026-05-21 13:50:52[0m | [1mINFO    [0m | [1mIndex校验器初始化完成（真实数据验证版本）[0m
[32m2026-05-21 13:50:52[0m | [1mINFO    [0m | [1m成Lane校验程序初始化完成 (严格模式: True, 碱基不均衡上限: 35%, 特殊文库关键词: 9个)[0m
[32m2026-05-21 13:50:52[0m | [33m[1mWARNING [0m | [33m[1mPooling配置表不存在: /data/work/yuyongpeng/liblane_v2_deepseek/data/wktype_pooling_config.xlsx，将使用默认策略[0m
[32m2026-05-21 13:50:52[0m | [1mINFO    [0m | [1m产出效率修正表不存在: /data/work/yuyongpeng/liblane_v2_deepseek/data/production_efficiency_correction.csv，跳过后校准[0m
[32m2026-05-21 13:50:52[0m | [33m[1mWARNING [0m | [33m[1m模型文件不存在: models/loutput_pre_lane_v5/lightgbm_model.pkl[0m
[32m2026-05-21 13:50:52[0m | [33m[1mWARNING [0m | [33m[1mloutput预测器不可用，将使用规则降级策略[0m
[32m2026-05-21 13:50:52[0m | [1mINFO    [0m | [1m逐Lane贪心排机器初始化完成 - 基础容量: 985.0GB, 利用率区间: [100%, 100%], 配置模式: 按机型自动[0m
[32m2026-05-21 13:50:52[0m | [1mINFO    [0m | [1m启用检查: Index=True, 碱基不均衡=True, 规则检查器=False[0m
[32m2026-05-21 13:50:52[0m | [1mINFO    [0m | [1m专用Lane分组G26剩余合同量3.0G无法满足1.1或3.6T-NEW有效容量下限[0m
[32m2026-05-21 13:50:52[0m | [1mINFO    [0m | [1m专用Lane分组G33剩余合同量3.8G无法满足1.1或3.6T-NEW有效容量下限[0m
[32m2026-05-21 13:50:52[0m | [1mINFO    [0m | [1m专用Lane分组G29剩余合同量3.0G无法满足1.1或3.6T-NEW有效容量下限[0m
[32m2026-05-21 13:50:52[0m | [1mINFO    [0m | [1m专用Lane分组G31剩余合同量2.0G无法满足1.1或3.6T-NEW有效容量下限[0m
[32m2026-05-21 13:50:52[0m | [1mINFO    [0m | [1m专用Lane分组G5剩余合同量20.0G无法满足1.1或3.6T-NEW有效容量下限[0m
[32m2026-05-21 13:50:52[0m | [1mINFO    [0m | [1m专用Lane分组G34剩余合同量111.2G无法满足1.1或3.6T-NEW有效容量下限[0m
[32m2026-05-21 13:50:52[0m | [1mINFO    [0m | [1m专用Lane分组G35剩余合同量340.5G无法满足1.1或3.6T-NEW有效容量下限[0m
[32m2026-05-21 13:50:52[0m | [1mINFO    [0m | [1m专用Lane分组G4剩余合同量46.1G无法满足1.1或3.6T-NEW有效容量下限[0m
[32m2026-05-21 13:50:52[0m | [1mINFO    [0m | [1m专用Lane分组G6剩余合同量70.0G无法满足1.1或3.6T-NEW有效容量下限[0m
[32m2026-05-21 13:50:52[0m | [1mINFO    [0m | [1m专用Lane分组G7剩余合同量20.0G无法满足1.1或3.6T-NEW有效容量下限[0m
[32m2026-05-21 13:50:52[0m | [1mINFO    [0m | [1m终态全局3.6混排未新增Lane: 剩余未分配=137[0m
[32m2026-05-21 13:50:52[0m | [1mINFO    [0m | [1m终态文库类型碱基不均专Lane未成Lane: 文库类型=客户-10X 5 单细胞转录组文库, 机型=Nova X-25B, 剩余文库=7, 剩余数据量=2751.4G, reason=no_valid_dedicated_imbalance_subset(best_shortage=645.0G,best_index_pairs=3, validation_top=[]); g53_g54_fill=no_valid_g53_g54_fill_subset(best_total=0.0G,best_index_pairs=0, validation_top=[])[0m
[32m2026-05-21 13:50:52[0m | [1mINFO    [0m | [1m终态文库类型专池未成Lane: 文库类型=客户-10X 5 单细胞转录组文库, 机型=Nova X-25B, 模式=3.6T-NEW, 剩余文库=7, 剩余数据量=2751.4G, reason=hard_skip_total_below_min(total=51.4G,min=970.0G)[0m
[32m2026-05-21 13:50:52[0m | [1mINFO    [0m | [1m终态文库类型碱基不均专Lane未成Lane: 文库类型=10X转录组-3'文库, 机型=Nova X-25B, 剩余文库=19, 剩余数据量=1091.8G, reason=hard_skip_total_below_min(total=1091.8G,min=1995.0G); g53_g54_fill=no_valid_g53_g54_fill_subset(best_total=1163.2G,best_index_pairs=18, validation_top=[])[0m
[32m2026-05-21 13:50:52[0m | [1mINFO    [0m | [1m终态文库类型专池未成Lane: 文库类型=10X转录组-3'文库, 机型=Nova X-25B, 模式=3.6T-NEW, 剩余文库=19, 剩余数据量=1091.8G, reason=hard_skip_total_below_min(total=641.8G,min=970.0G)[0m
[32m2026-05-21 13:50:52[0m | [1mINFO    [0m | [1m终态文库类型碱基不均专Lane未成Lane: 文库类型=10xATAC-seq文库, 机型=Nova X-25B, 剩余文库=8, 剩余数据量=656.0G, reason=hard_skip_total_below_min(total=656.0G,min=992.8G); g53_g54_fill=no_valid_g53_g54_fill_subset(best_total=0.0G,best_index_pairs=0, validation_top=[])[0m
[32m2026-05-21 13:50:52[0m | [1mINFO    [0m | [1m终态文库类型专池未成Lane: 文库类型=10xATAC-seq文库, 机型=Nova X-25B, 模式=3.6T-NEW, 剩余文库=8, 剩余数据量=656.0G, reason=hard_skip_total_below_min(total=656.0G,min=992.8G)[0m
[32m2026-05-21 13:50:52[0m | [1mINFO    [0m | [1m终态文库类型碱基不均专Lane未成Lane: 文库类型=微量 (Methylation文库), 机型=Nova X-25B, 剩余文库=17, 剩余数据量=340.5G, reason=hard_skip_total_below_min(total=340.5G,min=2074.1G); g53_g54_fill=no_valid_g53_g54_fill_subset(best_total=0.0G,best_index_pairs=0, validation_top=[])[0m
[32m2026-05-21 13:50:52[0m | [1mINFO    [0m | [1m终态文库类型专池未成Lane: 文库类型=微量 (Methylation文库), 机型=Nova X-25B, 模式=3.6T-NEW, 剩余文库=17, 剩余数据量=340.5G, reason=hard_skip_total_below_min(total=340.5G,min=985.0G)[0m
[32m2026-05-21 13:50:52[0m | [1mINFO    [0m | [1m终态文库类型专池未成Lane: 文库类型=客户-Hi-C文库, 机型=NovaSeq X Plus, 模式=1.1, 剩余文库=1, 剩余数据量=180.0G, reason=hard_skip_total_below_min(total=180.0G,min=2095.0G)[0m
[32m2026-05-21 13:50:52[0m | [1mINFO    [0m | [1m终态文库类型专池未成Lane: 文库类型=客户-Hi-C文库, 机型=NovaSeq X Plus, 模式=3.6T-NEW, 剩余文库=1, 剩余数据量=180.0G, reason=no_mode_eligible_libraries[0m
[32m2026-05-21 13:50:52[0m | [1mINFO    [0m | [1m终态文库类型碱基不均专Lane未成Lane: 文库类型=10X转录组-5'文库, 机型=Nova X-25B, 剩余文库=3, 剩余数据量=170.0G, reason=hard_skip_total_below_min(total=170.0G,min=1995.0G); g53_g54_fill=no_valid_g53_g54_fill_subset(best_total=260.0G,best_index_pairs=8, validation_top=[])[0m
[32m2026-05-21 13:50:52[0m | [1mINFO    [0m | [1m终态文库类型专池未成Lane: 文库类型=10X转录组-5'文库, 机型=Nova X-25B, 模式=3.6T-NEW, 剩余文库=3, 剩余数据量=170.0G, reason=hard_skip_total_below_min(total=20.0G,min=970.0G)[0m
[32m2026-05-21 13:50:52[0m | [1mINFO    [0m | [1m终态文库类型专池未成Lane: 文库类型=DNA小片段文库, 机型=Nova X-25B, 模式=1.1, 剩余文库=23, 剩余数据量=141.5G, reason=hard_skip_total_below_min(total=141.5G,min=2095.0G)[0m
[32m2026-05-21 13:50:52[0m | [1mINFO    [0m | [1m终态文库类型专池未成Lane: 文库类型=DNA小片段文库, 机型=Nova X-25B, 模式=3.6T-NEW, 剩余文库=23, 剩余数据量=141.5G, reason=hard_skip_total_below_min(total=141.5G,min=995.0G)[0m
[32m2026-05-21 13:50:52[0m | [1mINFO    [0m | [1m终态文库类型专池未成Lane: 文库类型=VIP-真核普通转录组文库, 机型=Nova X-25B, 模式=1.1, 剩余文库=6, 剩余数据量=124.0G, reason=hard_skip_total_below_min(total=124.0G,min=2095.0G)[0m
[32m2026-05-21 13:50:52[0m | [1mINFO    [0m | [1m终态文库类型专池未成Lane: 文库类型=VIP-真核普通转录组文库, 机型=Nova X-25B, 模式=3.6T-NEW, 剩余文库=6, 剩余数据量=124.0G, reason=hard_skip_total_below_min(total=124.0G,min=995.0G)[0m
[32m2026-05-21 13:50:53[0m | [1mINFO    [0m | [1m终态文库类型碱基不均专Lane未成Lane: 文库类型=墨卓转录组-3端文库, 机型=Nova X-25B, 剩余文库=2, 剩余数据量=111.2G, reason=hard_skip_total_below_min(total=111.2G,min=1995.0G); g53_g54_fill=no_valid_g53_g54_fill_subset(best_total=1163.2G,best_index_pairs=18, validation_top=[])[0m
[32m2026-05-21 13:50:53[0m | [1mINFO    [0m | [1m终态文库类型专池未成Lane: 文库类型=墨卓转录组-3端文库, 机型=Nova X-25B, 模式=3.6T-NEW, 剩余文库=2, 剩余数据量=111.2G, reason=hard_skip_total_below_min(total=111.2G,min=970.0G)[0m
[32m2026-05-21 13:50:53[0m | [1mINFO    [0m | [1m终态文库类型碱基不均专Lane未成Lane: 文库类型=10X转录组V(D)J-BCR文库, 机型=NovaSeq X Plus, 剩余文库=4, 剩余数据量=70.0G, reason=hard_skip_total_below_min(total=70.0G,min=1995.0G); g53_g54_fill=no_valid_g53_g54_fill_subset(best_total=260.0G,best_index_pairs=8, validation_top=[])[0m
[32m2026-05-21 13:50:53[0m | [1mINFO    [0m | [1m终态文库类型专池未成Lane: 文库类型=10X转录组V(D)J-BCR文库, 机型=NovaSeq X Plus, 模式=3.6T-NEW, 剩余文库=4, 剩余数据量=70.0G, reason=hard_skip_total_below_min(total=70.0G,min=970.0G)[0m
[32m2026-05-21 13:50:53[0m | [1mINFO    [0m | [1m终态文库类型专池未成Lane: 文库类型=客户-动植物全基因组重测序文库, 机型=NovaSeq X Plus, 模式=1.1, 剩余文库=10, 剩余数据量=38.3G, reason=hard_skip_total_below_min(total=38.3G,min=2095.0G)[0m
[32m2026-05-21 13:50:53[0m | [1mINFO    [0m | [1m终态文库类型专池未成Lane: 文库类型=客户-动植物全基因组重测序文库, 机型=NovaSeq X Plus, 模式=3.6T-NEW, 剩余文库=10, 剩余数据量=38.3G, reason=hard_skip_total_below_min(total=38.3G,min=995.0G)[0m
[32m2026-05-21 13:50:53[0m | [1mINFO    [0m | [1m终态文库类型专池未成Lane: 文库类型=DNA小片段文库, 机型=NovaSeq X Plus, 模式=1.1, 剩余文库=13, 剩余数据量=38.0G, reason=hard_skip_total_below_min(total=38.0G,min=2095.0G)[0m
[32m2026-05-21 13:50:53[0m | [1mINFO    [0m | [1m终态文库类型专池未成Lane: 文库类型=DNA小片段文库, 机型=NovaSeq X Plus, 模式=3.6T-NEW, 剩余文库=13, 剩余数据量=38.0G, reason=hard_skip_total_below_min(total=38.0G,min=995.0G)[0m
[32m2026-05-21 13:50:53[0m | [1mINFO    [0m | [1m终态文库类型专池未成Lane: 文库类型=VIP-真核普通转录组文库, 机型=NovaSeq X Plus, 模式=1.1, 剩余文库=5, 剩余数据量=31.0G, reason=hard_skip_total_below_min(total=31.0G,min=2095.0G)[0m
[32m2026-05-21 13:50:53[0m | [1mINFO    [0m | [1m终态文库类型专池未成Lane: 文库类型=VIP-真核普通转录组文库, 机型=NovaSeq X Plus, 模式=3.6T-NEW, 剩余文库=5, 剩余数据量=31.0G, reason=hard_skip_total_below_min(total=31.0G,min=995.0G)[0m
[32m2026-05-21 13:50:53[0m | [1mINFO    [0m | [1m终态文库类型专池未成Lane: 文库类型=宏转录组, 机型=NovaSeq X Plus, 模式=1.1, 剩余文库=4, 剩余数据量=24.0G, reason=hard_skip_total_below_min(total=24.0G,min=2095.0G)[0m
[32m2026-05-21 13:50:53[0m | [1mINFO    [0m | [1m终态文库类型专池未成Lane: 文库类型=宏转录组, 机型=NovaSeq X Plus, 模式=3.6T-NEW, 剩余文库=4, 剩余数据量=24.0G, reason=hard_skip_total_below_min(total=24.0G,min=995.0G)[0m
[32m2026-05-21 13:50:53[0m | [1mINFO    [0m | [1m终态文库类型碱基不均专Lane未成Lane: 文库类型=10X转录组V(D)J-TCR文库, 机型=NovaSeq X Plus, 剩余文库=1, 剩余数据量=20.0G, reason=hard_skip_total_below_min(total=20.0G,min=1995.0G); g53_g54_fill=no_valid_g53_g54_fill_subset(best_total=260.0G,best_index_pairs=8, validation_top=[])[0m
[32m2026-05-21 13:50:53[0m | [1mINFO    [0m | [1m终态文库类型专池未成Lane: 文库类型=10X转录组V(D)J-TCR文库, 机型=NovaSeq X Plus, 模式=3.6T-NEW, 剩余文库=1, 剩余数据量=20.0G, reason=hard_skip_total_below_min(total=20.0G,min=970.0G)[0m
[32m2026-05-21 13:50:53[0m | [1mINFO    [0m | [1m终态文库类型专池未成Lane: 文库类型=Lnc互作文库, 机型=NovaSeq X Plus, 模式=1.1, 剩余文库=3, 剩余数据量=18.0G, reason=hard_skip_total_below_min(total=18.0G,min=2095.0G)[0m
[32m2026-05-21 13:50:53[0m | [1mINFO    [0m | [1m终态文库类型专池未成Lane: 文库类型=Lnc互作文库, 机型=NovaSeq X Plus, 模式=3.6T-NEW, 剩余文库=3, 剩余数据量=18.0G, reason=hard_skip_total_below_min(total=18.0G,min=995.0G)[0m
[32m2026-05-21 13:50:53[0m | [1mINFO    [0m | [1m终态文库类型碱基不均专Lane未成Lane: 文库类型=客户-10X 3 单细胞转录组文库, 机型=Nova X-25B, 剩余文库=1, 剩余数据量=14.5G, reason=hard_skip_total_below_min(total=14.5G,min=1995.0G); g53_g54_fill=no_valid_g53_g54_fill_subset(best_total=0.0G,best_index_pairs=0, validation_top=[])[0m
[32m2026-05-21 13:50:53[0m | [1mINFO    [0m | [1m终态文库类型专池未成Lane: 文库类型=客户-10X 3 单细胞转录组文库, 机型=Nova X-25B, 模式=3.6T-NEW, 剩余文库=1, 剩余数据量=14.5G, reason=hard_skip_total_below_min(total=14.5G,min=970.0G)[0m
[32m2026-05-21 13:50:53[0m | [1mINFO    [0m | [1m终态文库类型专池未成Lane: 文库类型=Lnc非互作文库, 机型=NovaSeq X Plus, 模式=1.1, 剩余文库=1, 剩余数据量=6.0G, reason=hard_skip_total_below_min(total=6.0G,min=2095.0G)[0m
[32m2026-05-21 13:50:53[0m | [1mINFO    [0m | [1m终态文库类型专池未成Lane: 文库类型=Lnc非互作文库, 机型=NovaSeq X Plus, 模式=3.6T-NEW, 剩余文库=1, 剩余数据量=6.0G, reason=hard_skip_total_below_min(total=6.0G,min=995.0G)[0m
[32m2026-05-21 13:50:53[0m | [1mINFO    [0m | [1m终态文库类型专池未成Lane: 文库类型=原核链特异性转录组文库, 机型=NovaSeq X Plus, 模式=1.1, 剩余文库=3, 剩余数据量=6.0G, reason=hard_skip_total_below_min(total=6.0G,min=2095.0G)[0m
[32m2026-05-21 13:50:53[0m | [1mINFO    [0m | [1m终态文库类型专池未成Lane: 文库类型=原核链特异性转录组文库, 机型=NovaSeq X Plus, 模式=3.6T-NEW, 剩余文库=3, 剩余数据量=6.0G, reason=hard_skip_total_below_min(total=6.0G,min=995.0G)[0m
[32m2026-05-21 13:50:53[0m | [1mINFO    [0m | [1m终态文库类型碱基不均专Lane未成Lane: 文库类型=客户-其他碱基不均衡文库, 机型=NovaSeq X Plus, 剩余文库=2, 剩余数据量=3.8G, reason=hard_skip_total_below_min(total=3.8G,min=1676.0G); g53_g54_fill=no_valid_g53_g54_fill_subset(best_total=0.0G,best_index_pairs=0, validation_top=[])[0m
[32m2026-05-21 13:50:53[0m | [1mINFO    [0m | [1m终态文库类型专池未成Lane: 文库类型=客户-其他碱基不均衡文库, 机型=NovaSeq X Plus, 模式=3.6T-NEW, 剩余文库=2, 剩余数据量=3.8G, reason=hard_skip_total_below_min(total=3.8G,min=796.0G)[0m
[32m2026-05-21 13:50:53[0m | [1mINFO    [0m | [1m终态文库类型碱基不均专Lane未成Lane: 文库类型=客户-CUT-Tag文库, 机型=NovaSeq X Plus, 剩余文库=1, 剩余数据量=3.0G, reason=hard_skip_total_below_min(total=3.0G,min=1676.0G); g53_g54_fill=no_valid_g53_g54_fill_subset(best_total=0.0G,best_index_pairs=0, validation_top=[])[0m
[32m2026-05-21 13:50:53[0m | [1mINFO    [0m | [1m终态文库类型专池未成Lane: 文库类型=客户-CUT-Tag文库, 机型=NovaSeq X Plus, 模式=3.6T-NEW, 剩余文库=1, 剩余数据量=3.0G, reason=hard_skip_total_below_min(total=3.0G,min=796.0G)[0m
[32m2026-05-21 13:50:53[0m | [1mINFO    [0m | [1m终态文库类型碱基不均专Lane未成Lane: 文库类型=客户-PCR产物, 机型=NovaSeq X Plus, 剩余文库=1, 剩余数据量=3.0G, reason=hard_skip_total_below_min(total=3.0G,min=1257.0G); g53_g54_fill=no_valid_g53_g54_fill_subset(best_total=0.0G,best_index_pairs=0, validation_top=[])[0m
[32m2026-05-21 13:50:53[0m | [1mINFO    [0m | [1m终态文库类型专池未成Lane: 文库类型=客户-PCR产物, 机型=NovaSeq X Plus, 模式=3.6T-NEW, 剩余文库=1, 剩余数据量=3.0G, reason=hard_skip_total_below_min(total=3.0G,min=597.0G)[0m
[32m2026-05-21 13:50:53[0m | [1mINFO    [0m | [1m终态文库类型专池未成Lane: 文库类型=客户-真核普通转录组文库, 机型=NovaSeq X Plus, 模式=1.1, 剩余文库=1, 剩余数据量=3.0G, reason=hard_skip_total_below_min(total=3.0G,min=2095.0G)[0m
[32m2026-05-21 13:50:53[0m | [1mINFO    [0m | [1m终态文库类型专池未成Lane: 文库类型=客户-真核普通转录组文库, 机型=NovaSeq X Plus, 模式=3.6T-NEW, 剩余文库=1, 剩余数据量=3.0G, reason=hard_skip_total_below_min(total=3.0G,min=995.0G)[0m
[32m2026-05-21 13:50:53[0m | [1mINFO    [0m | [1m终态文库类型碱基不均专Lane未成Lane: 文库类型=客户-单细胞文库, 机型=NovaSeq X Plus, 剩余文库=1, 剩余数据量=2.0G, reason=hard_skip_total_below_min(total=2.0G,min=1843.6G); g53_g54_fill=no_valid_g53_g54_fill_subset(best_total=0.0G,best_index_pairs=0, validation_top=[])[0m
[32m2026-05-21 13:50:53[0m | [1mINFO    [0m | [1m终态文库类型专池未成Lane: 文库类型=客户-单细胞文库, 机型=NovaSeq X Plus, 模式=3.6T-NEW, 剩余文库=1, 剩余数据量=2.0G, reason=hard_skip_total_below_min(total=2.0G,min=875.6G)[0m
[32m2026-05-21 13:50:53[0m | [1mINFO    [0m | [1m终态文库类型专池增量未新增Lane: 跳过拆分规则文库=0，跳过不支持机型=0，剩余未分配=137[0m
[32m2026-05-21 13:50:53[0m | [1mINFO    [0m | [1mIndex校验器初始化完成（真实数据验证版本）[0m
[32m2026-05-21 13:50:53[0m | [1mINFO    [0m | [1m成Lane校验程序初始化完成 (严格模式: True, 碱基不均衡上限: 35%, 特殊文库关键词: 9个)[0m
[32m2026-05-21 13:50:53[0m | [1mINFO    [0m | [1mIndex校验器初始化完成（真实数据验证版本）[0m
[32m2026-05-21 13:50:53[0m | [1mINFO    [0m | [1m成Lane校验程序初始化完成 (严格模式: True, 碱基不均衡上限: 35%, 特殊文库关键词: 9个)[0m
[32m2026-05-21 13:50:53[0m | [1mINFO    [0m | [1m终态增量Lane平衡文库后处理完成: 需补平衡文库Lane=1，成功=1，失败移除=0，专Lane保留=0，回收文库=0[0m
[32m2026-05-21 13:50:53[0m | [1mINFO    [0m | [1marrange 收集排机结果，用于后续 prediction_delivery 预测[0m
[32m2026-05-21 13:50:53[0m | [33m[1mWARNING [0m | [33m[1m排机规则映射文件不存在，跳过显式排机规则解析: /data/work/yuyongpeng/liblane_v2_deepseek/paiji_complete2/merge_deal/config[0m
[32m2026-05-21 13:50:53[0m | [1mINFO    [0m | [1marrange Lane DL_Nova X-25B_001 排机浓度规则命中: special_10x_combo_group_b_non_customer_1_78, lsjnd=1.780[0m
[32m2026-05-21 13:50:53[0m | [1mINFO    [0m | [1marrange Lane DL_Nova X-25B_001 输出规则命中: tj_1595_mode_1_1_special_combo, lsjfs=25B, lcxms=1.1[0m
[32m2026-05-21 13:50:53[0m | [1mINFO    [0m | [1marrange Lane DL_Nova X-25B_001 显式排机规则: P7P5[0m
[32m2026-05-21 13:50:53[0m | [1mINFO    [0m | [1marrange Lane DL_Nova X-25B_003 排机浓度规则命中: no_loading_concentration_rule_matched, lsjnd=[0m
[32m2026-05-21 13:50:53[0m | [1mINFO    [0m | [1marrange Lane DL_Nova X-25B_003 输出规则命中: tj_1595_standard_pe150_25b, lsjfs=25B, lcxms=3.6T-NEW[0m
[32m2026-05-21 13:50:53[0m | [1mINFO    [0m | [1marrange Lane DL_Nova X-25B_003 显式排机规则: P7P5[0m
[32m2026-05-21 13:50:53[0m | [1mINFO    [0m | [1marrange Lane GL_Nova X-25B_001 排机浓度规则命中: no_loading_concentration_rule_matched, lsjnd=[0m
[32m2026-05-21 13:50:53[0m | [1mINFO    [0m | [1marrange Lane GL_Nova X-25B_001 输出规则命中: tj_1595_mode_1_1, lsjfs=25B, lcxms=1.1[0m
[32m2026-05-21 13:50:53[0m | [1mINFO    [0m | [1marrange Lane GL_Nova X-25B_001 显式排机规则: P7P5[0m
[32m2026-05-21 13:50:53[0m | [1mINFO    [0m | [1marrange Lane EX_Nova X-25B_002 排机浓度规则命中: no_loading_concentration_rule_matched, lsjnd=[0m
[32m2026-05-21 13:50:53[0m | [1mINFO    [0m | [1marrange Lane EX_Nova X-25B_002 输出规则命中: tj_1595_mode_1_1, lsjfs=25B, lcxms=1.1[0m
[32m2026-05-21 13:50:53[0m | [1mINFO    [0m | [1marrange Lane EX_Nova X-25B_002 显式排机规则: P7P5[0m
[32m2026-05-21 13:50:53[0m | [1mINFO    [0m | [1marrange Lane RB_Nova X-25B_002 排机浓度规则命中: no_loading_concentration_rule_matched, lsjnd=[0m
[32m2026-05-21 13:50:53[0m | [1mINFO    [0m | [1marrange Lane RB_Nova X-25B_002 输出规则命中: tj_1595_mode_1_1, lsjfs=25B, lcxms=1.1[0m
[32m2026-05-21 13:50:53[0m | [1mINFO    [0m | [1marrange Lane RB_Nova X-25B_002 显式排机规则: P7P5[0m
[32m2026-05-21 13:50:53[0m | [1mINFO    [0m | [1marrange Lane RM_Nova X-25B_001 排机浓度规则命中: no_loading_concentration_rule_matched, lsjnd=[0m
[32m2026-05-21 13:50:53[0m | [1mINFO    [0m | [1marrange Lane RM_Nova X-25B_001 输出规则命中: tj_1595_mode_1_1, lsjfs=25B, lcxms=1.1[0m
[32m2026-05-21 13:50:53[0m | [1mINFO    [0m | [1marrange Lane RM_Nova X-25B_001 显式排机规则: P7P5[0m
[32m2026-05-21 13:50:53[0m | [1mINFO    [0m | [1marrange Lane RM_Nova X-25B_002 排机浓度规则命中: no_loading_concentration_rule_matched, lsjnd=[0m
[32m2026-05-21 13:50:53[0m | [1mINFO    [0m | [1marrange Lane RM_Nova X-25B_002 输出规则命中: tj_1595_standard_pe150_25b, lsjfs=25B, lcxms=3.6T-NEW[0m
[32m2026-05-21 13:50:53[0m | [1mINFO    [0m | [1marrange Lane RM_Nova X-25B_002 显式排机规则: P7P5[0m
/data/work/yuyongpeng/liblane_v2_deepseek/paiji_complete2/paiji_complete/arrange_library/arrange_library_model6.py:14565: FutureWarning: Downcasting object dtype arrays on .fillna, .ffill, .bfill is deprecated and will change in a future version. Call result.infer_objects(copy=False) instead. To opt-in to the future behavior, set `pd.set_option('future.no_silent_downcasting', True)`
  balance_mask = df[BALANCE_LIBRARY_MARKER_COLUMN].fillna(False).astype(bool)
[32m2026-05-21 13:50:53[0m | [1mINFO    [0m | [1m明细输出完成: arrange_library/15_sta_arrange.csv[0m
[32m2026-05-21 13:50:53[0m | [1mINFO    [0m | [1m
================================================================================[0m
[32m2026-05-21 13:50:53[0m | [1mINFO    [0m | [1m步骤3: 跳过 prediction_delivery，保留下单量/预测产出空字段[0m
[32m2026-05-21 13:50:53[0m | [1mINFO    [0m | [1m================================================================================[0m
[32m2026-05-21 13:50:53[0m | [1mINFO    [0m | [1m已跳过 prediction_delivery 模型预测，输出保留下单量/预测产出字段空值: arrange_library/15_sta_arrange.csv[0m
[32m2026-05-21 13:50:53[0m | [1mINFO    [0m | [1m输出后处理完成: 记录数=942, 平均下单量=nanG, 平均产出量=nanG[0m
[32m2026-05-21 13:50:53[0m | [1mINFO    [0m | [1m
端到端排机完成！[0m
[32m2026-05-21 13:50:53[0m | [1mINFO    [0m | [1m最终输出文件: arrange_library/15_sta_arrange.csv[0m
[32m2026-05-21 13:50:53[0m | [1mINFO    [0m | [1m================================================================================[0m
