2026-05-21 17:14:33.552 | INFO     | arrange_library.core.constraints.index_validator_verified:__init__:75 - Index校验器初始化完成（真实数据验证版本）
2026-05-21 17:14:34.046 | INFO     | arrange_library.core.constraints.index_validator_verified:__init__:75 - Index校验器初始化完成（真实数据验证版本）
[32m2026-05-21 17:14:34[0m | [1mINFO    [0m | [1m================================================================================[0m
[32m2026-05-21 17:14:34[0m | [1mINFO    [0m | [1marrange_library: 端到端排机流程 - 排机与 Pooling 预测[0m
[32m2026-05-21 17:14:34[0m | [1mINFO    [0m | [1m================================================================================[0m
[32m2026-05-21 17:14:34[0m | [1mINFO    [0m | [1m调用时间: 2026-05-21 17:14:34[0m
[32m2026-05-21 17:14:34[0m | [1mINFO    [0m | [1m随机种子: 42 (固定，确保可复现)[0m
[32m2026-05-21 17:14:34[0m | [1mINFO    [0m | [1m运行模式: arrange[0m
[32m2026-05-21 17:14:34[0m | [1mINFO    [0m | [1m
使用数据文件: arrange_library/280_sta_1500.csv[0m
[32m2026-05-21 17:14:34[0m | [1mINFO    [0m | [1m从标准化CSV文件加载数据: arrange_library/280_sta_1500.csv[0m
[32m2026-05-21 17:14:34[0m | [1mINFO    [0m | [1m读取 1500 行数据[0m
[32m2026-05-21 17:14:34[0m | [1mINFO    [0m | [1m成功创建 1500 个文库对象[0m
[32m2026-05-21 17:14:34[0m | [1mINFO    [0m | [1m成功转换 1500 个测试文库[0m
[32m2026-05-21 17:14:34[0m | [1mINFO    [0m | [1mAI可排文库筛选完成: 可排=1500，不可排=0，机型排除=0[0m
[32m2026-05-21 17:14:34[0m | [1mINFO    [0m | [1m统一排机规则配置已加载: profiles=7, constraints=2, loading_rules=4[0m
[32m2026-05-21 17:14:34[0m | [1mINFO    [0m | [1m1.1模式规则配置加载完成: /data/work/yuyongpeng/liblane_v2_deepseek/paiji_complete2/paiji_complete/arrange_library/config/mode_1_1_rules.json[0m
[32m2026-05-21 17:14:34[0m | [1mINFO    [0m | [1m排机配置管理器初始化完成[0m
[32m2026-05-21 17:14:34[0m | [1mINFO    [0m | [1m
================================================================================[0m
[32m2026-05-21 17:14:34[0m | [1mINFO    [0m | [1m步骤0.9: 提前处理1.1第二轮历史固定组合文库[0m
[32m2026-05-21 17:14:34[0m | [1mINFO    [0m | [1m================================================================================[0m
[32m2026-05-21 17:14:34[0m | [1mINFO    [0m | [1m1.1第二轮候选识别: 无符合条件的候选文库[0m
[32m2026-05-21 17:14:34[0m | [1mINFO    [0m | [1m1.1第二轮历史Lane前置直出: 无候选文库[0m
[32m2026-05-21 17:14:34[0m | [1mINFO    [0m | [1m
================================================================================[0m
[32m2026-05-21 17:14:34[0m | [1mINFO    [0m | [1m步骤1: 处理包Lane文库（wkbaleno字段有值的文库）[0m
[32m2026-05-21 17:14:34[0m | [1mINFO    [0m | [1m================================================================================[0m
[32m2026-05-21 17:14:34[0m | [1mINFO    [0m | [1m包Lane文库数: 0[0m
[32m2026-05-21 17:14:34[0m | [1mINFO    [0m | [1m普通文库数: 1500[0m
[32m2026-05-21 17:14:34[0m | [1mINFO    [0m | [1m
================================================================================[0m
[32m2026-05-21 17:14:34[0m | [1mINFO    [0m | [1m步骤1.3: 1.1前碱基不均衡专Lane预抽取[0m
[32m2026-05-21 17:14:34[0m | [1mINFO    [0m | [1m================================================================================[0m
[32m2026-05-21 17:14:34[0m | [1mINFO    [0m | [1mIndex校验器初始化完成（真实数据验证版本）[0m
[32m2026-05-21 17:14:34[0m | [1mINFO    [0m | [1mIndex校验器初始化完成（真实数据验证版本）[0m
[32m2026-05-21 17:14:34[0m | [1mINFO    [0m | [1m成Lane校验程序初始化完成 (严格模式: True, 碱基不均衡上限: 35%, 特殊文库关键词: 9个)[0m
[32m2026-05-21 17:14:34[0m | [33m[1mWARNING [0m | [33m[1mPooling配置表不存在: /data/work/yuyongpeng/liblane_v2_deepseek/data/wktype_pooling_config.xlsx，将使用默认策略[0m
[32m2026-05-21 17:14:34[0m | [1mINFO    [0m | [1m产出效率修正表不存在: /data/work/yuyongpeng/liblane_v2_deepseek/data/production_efficiency_correction.csv，跳过后校准[0m
[32m2026-05-21 17:14:34[0m | [33m[1mWARNING [0m | [33m[1m模型文件不存在: models/loutput_pre_lane_v5/lightgbm_model.pkl[0m
[32m2026-05-21 17:14:34[0m | [33m[1mWARNING [0m | [33m[1mloutput预测器不可用，将使用规则降级策略[0m
[32m2026-05-21 17:14:34[0m | [1mINFO    [0m | [1m逐Lane贪心排机器初始化完成 - 基础容量: 985.0GB, 利用率区间: [100%, 100%], 配置模式: 按机型自动[0m
[32m2026-05-21 17:14:34[0m | [1mINFO    [0m | [1m启用检查: Index=True, 碱基不均衡=True, 规则检查器=False[0m
[32m2026-05-21 17:14:34[0m | [1mINFO    [0m | [1m专用Lane分组G26剩余合同量141.3G无法满足1.1或3.6T-NEW有效容量下限[0m
[32m2026-05-21 17:14:34[0m | [1mINFO    [0m | [1m专用Lane分组G25剩余合同量164.0G无法满足1.1或3.6T-NEW有效容量下限[0m
[32m2026-05-21 17:14:34[0m | [1mINFO    [0m | [1m专用Lane分组G29剩余合同量230.1G无法满足1.1或3.6T-NEW有效容量下限[0m
[32m2026-05-21 17:14:34[0m | [1mINFO    [0m | [1m专用Lane分组G15剩余合同量400.0G无法满足1.1或3.6T-NEW有效容量下限[0m
[32m2026-05-21 17:14:34[0m | [1mINFO    [0m | [1m专用Lane分组G31剩余合同量34.0G无法满足1.1或3.6T-NEW有效容量下限[0m
[32m2026-05-21 17:14:34[0m | [1mINFO    [0m | [1m专用Lane分组G36剩余合同量14.0G无法满足1.1或3.6T-NEW有效容量下限[0m
[32m2026-05-21 17:14:34[0m | [1mINFO    [0m | [1m专用Lane分组G51剩余合同量12.0G无法满足1.1或3.6T-NEW有效容量下限[0m
[32m2026-05-21 17:14:34[0m | [1mINFO    [0m | [1m专用Lane分组G13剩余合同量50.0G无法满足1.1或3.6T-NEW有效容量下限[0m
[32m2026-05-21 17:14:35[0m | [1mINFO    [0m | [1mIndex校验器初始化完成（真实数据验证版本）[0m
[32m2026-05-21 17:14:35[0m | [1mINFO    [0m | [1m成Lane校验程序初始化完成 (严格模式: False, 碱基不均衡上限: 35%, 特殊文库关键词: 9个)[0m
[32m2026-05-21 17:14:35[0m | [1mINFO    [0m | [1m专用Lane DL_Nova X-25B_001 形成成功 - 分组=G4, 碱基不均衡=2100.4G, 平衡文库=0.0G, 总量(含平衡)=2100.4G, 模式=1.1, 容量规则=tj_1595_mode_1_1_special_combo[0m
[32m2026-05-21 17:14:35[0m | [1mINFO    [0m | [1m专用Lane分组G4剩余合同量474.6G无法满足1.1或3.6T-NEW有效容量下限[0m
[32m2026-05-21 17:14:35[0m | [1mINFO    [0m | [1m专用Lane分组G58剩余合同量310.0G无法满足1.1或3.6T-NEW有效容量下限[0m
[32m2026-05-21 17:14:35[0m | [1mINFO    [0m | [1m专用Lane分组G19剩余合同量70.0G无法满足1.1或3.6T-NEW有效容量下限[0m
[32m2026-05-21 17:14:35[0m | [1mINFO    [0m | [1m专用Lane分组G22剩余合同量6.0G无法满足1.1或3.6T-NEW有效容量下限[0m
[32m2026-05-21 17:14:35[0m | [1mINFO    [0m | [1m专用Lane分组G7剩余合同量60.9G无法满足1.1或3.6T-NEW有效容量下限[0m
[32m2026-05-21 17:14:35[0m | [1mINFO    [0m | [1m专用Lane分组G5剩余合同量204.2G无法满足1.1或3.6T-NEW有效容量下限[0m
[32m2026-05-21 17:14:35[0m | [1mINFO    [0m | [1m专用Lane分组G6剩余合同量32.8G无法满足1.1或3.6T-NEW有效容量下限[0m
[32m2026-05-21 17:14:35[0m | [1mINFO    [0m | [1m专用Lane分组G52剩余合同量39.8G无法满足1.1或3.6T-NEW有效容量下限[0m
[32m2026-05-21 17:14:35[0m | [1mINFO    [0m | [1m专用Lane分组G18剩余合同量0.5G无法满足1.1或3.6T-NEW有效容量下限[0m
[32m2026-05-21 17:14:35[0m | [1mINFO    [0m | [1m专用Lane分组G16剩余合同量30.0G无法满足1.1或3.6T-NEW有效容量下限[0m
[32m2026-05-21 17:14:35[0m | [1mINFO    [0m | [1m全局跨机型碱基不均专Lane预抽取: 承载机型=Nova X-25B, 生成Lane=1, 消耗2100.4G, 剩余不均文库=169个/2690.9G[0m
[32m2026-05-21 17:14:35[0m | [1mINFO    [0m | [1m全局碱基不均专Lane预抽取完成: 生成Lane=1, 后续普通排机池 1500 -> 1461[0m
[32m2026-05-21 17:14:35[0m | [1mINFO    [0m | [1m1.1首轮Lane加测/混合封顶生效: lane=DL_Nova X-25B_001, 保留149.5G, 回退28个/1545.9G到未分配池 (单Lane上限150.0G)[0m
[32m2026-05-21 17:14:35[0m | [1mINFO    [0m | [1m步骤1.3 1.1前碱基不均衡专Lane单Lane加测/混合封顶完成: 调整Lane=1, 回退文库=28个/1545.9G[0m
[32m2026-05-21 17:14:35[0m | [1mINFO    [0m | [1m1.1前碱基不均衡专Lane预抽取完成: 生成Lane=1, 剩余进入1.1普通尝试文库=1489[0m
[32m2026-05-21 17:14:35[0m | [1mINFO    [0m | [1m
================================================================================[0m
[32m2026-05-21 17:14:35[0m | [1mINFO    [0m | [1m步骤1.5: 1.1首轮排机[0m
[32m2026-05-21 17:14:35[0m | [1mINFO    [0m | [1m================================================================================[0m
[32m2026-05-21 17:14:35[0m | [1mINFO    [0m | [1m步骤1.5-1: 1.1首轮使用剩余未成Lane全集，候选1489个文库[0m
[32m2026-05-21 17:14:35[0m | [1mINFO    [0m | [1m1.1首轮策略: expensive_rescue=True, peak_window_mixed=False, post_fill_optimization=True, rule_bucket_prescheduling=True[0m
[32m2026-05-21 17:14:35[0m | [1mINFO    [0m | [1m
================================================================================[0m
[32m2026-05-21 17:14:35[0m | [1mINFO    [0m | [1m排机流程：纯规则排机[0m
[32m2026-05-21 17:14:35[0m | [1mINFO    [0m | [1m================================================================================[0m
[32m2026-05-21 17:14:35[0m | [1mINFO    [0m | [1mIndex校验器初始化完成（真实数据验证版本）[0m
[32m2026-05-21 17:14:35[0m | [1mINFO    [0m | [1mIndex校验器初始化完成（真实数据验证版本）[0m
[32m2026-05-21 17:14:35[0m | [1mINFO    [0m | [1m成Lane校验程序初始化完成 (严格模式: True, 碱基不均衡上限: 35%, 特殊文库关键词: 9个)[0m
[32m2026-05-21 17:14:35[0m | [33m[1mWARNING [0m | [33m[1mPooling配置表不存在: /data/work/yuyongpeng/liblane_v2_deepseek/data/wktype_pooling_config.xlsx，将使用默认策略[0m
[32m2026-05-21 17:14:35[0m | [1mINFO    [0m | [1m产出效率修正表不存在: /data/work/yuyongpeng/liblane_v2_deepseek/data/production_efficiency_correction.csv，跳过后校准[0m
[32m2026-05-21 17:14:35[0m | [33m[1mWARNING [0m | [33m[1m模型文件不存在: models/loutput_pre_lane_v5/lightgbm_model.pkl[0m
[32m2026-05-21 17:14:35[0m | [33m[1mWARNING [0m | [33m[1mloutput预测器不可用，将使用规则降级策略[0m
[32m2026-05-21 17:14:35[0m | [1mINFO    [0m | [1m逐Lane贪心排机器初始化完成 - 基础容量: 985.0GB, 利用率区间: [100%, 100%], 配置模式: 按机型自动[0m
[32m2026-05-21 17:14:35[0m | [1mINFO    [0m | [1m启用检查: Index=True, 碱基不均衡=True, 规则检查器=False[0m
[32m2026-05-21 17:14:35[0m | [1mINFO    [0m | [1m排机阶段：Pooling优化器已禁用（V6流程不需要）[0m
[32m2026-05-21 17:14:35[0m | [1mINFO    [0m | [1mIndex校验器初始化完成（真实数据验证版本）[0m
[32m2026-05-21 17:14:35[0m | [1mINFO    [0m | [1m成Lane校验程序初始化完成 (严格模式: True, 碱基不均衡上限: 35%, 特殊文库关键词: 9个)[0m
[32m2026-05-21 17:14:35[0m | [1mINFO    [0m | [1m严格校验容量区间改为按统一配置表动态解析[0m
[32m2026-05-21 17:14:35[0m | [1mINFO    [0m | [1m主流程前置拆分完成: 无需拆分[0m
[32m2026-05-21 17:14:35[0m | [1mINFO    [0m | [1mPeak窗口混排预构Lane已按调用方要求关闭[0m
[32m2026-05-21 17:14:35[0m | [1mINFO    [0m | [1m主流程规则分桶跳过: bucket=manual_or_risk:广州医科大学王佳PE150文库测序分析技术服务（委托）合同|S|客户-HI-C文库|NA|MANUAL_RISK, count=8, reason=总量595.0G低于最小门槛2095.0G[0m
[32m2026-05-21 17:14:35[0m | [1mINFO    [0m | [1m主流程规则分桶跳过: bucket=manual_or_risk:康龙化成（北京）2024-2025年度建库测序分析技术服务（委托）合同|S|客户-真核普通转录组文库|NA|MANUAL_RISK, count=29, reason=总量522.0G低于最小门槛2095.0G[0m
[32m2026-05-21 17:14:35[0m | [1mINFO    [0m | [1m主流程规则分桶跳过: bucket=manual_or_risk:1000个样本宏基因组+1000个样本宏转录组建库测序技术服务（委托）合同|S|宏转录组|NA|MANUAL_RISK, count=18, reason=总量360.0G低于最小门槛2095.0G[0m
[32m2026-05-21 17:14:35[0m | [1mINFO    [0m | [1m主流程规则分桶跳过: bucket=manual_or_risk:真诺生物-2000例转录组测序+全外显子测序技术服务（委托）合同|S|外显子文库|NA|MANUAL_RISK, count=5, reason=总量240.0G低于最小门槛2095.0G[0m
[32m2026-05-21 17:14:35[0m | [1mINFO    [0m | [1m主流程规则分桶跳过: bucket=manual_or_risk:贝康25年科研产品测序技术服务（委托）合同|S|LNC非互作文库|NA|MANUAL_RISK, count=10, reason=总量120.0G低于最小门槛2095.0G[0m
[32m2026-05-21 17:14:35[0m | [1mINFO    [0m | [1m主流程规则分桶跳过: bucket=manual_or_risk:北大人民MNGS3700例分析技术服务（委托）合同|S|客户-微生物常规小片段文库|NA|MANUAL_RISK, count=8, reason=总量120.0G低于最小门槛2095.0G[0m
[32m2026-05-21 17:14:35[0m | [1mINFO    [0m | [1m主流程规则分桶跳过: bucket=manual_or_risk:（极速周期）北生所1000个自建文库测序技术服务（委托）合同|S|客户-PCR产物|NA|MANUAL_RISK+IMBALANCE, count=6, reason=总量120.0G低于最小门槛1257.0G[0m
[32m2026-05-21 17:14:35[0m | [1mINFO    [0m | [1m主流程规则分桶跳过: bucket=manual_or_risk:（极速周期）北生所1000个自建文库测序技术服务（委托）合同|S|客户-真核普通转录组文库|NA|MANUAL_RISK, count=12, reason=总量108.0G低于最小门槛2095.0G[0m
[32m2026-05-21 17:14:35[0m | [1mINFO    [0m | [1m主流程规则分桶跳过: bucket=manual_or_risk:真诺生物-2000例转录组测序+全外显子测序分析技术服务（委托）合同|S|外显子文库|NA|MANUAL_RISK, count=2, reason=总量96.0G低于最小门槛2095.0G[0m
[32m2026-05-21 17:14:35[0m | [1mINFO    [0m | [1m主流程规则分桶跳过: bucket=manual_or_risk:广东省人民医院20个外显子建库测序分析技术服务（委托）合同|S|外显子文库|NA|MANUAL_RISK, count=2, reason=总量80.0G低于最小门槛2095.0G[0m
[32m2026-05-21 17:14:35[0m | [1mINFO    [0m | [1m主流程规则分桶跳过: bucket=manual_or_risk:南师4例PCR FREE建库分析技术服务（委托）合同|S|PCR-FREE (PCR产物单建)|NA|MANUAL_RISK+IMBALANCE, count=1, reason=总量80.0G低于最小门槛2095.0G[0m
[32m2026-05-21 17:14:35[0m | [1mINFO    [0m | [1m主流程规则分桶跳过: bucket=manual_or_risk:自建库测序执行协议分析技术服务（委托）合同- WYX|S|客户-真核普通转录组文库|NA|MANUAL_RISK, count=6, reason=总量72.0G低于最小门槛2095.0G[0m
[32m2026-05-21 17:14:35[0m | [1mINFO    [0m | [1m主流程规则分桶跳过: bucket=manual_or_risk:西藏农牧学院18例全转分析技术服务（委托）合同|S|LNC非互作文库|NA|MANUAL_RISK, count=6, reason=总量72.0G低于最小门槛2095.0G[0m
[32m2026-05-21 17:14:35[0m | [1mINFO    [0m | [1m主流程规则分桶跳过: bucket=manual_or_risk:NVDE2025073120-DE-UMR-MALETZKI-HUMAN-12-LOWPASSEMSEQ-15GB-WOBI|S|EM-SEQ文库|NA|MANUAL_RISK+IMBALANCE, count=5, reason=总量70.0G低于最小门槛2074.1G[0m
[32m2026-05-21 17:14:35[0m | [1mINFO    [0m | [1m主流程规则分桶跳过: bucket=manual_or_risk:中国科学院北京基因组所NOVA X PLUS自建库测序技术服务（委托）合同-RJ2|S|客户-真核普通转录组文库|NA|MANUAL_RISK, count=3, reason=总量60.0G低于最小门槛2095.0G[0m
[32m2026-05-21 17:14:35[0m | [1mINFO    [0m | [1m主流程规则分桶跳过: bucket=manual_or_risk:百奥华兴自建库合同分析技术服务（委托）合同|S|客户-ATAC-SEQ文库|NA|MANUAL_RISK+IMBALANCE, count=3, reason=总量60.0G低于最小门槛1676.0G[0m
[32m2026-05-21 17:14:35[0m | [1mINFO    [0m | [1m主流程规则分桶跳过: bucket=manual_or_risk:兰兽研宏基因+宏病毒测序分析技术服务（委托）合同|S|宏转录组|NA|MANUAL_RISK, count=5, reason=总量50.0G低于最小门槛2095.0G[0m
[32m2026-05-21 17:14:35[0m | [1mINFO    [0m | [1m主流程规则分桶跳过: bucket=manual_or_risk:（极速周期）2025年艾斯基因建库测序年度框架分析技术服务（委托）合同|S|客户-CHIP-SEQ文库|NA|MANUAL_RISK, count=4, reason=总量44.0G低于最小门槛2095.0G[0m
[32m2026-05-21 17:14:35[0m | [1mINFO    [0m | [1m主流程规则分桶跳过: bucket=manual_or_risk:（极速周期）北生所1000个自建文库测序技术服务（委托）合同|S|客户-CUT-TAG文库|NA|MANUAL_RISK+IMBALANCE, count=7, reason=总量42.0G低于最小门槛1676.0G[0m
[32m2026-05-21 17:14:35[0m | [1mINFO    [0m | [1m主流程规则分桶跳过: bucket=manual_or_risk:14例自建库技术服务（委托）合同|S|客户-CHIP-SEQ文库|NA|MANUAL_RISK, count=4, reason=总量40.0G低于最小门槛2095.0G[0m
[32m2026-05-21 17:14:35[0m | [1mINFO    [0m | [1m主流程规则分桶跳过: bucket=manual_or_risk:8个样本自建库测序技术服务（委托）合同-X|S|客户-动植物全基因组重测序文库|NA|MANUAL_RISK, count=4, reason=总量40.0G低于最小门槛2095.0G[0m
[32m2026-05-21 17:14:35[0m | [1mINFO    [0m | [1m主流程规则分桶跳过: bucket=manual_or_risk:浙江大学任冰冰老师10例CIRC和10例LNC建库测序技术服务（委托）合同|S|LNC非互作文库|NA|MANUAL_RISK, count=4, reason=总量40.0G低于最小门槛2095.0G[0m
[32m2026-05-21 17:14:35[0m | [1mINFO    [0m | [1m主流程规则分桶跳过: bucket=manual_or_risk:简化甲基化测序21个分析技术服务（委托）合同|S|RRBS文库|NA|MANUAL_RISK+IMBALANCE, count=7, reason=总量39.8G低于最小门槛1780.8G[0m
[32m2026-05-21 17:14:35[0m | [1mINFO    [0m | [1m主流程规则分桶跳过: bucket=manual_or_risk:浙江省林业科学研究院1个完美T2T测序分析+3个超长ONT+6个转录组测序技术服务（委托）合同|S|HI-C文库(植物组织4碱基)|NA|MANUAL_RISK, count=1, reason=总量38.0G低于最小门槛2095.0G[0m
[32m2026-05-21 17:14:35[0m | [1mINFO    [0m | [1m主流程规则分桶跳过: bucket=manual_or_risk:Y-32个链特文库12G XPLUS分析技术服务（委托）合同|S|LNC非互作文库|NA|MANUAL_RISK, count=3, reason=总量36.0G低于最小门槛2095.0G[0m
[32m2026-05-21 17:14:35[0m | [1mINFO    [0m | [1m主流程规则分桶跳过: bucket=manual_or_risk:汕头大学医学院雷老师自建库测序分析技术服务（委托）合同|S|客户-ATAC-SEQ文库|NA|MANUAL_RISK+IMBALANCE, count=3, reason=总量36.0G低于最小门槛1676.0G[0m
[32m2026-05-21 17:14:35[0m | [1mINFO    [0m | [1m主流程规则分桶跳过: bucket=manual_or_risk:山东省妇幼保健院6样本转录组10G+自建库分析技术服务（委托）合同-李安娜|S|客户-动植物全基因组重测序文库|NA|MANUAL_RISK, count=5, reason=总量30.0G低于最小门槛2095.0G[0m
[32m2026-05-21 17:14:35[0m | [1mINFO    [0m | [1m主流程规则分桶跳过: bucket=manual_or_risk:景杰25年自建库测序技术服务（委托）合同|S|客户-CUT-TAG文库|NA|MANUAL_RISK+IMBALANCE, count=5, reason=总量30.0G低于最小门槛1676.0G[0m
[32m2026-05-21 17:14:35[0m | [1mINFO    [0m | [1m主流程规则分桶跳过: bucket=manual_or_risk:浙江大学2个CHIP-SEQ 建库测序X-CLEAN技术服务（委托）合同|S|CHIP-SEQ文库|NA|MANUAL_RISK, count=5, reason=总量30.0G低于最小门槛2095.0G[0m
[32m2026-05-21 17:14:35[0m | [1mINFO    [0m | [1m主流程规则分桶跳过: bucket=manual_or_risk:（极速周期）清华1个文库技术服务（委托）合同|S|客户-CUT-TAG文库|NA|MANUAL_RISK+IMBALANCE, count=5, reason=总量30.0G低于最小门槛1676.0G[0m
[32m2026-05-21 17:14:35[0m | [1mINFO    [0m | [1m主流程规则分桶跳过: bucket=manual_or_risk:25年-50例 PCR-FREE建库  X平台测序技术服务（委托）合同|S|PCR-FREE (PCR产物单建)|NA|MANUAL_RISK+IMBALANCE, count=3, reason=总量30.0G低于最小门槛2095.0G[0m
[32m2026-05-21 17:14:35[0m | [1mINFO    [0m | [1m主流程规则分桶跳过: bucket=manual_or_risk:8例CHIPSEQ建库测序分析技术服务（委托）合同|S|CHIP-SEQ文库|NA|MANUAL_RISK, count=3, reason=总量30.0G低于最小门槛2095.0G[0m
[32m2026-05-21 17:14:35[0m | [1mINFO    [0m | [1m主流程规则分桶跳过: bucket=manual_or_risk:NVUK2025072916-DK-NIVA-STEEN-8-PCR PRODUCT SEQUENCING-10GB-WOBI|S|PCR-FREE (动植物小片段)|NA|MANUAL_RISK, count=3, reason=总量30.0G低于最小门槛2095.0G[0m
[32m2026-05-21 17:14:35[0m | [1mINFO    [0m | [1m主流程规则分桶跳过: bucket=manual_or_risk:湘湖实验室100个自建库XP测序技术服务（委托）合同|S|客户-ATAC-SEQ文库|NA|MANUAL_RISK+IMBALANCE, count=3, reason=总量30.0G低于最小门槛1676.0G[0m
[32m2026-05-21 17:14:35[0m | [1mINFO    [0m | [1m主流程规则分桶跳过: bucket=manual_or_risk:儿中心陈啸龙组10个WES测序分析技术服务（委托）合同|S|外显子文库|NA|MANUAL_RISK, count=1, reason=总量30.0G低于最小门槛2095.0G[0m
[32m2026-05-21 17:14:35[0m | [1mINFO    [0m | [1m主流程规则分桶跳过: bucket=manual_or_risk:崖州湾RIBO加ATAC加转录组分析技术服务（委托）合同|S|ATAC-SEQ文库|NA|MANUAL_RISK+IMBALANCE, count=1, reason=总量30.0G低于最小门槛1676.0G[0m
[32m2026-05-21 17:14:35[0m | [1mINFO    [0m | [1m主流程规则分桶跳过: bucket=manual_or_risk:江西农业大学猪样本全转录组测序分析技术服务（委托）合同|S|LNC非互作文库|NA|MANUAL_RISK, count=1, reason=总量30.0G低于最小门槛2095.0G[0m
[32m2026-05-21 17:14:35[0m | [1mINFO    [0m | [1m主流程规则分桶跳过: bucket=manual_or_risk:广州医科大学师宪平组CUT&TAG自建库测序分析分析技术服务（委托）合同|S|客户-CUT-TAG文库|NA|MANUAL_RISK+IMBALANCE, count=4, reason=总量24.0G低于最小门槛1676.0G[0m
[32m2026-05-21 17:14:35[0m | [1mINFO    [0m | [1m主流程规则分桶跳过: bucket=manual_or_risk:TJ-US-IASU-9-RYEGRASS-WTS-12GB-NXPLUS-20M-N6000-WOBI-NVUS2025050775|S|LNC非互作文库|NA|MANUAL_RISK, count=2, reason=总量24.0G低于最小门槛2095.0G[0m
[32m2026-05-21 17:14:35[0m | [1mINFO    [0m | [1m主流程规则分桶跳过: bucket=manual_or_risk:2019年天津科服实验室测试项目-DNA平台|S|LNC非互作文库|NA|MANUAL_RISK, count=4, reason=总量22.0G低于最小门槛2095.0G[0m
[32m2026-05-21 17:14:35[0m | [1mINFO    [0m | [1m主流程规则分桶跳过: bucket=manual_or_risk:（极速周期）清华50个自建文库测序技术服务（委托）合同|S|客户-PCR产物|NA|MANUAL_RISK+IMBALANCE, count=3, reason=总量21.0G低于最小门槛1257.0G[0m
[32m2026-05-21 17:14:35[0m | [1mINFO    [0m | [1m主流程规则分桶跳过: bucket=manual_or_risk:自建库测序-NOVASEQ2025Q3技术服务（委托）合同|S|客户-PCR产物|NA|MANUAL_RISK+IMBALANCE, count=7, reason=总量19.6G低于最小门槛1257.0G[0m
[32m2026-05-21 17:14:35[0m | [1mINFO    [0m | [1m主流程规则分桶跳过: bucket=manual_or_risk:兰州大学16例自建库测序技术服务（委托）合同|S|客户-SMALL RNA文库|NA|MANUAL_RISK, count=3, reason=总量18.0G低于最小门槛2095.0G[0m
[32m2026-05-21 17:14:35[0m | [1mINFO    [0m | [1m主流程规则分桶跳过: bucket=manual_or_risk:植保所50个自建库-JL分析技术服务（委托）合同|S|客户-真核普通转录组文库|NA|MANUAL_RISK, count=3, reason=总量18.0G低于最小门槛2095.0G[0m
[32m2026-05-21 17:14:35[0m | [1mINFO    [0m | [1m主流程规则分桶跳过: bucket=manual_or_risk:长海医院6例CHIP-SEQ分析技术服务（委托）合同|S|CHIP-SEQ文库|NA|MANUAL_RISK, count=3, reason=总量18.0G低于最小门槛2095.0G[0m
[32m2026-05-21 17:14:35[0m | [1mINFO    [0m | [1m主流程规则分桶跳过: bucket=manual_or_risk:（极速周期）2025年艾斯基因建库测序年度框架分析技术服务（委托）合同|S|客户-ATAC-SEQ文库|NA|MANUAL_RISK+IMBALANCE, count=1, reason=总量14.0G低于最小门槛1676.0G[0m
[32m2026-05-21 17:14:35[0m | [1mINFO    [0m | [1m主流程规则分桶跳过: bucket=manual_or_risk:海洋所90例MRNA建库测序分析技术服务（委托）合同|S|VIP-真核普通转录组文库|NA|MANUAL_RISK, count=4, reason=总量13.9G低于最小门槛2095.0G[0m
[32m2026-05-21 17:14:35[0m | [1mINFO    [0m | [1m主流程规则分桶跳过: bucket=manual_or_risk:5个宏基因组-40G加测+50G标准分析+50GBINNING分析分析技术服务（委托）合同|S|DNA小片段文库|NA|MANUAL_RISK, count=2, reason=总量12.6G低于最小门槛2095.0G[0m
[32m2026-05-21 17:14:35[0m | [1mINFO    [0m | [1m主流程规则分桶跳过: bucket=manual_or_risk:LZY组自建库测序技术服务（委托）合同-XPLUS CLEAN|S|客户-CHIP-SEQ文库|NA|MANUAL_RISK, count=2, reason=总量12.0G低于最小门槛2095.0G[0m
[32m2026-05-21 17:14:35[0m | [1mINFO    [0m | [1m主流程规则分桶跳过: bucket=manual_or_risk:MRNA制造成本突破创新专项|S|客户-PCR产物|NA|MANUAL_RISK+IMBALANCE, count=2, reason=总量12.0G低于最小门槛1257.0G[0m
[32m2026-05-21 17:14:35[0m | [1mINFO    [0m | [1m主流程规则分桶跳过: bucket=manual_or_risk:天津市肿瘤医院100例自建库测序技术服务（委托）合同-王晟欣|S|客户-ATAC-SEQ文库|NA|MANUAL_RISK+IMBALANCE, count=2, reason=总量12.0G低于最小门槛1676.0G[0m
[32m2026-05-21 17:14:35[0m | [1mINFO    [0m | [1m主流程规则分桶跳过: bucket=manual_or_risk:天津市肿瘤医院100例自建库测序技术服务（委托）合同-王晟欣|S|客户-CUT-RUN文库|NA|MANUAL_RISK+IMBALANCE, count=2, reason=总量12.0G低于最小门槛1676.0G[0m
[32m2026-05-21 17:14:35[0m | [1mINFO    [0m | [1m主流程规则分桶跳过: bucket=manual_or_risk:重庆医科大学4例IP样本CHIP建库测序分析技术服务（委托）合同|S|CHIP-SEQ文库|NA|MANUAL_RISK, count=2, reason=总量12.0G低于最小门槛2095.0G[0m
[32m2026-05-21 17:14:35[0m | [1mINFO    [0m | [1m主流程规则分桶跳过: bucket=manual_or_risk:30例两库全转测序分析技术服务（委托）合同-HJL|S|LNC非互作文库|NA|MANUAL_RISK, count=1, reason=总量12.0G低于最小门槛2095.0G[0m
[32m2026-05-21 17:14:35[0m | [1mINFO    [0m | [1m主流程规则分桶跳过: bucket=manual_or_risk:山东第一医科大学4例ATAC自建库测序技术服务（委托）合同-刘伟|S|客户-ATAC-SEQ文库|NA|MANUAL_RISK+IMBALANCE, count=1, reason=总量12.0G低于最小门槛1676.0G[0m
[32m2026-05-21 17:14:35[0m | [1mINFO    [0m | [1m主流程规则分桶跳过: bucket=manual_or_risk:博奥汇玖自建库测序技术服务（委托）合同|S|客户-META文库|NA|MANUAL_RISK, count=2, reason=总量10.4G低于最小门槛2095.0G[0m
[32m2026-05-21 17:14:35[0m | [1mINFO    [0m | [1m主流程规则分桶跳过: bucket=manual_or_risk:工生所300例自建库测序技术服务（委托）合同|S|客户-扩增子文库|NA|MANUAL_RISK+IMBALANCE, count=2, reason=总量10.0G低于最小门槛1466.5G[0m
[32m2026-05-21 17:14:35[0m | [1mINFO    [0m | [1m主流程规则分桶跳过: bucket=manual_or_risk:自建库测序-NOVASEQ2025Q3技术服务（委托）合同|S|客户-其他碱基均衡文库|NA|MANUAL_RISK, count=2, reason=总量10.0G低于最小门槛2095.0G[0m
[32m2026-05-21 17:14:35[0m | [1mINFO    [0m | [1m主流程规则分桶跳过: bucket=manual_or_risk:2025年深圳晶泰自建库测序分析技术服务（委托）合同|S|客户-PCR产物|NA|MANUAL_RISK+IMBALANCE, count=1, reason=总量10.0G低于最小门槛1257.0G[0m
[32m2026-05-21 17:14:35[0m | [1mINFO    [0m | [1m主流程规则分桶跳过: bucket=manual_or_risk:上海市第一人民医院20份样本宏转录组建库测序分析技术服务（委托）合同|S|宏转录组|NA|MANUAL_RISK, count=1, reason=总量10.0G低于最小门槛2095.0G[0m
[32m2026-05-21 17:14:35[0m | [1mINFO    [0m | [1m主流程规则分桶跳过: bucket=manual_or_risk:军科院宏病毒组分析技术服务（委托）合同|S|宏转录组|NA|MANUAL_RISK, count=1, reason=总量10.0G低于最小门槛2095.0G[0m
[32m2026-05-21 17:14:35[0m | [1mINFO    [0m | [1m主流程规则分桶跳过: bucket=manual_or_risk:植保所5个宏病毒组测序（10G）分析技术服务（委托）合同|S|宏转录组|NA|MANUAL_RISK, count=1, reason=总量10.0G低于最小门槛2095.0G[0m
[32m2026-05-21 17:14:35[0m | [1mINFO    [0m | [1m主流程规则分桶跳过: bucket=manual_or_risk:深圳湾实验室张哲老师PE150自建库测序技术服务（委托）合同|S|客户-PCR产物|NA|MANUAL_RISK+IMBALANCE, count=1, reason=总量10.0G低于最小门槛1257.0G[0m
[32m2026-05-21 17:14:35[0m | [1mINFO    [0m | [1m主流程规则分桶跳过: bucket=manual_or_risk:青海大学9个宏病毒测序分析技术服务（委托）合同|S|宏转录组|NA|MANUAL_RISK, count=1, reason=总量10.0G低于最小门槛2095.0G[0m
[32m2026-05-21 17:14:35[0m | [1mINFO    [0m | [1m主流程规则分桶跳过: bucket=manual_or_risk:中国农业科学院郑州果树研究所桃PERFECT T2T-单倍型基因组测序分析项目分析技术服务（委托）合同|S|HI-C文库(植物组织4碱基)|NA|MANUAL_RISK, count=1, reason=总量9.8G低于最小门槛2095.0G[0m
[32m2026-05-21 17:14:35[0m | [1mINFO    [0m | [1m主流程规则分桶跳过: bucket=manual_or_risk:河南农业大学12例非编码测序分析项目分析技术服务（委托）合同|S|SMALL RNA文库|NA|MANUAL_RISK, count=3, reason=总量9.0G低于最小门槛2095.0G[0m
[32m2026-05-21 17:14:35[0m | [1mINFO    [0m | [1m主流程规则分桶跳过: bucket=manual_or_risk:湘雅医院34个TOTAL RNA测序技术服务（委托）合同|S|LNC互作文库|NA|MANUAL_RISK, count=1, reason=总量9.0G低于最小门槛2095.0G[0m
[32m2026-05-21 17:14:35[0m | [1mINFO    [0m | [1m主流程规则分桶跳过: bucket=manual_or_risk:科研-伟寰-自建库PE150年框分析技术服务（委托）合同|S|客户-微生物常规小片段文库|NA|MANUAL_RISK, count=8, reason=总量8.0G低于最小门槛2095.0G[0m
[32m2026-05-21 17:14:35[0m | [1mINFO    [0m | [1m主流程规则分桶跳过: bucket=manual_or_risk:（极速周期）清华2自建文库测序技术服务（委托）合同|S|客户-真核普通转录组文库|NA|MANUAL_RISK, count=2, reason=总量8.0G低于最小门槛2095.0G[0m
[32m2026-05-21 17:14:35[0m | [1mINFO    [0m | [1m主流程规则分桶跳过: bucket=manual_or_risk:天津市肿瘤医院100例自建库测序技术服务（委托）合同-王晟欣|S|客户-CUT-TAG文库|NA|MANUAL_RISK+IMBALANCE, count=3, reason=总量7.8G低于最小门槛1676.0G[0m
[32m2026-05-21 17:14:35[0m | [1mINFO    [0m | [1m主流程规则分桶跳过: bucket=manual_or_risk:北京林业大学群体进化测序分析技术服务（委托）合同|S|DNA小片段文库|NA|MANUAL_RISK, count=1, reason=总量7.0G低于最小门槛2095.0G[0m
[32m2026-05-21 17:14:35[0m | [1mINFO    [0m | [1m主流程规则分桶跳过: bucket=manual_or_risk:云舟生物2025年-PE150自建库年度合作协议分析技术服务（委托）合同|S|客户-PCR产物|NA|MANUAL_RISK+IMBALANCE, count=3, reason=总量6.5G低于最小门槛1257.0G[0m
[32m2026-05-21 17:14:35[0m | [1mINFO    [0m | [1m主流程规则分桶跳过: bucket=manual_or_risk:华理肖希勉45例16S和12例原核转录组测序分析技术服务（委托）合同|S|原核链特异性转录组文库|NA|MANUAL_RISK, count=3, reason=总量6.0G低于最小门槛2095.0G[0m
[32m2026-05-21 17:14:35[0m | [1mINFO    [0m | [1m主流程规则分桶跳过: bucket=manual_or_risk:（极速周期）北大SY-自建库XPLUS测序技术服务（委托）合同|S|客户-PCR产物|NA|MANUAL_RISK+IMBALANCE, count=3, reason=总量6.0G低于最小门槛1257.0G[0m
[32m2026-05-21 17:14:35[0m | [1mINFO    [0m | [1m主流程规则分桶跳过: bucket=manual_or_risk:1000 个转录组和1500个宏基因组建库测序技术服务 （委托）合同-TZL|S|VIP-真核普通转录组文库|NA|MANUAL_RISK, count=2, reason=总量6.0G低于最小门槛2095.0G[0m
[32m2026-05-21 17:14:35[0m | [1mINFO    [0m | [1m主流程规则分桶跳过: bucket=manual_or_risk:农科院100个自建库-执行第一次分析技术服务（委托）合同|S|客户-SMALL RNA文库|NA|MANUAL_RISK, count=2, reason=总量6.0G低于最小门槛2095.0G[0m
[32m2026-05-21 17:14:35[0m | [1mINFO    [0m | [1m主流程规则分桶跳过: bucket=manual_or_risk:瑞兴SMALLRNA测序技术服务（委托）合同|S|SMALL RNA文库|NA|MANUAL_RISK, count=2, reason=总量6.0G低于最小门槛2095.0G[0m
[32m2026-05-21 17:14:35[0m | [1mINFO    [0m | [1m主流程规则分桶跳过: bucket=manual_or_risk:NVHK2025060201-RU-VIGG - LEONOV - RNA SEQ - WBI|S|LNC非互作文库|NA|MANUAL_RISK, count=1, reason=总量6.0G低于最小门槛2095.0G[0m
[32m2026-05-21 17:14:35[0m | [1mINFO    [0m | [1m主流程规则分桶跳过: bucket=manual_or_risk:TJ-US-DUKE-2-MOUSE-CHIPSEQ-6GB-NOVASEQXPLUS-WOBI-NVUS2025081443|S|CHIP-SEQ文库|NA|MANUAL_RISK, count=1, reason=总量6.0G低于最小门槛2095.0G[0m
[32m2026-05-21 17:14:35[0m | [1mINFO    [0m | [1m主流程规则分桶跳过: bucket=manual_or_risk:河北工程大学+10例转录组测序分析技术服务（委托）合同|S|真核链特异性转录组文库|NA|MANUAL_RISK, count=1, reason=总量6.0G低于最小门槛2095.0G[0m
[32m2026-05-21 17:14:35[0m | [1mINFO    [0m | [1m主流程规则分桶跳过: bucket=manual_or_risk:（极速周期）清华100例自建库测序技术服务（委托）合同|S|客户-PCR产物|NA|MANUAL_RISK+IMBALANCE, count=5, reason=总量5.0G低于最小门槛1257.0G[0m
[32m2026-05-21 17:14:35[0m | [1mINFO    [0m | [1m主流程规则分桶跳过: bucket=manual_or_risk:（极速周期）清华9例自建库测序技术服务（委托）合同|S|客户-PCR产物|NA|MANUAL_RISK+IMBALANCE, count=5, reason=总量5.0G低于最小门槛1257.0G[0m
[32m2026-05-21 17:14:35[0m | [1mINFO    [0m | [1m主流程规则分桶跳过: bucket=manual_or_risk:厦大50个两库全转录组测序分析技术服务（委托）合同|S|SMALL RNA文库|NA|MANUAL_RISK, count=5, reason=总量4.9G低于最小门槛2095.0G[0m
[32m2026-05-21 17:14:35[0m | [1mINFO    [0m | [1m主流程规则分桶跳过: bucket=manual_or_risk:武汉大学30T自建库测序技术服务（委托）合同|S|客户-人重测序文库|NA|MANUAL_RISK, count=1, reason=总量4.4G低于最小门槛2095.0G[0m
[32m2026-05-21 17:14:35[0m | [1mINFO    [0m | [1m主流程规则分桶跳过: bucket=manual_or_risk:2019年天津科服实验室测试项目-DNA平台|S|VIP-真核普通转录组文库|NA|MANUAL_RISK, count=4, reason=总量4.0G低于最小门槛2095.0G[0m
[32m2026-05-21 17:14:35[0m | [1mINFO    [0m | [1m主流程规则分桶跳过: bucket=manual_or_risk:植保所200个自建库-第二次分析技术服务（委托）合同|S|客户-PCR产物|NA|MANUAL_RISK+IMBALANCE, count=4, reason=总量4.0G低于最小门槛1257.0G[0m
[32m2026-05-21 17:14:35[0m | [1mINFO    [0m | [1m主流程规则分桶跳过: bucket=manual_or_risk:（科研）北京荣畅吉PCR建库测序二代三代分析技术服务（委托）合同|S|PCR-FREE (PCR产物单建)|NA|MANUAL_RISK+IMBALANCE, count=4, reason=总量4.0G低于最小门槛2095.0G[0m
[32m2026-05-21 17:14:35[0m | [1mINFO    [0m | [1m主流程规则分桶跳过: bucket=manual_or_risk:华理潘美玉6例原核转录组分析技术服务（委托）合同|S|原核链特异性转录组文库|NA|MANUAL_RISK, count=2, reason=总量4.0G低于最小门槛2095.0G[0m
[32m2026-05-21 17:14:35[0m | [1mINFO    [0m | [1m主流程规则分桶跳过: bucket=manual_or_risk:天津医科大学-30例自建库（3G）分析技术服务（委托）合同|S|客户-扩增子文库|NA|MANUAL_RISK+IMBALANCE, count=2, reason=总量4.0G低于最小门槛1466.5G[0m
[32m2026-05-21 17:14:35[0m | [1mINFO    [0m | [1m主流程规则分桶跳过: bucket=manual_or_risk:HONG KONG-HKU-CHENG CECILIA-2 PRELIB-4G-X PLUS-WOBI-AMEA2025082718|S|客户-PCR产物|NA|MANUAL_RISK+IMBALANCE, count=1, reason=总量4.0G低于最小门槛1257.0G[0m
[32m2026-05-21 17:14:35[0m | [1mINFO    [0m | [1m主流程规则分桶跳过: bucket=manual_or_risk:北京农学院18个样本转录组测序-10G分析技术服务（委托）合同|S|VIP-真核普通转录组文库|NA|MANUAL_RISK, count=1, reason=总量4.0G低于最小门槛2095.0G[0m
[32m2026-05-21 17:14:35[0m | [1mINFO    [0m | [1m主流程规则分桶跳过: bucket=manual_or_risk:广州医科大学涂兆伟多个自建库测序分析分析技术服务（委托）合同|S|客户-CUT-TAG文库|NA|MANUAL_RISK+IMBALANCE, count=1, reason=总量4.0G低于最小门槛1676.0G[0m
[32m2026-05-21 17:14:35[0m | [1mINFO    [0m | [1m主流程规则分桶跳过: bucket=manual_or_risk:（极速周期）清华100例自建库测序技术服务（委托）合同|S|客户-其他碱基均衡文库|NA|MANUAL_RISK, count=1, reason=总量4.0G低于最小门槛2095.0G[0m
[32m2026-05-21 17:14:35[0m | [1mINFO    [0m | [1m主流程规则分桶跳过: bucket=manual_or_risk:（极速周期）清华6个自建库测序技术服务（委托）合同|S|客户-PCR产物|NA|MANUAL_RISK+IMBALANCE, count=1, reason=总量4.0G低于最小门槛1257.0G[0m
[32m2026-05-21 17:14:35[0m | [1mINFO    [0m | [1m主流程规则分桶跳过: bucket=manual_or_risk:温州肯恩大学4个拟南芥样本M6A甲基化测序分析技术服务（委托）合同|S|RNA甲基化文库-INPUT|NA|MANUAL_RISK+IMBALANCE, count=3, reason=总量3.8G低于最小门槛2095.0G[0m
[32m2026-05-21 17:14:35[0m | [1mINFO    [0m | [1m主流程规则分桶跳过: bucket=manual_or_risk:天津医科大学-12例自建库测序6G分析技术服务（委托）合同|S|客户-CUT-TAG文库|NA|MANUAL_RISK+IMBALANCE, count=2, reason=总量3.5G低于最小门槛1676.0G[0m
[32m2026-05-21 17:14:35[0m | [1mINFO    [0m | [1m主流程规则分桶跳过: bucket=manual_or_risk:华中农业大学6例靶向氨基酸代谢组+4例原核转录组测序分析技术服务（委托）合同|S|原核链特异性转录组文库|NA|MANUAL_RISK, count=3, reason=总量3.0G低于最小门槛2095.0G[0m
[32m2026-05-21 17:14:35[0m | [1mINFO    [0m | [1m主流程规则分桶跳过: bucket=manual_or_risk:7个禾本科植物基因组合同分析技术服务（委托）合同|S|HI-C文库(植物组织4碱基)|NA|MANUAL_RISK, count=1, reason=总量3.0G低于最小门槛2095.0G[0m
[32m2026-05-21 17:14:35[0m | [1mINFO    [0m | [1m主流程规则分桶跳过: bucket=manual_or_risk:海洋大学鲨鱼三代多组建库测序技术服务（委托）合同|S|HI-C文库(细胞和动物组织4碱基)|NA|MANUAL_RISK, count=1, reason=总量3.0G低于最小门槛2095.0G[0m
[32m2026-05-21 17:14:35[0m | [1mINFO    [0m | [1m主流程规则分桶跳过: bucket=manual_or_risk:NVUK2025072912-UKI-LEEDS-6-HUMAN-WTS-WBI|S|LNC互作文库|NA|MANUAL_RISK, count=1, reason=总量2.3G低于最小门槛2095.0G[0m
[32m2026-05-21 17:14:35[0m | [1mINFO    [0m | [1m主流程规则分桶跳过: bucket=manual_or_risk:1例PCR产物建库测序-XP技术服务（委托）合同|S|PCR-FREE (PCR产物单建)|NA|MANUAL_RISK+IMBALANCE, count=1, reason=总量2.3G低于最小门槛2095.0G[0m
[32m2026-05-21 17:14:35[0m | [1mINFO    [0m | [1m主流程规则分桶跳过: bucket=manual_or_risk:2025年深圳新产业生物3例样本自建库测序技术服务（委托）合同|S|客户-PCR产物|NA|MANUAL_RISK+IMBALANCE, count=2, reason=总量2.0G低于最小门槛1257.0G[0m
[32m2026-05-21 17:14:35[0m | [1mINFO    [0m | [1m主流程规则分桶跳过: bucket=manual_or_risk:50自建库-X分析技术服务（委托）合同|S|客户-动植物全基因组重测序文库|NA|MANUAL_RISK, count=1, reason=总量2.0G低于最小门槛2095.0G[0m
[32m2026-05-21 17:14:35[0m | [1mINFO    [0m | [1m主流程规则分桶跳过: bucket=manual_or_risk:中科院遗传所一个基因组DENOVO分析技术服务（委托）合同|S|HI-C文库(植物组织4碱基)|NA|MANUAL_RISK, count=1, reason=总量2.0G低于最小门槛2095.0G[0m
[32m2026-05-21 17:14:35[0m | [1mINFO    [0m | [1m主流程规则分桶跳过: bucket=manual_or_risk:首医陈老师组自建库+MRNA分析技术服务（委托）合同|S|客户-CHIP-SEQ文库|NA|MANUAL_RISK, count=1, reason=总量2.0G低于最小门槛2095.0G[0m
[32m2026-05-21 17:14:35[0m | [1mINFO    [0m | [1m主流程规则分桶跳过: bucket=manual_or_risk:TJ-US-OHSU-5-MOUSE PCR PRODUCT WGS-PCR FREE-NOVASEQ6000-5G-WOBI-NVUS2024011841|S|PCR-FREE (PCR产物单建)|NA|MANUAL_RISK+IMBALANCE, count=2, reason=总量1.8G低于最小门槛2095.0G[0m
[32m2026-05-21 17:14:35[0m | [1mINFO    [0m | [1m主流程规则分桶跳过: bucket=manual_or_risk:南科大胃组织多组学测序分析技术服务(委托)合同|S|HI-C文库(细胞和动物组织4碱基)|NA|MANUAL_RISK, count=1, reason=总量1.7G低于最小门槛2095.0G[0m
[32m2026-05-21 17:14:35[0m | [1mINFO    [0m | [1m主流程规则分桶跳过: bucket=manual_or_risk:扬州大学动物样本6例LNCRNA建库测序分析分析技术服务（委托）合同|S|LNC非互作文库|NA|MANUAL_RISK, count=1, reason=总量1.7G低于最小门槛2095.0G[0m
[32m2026-05-21 17:14:35[0m | [1mINFO    [0m | [1m主流程规则分桶跳过: bucket=manual_or_risk:哈工大12个小鼠脑组织转录组分析技术服务（委托）合同|S|VIP-真核普通转录组文库|NA|MANUAL_RISK, count=1, reason=总量1.2G低于最小门槛2095.0G[0m
[32m2026-05-21 17:14:35[0m | [1mINFO    [0m | [1m主流程规则分桶跳过: bucket=manual_or_risk:温州肯恩大学4个拟南芥样本M6A甲基化测序分析技术服务（委托）合同|S|RNA甲基化文库-IP|NA|MANUAL_RISK+IMBALANCE, count=1, reason=总量1.1G低于最小门槛2095.0G[0m
[32m2026-05-21 17:14:35[0m | [1mINFO    [0m | [1m主流程规则分桶跳过: bucket=manual_or_risk:云南省农业科学院生物技术与种质资源研究所50个样本无参转录组单拼技术服务（委托）合同|S|VIP-真核普通转录组文库|NA|MANUAL_RISK, count=1, reason=总量1.0G低于最小门槛2095.0G[0m
[32m2026-05-21 17:14:35[0m | [1mINFO    [0m | [1m主流程规则分桶跳过: bucket=manual_or_risk:北医100例样本自建库测序分析-DXY分析技术服务（委托）合同|S|客户-CHIP-SEQ文库|NA|MANUAL_RISK, count=1, reason=总量1.0G低于最小门槛2095.0G[0m
[32m2026-05-21 17:14:35[0m | [1mINFO    [0m | [1m主流程规则分桶跳过: bucket=manual_or_risk:杭州浩博PCR产物建库测序技术服务（委托）合同|S|PCR-FREE (微生物小片段)|NA|MANUAL_RISK, count=1, reason=总量1.0G低于最小门槛2095.0G[0m
[32m2026-05-21 17:14:35[0m | [1mINFO    [0m | [1m主流程规则分桶跳过: bucket=manual_or_risk:检验科单菌二代测序分析技术服务（委托）合同-2025-XYC|S|DNA小片段文库|NA|MANUAL_RISK, count=1, reason=总量1.0G低于最小门槛2095.0G[0m
[32m2026-05-21 17:14:35[0m | [1mINFO    [0m | [1m主流程规则分桶跳过: bucket=manual_or_risk:浙江大学100个客户自建库测序X技术服务（委托）合同|S|客户-PCR产物|NA|MANUAL_RISK+IMBALANCE, count=1, reason=总量1.0G低于最小门槛1257.0G[0m
[32m2026-05-21 17:14:35[0m | [1mINFO    [0m | [1m主流程规则分桶跳过: bucket=manual_or_risk:电子科大40个样本PCR-FREE建库测序需CLEAN分析技术服务（委托）合同|S|PCR-FREE (PCR产物单建)|NA|MANUAL_RISK+IMBALANCE, count=1, reason=总量1.0G低于最小门槛2095.0G[0m
[32m2026-05-21 17:14:35[0m | [1mINFO    [0m | [1m主流程规则分桶跳过: bucket=manual_or_risk:2025-北化DNA样本NOVASEQ™ X PLUS建库测序技术服务（委托）合同-LMZ|S|微生物常规小片段文库|NA|MANUAL_RISK, count=1, reason=总量0.8G低于最小门槛2095.0G[0m
[32m2026-05-21 17:14:35[0m | [1mINFO    [0m | [1m主流程规则分桶跳过: bucket=manual_or_risk:NVUK2025081411-UKI-STORMTX-13-HUMAN-LNCRNA-12GB-WOBI|S|LNC非互作文库|NA|MANUAL_RISK, count=1, reason=总量0.8G低于最小门槛2095.0G[0m
[32m2026-05-21 17:14:35[0m | [1mINFO    [0m | [1m主流程规则分桶跳过: bucket=manual_or_risk:SJ-（极速周期）北大SH-RNA样本建库测序技术服务（委托）合同|S|VIP-真核普通转录组文库|NA|MANUAL_RISK, count=1, reason=总量0.8G低于最小门槛2095.0G[0m
[32m2026-05-21 17:14:35[0m | [1mINFO    [0m | [1m主流程规则分桶跳过: bucket=manual_or_risk:华中农业大学14个样本转录组测序和8个样本自建库测序分析技术服务（委托）合同|S|客户-CHIP-SEQ文库|NA|MANUAL_RISK, count=1, reason=总量0.8G低于最小门槛2095.0G[0m
[32m2026-05-21 17:14:35[0m | [1mINFO    [0m | [1m主流程规则分桶跳过: bucket=manual_or_risk:华中农业大学400个MRNA 链特异性建库测序技术服务（委托）合同|S|真核链特异性转录组文库|NA|MANUAL_RISK, count=1, reason=总量0.8G低于最小门槛2095.0G[0m
[32m2026-05-21 17:14:35[0m | [1mINFO    [0m | [1m主流程规则分桶跳过: bucket=manual_or_risk:南方医林樱老师52例转录组分析技术服务（委托）合同|S|VIP-真核普通转录组文库|NA|MANUAL_RISK, count=1, reason=总量0.8G低于最小门槛2095.0G[0m
[32m2026-05-21 17:14:35[0m | [1mINFO    [0m | [1m主流程规则分桶跳过: bucket=manual_or_risk:暨大-转录组建库测序标准分析技术服务（委托）合同|S|VIP-真核普通转录组文库|NA|MANUAL_RISK, count=1, reason=总量0.8G低于最小门槛2095.0G[0m
[32m2026-05-21 17:14:35[0m | [1mINFO    [0m | [1m主流程规则分桶跳过: bucket=manual_or_risk:武汉大学30T自建库测序技术服务（委托）合同|S|客户-其他碱基均衡文库|NA|MANUAL_RISK, count=1, reason=总量0.8G低于最小门槛2095.0G[0m
[32m2026-05-21 17:14:35[0m | [1mINFO    [0m | [1m主流程规则分桶跳过: bucket=manual_or_risk:河南农业大学100例自建库测序项目分析技术服务（委托）合同|S|客户-动植物全基因组重测序文库|NA|MANUAL_RISK, count=1, reason=总量0.8G低于最小门槛2095.0G[0m
[32m2026-05-21 17:14:35[0m | [1mINFO    [0m | [1m主流程规则分桶跳过: bucket=manual_or_risk:浙二李丛笋老师6例原核转录组和扩增子分析技术服务（委托）合同|S|原核链特异性转录组文库|NA|MANUAL_RISK, count=1, reason=总量0.8G低于最小门槛2095.0G[0m
[32m2026-05-21 17:14:35[0m | [1mINFO    [0m | [1m主流程规则分桶跳过: bucket=manual_or_risk:浙大16个医口转录组测序分析技术服务（委托）合同|S|VIP-真核普通转录组文库|NA|MANUAL_RISK, count=1, reason=总量0.8G低于最小门槛2095.0G[0m
[32m2026-05-21 17:14:35[0m | [1mINFO    [0m | [1m主流程规则分桶跳过: bucket=manual_or_risk:西湖大学李小波LAB郭康宁30例原核转录组建库测序技术服务（委托）合同|S|原核链特异性转录组文库|NA|MANUAL_RISK, count=1, reason=总量0.8G低于最小门槛2095.0G[0m
[32m2026-05-21 17:14:35[0m | [1mINFO    [0m | [1m主流程规则分桶跳过: bucket=manual_or_risk:项目10000个样本DNA小片段提取建库测序技术服务（委托）合同|S|DNA小片段文库|NA|MANUAL_RISK, count=1, reason=总量0.8G低于最小门槛2095.0G[0m
[32m2026-05-21 17:14:35[0m | [1mINFO    [0m | [1m主流程规则分桶跳过: bucket=manual_or_risk:JQ_CUT TAG建库测序分析技术服务（委托）合同|S|CUT TAG文库（细胞）|NA|MANUAL_RISK+IMBALANCE, count=1, reason=总量0.5G低于最小门槛1676.0G[0m
[32m2026-05-21 17:14:35[0m | [1mINFO    [0m | [1m主流程规则分桶跳过: bucket=ten_x:西部中心24例10X单细胞测序分析技术服务（委托）合同|S|10X转录组-3'文库|NA|TENX+MANUAL_RISK+IMBALANCE, count=8, reason=总量518.9G低于最小门槛1995.0G[0m
[32m2026-05-21 17:14:35[0m | [1mINFO    [0m | [1m主流程规则分桶跳过: bucket=ten_x:精准医学25年自建库PE150测序技术服务（委托）合同|S|客户文库-10X VISIUM 文库|NA|TENX+MANUAL_RISK+IMBALANCE, count=5, reason=总量400.0G低于最小门槛1995.0G[0m
[32m2026-05-21 17:14:35[0m | [1mINFO    [0m | [1m主流程规则分桶跳过: bucket=ten_x:基层医药学会10X HD空间转录组分析技术服务（委托）合同|S|10X HD VISIUM空间转录组文库(新)|NA|TENX+MANUAL_RISK+IMBALANCE, count=2, reason=总量210.0G低于最小门槛1990.2G[0m
[32m2026-05-21 17:14:35[0m | [1mINFO    [0m | [1m主流程规则分桶跳过: bucket=ten_x:浙大二院张国强老师6例单细胞测序技术服务（委托）合同|S|10X转录组-3'文库|NA|TENX+MANUAL_RISK+IMBALANCE, count=4, reason=总量200.0G低于最小门槛1995.0G[0m
[32m2026-05-21 17:14:35[0m | [1mINFO    [0m | [1m主流程规则分桶跳过: bucket=ten_x:天津医科大学总医院-10例10X3' V4试剂单细胞测序分析技术服务（委托）合同|S|10X转录组-3'文库|NA|TENX+MANUAL_RISK+IMBALANCE, count=3, reason=总量190.4G低于最小门槛1995.0G[0m
[32m2026-05-21 17:14:35[0m | [1mINFO    [0m | [1m主流程规则分桶跳过: bucket=ten_x:150个样本10X GENOMICS 3'端（V4试剂）单细胞转录组测序矩阵分析技术服务（委托）合同|S|10X转录组-3'文库|NA|TENX+MANUAL_RISK+IMBALANCE, count=4, reason=总量185.4G低于最小门槛1995.0G[0m
[32m2026-05-21 17:14:35[0m | [1mINFO    [0m | [1m主流程规则分桶跳过: bucket=ten_x:精准医学25年自建库PE150测序技术服务（委托）合同|S|客户-10X 3 单细胞转录组文库|NA|TENX+MANUAL_RISK+IMBALANCE, count=2, reason=总量180.0G低于最小门槛1995.0G[0m
[32m2026-05-21 17:14:35[0m | [1mINFO    [0m | [1m主流程规则分桶跳过: bucket=ten_x:山东省立医院50例单细胞+VDJ分析技术服务（委托）合同|S|10X转录组-5'文库|NA|TENX+MANUAL_RISK+IMBALANCE, count=1, reason=总量150.0G低于最小门槛1995.0G[0m
[32m2026-05-21 17:14:35[0m | [1mINFO    [0m | [1m主流程规则分桶跳过: bucket=ten_x:扬州大学医学院12个10X GENOMICS V4 GEMX单细胞测序分析技术服务（委托）合同|S|10X转录组-3'文库|NA|TENX+MANUAL_RISK+IMBALANCE, count=3, reason=总量147.1G低于最小门槛1995.0G[0m
[32m2026-05-21 17:14:35[0m | [1mINFO    [0m | [1m主流程规则分桶跳过: bucket=ten_x:暨大-单细胞建库测序分析分析技术服务（委托）合同|S|10X转录组-3'文库|NA|TENX+MANUAL_RISK+IMBALANCE, count=3, reason=总量145.5G低于最小门槛1995.0G[0m
[32m2026-05-21 17:14:35[0m | [1mINFO    [0m | [1m主流程规则分桶跳过: bucket=ten_x:广医三院3例睾丸组织单细胞测序分析技术服务（委托）合同|S|10X转录组-3'文库|NA|TENX+MANUAL_RISK+IMBALANCE, count=2, reason=总量103.1G低于最小门槛1995.0G[0m
[32m2026-05-21 17:14:35[0m | [1mINFO    [0m | [1m主流程规则分桶跳过: bucket=ten_x:50例自建库测序技术服务（委托）合同-高世栋|S|客户-10X 5 单细胞转录组文库|NA|TENX+MANUAL_RISK+IMBALANCE, count=1, reason=总量100.0G低于最小门槛1995.0G[0m
[32m2026-05-21 17:14:35[0m | [1mINFO    [0m | [1m主流程规则分桶跳过: bucket=ten_x:长征医院30例单细胞GEM-FLEX-60G矩阵分析+30例空转VISIUM HD-100G矩阵分析技术服务（委托）合同|S|10X HD VISIUM空间转录组文库(新)|NA|TENX+MANUAL_RISK+IMBALANCE, count=1, reason=总量100.0G低于最小门槛1990.2G[0m
[32m2026-05-21 17:14:35[0m | [1mINFO    [0m | [1m主流程规则分桶跳过: bucket=ten_x:2个样本10X GENOMICS 3'端单细胞转录组分析技术服务（委托）合同-LX|S|10X转录组-3'文库|NA|TENX+MANUAL_RISK+IMBALANCE, count=2, reason=总量100.0G低于最小门槛1995.0G[0m
[32m2026-05-21 17:14:35[0m | [1mINFO    [0m | [1m主流程规则分桶跳过: bucket=ten_x:2025年深圳微科盟单细胞测序分析技术服务（委托）合同|S|10X转录组-3'文库|NA|TENX+MANUAL_RISK+IMBALANCE, count=2, reason=总量96.8G低于最小门槛1995.0G[0m
[32m2026-05-21 17:14:35[0m | [1mINFO    [0m | [1m主流程规则分桶跳过: bucket=ten_x:130例食管癌10X GENOMICS GEM-X +V4试剂单细胞转录组测序分析技术服务（委托）合同|S|10X转录组-3'文库|NA|TENX+MANUAL_RISK+IMBALANCE, count=1, reason=总量81.5G低于最小门槛1995.0G[0m
[32m2026-05-21 17:14:35[0m | [1mINFO    [0m | [1m主流程规则分桶跳过: bucket=ten_x:复旦大学 张政辉 12例 10X3''单细胞测序矩阵分析技术服务（委托）合同|S|10X转录组-3'文库|NA|TENX+MANUAL_RISK+IMBALANCE, count=1, reason=总量50.1G低于最小门槛1995.0G[0m
[32m2026-05-21 17:14:35[0m | [1mINFO    [0m | [1m主流程规则分桶跳过: bucket=ten_x:7例3端单细胞转录组测序分析技术服务（委托）合同-CXX|S|10X转录组-3'文库|NA|TENX+MANUAL_RISK+IMBALANCE, count=1, reason=总量50.0G低于最小门槛1995.0G[0m
[32m2026-05-21 17:14:35[0m | [1mINFO    [0m | [1m主流程规则分桶跳过: bucket=ten_x:康龙化成（北京）2024-2025年度建库测序分析技术服务（委托）合同|S|客户-10X转录组文库|NA|TENX+MANUAL_RISK+IMBALANCE, count=1, reason=总量50.0G低于最小门槛2095.0G[0m
[32m2026-05-21 17:14:35[0m | [1mINFO    [0m | [1m主流程规则分桶跳过: bucket=ten_x:神外所2例单细胞3'转录组测序分析-250805分析技术服务（委托）合同|S|10X转录组-3'文库|NA|TENX+MANUAL_RISK+IMBALANCE, count=1, reason=总量50.0G低于最小门槛1995.0G[0m
[32m2026-05-21 17:14:35[0m | [1mINFO    [0m | [1m主流程规则分桶跳过: bucket=ten_x:宣武医院40例5'端单细胞+VDJ分析技术服务（委托）合同-ZYT|S|10X转录组-5'文库|NA|TENX+MANUAL_RISK+IMBALANCE, count=1, reason=总量45.3G低于最小门槛1995.0G[0m
[32m2026-05-21 17:14:35[0m | [1mINFO    [0m | [1m主流程规则分桶跳过: bucket=ten_x:山东大学4例10X3'单细胞建库测序矩阵分析技术服务（委托）合同-邵琪琪|S|10X转录组-3'文库|NA|TENX+MANUAL_RISK+IMBALANCE, count=1, reason=总量42.0G低于最小门槛1995.0G[0m
[32m2026-05-21 17:14:35[0m | [1mINFO    [0m | [1m主流程规则分桶跳过: bucket=ten_x:四川大学华西医院5个单细胞核转录组建库测序技术服务（委托）合同|S|10X转录组-3'文库|NA|TENX+MANUAL_RISK+IMBALANCE, count=1, reason=总量35.0G低于最小门槛1995.0G[0m
[32m2026-05-21 17:14:35[0m | [1mINFO    [0m | [1m主流程规则分桶跳过: bucket=ten_x:300个单细胞文库测序技术服务（委托）合同|S|客户-单细胞文库|NA|TENX+MANUAL_RISK+IMBALANCE, count=1, reason=总量30.0G低于最小门槛1843.6G[0m
[32m2026-05-21 17:14:35[0m | [1mINFO    [0m | [1m主流程规则分桶跳过: bucket=ten_x:深圳市人民医院小鼠样本10X 5端+TCR+BCR 单细胞转录组建库测序及高级分析技术服务（委托）合同|S|10X转录组V(D)J-BCR文库|NA|TENX+MANUAL_RISK+IMBALANCE, count=4, reason=总量28.1G低于最小门槛1995.0G[0m
[32m2026-05-21 17:14:35[0m | [1mINFO    [0m | [1m主流程规则分桶跳过: bucket=ten_x:博迪贺康12例小鼠小肠单细胞转录组测序分析技术服务（委托）合同|S|10X转录组-3'文库|NA|TENX+MANUAL_RISK+IMBALANCE, count=1, reason=总量24.8G低于最小门槛1995.0G[0m
[32m2026-05-21 17:14:35[0m | [1mINFO    [0m | [1m主流程规则分桶跳过: bucket=ten_x:深圳市人民医院小鼠样本10X 5端+TCR+BCR 单细胞转录组建库测序及高级分析技术服务（委托）合同|S|10X转录组V(D)J-TCR文库|NA|TENX+MANUAL_RISK+IMBALANCE, count=3, reason=总量20.9G低于最小门槛1995.0G[0m
[32m2026-05-21 17:14:35[0m | [1mINFO    [0m | [1m主流程规则分桶跳过: bucket=ten_x:西湖大学程赛凤LAB自建库测序（XPLUS）试测技术服务（委托）合同|S|客户-10X 3 单细胞转录组文库|NA|TENX+MANUAL_RISK+IMBALANCE, count=1, reason=总量12.8G低于最小门槛1995.0G[0m
[32m2026-05-21 17:14:35[0m | [1mINFO    [0m | [1m主流程规则分桶跳过: bucket=ten_x:100例样本单细胞5+T+B测序分析技术服务（委托）合同-LY|S|10X转录组V(D)J-TCR文库|NA|TENX+MANUAL_RISK+IMBALANCE, count=1, reason=总量10.0G低于最小门槛1995.0G[0m
[32m2026-05-21 17:14:35[0m | [1mINFO    [0m | [1m主流程规则分桶跳过: bucket=ten_x:山东省立医院50例单细胞+VDJ分析技术服务（委托）合同|S|10X转录组V(D)J-TCR文库|NA|TENX+MANUAL_RISK+IMBALANCE, count=1, reason=总量10.0G低于最小门槛1995.0G[0m
[32m2026-05-21 17:14:35[0m | [1mINFO    [0m | [1m主流程规则分桶跳过: bucket=ten_x:智新浩正21例10XV3 5'+BCR+TCR单细胞转录组测序分析技术服务合同-1|S|10X转录组V(D)J-TCR文库|NA|TENX+MANUAL_RISK+IMBALANCE, count=1, reason=总量10.0G低于最小门槛1995.0G[0m
[32m2026-05-21 17:14:35[0m | [1mINFO    [0m | [1m主流程规则分桶跳过: bucket=ten_x:神外所20例单细胞三代全长转录组（0NT）+10例单细胞5'转录组+TCR+BCR建库测序分析技术服务（委托）合同|S|10X转录组V(D)J-TCR文库|NA|TENX+MANUAL_RISK+IMBALANCE, count=1, reason=总量10.0G低于最小门槛1995.0G[0m
[32m2026-05-21 17:14:35[0m | [1mINFO    [0m | [1m主流程规则分桶跳过: bucket=ten_x:深圳市人民医院小鼠样本10X 5端+TCR+BCR 单细胞转录组建库测序及高级分析技术服务（委托）合同|S|10X转录组-5'文库|NA|TENX+MANUAL_RISK+IMBALANCE, count=2, reason=总量8.9G低于最小门槛1995.0G[0m
[32m2026-05-21 17:14:35[0m | [1mINFO    [0m | [1m主流程规则分桶跳过: bucket=ten_x:NVUK2025072303-EU-ES-IBS-8 SMARTER RNA-SEQUENCING 6G-ANGEL-WBI|S|单细胞文库|NA|TENX+MANUAL_RISK+IMBALANCE, count=1, reason=总量6.0G低于最小门槛1843.6G[0m
[32m2026-05-21 17:14:35[0m | [1mINFO    [0m | [1m主流程规则分桶跳过: bucket=ten_x:中国科学院大连化学物理研究所50个样本的自建库分析技术服务（委托）合同|S|客户-单细胞文库|NA|TENX+MANUAL_RISK+IMBALANCE, count=4, reason=总量4.0G低于最小门槛1843.6G[0m
[32m2026-05-21 17:14:35[0m | [1mINFO    [0m | [1m主流程规则分桶跳过: bucket=ten_x:宣武医院40例5'端单细胞+VDJ分析技术服务（委托）合同-ZYT|S|10X转录组V(D)J-BCR文库|NA|TENX+MANUAL_RISK+IMBALANCE, count=3, reason=总量3.4G低于最小门槛1995.0G[0m
[32m2026-05-21 17:14:35[0m | [1mINFO    [0m | [1m主流程规则分桶跳过: bucket=ten_x:21例10XV3 5'+BCR+TCR单细胞转录组测序分析技术服务合同|S|10X转录组V(D)J-BCR文库|NA|TENX+MANUAL_RISK+IMBALANCE, count=1, reason=总量1.4G低于最小门槛1995.0G[0m
[32m2026-05-21 17:14:35[0m | [1mINFO    [0m | [1m主流程规则分桶跳过: bucket=general:康龙化成（北京）2024-2025年度建库测序分析技术服务（委托）合同|Z|真核链特异性转录组文库|NA|NORMAL, count=77, reason=总量462.0G低于最小门槛2095.0G[0m
[32m2026-05-21 17:14:35[0m | [1mINFO    [0m | [1m主流程规则分桶跳过: bucket=general:内蒙古双奇药业股份有限公司25年宏基因组测序分析技术服务（委托）合同|Z|DNA小片段文库|NA|NORMAL, count=40, reason=总量207.2G低于最小门槛2095.0G[0m
[32m2026-05-21 17:14:35[0m | [1mINFO    [0m | [1m主流程规则分桶跳过: bucket=general:269个蜜蜂7G基因组测序XPLUS分析技术服务（委托）合同|Z|DNA小片段文库|NA|NORMAL, count=55, reason=总量174.9G低于最小门槛2095.0G[0m
[32m2026-05-21 17:14:35[0m | [1mINFO    [0m | [1m主流程规则分桶跳过: bucket=general:内蒙古大学100个宏基因组测序分析技术服务委托合同|Z|DNA小片段文库|NA|NORMAL, count=41, reason=总量141.1G低于最小门槛2095.0G[0m
[32m2026-05-21 17:14:35[0m | [1mINFO    [0m | [1m主流程规则分桶跳过: bucket=general:地理所126个宏基因组+252个扩增子分析技术服务（委托）合同|Z|DNA小片段文库|NA|NORMAL, count=57, reason=总量130.3G低于最小门槛2095.0G[0m
[32m2026-05-21 17:14:35[0m | [1mINFO    [0m | [1m主流程规则分桶跳过: bucket=general:苏州京脉25-RNA真核链特转录组建库测序项目技术服务（委托）合同|Z|真核链特异性转录组文库|NA|NORMAL, count=22, reason=总量114.2G低于最小门槛2095.0G[0m
[32m2026-05-21 17:14:35[0m | [1mINFO    [0m | [1m主流程规则分桶跳过: bucket=general:广医脑科郑娜娜老师200例转录组分析技术服务（委托）合同|Z|VIP-真核普通转录组文库|NA|NORMAL, count=18, reason=总量108.0G低于最小门槛2095.0G[0m
[32m2026-05-21 17:14:35[0m | [1mINFO    [0m | [1m主流程规则分桶跳过: bucket=general:20个样本宏病毒组+宏基因组+扩增子建库测序分析技术服务（委托）合同|Z|DNA小片段文库|NA|NORMAL, count=2, reason=总量99.9G低于最小门槛2095.0G[0m
[32m2026-05-21 17:14:35[0m | [1mINFO    [0m | [1m主流程规则分桶跳过: bucket=general:YC后海生物-2025年度建库测序项目分析技术服务（委托）合同|Z|DNA小片段文库|NA|NORMAL, count=9, reason=总量93.2G低于最小门槛2095.0G[0m
[32m2026-05-21 17:14:35[0m | [1mINFO    [0m | [1m主流程规则分桶跳过: bucket=general:新桥医院 120例转录组+18例ITS+24例宏基因组测序分析技术服务（委托）合同|Z|VIP-真核普通转录组文库|NA|NORMAL, count=31, reason=总量79.3G低于最小门槛2095.0G[0m
[32m2026-05-21 17:14:35[0m | [1mINFO    [0m | [1m主流程规则分桶跳过: bucket=general:2025年深圳微科盟NGS测序分析技术服务（委托）合同|Z|DNA小片段文库|NA|NORMAL, count=22, reason=总量78.0G低于最小门槛2095.0G[0m
[32m2026-05-21 17:14:35[0m | [1mINFO    [0m | [1m主流程规则分桶跳过: bucket=general:宁波大学海洋学院117个扩增子+2个宏基因组测序分析技术服务（委托）合同|Z|DNA小片段文库|NA|NORMAL, count=10, reason=总量76.5G低于最小门槛2095.0G[0m
[32m2026-05-21 17:14:35[0m | [1mINFO    [0m | [1m主流程规则分桶跳过: bucket=general:菲沙25年转录组框架分析技术服务（委托）合同|Z|VIP-真核普通转录组文库|NA|NORMAL, count=30, reason=总量74.0G低于最小门槛2095.0G[0m
[32m2026-05-21 17:14:35[0m | [1mINFO    [0m | [1m主流程规则分桶跳过: bucket=general:天津医院3例全基因组测序分析技术服务（委托）合同-张春智|Z|DNA小片段文库|NA|NORMAL, count=2, reason=总量61.5G低于最小门槛2095.0G[0m
[32m2026-05-21 17:14:35[0m | [1mINFO    [0m | [1m主流程规则分桶跳过: bucket=general:海岸带所30个牡蛎转录组测序分析技术服务（委托）合同|Z|VIP-真核普通转录组文库|NA|NORMAL, count=9, reason=总量54.0G低于最小门槛2095.0G[0m
[32m2026-05-21 17:14:35[0m | [1mINFO    [0m | [1m主流程规则分桶跳过: bucket=general:江南大学META建库测序-2025分析技术服务（委托）合同|Z|DNA小片段文库|NA|NORMAL, count=12, reason=总量53.6G低于最小门槛2095.0G[0m
[32m2026-05-21 17:14:35[0m | [1mINFO    [0m | [1m主流程规则分桶跳过: bucket=general:LY_600例宏基因组建库测序分析技术服务（委托）合同|Z|DNA小片段文库|NA|NORMAL, count=21, reason=总量51.1G低于最小门槛2095.0G[0m
[32m2026-05-21 17:14:35[0m | [1mINFO    [0m | [1m主流程规则分桶跳过: bucket=general:5月枫梓25年测序项目技术服务（委托）合同|Z|VIP-真核普通转录组文库|NA|NORMAL, count=17, reason=总量48.1G低于最小门槛2095.0G[0m
[32m2026-05-21 17:14:35[0m | [1mINFO    [0m | [1m主流程规则分桶跳过: bucket=general:国科大100例转录组链特定量分析技术服务（委托）合同|Z|真核链特异性转录组文库|NA|NORMAL, count=8, reason=总量48.0G低于最小门槛2095.0G[0m
[32m2026-05-21 17:14:35[0m | [1mINFO    [0m | [1m主流程规则分桶跳过: bucket=general:30个META提取建库测序分析技术服务（委托）合同|Z|DNA小片段文库|NA|NORMAL, count=11, reason=总量39.6G低于最小门槛2095.0G[0m
[32m2026-05-21 17:14:35[0m | [1mINFO    [0m | [1m主流程规则分桶跳过: bucket=general:博奥晶典ILLUMINA建库测序及质控 技术服务（委托）合同-2025|Z|VIP-真核普通转录组文库|NA|NORMAL, count=12, reason=总量37.0G低于最小门槛2095.0G[0m
[32m2026-05-21 17:14:35[0m | [1mINFO    [0m | [1m主流程规则分桶跳过: bucket=general:荷叶铁线蕨-丰都车前-疏花水柏枝等三种优异植物资源重要性状形成的分子遗传机制及关键基因发掘和鉴定科研项目测试化验加工合同|Z|VIP-真核普通转录组文库|NA|NORMAL, count=6, reason=总量36.0G低于最小门槛2095.0G[0m
[32m2026-05-21 17:14:35[0m | [1mINFO    [0m | [1m主流程规则分桶跳过: bucket=general:转录组-8测序分析技术服务（委托）合同|Z|VIP-真核普通转录组文库|NA|NORMAL, count=6, reason=总量36.0G低于最小门槛2095.0G[0m
[32m2026-05-21 17:14:35[0m | [1mINFO    [0m | [1m主流程规则分桶跳过: bucket=general:（极速周期）ILLUMINA平台宏基因组测序分析分析技术服务（委托）合同|Z|DNA小片段文库|NA|NORMAL, count=7, reason=总量35.1G低于最小门槛2095.0G[0m
[32m2026-05-21 17:14:35[0m | [1mINFO    [0m | [1m主流程规则分桶跳过: bucket=general:广州海洋实验室-魏老师组多组学-2025分析技术服务（委托）合同|Z|VIP-真核普通转录组文库|NA|NORMAL, count=13, reason=总量33.6G低于最小门槛2095.0G[0m
[32m2026-05-21 17:14:35[0m | [1mINFO    [0m | [1m主流程规则分桶跳过: bucket=general:动科所18个16S扩增子、非靶代谢和转录组建库测序分析技术服务（委托）合同|Z|VIP-真核普通转录组文库|NA|NORMAL, count=11, reason=总量31.5G低于最小门槛2095.0G[0m
[32m2026-05-21 17:14:35[0m | [1mINFO    [0m | [1m主流程规则分桶跳过: bucket=general:微生物所姜霁航老师转录组测序（框架）分析技术服务（委托）合同|Z|VIP-真核普通转录组文库|NA|NORMAL, count=12, reason=总量30.2G低于最小门槛2095.0G[0m
[32m2026-05-21 17:14:35[0m | [1mINFO    [0m | [1m主流程规则分桶跳过: bucket=general:新桥医院 18例小鼠卵巢转录组测序分析技术服务（委托）合同|Z|VIP-真核普通转录组文库|NA|NORMAL, count=10, reason=总量30.1G低于最小门槛2095.0G[0m
[32m2026-05-21 17:14:35[0m | [1mINFO    [0m | [1m主流程规则分桶跳过: bucket=general:中大附一张玉超6个转录组分析技术服务（委托）合同|Z|VIP-真核普通转录组文库|NA|NORMAL, count=5, reason=总量30.0G低于最小门槛2095.0G[0m
[32m2026-05-21 17:14:35[0m | [1mINFO    [0m | [1m主流程规则分桶跳过: bucket=general:竹藤300链特转录组分析技术服务（委托）合同|Z|真核链特异性转录组文库|NA|NORMAL, count=13, reason=总量30.0G低于最小门槛2095.0G[0m
[32m2026-05-21 17:14:35[0m | [1mINFO    [0m | [1m主流程规则分桶跳过: bucket=general:78个皮肤拭子+78个眼部拭子（16S V34+ITS1~5F）+68个粪便宏基因组测序分析技术服务（委托）合同|Z|DNA小片段文库|NA|NORMAL, count=14, reason=总量30.0G低于最小门槛2095.0G[0m
[32m2026-05-21 17:14:35[0m | [1mINFO    [0m | [1m主流程规则分桶跳过: bucket=general:项目2100个样本转录组测序分析技术服务（委托）合同|Z|VIP-真核普通转录组文库|NA|NORMAL, count=11, reason=总量27.3G低于最小门槛2095.0G[0m
[32m2026-05-21 17:14:35[0m | [1mINFO    [0m | [1m主流程规则分桶跳过: bucket=general:45个皮肤拭子+46个眼部拭子（16 SV 3V4+ITS1~5F）+41个粪便宏基因组测序分析技术服务（委托）合同|Z|DNA小片段文库|NA|NORMAL, count=12, reason=总量26.5G低于最小门槛2095.0G[0m
[32m2026-05-21 17:14:35[0m | [1mINFO    [0m | [1m主流程规则分桶跳过: bucket=general:1000 个转录组和1500个宏基因组建库测序技术服务 （委托）合同-TZL|Z|VIP-真核普通转录组文库|NA|NORMAL, count=5, reason=总量25.1G低于最小门槛2095.0G[0m
[32m2026-05-21 17:14:35[0m | [1mINFO    [0m | [1m主流程规则分桶跳过: bucket=general:林果所48例二代转录组+1例三代全长转录组分析-Y技术服务（委托）合同|Z|VIP-真核普通转录组文库|NA|NORMAL, count=4, reason=总量24.0G低于最小门槛2095.0G[0m
[32m2026-05-21 17:14:35[0m | [1mINFO    [0m | [1m主流程规则分桶跳过: bucket=general:西部战区总医院40个全血转录组测序分析技术服务（委托）合同|Z|VIP-真核普通转录组文库|NA|NORMAL, count=4, reason=总量24.0G低于最小门槛2095.0G[0m
[32m2026-05-21 17:14:35[0m | [1mINFO    [0m | [1m主流程规则分桶跳过: bucket=general:2025年福建漫修生物宏基因组建库测序技术服务（委托）合同|Z|DNA小片段文库|NA|NORMAL, count=6, reason=总量23.8G低于最小门槛2095.0G[0m
[32m2026-05-21 17:14:35[0m | [1mINFO    [0m | [1m主流程规则分桶跳过: bucket=general:50例真核转录组+原核转录组分析技术服务（委托）合同|Z|VIP-真核普通转录组文库|NA|NORMAL, count=8, reason=总量22.9G低于最小门槛2095.0G[0m
[32m2026-05-21 17:14:35[0m | [1mINFO    [0m | [1m主流程规则分桶跳过: bucket=general:珠江医院汪胜宇300个宏基因组分析技术服务（委托）合同|Z|DNA小片段文库|NA|NORMAL, count=5, reason=总量22.8G低于最小门槛2095.0G[0m
[32m2026-05-21 17:14:35[0m | [1mINFO    [0m | [1m主流程规则分桶跳过: bucket=general:12个转录组重测序分析技术服务（委托）合同-YYH|Z|VIP-真核普通转录组文库|NA|NORMAL, count=4, reason=总量22.6G低于最小门槛2095.0G[0m
[32m2026-05-21 17:14:35[0m | [1mINFO    [0m | [1m主流程规则分桶跳过: bucket=general:天津肿瘤医院12例转录组测序分析技术服务（委托）合同-杨舒童|Z|VIP-真核普通转录组文库|NA|NORMAL, count=8, reason=总量21.8G低于最小门槛2095.0G[0m
[32m2026-05-21 17:14:35[0m | [1mINFO    [0m | [1m主流程规则分桶跳过: bucket=general:内蒙古农业大学单菌菌体二代建库测序质控技术服务（委托）合同|Z|DNA小片段文库|NA|NORMAL, count=27, reason=总量21.6G低于最小门槛2095.0G[0m
[32m2026-05-21 17:14:35[0m | [1mINFO    [0m | [1m主流程规则分桶跳过: bucket=general:浙江农林大学暨阳学院18个转录组测序分析技术服务（委托）合同|Z|VIP-真核普通转录组文库|NA|NORMAL, count=7, reason=总量19.2G低于最小门槛2095.0G[0m
[32m2026-05-21 17:14:35[0m | [1mINFO    [0m | [1m主流程规则分桶跳过: bucket=general:瑞金医院叶静组黄超尘老师150例二代转录组X测序技术服务（委托）合同|Z|VIP-真核普通转录组文库|NA|NORMAL, count=4, reason=总量19.0G低于最小门槛2095.0G[0m
[32m2026-05-21 17:14:35[0m | [1mINFO    [0m | [1m主流程规则分桶跳过: bucket=general:内蒙古农业大学单菌基因组建库测序技术服务（委托）合同|Z|DNA小片段文库|NA|NORMAL, count=23, reason=总量18.4G低于最小门槛2095.0G[0m
[32m2026-05-21 17:14:35[0m | [1mINFO    [0m | [1m主流程规则分桶跳过: bucket=general:北医焦田田老师6个样本转录组测序分析技术服务（委托）合同|Z|VIP-真核普通转录组文库|NA|NORMAL, count=3, reason=总量18.0G低于最小门槛2095.0G[0m
[32m2026-05-21 17:14:35[0m | [1mINFO    [0m | [1m主流程规则分桶跳过: bucket=general:四川省肿瘤医院12例RNA-SEQ分析技术服务（委托）合同|Z|VIP-真核普通转录组文库|NA|NORMAL, count=3, reason=总量18.0G低于最小门槛2095.0G[0m
[32m2026-05-21 17:14:35[0m | [1mINFO    [0m | [1m主流程规则分桶跳过: bucket=general:宣武医院9例转录组分析技术服务（委托）合同|Z|VIP-真核普通转录组文库|NA|NORMAL, count=3, reason=总量18.0G低于最小门槛2095.0G[0m
[32m2026-05-21 17:14:35[0m | [1mINFO    [0m | [1m主流程规则分桶跳过: bucket=general:南华大学18个转录+30个蛋白+110个代谢检测分析技术服务（委托）合同|Z|VIP-真核普通转录组文库|NA|NORMAL, count=7, reason=总量17.4G低于最小门槛2095.0G[0m
[32m2026-05-21 17:14:35[0m | [1mINFO    [0m | [1m主流程规则分桶跳过: bucket=general:50例转录组测序分析技术服务（委托）合同-LYX|Z|VIP-真核普通转录组文库|NA|NORMAL, count=7, reason=总量17.1G低于最小门槛2095.0G[0m
[32m2026-05-21 17:14:35[0m | [1mINFO    [0m | [1m主流程规则分桶跳过: bucket=general:8个样本的转录组 测序分析技术服务（委托）合同|Z|VIP-真核普通转录组文库|NA|NORMAL, count=6, reason=总量16.8G低于最小门槛2095.0G[0m
[32m2026-05-21 17:14:35[0m | [1mINFO    [0m | [1m主流程规则分桶跳过: bucket=general:广州海洋实验室81个宏基因组2+3分析技术服务（委托）合同|Z|VIP-META文库|NA|NORMAL, count=3, reason=总量16.1G低于最小门槛2095.0G[0m
[32m2026-05-21 17:14:35[0m | [1mINFO    [0m | [1m主流程规则分桶跳过: bucket=general:成中医16MIRNA+MRNA及24个非靶代谢组分析技术服务（委托）合同|Z|VIP-真核普通转录组文库|NA|NORMAL, count=6, reason=总量15.4G低于最小门槛2095.0G[0m
[32m2026-05-21 17:14:35[0m | [1mINFO    [0m | [1m主流程规则分桶跳过: bucket=general:资环所10个土壤宏基因组分析技术服务（委托）合同|Z|DNA小片段文库|NA|NORMAL, count=4, reason=总量15.4G低于最小门槛2095.0G[0m
[32m2026-05-21 17:14:35[0m | [1mINFO    [0m | [1m主流程规则分桶跳过: bucket=general:HONG KONG-CUHK-PROF TSANG-25 WGS-X PLUS 10G-105 PCR-50K-WOBI-AMEA2025082517|Z|动植物全基因组重测序文库|NA|NORMAL, count=5, reason=总量15.2G低于最小门槛2095.0G[0m
[32m2026-05-21 17:14:35[0m | [1mINFO    [0m | [1m主流程规则分桶跳过: bucket=general:25年下半年100例宏基因组建库测序分析技术服务（委托）合同|Z|DNA小片段文库|NA|NORMAL, count=3, reason=总量15.1G低于最小门槛2095.0G[0m
[32m2026-05-21 17:14:35[0m | [1mINFO    [0m | [1m主流程规则分桶跳过: bucket=general:科服+2025年影子转录组及扩增子框架分析技术服务（委托）合同|Z|VIP-真核普通转录组文库|NA|NORMAL, count=6, reason=总量14.9G低于最小门槛2095.0G[0m
[32m2026-05-21 17:14:35[0m | [1mINFO    [0m | [1m主流程规则分桶跳过: bucket=general:转录组测序（华西）分析技术服务（委托）合同|Z|VIP-真核普通转录组文库|NA|NORMAL, count=5, reason=总量14.7G低于最小门槛2095.0G[0m
[32m2026-05-21 17:14:35[0m | [1mINFO    [0m | [1m主流程规则分桶跳过: bucket=general:14个样本的宏基因组分析技术服务（委托）合同|Z|DNA小片段文库|NA|NORMAL, count=6, reason=总量13.4G低于最小门槛2095.0G[0m
[32m2026-05-21 17:14:35[0m | [1mINFO    [0m | [1m主流程规则分桶跳过: bucket=general:新疆500个转录分析技术服务（委托）合同|Z|VIP-真核普通转录组文库|NA|NORMAL, count=5, reason=总量13.3G低于最小门槛2095.0G[0m
[32m2026-05-21 17:14:35[0m | [1mINFO    [0m | [1m主流程规则分桶跳过: bucket=general:整形医院杨老师100例转录组分析技术服务（委托）合同|Z|VIP-真核普通转录组文库|NA|NORMAL, count=5, reason=总量13.1G低于最小门槛2095.0G[0m
[32m2026-05-21 17:14:35[0m | [1mINFO    [0m | [1m主流程规则分桶跳过: bucket=general:广州医科大学25例链特异性转录组建库测序技术服务（委托）合同|Z|真核链特异性转录组文库|NA|NORMAL, count=6, reason=总量13.0G低于最小门槛2095.0G[0m
[32m2026-05-21 17:14:35[0m | [1mINFO    [0m | [1m主流程规则分桶跳过: bucket=general:湖南中烟30例转录组测序分析技术服务（委托）合同|Z|VIP-真核普通转录组文库|NA|NORMAL, count=5, reason=总量13.0G低于最小门槛2095.0G[0m
[32m2026-05-21 17:14:35[0m | [1mINFO    [0m | [1m主流程规则分桶跳过: bucket=general:台州疾控盛莹二代细菌基因组建库测序技术服务（委托）合同|Z|DNA小片段文库|NA|NORMAL, count=16, reason=总量12.8G低于最小门槛2095.0G[0m
[32m2026-05-21 17:14:35[0m | [1mINFO    [0m | [1m主流程规则分桶跳过: bucket=general:检验科单菌二代测序分析技术服务（委托）合同-2025-XYC|Z|DNA小片段文库|NA|NORMAL, count=15, reason=总量12.0G低于最小门槛2095.0G[0m
[32m2026-05-21 17:14:35[0m | [1mINFO    [0m | [1m主流程规则分桶跳过: bucket=general:25-JL-转录组(医口)测序分析技术服务（委托）合同|Z|VIP-真核普通转录组文库|NA|NORMAL, count=2, reason=总量12.0G低于最小门槛2095.0G[0m
[32m2026-05-21 17:14:35[0m | [1mINFO    [0m | [1m主流程规则分桶跳过: bucket=general:石大6个触角转录组测序分析技术服务（委托）合同|Z|VIP-真核普通转录组文库|NA|NORMAL, count=4, reason=总量11.7G低于最小门槛2095.0G[0m
[32m2026-05-21 17:14:35[0m | [1mINFO    [0m | [1m主流程规则分桶跳过: bucket=general:北医三院16个转录组+代谢组分析技术服务（委托）合同|Z|VIP-真核普通转录组文库|NA|NORMAL, count=5, reason=总量11.7G低于最小门槛2095.0G[0m
[32m2026-05-21 17:14:35[0m | [1mINFO    [0m | [1m主流程规则分桶跳过: bucket=general:山西农业大学经济作物研究所62例BSA测序分析分析技术服务（委托）合同|Z|DNA小片段文库|NA|NORMAL, count=1, reason=总量11.4G低于最小门槛2095.0G[0m
[32m2026-05-21 17:14:35[0m | [1mINFO    [0m | [1m主流程规则分桶跳过: bucket=general:河南大学第一附属医院50例细菌框架图测序分析技术服务（委托）合同|Z|DNA小片段文库|NA|NORMAL, count=14, reason=总量11.2G低于最小门槛2095.0G[0m
[32m2026-05-21 17:14:35[0m | [1mINFO    [0m | [1m主流程规则分桶跳过: bucket=general:转录组测序分析8.18分析技术服务（委托）合同|Z|VIP-真核普通转录组文库|NA|NORMAL, count=4, reason=总量10.9G低于最小门槛2095.0G[0m
[32m2026-05-21 17:14:35[0m | [1mINFO    [0m | [1m主流程规则分桶跳过: bucket=general:蚌埠医科大学9个小鼠角膜样本转录组测序分析技术服务（委托）合同|Z|VIP-真核普通转录组文库|NA|NORMAL, count=4, reason=总量10.8G低于最小门槛2095.0G[0m
[32m2026-05-21 17:14:35[0m | [1mINFO    [0m | [1m主流程规则分桶跳过: bucket=general:244个样本框架图分析技术服务（委托）合同-1|Z|DNA小片段文库|NA|NORMAL, count=13, reason=总量10.6G低于最小门槛2095.0G[0m
[32m2026-05-21 17:14:35[0m | [1mINFO    [0m | [1m主流程规则分桶跳过: bucket=general:安徽省立医院20个RNA转录组测序分析技术服务（委托）合同|Z|VIP-真核普通转录组文库|NA|NORMAL, count=3, reason=总量9.2G低于最小门槛2095.0G[0m
[32m2026-05-21 17:14:35[0m | [1mINFO    [0m | [1m主流程规则分桶跳过: bucket=general:广州海洋实验室81个宏基因组2+3分析技术服务（委托）合同|Z|DNA小片段文库|NA|NORMAL, count=1, reason=总量8.9G低于最小门槛2095.0G[0m
[32m2026-05-21 17:14:35[0m | [1mINFO    [0m | [1m主流程规则分桶跳过: bucket=general:重庆医科大学附属第一医院10例小鼠心肌组织（MIRNA+MRNA）+12例扩增子+10例代谢组测序分析技术服务（委托）合同|Z|VIP-真核普通转录组文库|NA|NORMAL, count=4, reason=总量8.3G低于最小门槛2095.0G[0m
[32m2026-05-21 17:14:35[0m | [1mINFO    [0m | [1m主流程规则分桶跳过: bucket=general:工生所50例样本小片段建库测序技术服务（委托）合同|Z|DNA小片段文库|NA|NORMAL, count=10, reason=总量8.0G低于最小门槛2095.0G[0m
[32m2026-05-21 17:14:35[0m | [1mINFO    [0m | [1m主流程规则分桶跳过: bucket=general:100个宏基因组XPLUS分析技术服务（委托）合同|Z|DNA小片段文库|NA|NORMAL, count=6, reason=总量8.0G低于最小门槛2095.0G[0m
[32m2026-05-21 17:14:35[0m | [1mINFO    [0m | [1m主流程规则分桶跳过: bucket=general:安徽农业大学9个样本有参转录组测序分析技术服务（委托）合同|Z|VIP-真核普通转录组文库|NA|NORMAL, count=3, reason=总量7.9G低于最小门槛2095.0G[0m
[32m2026-05-21 17:14:35[0m | [1mINFO    [0m | [1m主流程规则分桶跳过: bucket=general:深圳大学普通转录组建库（ILLUMINA平台）测序分析技术服务（委托）合同|Z|真核链特异性转录组文库|NA|NORMAL, count=5, reason=总量7.6G低于最小门槛2095.0G[0m
[32m2026-05-21 17:14:35[0m | [1mINFO    [0m | [1m主流程规则分桶跳过: bucket=general:1000 个转录组和1500个宏基因组建库测序技术服务 （委托）合同-TZL|Z|DNA小片段文库|NA|NORMAL, count=3, reason=总量6.6G低于最小门槛2095.0G[0m
[32m2026-05-21 17:14:35[0m | [1mINFO    [0m | [1m主流程规则分桶跳过: bucket=general:21个完成图分析技术服务（委托）合同|Z|DNA小片段文库|NA|NORMAL, count=8, reason=总量6.4G低于最小门槛2095.0G[0m
[32m2026-05-21 17:14:35[0m | [1mINFO    [0m | [1m主流程规则分桶跳过: bucket=general:疾控中心500例细菌框架图分析技术服务（委托）合同-刘凤|Z|DNA小片段文库|NA|NORMAL, count=8, reason=总量6.4G低于最小门槛2095.0G[0m
[32m2026-05-21 17:14:35[0m | [1mINFO    [0m | [1m主流程规则分桶跳过: bucket=general:中国农业大学18个样 XPLUS转录组测序分析技术服务（委托）合同|Z|VIP-真核普通转录组文库|NA|NORMAL, count=1, reason=总量6.0G低于最小门槛2095.0G[0m
[32m2026-05-21 17:14:35[0m | [1mINFO    [0m | [1m主流程规则分桶跳过: bucket=general:川北医学院50个转录组测序分析技术服务（委托）合同|Z|VIP-真核普通转录组文库|NA|NORMAL, count=1, reason=总量6.0G低于最小门槛2095.0G[0m
[32m2026-05-21 17:14:35[0m | [1mINFO    [0m | [1m主流程规则分桶跳过: bucket=general:石大4个医口转录组分析技术服务（委托）合同|Z|VIP-真核普通转录组文库|NA|NORMAL, count=3, reason=总量6.0G低于最小门槛2095.0G[0m
[32m2026-05-21 17:14:35[0m | [1mINFO    [0m | [1m主流程规则分桶跳过: bucket=general:南开大学11例昆虫DNA建库测序（要CLEAN）技术服务（委托）合同|Z|DNA小片段文库|NA|NORMAL, count=1, reason=总量5.9G低于最小门槛2095.0G[0m
[32m2026-05-21 17:14:35[0m | [1mINFO    [0m | [1m主流程规则分桶跳过: bucket=general:互作数据分析和数据筛选分析技术服务（委托）合同|Z|真核链特异性转录组文库|NA|NORMAL, count=3, reason=总量5.8G低于最小门槛2095.0G[0m
[32m2026-05-21 17:14:35[0m | [1mINFO    [0m | [1m主流程规则分桶跳过: bucket=general:山东第一医科大学第一附属医院6例转录组分析技术服务（委托）合同-宋御繁|Z|VIP-真核普通转录组文库|NA|NORMAL, count=2, reason=总量5.7G低于最小门槛2095.0G[0m
[32m2026-05-21 17:14:35[0m | [1mINFO    [0m | [1m主流程规则分桶跳过: bucket=general:云南省农业科学院蚕桑蜜蜂研究所39个样本真核有参转录组分析技术服务（委托）合同|Z|VIP-真核普通转录组文库|NA|NORMAL, count=2, reason=总量5.7G低于最小门槛2095.0G[0m
[32m2026-05-21 17:14:35[0m | [1mINFO    [0m | [1m主流程规则分桶跳过: bucket=general:山东大学10例医口转录组分析技术服务（委托）合同-刘姝雅|Z|VIP-真核普通转录组文库|NA|NORMAL, count=3, reason=总量5.3G低于最小门槛2095.0G[0m
[32m2026-05-21 17:14:35[0m | [1mINFO    [0m | [1m主流程规则分桶跳过: bucket=general:山东第一医科大学9例有参转录组分析技术服务（委托）合同-曹盛楠|Z|VIP-真核普通转录组文库|NA|NORMAL, count=2, reason=总量5.1G低于最小门槛2095.0G[0m
[32m2026-05-21 17:14:35[0m | [1mINFO    [0m | [1m主流程规则分桶跳过: bucket=general:山东大学齐鲁医院6例医口转录组分析技术服务（委托）合同-亓文强|Z|VIP-真核普通转录组文库|NA|NORMAL, count=2, reason=总量5.0G低于最小门槛2095.0G[0m
[32m2026-05-21 17:14:35[0m | [1mINFO    [0m | [1m主流程规则分桶跳过: bucket=general:25年新-100个扩增子+50个宏基因组+200个细菌建库测序分析技术服务（委托）合同|Z|DNA小片段文库|NA|NORMAL, count=6, reason=总量4.8G低于最小门槛2095.0G[0m
[32m2026-05-21 17:14:35[0m | [1mINFO    [0m | [1m主流程规则分桶跳过: bucket=general:北大医院20个样本RIBO-SEQ 测序分析+转录组测序技术服务（委托）合同|Z|VIP-真核普通转录组文库|NA|NORMAL, count=2, reason=总量4.8G低于最小门槛2095.0G[0m
[32m2026-05-21 17:14:35[0m | [1mINFO    [0m | [1m主流程规则分桶跳过: bucket=general:中大KINNEX+普转+链特分析技术服务（委托）合同|Z|真核链特异性转录组文库|NA|NORMAL, count=2, reason=总量4.5G低于最小门槛2095.0G[0m
[32m2026-05-21 17:14:35[0m | [1mINFO    [0m | [1m主流程规则分桶跳过: bucket=general:湖南农大300个转录组测序技术服务（委托）合同|Z|VIP-真核普通转录组文库|NA|NORMAL, count=2, reason=总量4.5G低于最小门槛2095.0G[0m
[32m2026-05-21 17:14:35[0m | [1mINFO    [0m | [1m主流程规则分桶跳过: bucket=general:河北农业大学60例小麦转录组测序分析技术服务（委托）合同|Z|VIP-真核普通转录组文库|NA|NORMAL, count=1, reason=总量4.4G低于最小门槛2095.0G[0m
[32m2026-05-21 17:14:35[0m | [1mINFO    [0m | [1m主流程规则分桶跳过: bucket=general:深圳大学12例RNA样本普通转录组测序分析技术服务（委托）合同|Z|真核链特异性转录组文库|NA|NORMAL, count=2, reason=总量4.4G低于最小门槛2095.0G[0m
[32m2026-05-21 17:14:35[0m | [1mINFO    [0m | [1m主流程规则分桶跳过: bucket=general:山东第一医科大学30例扩增子和转录组和HQ代谢分析技术服务（委托）合同-李佩娟|Z|VIP-真核普通转录组文库|NA|NORMAL, count=2, reason=总量4.3G低于最小门槛2095.0G[0m
[32m2026-05-21 17:14:35[0m | [1mINFO    [0m | [1m主流程规则分桶跳过: bucket=general:12个样本 转录组 测序分析技术服务（委托）合同|Z|VIP-真核普通转录组文库|NA|NORMAL, count=1, reason=总量3.3G低于最小门槛2095.0G[0m
[32m2026-05-21 17:14:35[0m | [1mINFO    [0m | [1m主流程规则分桶跳过: bucket=general:HONG KONG-CUHK-PROF. JEROME HUI-FANNY LI-30 STRANDED RNASEQ 2G-48 SRNA 10M-WOBI-AMEA2025080602|Z|真核链特异性转录组文库|NA|NORMAL, count=4, reason=总量3.2G低于最小门槛2095.0G[0m
[32m2026-05-21 17:14:35[0m | [1mINFO    [0m | [1m主流程规则分桶跳过: bucket=general:中科赛维宏基因组测序技术服务（委托）合同|Z|DNA小片段文库|NA|NORMAL, count=4, reason=总量3.2G低于最小门槛2095.0G[0m
[32m2026-05-21 17:14:35[0m | [1mINFO    [0m | [1m主流程规则分桶跳过: bucket=general:2025年深圳微科盟NGS测序分析技术服务（委托）合同|Z|VIP-真核普通转录组文库|NA|NORMAL, count=1, reason=总量3.1G低于最小门槛2095.0G[0m
[32m2026-05-21 17:14:35[0m | [1mINFO    [0m | [1m主流程规则分桶跳过: bucket=general:重庆师范大学9个果蝇转录组+RAPID DIA蛋白质组分析技术服务（委托）合同|Z|VIP-真核普通转录组文库|NA|NORMAL, count=1, reason=总量3.1G低于最小门槛2095.0G[0m
[32m2026-05-21 17:14:35[0m | [1mINFO    [0m | [1m主流程规则分桶跳过: bucket=general:2025年广州奥智生物建库测序分析技术服务（委托）合同|Z|DNA小片段文库|NA|NORMAL, count=1, reason=总量3.1G低于最小门槛2095.0G[0m
[32m2026-05-21 17:14:35[0m | [1mINFO    [0m | [1m主流程规则分桶跳过: bucket=general:项目10000个样本DNA小片段提取建库测序技术服务（委托）合同|Z|DNA小片段文库|NA|NORMAL, count=1, reason=总量3.0G低于最小门槛2095.0G[0m
[32m2026-05-21 17:14:35[0m | [1mINFO    [0m | [1m主流程规则分桶跳过: bucket=general:二代细菌建库测序+二代宏基因建库测序分析技术服务（委托）合同|Z|VIP-META文库|NA|NORMAL, count=1, reason=总量2.9G低于最小门槛2095.0G[0m
[32m2026-05-21 17:14:35[0m | [1mINFO    [0m | [1m主流程规则分桶跳过: bucket=general:14个小鼠皮肤+14个兔皮肤转录组分析技术服务（委托）合同|Z|VIP-真核普通转录组文库|NA|NORMAL, count=1, reason=总量2.8G低于最小门槛2095.0G[0m
[32m2026-05-21 17:14:35[0m | [1mINFO    [0m | [1m主流程规则分桶跳过: bucket=general:转录组+HQ非靶+靶向代谢分析(X)技术服务（委托）合同-Y|Z|VIP-真核普通转录组文库|NA|NORMAL, count=1, reason=总量2.7G低于最小门槛2095.0G[0m
[32m2026-05-21 17:14:35[0m | [1mINFO    [0m | [1m主流程规则分桶跳过: bucket=general:天津商业大学9例转录组测序分析技术服务（委托）合同|Z|VIP-真核普通转录组文库|NA|NORMAL, count=1, reason=总量2.6G低于最小门槛2095.0G[0m
[32m2026-05-21 17:14:35[0m | [1mINFO    [0m | [1m主流程规则分桶跳过: bucket=general:山西农业大学9例转录组测序+12例非靶代谢组分析分析技术服务（委托）合同|Z|VIP-真核普通转录组文库|NA|NORMAL, count=1, reason=总量2.5G低于最小门槛2095.0G[0m
[32m2026-05-21 17:14:35[0m | [1mINFO    [0m | [1m主流程规则分桶跳过: bucket=general:宏转录组+宏基因组建库测序分析-Y技术服务（委托）合同|Z|DNA小片段文库|NA|NORMAL, count=1, reason=总量2.4G低于最小门槛2095.0G[0m
[32m2026-05-21 17:14:35[0m | [1mINFO    [0m | [1m主流程规则分桶跳过: bucket=general:以色列学院细菌重测序WGS+16S测序分析技术服务（委托）合同|Z|DNA小片段文库|NA|NORMAL, count=3, reason=总量2.4G低于最小门槛2095.0G[0m
[32m2026-05-21 17:14:35[0m | [1mINFO    [0m | [1m主流程规则分桶跳过: bucket=general:遵义市第一人民医院12个人细胞转录组分析技术服务（委托）合同|Z|VIP-真核普通转录组文库|NA|NORMAL, count=1, reason=总量2.4G低于最小门槛2095.0G[0m
[32m2026-05-21 17:14:35[0m | [1mINFO    [0m | [1m主流程规则分桶跳过: bucket=general:2025年炫景瑞医药真核转录组测序分析技术服务（委托）合同|Z|VIP-真核普通转录组文库|NA|NORMAL, count=1, reason=总量2.3G低于最小门槛2095.0G[0m
[32m2026-05-21 17:14:35[0m | [1mINFO    [0m | [1m主流程规则分桶跳过: bucket=general:NVUK2025072873-UKI-UEA-9-CATHERINE-SHOTGUNMETA-15GB-WOBI|Z|动植物全基因组重测序文库|NA|NORMAL, count=1, reason=总量2.0G低于最小门槛2095.0G[0m
[32m2026-05-21 17:14:35[0m | [1mINFO    [0m | [1m主流程规则分桶跳过: bucket=general:北医三院24例转录组+24例蛋白组分析技术服务（委托）合同|Z|VIP-真核普通转录组文库|NA|NORMAL, count=1, reason=总量1.9G低于最小门槛2095.0G[0m
[32m2026-05-21 17:14:35[0m | [1mINFO    [0m | [1m主流程规则分桶跳过: bucket=general:华中农业大学400个MRNA 链特异性建库测序技术服务（委托）合同|Z|真核链特异性转录组文库|NA|NORMAL, count=1, reason=总量1.9G低于最小门槛2095.0G[0m
[32m2026-05-21 17:14:35[0m | [1mINFO    [0m | [1m主流程规则分桶跳过: bucket=general:6个样本18S+宏基因组测序分析技术服务（委托）合同|Z|DNA小片段文库|NA|NORMAL, count=1, reason=总量1.9G低于最小门槛2095.0G[0m
[32m2026-05-21 17:14:35[0m | [1mINFO    [0m | [1m主流程规则分桶跳过: bucket=general:宏基因组6G测序500例分析技术服务（委托）合同|Z|VIP-META文库|NA|NORMAL, count=1, reason=总量1.7G低于最小门槛2095.0G[0m
[32m2026-05-21 17:14:35[0m | [1mINFO    [0m | [1m主流程规则分桶跳过: bucket=general:100个转录组、全基因组和宏基因组建库测序分析技术服务（委托）合同|Z|DNA小片段文库|NA|NORMAL, count=2, reason=总量1.6G低于最小门槛2095.0G[0m
[32m2026-05-21 17:14:35[0m | [1mINFO    [0m | [1m主流程规则分桶跳过: bucket=general:25-宏基因组2G-XPLUS分析技术服务（委托）合同|Z|DNA小片段文库|NA|NORMAL, count=2, reason=总量1.6G低于最小门槛2095.0G[0m
[32m2026-05-21 17:14:35[0m | [1mINFO    [0m | [1m主流程规则分桶跳过: bucket=general:济南市妇幼3例宏基因组测序分析技术服务（委托）合同-白佳佳|Z|DNA小片段文库|NA|NORMAL, count=1, reason=总量1.1G低于最小门槛2095.0G[0m
[32m2026-05-21 17:14:35[0m | [1mINFO    [0m | [1m主流程规则分桶跳过: bucket=general:济南市妇幼3例宏基因组测序分析技术服务（委托）合同-白佳佳|Z|META文库|NA|NORMAL, count=1, reason=总量1.0G低于最小门槛2095.0G[0m
[32m2026-05-21 17:14:35[0m | [1mINFO    [0m | [1m主流程规则分桶跳过: bucket=general:石大10个HQ非靶代谢及10个宏基因组测序分析技术服务（委托）合同|Z|VIP-META文库|NA|NORMAL, count=1, reason=总量1.0G低于最小门槛2095.0G[0m
[32m2026-05-21 17:14:35[0m | [1mINFO    [0m | [1m主流程规则分桶跳过: bucket=general:1个样本的基因组分析技术服务（委托）合同|Z|DNA小片段文库|NA|NORMAL, count=1, reason=总量0.8G低于最小门槛2095.0G[0m
[32m2026-05-21 17:14:35[0m | [1mINFO    [0m | [1m主流程规则分桶跳过: bucket=general:400个干血斑重测序分析技术服务（委托）合同|Z|DNA小片段文库|NA|NORMAL, count=1, reason=总量0.8G低于最小门槛2095.0G[0m
[32m2026-05-21 17:14:35[0m | [1mINFO    [0m | [1m主流程规则分桶跳过: bucket=general:4个样本三代完成图+二代测序技术服务（委托）合同|Z|微生物常规小片段文库|NA|NORMAL, count=1, reason=总量0.8G低于最小门槛2095.0G[0m
[32m2026-05-21 17:14:35[0m | [1mINFO    [0m | [1m主流程规则分桶跳过: bucket=general:TJ-US-PENN STATE COLLEGE OF MEDICINE-200-HUMAN-MOUSE-EUKMRNASEQ-DIRECTIONAL-NOVASEQXPLUS-6GB-WBI-GENE COUNT-NVUS2024050132|Z|真核链特异性转录组文库|NA|NORMAL, count=1, reason=总量0.8G低于最小门槛2095.0G[0m
[32m2026-05-21 17:14:35[0m | [1mINFO    [0m | [1m主流程规则分桶跳过: bucket=general:一批自建库，微生物全基因组建库测序技术服务（委托）合同|Z|DNA小片段文库|NA|NORMAL, count=1, reason=总量0.8G低于最小门槛2095.0G[0m
[32m2026-05-21 17:14:35[0m | [1mINFO    [0m | [1m主流程规则分桶跳过: bucket=general:作科所15个转录组建库测序+3个真菌精细图分析技术服务（委托）合同|Z|DNA小片段文库|NA|NORMAL, count=1, reason=总量0.8G低于最小门槛2095.0G[0m
[32m2026-05-21 17:14:35[0m | [1mINFO    [0m | [1m主流程规则分桶跳过: bucket=general:喀什大学2个细菌完成图测序分析技术服务（委托）合同|Z|DNA小片段文库|NA|NORMAL, count=1, reason=总量0.8G低于最小门槛2095.0G[0m
[32m2026-05-21 17:14:35[0m | [1mINFO    [0m | [1m主流程规则分桶跳过: bucket=general:宁波市疾病预防控制中心识别网项目分析技术服务（委托）合同|Z|DNA小片段文库|NA|NORMAL, count=1, reason=总量0.8G低于最小门槛2095.0G[0m
[32m2026-05-21 17:14:35[0m | [1mINFO    [0m | [1m主流程规则分桶跳过: bucket=general:新疆100个细菌框架图建库测序分析技术服务（委托）合同|Z|DNA小片段文库|NA|NORMAL, count=1, reason=总量0.8G低于最小门槛2095.0G[0m
[32m2026-05-21 17:14:35[0m | [1mINFO    [0m | [1m主流程规则分桶跳过: bucket=general:辽宁农业职业技术学院植物BSA分析技术服务（委托）合同|Z|DNA小片段文库|NA|NORMAL, count=1, reason=总量0.8G低于最小门槛2095.0G[0m
[32m2026-05-21 17:14:35[0m | [1mINFO    [0m | [1m主流程规则分桶跳过: bucket=scattered:深圳市人民医院陈老师组普通转录组建库测序+散样文库NOVA测序-2025技术服务（委托）合同|Z|VIP-真核普通转录组文库|NA|SCATTERED, count=4, reason=总量11.8G低于最小门槛2095.0G[0m
[32m2026-05-21 17:14:35[0m | [1mINFO    [0m | [1m主流程规则分桶预调度完成: 分桶=304，桶后尾货=1489个/11039.0G[0m
[32m2026-05-21 17:14:35[0m | [1mINFO    [0m | [1m主流程尾货统一补排启动: count=1489, data=11039.0G[0m
[32m2026-05-21 17:14:35[0m | [1mINFO    [0m | [1m开始逐Lane贪心排机 - 文库数: 1489[0m
[32m2026-05-21 17:14:35[0m | [1mINFO    [0m | [1m预拆分完成: 使用外层已拆分文库[0m
[32m2026-05-21 17:14:35[0m | [1mINFO    [0m | [1m===== 批次全局分析报告 =====[0m
[32m2026-05-21 17:14:35[0m | [1mINFO    [0m | [1m机器类型: Nova X-25B[0m
[32m2026-05-21 17:14:35[0m | [1mINFO    [0m | [1m文库总数: 1489[0m
[32m2026-05-21 17:14:35[0m | [1mINFO    [0m | [1m总数据量: 11039.0 GB[0m
[32m2026-05-21 17:14:35[0m | [1mINFO    [0m | [1m预估Lane数: 5~6[0m
[32m2026-05-21 17:14:35[0m | [1mINFO    [0m | [1m--- 特征标记 ---[0m
[32m2026-05-21 17:14:35[0m | [1mINFO    [0m | [1m  包Lane文库: 无[0m
[32m2026-05-21 17:14:35[0m | [1mINFO    [0m | [1m  碱基不均衡: 有[0m
[32m2026-05-21 17:14:35[0m | [1mINFO    [0m | [1m  客户文库:   无[0m
[32m2026-05-21 17:14:35[0m | [1mINFO    [0m | [1m  10bp文库:   有[0m
[32m2026-05-21 17:14:35[0m | [1mINFO    [0m | [1m  非10bp文库: 有[0m
[32m2026-05-21 17:14:35[0m | [1mINFO    [0m | [1m  特殊组合:   有[0m
[32m2026-05-21 17:14:35[0m | [1mINFO    [0m | [1m--- 分组画像 ---[0m
[32m2026-05-21 17:14:35[0m | [1mINFO    [0m | [1m  [non_10bp] 非10碱基文库: 253个文库, 3065.1GB, 预估2~2条Lane[0m
[32m2026-05-21 17:14:35[0m | [1mINFO    [0m | [1m  [all] 全部文库: 1489个文库, 11039.0GB, 预估5~6条Lane[0m
[32m2026-05-21 17:14:35[0m | [1mINFO    [0m | [1m  [10bp] 10碱基文库: 1236个文库, 7973.9GB, 预估4~4条Lane[0m
[32m2026-05-21 17:14:35[0m | [1mINFO    [0m | [1m  [imbalance] 碱基不均衡文库: 197个文库, 4236.8GB, 预估2~3条Lane[0m
[32m2026-05-21 17:14:35[0m | [1mINFO    [0m | [1m  [special_combo_b] 10X 3端/Visium组合: 41个文库, 2213.3GB, 预估2~2条Lane[0m
[32m2026-05-21 17:14:35[0m | [1mINFO    [0m | [1m  [special_combo_a] 10X 5端/VDJ组合: 20个文库, 397.9GB, 预估1~1条Lane[0m
[32m2026-05-21 17:14:35[0m | [1mINFO    [0m | [1m--- 专用Lane推荐 ---[0m
[32m2026-05-21 17:14:35[0m | [1mINFO    [0m | [1m  [imbalance] 碱基不均衡文库数据量充足，可包专用Lane避免混排占比限制 - 约2条Lane, 4236.8GB, 置信度: high[0m
[32m2026-05-21 17:14:35[0m | [1mINFO    [0m | [1m  [non_10bp] 非10bp文库集中排入专用Lane，避免触发10bp>=40%混排规则 - 约1条Lane, 3065.1GB, 置信度: medium[0m
[32m2026-05-21 17:14:35[0m | [1mINFO    [0m | [1m  [special_combo_b] 10X 3端/Visium文库可独占Lane（与5端互斥） - 约1条Lane, 2213.3GB, 置信度: medium[0m
[32m2026-05-21 17:14:35[0m | [1mINFO    [0m | [1m--- 混排约束 ---[0m
[32m2026-05-21 17:14:35[0m | [1mINFO    [0m | [1m  [tj_1595_special_combo_groups_not_mixed] special_combo_a vs special_combo_b: 10X 5端/VDJ 与 10X 3端/Visium 文库不可混排，必须分开[0m
[32m2026-05-21 17:14:35[0m | [1mINFO    [0m | [1m  [imbalance_max_30pct] imbalance vs all: 碱基不均衡文库全局占比38.4%，超过30%上限，必须拆分为专用Lane[0m
[32m2026-05-21 17:14:35[0m | [1mINFO    [0m | [1m--- 尾部风险 ---[0m
[32m2026-05-21 17:14:35[0m | [1mINFO    [0m | [1m  [imbalance] 碱基不均衡文库排完整Lane后剩余46.8GB，不足半Lane(1048GB)，需要大文库骨架携带或混入散样Lane - 46.8GB, 197个, 严重程度: high[0m
[32m2026-05-21 17:14:35[0m | [1mINFO    [0m | [1m  [non_10bp] 非10碱基文库排完整Lane后剩余970.1GB，不足半Lane(1048GB)，需要大文库骨架携带或混入散样Lane - 970.1GB, 253个, 严重程度: medium[0m
[32m2026-05-21 17:14:35[0m | [1mINFO    [0m | [1m  [special_combo_a] 10X 5端/VDJ组合排完整Lane后剩余397.9GB，不足半Lane(998GB)，需要大文库骨架携带或混入散样Lane - 397.9GB, 20个, 严重程度: high[0m
[32m2026-05-21 17:14:35[0m | [1mINFO    [0m | [1m  [special_combo_b] 10X 3端/Visium组合排完整Lane后剩余218.3GB，不足半Lane(998GB)，需要大文库骨架携带或混入散样Lane - 218.3GB, 41个, 严重程度: high[0m
[32m2026-05-21 17:14:35[0m | [1mINFO    [0m | [1m--- 策略建议 ---[0m
[32m2026-05-21 17:14:35[0m | [1mINFO    [0m | [1m  - 碱基不均衡文库数据量充足，优先形成专用Lane[0m
[32m2026-05-21 17:14:35[0m | [1mINFO    [0m | [1m  - 非10bp文库建议走专用Lane，避免10bp>=40%混排红线[0m
[32m2026-05-21 17:14:35[0m | [1mINFO    [0m | [1m  - 特殊10X组合文库应分别走专用Lane（互斥规则）[0m
[32m2026-05-21 17:14:35[0m | [1mINFO    [0m | [1m  - 存在3个高风险尾部分组，建议启用骨架预留(大带小)[0m
[32m2026-05-21 17:14:35[0m | [1mINFO    [0m | [1m===== 报告结束 =====[0m
[32m2026-05-21 17:14:35[0m | [1mINFO    [0m | [1m保留外部传入的策略执行计划，仅使用批次分析报告[0m
[32m2026-05-21 17:14:35[0m | [1mINFO    [0m | [1m处理机器类型 Nova X-25B - 文库数: 1471 - Lane容量: 1050.0GB, 利用率区间: [100%, 100%], 特殊文库上限: 350GB[0m
[32m2026-05-21 17:14:35[0m | [1mINFO    [0m | [1m碱基不均衡专用Lane策略: 193个碱基不均衡文库[0m
[32m2026-05-21 17:14:35[0m | [1mINFO    [0m | [1m专用Lane分组G15剩余合同量400.0G无法满足1.1或3.6T-NEW有效容量下限[0m
[32m2026-05-21 17:14:35[0m | [1mINFO    [0m | [1m专用Lane分组G13剩余合同量50.0G无法满足1.1或3.6T-NEW有效容量下限[0m
[32m2026-05-21 17:14:35[0m | [1mINFO    [0m | [1m专用Lane分组G31剩余合同量34.0G无法满足1.1或3.6T-NEW有效容量下限[0m
[32m2026-05-21 17:14:35[0m | [1mINFO    [0m | [1m专用Lane分组G29剩余合同量218.1G无法满足1.1或3.6T-NEW有效容量下限[0m
[32m2026-05-21 17:14:35[0m | [1mINFO    [0m | [1m专用Lane分组G25剩余合同量164.0G无法满足1.1或3.6T-NEW有效容量下限[0m
[32m2026-05-21 17:14:35[0m | [1mINFO    [0m | [1m专用Lane分组G26剩余合同量141.3G无法满足1.1或3.6T-NEW有效容量下限[0m
[32m2026-05-21 17:14:35[0m | [1mINFO    [0m | [1m专用Lane分组G51剩余合同量12.0G无法满足1.1或3.6T-NEW有效容量下限[0m
[32m2026-05-21 17:14:35[0m | [1mINFO    [0m | [1m专用Lane分组G36剩余合同量4.0G无法满足1.1或3.6T-NEW有效容量下限[0m
[32m2026-05-21 17:14:35[0m | [1mINFO    [0m | [1m专用Lane分组G5剩余合同量204.2G无法满足1.1或3.6T-NEW有效容量下限[0m
[32m2026-05-21 17:14:35[0m | [1mINFO    [0m | [1m专用Lane分组G58剩余合同量310.0G无法满足1.1或3.6T-NEW有效容量下限[0m
[32m2026-05-21 17:14:35[0m | [1mINFO    [0m | [1m专用Lane分组G16剩余合同量30.0G无法满足1.1或3.6T-NEW有效容量下限[0m
[32m2026-05-21 17:14:35[0m | [1mINFO    [0m | [1m专用Lane分组G19剩余合同量70.0G无法满足1.1或3.6T-NEW有效容量下限[0m
[32m2026-05-21 17:14:35[0m | [1mINFO    [0m | [1m专用Lane分组G7剩余合同量60.9G无法满足1.1或3.6T-NEW有效容量下限[0m
[32m2026-05-21 17:14:35[0m | [1mINFO    [0m | [1m专用Lane分组G6剩余合同量32.8G无法满足1.1或3.6T-NEW有效容量下限[0m
[32m2026-05-21 17:14:35[0m | [1mINFO    [0m | [1m专用Lane分组G52剩余合同量39.8G无法满足1.1或3.6T-NEW有效容量下限[0m
[32m2026-05-21 17:14:35[0m | [1mINFO    [0m | [1m专用Lane分组G22剩余合同量6.0G无法满足1.1或3.6T-NEW有效容量下限[0m
[32m2026-05-21 17:14:35[0m | [1mINFO    [0m | [1m专用Lane分组G18剩余合同量0.5G无法满足1.1或3.6T-NEW有效容量下限[0m
[32m2026-05-21 17:14:35[0m | [1mINFO    [0m | [1m形成0条专用Lane，剩余193个碱基不均衡文库[0m
[32m2026-05-21 17:14:40[0m | [1mINFO    [0m | [1m第二轮排机: 698 个未分配文库（随机顺序）[0m
[32m2026-05-21 17:14:41[0m | [1mINFO    [0m | [1m第三轮排机: 698 个未分配文库（小文库优先）[0m
[32m2026-05-21 17:14:42[0m | [1mINFO    [0m | [1m连续5轮无新Lane且未分配池不变，提前结束无效重试[0m
[32m2026-05-21 17:14:42[0m | [1mINFO    [0m | [1m专用Lane分组G15剩余合同量400.0G无法满足1.1或3.6T-NEW有效容量下限[0m
[32m2026-05-21 17:14:42[0m | [1mINFO    [0m | [1m专用Lane分组G13剩余合同量50.0G无法满足1.1或3.6T-NEW有效容量下限[0m
[32m2026-05-21 17:14:42[0m | [1mINFO    [0m | [1m专用Lane分组G31剩余合同量34.0G无法满足1.1或3.6T-NEW有效容量下限[0m
[32m2026-05-21 17:14:42[0m | [1mINFO    [0m | [1m专用Lane分组G29剩余合同量218.1G无法满足1.1或3.6T-NEW有效容量下限[0m
[32m2026-05-21 17:14:42[0m | [1mINFO    [0m | [1m专用Lane分组G25剩余合同量164.0G无法满足1.1或3.6T-NEW有效容量下限[0m
[32m2026-05-21 17:14:42[0m | [1mINFO    [0m | [1m专用Lane分组G26剩余合同量141.3G无法满足1.1或3.6T-NEW有效容量下限[0m
[32m2026-05-21 17:14:42[0m | [1mINFO    [0m | [1m专用Lane分组G51剩余合同量12.0G无法满足1.1或3.6T-NEW有效容量下限[0m
[32m2026-05-21 17:14:42[0m | [1mINFO    [0m | [1m专用Lane分组G36剩余合同量4.0G无法满足1.1或3.6T-NEW有效容量下限[0m
[32m2026-05-21 17:14:42[0m | [1mINFO    [0m | [1m专用Lane分组G5剩余合同量204.2G无法满足1.1或3.6T-NEW有效容量下限[0m
[32m2026-05-21 17:14:42[0m | [1mINFO    [0m | [1m专用Lane分组G58剩余合同量310.0G无法满足1.1或3.6T-NEW有效容量下限[0m
[32m2026-05-21 17:14:42[0m | [1mINFO    [0m | [1m专用Lane分组G16剩余合同量30.0G无法满足1.1或3.6T-NEW有效容量下限[0m
[32m2026-05-21 17:14:42[0m | [1mINFO    [0m | [1m专用Lane分组G19剩余合同量70.0G无法满足1.1或3.6T-NEW有效容量下限[0m
[32m2026-05-21 17:14:42[0m | [1mINFO    [0m | [1m专用Lane分组G7剩余合同量60.9G无法满足1.1或3.6T-NEW有效容量下限[0m
[32m2026-05-21 17:14:42[0m | [1mINFO    [0m | [1m专用Lane分组G6剩余合同量32.8G无法满足1.1或3.6T-NEW有效容量下限[0m
[32m2026-05-21 17:14:42[0m | [1mINFO    [0m | [1m专用Lane分组G52剩余合同量39.8G无法满足1.1或3.6T-NEW有效容量下限[0m
[32m2026-05-21 17:14:42[0m | [1mINFO    [0m | [1m专用Lane分组G22剩余合同量6.0G无法满足1.1或3.6T-NEW有效容量下限[0m
[32m2026-05-21 17:14:42[0m | [1mINFO    [0m | [1m专用Lane分组G18剩余合同量0.5G无法满足1.1或3.6T-NEW有效容量下限[0m
[32m2026-05-21 17:14:42[0m | [1mINFO    [0m | [1m专用Lane创建完成: 0条Lane, 175个碱基不均衡文库待分配, 523个中性文库待分配[0m
[32m2026-05-21 17:14:42[0m | [1mINFO    [0m | [1m处理机器类型 NovaSeq X Plus - 文库数: 18 - Lane容量: 1100GB, 利用率区间: [100%, 100%], 特殊文库上限: 350GB[0m
[32m2026-05-21 17:14:42[0m | [1mINFO    [0m | [1m碱基不均衡专用Lane策略: 4个碱基不均衡文库[0m
[32m2026-05-21 17:14:42[0m | [1mINFO    [0m | [1m专用Lane分组G29剩余合同量12.0G无法满足1.1或3.6T-NEW有效容量下限[0m
[32m2026-05-21 17:14:42[0m | [1mINFO    [0m | [1m专用Lane分组G36剩余合同量10.0G无法满足1.1或3.6T-NEW有效容量下限[0m
[32m2026-05-21 17:14:42[0m | [1mINFO    [0m | [1m形成0条专用Lane，剩余4个碱基不均衡文库[0m
[32m2026-05-21 17:14:42[0m | [1mINFO    [0m | [1m剩余池总量61.8GB不足最小成Lane门槛2095.0GB，跳过后续随机重试[0m
[32m2026-05-21 17:14:42[0m | [1mINFO    [0m | [1m专用Lane分组G29剩余合同量12.0G无法满足1.1或3.6T-NEW有效容量下限[0m
[32m2026-05-21 17:14:42[0m | [1mINFO    [0m | [1m专用Lane分组G36剩余合同量10.0G无法满足1.1或3.6T-NEW有效容量下限[0m
[32m2026-05-21 17:14:42[0m | [1mINFO    [0m | [1m专用Lane创建完成: 0条Lane, 4个碱基不均衡文库待分配, 14个中性文库待分配[0m
[32m2026-05-21 17:14:42[0m | [1mINFO    [0m | [1m最后填充策略: 尝试将716个未分配文库塞入已有Lane[0m
[32m2026-05-21 17:15:07[0m | [1mINFO    [0m | [1m最后填充策略: 成功塞入5个文库，踢出0个违反规则的文库，剩余711个无法分配[0m
[32m2026-05-21 17:15:07[0m | [1mINFO    [0m | [1m挪移优化: 未分配数据量6529GB已足够，尝试精选组建新Lane[0m
[32m2026-05-21 17:15:08[0m | [1mINFO    [0m | [1m残余精选: 内部510个, 客户201个[0m
[32m2026-05-21 17:15:08[0m | [1mINFO    [0m | [1mIndex校验器初始化完成（真实数据验证版本）[0m
[32m2026-05-21 17:15:08[0m | [1mINFO    [0m | [1m成Lane校验程序初始化完成 (严格模式: True, 碱基不均衡上限: 35%, 特殊文库关键词: 9个)[0m
[32m2026-05-21 17:15:08[0m | [1mINFO    [0m | [1m残余精选: 验证失败 - ValidationError(rule_type=<ValidationRuleType.CUSTOMER_PRODUCTION_MIX_RATIO: 'customer_production_mix_ratio'>, severity=<ValidationSeverity.ERROR: 'error'>, message='手工/客户侧与产线混合Lane少数侧占比0.5%不符合规则(应>=5%)', current_value=0.004953810265075416, threshold_value=0.05, affected_libraries=[]), ValidationError(rule_type=<ValidationRuleType.BASE_IMBALANCE_RATIO: 'base_imbalance_ratio'>, severity=<ValidationSeverity.ERROR: 'error'>, message='碱基不均衡占比97.4%超过35%限制', current_value=0.9737585538599361, threshold_value=0.35, affected_libraries=[12019137, 12016994, 12016141, 12015518, 12015540, 12015514, 12015515, 12015530, 12015524, 12015532, 12015516, 12015536, 12015601, 12015520, 12015592, 12015521, 12015525, 12015548, 12015598, 12015595, 12015560, 12015570, 12024802, 12024793, 12019082, 12019086, 12024799, 12019080, 12015589, 12015557, 12015552, 12015599, 12015549, 12020875, 12015596, 12015600])[0m
[32m2026-05-21 17:15:08[0m | [1mINFO    [0m | [1m挪移优化: 精选组建失败，继续尝试挪移策略[0m
[32m2026-05-21 17:15:08[0m | [1mINFO    [0m | [1m挪移优化: 未分配711个文库(6529GB)，需要从现有Lane挪出-4434GB[0m
[32m2026-05-21 17:15:08[0m | [33m[1mWARNING [0m | [33m[1m挪移优化: 新Lane GL_NovaSeq X Plus_002 验证失败: 容量超限: 6529.5GB > 2255.0GB，放弃创建[0m
[32m2026-05-21 17:15:08[0m | [1mINFO    [0m | [1m逐Lane贪心排机完成 - Lane数: 2, 已分配: 778/1489, 未分配: 711, 平均利用率: 103.7%, 耗时: 32.59秒[0m
[32m2026-05-21 17:15:08[0m | [1mINFO    [0m | [1mIndex校验器初始化完成（真实数据验证版本）[0m
[32m2026-05-21 17:15:08[0m | [1mINFO    [0m | [1m成Lane校验程序初始化完成 (严格模式: False, 碱基不均衡上限: 35%, 特殊文库关键词: 9个)[0m
[32m2026-05-21 17:15:08[0m | [1mINFO    [0m | [1m最终验证结果: 2条Lane通过，711个文库未分配[0m
[32m2026-05-21 17:15:08[0m | [1mINFO    [0m | [1mwkspecialsplits边排边检查完成: 无需调整[0m
[32m2026-05-21 17:15:09[0m | [1mINFO    [0m | [1m验证完成：2条Lane通过验证[0m
[32m2026-05-21 17:15:09[0m | [1mINFO    [0m | [1m57规则二次改排救援已关闭，失败Lane文库回收到未分配池[0m
[32m2026-05-21 17:15:09[0m | [1mINFO    [0m | [1m补Lane尝试: variant=full_priority, lane_prefix=EX, pool_size=711, pool_data=6529.463G, prioritize_scattered_mix=True[0m
[32m2026-05-21 17:15:09[0m | [1mINFO    [0m | [1m补Lane尝试: variant=non_clinical_relaxed, lane_prefix=EX, pool_size=711, pool_data=6529.463G, prioritize_scattered_mix=False[0m
[32m2026-05-21 17:15:44[0m | [1mINFO    [0m | [1m补Lane跳过汇总: lane_prefix=EX, machine=Nova X-25B, reason_top=[总量0.8G低于最小门槛2095.0Gx16, 总量10.0G低于最小门槛1995.0Gx4, 总量30.0G低于最小门槛1676.0Gx4, 总量2.0G低于最小门槛2095.0Gx4][0m
[32m2026-05-21 17:15:44[0m | [1mINFO    [0m | [1mLane数量提升停止: machine_type=Nova X-25B, 当前池首次构Lane失败，跳过同池重复尝试[0m
[32m2026-05-21 17:15:44[0m | [1mINFO    [0m | [1mLane数量提升未新增Lane[0m
[32m2026-05-21 17:15:44[0m | [1mINFO    [0m | [1m补Lane尝试: variant=full_priority, lane_prefix=RB, pool_size=711, pool_data=6529.463G, prioritize_scattered_mix=True[0m
[32m2026-05-21 17:15:44[0m | [1mINFO    [0m | [1m补Lane尝试: variant=non_clinical_relaxed, lane_prefix=RB, pool_size=711, pool_data=6529.463G, prioritize_scattered_mix=False[0m
[32m2026-05-21 17:16:20[0m | [1mINFO    [0m | [1m补Lane跳过汇总: lane_prefix=RB, machine=Nova X-25B, reason_top=[总量0.8G低于最小门槛2095.0Gx16, 总量10.0G低于最小门槛1995.0Gx4, 总量30.0G低于最小门槛1676.0Gx4, 总量2.0G低于最小门槛2095.0Gx4][0m
[32m2026-05-21 17:16:20[0m | [1mINFO    [0m | [1m跨Lane多文库交换停止: machine_type=Nova X-25B, 当前池首次构Lane失败，跳过同池重复尝试[0m
[32m2026-05-21 17:16:20[0m | [1mINFO    [0m | [1m跨Lane多文库交换未新增Lane，剩余未分配711个[0m
[32m2026-05-21 17:16:21[0m | [1mINFO    [0m | [1m未分配大簇专项regroup跳过: machine=Nova X-25B, count=26, data=468.0G, reason=总量468.0G低于最小门槛2095.0G[0m
[32m2026-05-21 17:16:21[0m | [1mINFO    [0m | [1m补Lane尝试: variant=full_priority, lane_prefix=RM, pool_size=711, pool_data=6529.463G, prioritize_scattered_mix=True[0m
[32m2026-05-21 17:16:21[0m | [1mINFO    [0m | [1m补Lane尝试: variant=non_clinical_relaxed, lane_prefix=RM, pool_size=711, pool_data=6529.463G, prioritize_scattered_mix=False[0m
[32m2026-05-21 17:19:03[0m | [1mINFO    [0m | [1m补Lane跳过汇总: lane_prefix=RM, machine=Nova X-25B, reason_top=[总量0.8G低于最小门槛2095.0Gx16, 总量10.0G低于最小门槛1995.0Gx4, 总量30.0G低于最小门槛1676.0Gx4, 总量2.0G低于最小门槛2095.0Gx4][0m
[32m2026-05-21 17:19:04[0m | [1mINFO    [0m | [1m补Lane尝试: variant=full_priority, lane_prefix=GL, pool_size=711, pool_data=6529.463G, prioritize_scattered_mix=True[0m
[32m2026-05-21 17:19:04[0m | [1mINFO    [0m | [1m补Lane尝试: variant=non_clinical_relaxed, lane_prefix=GL, pool_size=711, pool_data=6529.463G, prioritize_scattered_mix=False[0m
[32m2026-05-21 17:19:35[0m | [1mINFO    [0m | [1m补Lane跳过汇总: lane_prefix=GL, machine=Nova X-25B, reason_top=[总量0.8G低于最小门槛2095.0Gx16, 总量10.0G低于最小门槛1995.0Gx4, 总量30.0G低于最小门槛1676.0Gx4, 总量2.0G低于最小门槛2095.0Gx4][0m
[32m2026-05-21 17:19:51[0m | [1mINFO    [0m | [1m补Lane尝试: variant=cluster_fast_path, lane_prefix=OG, pool_size=38, pool_data=2020.481G, prioritize_scattered_mix=False[0m
[32m2026-05-21 17:19:52[0m | [1mINFO    [0m | [1m剩余库分层重组搜索未新增Lane: 跳过拆分文库=0, 剩余未分配=711[0m
[32m2026-05-21 17:19:52[0m | [1mINFO    [0m | [1m脚本内置 Pooling 预测已停用，后续统一调用 prediction_delivery[0m
[32m2026-05-21 17:19:52[0m | [1mINFO    [0m | [1m1.1首轮Lane加测/混合封顶生效: lane=GL_Nova X-25B_002, 保留149.2G, 回退417个/1063.7G到未分配池 (单Lane上限150.0G)[0m
[32m2026-05-21 17:19:52[0m | [1mINFO    [0m | [1m1.1首轮单Lane加测/混合封顶完成: 调整Lane=1, 回退文库=417个/1063.7G[0m
[32m2026-05-21 17:19:52[0m | [1mINFO    [0m | [1mIndex校验器初始化完成（真实数据验证版本）[0m
[32m2026-05-21 17:19:52[0m | [1mINFO    [0m | [1m成Lane校验程序初始化完成 (严格模式: True, 碱基不均衡上限: 35%, 特殊文库关键词: 9个)[0m
[32m2026-05-21 17:19:53[0m | [1mINFO    [0m | [1m1.1首轮二次补排启动: 首轮剩余文库=1128个[0m
[32m2026-05-21 17:19:53[0m | [1mINFO    [0m | [1m1.1首轮二次补排策略: expensive_rescue=True, peak_window_mixed=True, post_fill_optimization=True, rule_bucket_prescheduling=True[0m
[32m2026-05-21 17:19:53[0m | [1mINFO    [0m | [1m
================================================================================[0m
[32m2026-05-21 17:19:53[0m | [1mINFO    [0m | [1m排机流程：纯规则排机[0m
[32m2026-05-21 17:19:53[0m | [1mINFO    [0m | [1m================================================================================[0m
[32m2026-05-21 17:19:53[0m | [1mINFO    [0m | [1mIndex校验器初始化完成（真实数据验证版本）[0m
[32m2026-05-21 17:19:53[0m | [1mINFO    [0m | [1mIndex校验器初始化完成（真实数据验证版本）[0m
[32m2026-05-21 17:19:53[0m | [1mINFO    [0m | [1m成Lane校验程序初始化完成 (严格模式: True, 碱基不均衡上限: 35%, 特殊文库关键词: 9个)[0m
[32m2026-05-21 17:19:53[0m | [33m[1mWARNING [0m | [33m[1mPooling配置表不存在: /data/work/yuyongpeng/liblane_v2_deepseek/data/wktype_pooling_config.xlsx，将使用默认策略[0m
[32m2026-05-21 17:19:53[0m | [1mINFO    [0m | [1m产出效率修正表不存在: /data/work/yuyongpeng/liblane_v2_deepseek/data/production_efficiency_correction.csv，跳过后校准[0m
[32m2026-05-21 17:19:53[0m | [33m[1mWARNING [0m | [33m[1m模型文件不存在: models/loutput_pre_lane_v5/lightgbm_model.pkl[0m
[32m2026-05-21 17:19:53[0m | [33m[1mWARNING [0m | [33m[1mloutput预测器不可用，将使用规则降级策略[0m
[32m2026-05-21 17:19:53[0m | [1mINFO    [0m | [1m逐Lane贪心排机器初始化完成 - 基础容量: 985.0GB, 利用率区间: [100%, 100%], 配置模式: 按机型自动[0m
[32m2026-05-21 17:19:53[0m | [1mINFO    [0m | [1m启用检查: Index=True, 碱基不均衡=True, 规则检查器=False[0m
[32m2026-05-21 17:19:53[0m | [1mINFO    [0m | [1m排机阶段：Pooling优化器已禁用（V6流程不需要）[0m
[32m2026-05-21 17:19:53[0m | [1mINFO    [0m | [1mIndex校验器初始化完成（真实数据验证版本）[0m
[32m2026-05-21 17:19:53[0m | [1mINFO    [0m | [1m成Lane校验程序初始化完成 (严格模式: True, 碱基不均衡上限: 35%, 特殊文库关键词: 9个)[0m
[32m2026-05-21 17:19:53[0m | [1mINFO    [0m | [1m严格校验容量区间改为按统一配置表动态解析[0m
[32m2026-05-21 17:19:53[0m | [1mINFO    [0m | [1m主流程前置拆分完成: 无需拆分[0m
[32m2026-05-21 17:19:53[0m | [1mINFO    [0m | [1m混排Peak窗口: 350-500bp, 1031个文库/6503G, 理论最多3条Lane[0m
[32m2026-05-21 17:19:53[0m | [1mINFO    [0m | [1m混排Lane预抽取完成: 新增Lane=0，使用文库=0个/0.0G，剩余待排=1128个/7593.2G[0m
[32m2026-05-21 17:19:53[0m | [1mINFO    [0m | [1m主流程规则分桶跳过: bucket=ten_x:西部中心24例10X单细胞测序分析技术服务（委托）合同|S|10X转录组-3'文库|NA|TENX+MANUAL_RISK+IMBALANCE, count=8, reason=总量518.9G低于最小门槛1995.0G[0m
[32m2026-05-21 17:19:53[0m | [1mINFO    [0m | [1m主流程规则分桶跳过: bucket=ten_x:精准医学25年自建库PE150测序技术服务（委托）合同|S|客户文库-10X VISIUM 文库|NA|TENX+MANUAL_RISK+IMBALANCE, count=5, reason=总量400.0G低于最小门槛1995.0G[0m
[32m2026-05-21 17:19:53[0m | [1mINFO    [0m | [1m主流程规则分桶跳过: bucket=ten_x:基层医药学会10X HD空间转录组分析技术服务（委托）合同|S|10X HD VISIUM空间转录组文库(新)|NA|TENX+MANUAL_RISK+IMBALANCE, count=2, reason=总量210.0G低于最小门槛1990.2G[0m
[32m2026-05-21 17:19:53[0m | [1mINFO    [0m | [1m主流程规则分桶跳过: bucket=ten_x:浙大二院张国强老师6例单细胞测序技术服务（委托）合同|S|10X转录组-3'文库|NA|TENX+MANUAL_RISK+IMBALANCE, count=4, reason=总量200.0G低于最小门槛1995.0G[0m
[32m2026-05-21 17:19:53[0m | [1mINFO    [0m | [1m主流程规则分桶跳过: bucket=ten_x:天津医科大学总医院-10例10X3' V4试剂单细胞测序分析技术服务（委托）合同|S|10X转录组-3'文库|NA|TENX+MANUAL_RISK+IMBALANCE, count=3, reason=总量190.4G低于最小门槛1995.0G[0m
[32m2026-05-21 17:19:53[0m | [1mINFO    [0m | [1m主流程规则分桶跳过: bucket=ten_x:150个样本10X GENOMICS 3'端（V4试剂）单细胞转录组测序矩阵分析技术服务（委托）合同|S|10X转录组-3'文库|NA|TENX+MANUAL_RISK+IMBALANCE, count=4, reason=总量185.4G低于最小门槛1995.0G[0m
[32m2026-05-21 17:19:53[0m | [1mINFO    [0m | [1m主流程规则分桶跳过: bucket=ten_x:山东省立医院50例单细胞+VDJ分析技术服务（委托）合同|S|10X转录组-5'文库|NA|TENX+MANUAL_RISK+IMBALANCE, count=1, reason=总量150.0G低于最小门槛1995.0G[0m
[32m2026-05-21 17:19:53[0m | [1mINFO    [0m | [1m主流程规则分桶跳过: bucket=ten_x:扬州大学医学院12个10X GENOMICS V4 GEMX单细胞测序分析技术服务（委托）合同|S|10X转录组-3'文库|NA|TENX+MANUAL_RISK+IMBALANCE, count=3, reason=总量147.1G低于最小门槛1995.0G[0m
[32m2026-05-21 17:19:53[0m | [1mINFO    [0m | [1m主流程规则分桶跳过: bucket=ten_x:暨大-单细胞建库测序分析分析技术服务（委托）合同|S|10X转录组-3'文库|NA|TENX+MANUAL_RISK+IMBALANCE, count=3, reason=总量145.5G低于最小门槛1995.0G[0m
[32m2026-05-21 17:19:53[0m | [1mINFO    [0m | [1m主流程规则分桶跳过: bucket=ten_x:广医三院3例睾丸组织单细胞测序分析技术服务（委托）合同|S|10X转录组-3'文库|NA|TENX+MANUAL_RISK+IMBALANCE, count=2, reason=总量103.1G低于最小门槛1995.0G[0m
[32m2026-05-21 17:19:53[0m | [1mINFO    [0m | [1m主流程规则分桶跳过: bucket=ten_x:长征医院30例单细胞GEM-FLEX-60G矩阵分析+30例空转VISIUM HD-100G矩阵分析技术服务（委托）合同|S|10X HD VISIUM空间转录组文库(新)|NA|TENX+MANUAL_RISK+IMBALANCE, count=1, reason=总量100.0G低于最小门槛1990.2G[0m
[32m2026-05-21 17:19:53[0m | [1mINFO    [0m | [1m主流程规则分桶跳过: bucket=ten_x:2个样本10X GENOMICS 3'端单细胞转录组分析技术服务（委托）合同-LX|S|10X转录组-3'文库|NA|TENX+MANUAL_RISK+IMBALANCE, count=2, reason=总量100.0G低于最小门槛1995.0G[0m
[32m2026-05-21 17:19:53[0m | [1mINFO    [0m | [1m主流程规则分桶跳过: bucket=ten_x:2025年深圳微科盟单细胞测序分析技术服务（委托）合同|S|10X转录组-3'文库|NA|TENX+MANUAL_RISK+IMBALANCE, count=2, reason=总量96.8G低于最小门槛1995.0G[0m
[32m2026-05-21 17:19:53[0m | [1mINFO    [0m | [1m主流程规则分桶跳过: bucket=ten_x:精准医学25年自建库PE150测序技术服务（委托）合同|S|客户-10X 3 单细胞转录组文库|NA|TENX+MANUAL_RISK+IMBALANCE, count=1, reason=总量90.0G低于最小门槛1995.0G[0m
[32m2026-05-21 17:19:53[0m | [1mINFO    [0m | [1m主流程规则分桶跳过: bucket=ten_x:130例食管癌10X GENOMICS GEM-X +V4试剂单细胞转录组测序分析技术服务（委托）合同|S|10X转录组-3'文库|NA|TENX+MANUAL_RISK+IMBALANCE, count=1, reason=总量81.5G低于最小门槛1995.0G[0m
[32m2026-05-21 17:19:53[0m | [1mINFO    [0m | [1m主流程规则分桶跳过: bucket=ten_x:复旦大学 张政辉 12例 10X3''单细胞测序矩阵分析技术服务（委托）合同|S|10X转录组-3'文库|NA|TENX+MANUAL_RISK+IMBALANCE, count=1, reason=总量50.1G低于最小门槛1995.0G[0m
[32m2026-05-21 17:19:53[0m | [1mINFO    [0m | [1m主流程规则分桶跳过: bucket=ten_x:7例3端单细胞转录组测序分析技术服务（委托）合同-CXX|S|10X转录组-3'文库|NA|TENX+MANUAL_RISK+IMBALANCE, count=1, reason=总量50.0G低于最小门槛1995.0G[0m
[32m2026-05-21 17:19:53[0m | [1mINFO    [0m | [1m主流程规则分桶跳过: bucket=ten_x:康龙化成（北京）2024-2025年度建库测序分析技术服务（委托）合同|S|客户-10X转录组文库|NA|TENX+MANUAL_RISK+IMBALANCE, count=1, reason=总量50.0G低于最小门槛2095.0G[0m
[32m2026-05-21 17:19:53[0m | [1mINFO    [0m | [1m主流程规则分桶跳过: bucket=ten_x:神外所2例单细胞3'转录组测序分析-250805分析技术服务（委托）合同|S|10X转录组-3'文库|NA|TENX+MANUAL_RISK+IMBALANCE, count=1, reason=总量50.0G低于最小门槛1995.0G[0m
[32m2026-05-21 17:19:53[0m | [1mINFO    [0m | [1m主流程规则分桶跳过: bucket=ten_x:宣武医院40例5'端单细胞+VDJ分析技术服务（委托）合同-ZYT|S|10X转录组-5'文库|NA|TENX+MANUAL_RISK+IMBALANCE, count=1, reason=总量45.3G低于最小门槛1995.0G[0m
[32m2026-05-21 17:19:53[0m | [1mINFO    [0m | [1m主流程规则分桶跳过: bucket=ten_x:山东大学4例10X3'单细胞建库测序矩阵分析技术服务（委托）合同-邵琪琪|S|10X转录组-3'文库|NA|TENX+MANUAL_RISK+IMBALANCE, count=1, reason=总量42.0G低于最小门槛1995.0G[0m
[32m2026-05-21 17:19:53[0m | [1mINFO    [0m | [1m主流程规则分桶跳过: bucket=ten_x:四川大学华西医院5个单细胞核转录组建库测序技术服务（委托）合同|S|10X转录组-3'文库|NA|TENX+MANUAL_RISK+IMBALANCE, count=1, reason=总量35.0G低于最小门槛1995.0G[0m
[32m2026-05-21 17:19:53[0m | [1mINFO    [0m | [1m主流程规则分桶跳过: bucket=ten_x:300个单细胞文库测序技术服务（委托）合同|S|客户-单细胞文库|NA|TENX+MANUAL_RISK+IMBALANCE, count=1, reason=总量30.0G低于最小门槛1843.6G[0m
[32m2026-05-21 17:19:53[0m | [1mINFO    [0m | [1m主流程规则分桶跳过: bucket=ten_x:深圳市人民医院小鼠样本10X 5端+TCR+BCR 单细胞转录组建库测序及高级分析技术服务（委托）合同|S|10X转录组V(D)J-BCR文库|NA|TENX+MANUAL_RISK+IMBALANCE, count=4, reason=总量28.1G低于最小门槛1995.0G[0m
[32m2026-05-21 17:19:53[0m | [1mINFO    [0m | [1m主流程规则分桶跳过: bucket=ten_x:博迪贺康12例小鼠小肠单细胞转录组测序分析技术服务（委托）合同|S|10X转录组-3'文库|NA|TENX+MANUAL_RISK+IMBALANCE, count=1, reason=总量24.8G低于最小门槛1995.0G[0m
[32m2026-05-21 17:19:53[0m | [1mINFO    [0m | [1m主流程规则分桶跳过: bucket=ten_x:深圳市人民医院小鼠样本10X 5端+TCR+BCR 单细胞转录组建库测序及高级分析技术服务（委托）合同|S|10X转录组V(D)J-TCR文库|NA|TENX+MANUAL_RISK+IMBALANCE, count=3, reason=总量20.9G低于最小门槛1995.0G[0m
[32m2026-05-21 17:19:53[0m | [1mINFO    [0m | [1m主流程规则分桶跳过: bucket=ten_x:西湖大学程赛凤LAB自建库测序（XPLUS）试测技术服务（委托）合同|S|客户-10X 3 单细胞转录组文库|NA|TENX+MANUAL_RISK+IMBALANCE, count=1, reason=总量12.8G低于最小门槛1995.0G[0m
[32m2026-05-21 17:19:53[0m | [1mINFO    [0m | [1m主流程规则分桶跳过: bucket=ten_x:100例样本单细胞5+T+B测序分析技术服务（委托）合同-LY|S|10X转录组V(D)J-TCR文库|NA|TENX+MANUAL_RISK+IMBALANCE, count=1, reason=总量10.0G低于最小门槛1995.0G[0m
[32m2026-05-21 17:19:53[0m | [1mINFO    [0m | [1m主流程规则分桶跳过: bucket=ten_x:山东省立医院50例单细胞+VDJ分析技术服务（委托）合同|S|10X转录组V(D)J-TCR文库|NA|TENX+MANUAL_RISK+IMBALANCE, count=1, reason=总量10.0G低于最小门槛1995.0G[0m
[32m2026-05-21 17:19:53[0m | [1mINFO    [0m | [1m主流程规则分桶跳过: bucket=ten_x:智新浩正21例10XV3 5'+BCR+TCR单细胞转录组测序分析技术服务合同-1|S|10X转录组V(D)J-TCR文库|NA|TENX+MANUAL_RISK+IMBALANCE, count=1, reason=总量10.0G低于最小门槛1995.0G[0m
[32m2026-05-21 17:19:53[0m | [1mINFO    [0m | [1m主流程规则分桶跳过: bucket=ten_x:神外所20例单细胞三代全长转录组（0NT）+10例单细胞5'转录组+TCR+BCR建库测序分析技术服务（委托）合同|S|10X转录组V(D)J-TCR文库|NA|TENX+MANUAL_RISK+IMBALANCE, count=1, reason=总量10.0G低于最小门槛1995.0G[0m
[32m2026-05-21 17:19:53[0m | [1mINFO    [0m | [1m主流程规则分桶跳过: bucket=ten_x:深圳市人民医院小鼠样本10X 5端+TCR+BCR 单细胞转录组建库测序及高级分析技术服务（委托）合同|S|10X转录组-5'文库|NA|TENX+MANUAL_RISK+IMBALANCE, count=2, reason=总量8.9G低于最小门槛1995.0G[0m
[32m2026-05-21 17:19:53[0m | [1mINFO    [0m | [1m主流程规则分桶跳过: bucket=ten_x:NVUK2025072303-EU-ES-IBS-8 SMARTER RNA-SEQUENCING 6G-ANGEL-WBI|S|单细胞文库|NA|TENX+MANUAL_RISK+IMBALANCE, count=1, reason=总量6.0G低于最小门槛1843.6G[0m
[32m2026-05-21 17:19:53[0m | [1mINFO    [0m | [1m主流程规则分桶跳过: bucket=ten_x:中国科学院大连化学物理研究所50个样本的自建库分析技术服务（委托）合同|S|客户-单细胞文库|NA|TENX+MANUAL_RISK+IMBALANCE, count=4, reason=总量4.0G低于最小门槛1843.6G[0m
[32m2026-05-21 17:19:53[0m | [1mINFO    [0m | [1m主流程规则分桶跳过: bucket=ten_x:宣武医院40例5'端单细胞+VDJ分析技术服务（委托）合同-ZYT|S|10X转录组V(D)J-BCR文库|NA|TENX+MANUAL_RISK+IMBALANCE, count=3, reason=总量3.4G低于最小门槛1995.0G[0m
[32m2026-05-21 17:19:53[0m | [1mINFO    [0m | [1m主流程规则分桶跳过: bucket=ten_x:21例10XV3 5'+BCR+TCR单细胞转录组测序分析技术服务合同|S|10X转录组V(D)J-BCR文库|NA|TENX+MANUAL_RISK+IMBALANCE, count=1, reason=总量1.4G低于最小门槛1995.0G[0m
[32m2026-05-21 17:19:53[0m | [1mINFO    [0m | [1m主流程规则分桶跳过: bucket=manual_or_risk:康龙化成（北京）2024-2025年度建库测序分析技术服务（委托）合同|S|客户-真核普通转录组文库|NA|MANUAL_RISK, count=26, reason=总量468.0G低于最小门槛2095.0G[0m
[32m2026-05-21 17:19:53[0m | [1mINFO    [0m | [1m主流程规则分桶跳过: bucket=manual_or_risk:广州医科大学王佳PE150文库测序分析技术服务（委托）合同|S|客户-HI-C文库|NA|MANUAL_RISK, count=3, reason=总量217.0G低于最小门槛2095.0G[0m
[32m2026-05-21 17:19:53[0m | [1mINFO    [0m | [1m主流程规则分桶跳过: bucket=manual_or_risk:北大人民MNGS3700例分析技术服务（委托）合同|S|客户-微生物常规小片段文库|NA|MANUAL_RISK, count=8, reason=总量120.0G低于最小门槛2095.0G[0m
[32m2026-05-21 17:19:53[0m | [1mINFO    [0m | [1m主流程规则分桶跳过: bucket=manual_or_risk:（极速周期）北生所1000个自建文库测序技术服务（委托）合同|S|客户-PCR产物|NA|MANUAL_RISK+IMBALANCE, count=6, reason=总量120.0G低于最小门槛1257.0G[0m
[32m2026-05-21 17:19:53[0m | [1mINFO    [0m | [1m主流程规则分桶跳过: bucket=manual_or_risk:（极速周期）北生所1000个自建文库测序技术服务（委托）合同|S|客户-真核普通转录组文库|NA|MANUAL_RISK, count=12, reason=总量108.0G低于最小门槛2095.0G[0m
[32m2026-05-21 17:19:53[0m | [1mINFO    [0m | [1m主流程规则分桶跳过: bucket=manual_or_risk:自建库测序执行协议分析技术服务（委托）合同- WYX|S|客户-真核普通转录组文库|NA|MANUAL_RISK, count=6, reason=总量72.0G低于最小门槛2095.0G[0m
[32m2026-05-21 17:19:53[0m | [1mINFO    [0m | [1m主流程规则分桶跳过: bucket=manual_or_risk:NVDE2025073120-DE-UMR-MALETZKI-HUMAN-12-LOWPASSEMSEQ-15GB-WOBI|S|EM-SEQ文库|NA|MANUAL_RISK+IMBALANCE, count=5, reason=总量70.0G低于最小门槛2074.1G[0m
[32m2026-05-21 17:19:53[0m | [1mINFO    [0m | [1m主流程规则分桶跳过: bucket=manual_or_risk:百奥华兴自建库合同分析技术服务（委托）合同|S|客户-ATAC-SEQ文库|NA|MANUAL_RISK+IMBALANCE, count=3, reason=总量60.0G低于最小门槛1676.0G[0m
[32m2026-05-21 17:19:53[0m | [1mINFO    [0m | [1m主流程规则分桶跳过: bucket=manual_or_risk:真诺生物-2000例转录组测序+全外显子测序技术服务（委托）合同|S|外显子文库|NA|MANUAL_RISK, count=1, reason=总量48.0G低于最小门槛2095.0G[0m
[32m2026-05-21 17:19:53[0m | [1mINFO    [0m | [1m主流程规则分桶跳过: bucket=manual_or_risk:（极速周期）2025年艾斯基因建库测序年度框架分析技术服务（委托）合同|S|客户-CHIP-SEQ文库|NA|MANUAL_RISK, count=4, reason=总量44.0G低于最小门槛2095.0G[0m
[32m2026-05-21 17:19:53[0m | [1mINFO    [0m | [1m主流程规则分桶跳过: bucket=manual_or_risk:（极速周期）北生所1000个自建文库测序技术服务（委托）合同|S|客户-CUT-TAG文库|NA|MANUAL_RISK+IMBALANCE, count=7, reason=总量42.0G低于最小门槛1676.0G[0m
[32m2026-05-21 17:19:53[0m | [1mINFO    [0m | [1m主流程规则分桶跳过: bucket=manual_or_risk:14例自建库技术服务（委托）合同|S|客户-CHIP-SEQ文库|NA|MANUAL_RISK, count=4, reason=总量40.0G低于最小门槛2095.0G[0m
[32m2026-05-21 17:19:53[0m | [1mINFO    [0m | [1m主流程规则分桶跳过: bucket=manual_or_risk:8个样本自建库测序技术服务（委托）合同-X|S|客户-动植物全基因组重测序文库|NA|MANUAL_RISK, count=4, reason=总量40.0G低于最小门槛2095.0G[0m
[32m2026-05-21 17:19:53[0m | [1mINFO    [0m | [1m主流程规则分桶跳过: bucket=manual_or_risk:广东省人民医院20个外显子建库测序分析技术服务（委托）合同|S|外显子文库|NA|MANUAL_RISK, count=1, reason=总量40.0G低于最小门槛2095.0G[0m
[32m2026-05-21 17:19:53[0m | [1mINFO    [0m | [1m主流程规则分桶跳过: bucket=manual_or_risk:简化甲基化测序21个分析技术服务（委托）合同|S|RRBS文库|NA|MANUAL_RISK+IMBALANCE, count=7, reason=总量39.8G低于最小门槛1780.8G[0m
[32m2026-05-21 17:19:53[0m | [1mINFO    [0m | [1m主流程规则分桶跳过: bucket=manual_or_risk:汕头大学医学院雷老师自建库测序分析技术服务（委托）合同|S|客户-ATAC-SEQ文库|NA|MANUAL_RISK+IMBALANCE, count=3, reason=总量36.0G低于最小门槛1676.0G[0m
[32m2026-05-21 17:19:53[0m | [1mINFO    [0m | [1m主流程规则分桶跳过: bucket=manual_or_risk:山东省妇幼保健院6样本转录组10G+自建库分析技术服务（委托）合同-李安娜|S|客户-动植物全基因组重测序文库|NA|MANUAL_RISK, count=5, reason=总量30.0G低于最小门槛2095.0G[0m
[32m2026-05-21 17:19:53[0m | [1mINFO    [0m | [1m主流程规则分桶跳过: bucket=manual_or_risk:景杰25年自建库测序技术服务（委托）合同|S|客户-CUT-TAG文库|NA|MANUAL_RISK+IMBALANCE, count=5, reason=总量30.0G低于最小门槛1676.0G[0m
[32m2026-05-21 17:19:53[0m | [1mINFO    [0m | [1m主流程规则分桶跳过: bucket=manual_or_risk:（极速周期）清华1个文库技术服务（委托）合同|S|客户-CUT-TAG文库|NA|MANUAL_RISK+IMBALANCE, count=5, reason=总量30.0G低于最小门槛1676.0G[0m
[32m2026-05-21 17:19:53[0m | [1mINFO    [0m | [1m主流程规则分桶跳过: bucket=manual_or_risk:湘湖实验室100个自建库XP测序技术服务（委托）合同|S|客户-ATAC-SEQ文库|NA|MANUAL_RISK+IMBALANCE, count=3, reason=总量30.0G低于最小门槛1676.0G[0m
[32m2026-05-21 17:19:53[0m | [1mINFO    [0m | [1m主流程规则分桶跳过: bucket=manual_or_risk:儿中心陈啸龙组10个WES测序分析技术服务（委托）合同|S|外显子文库|NA|MANUAL_RISK, count=1, reason=总量30.0G低于最小门槛2095.0G[0m
[32m2026-05-21 17:19:53[0m | [1mINFO    [0m | [1m主流程规则分桶跳过: bucket=manual_or_risk:崖州湾RIBO加ATAC加转录组分析技术服务（委托）合同|S|ATAC-SEQ文库|NA|MANUAL_RISK+IMBALANCE, count=1, reason=总量30.0G低于最小门槛1676.0G[0m
[32m2026-05-21 17:19:53[0m | [1mINFO    [0m | [1m主流程规则分桶跳过: bucket=manual_or_risk:广州医科大学师宪平组CUT&TAG自建库测序分析分析技术服务（委托）合同|S|客户-CUT-TAG文库|NA|MANUAL_RISK+IMBALANCE, count=4, reason=总量24.0G低于最小门槛1676.0G[0m
[32m2026-05-21 17:19:53[0m | [1mINFO    [0m | [1m主流程规则分桶跳过: bucket=manual_or_risk:（极速周期）清华50个自建文库测序技术服务（委托）合同|S|客户-PCR产物|NA|MANUAL_RISK+IMBALANCE, count=3, reason=总量21.0G低于最小门槛1257.0G[0m
[32m2026-05-21 17:19:53[0m | [1mINFO    [0m | [1m主流程规则分桶跳过: bucket=manual_or_risk:自建库测序-NOVASEQ2025Q3技术服务（委托）合同|S|客户-PCR产物|NA|MANUAL_RISK+IMBALANCE, count=7, reason=总量19.6G低于最小门槛1257.0G[0m
[32m2026-05-21 17:19:53[0m | [1mINFO    [0m | [1m主流程规则分桶跳过: bucket=manual_or_risk:兰州大学16例自建库测序技术服务（委托）合同|S|客户-SMALL RNA文库|NA|MANUAL_RISK, count=3, reason=总量18.0G低于最小门槛2095.0G[0m
[32m2026-05-21 17:19:53[0m | [1mINFO    [0m | [1m主流程规则分桶跳过: bucket=manual_or_risk:植保所50个自建库-JL分析技术服务（委托）合同|S|客户-真核普通转录组文库|NA|MANUAL_RISK, count=3, reason=总量18.0G低于最小门槛2095.0G[0m
[32m2026-05-21 17:19:53[0m | [1mINFO    [0m | [1m主流程规则分桶跳过: bucket=manual_or_risk:（极速周期）2025年艾斯基因建库测序年度框架分析技术服务（委托）合同|S|客户-ATAC-SEQ文库|NA|MANUAL_RISK+IMBALANCE, count=1, reason=总量14.0G低于最小门槛1676.0G[0m
[32m2026-05-21 17:19:53[0m | [1mINFO    [0m | [1m主流程规则分桶跳过: bucket=manual_or_risk:海洋所90例MRNA建库测序分析技术服务（委托）合同|S|VIP-真核普通转录组文库|NA|MANUAL_RISK, count=4, reason=总量13.9G低于最小门槛2095.0G[0m
[32m2026-05-21 17:19:53[0m | [1mINFO    [0m | [1m主流程规则分桶跳过: bucket=manual_or_risk:5个宏基因组-40G加测+50G标准分析+50GBINNING分析分析技术服务（委托）合同|S|DNA小片段文库|NA|MANUAL_RISK, count=2, reason=总量12.6G低于最小门槛2095.0G[0m
[32m2026-05-21 17:19:53[0m | [1mINFO    [0m | [1m主流程规则分桶跳过: bucket=manual_or_risk:LZY组自建库测序技术服务（委托）合同-XPLUS CLEAN|S|客户-CHIP-SEQ文库|NA|MANUAL_RISK, count=2, reason=总量12.0G低于最小门槛2095.0G[0m
[32m2026-05-21 17:19:53[0m | [1mINFO    [0m | [1m主流程规则分桶跳过: bucket=manual_or_risk:MRNA制造成本突破创新专项|S|客户-PCR产物|NA|MANUAL_RISK+IMBALANCE, count=2, reason=总量12.0G低于最小门槛1257.0G[0m
[32m2026-05-21 17:19:53[0m | [1mINFO    [0m | [1m主流程规则分桶跳过: bucket=manual_or_risk:天津市肿瘤医院100例自建库测序技术服务（委托）合同-王晟欣|S|客户-ATAC-SEQ文库|NA|MANUAL_RISK+IMBALANCE, count=2, reason=总量12.0G低于最小门槛1676.0G[0m
[32m2026-05-21 17:19:53[0m | [1mINFO    [0m | [1m主流程规则分桶跳过: bucket=manual_or_risk:天津市肿瘤医院100例自建库测序技术服务（委托）合同-王晟欣|S|客户-CUT-RUN文库|NA|MANUAL_RISK+IMBALANCE, count=2, reason=总量12.0G低于最小门槛1676.0G[0m
[32m2026-05-21 17:19:53[0m | [1mINFO    [0m | [1m主流程规则分桶跳过: bucket=manual_or_risk:山东第一医科大学4例ATAC自建库测序技术服务（委托）合同-刘伟|S|客户-ATAC-SEQ文库|NA|MANUAL_RISK+IMBALANCE, count=1, reason=总量12.0G低于最小门槛1676.0G[0m
[32m2026-05-21 17:19:53[0m | [1mINFO    [0m | [1m主流程规则分桶跳过: bucket=manual_or_risk:博奥汇玖自建库测序技术服务（委托）合同|S|客户-META文库|NA|MANUAL_RISK, count=2, reason=总量10.4G低于最小门槛2095.0G[0m
[32m2026-05-21 17:19:53[0m | [1mINFO    [0m | [1m主流程规则分桶跳过: bucket=manual_or_risk:工生所300例自建库测序技术服务（委托）合同|S|客户-扩增子文库|NA|MANUAL_RISK+IMBALANCE, count=2, reason=总量10.0G低于最小门槛1466.5G[0m
[32m2026-05-21 17:19:53[0m | [1mINFO    [0m | [1m主流程规则分桶跳过: bucket=manual_or_risk:自建库测序-NOVASEQ2025Q3技术服务（委托）合同|S|客户-其他碱基均衡文库|NA|MANUAL_RISK, count=2, reason=总量10.0G低于最小门槛2095.0G[0m
[32m2026-05-21 17:19:53[0m | [1mINFO    [0m | [1m主流程规则分桶跳过: bucket=manual_or_risk:2025年深圳晶泰自建库测序分析技术服务（委托）合同|S|客户-PCR产物|NA|MANUAL_RISK+IMBALANCE, count=1, reason=总量10.0G低于最小门槛1257.0G[0m
[32m2026-05-21 17:19:53[0m | [1mINFO    [0m | [1m主流程规则分桶跳过: bucket=manual_or_risk:深圳湾实验室张哲老师PE150自建库测序技术服务（委托）合同|S|客户-PCR产物|NA|MANUAL_RISK+IMBALANCE, count=1, reason=总量10.0G低于最小门槛1257.0G[0m
[32m2026-05-21 17:19:53[0m | [1mINFO    [0m | [1m主流程规则分桶跳过: bucket=manual_or_risk:（极速周期）清华2自建文库测序技术服务（委托）合同|S|客户-真核普通转录组文库|NA|MANUAL_RISK, count=2, reason=总量8.0G低于最小门槛2095.0G[0m
[32m2026-05-21 17:19:53[0m | [1mINFO    [0m | [1m主流程规则分桶跳过: bucket=manual_or_risk:天津市肿瘤医院100例自建库测序技术服务（委托）合同-王晟欣|S|客户-CUT-TAG文库|NA|MANUAL_RISK+IMBALANCE, count=3, reason=总量7.8G低于最小门槛1676.0G[0m
[32m2026-05-21 17:19:53[0m | [1mINFO    [0m | [1m主流程规则分桶跳过: bucket=manual_or_risk:科研-伟寰-自建库PE150年框分析技术服务（委托）合同|S|客户-微生物常规小片段文库|NA|MANUAL_RISK, count=7, reason=总量7.0G低于最小门槛2095.0G[0m
[32m2026-05-21 17:19:53[0m | [1mINFO    [0m | [1m主流程规则分桶跳过: bucket=manual_or_risk:云舟生物2025年-PE150自建库年度合作协议分析技术服务（委托）合同|S|客户-PCR产物|NA|MANUAL_RISK+IMBALANCE, count=3, reason=总量6.5G低于最小门槛1257.0G[0m
[32m2026-05-21 17:19:53[0m | [1mINFO    [0m | [1m主流程规则分桶跳过: bucket=manual_or_risk:（极速周期）北大SY-自建库XPLUS测序技术服务（委托）合同|S|客户-PCR产物|NA|MANUAL_RISK+IMBALANCE, count=3, reason=总量6.0G低于最小门槛1257.0G[0m
[32m2026-05-21 17:19:53[0m | [1mINFO    [0m | [1m主流程规则分桶跳过: bucket=manual_or_risk:农科院100个自建库-执行第一次分析技术服务（委托）合同|S|客户-SMALL RNA文库|NA|MANUAL_RISK, count=2, reason=总量6.0G低于最小门槛2095.0G[0m
[32m2026-05-21 17:19:53[0m | [1mINFO    [0m | [1m主流程规则分桶跳过: bucket=manual_or_risk:（极速周期）清华100例自建库测序技术服务（委托）合同|S|客户-PCR产物|NA|MANUAL_RISK+IMBALANCE, count=5, reason=总量5.0G低于最小门槛1257.0G[0m
[32m2026-05-21 17:19:53[0m | [1mINFO    [0m | [1m主流程规则分桶跳过: bucket=manual_or_risk:（极速周期）清华9例自建库测序技术服务（委托）合同|S|客户-PCR产物|NA|MANUAL_RISK+IMBALANCE, count=5, reason=总量5.0G低于最小门槛1257.0G[0m
[32m2026-05-21 17:19:53[0m | [1mINFO    [0m | [1m主流程规则分桶跳过: bucket=manual_or_risk:武汉大学30T自建库测序技术服务（委托）合同|S|客户-人重测序文库|NA|MANUAL_RISK, count=1, reason=总量4.4G低于最小门槛2095.0G[0m
[32m2026-05-21 17:19:53[0m | [1mINFO    [0m | [1m主流程规则分桶跳过: bucket=manual_or_risk:植保所200个自建库-第二次分析技术服务（委托）合同|S|客户-PCR产物|NA|MANUAL_RISK+IMBALANCE, count=4, reason=总量4.0G低于最小门槛1257.0G[0m
[32m2026-05-21 17:19:53[0m | [1mINFO    [0m | [1m主流程规则分桶跳过: bucket=manual_or_risk:天津医科大学-30例自建库（3G）分析技术服务（委托）合同|S|客户-扩增子文库|NA|MANUAL_RISK+IMBALANCE, count=2, reason=总量4.0G低于最小门槛1466.5G[0m
[32m2026-05-21 17:19:53[0m | [1mINFO    [0m | [1m主流程规则分桶跳过: bucket=manual_or_risk:HONG KONG-HKU-CHENG CECILIA-2 PRELIB-4G-X PLUS-WOBI-AMEA2025082718|S|客户-PCR产物|NA|MANUAL_RISK+IMBALANCE, count=1, reason=总量4.0G低于最小门槛1257.0G[0m
[32m2026-05-21 17:19:53[0m | [1mINFO    [0m | [1m主流程规则分桶跳过: bucket=manual_or_risk:广州医科大学涂兆伟多个自建库测序分析分析技术服务（委托）合同|S|客户-CUT-TAG文库|NA|MANUAL_RISK+IMBALANCE, count=1, reason=总量4.0G低于最小门槛1676.0G[0m
[32m2026-05-21 17:19:53[0m | [1mINFO    [0m | [1m主流程规则分桶跳过: bucket=manual_or_risk:（极速周期）清华100例自建库测序技术服务（委托）合同|S|客户-其他碱基均衡文库|NA|MANUAL_RISK, count=1, reason=总量4.0G低于最小门槛2095.0G[0m
[32m2026-05-21 17:19:53[0m | [1mINFO    [0m | [1m主流程规则分桶跳过: bucket=manual_or_risk:（极速周期）清华6个自建库测序技术服务（委托）合同|S|客户-PCR产物|NA|MANUAL_RISK+IMBALANCE, count=1, reason=总量4.0G低于最小门槛1257.0G[0m
[32m2026-05-21 17:19:53[0m | [1mINFO    [0m | [1m主流程规则分桶跳过: bucket=manual_or_risk:天津医科大学-12例自建库测序6G分析技术服务（委托）合同|S|客户-CUT-TAG文库|NA|MANUAL_RISK+IMBALANCE, count=2, reason=总量3.5G低于最小门槛1676.0G[0m
[32m2026-05-21 17:19:53[0m | [1mINFO    [0m | [1m主流程规则分桶跳过: bucket=manual_or_risk:NVUK2025072912-UKI-LEEDS-6-HUMAN-WTS-WBI|S|LNC互作文库|NA|MANUAL_RISK, count=1, reason=总量2.3G低于最小门槛2095.0G[0m
[32m2026-05-21 17:19:53[0m | [1mINFO    [0m | [1m主流程规则分桶跳过: bucket=manual_or_risk:2025年深圳新产业生物3例样本自建库测序技术服务（委托）合同|S|客户-PCR产物|NA|MANUAL_RISK+IMBALANCE, count=2, reason=总量2.0G低于最小门槛1257.0G[0m
[32m2026-05-21 17:19:53[0m | [1mINFO    [0m | [1m主流程规则分桶跳过: bucket=manual_or_risk:华理肖希勉45例16S和12例原核转录组测序分析技术服务（委托）合同|S|原核链特异性转录组文库|NA|MANUAL_RISK, count=1, reason=总量2.0G低于最小门槛2095.0G[0m
[32m2026-05-21 17:19:53[0m | [1mINFO    [0m | [1m主流程规则分桶跳过: bucket=manual_or_risk:首医陈老师组自建库+MRNA分析技术服务（委托）合同|S|客户-CHIP-SEQ文库|NA|MANUAL_RISK, count=1, reason=总量2.0G低于最小门槛2095.0G[0m
[32m2026-05-21 17:19:53[0m | [1mINFO    [0m | [1m主流程规则分桶跳过: bucket=manual_or_risk:南科大胃组织多组学测序分析技术服务(委托)合同|S|HI-C文库(细胞和动物组织4碱基)|NA|MANUAL_RISK, count=1, reason=总量1.7G低于最小门槛2095.0G[0m
[32m2026-05-21 17:19:53[0m | [1mINFO    [0m | [1m主流程规则分桶跳过: bucket=manual_or_risk:哈工大12个小鼠脑组织转录组分析技术服务（委托）合同|S|VIP-真核普通转录组文库|NA|MANUAL_RISK, count=1, reason=总量1.2G低于最小门槛2095.0G[0m
[32m2026-05-21 17:19:53[0m | [1mINFO    [0m | [1m主流程规则分桶跳过: bucket=manual_or_risk:TJ-US-OHSU-5-MOUSE PCR PRODUCT WGS-PCR FREE-NOVASEQ6000-5G-WOBI-NVUS2024011841|S|PCR-FREE (PCR产物单建)|NA|MANUAL_RISK+IMBALANCE, count=1, reason=总量1.0G低于最小门槛2095.0G[0m
[32m2026-05-21 17:19:53[0m | [1mINFO    [0m | [1m主流程规则分桶跳过: bucket=manual_or_risk:云南省农业科学院生物技术与种质资源研究所50个样本无参转录组单拼技术服务（委托）合同|S|VIP-真核普通转录组文库|NA|MANUAL_RISK, count=1, reason=总量1.0G低于最小门槛2095.0G[0m
[32m2026-05-21 17:19:53[0m | [1mINFO    [0m | [1m主流程规则分桶跳过: bucket=manual_or_risk:北医100例样本自建库测序分析-DXY分析技术服务（委托）合同|S|客户-CHIP-SEQ文库|NA|MANUAL_RISK, count=1, reason=总量1.0G低于最小门槛2095.0G[0m
[32m2026-05-21 17:19:53[0m | [1mINFO    [0m | [1m主流程规则分桶跳过: bucket=manual_or_risk:检验科单菌二代测序分析技术服务（委托）合同-2025-XYC|S|DNA小片段文库|NA|MANUAL_RISK, count=1, reason=总量1.0G低于最小门槛2095.0G[0m
[32m2026-05-21 17:19:53[0m | [1mINFO    [0m | [1m主流程规则分桶跳过: bucket=manual_or_risk:浙江大学100个客户自建库测序X技术服务（委托）合同|S|客户-PCR产物|NA|MANUAL_RISK+IMBALANCE, count=1, reason=总量1.0G低于最小门槛1257.0G[0m
[32m2026-05-21 17:19:53[0m | [1mINFO    [0m | [1m主流程规则分桶跳过: bucket=manual_or_risk:2025-北化DNA样本NOVASEQ™ X PLUS建库测序技术服务（委托）合同-LMZ|S|微生物常规小片段文库|NA|MANUAL_RISK, count=1, reason=总量0.8G低于最小门槛2095.0G[0m
[32m2026-05-21 17:19:53[0m | [1mINFO    [0m | [1m主流程规则分桶跳过: bucket=manual_or_risk:NVUK2025081411-UKI-STORMTX-13-HUMAN-LNCRNA-12GB-WOBI|S|LNC非互作文库|NA|MANUAL_RISK, count=1, reason=总量0.8G低于最小门槛2095.0G[0m
[32m2026-05-21 17:19:53[0m | [1mINFO    [0m | [1m主流程规则分桶跳过: bucket=manual_or_risk:SJ-（极速周期）北大SH-RNA样本建库测序技术服务（委托）合同|S|VIP-真核普通转录组文库|NA|MANUAL_RISK, count=1, reason=总量0.8G低于最小门槛2095.0G[0m
[32m2026-05-21 17:19:53[0m | [1mINFO    [0m | [1m主流程规则分桶跳过: bucket=manual_or_risk:华中农业大学14个样本转录组测序和8个样本自建库测序分析技术服务（委托）合同|S|客户-CHIP-SEQ文库|NA|MANUAL_RISK, count=1, reason=总量0.8G低于最小门槛2095.0G[0m
[32m2026-05-21 17:19:53[0m | [1mINFO    [0m | [1m主流程规则分桶跳过: bucket=manual_or_risk:华中农业大学400个MRNA 链特异性建库测序技术服务（委托）合同|S|真核链特异性转录组文库|NA|MANUAL_RISK, count=1, reason=总量0.8G低于最小门槛2095.0G[0m
[32m2026-05-21 17:19:53[0m | [1mINFO    [0m | [1m主流程规则分桶跳过: bucket=manual_or_risk:南方医林樱老师52例转录组分析技术服务（委托）合同|S|VIP-真核普通转录组文库|NA|MANUAL_RISK, count=1, reason=总量0.8G低于最小门槛2095.0G[0m
[32m2026-05-21 17:19:53[0m | [1mINFO    [0m | [1m主流程规则分桶跳过: bucket=manual_or_risk:暨大-转录组建库测序标准分析技术服务（委托）合同|S|VIP-真核普通转录组文库|NA|MANUAL_RISK, count=1, reason=总量0.8G低于最小门槛2095.0G[0m
[32m2026-05-21 17:19:53[0m | [1mINFO    [0m | [1m主流程规则分桶跳过: bucket=manual_or_risk:武汉大学30T自建库测序技术服务（委托）合同|S|客户-其他碱基均衡文库|NA|MANUAL_RISK, count=1, reason=总量0.8G低于最小门槛2095.0G[0m
[32m2026-05-21 17:19:53[0m | [1mINFO    [0m | [1m主流程规则分桶跳过: bucket=manual_or_risk:河南农业大学100例自建库测序项目分析技术服务（委托）合同|S|客户-动植物全基因组重测序文库|NA|MANUAL_RISK, count=1, reason=总量0.8G低于最小门槛2095.0G[0m
[32m2026-05-21 17:19:53[0m | [1mINFO    [0m | [1m主流程规则分桶跳过: bucket=manual_or_risk:浙大16个医口转录组测序分析技术服务（委托）合同|S|VIP-真核普通转录组文库|NA|MANUAL_RISK, count=1, reason=总量0.8G低于最小门槛2095.0G[0m
[32m2026-05-21 17:19:53[0m | [1mINFO    [0m | [1m主流程规则分桶跳过: bucket=manual_or_risk:项目10000个样本DNA小片段提取建库测序技术服务（委托）合同|S|DNA小片段文库|NA|MANUAL_RISK, count=1, reason=总量0.8G低于最小门槛2095.0G[0m
[32m2026-05-21 17:19:53[0m | [1mINFO    [0m | [1m主流程规则分桶跳过: bucket=manual_or_risk:JQ_CUT TAG建库测序分析技术服务（委托）合同|S|CUT TAG文库（细胞）|NA|MANUAL_RISK+IMBALANCE, count=1, reason=总量0.5G低于最小门槛1676.0G[0m
[32m2026-05-21 17:19:53[0m | [1mINFO    [0m | [1m主流程规则分桶跳过: bucket=general:内蒙古双奇药业股份有限公司25年宏基因组测序分析技术服务（委托）合同|Z|DNA小片段文库|NA|NORMAL, count=40, reason=总量207.2G低于最小门槛2095.0G[0m
[32m2026-05-21 17:19:53[0m | [1mINFO    [0m | [1m主流程规则分桶跳过: bucket=general:269个蜜蜂7G基因组测序XPLUS分析技术服务（委托）合同|Z|DNA小片段文库|NA|NORMAL, count=55, reason=总量174.9G低于最小门槛2095.0G[0m
[32m2026-05-21 17:19:53[0m | [1mINFO    [0m | [1m主流程规则分桶跳过: bucket=general:内蒙古大学100个宏基因组测序分析技术服务委托合同|Z|DNA小片段文库|NA|NORMAL, count=41, reason=总量141.1G低于最小门槛2095.0G[0m
[32m2026-05-21 17:19:53[0m | [1mINFO    [0m | [1m主流程规则分桶跳过: bucket=general:地理所126个宏基因组+252个扩增子分析技术服务（委托）合同|Z|DNA小片段文库|NA|NORMAL, count=57, reason=总量130.3G低于最小门槛2095.0G[0m
[32m2026-05-21 17:19:53[0m | [1mINFO    [0m | [1m主流程规则分桶跳过: bucket=general:YC后海生物-2025年度建库测序项目分析技术服务（委托）合同|Z|DNA小片段文库|NA|NORMAL, count=8, reason=总量83.3G低于最小门槛2095.0G[0m
[32m2026-05-21 17:19:53[0m | [1mINFO    [0m | [1m主流程规则分桶跳过: bucket=general:新桥医院 120例转录组+18例ITS+24例宏基因组测序分析技术服务（委托）合同|Z|VIP-真核普通转录组文库|NA|NORMAL, count=31, reason=总量79.3G低于最小门槛2095.0G[0m
[32m2026-05-21 17:19:53[0m | [1mINFO    [0m | [1m主流程规则分桶跳过: bucket=general:2025年深圳微科盟NGS测序分析技术服务（委托）合同|Z|DNA小片段文库|NA|NORMAL, count=22, reason=总量78.0G低于最小门槛2095.0G[0m
[32m2026-05-21 17:19:53[0m | [1mINFO    [0m | [1m主流程规则分桶跳过: bucket=general:菲沙25年转录组框架分析技术服务（委托）合同|Z|VIP-真核普通转录组文库|NA|NORMAL, count=30, reason=总量74.0G低于最小门槛2095.0G[0m
[32m2026-05-21 17:19:53[0m | [1mINFO    [0m | [1m主流程规则分桶跳过: bucket=general:天津医院3例全基因组测序分析技术服务（委托）合同-张春智|Z|DNA小片段文库|NA|NORMAL, count=2, reason=总量61.5G低于最小门槛2095.0G[0m
[32m2026-05-21 17:19:53[0m | [1mINFO    [0m | [1m主流程规则分桶跳过: bucket=general:江南大学META建库测序-2025分析技术服务（委托）合同|Z|DNA小片段文库|NA|NORMAL, count=12, reason=总量53.6G低于最小门槛2095.0G[0m
[32m2026-05-21 17:19:53[0m | [1mINFO    [0m | [1m主流程规则分桶跳过: bucket=general:LY_600例宏基因组建库测序分析技术服务（委托）合同|Z|DNA小片段文库|NA|NORMAL, count=21, reason=总量51.1G低于最小门槛2095.0G[0m
[32m2026-05-21 17:19:53[0m | [1mINFO    [0m | [1m主流程规则分桶跳过: bucket=general:5月枫梓25年测序项目技术服务（委托）合同|Z|VIP-真核普通转录组文库|NA|NORMAL, count=17, reason=总量48.1G低于最小门槛2095.0G[0m
[32m2026-05-21 17:19:53[0m | [1mINFO    [0m | [1m主流程规则分桶跳过: bucket=general:30个META提取建库测序分析技术服务（委托）合同|Z|DNA小片段文库|NA|NORMAL, count=11, reason=总量39.6G低于最小门槛2095.0G[0m
[32m2026-05-21 17:19:53[0m | [1mINFO    [0m | [1m主流程规则分桶跳过: bucket=general:宁波大学海洋学院117个扩增子+2个宏基因组测序分析技术服务（委托）合同|Z|DNA小片段文库|NA|NORMAL, count=8, reason=总量37.0G低于最小门槛2095.0G[0m
[32m2026-05-21 17:19:53[0m | [1mINFO    [0m | [1m主流程规则分桶跳过: bucket=general:博奥晶典ILLUMINA建库测序及质控 技术服务（委托）合同-2025|Z|VIP-真核普通转录组文库|NA|NORMAL, count=12, reason=总量37.0G低于最小门槛2095.0G[0m
[32m2026-05-21 17:19:53[0m | [1mINFO    [0m | [1m主流程规则分桶跳过: bucket=general:（极速周期）ILLUMINA平台宏基因组测序分析分析技术服务（委托）合同|Z|DNA小片段文库|NA|NORMAL, count=7, reason=总量35.1G低于最小门槛2095.0G[0m
[32m2026-05-21 17:19:53[0m | [1mINFO    [0m | [1m主流程规则分桶跳过: bucket=general:广州海洋实验室-魏老师组多组学-2025分析技术服务（委托）合同|Z|VIP-真核普通转录组文库|NA|NORMAL, count=13, reason=总量33.6G低于最小门槛2095.0G[0m
[32m2026-05-21 17:19:53[0m | [1mINFO    [0m | [1m主流程规则分桶跳过: bucket=general:动科所18个16S扩增子、非靶代谢和转录组建库测序分析技术服务（委托）合同|Z|VIP-真核普通转录组文库|NA|NORMAL, count=11, reason=总量31.5G低于最小门槛2095.0G[0m
[32m2026-05-21 17:19:53[0m | [1mINFO    [0m | [1m主流程规则分桶跳过: bucket=general:微生物所姜霁航老师转录组测序（框架）分析技术服务（委托）合同|Z|VIP-真核普通转录组文库|NA|NORMAL, count=12, reason=总量30.2G低于最小门槛2095.0G[0m
[32m2026-05-21 17:19:53[0m | [1mINFO    [0m | [1m主流程规则分桶跳过: bucket=general:新桥医院 18例小鼠卵巢转录组测序分析技术服务（委托）合同|Z|VIP-真核普通转录组文库|NA|NORMAL, count=10, reason=总量30.1G低于最小门槛2095.0G[0m
[32m2026-05-21 17:19:53[0m | [1mINFO    [0m | [1m主流程规则分桶跳过: bucket=general:78个皮肤拭子+78个眼部拭子（16S V34+ITS1~5F）+68个粪便宏基因组测序分析技术服务（委托）合同|Z|DNA小片段文库|NA|NORMAL, count=14, reason=总量30.0G低于最小门槛2095.0G[0m
[32m2026-05-21 17:19:53[0m | [1mINFO    [0m | [1m主流程规则分桶跳过: bucket=general:项目2100个样本转录组测序分析技术服务（委托）合同|Z|VIP-真核普通转录组文库|NA|NORMAL, count=11, reason=总量27.3G低于最小门槛2095.0G[0m
[32m2026-05-21 17:19:53[0m | [1mINFO    [0m | [1m主流程规则分桶跳过: bucket=general:45个皮肤拭子+46个眼部拭子（16 SV 3V4+ITS1~5F）+41个粪便宏基因组测序分析技术服务（委托）合同|Z|DNA小片段文库|NA|NORMAL, count=12, reason=总量26.5G低于最小门槛2095.0G[0m
[32m2026-05-21 17:19:53[0m | [1mINFO    [0m | [1m主流程规则分桶跳过: bucket=general:2025年福建漫修生物宏基因组建库测序技术服务（委托）合同|Z|DNA小片段文库|NA|NORMAL, count=6, reason=总量23.8G低于最小门槛2095.0G[0m
[32m2026-05-21 17:19:53[0m | [1mINFO    [0m | [1m主流程规则分桶跳过: bucket=general:50例真核转录组+原核转录组分析技术服务（委托）合同|Z|VIP-真核普通转录组文库|NA|NORMAL, count=8, reason=总量22.9G低于最小门槛2095.0G[0m
[32m2026-05-21 17:19:53[0m | [1mINFO    [0m | [1m主流程规则分桶跳过: bucket=general:珠江医院汪胜宇300个宏基因组分析技术服务（委托）合同|Z|DNA小片段文库|NA|NORMAL, count=5, reason=总量22.8G低于最小门槛2095.0G[0m
[32m2026-05-21 17:19:53[0m | [1mINFO    [0m | [1m主流程规则分桶跳过: bucket=general:12个转录组重测序分析技术服务（委托）合同-YYH|Z|VIP-真核普通转录组文库|NA|NORMAL, count=4, reason=总量22.6G低于最小门槛2095.0G[0m
[32m2026-05-21 17:19:53[0m | [1mINFO    [0m | [1m主流程规则分桶跳过: bucket=general:天津肿瘤医院12例转录组测序分析技术服务（委托）合同-杨舒童|Z|VIP-真核普通转录组文库|NA|NORMAL, count=8, reason=总量21.8G低于最小门槛2095.0G[0m
[32m2026-05-21 17:19:53[0m | [1mINFO    [0m | [1m主流程规则分桶跳过: bucket=general:内蒙古农业大学单菌菌体二代建库测序质控技术服务（委托）合同|Z|DNA小片段文库|NA|NORMAL, count=27, reason=总量21.6G低于最小门槛2095.0G[0m
[32m2026-05-21 17:19:53[0m | [1mINFO    [0m | [1m主流程规则分桶跳过: bucket=general:浙江农林大学暨阳学院18个转录组测序分析技术服务（委托）合同|Z|VIP-真核普通转录组文库|NA|NORMAL, count=7, reason=总量19.2G低于最小门槛2095.0G[0m
[32m2026-05-21 17:19:53[0m | [1mINFO    [0m | [1m主流程规则分桶跳过: bucket=general:瑞金医院叶静组黄超尘老师150例二代转录组X测序技术服务（委托）合同|Z|VIP-真核普通转录组文库|NA|NORMAL, count=4, reason=总量19.0G低于最小门槛2095.0G[0m
[32m2026-05-21 17:19:53[0m | [1mINFO    [0m | [1m主流程规则分桶跳过: bucket=general:内蒙古农业大学单菌基因组建库测序技术服务（委托）合同|Z|DNA小片段文库|NA|NORMAL, count=23, reason=总量18.4G低于最小门槛2095.0G[0m
[32m2026-05-21 17:19:53[0m | [1mINFO    [0m | [1m主流程规则分桶跳过: bucket=general:南华大学18个转录+30个蛋白+110个代谢检测分析技术服务（委托）合同|Z|VIP-真核普通转录组文库|NA|NORMAL, count=7, reason=总量17.4G低于最小门槛2095.0G[0m
[32m2026-05-21 17:19:53[0m | [1mINFO    [0m | [1m主流程规则分桶跳过: bucket=general:50例转录组测序分析技术服务（委托）合同-LYX|Z|VIP-真核普通转录组文库|NA|NORMAL, count=7, reason=总量17.1G低于最小门槛2095.0G[0m
[32m2026-05-21 17:19:53[0m | [1mINFO    [0m | [1m主流程规则分桶跳过: bucket=general:8个样本的转录组 测序分析技术服务（委托）合同|Z|VIP-真核普通转录组文库|NA|NORMAL, count=6, reason=总量16.8G低于最小门槛2095.0G[0m
[32m2026-05-21 17:19:53[0m | [1mINFO    [0m | [1m主流程规则分桶跳过: bucket=general:广州海洋实验室81个宏基因组2+3分析技术服务（委托）合同|Z|VIP-META文库|NA|NORMAL, count=3, reason=总量16.1G低于最小门槛2095.0G[0m
[32m2026-05-21 17:19:53[0m | [1mINFO    [0m | [1m主流程规则分桶跳过: bucket=general:成中医16MIRNA+MRNA及24个非靶代谢组分析技术服务（委托）合同|Z|VIP-真核普通转录组文库|NA|NORMAL, count=6, reason=总量15.4G低于最小门槛2095.0G[0m
[32m2026-05-21 17:19:53[0m | [1mINFO    [0m | [1m主流程规则分桶跳过: bucket=general:资环所10个土壤宏基因组分析技术服务（委托）合同|Z|DNA小片段文库|NA|NORMAL, count=4, reason=总量15.4G低于最小门槛2095.0G[0m
[32m2026-05-21 17:19:53[0m | [1mINFO    [0m | [1m主流程规则分桶跳过: bucket=general:HONG KONG-CUHK-PROF TSANG-25 WGS-X PLUS 10G-105 PCR-50K-WOBI-AMEA2025082517|Z|动植物全基因组重测序文库|NA|NORMAL, count=5, reason=总量15.2G低于最小门槛2095.0G[0m
[32m2026-05-21 17:19:53[0m | [1mINFO    [0m | [1m主流程规则分桶跳过: bucket=general:25年下半年100例宏基因组建库测序分析技术服务（委托）合同|Z|DNA小片段文库|NA|NORMAL, count=3, reason=总量15.1G低于最小门槛2095.0G[0m
[32m2026-05-21 17:19:53[0m | [1mINFO    [0m | [1m主流程规则分桶跳过: bucket=general:科服+2025年影子转录组及扩增子框架分析技术服务（委托）合同|Z|VIP-真核普通转录组文库|NA|NORMAL, count=6, reason=总量14.9G低于最小门槛2095.0G[0m
[32m2026-05-21 17:19:53[0m | [1mINFO    [0m | [1m主流程规则分桶跳过: bucket=general:转录组测序（华西）分析技术服务（委托）合同|Z|VIP-真核普通转录组文库|NA|NORMAL, count=5, reason=总量14.7G低于最小门槛2095.0G[0m
[32m2026-05-21 17:19:53[0m | [1mINFO    [0m | [1m主流程规则分桶跳过: bucket=general:14个样本的宏基因组分析技术服务（委托）合同|Z|DNA小片段文库|NA|NORMAL, count=6, reason=总量13.4G低于最小门槛2095.0G[0m
[32m2026-05-21 17:19:53[0m | [1mINFO    [0m | [1m主流程规则分桶跳过: bucket=general:新疆500个转录分析技术服务（委托）合同|Z|VIP-真核普通转录组文库|NA|NORMAL, count=5, reason=总量13.3G低于最小门槛2095.0G[0m
[32m2026-05-21 17:19:53[0m | [1mINFO    [0m | [1m主流程规则分桶跳过: bucket=general:整形医院杨老师100例转录组分析技术服务（委托）合同|Z|VIP-真核普通转录组文库|NA|NORMAL, count=5, reason=总量13.1G低于最小门槛2095.0G[0m
[32m2026-05-21 17:19:53[0m | [1mINFO    [0m | [1m主流程规则分桶跳过: bucket=general:湖南中烟30例转录组测序分析技术服务（委托）合同|Z|VIP-真核普通转录组文库|NA|NORMAL, count=5, reason=总量13.0G低于最小门槛2095.0G[0m
[32m2026-05-21 17:19:53[0m | [1mINFO    [0m | [1m主流程规则分桶跳过: bucket=general:台州疾控盛莹二代细菌基因组建库测序技术服务（委托）合同|Z|DNA小片段文库|NA|NORMAL, count=16, reason=总量12.8G低于最小门槛2095.0G[0m
[32m2026-05-21 17:19:53[0m | [1mINFO    [0m | [1m主流程规则分桶跳过: bucket=general:检验科单菌二代测序分析技术服务（委托）合同-2025-XYC|Z|DNA小片段文库|NA|NORMAL, count=15, reason=总量12.0G低于最小门槛2095.0G[0m
[32m2026-05-21 17:19:53[0m | [1mINFO    [0m | [1m主流程规则分桶跳过: bucket=general:石大6个触角转录组测序分析技术服务（委托）合同|Z|VIP-真核普通转录组文库|NA|NORMAL, count=4, reason=总量11.7G低于最小门槛2095.0G[0m
[32m2026-05-21 17:19:53[0m | [1mINFO    [0m | [1m主流程规则分桶跳过: bucket=general:北医三院16个转录组+代谢组分析技术服务（委托）合同|Z|VIP-真核普通转录组文库|NA|NORMAL, count=5, reason=总量11.7G低于最小门槛2095.0G[0m
[32m2026-05-21 17:19:53[0m | [1mINFO    [0m | [1m主流程规则分桶跳过: bucket=general:山西农业大学经济作物研究所62例BSA测序分析分析技术服务（委托）合同|Z|DNA小片段文库|NA|NORMAL, count=1, reason=总量11.4G低于最小门槛2095.0G[0m
[32m2026-05-21 17:19:53[0m | [1mINFO    [0m | [1m主流程规则分桶跳过: bucket=general:河南大学第一附属医院50例细菌框架图测序分析技术服务（委托）合同|Z|DNA小片段文库|NA|NORMAL, count=14, reason=总量11.2G低于最小门槛2095.0G[0m
[32m2026-05-21 17:19:53[0m | [1mINFO    [0m | [1m主流程规则分桶跳过: bucket=general:转录组测序分析8.18分析技术服务（委托）合同|Z|VIP-真核普通转录组文库|NA|NORMAL, count=4, reason=总量10.9G低于最小门槛2095.0G[0m
[32m2026-05-21 17:19:53[0m | [1mINFO    [0m | [1m主流程规则分桶跳过: bucket=general:蚌埠医科大学9个小鼠角膜样本转录组测序分析技术服务（委托）合同|Z|VIP-真核普通转录组文库|NA|NORMAL, count=4, reason=总量10.8G低于最小门槛2095.0G[0m
[32m2026-05-21 17:19:53[0m | [1mINFO    [0m | [1m主流程规则分桶跳过: bucket=general:244个样本框架图分析技术服务（委托）合同-1|Z|DNA小片段文库|NA|NORMAL, count=13, reason=总量10.6G低于最小门槛2095.0G[0m
[32m2026-05-21 17:19:53[0m | [1mINFO    [0m | [1m主流程规则分桶跳过: bucket=general:安徽省立医院20个RNA转录组测序分析技术服务（委托）合同|Z|VIP-真核普通转录组文库|NA|NORMAL, count=3, reason=总量9.2G低于最小门槛2095.0G[0m
[32m2026-05-21 17:19:53[0m | [1mINFO    [0m | [1m主流程规则分桶跳过: bucket=general:广州海洋实验室81个宏基因组2+3分析技术服务（委托）合同|Z|DNA小片段文库|NA|NORMAL, count=1, reason=总量8.9G低于最小门槛2095.0G[0m
[32m2026-05-21 17:19:53[0m | [1mINFO    [0m | [1m主流程规则分桶跳过: bucket=general:重庆医科大学附属第一医院10例小鼠心肌组织（MIRNA+MRNA）+12例扩增子+10例代谢组测序分析技术服务（委托）合同|Z|VIP-真核普通转录组文库|NA|NORMAL, count=4, reason=总量8.3G低于最小门槛2095.0G[0m
[32m2026-05-21 17:19:53[0m | [1mINFO    [0m | [1m主流程规则分桶跳过: bucket=general:工生所50例样本小片段建库测序技术服务（委托）合同|Z|DNA小片段文库|NA|NORMAL, count=10, reason=总量8.0G低于最小门槛2095.0G[0m
[32m2026-05-21 17:19:53[0m | [1mINFO    [0m | [1m主流程规则分桶跳过: bucket=general:100个宏基因组XPLUS分析技术服务（委托）合同|Z|DNA小片段文库|NA|NORMAL, count=6, reason=总量8.0G低于最小门槛2095.0G[0m
[32m2026-05-21 17:19:53[0m | [1mINFO    [0m | [1m主流程规则分桶跳过: bucket=general:安徽农业大学9个样本有参转录组测序分析技术服务（委托）合同|Z|VIP-真核普通转录组文库|NA|NORMAL, count=3, reason=总量7.9G低于最小门槛2095.0G[0m
[32m2026-05-21 17:19:53[0m | [1mINFO    [0m | [1m主流程规则分桶跳过: bucket=general:1000 个转录组和1500个宏基因组建库测序技术服务 （委托）合同-TZL|Z|VIP-真核普通转录组文库|NA|NORMAL, count=2, reason=总量7.1G低于最小门槛2095.0G[0m
[32m2026-05-21 17:19:53[0m | [1mINFO    [0m | [1m主流程规则分桶跳过: bucket=general:1000 个转录组和1500个宏基因组建库测序技术服务 （委托）合同-TZL|Z|DNA小片段文库|NA|NORMAL, count=3, reason=总量6.6G低于最小门槛2095.0G[0m
[32m2026-05-21 17:19:53[0m | [1mINFO    [0m | [1m主流程规则分桶跳过: bucket=general:21个完成图分析技术服务（委托）合同|Z|DNA小片段文库|NA|NORMAL, count=8, reason=总量6.4G低于最小门槛2095.0G[0m
[32m2026-05-21 17:19:53[0m | [1mINFO    [0m | [1m主流程规则分桶跳过: bucket=general:疾控中心500例细菌框架图分析技术服务（委托）合同-刘凤|Z|DNA小片段文库|NA|NORMAL, count=8, reason=总量6.4G低于最小门槛2095.0G[0m
[32m2026-05-21 17:19:53[0m | [1mINFO    [0m | [1m主流程规则分桶跳过: bucket=general:石大4个医口转录组分析技术服务（委托）合同|Z|VIP-真核普通转录组文库|NA|NORMAL, count=3, reason=总量6.0G低于最小门槛2095.0G[0m
[32m2026-05-21 17:19:53[0m | [1mINFO    [0m | [1m主流程规则分桶跳过: bucket=general:南开大学11例昆虫DNA建库测序（要CLEAN）技术服务（委托）合同|Z|DNA小片段文库|NA|NORMAL, count=1, reason=总量5.9G低于最小门槛2095.0G[0m
[32m2026-05-21 17:19:53[0m | [1mINFO    [0m | [1m主流程规则分桶跳过: bucket=general:山东第一医科大学第一附属医院6例转录组分析技术服务（委托）合同-宋御繁|Z|VIP-真核普通转录组文库|NA|NORMAL, count=2, reason=总量5.7G低于最小门槛2095.0G[0m
[32m2026-05-21 17:19:53[0m | [1mINFO    [0m | [1m主流程规则分桶跳过: bucket=general:云南省农业科学院蚕桑蜜蜂研究所39个样本真核有参转录组分析技术服务（委托）合同|Z|VIP-真核普通转录组文库|NA|NORMAL, count=2, reason=总量5.7G低于最小门槛2095.0G[0m
[32m2026-05-21 17:19:53[0m | [1mINFO    [0m | [1m主流程规则分桶跳过: bucket=general:山东大学10例医口转录组分析技术服务（委托）合同-刘姝雅|Z|VIP-真核普通转录组文库|NA|NORMAL, count=3, reason=总量5.3G低于最小门槛2095.0G[0m
[32m2026-05-21 17:19:53[0m | [1mINFO    [0m | [1m主流程规则分桶跳过: bucket=general:山东第一医科大学9例有参转录组分析技术服务（委托）合同-曹盛楠|Z|VIP-真核普通转录组文库|NA|NORMAL, count=2, reason=总量5.1G低于最小门槛2095.0G[0m
[32m2026-05-21 17:19:53[0m | [1mINFO    [0m | [1m主流程规则分桶跳过: bucket=general:山东大学齐鲁医院6例医口转录组分析技术服务（委托）合同-亓文强|Z|VIP-真核普通转录组文库|NA|NORMAL, count=2, reason=总量5.0G低于最小门槛2095.0G[0m
[32m2026-05-21 17:19:53[0m | [1mINFO    [0m | [1m主流程规则分桶跳过: bucket=general:25年新-100个扩增子+50个宏基因组+200个细菌建库测序分析技术服务（委托）合同|Z|DNA小片段文库|NA|NORMAL, count=6, reason=总量4.8G低于最小门槛2095.0G[0m
[32m2026-05-21 17:19:53[0m | [1mINFO    [0m | [1m主流程规则分桶跳过: bucket=general:北大医院20个样本RIBO-SEQ 测序分析+转录组测序技术服务（委托）合同|Z|VIP-真核普通转录组文库|NA|NORMAL, count=2, reason=总量4.8G低于最小门槛2095.0G[0m
[32m2026-05-21 17:19:53[0m | [1mINFO    [0m | [1m主流程规则分桶跳过: bucket=general:湖南农大300个转录组测序技术服务（委托）合同|Z|VIP-真核普通转录组文库|NA|NORMAL, count=2, reason=总量4.5G低于最小门槛2095.0G[0m
[32m2026-05-21 17:19:53[0m | [1mINFO    [0m | [1m主流程规则分桶跳过: bucket=general:河北农业大学60例小麦转录组测序分析技术服务（委托）合同|Z|VIP-真核普通转录组文库|NA|NORMAL, count=1, reason=总量4.4G低于最小门槛2095.0G[0m
[32m2026-05-21 17:19:53[0m | [1mINFO    [0m | [1m主流程规则分桶跳过: bucket=general:山东第一医科大学30例扩增子和转录组和HQ代谢分析技术服务（委托）合同-李佩娟|Z|VIP-真核普通转录组文库|NA|NORMAL, count=2, reason=总量4.3G低于最小门槛2095.0G[0m
[32m2026-05-21 17:19:53[0m | [1mINFO    [0m | [1m主流程规则分桶跳过: bucket=general:12个样本 转录组 测序分析技术服务（委托）合同|Z|VIP-真核普通转录组文库|NA|NORMAL, count=1, reason=总量3.3G低于最小门槛2095.0G[0m
[32m2026-05-21 17:19:53[0m | [1mINFO    [0m | [1m主流程规则分桶跳过: bucket=general:中科赛维宏基因组测序技术服务（委托）合同|Z|DNA小片段文库|NA|NORMAL, count=4, reason=总量3.2G低于最小门槛2095.0G[0m
[32m2026-05-21 17:19:53[0m | [1mINFO    [0m | [1m主流程规则分桶跳过: bucket=general:2025年深圳微科盟NGS测序分析技术服务（委托）合同|Z|VIP-真核普通转录组文库|NA|NORMAL, count=1, reason=总量3.1G低于最小门槛2095.0G[0m
[32m2026-05-21 17:19:53[0m | [1mINFO    [0m | [1m主流程规则分桶跳过: bucket=general:重庆师范大学9个果蝇转录组+RAPID DIA蛋白质组分析技术服务（委托）合同|Z|VIP-真核普通转录组文库|NA|NORMAL, count=1, reason=总量3.1G低于最小门槛2095.0G[0m
[32m2026-05-21 17:19:53[0m | [1mINFO    [0m | [1m主流程规则分桶跳过: bucket=general:2025年广州奥智生物建库测序分析技术服务（委托）合同|Z|DNA小片段文库|NA|NORMAL, count=1, reason=总量3.1G低于最小门槛2095.0G[0m
[32m2026-05-21 17:19:53[0m | [1mINFO    [0m | [1m主流程规则分桶跳过: bucket=general:项目10000个样本DNA小片段提取建库测序技术服务（委托）合同|Z|DNA小片段文库|NA|NORMAL, count=1, reason=总量3.0G低于最小门槛2095.0G[0m
[32m2026-05-21 17:19:53[0m | [1mINFO    [0m | [1m主流程规则分桶跳过: bucket=general:二代细菌建库测序+二代宏基因建库测序分析技术服务（委托）合同|Z|VIP-META文库|NA|NORMAL, count=1, reason=总量2.9G低于最小门槛2095.0G[0m
[32m2026-05-21 17:19:53[0m | [1mINFO    [0m | [1m主流程规则分桶跳过: bucket=general:互作数据分析和数据筛选分析技术服务（委托）合同|Z|真核链特异性转录组文库|NA|NORMAL, count=1, reason=总量2.8G低于最小门槛2095.0G[0m
[32m2026-05-21 17:19:53[0m | [1mINFO    [0m | [1m主流程规则分桶跳过: bucket=general:14个小鼠皮肤+14个兔皮肤转录组分析技术服务（委托）合同|Z|VIP-真核普通转录组文库|NA|NORMAL, count=1, reason=总量2.8G低于最小门槛2095.0G[0m
[32m2026-05-21 17:19:53[0m | [1mINFO    [0m | [1m主流程规则分桶跳过: bucket=general:转录组+HQ非靶+靶向代谢分析(X)技术服务（委托）合同-Y|Z|VIP-真核普通转录组文库|NA|NORMAL, count=1, reason=总量2.7G低于最小门槛2095.0G[0m
[32m2026-05-21 17:19:53[0m | [1mINFO    [0m | [1m主流程规则分桶跳过: bucket=general:天津商业大学9例转录组测序分析技术服务（委托）合同|Z|VIP-真核普通转录组文库|NA|NORMAL, count=1, reason=总量2.6G低于最小门槛2095.0G[0m
[32m2026-05-21 17:19:53[0m | [1mINFO    [0m | [1m主流程规则分桶跳过: bucket=general:山西农业大学9例转录组测序+12例非靶代谢组分析分析技术服务（委托）合同|Z|VIP-真核普通转录组文库|NA|NORMAL, count=1, reason=总量2.5G低于最小门槛2095.0G[0m
[32m2026-05-21 17:19:53[0m | [1mINFO    [0m | [1m主流程规则分桶跳过: bucket=general:宏转录组+宏基因组建库测序分析-Y技术服务（委托）合同|Z|DNA小片段文库|NA|NORMAL, count=1, reason=总量2.4G低于最小门槛2095.0G[0m
[32m2026-05-21 17:19:53[0m | [1mINFO    [0m | [1m主流程规则分桶跳过: bucket=general:以色列学院细菌重测序WGS+16S测序分析技术服务（委托）合同|Z|DNA小片段文库|NA|NORMAL, count=3, reason=总量2.4G低于最小门槛2095.0G[0m
[32m2026-05-21 17:19:53[0m | [1mINFO    [0m | [1m主流程规则分桶跳过: bucket=general:深圳大学普通转录组建库（ILLUMINA平台）测序分析技术服务（委托）合同|Z|真核链特异性转录组文库|NA|NORMAL, count=2, reason=总量2.4G低于最小门槛2095.0G[0m
[32m2026-05-21 17:19:53[0m | [1mINFO    [0m | [1m主流程规则分桶跳过: bucket=general:遵义市第一人民医院12个人细胞转录组分析技术服务（委托）合同|Z|VIP-真核普通转录组文库|NA|NORMAL, count=1, reason=总量2.4G低于最小门槛2095.0G[0m
[32m2026-05-21 17:19:53[0m | [1mINFO    [0m | [1m主流程规则分桶跳过: bucket=general:2025年炫景瑞医药真核转录组测序分析技术服务（委托）合同|Z|VIP-真核普通转录组文库|NA|NORMAL, count=1, reason=总量2.3G低于最小门槛2095.0G[0m
[32m2026-05-21 17:19:53[0m | [1mINFO    [0m | [1m主流程规则分桶跳过: bucket=general:NVUK2025072873-UKI-UEA-9-CATHERINE-SHOTGUNMETA-15GB-WOBI|Z|动植物全基因组重测序文库|NA|NORMAL, count=1, reason=总量2.0G低于最小门槛2095.0G[0m
[32m2026-05-21 17:19:53[0m | [1mINFO    [0m | [1m主流程规则分桶跳过: bucket=general:北医三院24例转录组+24例蛋白组分析技术服务（委托）合同|Z|VIP-真核普通转录组文库|NA|NORMAL, count=1, reason=总量1.9G低于最小门槛2095.0G[0m
[32m2026-05-21 17:19:53[0m | [1mINFO    [0m | [1m主流程规则分桶跳过: bucket=general:6个样本18S+宏基因组测序分析技术服务（委托）合同|Z|DNA小片段文库|NA|NORMAL, count=1, reason=总量1.9G低于最小门槛2095.0G[0m
[32m2026-05-21 17:19:53[0m | [1mINFO    [0m | [1m主流程规则分桶跳过: bucket=general:宏基因组6G测序500例分析技术服务（委托）合同|Z|VIP-META文库|NA|NORMAL, count=1, reason=总量1.7G低于最小门槛2095.0G[0m
[32m2026-05-21 17:19:53[0m | [1mINFO    [0m | [1m主流程规则分桶跳过: bucket=general:苏州京脉25-RNA真核链特转录组建库测序项目技术服务（委托）合同|Z|真核链特异性转录组文库|NA|NORMAL, count=1, reason=总量1.7G低于最小门槛2095.0G[0m
[32m2026-05-21 17:19:53[0m | [1mINFO    [0m | [1m主流程规则分桶跳过: bucket=general:100个转录组、全基因组和宏基因组建库测序分析技术服务（委托）合同|Z|DNA小片段文库|NA|NORMAL, count=2, reason=总量1.6G低于最小门槛2095.0G[0m
[32m2026-05-21 17:19:53[0m | [1mINFO    [0m | [1m主流程规则分桶跳过: bucket=general:25-宏基因组2G-XPLUS分析技术服务（委托）合同|Z|DNA小片段文库|NA|NORMAL, count=2, reason=总量1.6G低于最小门槛2095.0G[0m
[32m2026-05-21 17:19:53[0m | [1mINFO    [0m | [1m主流程规则分桶跳过: bucket=general:济南市妇幼3例宏基因组测序分析技术服务（委托）合同-白佳佳|Z|DNA小片段文库|NA|NORMAL, count=1, reason=总量1.1G低于最小门槛2095.0G[0m
[32m2026-05-21 17:19:53[0m | [1mINFO    [0m | [1m主流程规则分桶跳过: bucket=general:济南市妇幼3例宏基因组测序分析技术服务（委托）合同-白佳佳|Z|META文库|NA|NORMAL, count=1, reason=总量1.0G低于最小门槛2095.0G[0m
[32m2026-05-21 17:19:53[0m | [1mINFO    [0m | [1m主流程规则分桶跳过: bucket=general:石大10个HQ非靶代谢及10个宏基因组测序分析技术服务（委托）合同|Z|VIP-META文库|NA|NORMAL, count=1, reason=总量1.0G低于最小门槛2095.0G[0m
[32m2026-05-21 17:19:53[0m | [1mINFO    [0m | [1m主流程规则分桶跳过: bucket=general:1个样本的基因组分析技术服务（委托）合同|Z|DNA小片段文库|NA|NORMAL, count=1, reason=总量0.8G低于最小门槛2095.0G[0m
[32m2026-05-21 17:19:53[0m | [1mINFO    [0m | [1m主流程规则分桶跳过: bucket=general:400个干血斑重测序分析技术服务（委托）合同|Z|DNA小片段文库|NA|NORMAL, count=1, reason=总量0.8G低于最小门槛2095.0G[0m
[32m2026-05-21 17:19:53[0m | [1mINFO    [0m | [1m主流程规则分桶跳过: bucket=general:4个样本三代完成图+二代测序技术服务（委托）合同|Z|微生物常规小片段文库|NA|NORMAL, count=1, reason=总量0.8G低于最小门槛2095.0G[0m
[32m2026-05-21 17:19:53[0m | [1mINFO    [0m | [1m主流程规则分桶跳过: bucket=general:HONG KONG-CUHK-PROF. JEROME HUI-FANNY LI-30 STRANDED RNASEQ 2G-48 SRNA 10M-WOBI-AMEA2025080602|Z|真核链特异性转录组文库|NA|NORMAL, count=1, reason=总量0.8G低于最小门槛2095.0G[0m
[32m2026-05-21 17:19:53[0m | [1mINFO    [0m | [1m主流程规则分桶跳过: bucket=general:一批自建库，微生物全基因组建库测序技术服务（委托）合同|Z|DNA小片段文库|NA|NORMAL, count=1, reason=总量0.8G低于最小门槛2095.0G[0m
[32m2026-05-21 17:19:53[0m | [1mINFO    [0m | [1m主流程规则分桶跳过: bucket=general:作科所15个转录组建库测序+3个真菌精细图分析技术服务（委托）合同|Z|DNA小片段文库|NA|NORMAL, count=1, reason=总量0.8G低于最小门槛2095.0G[0m
[32m2026-05-21 17:19:53[0m | [1mINFO    [0m | [1m主流程规则分桶跳过: bucket=general:喀什大学2个细菌完成图测序分析技术服务（委托）合同|Z|DNA小片段文库|NA|NORMAL, count=1, reason=总量0.8G低于最小门槛2095.0G[0m
[32m2026-05-21 17:19:53[0m | [1mINFO    [0m | [1m主流程规则分桶跳过: bucket=general:宁波市疾病预防控制中心识别网项目分析技术服务（委托）合同|Z|DNA小片段文库|NA|NORMAL, count=1, reason=总量0.8G低于最小门槛2095.0G[0m
[32m2026-05-21 17:19:53[0m | [1mINFO    [0m | [1m主流程规则分桶跳过: bucket=general:新疆100个细菌框架图建库测序分析技术服务（委托）合同|Z|DNA小片段文库|NA|NORMAL, count=1, reason=总量0.8G低于最小门槛2095.0G[0m
[32m2026-05-21 17:19:53[0m | [1mINFO    [0m | [1m主流程规则分桶跳过: bucket=general:辽宁农业职业技术学院植物BSA分析技术服务（委托）合同|Z|DNA小片段文库|NA|NORMAL, count=1, reason=总量0.8G低于最小门槛2095.0G[0m
[32m2026-05-21 17:19:53[0m | [1mINFO    [0m | [1m主流程规则分桶跳过: bucket=scattered:深圳市人民医院陈老师组普通转录组建库测序+散样文库NOVA测序-2025技术服务（委托）合同|Z|VIP-真核普通转录组文库|NA|SCATTERED, count=4, reason=总量11.8G低于最小门槛2095.0G[0m
[32m2026-05-21 17:19:53[0m | [1mINFO    [0m | [1m主流程规则分桶预调度完成: 分桶=230，桶后尾货=1128个/7593.2G[0m
[32m2026-05-21 17:19:53[0m | [1mINFO    [0m | [1m主流程尾货统一补排启动: count=1128, data=7593.2G[0m
[32m2026-05-21 17:19:53[0m | [1mINFO    [0m | [1m开始逐Lane贪心排机 - 文库数: 1128[0m
[32m2026-05-21 17:19:53[0m | [1mINFO    [0m | [1m预拆分完成: 使用外层已拆分文库[0m
[32m2026-05-21 17:19:53[0m | [1mINFO    [0m | [1m===== 批次全局分析报告 =====[0m
[32m2026-05-21 17:19:53[0m | [1mINFO    [0m | [1m机器类型: Nova X-25B[0m
[32m2026-05-21 17:19:53[0m | [1mINFO    [0m | [1m文库总数: 1128[0m
[32m2026-05-21 17:19:53[0m | [1mINFO    [0m | [1m总数据量: 7593.2 GB[0m
[32m2026-05-21 17:19:53[0m | [1mINFO    [0m | [1m预估Lane数: 4~4[0m
[32m2026-05-21 17:19:53[0m | [1mINFO    [0m | [1m--- 特征标记 ---[0m
[32m2026-05-21 17:19:53[0m | [1mINFO    [0m | [1m  包Lane文库: 无[0m
[32m2026-05-21 17:19:53[0m | [1mINFO    [0m | [1m  碱基不均衡: 有[0m
[32m2026-05-21 17:19:53[0m | [1mINFO    [0m | [1m  客户文库:   无[0m
[32m2026-05-21 17:19:53[0m | [1mINFO    [0m | [1m  10bp文库:   有[0m
[32m2026-05-21 17:19:53[0m | [1mINFO    [0m | [1m  非10bp文库: 有[0m
[32m2026-05-21 17:19:53[0m | [1mINFO    [0m | [1m  特殊组合:   有[0m
[32m2026-05-21 17:19:53[0m | [1mINFO    [0m | [1m--- 分组画像 ---[0m
[32m2026-05-21 17:19:53[0m | [1mINFO    [0m | [1m  [imbalance] 碱基不均衡文库: 180个文库, 3923.9GB, 预估2~2条Lane[0m
[32m2026-05-21 17:19:53[0m | [1mINFO    [0m | [1m  [10bp] 10碱基文库: 933个文库, 5614.0GB, 预估3~3条Lane[0m
[32m2026-05-21 17:19:53[0m | [1mINFO    [0m | [1m  [special_combo_b] 10X 3端/Visium组合: 40个文库, 2123.3GB, 预估2~2条Lane[0m
[32m2026-05-21 17:19:53[0m | [1mINFO    [0m | [1m  [all] 全部文库: 1128个文库, 7593.2GB, 预估4~4条Lane[0m
[32m2026-05-21 17:19:53[0m | [1mINFO    [0m | [1m  [special_combo_a] 10X 5端/VDJ组合: 19个文库, 297.9GB, 预估1~1条Lane[0m
[32m2026-05-21 17:19:53[0m | [1mINFO    [0m | [1m  [non_10bp] 非10碱基文库: 195个文库, 1979.1GB, 预估1~1条Lane[0m
[32m2026-05-21 17:19:53[0m | [1mINFO    [0m | [1m--- 专用Lane推荐 ---[0m
[32m2026-05-21 17:19:53[0m | [1mINFO    [0m | [1m  [imbalance] 碱基不均衡文库数据量充足，可包专用Lane避免混排占比限制 - 约1条Lane, 3923.9GB, 置信度: high[0m
[32m2026-05-21 17:19:53[0m | [1mINFO    [0m | [1m  [special_combo_b] 10X 3端/Visium文库可独占Lane（与5端互斥） - 约1条Lane, 2123.3GB, 置信度: medium[0m
[32m2026-05-21 17:19:53[0m | [1mINFO    [0m | [1m--- 混排约束 ---[0m
[32m2026-05-21 17:19:53[0m | [1mINFO    [0m | [1m  [tj_1595_special_combo_groups_not_mixed] special_combo_a vs special_combo_b: 10X 5端/VDJ 与 10X 3端/Visium 文库不可混排，必须分开[0m
[32m2026-05-21 17:19:53[0m | [1mINFO    [0m | [1m  [imbalance_max_30pct] imbalance vs all: 碱基不均衡文库全局占比51.7%，超过30%上限，必须拆分为专用Lane[0m
[32m2026-05-21 17:19:53[0m | [1mINFO    [0m | [1m--- 尾部风险 ---[0m
[32m2026-05-21 17:19:53[0m | [1mINFO    [0m | [1m  [special_combo_a] 10X 5端/VDJ组合排完整Lane后剩余297.9GB，不足半Lane(998GB)，需要大文库骨架携带或混入散样Lane - 297.9GB, 19个, 严重程度: high[0m
[32m2026-05-21 17:19:53[0m | [1mINFO    [0m | [1m  [special_combo_b] 10X 3端/Visium组合排完整Lane后剩余128.3GB，不足半Lane(998GB)，需要大文库骨架携带或混入散样Lane - 128.3GB, 40个, 严重程度: high[0m
[32m2026-05-21 17:19:53[0m | [1mINFO    [0m | [1m--- 策略建议 ---[0m
[32m2026-05-21 17:19:53[0m | [1mINFO    [0m | [1m  - 碱基不均衡文库数据量充足，优先形成专用Lane[0m
[32m2026-05-21 17:19:53[0m | [1mINFO    [0m | [1m  - 特殊10X组合文库应分别走专用Lane（互斥规则）[0m
[32m2026-05-21 17:19:53[0m | [1mINFO    [0m | [1m  - 存在2个高风险尾部分组，建议启用骨架预留(大带小)[0m
[32m2026-05-21 17:19:53[0m | [1mINFO    [0m | [1m===== 报告结束 =====[0m
[32m2026-05-21 17:19:53[0m | [1mINFO    [0m | [1m保留外部传入的策略执行计划，仅使用批次分析报告[0m
[32m2026-05-21 17:19:53[0m | [1mINFO    [0m | [1m处理机器类型 Nova X-25B - 文库数: 1110 - Lane容量: 1050.0GB, 利用率区间: [100%, 100%], 特殊文库上限: 350GB[0m
[32m2026-05-21 17:19:53[0m | [1mINFO    [0m | [1m碱基不均衡专用Lane策略: 176个碱基不均衡文库[0m
[32m2026-05-21 17:19:53[0m | [1mINFO    [0m | [1m专用Lane分组G15剩余合同量400.0G无法满足1.1或3.6T-NEW有效容量下限[0m
[32m2026-05-21 17:19:53[0m | [1mINFO    [0m | [1m专用Lane分组G13剩余合同量50.0G无法满足1.1或3.6T-NEW有效容量下限[0m
[32m2026-05-21 17:19:53[0m | [1mINFO    [0m | [1m专用Lane分组G31剩余合同量34.0G无法满足1.1或3.6T-NEW有效容量下限[0m
[32m2026-05-21 17:19:53[0m | [1mINFO    [0m | [1m专用Lane分组G29剩余合同量218.1G无法满足1.1或3.6T-NEW有效容量下限[0m
[32m2026-05-21 17:19:53[0m | [1mINFO    [0m | [1m专用Lane分组G25剩余合同量164.0G无法满足1.1或3.6T-NEW有效容量下限[0m
[32m2026-05-21 17:19:53[0m | [1mINFO    [0m | [1m专用Lane分组G26剩余合同量141.3G无法满足1.1或3.6T-NEW有效容量下限[0m
[32m2026-05-21 17:19:53[0m | [1mINFO    [0m | [1m专用Lane分组G51剩余合同量12.0G无法满足1.1或3.6T-NEW有效容量下限[0m
[32m2026-05-21 17:19:53[0m | [1mINFO    [0m | [1m专用Lane分组G36剩余合同量4.0G无法满足1.1或3.6T-NEW有效容量下限[0m
[32m2026-05-21 17:19:53[0m | [1mINFO    [0m | [1m专用Lane分组G5剩余合同量204.2G无法满足1.1或3.6T-NEW有效容量下限[0m
[32m2026-05-21 17:19:53[0m | [1mINFO    [0m | [1m专用Lane分组G58剩余合同量310.0G无法满足1.1或3.6T-NEW有效容量下限[0m
[32m2026-05-21 17:19:53[0m | [1mINFO    [0m | [1m专用Lane分组G16剩余合同量30.0G无法满足1.1或3.6T-NEW有效容量下限[0m
[32m2026-05-21 17:19:53[0m | [1mINFO    [0m | [1m专用Lane分组G19剩余合同量70.0G无法满足1.1或3.6T-NEW有效容量下限[0m
[32m2026-05-21 17:19:53[0m | [1mINFO    [0m | [1m专用Lane分组G7剩余合同量60.9G无法满足1.1或3.6T-NEW有效容量下限[0m
[32m2026-05-21 17:19:53[0m | [1mINFO    [0m | [1m专用Lane分组G6剩余合同量32.8G无法满足1.1或3.6T-NEW有效容量下限[0m
[32m2026-05-21 17:19:53[0m | [1mINFO    [0m | [1m专用Lane分组G52剩余合同量39.8G无法满足1.1或3.6T-NEW有效容量下限[0m
[32m2026-05-21 17:19:53[0m | [1mINFO    [0m | [1m专用Lane分组G22剩余合同量6.0G无法满足1.1或3.6T-NEW有效容量下限[0m
[32m2026-05-21 17:19:53[0m | [1mINFO    [0m | [1m专用Lane分组G18剩余合同量0.5G无法满足1.1或3.6T-NEW有效容量下限[0m
[32m2026-05-21 17:19:53[0m | [1mINFO    [0m | [1m形成0条专用Lane，剩余176个碱基不均衡文库[0m
[32m2026-05-21 17:19:55[0m | [1mINFO    [0m | [1m第二轮排机: 1110 个未分配文库（随机顺序）[0m
[32m2026-05-21 17:19:56[0m | [1mINFO    [0m | [1m第三轮排机: 1110 个未分配文库（小文库优先）[0m
[32m2026-05-21 17:20:04[0m | [1mINFO    [0m | [1m连续5轮无新Lane且未分配池不变，提前结束无效重试[0m
[32m2026-05-21 17:20:04[0m | [1mINFO    [0m | [1m专用Lane分组G15剩余合同量400.0G无法满足1.1或3.6T-NEW有效容量下限[0m
[32m2026-05-21 17:20:04[0m | [1mINFO    [0m | [1m专用Lane分组G13剩余合同量50.0G无法满足1.1或3.6T-NEW有效容量下限[0m
[32m2026-05-21 17:20:04[0m | [1mINFO    [0m | [1m专用Lane分组G31剩余合同量34.0G无法满足1.1或3.6T-NEW有效容量下限[0m
[32m2026-05-21 17:20:04[0m | [1mINFO    [0m | [1m专用Lane分组G25剩余合同量164.0G无法满足1.1或3.6T-NEW有效容量下限[0m
[32m2026-05-21 17:20:04[0m | [1mINFO    [0m | [1m专用Lane分组G29剩余合同量218.1G无法满足1.1或3.6T-NEW有效容量下限[0m
[32m2026-05-21 17:20:04[0m | [1mINFO    [0m | [1m专用Lane分组G26剩余合同量141.3G无法满足1.1或3.6T-NEW有效容量下限[0m
[32m2026-05-21 17:20:04[0m | [1mINFO    [0m | [1m专用Lane分组G51剩余合同量12.0G无法满足1.1或3.6T-NEW有效容量下限[0m
[32m2026-05-21 17:20:04[0m | [1mINFO    [0m | [1m专用Lane分组G36剩余合同量4.0G无法满足1.1或3.6T-NEW有效容量下限[0m
[32m2026-05-21 17:20:04[0m | [1mINFO    [0m | [1m专用Lane分组G5剩余合同量204.2G无法满足1.1或3.6T-NEW有效容量下限[0m
[32m2026-05-21 17:20:04[0m | [1mINFO    [0m | [1m专用Lane分组G58剩余合同量310.0G无法满足1.1或3.6T-NEW有效容量下限[0m
[32m2026-05-21 17:20:04[0m | [1mINFO    [0m | [1m专用Lane分组G16剩余合同量30.0G无法满足1.1或3.6T-NEW有效容量下限[0m
[32m2026-05-21 17:20:04[0m | [1mINFO    [0m | [1m专用Lane分组G19剩余合同量70.0G无法满足1.1或3.6T-NEW有效容量下限[0m
[32m2026-05-21 17:20:04[0m | [1mINFO    [0m | [1m专用Lane分组G7剩余合同量60.9G无法满足1.1或3.6T-NEW有效容量下限[0m
[32m2026-05-21 17:20:04[0m | [1mINFO    [0m | [1m专用Lane分组G6剩余合同量32.8G无法满足1.1或3.6T-NEW有效容量下限[0m
[32m2026-05-21 17:20:04[0m | [1mINFO    [0m | [1m专用Lane分组G52剩余合同量39.8G无法满足1.1或3.6T-NEW有效容量下限[0m
[32m2026-05-21 17:20:04[0m | [1mINFO    [0m | [1m专用Lane分组G22剩余合同量6.0G无法满足1.1或3.6T-NEW有效容量下限[0m
[32m2026-05-21 17:20:04[0m | [1mINFO    [0m | [1m专用Lane分组G18剩余合同量0.5G无法满足1.1或3.6T-NEW有效容量下限[0m
[32m2026-05-21 17:20:04[0m | [1mINFO    [0m | [1m专用Lane创建完成: 0条Lane, 176个碱基不均衡文库待分配, 934个中性文库待分配[0m
[32m2026-05-21 17:20:04[0m | [1mINFO    [0m | [1m处理机器类型 NovaSeq X Plus - 文库数: 18 - Lane容量: 1100GB, 利用率区间: [100%, 100%], 特殊文库上限: 350GB[0m
[32m2026-05-21 17:20:04[0m | [1mINFO    [0m | [1m碱基不均衡专用Lane策略: 4个碱基不均衡文库[0m
[32m2026-05-21 17:20:04[0m | [1mINFO    [0m | [1m专用Lane分组G29剩余合同量12.0G无法满足1.1或3.6T-NEW有效容量下限[0m
[32m2026-05-21 17:20:04[0m | [1mINFO    [0m | [1m专用Lane分组G36剩余合同量10.0G无法满足1.1或3.6T-NEW有效容量下限[0m
[32m2026-05-21 17:20:04[0m | [1mINFO    [0m | [1m形成0条专用Lane，剩余4个碱基不均衡文库[0m
[32m2026-05-21 17:20:04[0m | [1mINFO    [0m | [1m剩余池总量61.8GB不足最小成Lane门槛2095.0GB，跳过后续随机重试[0m
[32m2026-05-21 17:20:04[0m | [1mINFO    [0m | [1m专用Lane分组G29剩余合同量12.0G无法满足1.1或3.6T-NEW有效容量下限[0m
[32m2026-05-21 17:20:04[0m | [1mINFO    [0m | [1m专用Lane分组G36剩余合同量10.0G无法满足1.1或3.6T-NEW有效容量下限[0m
[32m2026-05-21 17:20:04[0m | [1mINFO    [0m | [1m专用Lane创建完成: 0条Lane, 4个碱基不均衡文库待分配, 14个中性文库待分配[0m
[32m2026-05-21 17:20:04[0m | [1mINFO    [0m | [1m逐Lane贪心排机完成 - Lane数: 0, 已分配: 0/1128, 未分配: 1128, 平均利用率: 0.0%, 耗时: 11.15秒[0m
[32m2026-05-21 17:20:04[0m | [1mINFO    [0m | [1mIndex校验器初始化完成（真实数据验证版本）[0m
[32m2026-05-21 17:20:04[0m | [1mINFO    [0m | [1m成Lane校验程序初始化完成 (严格模式: False, 碱基不均衡上限: 35%, 特殊文库关键词: 9个)[0m
[32m2026-05-21 17:20:04[0m | [1mINFO    [0m | [1m最终验证结果: 0条Lane通过，1128个文库未分配[0m
[32m2026-05-21 17:20:05[0m | [1mINFO    [0m | [1mwkspecialsplits边排边检查完成: 无需调整[0m
[32m2026-05-21 17:20:05[0m | [1mINFO    [0m | [1m验证完成：0条Lane通过验证[0m
[32m2026-05-21 17:20:05[0m | [1mINFO    [0m | [1m57规则二次改排救援已关闭，失败Lane文库回收到未分配池[0m
[32m2026-05-21 17:20:05[0m | [1mINFO    [0m | [1m高成本救援(EX/RB)跳过: 当前0条Lane通过验证，未分配池=1128个/7593.2G，继续做高成本救援收益过低[0m
[32m2026-05-21 17:20:05[0m | [1mINFO    [0m | [1m分层重组救援跳过: 当前0条Lane通过验证，未分配池=1128个/7593.2G，跳过[0m
[32m2026-05-21 17:20:05[0m | [1mINFO    [0m | [1m剩余库分层重组搜索未新增Lane: 跳过拆分文库=0, 剩余未分配=1128[0m
[32m2026-05-21 17:20:05[0m | [1mINFO    [0m | [1m脚本内置 Pooling 预测已停用，后续统一调用 prediction_delivery[0m
[32m2026-05-21 17:20:05[0m | [1mINFO    [0m | [1mIndex校验器初始化完成（真实数据验证版本）[0m
[32m2026-05-21 17:20:05[0m | [1mINFO    [0m | [1m成Lane校验程序初始化完成 (严格模式: True, 碱基不均衡上限: 35%, 特殊文库关键词: 9个)[0m
[32m2026-05-21 17:20:05[0m | [1mINFO    [0m | [1m1.1首轮二次补排完成: 新增Lane=0, 剩余文库=1128[0m
[32m2026-05-21 17:20:05[0m | [1mINFO    [0m | [1m1.1首轮剩余中1128个<=500G未拆分原始文库继续保留给1.1尾货抽取，不进入普通3.6T候选池[0m
[32m2026-05-21 17:20:05[0m | [1mINFO    [0m | [1m步骤1.5-3候选池接收1.1剩余可进3.6T文库0个，继续进入3.6T-NEW[0m
[32m2026-05-21 17:20:05[0m | [1mINFO    [0m | [1m1.1首轮排机完成: 生成2条Lane[0m
[32m2026-05-21 17:20:05[0m | [1mINFO    [0m | [1m步骤1.5后追加<=500G未拆分原始文库到尾货1.1池: 1128个[0m
[32m2026-05-21 17:20:05[0m | [1mINFO    [0m | [1m1.1首轮排机阶段完成: 3.6T-NEW后续候选池=1128个文库, 1.1 Lane=2条[0m
[32m2026-05-21 17:20:05[0m | [1mINFO    [0m | [1mIndex校验器初始化完成（真实数据验证版本）[0m
[32m2026-05-21 17:20:05[0m | [1mINFO    [0m | [1m成Lane校验程序初始化完成 (严格模式: True, 碱基不均衡上限: 35%, 特殊文库关键词: 9个)[0m
[32m2026-05-21 17:20:05[0m | [1mINFO    [0m | [1m
================================================================================[0m
[32m2026-05-21 17:20:05[0m | [1mINFO    [0m | [1m步骤1.6: 尾货1.1专Lane与普通Lane二次抽取[0m
[32m2026-05-21 17:20:05[0m | [1mINFO    [0m | [1m================================================================================[0m
[32m2026-05-21 17:20:05[0m | [1mINFO    [0m | [1mIndex校验器初始化完成（真实数据验证版本）[0m
[32m2026-05-21 17:20:05[0m | [1mINFO    [0m | [1mIndex校验器初始化完成（真实数据验证版本）[0m
[32m2026-05-21 17:20:05[0m | [1mINFO    [0m | [1m成Lane校验程序初始化完成 (严格模式: True, 碱基不均衡上限: 35%, 特殊文库关键词: 9个)[0m
[32m2026-05-21 17:20:05[0m | [33m[1mWARNING [0m | [33m[1mPooling配置表不存在: /data/work/yuyongpeng/liblane_v2_deepseek/data/wktype_pooling_config.xlsx，将使用默认策略[0m
[32m2026-05-21 17:20:05[0m | [1mINFO    [0m | [1m产出效率修正表不存在: /data/work/yuyongpeng/liblane_v2_deepseek/data/production_efficiency_correction.csv，跳过后校准[0m
[32m2026-05-21 17:20:05[0m | [33m[1mWARNING [0m | [33m[1m模型文件不存在: models/loutput_pre_lane_v5/lightgbm_model.pkl[0m
[32m2026-05-21 17:20:05[0m | [33m[1mWARNING [0m | [33m[1mloutput预测器不可用，将使用规则降级策略[0m
[32m2026-05-21 17:20:05[0m | [1mINFO    [0m | [1m逐Lane贪心排机器初始化完成 - 基础容量: 985.0GB, 利用率区间: [100%, 100%], 配置模式: 按机型自动[0m
[32m2026-05-21 17:20:05[0m | [1mINFO    [0m | [1m启用检查: Index=True, 碱基不均衡=True, 规则检查器=False[0m
[32m2026-05-21 17:20:05[0m | [1mINFO    [0m | [1m专用Lane分组G15剩余合同量400.0G无法满足1.1或3.6T-NEW有效容量下限[0m
[32m2026-05-21 17:20:05[0m | [1mINFO    [0m | [1m专用Lane分组G13剩余合同量50.0G无法满足1.1或3.6T-NEW有效容量下限[0m
[32m2026-05-21 17:20:05[0m | [1mINFO    [0m | [1m专用Lane分组G31剩余合同量34.0G无法满足1.1或3.6T-NEW有效容量下限[0m
[32m2026-05-21 17:20:05[0m | [1mINFO    [0m | [1m专用Lane分组G25剩余合同量164.0G无法满足1.1或3.6T-NEW有效容量下限[0m
[32m2026-05-21 17:20:05[0m | [1mINFO    [0m | [1m专用Lane分组G29剩余合同量230.1G无法满足1.1或3.6T-NEW有效容量下限[0m
[32m2026-05-21 17:20:05[0m | [1mINFO    [0m | [1m专用Lane分组G26剩余合同量141.3G无法满足1.1或3.6T-NEW有效容量下限[0m
[32m2026-05-21 17:20:05[0m | [1mINFO    [0m | [1m专用Lane分组G51剩余合同量12.0G无法满足1.1或3.6T-NEW有效容量下限[0m
[32m2026-05-21 17:20:05[0m | [1mINFO    [0m | [1m专用Lane分组G36剩余合同量14.0G无法满足1.1或3.6T-NEW有效容量下限[0m
[32m2026-05-21 17:20:05[0m | [1mINFO    [0m | [1m专用Lane分组G5剩余合同量204.2G无法满足1.1或3.6T-NEW有效容量下限[0m
[32m2026-05-21 17:20:05[0m | [1mINFO    [0m | [1m专用Lane分组G58剩余合同量310.0G无法满足1.1或3.6T-NEW有效容量下限[0m
[32m2026-05-21 17:20:05[0m | [1mINFO    [0m | [1m专用Lane分组G16剩余合同量30.0G无法满足1.1或3.6T-NEW有效容量下限[0m
[32m2026-05-21 17:20:05[0m | [1mINFO    [0m | [1m专用Lane分组G19剩余合同量70.0G无法满足1.1或3.6T-NEW有效容量下限[0m
[32m2026-05-21 17:20:05[0m | [1mINFO    [0m | [1m专用Lane分组G7剩余合同量60.9G无法满足1.1或3.6T-NEW有效容量下限[0m
[32m2026-05-21 17:20:05[0m | [1mINFO    [0m | [1m专用Lane分组G6剩余合同量32.8G无法满足1.1或3.6T-NEW有效容量下限[0m
[32m2026-05-21 17:20:05[0m | [1mINFO    [0m | [1m专用Lane分组G52剩余合同量39.8G无法满足1.1或3.6T-NEW有效容量下限[0m
[32m2026-05-21 17:20:05[0m | [1mINFO    [0m | [1m专用Lane分组G22剩余合同量6.0G无法满足1.1或3.6T-NEW有效容量下限[0m
[32m2026-05-21 17:20:05[0m | [1mINFO    [0m | [1m专用Lane分组G18剩余合同量0.5G无法满足1.1或3.6T-NEW有效容量下限[0m
[32m2026-05-21 17:20:05[0m | [1mINFO    [0m | [1m尾货1.1碱基不均衡专Lane二次抽取未形成新Lane[0m
[32m2026-05-21 17:20:05[0m | [1mINFO    [0m | [1mIndex校验器初始化完成（真实数据验证版本）[0m
[32m2026-05-21 17:20:05[0m | [1mINFO    [0m | [1m成Lane校验程序初始化完成 (严格模式: True, 碱基不均衡上限: 35%, 特殊文库关键词: 9个)[0m
[32m2026-05-21 17:20:05[0m | [1mINFO    [0m | [1m补Lane尝试: variant=full_priority, lane_prefix=GL, pool_size=1128, pool_data=7593.157G, prioritize_scattered_mix=True[0m
[32m2026-05-21 17:20:05[0m | [1mINFO    [0m | [1m补Lane尝试: variant=non_clinical_relaxed, lane_prefix=GL, pool_size=1128, pool_data=7593.157G, prioritize_scattered_mix=False[0m
[32m2026-05-21 17:20:09[0m | [1mINFO    [0m | [1m补Lane尝试: variant=full_priority, lane_prefix=GL, pool_size=656, pool_data=5467.186G, prioritize_scattered_mix=True[0m
[32m2026-05-21 17:20:09[0m | [1mINFO    [0m | [1m补Lane尝试: variant=non_clinical_relaxed, lane_prefix=GL, pool_size=656, pool_data=5467.186G, prioritize_scattered_mix=False[0m
[32m2026-05-21 17:20:17[0m | [1mINFO    [0m | [1m补Lane跳过汇总: lane_prefix=GL, machine=Nova X-25B, reason_top=[总量0.8G低于最小门槛2095.0Gx11, 总量10.0G低于最小门槛1995.0Gx4, 总量30.0G低于最小门槛1676.0Gx4, 总量1.0G低于最小门槛2095.0Gx4][0m
[32m2026-05-21 17:21:21[0m | [1mINFO    [0m | [1m1.1首轮Lane加测/混合封顶生效: lane=GL_Nova X-25B_001, 保留149.7G, 回退397个/1010.1G到未分配池 (单Lane上限150.0G)[0m
[32m2026-05-21 17:21:21[0m | [1mINFO    [0m | [1m步骤1.6 尾货1.1普通Lane单Lane加测/混合封顶完成: 调整Lane=1, 回退文库=397个/1010.1G[0m
[32m2026-05-21 17:21:21[0m | [1mINFO    [0m | [1m尾货1.1普通Lane二次抽取完成: 新增Lane=1, 消耗文库=75, 剩余进入普通3.6T排机文库=1053[0m
[32m2026-05-21 17:21:21[0m | [1mINFO    [0m | [1m步骤2前置分流: 1053个<=500G未拆分原始文库已完成1.1多轮尝试但未成Lane；其中262个允许强制拆分后进3.6T，791个因拆分后过小保留未分配输出[0m
[32m2026-05-21 17:21:21[0m | [1mINFO    [0m | [1m
================================================================================[0m
[32m2026-05-21 17:21:21[0m | [1mINFO    [0m | [1m步骤2: 处理普通文库（使用GreedyLaneScheduler）[0m
[32m2026-05-21 17:21:21[0m | [1mINFO    [0m | [1m================================================================================[0m
[32m2026-05-21 17:21:21[0m | [1mINFO    [0m | [1mIndex校验器初始化完成（真实数据验证版本）[0m
[32m2026-05-21 17:21:21[0m | [1mINFO    [0m | [1m成Lane校验程序初始化完成 (严格模式: True, 碱基不均衡上限: 35%, 特殊文库关键词: 9个)[0m
[32m2026-05-21 17:21:21[0m | [33m[1mWARNING [0m | [33m[1mLane内发现 14 个Index冲突[0m
[32m2026-05-21 17:21:21[0m | [33m[1mWARNING [0m | [33m[1mLane内发现 14 个Index冲突[0m
[32m2026-05-21 17:21:21[0m | [33m[1mWARNING [0m | [33m[1mLane内发现 14 个Index冲突[0m
[32m2026-05-21 17:21:21[0m | [33m[1mWARNING [0m | [33m[1mLane内发现 1 个Index冲突[0m
[32m2026-05-21 17:21:21[0m | [33m[1mWARNING [0m | [33m[1mLane内发现 1 个Index冲突[0m
[32m2026-05-21 17:21:21[0m | [33m[1mWARNING [0m | [33m[1mLane内发现 1 个Index冲突[0m
[32m2026-05-21 17:21:21[0m | [33m[1mWARNING [0m | [33m[1mLane内发现 1 个Index冲突[0m
[32m2026-05-21 17:21:22[0m | [1mINFO    [0m | [1m步骤2前置拆分家族构建未构建出完整拆分Lane[0m
[32m2026-05-21 17:21:22[0m | [1mINFO    [0m | [1m排机超时保护已启动，最大允许时间: 10 分钟[0m
[32m2026-05-21 17:21:22[0m | [1mINFO    [0m | [1m
================================================================================[0m
[32m2026-05-21 17:21:22[0m | [1mINFO    [0m | [1m排机流程：纯规则排机[0m
[32m2026-05-21 17:21:22[0m | [1mINFO    [0m | [1m================================================================================[0m
[32m2026-05-21 17:21:22[0m | [1mINFO    [0m | [1mIndex校验器初始化完成（真实数据验证版本）[0m
[32m2026-05-21 17:21:22[0m | [1mINFO    [0m | [1mIndex校验器初始化完成（真实数据验证版本）[0m
[32m2026-05-21 17:21:22[0m | [1mINFO    [0m | [1m成Lane校验程序初始化完成 (严格模式: True, 碱基不均衡上限: 35%, 特殊文库关键词: 9个)[0m
[32m2026-05-21 17:21:22[0m | [33m[1mWARNING [0m | [33m[1mPooling配置表不存在: /data/work/yuyongpeng/liblane_v2_deepseek/data/wktype_pooling_config.xlsx，将使用默认策略[0m
[32m2026-05-21 17:21:22[0m | [1mINFO    [0m | [1m产出效率修正表不存在: /data/work/yuyongpeng/liblane_v2_deepseek/data/production_efficiency_correction.csv，跳过后校准[0m
[32m2026-05-21 17:21:22[0m | [33m[1mWARNING [0m | [33m[1m模型文件不存在: models/loutput_pre_lane_v5/lightgbm_model.pkl[0m
[32m2026-05-21 17:21:22[0m | [33m[1mWARNING [0m | [33m[1mloutput预测器不可用，将使用规则降级策略[0m
[32m2026-05-21 17:21:22[0m | [1mINFO    [0m | [1m逐Lane贪心排机器初始化完成 - 基础容量: 985.0GB, 利用率区间: [100%, 100%], 配置模式: 按机型自动[0m
[32m2026-05-21 17:21:22[0m | [1mINFO    [0m | [1m启用检查: Index=True, 碱基不均衡=True, 规则检查器=False[0m
[32m2026-05-21 17:21:22[0m | [1mINFO    [0m | [1m排机阶段：Pooling优化器已禁用（V6流程不需要）[0m
[32m2026-05-21 17:21:22[0m | [1mINFO    [0m | [1mIndex校验器初始化完成（真实数据验证版本）[0m
[32m2026-05-21 17:21:22[0m | [1mINFO    [0m | [1m成Lane校验程序初始化完成 (严格模式: True, 碱基不均衡上限: 35%, 特殊文库关键词: 9个)[0m
[32m2026-05-21 17:21:22[0m | [1mINFO    [0m | [1m严格校验容量区间改为按统一配置表动态解析[0m
[32m2026-05-21 17:21:22[0m | [1mINFO    [0m | [1m============================================================[0m
[32m2026-05-21 17:21:22[0m | [1mINFO    [0m | [1m[拆分] 开始文库拆分预处理[0m
[32m2026-05-21 17:21:22[0m | [1mINFO    [0m | [1m  拆分规则: 1.1模式文库（兼容旧名1.0）不拆分；3.6T-NEW模式按逗号识别index对数，单对index等效合同量 >130.0G 拆分[0m
[32m2026-05-21 17:21:22[0m | [1mINFO    [0m | [1m  最小保留数据量: >2.0G[0m
[32m2026-05-21 17:21:22[0m | [1mINFO    [0m | [1m------------------------------------------------------------[0m
[32m2026-05-21 17:21:22[0m | [1mINFO    [0m | [1m 拆分完成[0m
[32m2026-05-21 17:21:22[0m | [1mINFO    [0m | [1m  原始文库数: 262[0m
[32m2026-05-21 17:21:22[0m | [1mINFO    [0m | [1m  拆分文库数: 262[0m
[32m2026-05-21 17:21:22[0m | [1mINFO    [0m | [1m  最终文库数: 524[0m
[32m2026-05-21 17:21:22[0m | [1mINFO    [0m | [1m============================================================[0m
[32m2026-05-21 17:21:22[0m | [1mINFO    [0m | [1m主流程前置拆分完成: 原始文库262个，触发拆分262个，拆分后文库524个[0m
[32m2026-05-21 17:21:22[0m | [1mINFO    [0m | [1m混排Peak窗口: 350-500bp, 418个文库/3885G, 理论最多3条Lane[0m
[32m2026-05-21 17:21:22[0m | [1mINFO    [0m | [1m混排Lane预抽取完成: 新增Lane=0，使用文库=0个/0.0G，剩余待排=524个/4750.2G[0m
[32m2026-05-21 17:21:22[0m | [1mINFO    [0m | [1m主流程规则分桶跳过: bucket=ten_x:西部中心24例10X单细胞测序分析技术服务（委托）合同|S|10X转录组-3'文库|NA|TENX+MANUAL_RISK+IMBALANCE, count=16, reason=总量518.9G低于最小门槛970.0G[0m
[32m2026-05-21 17:21:22[0m | [1mINFO    [0m | [1m主流程规则分桶跳过: bucket=ten_x:精准医学25年自建库PE150测序技术服务（委托）合同|S|客户文库-10X VISIUM 文库|NA|TENX+MANUAL_RISK+IMBALANCE, count=10, reason=总量400.0G低于最小门槛970.0G[0m
[32m2026-05-21 17:21:22[0m | [1mINFO    [0m | [1m主流程规则分桶跳过: bucket=ten_x:基层医药学会10X HD空间转录组分析技术服务（委托）合同|S|10X HD VISIUM空间转录组文库(新)|NA|TENX+MANUAL_RISK+IMBALANCE, count=4, reason=总量210.0G低于最小门槛945.2G[0m
[32m2026-05-21 17:21:22[0m | [1mINFO    [0m | [1m主流程规则分桶跳过: bucket=ten_x:浙大二院张国强老师6例单细胞测序技术服务（委托）合同|S|10X转录组-3'文库|NA|TENX+MANUAL_RISK+IMBALANCE, count=8, reason=总量200.0G低于最小门槛970.0G[0m
[32m2026-05-21 17:21:22[0m | [1mINFO    [0m | [1m主流程规则分桶跳过: bucket=ten_x:天津医科大学总医院-10例10X3' V4试剂单细胞测序分析技术服务（委托）合同|S|10X转录组-3'文库|NA|TENX+MANUAL_RISK+IMBALANCE, count=6, reason=总量190.4G低于最小门槛970.0G[0m
[32m2026-05-21 17:21:22[0m | [1mINFO    [0m | [1m主流程规则分桶跳过: bucket=ten_x:150个样本10X GENOMICS 3'端（V4试剂）单细胞转录组测序矩阵分析技术服务（委托）合同|S|10X转录组-3'文库|NA|TENX+MANUAL_RISK+IMBALANCE, count=8, reason=总量185.4G低于最小门槛970.0G[0m
[32m2026-05-21 17:21:22[0m | [1mINFO    [0m | [1m主流程规则分桶跳过: bucket=ten_x:山东省立医院50例单细胞+VDJ分析技术服务（委托）合同|S|10X转录组-5'文库|NA|TENX+MANUAL_RISK+IMBALANCE, count=2, reason=总量150.0G低于最小门槛970.0G[0m
[32m2026-05-21 17:21:22[0m | [1mINFO    [0m | [1m主流程规则分桶跳过: bucket=ten_x:扬州大学医学院12个10X GENOMICS V4 GEMX单细胞测序分析技术服务（委托）合同|S|10X转录组-3'文库|NA|TENX+MANUAL_RISK+IMBALANCE, count=6, reason=总量147.1G低于最小门槛970.0G[0m
[32m2026-05-21 17:21:22[0m | [1mINFO    [0m | [1m主流程规则分桶跳过: bucket=ten_x:暨大-单细胞建库测序分析分析技术服务（委托）合同|S|10X转录组-3'文库|NA|TENX+MANUAL_RISK+IMBALANCE, count=6, reason=总量145.5G低于最小门槛970.0G[0m
[32m2026-05-21 17:21:22[0m | [1mINFO    [0m | [1m主流程规则分桶跳过: bucket=ten_x:广医三院3例睾丸组织单细胞测序分析技术服务（委托）合同|S|10X转录组-3'文库|NA|TENX+MANUAL_RISK+IMBALANCE, count=4, reason=总量103.1G低于最小门槛970.0G[0m
[32m2026-05-21 17:21:22[0m | [1mINFO    [0m | [1m主流程规则分桶跳过: bucket=ten_x:长征医院30例单细胞GEM-FLEX-60G矩阵分析+30例空转VISIUM HD-100G矩阵分析技术服务（委托）合同|S|10X HD VISIUM空间转录组文库(新)|NA|TENX+MANUAL_RISK+IMBALANCE, count=2, reason=总量100.0G低于最小门槛945.2G[0m
[32m2026-05-21 17:21:22[0m | [1mINFO    [0m | [1m主流程规则分桶跳过: bucket=ten_x:2个样本10X GENOMICS 3'端单细胞转录组分析技术服务（委托）合同-LX|S|10X转录组-3'文库|NA|TENX+MANUAL_RISK+IMBALANCE, count=4, reason=总量100.0G低于最小门槛970.0G[0m
[32m2026-05-21 17:21:22[0m | [1mINFO    [0m | [1m主流程规则分桶跳过: bucket=ten_x:2025年深圳微科盟单细胞测序分析技术服务（委托）合同|S|10X转录组-3'文库|NA|TENX+MANUAL_RISK+IMBALANCE, count=4, reason=总量96.8G低于最小门槛970.0G[0m
[32m2026-05-21 17:21:22[0m | [1mINFO    [0m | [1m主流程规则分桶跳过: bucket=ten_x:130例食管癌10X GENOMICS GEM-X +V4试剂单细胞转录组测序分析技术服务（委托）合同|S|10X转录组-3'文库|NA|TENX+MANUAL_RISK+IMBALANCE, count=2, reason=总量81.5G低于最小门槛970.0G[0m
[32m2026-05-21 17:21:22[0m | [1mINFO    [0m | [1m主流程规则分桶跳过: bucket=ten_x:复旦大学 张政辉 12例 10X3''单细胞测序矩阵分析技术服务（委托）合同|S|10X转录组-3'文库|NA|TENX+MANUAL_RISK+IMBALANCE, count=2, reason=总量50.1G低于最小门槛970.0G[0m
[32m2026-05-21 17:21:22[0m | [1mINFO    [0m | [1m主流程规则分桶跳过: bucket=ten_x:7例3端单细胞转录组测序分析技术服务（委托）合同-CXX|S|10X转录组-3'文库|NA|TENX+MANUAL_RISK+IMBALANCE, count=2, reason=总量50.0G低于最小门槛970.0G[0m
[32m2026-05-21 17:21:22[0m | [1mINFO    [0m | [1m主流程规则分桶跳过: bucket=ten_x:康龙化成（北京）2024-2025年度建库测序分析技术服务（委托）合同|S|客户-10X转录组文库|NA|TENX+MANUAL_RISK+IMBALANCE, count=2, reason=总量50.0G低于最小门槛995.0G[0m
[32m2026-05-21 17:21:22[0m | [1mINFO    [0m | [1m主流程规则分桶跳过: bucket=ten_x:神外所2例单细胞3'转录组测序分析-250805分析技术服务（委托）合同|S|10X转录组-3'文库|NA|TENX+MANUAL_RISK+IMBALANCE, count=2, reason=总量50.0G低于最小门槛970.0G[0m
[32m2026-05-21 17:21:22[0m | [1mINFO    [0m | [1m主流程规则分桶跳过: bucket=ten_x:宣武医院40例5'端单细胞+VDJ分析技术服务（委托）合同-ZYT|S|10X转录组-5'文库|NA|TENX+MANUAL_RISK+IMBALANCE, count=2, reason=总量45.3G低于最小门槛970.0G[0m
[32m2026-05-21 17:21:22[0m | [1mINFO    [0m | [1m主流程规则分桶跳过: bucket=ten_x:山东大学4例10X3'单细胞建库测序矩阵分析技术服务（委托）合同-邵琪琪|S|10X转录组-3'文库|NA|TENX+MANUAL_RISK+IMBALANCE, count=2, reason=总量42.0G低于最小门槛970.0G[0m
[32m2026-05-21 17:21:22[0m | [1mINFO    [0m | [1m主流程规则分桶跳过: bucket=ten_x:四川大学华西医院5个单细胞核转录组建库测序技术服务（委托）合同|S|10X转录组-3'文库|NA|TENX+MANUAL_RISK+IMBALANCE, count=2, reason=总量35.0G低于最小门槛970.0G[0m
[32m2026-05-21 17:21:22[0m | [1mINFO    [0m | [1m主流程规则分桶跳过: bucket=ten_x:300个单细胞文库测序技术服务（委托）合同|S|客户-单细胞文库|NA|TENX+MANUAL_RISK+IMBALANCE, count=2, reason=总量30.0G低于最小门槛875.6G[0m
[32m2026-05-21 17:21:22[0m | [1mINFO    [0m | [1m主流程规则分桶跳过: bucket=ten_x:深圳市人民医院小鼠样本10X 5端+TCR+BCR 单细胞转录组建库测序及高级分析技术服务（委托）合同|S|10X转录组V(D)J-BCR文库|NA|TENX+MANUAL_RISK+IMBALANCE, count=8, reason=总量28.1G低于最小门槛970.0G[0m
[32m2026-05-21 17:21:22[0m | [1mINFO    [0m | [1m主流程规则分桶跳过: bucket=ten_x:博迪贺康12例小鼠小肠单细胞转录组测序分析技术服务（委托）合同|S|10X转录组-3'文库|NA|TENX+MANUAL_RISK+IMBALANCE, count=2, reason=总量24.8G低于最小门槛970.0G[0m
[32m2026-05-21 17:21:22[0m | [1mINFO    [0m | [1m主流程规则分桶跳过: bucket=ten_x:深圳市人民医院小鼠样本10X 5端+TCR+BCR 单细胞转录组建库测序及高级分析技术服务（委托）合同|S|10X转录组V(D)J-TCR文库|NA|TENX+MANUAL_RISK+IMBALANCE, count=6, reason=总量20.9G低于最小门槛970.0G[0m
[32m2026-05-21 17:21:22[0m | [1mINFO    [0m | [1m主流程规则分桶跳过: bucket=ten_x:西湖大学程赛凤LAB自建库测序（XPLUS）试测技术服务（委托）合同|S|客户-10X 3 单细胞转录组文库|NA|TENX+MANUAL_RISK+IMBALANCE, count=2, reason=总量12.8G低于最小门槛970.0G[0m
[32m2026-05-21 17:21:22[0m | [1mINFO    [0m | [1m主流程规则分桶跳过: bucket=ten_x:100例样本单细胞5+T+B测序分析技术服务（委托）合同-LY|S|10X转录组V(D)J-TCR文库|NA|TENX+MANUAL_RISK+IMBALANCE, count=2, reason=总量10.0G低于最小门槛970.0G[0m
[32m2026-05-21 17:21:22[0m | [1mINFO    [0m | [1m主流程规则分桶跳过: bucket=ten_x:山东省立医院50例单细胞+VDJ分析技术服务（委托）合同|S|10X转录组V(D)J-TCR文库|NA|TENX+MANUAL_RISK+IMBALANCE, count=2, reason=总量10.0G低于最小门槛970.0G[0m
[32m2026-05-21 17:21:22[0m | [1mINFO    [0m | [1m主流程规则分桶跳过: bucket=ten_x:智新浩正21例10XV3 5'+BCR+TCR单细胞转录组测序分析技术服务合同-1|S|10X转录组V(D)J-TCR文库|NA|TENX+MANUAL_RISK+IMBALANCE, count=2, reason=总量10.0G低于最小门槛970.0G[0m
[32m2026-05-21 17:21:22[0m | [1mINFO    [0m | [1m主流程规则分桶跳过: bucket=ten_x:神外所20例单细胞三代全长转录组（0NT）+10例单细胞5'转录组+TCR+BCR建库测序分析技术服务（委托）合同|S|10X转录组V(D)J-TCR文库|NA|TENX+MANUAL_RISK+IMBALANCE, count=2, reason=总量10.0G低于最小门槛970.0G[0m
[32m2026-05-21 17:21:22[0m | [1mINFO    [0m | [1m主流程规则分桶跳过: bucket=ten_x:NVUK2025072303-EU-ES-IBS-8 SMARTER RNA-SEQUENCING 6G-ANGEL-WBI|S|单细胞文库|NA|TENX+MANUAL_RISK+IMBALANCE, count=2, reason=总量6.0G低于最小门槛875.6G[0m
[32m2026-05-21 17:21:22[0m | [1mINFO    [0m | [1m主流程规则分桶跳过: bucket=ten_x:深圳市人民医院小鼠样本10X 5端+TCR+BCR 单细胞转录组建库测序及高级分析技术服务（委托）合同|S|10X转录组-5'文库|NA|TENX+MANUAL_RISK+IMBALANCE, count=2, reason=总量5.2G低于最小门槛970.0G[0m
[32m2026-05-21 17:21:22[0m | [1mINFO    [0m | [1m主流程规则分桶跳过: bucket=manual_or_risk:康龙化成（北京）2024-2025年度建库测序分析技术服务（委托）合同|S|客户-真核普通转录组文库|NA|MANUAL_RISK, count=18, reason=总量162.0G低于最小门槛995.0G[0m
[32m2026-05-21 17:21:22[0m | [1mINFO    [0m | [1m主流程规则分桶跳过: bucket=manual_or_risk:（极速周期）北生所1000个自建文库测序技术服务（委托）合同|S|客户-PCR产物|NA|MANUAL_RISK+IMBALANCE, count=12, reason=总量120.0G低于最小门槛597.0G[0m
[32m2026-05-21 17:21:22[0m | [1mINFO    [0m | [1m主流程规则分桶跳过: bucket=manual_or_risk:NVDE2025073120-DE-UMR-MALETZKI-HUMAN-12-LOWPASSEMSEQ-15GB-WOBI|S|EM-SEQ文库|NA|MANUAL_RISK+IMBALANCE, count=10, reason=总量70.0G低于最小门槛985.0G[0m
[32m2026-05-21 17:21:22[0m | [1mINFO    [0m | [1m主流程规则分桶跳过: bucket=manual_or_risk:广州医科大学王佳PE150文库测序分析技术服务（委托）合同|S|客户-HI-C文库|NA|MANUAL_RISK, count=2, reason=总量66.0G低于最小门槛995.0G[0m
[32m2026-05-21 17:21:22[0m | [1mINFO    [0m | [1m主流程规则分桶跳过: bucket=manual_or_risk:百奥华兴自建库合同分析技术服务（委托）合同|S|客户-ATAC-SEQ文库|NA|MANUAL_RISK+IMBALANCE, count=6, reason=总量60.0G低于最小门槛796.0G[0m
[32m2026-05-21 17:21:22[0m | [1mINFO    [0m | [1m主流程规则分桶跳过: bucket=manual_or_risk:（极速周期）北生所1000个自建文库测序技术服务（委托）合同|S|客户-真核普通转录组文库|NA|MANUAL_RISK, count=12, reason=总量54.0G低于最小门槛995.0G[0m
[32m2026-05-21 17:21:22[0m | [1mINFO    [0m | [1m主流程规则分桶跳过: bucket=manual_or_risk:真诺生物-2000例转录组测序+全外显子测序技术服务（委托）合同|S|外显子文库|NA|MANUAL_RISK, count=2, reason=总量48.0G低于最小门槛995.0G[0m
[32m2026-05-21 17:21:22[0m | [1mINFO    [0m | [1m主流程规则分桶跳过: bucket=manual_or_risk:（极速周期）北生所1000个自建文库测序技术服务（委托）合同|S|客户-CUT-TAG文库|NA|MANUAL_RISK+IMBALANCE, count=14, reason=总量42.0G低于最小门槛796.0G[0m
[32m2026-05-21 17:21:22[0m | [1mINFO    [0m | [1m主流程规则分桶跳过: bucket=manual_or_risk:简化甲基化测序21个分析技术服务（委托）合同|S|RRBS文库|NA|MANUAL_RISK+IMBALANCE, count=14, reason=总量39.8G低于最小门槛845.8G[0m
[32m2026-05-21 17:21:22[0m | [1mINFO    [0m | [1m主流程规则分桶跳过: bucket=manual_or_risk:汕头大学医学院雷老师自建库测序分析技术服务（委托）合同|S|客户-ATAC-SEQ文库|NA|MANUAL_RISK+IMBALANCE, count=6, reason=总量36.0G低于最小门槛796.0G[0m
[32m2026-05-21 17:21:22[0m | [1mINFO    [0m | [1m主流程规则分桶跳过: bucket=manual_or_risk:景杰25年自建库测序技术服务（委托）合同|S|客户-CUT-TAG文库|NA|MANUAL_RISK+IMBALANCE, count=10, reason=总量30.0G低于最小门槛796.0G[0m
[32m2026-05-21 17:21:22[0m | [1mINFO    [0m | [1m主流程规则分桶跳过: bucket=manual_or_risk:（极速周期）清华1个文库技术服务（委托）合同|S|客户-CUT-TAG文库|NA|MANUAL_RISK+IMBALANCE, count=10, reason=总量30.0G低于最小门槛796.0G[0m
[32m2026-05-21 17:21:22[0m | [1mINFO    [0m | [1m主流程规则分桶跳过: bucket=manual_or_risk:湘湖实验室100个自建库XP测序技术服务（委托）合同|S|客户-ATAC-SEQ文库|NA|MANUAL_RISK+IMBALANCE, count=6, reason=总量30.0G低于最小门槛796.0G[0m
[32m2026-05-21 17:21:22[0m | [1mINFO    [0m | [1m主流程规则分桶跳过: bucket=manual_or_risk:北大人民MNGS3700例分析技术服务（委托）合同|S|客户-微生物常规小片段文库|NA|MANUAL_RISK, count=4, reason=总量30.0G低于最小门槛995.0G[0m
[32m2026-05-21 17:21:22[0m | [1mINFO    [0m | [1m主流程规则分桶跳过: bucket=manual_or_risk:崖州湾RIBO加ATAC加转录组分析技术服务（委托）合同|S|ATAC-SEQ文库|NA|MANUAL_RISK+IMBALANCE, count=2, reason=总量30.0G低于最小门槛796.0G[0m
[32m2026-05-21 17:21:22[0m | [1mINFO    [0m | [1m主流程规则分桶跳过: bucket=manual_or_risk:山东省妇幼保健院6样本转录组10G+自建库分析技术服务（委托）合同-李安娜|S|客户-动植物全基因组重测序文库|NA|MANUAL_RISK, count=8, reason=总量24.0G低于最小门槛995.0G[0m
[32m2026-05-21 17:21:22[0m | [1mINFO    [0m | [1m主流程规则分桶跳过: bucket=manual_or_risk:广州医科大学师宪平组CUT&TAG自建库测序分析分析技术服务（委托）合同|S|客户-CUT-TAG文库|NA|MANUAL_RISK+IMBALANCE, count=8, reason=总量24.0G低于最小门槛796.0G[0m
[32m2026-05-21 17:21:22[0m | [1mINFO    [0m | [1m主流程规则分桶跳过: bucket=manual_or_risk:自建库测序执行协议分析技术服务（委托）合同- WYX|S|客户-真核普通转录组文库|NA|MANUAL_RISK, count=4, reason=总量24.0G低于最小门槛995.0G[0m
[32m2026-05-21 17:21:22[0m | [1mINFO    [0m | [1m主流程规则分桶跳过: bucket=manual_or_risk:14例自建库技术服务（委托）合同|S|客户-CHIP-SEQ文库|NA|MANUAL_RISK, count=4, reason=总量20.0G低于最小门槛995.0G[0m
[32m2026-05-21 17:21:22[0m | [1mINFO    [0m | [1m主流程规则分桶跳过: bucket=manual_or_risk:8个样本自建库测序技术服务（委托）合同-X|S|客户-动植物全基因组重测序文库|NA|MANUAL_RISK, count=4, reason=总量20.0G低于最小门槛995.0G[0m
[32m2026-05-21 17:21:22[0m | [1mINFO    [0m | [1m主流程规则分桶跳过: bucket=manual_or_risk:（极速周期）清华50个自建文库测序技术服务（委托）合同|S|客户-PCR产物|NA|MANUAL_RISK+IMBALANCE, count=4, reason=总量20.0G低于最小门槛597.0G[0m
[32m2026-05-21 17:21:22[0m | [1mINFO    [0m | [1m主流程规则分桶跳过: bucket=manual_or_risk:（极速周期）2025年艾斯基因建库测序年度框架分析技术服务（委托）合同|S|客户-ATAC-SEQ文库|NA|MANUAL_RISK+IMBALANCE, count=2, reason=总量14.0G低于最小门槛796.0G[0m
[32m2026-05-21 17:21:22[0m | [1mINFO    [0m | [1m主流程规则分桶跳过: bucket=manual_or_risk:MRNA制造成本突破创新专项|S|客户-PCR产物|NA|MANUAL_RISK+IMBALANCE, count=4, reason=总量12.0G低于最小门槛597.0G[0m
[32m2026-05-21 17:21:22[0m | [1mINFO    [0m | [1m主流程规则分桶跳过: bucket=manual_or_risk:兰州大学16例自建库测序技术服务（委托）合同|S|客户-SMALL RNA文库|NA|MANUAL_RISK, count=4, reason=总量12.0G低于最小门槛995.0G[0m
[32m2026-05-21 17:21:22[0m | [1mINFO    [0m | [1m主流程规则分桶跳过: bucket=manual_or_risk:天津市肿瘤医院100例自建库测序技术服务（委托）合同-王晟欣|S|客户-ATAC-SEQ文库|NA|MANUAL_RISK+IMBALANCE, count=4, reason=总量12.0G低于最小门槛796.0G[0m
[32m2026-05-21 17:21:22[0m | [1mINFO    [0m | [1m主流程规则分桶跳过: bucket=manual_or_risk:天津市肿瘤医院100例自建库测序技术服务（委托）合同-王晟欣|S|客户-CUT-RUN文库|NA|MANUAL_RISK+IMBALANCE, count=4, reason=总量12.0G低于最小门槛796.0G[0m
[32m2026-05-21 17:21:22[0m | [1mINFO    [0m | [1m主流程规则分桶跳过: bucket=manual_or_risk:山东第一医科大学4例ATAC自建库测序技术服务（委托）合同-刘伟|S|客户-ATAC-SEQ文库|NA|MANUAL_RISK+IMBALANCE, count=2, reason=总量12.0G低于最小门槛796.0G[0m
[32m2026-05-21 17:21:22[0m | [1mINFO    [0m | [1m主流程规则分桶跳过: bucket=manual_or_risk:2025年深圳晶泰自建库测序分析技术服务（委托）合同|S|客户-PCR产物|NA|MANUAL_RISK+IMBALANCE, count=2, reason=总量10.0G低于最小门槛597.0G[0m
[32m2026-05-21 17:21:22[0m | [1mINFO    [0m | [1m主流程规则分桶跳过: bucket=manual_or_risk:深圳湾实验室张哲老师PE150自建库测序技术服务（委托）合同|S|客户-PCR产物|NA|MANUAL_RISK+IMBALANCE, count=2, reason=总量10.0G低于最小门槛597.0G[0m
[32m2026-05-21 17:21:22[0m | [1mINFO    [0m | [1m主流程规则分桶跳过: bucket=manual_or_risk:5个宏基因组-40G加测+50G标准分析+50GBINNING分析分析技术服务（委托）合同|S|DNA小片段文库|NA|MANUAL_RISK, count=2, reason=总量6.0G低于最小门槛995.0G[0m
[32m2026-05-21 17:21:22[0m | [1mINFO    [0m | [1m主流程规则分桶跳过: bucket=manual_or_risk:天津市肿瘤医院100例自建库测序技术服务（委托）合同-王晟欣|S|客户-CUT-TAG文库|NA|MANUAL_RISK+IMBALANCE, count=2, reason=总量6.0G低于最小门槛796.0G[0m
[32m2026-05-21 17:21:22[0m | [1mINFO    [0m | [1m主流程规则分桶跳过: bucket=manual_or_risk:工生所300例自建库测序技术服务（委托）合同|S|客户-扩增子文库|NA|MANUAL_RISK+IMBALANCE, count=2, reason=总量6.0G低于最小门槛696.5G[0m
[32m2026-05-21 17:21:22[0m | [1mINFO    [0m | [1m主流程规则分桶跳过: bucket=manual_or_risk:博奥汇玖自建库测序技术服务（委托）合同|S|客户-META文库|NA|MANUAL_RISK, count=2, reason=总量5.2G低于最小门槛995.0G[0m
[32m2026-05-21 17:21:22[0m | [1mINFO    [0m | [1m主流程规则分桶跳过: bucket=manual_or_risk:自建库测序-NOVASEQ2025Q3技术服务（委托）合同|S|客户-其他碱基均衡文库|NA|MANUAL_RISK, count=2, reason=总量5.0G低于最小门槛995.0G[0m
[32m2026-05-21 17:21:22[0m | [1mINFO    [0m | [1m主流程规则分桶跳过: bucket=manual_or_risk:武汉大学30T自建库测序技术服务（委托）合同|S|客户-人重测序文库|NA|MANUAL_RISK, count=2, reason=总量4.4G低于最小门槛995.0G[0m
[32m2026-05-21 17:21:22[0m | [1mINFO    [0m | [1m主流程规则分桶跳过: bucket=general:内蒙古双奇药业股份有限公司25年宏基因组测序分析技术服务（委托）合同|Z|DNA小片段文库|NA|NORMAL, count=72, reason=总量192.7G低于最小门槛995.0G[0m
[32m2026-05-21 17:21:22[0m | [1mINFO    [0m | [1m主流程规则分桶跳过: bucket=general:内蒙古大学100个宏基因组测序分析技术服务委托合同|Z|DNA小片段文库|NA|NORMAL, count=22, reason=总量48.7G低于最小门槛995.0G[0m
[32m2026-05-21 17:21:22[0m | [1mINFO    [0m | [1m主流程规则分桶跳过: bucket=general:江南大学META建库测序-2025分析技术服务（委托）合同|Z|DNA小片段文库|NA|NORMAL, count=20, reason=总量45.8G低于最小门槛995.0G[0m
[32m2026-05-21 17:21:22[0m | [1mINFO    [0m | [1m主流程规则分桶跳过: bucket=general:YC后海生物-2025年度建库测序项目分析技术服务（委托）合同|Z|DNA小片段文库|NA|NORMAL, count=8, reason=总量42.0G低于最小门槛995.0G[0m
[32m2026-05-21 17:21:22[0m | [1mINFO    [0m | [1m主流程规则分桶跳过: bucket=general:（极速周期）ILLUMINA平台宏基因组测序分析分析技术服务（委托）合同|Z|DNA小片段文库|NA|NORMAL, count=12, reason=总量31.3G低于最小门槛995.0G[0m
[32m2026-05-21 17:21:22[0m | [1mINFO    [0m | [1m主流程规则分桶跳过: bucket=general:珠江医院汪胜宇300个宏基因组分析技术服务（委托）合同|Z|DNA小片段文库|NA|NORMAL, count=10, reason=总量22.8G低于最小门槛995.0G[0m
[32m2026-05-21 17:21:22[0m | [1mINFO    [0m | [1m主流程规则分桶跳过: bucket=general:12个转录组重测序分析技术服务（委托）合同-YYH|Z|VIP-真核普通转录组文库|NA|NORMAL, count=8, reason=总量22.6G低于最小门槛995.0G[0m
[32m2026-05-21 17:21:22[0m | [1mINFO    [0m | [1m主流程规则分桶跳过: bucket=general:2025年深圳微科盟NGS测序分析技术服务（委托）合同|Z|DNA小片段文库|NA|NORMAL, count=10, reason=总量21.0G低于最小门槛995.0G[0m
[32m2026-05-21 17:21:22[0m | [1mINFO    [0m | [1m主流程规则分桶跳过: bucket=general:瑞金医院叶静组黄超尘老师150例二代转录组X测序技术服务（委托）合同|Z|VIP-真核普通转录组文库|NA|NORMAL, count=6, reason=总量17.4G低于最小门槛995.0G[0m
[32m2026-05-21 17:21:22[0m | [1mINFO    [0m | [1m主流程规则分桶跳过: bucket=general:25年下半年100例宏基因组建库测序分析技术服务（委托）合同|Z|DNA小片段文库|NA|NORMAL, count=6, reason=总量15.1G低于最小门槛995.0G[0m
[32m2026-05-21 17:21:22[0m | [1mINFO    [0m | [1m主流程规则分桶跳过: bucket=general:2025年福建漫修生物宏基因组建库测序技术服务（委托）合同|Z|DNA小片段文库|NA|NORMAL, count=6, reason=总量13.4G低于最小门槛995.0G[0m
[32m2026-05-21 17:21:22[0m | [1mINFO    [0m | [1m主流程规则分桶跳过: bucket=general:广州海洋实验室81个宏基因组2+3分析技术服务（委托）合同|Z|VIP-META文库|NA|NORMAL, count=4, reason=总量12.6G低于最小门槛995.0G[0m
[32m2026-05-21 17:21:22[0m | [1mINFO    [0m | [1m主流程规则分桶跳过: bucket=general:博奥晶典ILLUMINA建库测序及质控 技术服务（委托）合同-2025|Z|VIP-真核普通转录组文库|NA|NORMAL, count=4, reason=总量12.0G低于最小门槛995.0G[0m
[32m2026-05-21 17:21:22[0m | [1mINFO    [0m | [1m主流程规则分桶跳过: bucket=general:资环所10个土壤宏基因组分析技术服务（委托）合同|Z|DNA小片段文库|NA|NORMAL, count=4, reason=总量8.5G低于最小门槛995.0G[0m
[32m2026-05-21 17:21:22[0m | [1mINFO    [0m | [1m主流程规则分桶跳过: bucket=general:南开大学11例昆虫DNA建库测序（要CLEAN）技术服务（委托）合同|Z|DNA小片段文库|NA|NORMAL, count=2, reason=总量5.9G低于最小门槛995.0G[0m
[32m2026-05-21 17:21:22[0m | [1mINFO    [0m | [1m主流程规则分桶跳过: bucket=general:30个META提取建库测序分析技术服务（委托）合同|Z|DNA小片段文库|NA|NORMAL, count=2, reason=总量4.7G低于最小门槛995.0G[0m
[32m2026-05-21 17:21:22[0m | [1mINFO    [0m | [1m主流程规则分桶跳过: bucket=general:河北农业大学60例小麦转录组测序分析技术服务（委托）合同|Z|VIP-真核普通转录组文库|NA|NORMAL, count=2, reason=总量4.4G低于最小门槛995.0G[0m
[32m2026-05-21 17:21:22[0m | [1mINFO    [0m | [1m主流程规则分桶跳过: bucket=general:宁波大学海洋学院117个扩增子+2个宏基因组测序分析技术服务（委托）合同|Z|DNA小片段文库|NA|NORMAL, count=2, reason=总量4.1G低于最小门槛995.0G[0m
[32m2026-05-21 17:21:22[0m | [1mINFO    [0m | [1m主流程规则分桶预调度完成: 分桶=85，桶后尾货=524个/4750.2G[0m
[32m2026-05-21 17:21:22[0m | [1mINFO    [0m | [1m主流程尾货统一补排启动: count=524, data=4750.2G[0m
[32m2026-05-21 17:21:22[0m | [1mINFO    [0m | [1m开始逐Lane贪心排机 - 文库数: 524[0m
[32m2026-05-21 17:21:22[0m | [1mINFO    [0m | [1m预拆分完成: 使用外层已拆分文库[0m
[32m2026-05-21 17:21:22[0m | [1mINFO    [0m | [1m===== 批次全局分析报告 =====[0m
[32m2026-05-21 17:21:22[0m | [1mINFO    [0m | [1m机器类型: Nova X-25B[0m
[32m2026-05-21 17:21:22[0m | [1mINFO    [0m | [1m文库总数: 524[0m
[32m2026-05-21 17:21:22[0m | [1mINFO    [0m | [1m总数据量: 4750.2 GB[0m
[32m2026-05-21 17:21:22[0m | [1mINFO    [0m | [1m预估Lane数: 5~5[0m
[32m2026-05-21 17:21:22[0m | [1mINFO    [0m | [1m--- 特征标记 ---[0m
[32m2026-05-21 17:21:22[0m | [1mINFO    [0m | [1m  包Lane文库: 无[0m
[32m2026-05-21 17:21:22[0m | [1mINFO    [0m | [1m  碱基不均衡: 有[0m
[32m2026-05-21 17:21:22[0m | [1mINFO    [0m | [1m  客户文库:   无[0m
[32m2026-05-21 17:21:22[0m | [1mINFO    [0m | [1m  10bp文库:   有[0m
[32m2026-05-21 17:21:22[0m | [1mINFO    [0m | [1m  非10bp文库: 有[0m
[32m2026-05-21 17:21:22[0m | [1mINFO    [0m | [1m  特殊组合:   有[0m
[32m2026-05-21 17:21:22[0m | [1mINFO    [0m | [1m--- 分组画像 ---[0m
[32m2026-05-21 17:21:22[0m | [1mINFO    [0m | [1m  [imbalance] 碱基不均衡文库: 254个文库, 3744.5GB, 预估4~4条Lane[0m
[32m2026-05-21 17:21:22[0m | [1mINFO    [0m | [1m  [10bp] 10碱基文库: 350个文库, 3715.6GB, 预估4~4条Lane[0m
[32m2026-05-21 17:21:22[0m | [1mINFO    [0m | [1m  [special_combo_b] 10X 3端/Visium组合: 78个文库, 2033.3GB, 预估2~3条Lane[0m
[32m2026-05-21 17:21:22[0m | [1mINFO    [0m | [1m  [all] 全部文库: 524个文库, 4750.2GB, 预估5~5条Lane[0m
[32m2026-05-21 17:21:22[0m | [1mINFO    [0m | [1m  [special_combo_a] 10X 5端/VDJ组合: 28个文库, 289.4GB, 预估1~1条Lane[0m
[32m2026-05-21 17:21:22[0m | [1mINFO    [0m | [1m  [non_10bp] 非10碱基文库: 174个文库, 1034.6GB, 预估1~2条Lane[0m
[32m2026-05-21 17:21:22[0m | [1mINFO    [0m | [1m--- 专用Lane推荐 ---[0m
[32m2026-05-21 17:21:22[0m | [1mINFO    [0m | [1m  [imbalance] 碱基不均衡文库数据量充足，可包专用Lane避免混排占比限制 - 约3条Lane, 3744.5GB, 置信度: high[0m
[32m2026-05-21 17:21:22[0m | [1mINFO    [0m | [1m  [non_10bp] 非10bp文库集中排入专用Lane，避免触发10bp>=40%混排规则 - 约1条Lane, 1034.6GB, 置信度: medium[0m
[32m2026-05-21 17:21:22[0m | [1mINFO    [0m | [1m  [special_combo_b] 10X 3端/Visium文库可独占Lane（与5端互斥） - 约2条Lane, 2033.3GB, 置信度: high[0m
[32m2026-05-21 17:21:22[0m | [1mINFO    [0m | [1m--- 混排约束 ---[0m
[32m2026-05-21 17:21:22[0m | [1mINFO    [0m | [1m  [tj_1595_special_combo_groups_not_mixed] special_combo_a vs special_combo_b: 10X 5端/VDJ 与 10X 3端/Visium 文库不可混排，必须分开[0m
[32m2026-05-21 17:21:22[0m | [1mINFO    [0m | [1m  [imbalance_max_30pct] imbalance vs all: 碱基不均衡文库全局占比78.8%，超过30%上限，必须拆分为专用Lane[0m
[32m2026-05-21 17:21:22[0m | [1mINFO    [0m | [1m--- 尾部风险 ---[0m
[32m2026-05-21 17:21:22[0m | [1mINFO    [0m | [1m  [non_10bp] 非10碱基文库排完整Lane后剩余39.6GB，不足半Lane(498GB)，需要大文库骨架携带或混入散样Lane - 39.6GB, 174个, 严重程度: high[0m
[32m2026-05-21 17:21:22[0m | [1mINFO    [0m | [1m  [special_combo_a] 10X 5端/VDJ组合排完整Lane后剩余289.4GB，不足半Lane(485GB)，需要大文库骨架携带或混入散样Lane - 289.4GB, 28个, 严重程度: medium[0m
[32m2026-05-21 17:21:22[0m | [1mINFO    [0m | [1m  [special_combo_b] 10X 3端/Visium组合排完整Lane后剩余93.3GB，不足半Lane(485GB)，需要大文库骨架携带或混入散样Lane - 93.3GB, 78个, 严重程度: high[0m
[32m2026-05-21 17:21:22[0m | [1mINFO    [0m | [1m--- 策略建议 ---[0m
[32m2026-05-21 17:21:22[0m | [1mINFO    [0m | [1m  - 碱基不均衡文库数据量充足，优先形成专用Lane[0m
[32m2026-05-21 17:21:22[0m | [1mINFO    [0m | [1m  - 非10bp文库建议走专用Lane，避免10bp>=40%混排红线[0m
[32m2026-05-21 17:21:22[0m | [1mINFO    [0m | [1m  - 特殊10X组合文库应分别走专用Lane（互斥规则）[0m
[32m2026-05-21 17:21:22[0m | [1mINFO    [0m | [1m  - 存在2个高风险尾部分组，建议启用骨架预留(大带小)[0m
[32m2026-05-21 17:21:22[0m | [1mINFO    [0m | [1m===== 报告结束 =====[0m
[32m2026-05-21 17:21:22[0m | [1mINFO    [0m | [1m保留外部传入的策略执行计划，仅使用批次分析报告[0m
[32m2026-05-21 17:21:22[0m | [1mINFO    [0m | [1m处理机器类型 Nova X-25B - 文库数: 514 - Lane容量: 1050.0GB, 利用率区间: [100%, 100%], 特殊文库上限: 350GB[0m
[32m2026-05-21 17:21:22[0m | [1mINFO    [0m | [1m碱基不均衡专用Lane策略: 248个碱基不均衡文库[0m
[32m2026-05-21 17:21:22[0m | [1mINFO    [0m | [1m专用Lane分组G15剩余合同量400.0G无法满足1.1或3.6T-NEW有效容量下限[0m
[32m2026-05-21 17:21:22[0m | [1mINFO    [0m | [1m专用Lane分组G13剩余合同量50.0G无法满足1.1或3.6T-NEW有效容量下限[0m
[32m2026-05-21 17:21:22[0m | [1mINFO    [0m | [1m专用Lane分组G31剩余合同量30.0G无法满足1.1或3.6T-NEW有效容量下限[0m
[32m2026-05-21 17:21:22[0m | [1mINFO    [0m | [1m专用Lane分组G29剩余合同量160.0G无法满足1.1或3.6T-NEW有效容量下限[0m
[32m2026-05-21 17:21:22[0m | [1mINFO    [0m | [1m专用Lane分组G25剩余合同量164.0G无法满足1.1或3.6T-NEW有效容量下限[0m
[32m2026-05-21 17:21:22[0m | [1mINFO    [0m | [1m专用Lane分组G26剩余合同量132.0G无法满足1.1或3.6T-NEW有效容量下限[0m
[32m2026-05-21 17:21:22[0m | [1mINFO    [0m | [1m专用Lane分组G51剩余合同量12.0G无法满足1.1或3.6T-NEW有效容量下限[0m
[32m2026-05-21 17:21:22[0m | [1mINFO    [0m | [1m专用Lane分组G5剩余合同量200.5G无法满足1.1或3.6T-NEW有效容量下限[0m
[32m2026-05-21 17:21:22[0m | [1mINFO    [0m | [1m专用Lane分组G58剩余合同量310.0G无法满足1.1或3.6T-NEW有效容量下限[0m
[32m2026-05-21 17:21:22[0m | [1mINFO    [0m | [1m专用Lane分组G16剩余合同量30.0G无法满足1.1或3.6T-NEW有效容量下限[0m
[32m2026-05-21 17:21:22[0m | [1mINFO    [0m | [1m专用Lane分组G19剩余合同量70.0G无法满足1.1或3.6T-NEW有效容量下限[0m
[32m2026-05-21 17:21:22[0m | [1mINFO    [0m | [1m专用Lane分组G7剩余合同量60.9G无法满足1.1或3.6T-NEW有效容量下限[0m
[32m2026-05-21 17:21:22[0m | [1mINFO    [0m | [1m专用Lane分组G6剩余合同量28.1G无法满足1.1或3.6T-NEW有效容量下限[0m
[32m2026-05-21 17:21:22[0m | [1mINFO    [0m | [1m专用Lane分组G52剩余合同量39.8G无法满足1.1或3.6T-NEW有效容量下限[0m
[32m2026-05-21 17:21:22[0m | [1mINFO    [0m | [1m专用Lane分组G22剩余合同量6.0G无法满足1.1或3.6T-NEW有效容量下限[0m
[32m2026-05-21 17:21:22[0m | [1mINFO    [0m | [1m形成0条专用Lane，剩余248个碱基不均衡文库[0m
[32m2026-05-21 17:21:22[0m | [1mINFO    [0m | [1m3.6T-NEW拆分家族分组批量未成Lane: split_count=2, sample_type=客户-hi-c文库, imbalance_group=, 选中家族=1, lane_totals=[33.0, 33.0][0m
[32m2026-05-21 17:21:22[0m | [1mINFO    [0m | [1m3.6T-NEW拆分家族分组批量未成Lane: split_count=2, sample_type=客户-真核普通转录组文库, imbalance_group=, 选中家族=16, lane_totals=[115.5, 115.5][0m
[32m2026-05-21 17:21:22[0m | [1mINFO    [0m | [1m3.6T-NEW拆分家族分组批量未成Lane: split_count=2, sample_type=客户-微生物常规小片段文库, imbalance_group=, 选中家族=2, lane_totals=[15.0, 15.0][0m
[32m2026-05-21 17:21:22[0m | [1mINFO    [0m | [1m3.6T-NEW拆分家族分组批量未成Lane: split_count=2, sample_type=客户-chip-seq文库, imbalance_group=, 选中家族=2, lane_totals=[10.0, 10.0][0m
[32m2026-05-21 17:21:22[0m | [1mINFO    [0m | [1m3.6T-NEW拆分家族分组批量未成Lane: split_count=2, sample_type=客户-动植物全基因组重测序文库, imbalance_group=, 选中家族=5, lane_totals=[19.0, 19.0][0m
[32m2026-05-21 17:21:22[0m | [1mINFO    [0m | [1m3.6T-NEW拆分家族分组批量未成Lane: split_count=2, sample_type=客户-meta文库, imbalance_group=, 选中家族=1, lane_totals=[2.6, 2.6][0m
[32m2026-05-21 17:21:22[0m | [1mINFO    [0m | [1m3.6T-NEW拆分家族分组批量未成Lane: split_count=2, sample_type=客户-其他碱基均衡文库, imbalance_group=, 选中家族=1, lane_totals=[2.5, 2.5][0m
[32m2026-05-21 17:21:22[0m | [1mINFO    [0m | [1m3.6T-NEW拆分家族分组批量未成Lane: split_count=2, sample_type=外显子文库, imbalance_group=, 选中家族=1, lane_totals=[24.0, 24.0][0m
[32m2026-05-21 17:21:22[0m | [1mINFO    [0m | [1m3.6T-NEW拆分家族分组批量未成Lane: split_count=2, sample_type=dna小片段文库, imbalance_group=, 选中家族=17, lane_totals=[60.337, 60.337][0m
[32m2026-05-21 17:21:22[0m | [1mINFO    [0m | [1m3.6T-NEW拆分家族分组批量未成Lane: split_count=2, sample_type=vip-真核普通转录组文库, imbalance_group=, 选中家族=8, lane_totals=[22.215, 22.215][0m
[32m2026-05-21 17:21:22[0m | [1mINFO    [0m | [1m3.6T-NEW拆分家族分组批量未成Lane: split_count=2, sample_type=vip-meta文库, imbalance_group=, 选中家族=2, lane_totals=[6.305, 6.305][0m
[32m2026-05-21 17:21:22[0m | [1mINFO    [0m | [1m3.6T-NEW拆分片段分散成功: 拆分家族0个，生成0条Lane，每个家族每Lane最多1片[0m
[32m2026-05-21 17:21:22[0m | [1mINFO    [0m | [1m3.6T-NEW拆分家族原子分散失败: 257个原始文库回滚为未分配并禁止继续成Lane[0m
[32m2026-05-21 17:21:22[0m | [1mINFO    [0m | [1m处理机器类型 NovaSeq X Plus - 文库数: 10 - Lane容量: 1100GB, 利用率区间: [100%, 100%], 特殊文库上限: 350GB[0m
[32m2026-05-21 17:21:22[0m | [1mINFO    [0m | [1m碱基不均衡专用Lane策略: 6个碱基不均衡文库[0m
[32m2026-05-21 17:21:22[0m | [1mINFO    [0m | [1m专用Lane分组G29剩余合同量12.0G无法满足1.1或3.6T-NEW有效容量下限[0m
[32m2026-05-21 17:21:22[0m | [1mINFO    [0m | [1m专用Lane分组G36剩余合同量6.0G无法满足1.1或3.6T-NEW有效容量下限[0m
[32m2026-05-21 17:21:22[0m | [1mINFO    [0m | [1m形成0条专用Lane，剩余6个碱基不均衡文库[0m
[32m2026-05-21 17:21:22[0m | [1mINFO    [0m | [1m3.6T-NEW拆分家族分组批量未成Lane: split_count=2, sample_type=vip-真核普通转录组文库, imbalance_group=, 选中家族=2, lane_totals=[6.0, 6.0][0m
[32m2026-05-21 17:21:22[0m | [1mINFO    [0m | [1m3.6T-NEW拆分片段分散成功: 拆分家族0个，生成0条Lane，每个家族每Lane最多1片[0m
[32m2026-05-21 17:21:22[0m | [1mINFO    [0m | [1m3.6T-NEW拆分家族原子分散失败: 5个原始文库回滚为未分配并禁止继续成Lane[0m
[32m2026-05-21 17:21:22[0m | [1mINFO    [0m | [1m逐Lane贪心排机完成 - Lane数: 0, 已分配: 0/524, 未分配: 262, 平均利用率: 0.0%, 耗时: 0.22秒[0m
[32m2026-05-21 17:21:22[0m | [1mINFO    [0m | [1mIndex校验器初始化完成（真实数据验证版本）[0m
[32m2026-05-21 17:21:22[0m | [1mINFO    [0m | [1m成Lane校验程序初始化完成 (严格模式: False, 碱基不均衡上限: 35%, 特殊文库关键词: 9个)[0m
[32m2026-05-21 17:21:22[0m | [1mINFO    [0m | [1m最终验证结果: 0条Lane通过，262个文库未分配[0m
[32m2026-05-21 17:21:22[0m | [1mINFO    [0m | [1mwkspecialsplits边排边检查完成: 无需调整[0m
[32m2026-05-21 17:21:22[0m | [1mINFO    [0m | [1m验证完成：0条Lane通过验证[0m
[32m2026-05-21 17:21:22[0m | [1mINFO    [0m | [1m57规则二次改排救援已关闭，失败Lane文库回收到未分配池[0m
[32m2026-05-21 17:21:22[0m | [1mINFO    [0m | [1m高成本救援(EX/RB)跳过: 当前0条Lane通过验证，未分配池=262个/4750.2G，继续做高成本救援收益过低[0m
[32m2026-05-21 17:21:22[0m | [1mINFO    [0m | [1mIndex校验器初始化完成（真实数据验证版本）[0m
[32m2026-05-21 17:21:22[0m | [1mINFO    [0m | [1m成Lane校验程序初始化完成 (严格模式: True, 碱基不均衡上限: 35%, 特殊文库关键词: 9个)[0m
[32m2026-05-21 17:21:22[0m | [33m[1mWARNING [0m | [33m[1mLane DL_Nova X-25B_001 终态过滤淘汰: ['Lane有效数据量554.5G(原始554.5G+平衡0.0G)低于下限1995G，规则=tj_1595_mode_1_1_special_combo，需添加约1440.5G的文库'][0m
[32m2026-05-21 17:21:22[0m | [33m[1mWARNING [0m | [33m[1mLane GL_Nova X-25B_002 终态过滤淘汰: ['Lane有效数据量1191.2G(原始1191.2G+平衡0.0G)低于下限2095G，规则=tj_1595_mode_1_1，需添加约903.8G的文库'][0m
[32m2026-05-21 17:21:23[0m | [33m[1mWARNING [0m | [33m[1mLane GL_Nova X-25B_001 终态过滤淘汰: ['客户文库占比79.6%不符合规则(应<=50%或=100%)', '10bp Index占比22.2%低于40%要求', 'Lane有效数据量1115.9G(原始1115.9G+平衡0.0G)低于下限2095G，规则=tj_1595_mode_1_1，需添加约979.1G的文库'][0m
[32m2026-05-21 17:21:23[0m | [1mINFO    [0m | [1m
合并1条预构建Lane到最终结果（过滤掉3条未通过严格校验的预构建Lane）[0m
[32m2026-05-21 17:21:23[0m | [1mINFO    [0m | [1m最终Lane总数: 1 (预构建Lane: 1, 普通Lane: 0)[0m
[32m2026-05-21 17:21:23[0m | [1mINFO    [0m | [1m全局预拆分回滚完成: 262个原始文库因拆分子文库未全部成Lane而回滚[0m
[32m2026-05-21 17:21:23[0m | [1mINFO    [0m | [1m拆分失败回滚原始文库处理完成: 可回1.1候选=262个(合同量<=500.0G)，继续隔离=0个[0m
[32m2026-05-21 17:21:23[0m | [1mINFO    [0m | [1m补Lane尝试: variant=full_priority, lane_prefix=RM, pool_size=189, pool_data=2861.596G, prioritize_scattered_mix=True[0m
[32m2026-05-21 17:21:23[0m | [1mINFO    [0m | [1m补Lane尝试: variant=non_clinical_relaxed, lane_prefix=RM, pool_size=189, pool_data=2861.596G, prioritize_scattered_mix=False[0m
[32m2026-05-21 17:21:23[0m | [1mINFO    [0m | [1m补Lane尝试跳过: lane_prefix=RM, pool_size=14, pool_data=630.510G不足最小门槛2095.000G[0m
[32m2026-05-21 17:21:23[0m | [1mINFO    [0m | [1m补Lane尝试跳过: lane_prefix=GL, pool_size=14, pool_data=630.510G不足最小门槛2095.000G[0m
[32m2026-05-21 17:21:23[0m | [1mINFO    [0m | [1m剩余库分层重组搜索完成: 新增Lane=1 (大簇专项=0, 高约束专项=0, 专lane=0, 混排lane=1, 普通lane=0), 跳过拆分文库=0, 剩余未分配=14[0m
[32m2026-05-21 17:21:23[0m | [1mINFO    [0m | [1m脚本内置 Pooling 预测已停用，后续统一调用 prediction_delivery[0m
[32m2026-05-21 17:21:23[0m | [33m[1mWARNING [0m | [33m[1mLane RM_Nova X-25B_001 利用率异常: 228.83% (数据量=2231.09GB, 容量=975.00GB)[0m
[32m2026-05-21 17:21:23[0m | [1mINFO    [0m | [1mIndex校验器初始化完成（真实数据验证版本）[0m
[32m2026-05-21 17:21:23[0m | [1mINFO    [0m | [1m成Lane校验程序初始化完成 (严格模式: True, 碱基不均衡上限: 35%, 特殊文库关键词: 9个)[0m
[32m2026-05-21 17:21:23[0m | [1mINFO    [0m | [1m拆分回滚原始文库回流1.1启动: 候选262个，合同量阈值<=500.0G[0m
[32m2026-05-21 17:21:23[0m | [1mINFO    [0m | [1m
================================================================================[0m
[32m2026-05-21 17:21:23[0m | [1mINFO    [0m | [1m排机流程：纯规则排机[0m
[32m2026-05-21 17:21:23[0m | [1mINFO    [0m | [1m================================================================================[0m
[32m2026-05-21 17:21:23[0m | [1mINFO    [0m | [1mIndex校验器初始化完成（真实数据验证版本）[0m
[32m2026-05-21 17:21:23[0m | [1mINFO    [0m | [1mIndex校验器初始化完成（真实数据验证版本）[0m
[32m2026-05-21 17:21:23[0m | [1mINFO    [0m | [1m成Lane校验程序初始化完成 (严格模式: True, 碱基不均衡上限: 35%, 特殊文库关键词: 9个)[0m
[32m2026-05-21 17:21:23[0m | [33m[1mWARNING [0m | [33m[1mPooling配置表不存在: /data/work/yuyongpeng/liblane_v2_deepseek/data/wktype_pooling_config.xlsx，将使用默认策略[0m
[32m2026-05-21 17:21:23[0m | [1mINFO    [0m | [1m产出效率修正表不存在: /data/work/yuyongpeng/liblane_v2_deepseek/data/production_efficiency_correction.csv，跳过后校准[0m
[32m2026-05-21 17:21:23[0m | [33m[1mWARNING [0m | [33m[1m模型文件不存在: models/loutput_pre_lane_v5/lightgbm_model.pkl[0m
[32m2026-05-21 17:21:23[0m | [33m[1mWARNING [0m | [33m[1mloutput预测器不可用，将使用规则降级策略[0m
[32m2026-05-21 17:21:23[0m | [1mINFO    [0m | [1m逐Lane贪心排机器初始化完成 - 基础容量: 985.0GB, 利用率区间: [100%, 100%], 配置模式: 按机型自动[0m
[32m2026-05-21 17:21:23[0m | [1mINFO    [0m | [1m启用检查: Index=True, 碱基不均衡=True, 规则检查器=False[0m
[32m2026-05-21 17:21:23[0m | [1mINFO    [0m | [1m排机阶段：Pooling优化器已禁用（V6流程不需要）[0m
[32m2026-05-21 17:21:23[0m | [1mINFO    [0m | [1mIndex校验器初始化完成（真实数据验证版本）[0m
[32m2026-05-21 17:21:23[0m | [1mINFO    [0m | [1m成Lane校验程序初始化完成 (严格模式: True, 碱基不均衡上限: 35%, 特殊文库关键词: 9个)[0m
[32m2026-05-21 17:21:23[0m | [1mINFO    [0m | [1m严格校验容量区间改为按统一配置表动态解析[0m
[32m2026-05-21 17:21:23[0m | [1mINFO    [0m | [1m============================================================[0m
[32m2026-05-21 17:21:23[0m | [1mINFO    [0m | [1m[拆分] 开始文库拆分预处理[0m
[32m2026-05-21 17:21:23[0m | [1mINFO    [0m | [1m  拆分规则: 1.1模式文库（兼容旧名1.0）不拆分；3.6T-NEW模式按逗号识别index对数，单对index等效合同量 >130.0G 拆分[0m
[32m2026-05-21 17:21:23[0m | [1mINFO    [0m | [1m  最小保留数据量: >2.0G[0m
[32m2026-05-21 17:21:23[0m | [1mINFO    [0m | [1m------------------------------------------------------------[0m
[32m2026-05-21 17:21:23[0m | [1mINFO    [0m | [1m 拆分完成[0m
[32m2026-05-21 17:21:23[0m | [1mINFO    [0m | [1m  原始文库数: 262[0m
[32m2026-05-21 17:21:23[0m | [1mINFO    [0m | [1m  拆分文库数: 0[0m
[32m2026-05-21 17:21:23[0m | [1mINFO    [0m | [1m  最终文库数: 262[0m
[32m2026-05-21 17:21:23[0m | [1mINFO    [0m | [1m============================================================[0m
[32m2026-05-21 17:21:23[0m | [1mINFO    [0m | [1m主流程前置拆分完成: 无需拆分[0m
[32m2026-05-21 17:21:23[0m | [1mINFO    [0m | [1mPeak窗口混排预构Lane已按调用方要求关闭[0m
[32m2026-05-21 17:21:23[0m | [1mINFO    [0m | [1m开始逐Lane贪心排机 - 文库数: 262[0m
[32m2026-05-21 17:21:23[0m | [1mINFO    [0m | [1m预拆分完成: 使用外层已拆分文库[0m
[32m2026-05-21 17:21:23[0m | [1mINFO    [0m | [1m===== 批次全局分析报告 =====[0m
[32m2026-05-21 17:21:23[0m | [1mINFO    [0m | [1m机器类型: Nova X-25B[0m
[32m2026-05-21 17:21:23[0m | [1mINFO    [0m | [1m文库总数: 262[0m
[32m2026-05-21 17:21:23[0m | [1mINFO    [0m | [1m总数据量: 4750.2 GB[0m
[32m2026-05-21 17:21:23[0m | [1mINFO    [0m | [1m预估Lane数: 5~5[0m
[32m2026-05-21 17:21:23[0m | [1mINFO    [0m | [1m--- 特征标记 ---[0m
[32m2026-05-21 17:21:23[0m | [1mINFO    [0m | [1m  包Lane文库: 无[0m
[32m2026-05-21 17:21:23[0m | [1mINFO    [0m | [1m  碱基不均衡: 有[0m
[32m2026-05-21 17:21:23[0m | [1mINFO    [0m | [1m  客户文库:   无[0m
[32m2026-05-21 17:21:23[0m | [1mINFO    [0m | [1m  10bp文库:   有[0m
[32m2026-05-21 17:21:23[0m | [1mINFO    [0m | [1m  非10bp文库: 有[0m
[32m2026-05-21 17:21:23[0m | [1mINFO    [0m | [1m  特殊组合:   有[0m
[32m2026-05-21 17:21:23[0m | [1mINFO    [0m | [1m--- 分组画像 ---[0m
[32m2026-05-21 17:21:23[0m | [1mINFO    [0m | [1m  [imbalance] 碱基不均衡文库: 127个文库, 3744.5GB, 预估4~4条Lane[0m
[32m2026-05-21 17:21:23[0m | [1mINFO    [0m | [1m  [10bp] 10碱基文库: 175个文库, 3715.6GB, 预估4~4条Lane[0m
[32m2026-05-21 17:21:23[0m | [1mINFO    [0m | [1m  [special_combo_a] 10X 5端/VDJ组合: 14个文库, 289.4GB, 预估1~1条Lane[0m
[32m2026-05-21 17:21:23[0m | [1mINFO    [0m | [1m  [all] 全部文库: 262个文库, 4750.2GB, 预估5~5条Lane[0m
[32m2026-05-21 17:21:23[0m | [1mINFO    [0m | [1m  [special_combo_b] 10X 3端/Visium组合: 39个文库, 2033.3GB, 预估2~3条Lane[0m
[32m2026-05-21 17:21:23[0m | [1mINFO    [0m | [1m  [non_10bp] 非10碱基文库: 87个文库, 1034.6GB, 预估1~2条Lane[0m
[32m2026-05-21 17:21:23[0m | [1mINFO    [0m | [1m--- 专用Lane推荐 ---[0m
[32m2026-05-21 17:21:23[0m | [1mINFO    [0m | [1m  [imbalance] 碱基不均衡文库数据量充足，可包专用Lane避免混排占比限制 - 约3条Lane, 3744.5GB, 置信度: high[0m
[32m2026-05-21 17:21:23[0m | [1mINFO    [0m | [1m  [non_10bp] 非10bp文库集中排入专用Lane，避免触发10bp>=40%混排规则 - 约1条Lane, 1034.6GB, 置信度: medium[0m
[32m2026-05-21 17:21:23[0m | [1mINFO    [0m | [1m  [special_combo_b] 10X 3端/Visium文库可独占Lane（与5端互斥） - 约2条Lane, 2033.3GB, 置信度: high[0m
[32m2026-05-21 17:21:23[0m | [1mINFO    [0m | [1m--- 混排约束 ---[0m
[32m2026-05-21 17:21:23[0m | [1mINFO    [0m | [1m  [tj_1595_special_combo_groups_not_mixed] special_combo_a vs special_combo_b: 10X 5端/VDJ 与 10X 3端/Visium 文库不可混排，必须分开[0m
[32m2026-05-21 17:21:23[0m | [1mINFO    [0m | [1m  [imbalance_max_30pct] imbalance vs all: 碱基不均衡文库全局占比78.8%，超过30%上限，必须拆分为专用Lane[0m
[32m2026-05-21 17:21:23[0m | [1mINFO    [0m | [1m--- 尾部风险 ---[0m
[32m2026-05-21 17:21:23[0m | [1mINFO    [0m | [1m  [non_10bp] 非10碱基文库排完整Lane后剩余39.6GB，不足半Lane(498GB)，需要大文库骨架携带或混入散样Lane - 39.6GB, 87个, 严重程度: high[0m
[32m2026-05-21 17:21:23[0m | [1mINFO    [0m | [1m  [special_combo_a] 10X 5端/VDJ组合排完整Lane后剩余289.4GB，不足半Lane(485GB)，需要大文库骨架携带或混入散样Lane - 289.4GB, 14个, 严重程度: medium[0m
[32m2026-05-21 17:21:23[0m | [1mINFO    [0m | [1m  [special_combo_b] 10X 3端/Visium组合排完整Lane后剩余93.3GB，不足半Lane(485GB)，需要大文库骨架携带或混入散样Lane - 93.3GB, 39个, 严重程度: high[0m
[32m2026-05-21 17:21:23[0m | [1mINFO    [0m | [1m--- 策略建议 ---[0m
[32m2026-05-21 17:21:23[0m | [1mINFO    [0m | [1m  - 碱基不均衡文库数据量充足，优先形成专用Lane[0m
[32m2026-05-21 17:21:23[0m | [1mINFO    [0m | [1m  - 非10bp文库建议走专用Lane，避免10bp>=40%混排红线[0m
[32m2026-05-21 17:21:23[0m | [1mINFO    [0m | [1m  - 特殊10X组合文库应分别走专用Lane（互斥规则）[0m
[32m2026-05-21 17:21:23[0m | [1mINFO    [0m | [1m  - 存在2个高风险尾部分组，建议启用骨架预留(大带小)[0m
[32m2026-05-21 17:21:23[0m | [1mINFO    [0m | [1m===== 报告结束 =====[0m
[32m2026-05-21 17:21:23[0m | [1mINFO    [0m | [1m保留外部传入的策略执行计划，仅使用批次分析报告[0m
[32m2026-05-21 17:21:23[0m | [1mINFO    [0m | [1m处理机器类型 Nova X-25B - 文库数: 257 - Lane容量: 1050.0GB, 利用率区间: [100%, 100%], 特殊文库上限: 350GB[0m
[32m2026-05-21 17:21:23[0m | [1mINFO    [0m | [1m碱基不均衡专用Lane策略: 124个碱基不均衡文库[0m
[32m2026-05-21 17:21:23[0m | [1mINFO    [0m | [1m专用Lane分组G15剩余合同量400.0G无法满足1.1或3.6T-NEW有效容量下限[0m
[32m2026-05-21 17:21:23[0m | [1mINFO    [0m | [1m专用Lane分组G13剩余合同量50.0G无法满足1.1或3.6T-NEW有效容量下限[0m
[32m2026-05-21 17:21:23[0m | [1mINFO    [0m | [1m专用Lane分组G31剩余合同量30.0G无法满足1.1或3.6T-NEW有效容量下限[0m
[32m2026-05-21 17:21:23[0m | [1mINFO    [0m | [1m专用Lane分组G29剩余合同量160.0G无法满足1.1或3.6T-NEW有效容量下限[0m
[32m2026-05-21 17:21:23[0m | [1mINFO    [0m | [1m专用Lane分组G25剩余合同量164.0G无法满足1.1或3.6T-NEW有效容量下限[0m
[32m2026-05-21 17:21:23[0m | [1mINFO    [0m | [1m专用Lane分组G26剩余合同量132.0G无法满足1.1或3.6T-NEW有效容量下限[0m
[32m2026-05-21 17:21:23[0m | [1mINFO    [0m | [1m专用Lane分组G51剩余合同量12.0G无法满足1.1或3.6T-NEW有效容量下限[0m
[32m2026-05-21 17:21:23[0m | [1mINFO    [0m | [1m专用Lane分组G5剩余合同量200.5G无法满足1.1或3.6T-NEW有效容量下限[0m
[32m2026-05-21 17:21:23[0m | [1mINFO    [0m | [1m专用Lane分组G58剩余合同量310.0G无法满足1.1或3.6T-NEW有效容量下限[0m
[32m2026-05-21 17:21:23[0m | [1mINFO    [0m | [1m专用Lane分组G16剩余合同量30.0G无法满足1.1或3.6T-NEW有效容量下限[0m
[32m2026-05-21 17:21:23[0m | [1mINFO    [0m | [1m专用Lane分组G19剩余合同量70.0G无法满足1.1或3.6T-NEW有效容量下限[0m
[32m2026-05-21 17:21:23[0m | [1mINFO    [0m | [1m专用Lane分组G7剩余合同量60.9G无法满足1.1或3.6T-NEW有效容量下限[0m
[32m2026-05-21 17:21:23[0m | [1mINFO    [0m | [1m专用Lane分组G6剩余合同量28.1G无法满足1.1或3.6T-NEW有效容量下限[0m
[32m2026-05-21 17:21:23[0m | [1mINFO    [0m | [1m专用Lane分组G52剩余合同量39.8G无法满足1.1或3.6T-NEW有效容量下限[0m
[32m2026-05-21 17:21:23[0m | [1mINFO    [0m | [1m专用Lane分组G22剩余合同量6.0G无法满足1.1或3.6T-NEW有效容量下限[0m
[32m2026-05-21 17:21:23[0m | [1mINFO    [0m | [1m形成0条专用Lane，剩余124个碱基不均衡文库[0m
[32m2026-05-21 17:21:23[0m | [1mINFO    [0m | [1m第二轮排机: 257 个未分配文库（随机顺序）[0m
[32m2026-05-21 17:21:23[0m | [1mINFO    [0m | [1m第三轮排机: 257 个未分配文库（小文库优先）[0m
[32m2026-05-21 17:21:24[0m | [1mINFO    [0m | [1m连续5轮无新Lane且未分配池不变，提前结束无效重试[0m
[32m2026-05-21 17:21:24[0m | [1mINFO    [0m | [1m专用Lane分组G15剩余合同量400.0G无法满足1.1或3.6T-NEW有效容量下限[0m
[32m2026-05-21 17:21:24[0m | [1mINFO    [0m | [1m专用Lane分组G13剩余合同量50.0G无法满足1.1或3.6T-NEW有效容量下限[0m
[32m2026-05-21 17:21:24[0m | [1mINFO    [0m | [1m专用Lane分组G31剩余合同量30.0G无法满足1.1或3.6T-NEW有效容量下限[0m
[32m2026-05-21 17:21:24[0m | [1mINFO    [0m | [1m专用Lane分组G29剩余合同量160.0G无法满足1.1或3.6T-NEW有效容量下限[0m
[32m2026-05-21 17:21:24[0m | [1mINFO    [0m | [1m专用Lane分组G25剩余合同量164.0G无法满足1.1或3.6T-NEW有效容量下限[0m
[32m2026-05-21 17:21:24[0m | [1mINFO    [0m | [1m专用Lane分组G51剩余合同量12.0G无法满足1.1或3.6T-NEW有效容量下限[0m
[32m2026-05-21 17:21:24[0m | [1mINFO    [0m | [1m专用Lane分组G26剩余合同量132.0G无法满足1.1或3.6T-NEW有效容量下限[0m
[32m2026-05-21 17:21:24[0m | [1mINFO    [0m | [1m专用Lane分组G5剩余合同量200.5G无法满足1.1或3.6T-NEW有效容量下限[0m
[32m2026-05-21 17:21:24[0m | [1mINFO    [0m | [1m专用Lane分组G58剩余合同量310.0G无法满足1.1或3.6T-NEW有效容量下限[0m
[32m2026-05-21 17:21:24[0m | [1mINFO    [0m | [1m专用Lane分组G16剩余合同量30.0G无法满足1.1或3.6T-NEW有效容量下限[0m
[32m2026-05-21 17:21:24[0m | [1mINFO    [0m | [1m专用Lane分组G19剩余合同量70.0G无法满足1.1或3.6T-NEW有效容量下限[0m
[32m2026-05-21 17:21:24[0m | [1mINFO    [0m | [1m专用Lane分组G7剩余合同量60.9G无法满足1.1或3.6T-NEW有效容量下限[0m
[32m2026-05-21 17:21:24[0m | [1mINFO    [0m | [1m专用Lane分组G6剩余合同量28.1G无法满足1.1或3.6T-NEW有效容量下限[0m
[32m2026-05-21 17:21:24[0m | [1mINFO    [0m | [1m专用Lane分组G52剩余合同量39.8G无法满足1.1或3.6T-NEW有效容量下限[0m
[32m2026-05-21 17:21:24[0m | [1mINFO    [0m | [1m专用Lane分组G22剩余合同量6.0G无法满足1.1或3.6T-NEW有效容量下限[0m
[32m2026-05-21 17:21:24[0m | [1mINFO    [0m | [1m专用Lane创建完成: 0条Lane, 124个碱基不均衡文库待分配, 133个中性文库待分配[0m
[32m2026-05-21 17:21:24[0m | [1mINFO    [0m | [1m处理机器类型 NovaSeq X Plus - 文库数: 5 - Lane容量: 1100GB, 利用率区间: [100%, 100%], 特殊文库上限: 350GB[0m
[32m2026-05-21 17:21:24[0m | [1mINFO    [0m | [1m碱基不均衡专用Lane策略: 3个碱基不均衡文库[0m
[32m2026-05-21 17:21:24[0m | [1mINFO    [0m | [1m专用Lane分组G29剩余合同量12.0G无法满足1.1或3.6T-NEW有效容量下限[0m
[32m2026-05-21 17:21:24[0m | [1mINFO    [0m | [1m专用Lane分组G36剩余合同量6.0G无法满足1.1或3.6T-NEW有效容量下限[0m
[32m2026-05-21 17:21:24[0m | [1mINFO    [0m | [1m形成0条专用Lane，剩余3个碱基不均衡文库[0m
[32m2026-05-21 17:21:24[0m | [1mINFO    [0m | [1m剩余池总量30.0GB不足最小成Lane门槛995.0GB，跳过后续随机重试[0m
[32m2026-05-21 17:21:24[0m | [1mINFO    [0m | [1m专用Lane分组G29剩余合同量12.0G无法满足1.1或3.6T-NEW有效容量下限[0m
[32m2026-05-21 17:21:24[0m | [1mINFO    [0m | [1m专用Lane分组G36剩余合同量6.0G无法满足1.1或3.6T-NEW有效容量下限[0m
[32m2026-05-21 17:21:24[0m | [1mINFO    [0m | [1m专用Lane创建完成: 0条Lane, 3个碱基不均衡文库待分配, 2个中性文库待分配[0m
[32m2026-05-21 17:21:24[0m | [1mINFO    [0m | [1m逐Lane贪心排机完成 - Lane数: 0, 已分配: 0/262, 未分配: 262, 平均利用率: 0.0%, 耗时: 0.75秒[0m
[32m2026-05-21 17:21:24[0m | [1mINFO    [0m | [1mIndex校验器初始化完成（真实数据验证版本）[0m
[32m2026-05-21 17:21:24[0m | [1mINFO    [0m | [1m成Lane校验程序初始化完成 (严格模式: False, 碱基不均衡上限: 35%, 特殊文库关键词: 9个)[0m
[32m2026-05-21 17:21:24[0m | [1mINFO    [0m | [1m最终验证结果: 0条Lane通过，262个文库未分配[0m
[32m2026-05-21 17:21:24[0m | [1mINFO    [0m | [1mwkspecialsplits边排边检查完成: 无需调整[0m
[32m2026-05-21 17:21:24[0m | [1mINFO    [0m | [1m验证完成：0条Lane通过验证[0m
[32m2026-05-21 17:21:24[0m | [1mINFO    [0m | [1m57规则二次改排救援已关闭，失败Lane文库回收到未分配池[0m
[32m2026-05-21 17:21:24[0m | [1mINFO    [0m | [1m高成本救援(EX/RB)跳过: 当前0条Lane通过验证，未分配池=262个/4750.2G，继续做高成本救援收益过低[0m
[32m2026-05-21 17:21:24[0m | [1mINFO    [0m | [1m分层重组救援跳过: 当前0条Lane通过验证，未分配池=262个/4750.2G，跳过[0m
[32m2026-05-21 17:21:24[0m | [1mINFO    [0m | [1m剩余库分层重组搜索未新增Lane: 跳过拆分文库=0, 剩余未分配=262[0m
[32m2026-05-21 17:21:24[0m | [1mINFO    [0m | [1m脚本内置 Pooling 预测已停用，后续统一调用 prediction_delivery[0m
[32m2026-05-21 17:21:24[0m | [1mINFO    [0m | [1m拆分回滚原始文库回流1.1完成: 新增Lane=0，剩余未分配=262[0m
[32m2026-05-21 17:21:24[0m | [1mINFO    [0m | [1m排后包Lane校验通过[0m
[32m2026-05-21 17:21:24[0m | [1mINFO    [0m | [1m排后校验通过：包Lane编号文库拆分规则满足约束[0m
[32m2026-05-21 17:21:24[0m | [1mINFO    [0m | [1mIndex校验器初始化完成（真实数据验证版本）[0m
[32m2026-05-21 17:21:24[0m | [1mINFO    [0m | [1m成Lane校验程序初始化完成 (严格模式: True, 碱基不均衡上限: 35%, 特殊文库关键词: 9个)[0m
[32m2026-05-21 17:21:24[0m | [1mINFO    [0m | [1m排后包Lane校验通过[0m
[32m2026-05-21 17:21:24[0m | [1mINFO    [0m | [1mIndex校验器初始化完成（真实数据验证版本）[0m
[32m2026-05-21 17:21:24[0m | [1mINFO    [0m | [1m成Lane校验程序初始化完成 (严格模式: True, 碱基不均衡上限: 35%, 特殊文库关键词: 9个)[0m
[32m2026-05-21 17:21:24[0m | [1mINFO    [0m | [1m排后包Lane校验通过[0m
[32m2026-05-21 17:21:24[0m | [1mINFO    [0m | [1m排后校验通过：包Lane编号文库拆分规则满足约束[0m
[32m2026-05-21 17:21:25[0m | [1mINFO    [0m | [1m终态全局3.6混排未新增Lane: 剩余未分配=1067[0m
[32m2026-05-21 17:21:25[0m | [1mINFO    [0m | [1m终态文库类型碱基不均专Lane未成Lane: 文库类型=10X转录组-3'文库, 机型=Nova X-25B, 剩余文库=49, 剩余数据量=2575.0G, reason=no_valid_dedicated_imbalance_subset(best_shortage=0.0G,best_index_pairs=40, validation_top=[('no_balance_ratio', 4)]); g53_g54_fill=no_valid_g53_g54_fill_subset(best_total=0.0G,best_index_pairs=0, validation_top=[])[0m
[32m2026-05-21 17:21:26[0m | [1mINFO    [0m | [1m终态文库类型专池未成Lane: 文库类型=10X转录组-3'文库, 机型=Nova X-25B, 模式=3.6T-NEW, 剩余文库=49, 剩余数据量=2575.0G, reason=no_mode_eligible_libraries[0m
[32m2026-05-21 17:21:26[0m | [1mINFO    [0m | [1m终态文库类型专池未成Lane: 文库类型=DNA小片段文库, 机型=Nova X-25B, 模式=1.1, 剩余文库=504, 剩余数据量=1290.0G, reason=hard_skip_total_below_min(total=580.2G,min=2095.0G)[0m
[32m2026-05-21 17:21:26[0m | [1mINFO    [0m | [1m终态文库类型专池未成Lane: 文库类型=DNA小片段文库, 机型=Nova X-25B, 模式=3.6T-NEW, 剩余文库=504, 剩余数据量=1290.0G, reason=no_mode_eligible_libraries[0m
[32m2026-05-21 17:21:26[0m | [1mINFO    [0m | [1m终态文库类型专池未成Lane: 文库类型=VIP-真核普通转录组文库, 机型=Nova X-25B, 模式=1.1, 剩余文库=291, 剩余数据量=775.6G, reason=hard_skip_total_below_min(total=385.0G,min=2095.0G)[0m
[32m2026-05-21 17:21:26[0m | [1mINFO    [0m | [1m终态文库类型专池未成Lane: 文库类型=VIP-真核普通转录组文库, 机型=Nova X-25B, 模式=3.6T-NEW, 剩余文库=291, 剩余数据量=775.6G, reason=no_mode_eligible_libraries[0m
[32m2026-05-21 17:21:27[0m | [1mINFO    [0m | [1m终态文库类型碱基不均专Lane未成Lane: 文库类型=客户文库-10X Visium 文库, 机型=Nova X-25B, 剩余文库=5, 剩余数据量=400.0G, reason=hard_skip_total_below_min(total=400.0G,min=1995.0G); g53_g54_fill=no_valid_g53_g54_fill_subset(best_total=2099.3G,best_index_pairs=34, validation_top=[('no_balance_ratio', 3), ('分组54客户占比82.2%超过50%', 1), ('分组54客户占比70.0%超过50%', 1)])[0m
[32m2026-05-21 17:21:27[0m | [1mINFO    [0m | [1m终态文库类型专池未成Lane: 文库类型=客户文库-10X Visium 文库, 机型=Nova X-25B, 模式=3.6T-NEW, 剩余文库=5, 剩余数据量=400.0G, reason=no_mode_eligible_libraries[0m
[32m2026-05-21 17:21:27[0m | [1mINFO    [0m | [1m终态文库类型碱基不均专Lane未成Lane: 文库类型=10x HD Visium空间转录组文库(新), 机型=Nova X-25B, 剩余文库=3, 剩余数据量=310.0G, reason=hard_skip_total_below_min(total=310.0G,min=1990.2G); g53_g54_fill=no_valid_g53_g54_fill_subset(best_total=0.0G,best_index_pairs=0, validation_top=[])[0m
[32m2026-05-21 17:21:27[0m | [1mINFO    [0m | [1m终态文库类型专池未成Lane: 文库类型=10x HD Visium空间转录组文库(新), 机型=Nova X-25B, 模式=3.6T-NEW, 剩余文库=3, 剩余数据量=310.0G, reason=no_mode_eligible_libraries[0m
[32m2026-05-21 17:21:27[0m | [1mINFO    [0m | [1m终态文库类型专池未成Lane: 文库类型=客户-真核普通转录组文库, 机型=Nova X-25B, 模式=1.1, 剩余文库=18, 剩余数据量=244.0G, reason=hard_skip_total_below_min(total=244.0G,min=2095.0G)[0m
[32m2026-05-21 17:21:27[0m | [1mINFO    [0m | [1m终态文库类型专池未成Lane: 文库类型=客户-真核普通转录组文库, 机型=Nova X-25B, 模式=3.6T-NEW, 剩余文库=18, 剩余数据量=244.0G, reason=no_mode_eligible_libraries[0m
[32m2026-05-21 17:21:27[0m | [1mINFO    [0m | [1m终态文库类型碱基不均专Lane未成Lane: 文库类型=客户-PCR产物, 机型=Nova X-25B, 剩余文库=43, 剩余数据量=218.1G, reason=hard_skip_total_below_min(total=218.1G,min=1257.0G); g53_g54_fill=no_valid_g53_g54_fill_subset(best_total=0.0G,best_index_pairs=0, validation_top=[])[0m
[32m2026-05-21 17:21:27[0m | [1mINFO    [0m | [1m终态文库类型专池未成Lane: 文库类型=客户-PCR产物, 机型=Nova X-25B, 模式=3.6T-NEW, 剩余文库=43, 剩余数据量=218.1G, reason=no_mode_eligible_libraries[0m
[32m2026-05-21 17:21:27[0m | [1mINFO    [0m | [1m终态文库类型碱基不均专Lane未成Lane: 文库类型=10X转录组-5'文库, 机型=Nova X-25B, 剩余文库=4, 剩余数据量=204.2G, reason=hard_skip_total_below_min(total=204.2G,min=1995.0G); g53_g54_fill=no_valid_g53_g54_fill_subset(best_total=251.8G,best_index_pairs=9, validation_top=[])[0m
[32m2026-05-21 17:21:27[0m | [1mINFO    [0m | [1m终态文库类型专池未成Lane: 文库类型=10X转录组-5'文库, 机型=Nova X-25B, 模式=3.6T-NEW, 剩余文库=4, 剩余数据量=204.2G, reason=no_mode_eligible_libraries[0m
[32m2026-05-21 17:21:27[0m | [1mINFO    [0m | [1m终态文库类型碱基不均专Lane未成Lane: 文库类型=客户-ATAC-seq文库, 机型=Nova X-25B, 剩余文库=13, 剩余数据量=164.0G, reason=hard_skip_total_below_min(total=164.0G,min=1676.0G); g53_g54_fill=no_valid_g53_g54_fill_subset(best_total=0.0G,best_index_pairs=0, validation_top=[])[0m
[32m2026-05-21 17:21:27[0m | [1mINFO    [0m | [1m终态文库类型专池未成Lane: 文库类型=客户-ATAC-seq文库, 机型=Nova X-25B, 模式=3.6T-NEW, 剩余文库=13, 剩余数据量=164.0G, reason=no_mode_eligible_libraries[0m
[32m2026-05-21 17:21:27[0m | [1mINFO    [0m | [1m终态文库类型碱基不均专Lane未成Lane: 文库类型=客户-CUT-Tag文库, 机型=Nova X-25B, 剩余文库=27, 剩余数据量=141.3G, reason=hard_skip_total_below_min(total=141.3G,min=1676.0G); g53_g54_fill=no_valid_g53_g54_fill_subset(best_total=0.0G,best_index_pairs=0, validation_top=[])[0m
[32m2026-05-21 17:21:27[0m | [1mINFO    [0m | [1m终态文库类型专池未成Lane: 文库类型=客户-CUT-Tag文库, 机型=Nova X-25B, 模式=3.6T-NEW, 剩余文库=27, 剩余数据量=141.3G, reason=no_mode_eligible_libraries[0m
[32m2026-05-21 17:21:27[0m | [1mINFO    [0m | [1m终态文库类型专池未成Lane: 文库类型=外显子文库, 机型=Nova X-25B, 模式=1.1, 剩余文库=3, 剩余数据量=118.0G, reason=hard_skip_total_below_min(total=118.0G,min=2095.0G)[0m
[32m2026-05-21 17:21:27[0m | [1mINFO    [0m | [1m终态文库类型专池未成Lane: 文库类型=外显子文库, 机型=Nova X-25B, 模式=3.6T-NEW, 剩余文库=3, 剩余数据量=118.0G, reason=no_mode_eligible_libraries[0m
[32m2026-05-21 17:21:27[0m | [1mINFO    [0m | [1m终态文库类型碱基不均专Lane未成Lane: 文库类型=EM-Seq文库, 机型=Nova X-25B, 剩余文库=5, 剩余数据量=70.0G, reason=hard_skip_total_below_min(total=70.0G,min=2074.1G); g53_g54_fill=no_valid_g53_g54_fill_subset(best_total=0.0G,best_index_pairs=0, validation_top=[])[0m
[32m2026-05-21 17:21:27[0m | [1mINFO    [0m | [1m终态文库类型专池未成Lane: 文库类型=EM-Seq文库, 机型=Nova X-25B, 模式=3.6T-NEW, 剩余文库=5, 剩余数据量=70.0G, reason=no_mode_eligible_libraries[0m
[32m2026-05-21 17:21:27[0m | [1mINFO    [0m | [1m终态文库类型专池未成Lane: 文库类型=客户-Hi-C文库, 机型=Nova X-25B, 模式=1.1, 剩余文库=1, 剩余数据量=66.0G, reason=hard_skip_total_below_min(total=66.0G,min=2095.0G)[0m
[32m2026-05-21 17:21:27[0m | [1mINFO    [0m | [1m终态文库类型专池未成Lane: 文库类型=客户-Hi-C文库, 机型=Nova X-25B, 模式=3.6T-NEW, 剩余文库=1, 剩余数据量=66.0G, reason=no_mode_eligible_libraries[0m
[32m2026-05-21 17:21:27[0m | [1mINFO    [0m | [1m终态文库类型碱基不均专Lane未成Lane: 文库类型=10X转录组V(D)J-TCR文库, 机型=Nova X-25B, 剩余文库=7, 剩余数据量=60.9G, reason=hard_skip_total_below_min(total=60.9G,min=1995.0G); g53_g54_fill=no_valid_g53_g54_fill_subset(best_total=272.8G,best_index_pairs=12, validation_top=[])[0m
[32m2026-05-21 17:21:27[0m | [1mINFO    [0m | [1m终态文库类型专池未成Lane: 文库类型=10X转录组V(D)J-TCR文库, 机型=Nova X-25B, 模式=3.6T-NEW, 剩余文库=7, 剩余数据量=60.9G, reason=no_mode_eligible_libraries[0m
[32m2026-05-21 17:21:28[0m | [1mINFO    [0m | [1m终态文库类型碱基不均专Lane未成Lane: 文库类型=客户-10X转录组文库, 机型=Nova X-25B, 剩余文库=1, 剩余数据量=50.0G, reason=hard_skip_total_below_min(total=50.0G,min=2095.0G); g53_g54_fill=no_valid_g53_g54_fill_subset(best_total=0.0G,best_index_pairs=0, validation_top=[])[0m
[32m2026-05-21 17:21:28[0m | [1mINFO    [0m | [1m终态文库类型专池未成Lane: 文库类型=客户-10X转录组文库, 机型=Nova X-25B, 模式=3.6T-NEW, 剩余文库=1, 剩余数据量=50.0G, reason=no_mode_eligible_libraries[0m
[32m2026-05-21 17:21:28[0m | [1mINFO    [0m | [1m终态文库类型专池未成Lane: 文库类型=客户-动植物全基因组重测序文库, 机型=Nova X-25B, 模式=1.1, 剩余文库=6, 剩余数据量=44.0G, reason=hard_skip_total_below_min(total=44.0G,min=2095.0G)[0m
[32m2026-05-21 17:21:28[0m | [1mINFO    [0m | [1m终态文库类型专池未成Lane: 文库类型=客户-动植物全基因组重测序文库, 机型=Nova X-25B, 模式=3.6T-NEW, 剩余文库=6, 剩余数据量=44.0G, reason=no_mode_eligible_libraries[0m
[32m2026-05-21 17:21:28[0m | [1mINFO    [0m | [1m终态文库类型碱基不均专Lane未成Lane: 文库类型=RRBS文库, 机型=Nova X-25B, 剩余文库=7, 剩余数据量=39.8G, reason=hard_skip_total_below_min(total=39.8G,min=1780.8G); g53_g54_fill=no_valid_g53_g54_fill_subset(best_total=0.0G,best_index_pairs=0, validation_top=[])[0m
[32m2026-05-21 17:21:28[0m | [1mINFO    [0m | [1m终态文库类型专池未成Lane: 文库类型=RRBS文库, 机型=Nova X-25B, 模式=3.6T-NEW, 剩余文库=7, 剩余数据量=39.8G, reason=no_mode_eligible_libraries[0m
[32m2026-05-21 17:21:28[0m | [1mINFO    [0m | [1m终态文库类型碱基不均专Lane未成Lane: 文库类型=客户-单细胞文库, 机型=Nova X-25B, 剩余文库=5, 剩余数据量=34.0G, reason=hard_skip_total_below_min(total=34.0G,min=1843.6G); g53_g54_fill=no_valid_g53_g54_fill_subset(best_total=0.0G,best_index_pairs=0, validation_top=[])[0m
[32m2026-05-21 17:21:28[0m | [1mINFO    [0m | [1m终态文库类型专池未成Lane: 文库类型=客户-单细胞文库, 机型=Nova X-25B, 模式=3.6T-NEW, 剩余文库=5, 剩余数据量=34.0G, reason=no_mode_eligible_libraries[0m
[32m2026-05-21 17:21:28[0m | [1mINFO    [0m | [1m终态文库类型碱基不均专Lane未成Lane: 文库类型=10X转录组V(D)J-BCR文库, 机型=Nova X-25B, 剩余文库=8, 剩余数据量=32.8G, reason=hard_skip_total_below_min(total=32.8G,min=1995.0G); g53_g54_fill=no_valid_g53_g54_fill_subset(best_total=247.0G,best_index_pairs=13, validation_top=[])[0m
[32m2026-05-21 17:21:28[0m | [1mINFO    [0m | [1m终态文库类型专池未成Lane: 文库类型=10X转录组V(D)J-BCR文库, 机型=Nova X-25B, 模式=3.6T-NEW, 剩余文库=8, 剩余数据量=32.8G, reason=no_mode_eligible_libraries[0m
[32m2026-05-21 17:21:28[0m | [1mINFO    [0m | [1m终态文库类型专池未成Lane: 文库类型=客户-微生物常规小片段文库, 机型=Nova X-25B, 模式=1.1, 剩余文库=4, 剩余数据量=32.0G, reason=hard_skip_total_below_min(total=32.0G,min=2095.0G)[0m
[32m2026-05-21 17:21:28[0m | [1mINFO    [0m | [1m终态文库类型专池未成Lane: 文库类型=客户-微生物常规小片段文库, 机型=Nova X-25B, 模式=3.6T-NEW, 剩余文库=4, 剩余数据量=32.0G, reason=no_mode_eligible_libraries[0m
[32m2026-05-21 17:21:28[0m | [1mINFO    [0m | [1m终态文库类型专池未成Lane: 文库类型=VIP-真核普通转录组文库, 机型=NovaSeq X Plus, 模式=1.1, 剩余文库=11, 剩余数据量=31.0G, reason=hard_skip_total_below_min(total=31.0G,min=2095.0G)[0m
[32m2026-05-21 17:21:28[0m | [1mINFO    [0m | [1m终态文库类型专池未成Lane: 文库类型=VIP-真核普通转录组文库, 机型=NovaSeq X Plus, 模式=3.6T-NEW, 剩余文库=11, 剩余数据量=31.0G, reason=no_mode_eligible_libraries[0m
[32m2026-05-21 17:21:28[0m | [1mINFO    [0m | [1m终态文库类型碱基不均专Lane未成Lane: 文库类型=ATAC-seq文库, 机型=Nova X-25B, 剩余文库=1, 剩余数据量=30.0G, reason=hard_skip_total_below_min(total=30.0G,min=1676.0G); g53_g54_fill=no_valid_g53_g54_fill_subset(best_total=0.0G,best_index_pairs=0, validation_top=[])[0m
[32m2026-05-21 17:21:28[0m | [1mINFO    [0m | [1m终态文库类型专池未成Lane: 文库类型=ATAC-seq文库, 机型=Nova X-25B, 模式=3.6T-NEW, 剩余文库=1, 剩余数据量=30.0G, reason=no_mode_eligible_libraries[0m
[32m2026-05-21 17:21:28[0m | [1mINFO    [0m | [1m终态文库类型专池未成Lane: 文库类型=客户-small RNA文库, 机型=Nova X-25B, 模式=1.1, 剩余文库=5, 剩余数据量=24.0G, reason=hard_skip_total_below_min(total=24.0G,min=2095.0G)[0m
[32m2026-05-21 17:21:28[0m | [1mINFO    [0m | [1m终态文库类型专池未成Lane: 文库类型=客户-small RNA文库, 机型=Nova X-25B, 模式=3.6T-NEW, 剩余文库=5, 剩余数据量=24.0G, reason=no_mode_eligible_libraries[0m
[32m2026-05-21 17:21:28[0m | [1mINFO    [0m | [1m终态文库类型专池未成Lane: 文库类型=客户-Chip-seq文库, 机型=Nova X-25B, 模式=1.1, 剩余文库=5, 剩余数据量=23.8G, reason=hard_skip_total_below_min(total=23.8G,min=2095.0G)[0m
[32m2026-05-21 17:21:28[0m | [1mINFO    [0m | [1m终态文库类型专池未成Lane: 文库类型=客户-Chip-seq文库, 机型=Nova X-25B, 模式=3.6T-NEW, 剩余文库=5, 剩余数据量=23.8G, reason=no_mode_eligible_libraries[0m
[32m2026-05-21 17:21:28[0m | [1mINFO    [0m | [1m终态文库类型专池未成Lane: 文库类型=VIP-Meta文库, 机型=Nova X-25B, 模式=1.1, 剩余文库=6, 剩余数据量=21.8G, reason=hard_skip_total_below_min(total=21.8G,min=2095.0G)[0m
[32m2026-05-21 17:21:28[0m | [1mINFO    [0m | [1m终态文库类型专池未成Lane: 文库类型=VIP-Meta文库, 机型=Nova X-25B, 模式=3.6T-NEW, 剩余文库=6, 剩余数据量=21.8G, reason=no_mode_eligible_libraries[0m
[32m2026-05-21 17:21:28[0m | [1mINFO    [0m | [1m终态文库类型专池未成Lane: 文库类型=动植物全基因组重测序文库, 机型=Nova X-25B, 模式=1.1, 剩余文库=5, 剩余数据量=15.2G, reason=hard_skip_total_below_min(total=15.2G,min=2095.0G)[0m
[32m2026-05-21 17:21:28[0m | [1mINFO    [0m | [1m终态文库类型专池未成Lane: 文库类型=动植物全基因组重测序文库, 机型=Nova X-25B, 模式=3.6T-NEW, 剩余文库=5, 剩余数据量=15.2G, reason=no_mode_eligible_libraries[0m
[32m2026-05-21 17:21:28[0m | [1mINFO    [0m | [1m终态文库类型碱基不均专Lane未成Lane: 文库类型=客户-10X 3 单细胞转录组文库, 机型=Nova X-25B, 剩余文库=1, 剩余数据量=12.8G, reason=hard_skip_total_below_min(total=12.8G,min=1995.0G); g53_g54_fill=no_valid_g53_g54_fill_subset(best_total=0.0G,best_index_pairs=0, validation_top=[])[0m
[32m2026-05-21 17:21:28[0m | [1mINFO    [0m | [1m终态文库类型专池未成Lane: 文库类型=客户-10X 3 单细胞转录组文库, 机型=Nova X-25B, 模式=3.6T-NEW, 剩余文库=1, 剩余数据量=12.8G, reason=no_mode_eligible_libraries[0m
[32m2026-05-21 17:21:28[0m | [1mINFO    [0m | [1m终态文库类型碱基不均专Lane未成Lane: 文库类型=客户-CUT-RUN文库, 机型=Nova X-25B, 剩余文库=2, 剩余数据量=12.0G, reason=hard_skip_total_below_min(total=12.0G,min=1676.0G); g53_g54_fill=no_valid_g53_g54_fill_subset(best_total=0.0G,best_index_pairs=0, validation_top=[])[0m
[32m2026-05-21 17:21:28[0m | [1mINFO    [0m | [1m终态文库类型专池未成Lane: 文库类型=客户-CUT-RUN文库, 机型=Nova X-25B, 模式=3.6T-NEW, 剩余文库=2, 剩余数据量=12.0G, reason=no_mode_eligible_libraries[0m
[32m2026-05-21 17:21:28[0m | [1mINFO    [0m | [1m终态文库类型碱基不均专Lane未成Lane: 文库类型=客户-PCR产物, 机型=NovaSeq X Plus, 剩余文库=2, 剩余数据量=12.0G, reason=hard_skip_total_below_min(total=12.0G,min=1257.0G); g53_g54_fill=no_valid_g53_g54_fill_subset(best_total=0.0G,best_index_pairs=0, validation_top=[])[0m
[32m2026-05-21 17:21:28[0m | [1mINFO    [0m | [1m终态文库类型专池未成Lane: 文库类型=客户-PCR产物, 机型=NovaSeq X Plus, 模式=3.6T-NEW, 剩余文库=2, 剩余数据量=12.0G, reason=no_mode_eligible_libraries[0m
[32m2026-05-21 17:21:28[0m | [1mINFO    [0m | [1m终态文库类型碱基不均专Lane未成Lane: 文库类型=客户-扩增子文库, 机型=NovaSeq X Plus, 剩余文库=2, 剩余数据量=10.0G, reason=hard_skip_total_below_min(total=10.0G,min=1466.5G); g53_g54_fill=no_valid_g53_g54_fill_subset(best_total=0.0G,best_index_pairs=0, validation_top=[])[0m
[32m2026-05-21 17:21:28[0m | [1mINFO    [0m | [1m终态文库类型专池未成Lane: 文库类型=客户-扩增子文库, 机型=NovaSeq X Plus, 模式=3.6T-NEW, 剩余文库=2, 剩余数据量=10.0G, reason=no_mode_eligible_libraries[0m
[32m2026-05-21 17:21:28[0m | [1mINFO    [0m | [1m终态文库类型专池未成Lane: 文库类型=真核链特异性转录组文库, 机型=Nova X-25B, 模式=1.1, 剩余文库=6, 剩余数据量=8.4G, reason=hard_skip_total_below_min(total=8.4G,min=2095.0G)[0m
[32m2026-05-21 17:21:28[0m | [1mINFO    [0m | [1m终态文库类型专池未成Lane: 文库类型=真核链特异性转录组文库, 机型=Nova X-25B, 模式=3.6T-NEW, 剩余文库=6, 剩余数据量=8.4G, reason=no_mode_eligible_libraries[0m
[32m2026-05-21 17:21:28[0m | [1mINFO    [0m | [1m终态文库类型碱基不均专Lane未成Lane: 文库类型=单细胞文库, 机型=Nova X-25B, 剩余文库=1, 剩余数据量=6.0G, reason=hard_skip_total_below_min(total=6.0G,min=1843.6G); g53_g54_fill=no_valid_g53_g54_fill_subset(best_total=0.0G,best_index_pairs=0, validation_top=[])[0m
[32m2026-05-21 17:21:28[0m | [1mINFO    [0m | [1m终态文库类型专池未成Lane: 文库类型=单细胞文库, 机型=Nova X-25B, 模式=3.6T-NEW, 剩余文库=1, 剩余数据量=6.0G, reason=no_mode_eligible_libraries[0m
[32m2026-05-21 17:21:28[0m | [1mINFO    [0m | [1m终态文库类型专池未成Lane: 文库类型=客户-其他碱基均衡文库, 机型=Nova X-25B, 模式=1.1, 剩余文库=2, 剩余数据量=5.8G, reason=hard_skip_total_below_min(total=5.8G,min=2095.0G)[0m
[32m2026-05-21 17:21:28[0m | [1mINFO    [0m | [1m终态文库类型专池未成Lane: 文库类型=客户-其他碱基均衡文库, 机型=Nova X-25B, 模式=3.6T-NEW, 剩余文库=2, 剩余数据量=5.8G, reason=no_mode_eligible_libraries[0m
[32m2026-05-21 17:21:28[0m | [1mINFO    [0m | [1m终态文库类型专池未成Lane: 文库类型=客户-Meta文库, 机型=Nova X-25B, 模式=1.1, 剩余文库=1, 剩余数据量=5.2G, reason=hard_skip_total_below_min(total=5.2G,min=2095.0G)[0m
[32m2026-05-21 17:21:28[0m | [1mINFO    [0m | [1m终态文库类型专池未成Lane: 文库类型=客户-Meta文库, 机型=Nova X-25B, 模式=3.6T-NEW, 剩余文库=1, 剩余数据量=5.2G, reason=no_mode_eligible_libraries[0m
[32m2026-05-21 17:21:28[0m | [1mINFO    [0m | [1m终态文库类型专池未成Lane: 文库类型=客户-人重测序文库, 机型=Nova X-25B, 模式=1.1, 剩余文库=1, 剩余数据量=4.4G, reason=hard_skip_total_below_min(total=4.4G,min=2095.0G)[0m
[32m2026-05-21 17:21:28[0m | [1mINFO    [0m | [1m终态文库类型专池未成Lane: 文库类型=客户-人重测序文库, 机型=Nova X-25B, 模式=3.6T-NEW, 剩余文库=1, 剩余数据量=4.4G, reason=no_mode_eligible_libraries[0m
[32m2026-05-21 17:21:28[0m | [1mINFO    [0m | [1m终态文库类型碱基不均专Lane未成Lane: 文库类型=客户-扩增子文库, 机型=Nova X-25B, 剩余文库=2, 剩余数据量=4.0G, reason=hard_skip_total_below_min(total=4.0G,min=1466.5G); g53_g54_fill=no_valid_g53_g54_fill_subset(best_total=0.0G,best_index_pairs=0, validation_top=[])[0m
[32m2026-05-21 17:21:28[0m | [1mINFO    [0m | [1m终态文库类型专池未成Lane: 文库类型=客户-扩增子文库, 机型=Nova X-25B, 模式=3.6T-NEW, 剩余文库=2, 剩余数据量=4.0G, reason=no_mode_eligible_libraries[0m
[32m2026-05-21 17:21:28[0m | [1mINFO    [0m | [1m终态文库类型专池未成Lane: 文库类型=Lnc互作文库, 机型=Nova X-25B, 模式=1.1, 剩余文库=1, 剩余数据量=2.3G, reason=hard_skip_total_below_min(total=2.3G,min=2095.0G)[0m
[32m2026-05-21 17:21:28[0m | [1mINFO    [0m | [1m终态文库类型专池未成Lane: 文库类型=Lnc互作文库, 机型=Nova X-25B, 模式=3.6T-NEW, 剩余文库=1, 剩余数据量=2.3G, reason=no_mode_eligible_libraries[0m
[32m2026-05-21 17:21:28[0m | [1mINFO    [0m | [1m终态文库类型专池未成Lane: 文库类型=动植物全基因组重测序文库, 机型=NovaSeq X Plus, 模式=1.1, 剩余文库=1, 剩余数据量=2.0G, reason=hard_skip_total_below_min(total=2.0G,min=2095.0G)[0m
[32m2026-05-21 17:21:28[0m | [1mINFO    [0m | [1m终态文库类型专池未成Lane: 文库类型=动植物全基因组重测序文库, 机型=NovaSeq X Plus, 模式=3.6T-NEW, 剩余文库=1, 剩余数据量=2.0G, reason=no_mode_eligible_libraries[0m
[32m2026-05-21 17:21:28[0m | [1mINFO    [0m | [1m终态文库类型专池未成Lane: 文库类型=Hi-C文库(细胞和动物组织4碱基), 机型=Nova X-25B, 模式=1.1, 剩余文库=1, 剩余数据量=1.7G, reason=hard_skip_total_below_min(total=1.7G,min=2095.0G)[0m
[32m2026-05-21 17:21:28[0m | [1mINFO    [0m | [1m终态文库类型专池未成Lane: 文库类型=Hi-C文库(细胞和动物组织4碱基), 机型=Nova X-25B, 模式=3.6T-NEW, 剩余文库=1, 剩余数据量=1.7G, reason=no_mode_eligible_libraries[0m
[32m2026-05-21 17:21:28[0m | [1mINFO    [0m | [1m终态文库类型专池未成Lane: 文库类型=微生物常规小片段文库, 机型=Nova X-25B, 模式=1.1, 剩余文库=2, 剩余数据量=1.6G, reason=hard_skip_total_below_min(total=1.6G,min=2095.0G)[0m
[32m2026-05-21 17:21:28[0m | [1mINFO    [0m | [1m终态文库类型专池未成Lane: 文库类型=微生物常规小片段文库, 机型=Nova X-25B, 模式=3.6T-NEW, 剩余文库=2, 剩余数据量=1.6G, reason=no_mode_eligible_libraries[0m
[32m2026-05-21 17:21:28[0m | [1mINFO    [0m | [1m终态文库类型专池未成Lane: 文库类型=Meta文库, 机型=Nova X-25B, 模式=1.1, 剩余文库=1, 剩余数据量=1.0G, reason=hard_skip_total_below_min(total=1.0G,min=2095.0G)[0m
[32m2026-05-21 17:21:28[0m | [1mINFO    [0m | [1m终态文库类型专池未成Lane: 文库类型=Meta文库, 机型=Nova X-25B, 模式=3.6T-NEW, 剩余文库=1, 剩余数据量=1.0G, reason=no_mode_eligible_libraries[0m
[32m2026-05-21 17:21:28[0m | [1mINFO    [0m | [1m终态文库类型碱基不均专Lane未成Lane: 文库类型=PCR-free (PCR产物单建), 机型=Nova X-25B, 剩余文库=1, 剩余数据量=1.0G, reason=hard_skip_total_below_min(total=1.0G,min=2095.0G); g53_g54_fill=no_valid_g53_g54_fill_subset(best_total=0.0G,best_index_pairs=0, validation_top=[])[0m
[32m2026-05-21 17:21:28[0m | [1mINFO    [0m | [1m终态文库类型专池未成Lane: 文库类型=PCR-free (PCR产物单建), 机型=Nova X-25B, 模式=3.6T-NEW, 剩余文库=1, 剩余数据量=1.0G, reason=no_mode_eligible_libraries[0m
[32m2026-05-21 17:21:28[0m | [1mINFO    [0m | [1m终态文库类型专池未成Lane: 文库类型=Lnc非互作文库, 机型=Nova X-25B, 模式=1.1, 剩余文库=1, 剩余数据量=0.8G, reason=hard_skip_total_below_min(total=0.8G,min=2095.0G)[0m
[32m2026-05-21 17:21:28[0m | [1mINFO    [0m | [1m终态文库类型专池未成Lane: 文库类型=Lnc非互作文库, 机型=Nova X-25B, 模式=3.6T-NEW, 剩余文库=1, 剩余数据量=0.8G, reason=no_mode_eligible_libraries[0m
[32m2026-05-21 17:21:28[0m | [1mINFO    [0m | [1m终态文库类型专池未成Lane: 文库类型=客户-动植物全基因组重测序文库, 机型=NovaSeq X Plus, 模式=1.1, 剩余文库=1, 剩余数据量=0.8G, reason=hard_skip_total_below_min(total=0.8G,min=2095.0G)[0m
[32m2026-05-21 17:21:28[0m | [1mINFO    [0m | [1m终态文库类型专池未成Lane: 文库类型=客户-动植物全基因组重测序文库, 机型=NovaSeq X Plus, 模式=3.6T-NEW, 剩余文库=1, 剩余数据量=0.8G, reason=no_mode_eligible_libraries[0m
[32m2026-05-21 17:21:28[0m | [1mINFO    [0m | [1m终态文库类型碱基不均专Lane未成Lane: 文库类型=CUT Tag文库（细胞）, 机型=Nova X-25B, 剩余文库=1, 剩余数据量=0.5G, reason=hard_skip_total_below_min(total=0.5G,min=1676.0G); g53_g54_fill=no_valid_g53_g54_fill_subset(best_total=0.0G,best_index_pairs=0, validation_top=[])[0m
[32m2026-05-21 17:21:28[0m | [1mINFO    [0m | [1m终态文库类型专池未成Lane: 文库类型=CUT Tag文库（细胞）, 机型=Nova X-25B, 模式=3.6T-NEW, 剩余文库=1, 剩余数据量=0.5G, reason=no_mode_eligible_libraries[0m
[32m2026-05-21 17:21:28[0m | [1mINFO    [0m | [1m终态文库类型专池增量未新增Lane: 跳过拆分规则文库=0，跳过不支持机型=0，剩余未分配=1067[0m
[32m2026-05-21 17:21:28[0m | [1mINFO    [0m | [1mIndex校验器初始化完成（真实数据验证版本）[0m
[32m2026-05-21 17:21:28[0m | [1mINFO    [0m | [1m成Lane校验程序初始化完成 (严格模式: True, 碱基不均衡上限: 35%, 特殊文库关键词: 9个)[0m
[32m2026-05-21 17:21:28[0m | [1mINFO    [0m | [1mIndex校验器初始化完成（真实数据验证版本）[0m
[32m2026-05-21 17:21:28[0m | [1mINFO    [0m | [1m成Lane校验程序初始化完成 (严格模式: True, 碱基不均衡上限: 35%, 特殊文库关键词: 9个)[0m
[32m2026-05-21 17:21:28[0m | [1mINFO    [0m | [1m1.1首轮Lane加测/混合封顶生效: lane=RM_Nova X-25B_001, 保留147.8G, 回退12个/151.0G到未分配池 (单Lane上限150.0G)[0m
[32m2026-05-21 17:21:28[0m | [1mINFO    [0m | [1m最终导出前1.1单Lane加测/混合封顶完成: 调整Lane=1, 回退文库=12个/151.0G[0m
[32m2026-05-21 17:21:28[0m | [33m[1mWARNING [0m | [33m[1mLane RM_Nova X-25B_001 终态过滤淘汰: ['客户文库占比52.3%不符合规则(应<=50%或=100%)', 'Lane有效数据量2080.0G(原始2080.0G+平衡0.0G)低于下限2095G，规则=tj_1595_mode_1_1，需添加约15.0G的文库'][0m
[32m2026-05-21 17:21:28[0m | [33m[1mWARNING [0m | [33m[1m终态总复核淘汰Lane RM_Nova X-25B_001: 回收163个原始文库到未分配池[0m
[32m2026-05-21 17:21:28[0m | [1mINFO    [0m | [1m终态总复核完成: 淘汰1条不合规非包Lane，回收163个文库到未分配池，当前有效Lane=1，未分配=1242[0m
[32m2026-05-21 17:21:28[0m | [33m[1mWARNING [0m | [33m[1m最终导出前1.1封顶后二次总复核: 淘汰1条不合规Lane，回收163个文库[0m
[32m2026-05-21 17:21:29[0m | [1mINFO    [0m | [1m补Lane尝试: variant=full_priority, lane_prefix=RM, pool_size=980, pool_data=4588.641G, prioritize_scattered_mix=True[0m
[32m2026-05-21 17:21:29[0m | [1mINFO    [0m | [1m补Lane尝试: variant=non_clinical_relaxed, lane_prefix=RM, pool_size=980, pool_data=4588.641G, prioritize_scattered_mix=False[0m
[32m2026-05-21 17:21:33[0m | [1mINFO    [0m | [1m补Lane尝试: variant=full_priority, lane_prefix=RM, pool_size=501, pool_data=2354.073G, prioritize_scattered_mix=True[0m
[32m2026-05-21 17:21:33[0m | [1mINFO    [0m | [1m补Lane尝试: variant=non_clinical_relaxed, lane_prefix=RM, pool_size=501, pool_data=2354.073G, prioritize_scattered_mix=False[0m
[32m2026-05-21 17:21:39[0m | [1mINFO    [0m | [1m补Lane跳过汇总: lane_prefix=RM, machine=Nova X-25B, reason_top=[总量0.8G低于最小门槛2095.0Gx13, 总量6.0G低于最小门槛2095.0Gx5, 总量4.0G低于最小门槛1257.0Gx3, 总量4.0G低于最小门槛2095.0Gx3][0m
[32m2026-05-21 17:21:39[0m | [1mINFO    [0m | [1m补Lane尝试: variant=full_priority, lane_prefix=GL, pool_size=501, pool_data=2354.073G, prioritize_scattered_mix=True[0m
[32m2026-05-21 17:21:39[0m | [1mINFO    [0m | [1m补Lane尝试: variant=non_clinical_relaxed, lane_prefix=GL, pool_size=501, pool_data=2354.073G, prioritize_scattered_mix=False[0m
[32m2026-05-21 17:21:46[0m | [1mINFO    [0m | [1m补Lane跳过汇总: lane_prefix=GL, machine=Nova X-25B, reason_top=[总量0.8G低于最小门槛2095.0Gx13, 总量6.0G低于最小门槛2095.0Gx5, 总量4.0G低于最小门槛1257.0Gx3, 总量4.0G低于最小门槛2095.0Gx3][0m
[32m2026-05-21 17:21:46[0m | [1mINFO    [0m | [1m最终导出前1.1封顶回收池重组补Lane完成: 新增Lane=1 (大簇专项=0, 混排lane=1, 普通lane=0), 剩余未分配=763[0m
[32m2026-05-21 17:21:46[0m | [1mINFO    [0m | [1m1.1首轮Lane加测/混合封顶生效: lane=RM_Nova X-25B_001, 保留150.0G, 回退367个/847.6G到未分配池 (单Lane上限150.0G)[0m
[32m2026-05-21 17:21:46[0m | [1mINFO    [0m | [1m最终导出前1.1回收池重组后单Lane加测/混合封顶完成: 调整Lane=1, 回退文库=367个/847.6G[0m
[32m2026-05-21 17:21:46[0m | [33m[1mWARNING [0m | [33m[1mLane RM_Nova X-25B_001 终态过滤淘汰: ['客户文库占比51.0%不符合规则(应<=50%或=100%)', 'Lane有效数据量1387.0G(原始1387.0G+平衡0.0G)低于下限2095G，规则=tj_1595_mode_1_1，需添加约708.0G的文库'][0m
[32m2026-05-21 17:21:46[0m | [33m[1mWARNING [0m | [33m[1m终态总复核淘汰Lane RM_Nova X-25B_001: 回收112个原始文库到未分配池[0m
[32m2026-05-21 17:21:46[0m | [1mINFO    [0m | [1m终态总复核完成: 淘汰1条不合规非包Lane，回收112个文库到未分配池，当前有效Lane=1，未分配=1242[0m
[32m2026-05-21 17:21:46[0m | [33m[1mWARNING [0m | [33m[1m最终导出前1.1回收池重组后封顶后二次总复核: 淘汰1条不合规Lane，回收112个文库[0m
[32m2026-05-21 17:21:46[0m | [1mINFO    [0m | [1marrange 收集排机结果，用于后续 prediction_delivery 预测[0m
[32m2026-05-21 17:21:46[0m | [33m[1mWARNING [0m | [33m[1m排机规则映射文件不存在，跳过显式排机规则解析: /data/work/yuyongpeng/liblane_v2_deepseek/paiji_complete2/merge_deal/config[0m
[32m2026-05-21 17:21:46[0m | [1mINFO    [0m | [1marrange Lane GL_Nova X-25B_001 排机浓度规则命中: no_loading_concentration_rule_matched, lsjnd=[0m
[32m2026-05-21 17:21:46[0m | [1mINFO    [0m | [1marrange Lane GL_Nova X-25B_001 输出规则命中: tj_1595_mode_1_1, lsjfs=25B, lcxms=1.1[0m
[32m2026-05-21 17:21:46[0m | [1mINFO    [0m | [1marrange Lane GL_Nova X-25B_001 显式排机规则: P7P5[0m
/data/work/yuyongpeng/liblane_v2_deepseek/paiji_complete2/paiji_complete/arrange_library/arrange_library_model6.py:14705: FutureWarning: Downcasting object dtype arrays on .fillna, .ffill, .bfill is deprecated and will change in a future version. Call result.infer_objects(copy=False) instead. To opt-in to the future behavior, set `pd.set_option('future.no_silent_downcasting', True)`
  balance_mask = df[BALANCE_LIBRARY_MARKER_COLUMN].fillna(False).astype(bool)
[32m2026-05-21 17:21:46[0m | [1mINFO    [0m | [1m明细输出完成: arrange_library/280_sta_1500_arrange.csv[0m
[32m2026-05-21 17:21:46[0m | [1mINFO    [0m | [1m
================================================================================[0m
[32m2026-05-21 17:21:46[0m | [1mINFO    [0m | [1m步骤3: 跳过 prediction_delivery，保留下单量/预测产出空字段[0m
[32m2026-05-21 17:21:46[0m | [1mINFO    [0m | [1m================================================================================[0m
[32m2026-05-21 17:21:47[0m | [1mINFO    [0m | [1m已跳过 prediction_delivery 模型预测，输出保留下单量/预测产出字段空值: arrange_library/280_sta_1500_arrange.csv[0m
[32m2026-05-21 17:21:47[0m | [1mINFO    [0m | [1m输出后处理完成: 记录数=1500, 平均下单量=nanG, 平均产出量=nanG[0m
[32m2026-05-21 17:21:47[0m | [1mINFO    [0m | [1m
端到端排机完成！[0m
[32m2026-05-21 17:21:47[0m | [1mINFO    [0m | [1m最终输出文件: arrange_library/280_sta_1500_arrange.csv[0m
[32m2026-05-21 17:21:47[0m | [1mINFO    [0m | [1m================================================================================[0m
