2026-05-21 17:10:54.605 | INFO     | arrange_library.core.constraints.index_validator_verified:__init__:75 - Index校验器初始化完成（真实数据验证版本）
2026-05-21 17:10:55.103 | INFO     | arrange_library.core.constraints.index_validator_verified:__init__:75 - Index校验器初始化完成（真实数据验证版本）
[32m2026-05-21 17:10:55[0m | [1mINFO    [0m | [1m================================================================================[0m
[32m2026-05-21 17:10:55[0m | [1mINFO    [0m | [1marrange_library: 端到端排机流程 - 排机与 Pooling 预测[0m
[32m2026-05-21 17:10:55[0m | [1mINFO    [0m | [1m================================================================================[0m
[32m2026-05-21 17:10:55[0m | [1mINFO    [0m | [1m调用时间: 2026-05-21 17:10:55[0m
[32m2026-05-21 17:10:55[0m | [1mINFO    [0m | [1m随机种子: 42 (固定，确保可复现)[0m
[32m2026-05-21 17:10:55[0m | [1mINFO    [0m | [1m运行模式: arrange[0m
[32m2026-05-21 17:10:55[0m | [1mINFO    [0m | [1m
使用数据文件: arrange_library/280_sta.csv[0m
[32m2026-05-21 17:10:55[0m | [1mINFO    [0m | [1m从标准化CSV文件加载数据: arrange_library/280_sta.csv[0m
[32m2026-05-21 17:10:55[0m | [1mINFO    [0m | [1m读取 3984 行数据[0m
[32m2026-05-21 17:10:55[0m | [1mINFO    [0m | [1m成功创建 3984 个文库对象[0m
[32m2026-05-21 17:10:55[0m | [1mINFO    [0m | [1m成功转换 3984 个测试文库[0m
[32m2026-05-21 17:10:55[0m | [1mINFO    [0m | [1mAI可排文库筛选完成: 可排=3984，不可排=0，机型排除=0[0m
[32m2026-05-21 17:10:56[0m | [1mINFO    [0m | [1m统一排机规则配置已加载: profiles=7, constraints=2, loading_rules=4[0m
[32m2026-05-21 17:10:56[0m | [1mINFO    [0m | [1m1.1模式规则配置加载完成: /data/work/yuyongpeng/liblane_v2_deepseek/paiji_complete2/paiji_complete/arrange_library/config/mode_1_1_rules.json[0m
[32m2026-05-21 17:10:56[0m | [1mINFO    [0m | [1m排机配置管理器初始化完成[0m
[32m2026-05-21 17:10:56[0m | [1mINFO    [0m | [1m
================================================================================[0m
[32m2026-05-21 17:10:56[0m | [1mINFO    [0m | [1m步骤0.9: 提前处理1.1第二轮历史固定组合文库[0m
[32m2026-05-21 17:10:56[0m | [1mINFO    [0m | [1m================================================================================[0m
[32m2026-05-21 17:10:56[0m | [1mINFO    [0m | [1m1.1第二轮候选识别: 无符合条件的候选文库[0m
[32m2026-05-21 17:10:56[0m | [1mINFO    [0m | [1m1.1第二轮历史Lane前置直出: 无候选文库[0m
[32m2026-05-21 17:10:56[0m | [1mINFO    [0m | [1m
================================================================================[0m
[32m2026-05-21 17:10:56[0m | [1mINFO    [0m | [1m步骤1: 处理包Lane文库（wkbaleno字段有值的文库）[0m
[32m2026-05-21 17:10:56[0m | [1mINFO    [0m | [1m================================================================================[0m
[32m2026-05-21 17:10:56[0m | [1mINFO    [0m | [1m包Lane文库数: 0[0m
[32m2026-05-21 17:10:56[0m | [1mINFO    [0m | [1m普通文库数: 3984[0m
[32m2026-05-21 17:10:56[0m | [1mINFO    [0m | [1m
================================================================================[0m
[32m2026-05-21 17:10:56[0m | [1mINFO    [0m | [1m步骤1.3: 1.1前碱基不均衡专Lane预抽取[0m
[32m2026-05-21 17:10:56[0m | [1mINFO    [0m | [1m================================================================================[0m
[32m2026-05-21 17:10:56[0m | [1mINFO    [0m | [1mIndex校验器初始化完成（真实数据验证版本）[0m
[32m2026-05-21 17:10:56[0m | [1mINFO    [0m | [1mIndex校验器初始化完成（真实数据验证版本）[0m
[32m2026-05-21 17:10:56[0m | [1mINFO    [0m | [1m成Lane校验程序初始化完成 (严格模式: True, 碱基不均衡上限: 35%, 特殊文库关键词: 9个)[0m
[32m2026-05-21 17:10:56[0m | [33m[1mWARNING [0m | [33m[1mPooling配置表不存在: /data/work/yuyongpeng/liblane_v2_deepseek/data/wktype_pooling_config.xlsx，将使用默认策略[0m
[32m2026-05-21 17:10:56[0m | [1mINFO    [0m | [1m产出效率修正表不存在: /data/work/yuyongpeng/liblane_v2_deepseek/data/production_efficiency_correction.csv，跳过后校准[0m
[32m2026-05-21 17:10:56[0m | [33m[1mWARNING [0m | [33m[1m模型文件不存在: models/loutput_pre_lane_v5/lightgbm_model.pkl[0m
[32m2026-05-21 17:10:56[0m | [33m[1mWARNING [0m | [33m[1mloutput预测器不可用，将使用规则降级策略[0m
[32m2026-05-21 17:10:56[0m | [1mINFO    [0m | [1m逐Lane贪心排机器初始化完成 - 基础容量: 985.0GB, 利用率区间: [100%, 100%], 配置模式: 按机型自动[0m
[32m2026-05-21 17:10:56[0m | [1mINFO    [0m | [1m启用检查: Index=True, 碱基不均衡=True, 规则检查器=False[0m
[32m2026-05-21 17:10:56[0m | [1mINFO    [0m | [1m专用Lane分组G26剩余合同量458.4G无法满足1.1或3.6T-NEW有效容量下限[0m
[32m2026-05-21 17:10:56[0m | [1mINFO    [0m | [1m专用Lane分组G25剩余合同量482.5G无法满足1.1或3.6T-NEW有效容量下限[0m
[32m2026-05-21 17:10:56[0m | [1mINFO    [0m | [1m专用Lane分组G15剩余合同量640.0G无法满足1.1或3.6T-NEW有效容量下限[0m
[32m2026-05-21 17:10:56[0m | [1mINFO    [0m | [1m专用Lane分组G31剩余合同量52.1G无法满足1.1或3.6T-NEW有效容量下限[0m
[32m2026-05-21 17:10:56[0m | [1mINFO    [0m | [1m专用Lane分组G36剩余合同量15.0G无法满足1.1或3.6T-NEW有效容量下限[0m
[32m2026-05-21 17:10:56[0m | [1mINFO    [0m | [1m专用Lane分组G51剩余合同量24.0G无法满足1.1或3.6T-NEW有效容量下限[0m
[32m2026-05-21 17:10:56[0m | [1mINFO    [0m | [1m专用Lane分组G13剩余合同量200.0G无法满足1.1或3.6T-NEW有效容量下限[0m
[32m2026-05-21 17:10:56[0m | [1mINFO    [0m | [1m专用Lane分组G33剩余合同量88.7G无法满足1.1或3.6T-NEW有效容量下限[0m
[32m2026-05-21 17:10:56[0m | [1mINFO    [0m | [1m专用Lane分组G48剩余合同量8.7G无法满足1.1或3.6T-NEW有效容量下限[0m
[32m2026-05-21 17:10:56[0m | [1mINFO    [0m | [1m专用Lane分组G27剩余合同量10.0G无法满足1.1或3.6T-NEW有效容量下限[0m
[32m2026-05-21 17:10:57[0m | [1mINFO    [0m | [1mIndex校验器初始化完成（真实数据验证版本）[0m
[32m2026-05-21 17:10:57[0m | [1mINFO    [0m | [1m成Lane校验程序初始化完成 (严格模式: False, 碱基不均衡上限: 35%, 特殊文库关键词: 9个)[0m
[32m2026-05-21 17:10:57[0m | [1mINFO    [0m | [1m专用Lane DL_Nova X-25B_002 形成成功 - 分组=G4, 碱基不均衡=2102.1G, 平衡文库=0.0G, 总量(含平衡)=2102.1G, 模式=1.1, 容量规则=tj_1595_mode_1_1_special_combo[0m
[32m2026-05-21 17:10:57[0m | [1mINFO    [0m | [1mIndex校验器初始化完成（真实数据验证版本）[0m
[32m2026-05-21 17:10:57[0m | [1mINFO    [0m | [1m成Lane校验程序初始化完成 (严格模式: False, 碱基不均衡上限: 35%, 特殊文库关键词: 9个)[0m
[32m2026-05-21 17:10:57[0m | [1mINFO    [0m | [1m专用Lane DL_Nova X-25B_003 形成成功 - 分组=G4, 碱基不均衡=2082.7G, 平衡文库=0.0G, 总量(含平衡)=2082.7G, 模式=1.1, 容量规则=tj_1595_mode_1_1_special_combo[0m
[32m2026-05-21 17:10:57[0m | [1mINFO    [0m | [1mIndex校验器初始化完成（真实数据验证版本）[0m
[32m2026-05-21 17:10:57[0m | [1mINFO    [0m | [1m成Lane校验程序初始化完成 (严格模式: False, 碱基不均衡上限: 35%, 特殊文库关键词: 9个)[0m
[32m2026-05-21 17:10:57[0m | [1mINFO    [0m | [1m专用Lane DL_Nova X-25B_004 形成成功 - 分组=G4, 碱基不均衡=1039.1G, 平衡文库=0.0G, 总量(含平衡)=1039.1G, 模式=3.6T-NEW, 容量规则=tj_1595_special_combo_36t[0m
[32m2026-05-21 17:10:57[0m | [1mINFO    [0m | [1m专用Lane分组G4剩余合同量754.7G无法满足1.1或3.6T-NEW有效容量下限[0m
[32m2026-05-21 17:10:57[0m | [1mINFO    [0m | [1m专用Lane分组G19剩余合同量140.0G无法满足1.1或3.6T-NEW有效容量下限[0m
[32m2026-05-21 17:10:57[0m | [1mINFO    [0m | [1m专用Lane分组G22剩余合同量74.0G无法满足1.1或3.6T-NEW有效容量下限[0m
[32m2026-05-21 17:10:57[0m | [1mINFO    [0m | [1m专用Lane分组G7剩余合同量154.6G无法满足1.1或3.6T-NEW有效容量下限[0m
[32m2026-05-21 17:10:57[0m | [1mINFO    [0m | [1mIndex校验器初始化完成（真实数据验证版本）[0m
[32m2026-05-21 17:10:57[0m | [1mINFO    [0m | [1m成Lane校验程序初始化完成 (严格模式: False, 碱基不均衡上限: 35%, 特殊文库关键词: 9个)[0m
[32m2026-05-21 17:10:57[0m | [1mINFO    [0m | [1m专用Lane DL_Nova X-25B_006 形成成功 - 分组=G5, 碱基不均衡=1038.3G, 平衡文库=0.0G, 总量(含平衡)=1038.3G, 模式=3.6T-NEW, 容量规则=tj_1595_special_combo_36t[0m
[32m2026-05-21 17:10:57[0m | [1mINFO    [0m | [1m专用Lane分组G5剩余合同量272.2G无法满足1.1或3.6T-NEW有效容量下限[0m
[32m2026-05-21 17:10:57[0m | [1mINFO    [0m | [1m专用Lane分组G6剩余合同量90.8G无法满足1.1或3.6T-NEW有效容量下限[0m
[32m2026-05-21 17:10:57[0m | [1mINFO    [0m | [1m专用Lane分组G52剩余合同量107.3G无法满足1.1或3.6T-NEW有效容量下限[0m
[32m2026-05-21 17:10:57[0m | [1mINFO    [0m | [1m专用Lane分组G18剩余合同量0.5G无法满足1.1或3.6T-NEW有效容量下限[0m
[32m2026-05-21 17:10:57[0m | [1mINFO    [0m | [1m专用Lane分组G16剩余合同量60.0G无法满足1.1或3.6T-NEW有效容量下限[0m
[32m2026-05-21 17:10:57[0m | [1mINFO    [0m | [1m全局跨机型碱基不均专Lane预抽取: 承载机型=Nova X-25B, 生成Lane=4, 消耗6262.3G, 剩余不均文库=419个/6393.2G[0m
[32m2026-05-21 17:10:57[0m | [1mINFO    [0m | [1m全局碱基不均专Lane预抽取完成: 生成Lane=4, 后续普通排机池 3984 -> 3868[0m
[32m2026-05-21 17:10:57[0m | [1mINFO    [0m | [1m1.1首轮Lane加测/混合封顶生效: lane=DL_Nova X-25B_002, 保留149.5G, 回退29个/1547.6G到未分配池 (单Lane上限150.0G)[0m
[32m2026-05-21 17:10:57[0m | [1mINFO    [0m | [1m1.1首轮Lane加测/混合封顶生效: lane=DL_Nova X-25B_003, 保留148.8G, 回退24个/1243.9G到未分配池 (单Lane上限150.0G)[0m
[32m2026-05-21 17:10:57[0m | [1mINFO    [0m | [1m1.1首轮Lane加测/混合封顶生效: lane=DL_Nova X-25B_004, 保留121.1G, 回退10个/513.0G到未分配池 (单Lane上限150.0G)[0m
[32m2026-05-21 17:10:57[0m | [1mINFO    [0m | [1m1.1首轮Lane加测/混合封顶生效: lane=DL_Nova X-25B_006, 保留148.6G, 回退3个/101.8G到未分配池 (单Lane上限150.0G)[0m
[32m2026-05-21 17:10:57[0m | [1mINFO    [0m | [1m步骤1.3 1.1前碱基不均衡专Lane单Lane加测/混合封顶完成: 调整Lane=4, 回退文库=66个/3406.3G[0m
[32m2026-05-21 17:10:57[0m | [1mINFO    [0m | [1m1.1前碱基不均衡专Lane预抽取完成: 生成Lane=4, 剩余进入1.1普通尝试文库=3934[0m
[32m2026-05-21 17:10:57[0m | [1mINFO    [0m | [1m
================================================================================[0m
[32m2026-05-21 17:10:57[0m | [1mINFO    [0m | [1m步骤1.5: 1.1首轮排机[0m
[32m2026-05-21 17:10:57[0m | [1mINFO    [0m | [1m================================================================================[0m
[32m2026-05-21 17:10:58[0m | [1mINFO    [0m | [1m步骤1.5-1: 1.1首轮使用剩余未成Lane全集，候选3934个文库[0m
[32m2026-05-21 17:10:58[0m | [1mINFO    [0m | [1m1.1首轮策略: expensive_rescue=True, peak_window_mixed=False, post_fill_optimization=True, rule_bucket_prescheduling=True[0m
[32m2026-05-21 17:10:58[0m | [1mINFO    [0m | [1m
================================================================================[0m
[32m2026-05-21 17:10:58[0m | [1mINFO    [0m | [1m排机流程：纯规则排机[0m
[32m2026-05-21 17:10:58[0m | [1mINFO    [0m | [1m================================================================================[0m
[32m2026-05-21 17:10:58[0m | [1mINFO    [0m | [1mIndex校验器初始化完成（真实数据验证版本）[0m
[32m2026-05-21 17:10:58[0m | [1mINFO    [0m | [1mIndex校验器初始化完成（真实数据验证版本）[0m
[32m2026-05-21 17:10:58[0m | [1mINFO    [0m | [1m成Lane校验程序初始化完成 (严格模式: True, 碱基不均衡上限: 35%, 特殊文库关键词: 9个)[0m
[32m2026-05-21 17:10:58[0m | [33m[1mWARNING [0m | [33m[1mPooling配置表不存在: /data/work/yuyongpeng/liblane_v2_deepseek/data/wktype_pooling_config.xlsx，将使用默认策略[0m
[32m2026-05-21 17:10:58[0m | [1mINFO    [0m | [1m产出效率修正表不存在: /data/work/yuyongpeng/liblane_v2_deepseek/data/production_efficiency_correction.csv，跳过后校准[0m
[32m2026-05-21 17:10:58[0m | [33m[1mWARNING [0m | [33m[1m模型文件不存在: models/loutput_pre_lane_v5/lightgbm_model.pkl[0m
[32m2026-05-21 17:10:58[0m | [33m[1mWARNING [0m | [33m[1mloutput预测器不可用，将使用规则降级策略[0m
[32m2026-05-21 17:10:58[0m | [1mINFO    [0m | [1m逐Lane贪心排机器初始化完成 - 基础容量: 985.0GB, 利用率区间: [100%, 100%], 配置模式: 按机型自动[0m
[32m2026-05-21 17:10:58[0m | [1mINFO    [0m | [1m启用检查: Index=True, 碱基不均衡=True, 规则检查器=False[0m
[32m2026-05-21 17:10:58[0m | [1mINFO    [0m | [1m排机阶段：Pooling优化器已禁用（V6流程不需要）[0m
[32m2026-05-21 17:10:58[0m | [1mINFO    [0m | [1mIndex校验器初始化完成（真实数据验证版本）[0m
[32m2026-05-21 17:10:58[0m | [1mINFO    [0m | [1m成Lane校验程序初始化完成 (严格模式: True, 碱基不均衡上限: 35%, 特殊文库关键词: 9个)[0m
[32m2026-05-21 17:10:58[0m | [1mINFO    [0m | [1m严格校验容量区间改为按统一配置表动态解析[0m
[32m2026-05-21 17:10:58[0m | [1mINFO    [0m | [1m主流程前置拆分完成: 无需拆分[0m
[32m2026-05-21 17:10:58[0m | [1mINFO    [0m | [1mPeak窗口混排预构Lane已按调用方要求关闭[0m
[32m2026-05-21 17:10:58[0m | [1mINFO    [0m | [1m主流程规则分桶跳过: bucket=manual_or_risk:康龙化成（北京）2024-2025年度建库测序分析技术服务（委托）合同|S|客户-真核普通转录组文库|NA|MANUAL_RISK, count=68, reason=总量1224.0G低于最小门槛2095.0G[0m
[32m2026-05-21 17:10:58[0m | [1mINFO    [0m | [1m主流程规则分桶跳过: bucket=manual_or_risk:1000个样本宏基因组+1000个样本宏转录组建库测序技术服务（委托）合同|S|宏转录组|NA|MANUAL_RISK, count=54, reason=总量1080.0G低于最小门槛2095.0G[0m
[32m2026-05-21 17:10:58[0m | [1mINFO    [0m | [1m主流程规则分桶跳过: bucket=manual_or_risk:广州医科大学王佳PE150文库测序分析技术服务（委托）合同|S|客户-HI-C文库|NA|MANUAL_RISK, count=14, reason=总量1018.0G低于最小门槛2095.0G[0m
[32m2026-05-21 17:10:58[0m | [1mINFO    [0m | [1m主流程规则分桶跳过: bucket=manual_or_risk:真诺生物-2000例转录组测序+全外显子测序技术服务（委托）合同|S|外显子文库|NA|MANUAL_RISK, count=20, reason=总量960.0G低于最小门槛2095.0G[0m
[32m2026-05-21 17:10:58[0m | [1mINFO    [0m | [1m主流程规则分桶跳过: bucket=manual_or_risk:南师4例PCR FREE建库分析技术服务（委托）合同|S|PCR-FREE (PCR产物单建)|NA|MANUAL_RISK+IMBALANCE, count=4, reason=总量320.0G低于最小门槛2095.0G[0m
[32m2026-05-21 17:10:58[0m | [1mINFO    [0m | [1m主流程规则分桶跳过: bucket=manual_or_risk:（极速周期）北生所1000个自建文库测序技术服务（委托）合同|S|客户-PCR产物|NA|MANUAL_RISK+IMBALANCE, count=14, reason=总量280.0G低于最小门槛1257.0G[0m
[32m2026-05-21 17:10:58[0m | [1mINFO    [0m | [1m主流程规则分桶跳过: bucket=manual_or_risk:贝康25年科研产品测序技术服务（委托）合同|S|LNC非互作文库|NA|MANUAL_RISK, count=20, reason=总量240.0G低于最小门槛2095.0G[0m
[32m2026-05-21 17:10:58[0m | [1mINFO    [0m | [1m主流程规则分桶跳过: bucket=manual_or_risk:真诺生物-2000例转录组测序+全外显子测序分析技术服务（委托）合同|S|外显子文库|NA|MANUAL_RISK, count=5, reason=总量240.0G低于最小门槛2095.0G[0m
[32m2026-05-21 17:10:58[0m | [1mINFO    [0m | [1m主流程规则分桶跳过: bucket=manual_or_risk:北大人民MNGS3700例分析技术服务（委托）合同|S|客户-微生物常规小片段文库|NA|MANUAL_RISK, count=15, reason=总量225.0G低于最小门槛2095.0G[0m
[32m2026-05-21 17:10:58[0m | [1mINFO    [0m | [1m主流程规则分桶跳过: bucket=manual_or_risk:（极速周期）北生所1000个自建文库测序技术服务（委托）合同|S|客户-真核普通转录组文库|NA|MANUAL_RISK, count=24, reason=总量216.0G低于最小门槛2095.0G[0m
[32m2026-05-21 17:10:58[0m | [1mINFO    [0m | [1m主流程规则分桶跳过: bucket=manual_or_risk:Y-32个链特文库12G XPLUS分析技术服务（委托）合同|S|LNC非互作文库|NA|MANUAL_RISK, count=16, reason=总量192.0G低于最小门槛2095.0G[0m
[32m2026-05-21 17:10:58[0m | [1mINFO    [0m | [1m主流程规则分桶跳过: bucket=manual_or_risk:自建库测序执行协议分析技术服务（委托）合同- WYX|S|客户-真核普通转录组文库|NA|MANUAL_RISK, count=16, reason=总量192.0G低于最小门槛2095.0G[0m
[32m2026-05-21 17:10:58[0m | [1mINFO    [0m | [1m主流程规则分桶跳过: bucket=manual_or_risk:百奥华兴自建库合同分析技术服务（委托）合同|S|客户-ATAC-SEQ文库|NA|MANUAL_RISK+IMBALANCE, count=9, reason=总量180.0G低于最小门槛1676.0G[0m
[32m2026-05-21 17:10:58[0m | [1mINFO    [0m | [1m主流程规则分桶跳过: bucket=manual_or_risk:江西农业大学猪样本全转录组测序分析技术服务（委托）合同|S|LNC非互作文库|NA|MANUAL_RISK, count=6, reason=总量180.0G低于最小门槛2095.0G[0m
[32m2026-05-21 17:10:58[0m | [1mINFO    [0m | [1m主流程规则分桶跳过: bucket=manual_or_risk:（极速周期）北生所1000个自建文库测序技术服务（委托）合同|S|客户-CUT-TAG文库|NA|MANUAL_RISK+IMBALANCE, count=24, reason=总量144.0G低于最小门槛1676.0G[0m
[32m2026-05-21 17:10:58[0m | [1mINFO    [0m | [1m主流程规则分桶跳过: bucket=manual_or_risk:西藏农牧学院18例全转分析技术服务（委托）合同|S|LNC非互作文库|NA|MANUAL_RISK, count=12, reason=总量144.0G低于最小门槛2095.0G[0m
[32m2026-05-21 17:10:58[0m | [1mINFO    [0m | [1m主流程规则分桶跳过: bucket=manual_or_risk:NVDE2025073120-DE-UMR-MALETZKI-HUMAN-12-LOWPASSEMSEQ-15GB-WOBI|S|EM-SEQ文库|NA|MANUAL_RISK+IMBALANCE, count=10, reason=总量140.0G低于最小门槛2074.1G[0m
[32m2026-05-21 17:10:58[0m | [1mINFO    [0m | [1m主流程规则分桶跳过: bucket=manual_or_risk:14例自建库技术服务（委托）合同|S|客户-CHIP-SEQ文库|NA|MANUAL_RISK, count=12, reason=总量120.0G低于最小门槛2095.0G[0m
[32m2026-05-21 17:10:58[0m | [1mINFO    [0m | [1m主流程规则分桶跳过: bucket=manual_or_risk:中国科学院北京基因组所NOVA X PLUS自建库测序技术服务（委托）合同-RJ2|S|客户-真核普通转录组文库|NA|MANUAL_RISK, count=6, reason=总量120.0G低于最小门槛2095.0G[0m
[32m2026-05-21 17:10:58[0m | [1mINFO    [0m | [1m主流程规则分桶跳过: bucket=manual_or_risk:（极速周期）2025年艾斯基因建库测序年度框架分析技术服务（委托）合同|S|客户-CHIP-SEQ文库|NA|MANUAL_RISK, count=10, reason=总量110.0G低于最小门槛2095.0G[0m
[32m2026-05-21 17:10:58[0m | [1mINFO    [0m | [1m主流程规则分桶跳过: bucket=manual_or_risk:TJ-US-IASU-9-RYEGRASS-WTS-12GB-NXPLUS-20M-N6000-WOBI-NVUS2025050775|S|LNC非互作文库|NA|MANUAL_RISK, count=9, reason=总量108.0G低于最小门槛2095.0G[0m
[32m2026-05-21 17:10:58[0m | [1mINFO    [0m | [1m主流程规则分桶跳过: bucket=manual_or_risk:仁济20例FFPE样本WES高级分析和LNCRNA测序分析技术服务（委托）合同|S|LNC非互作文库|NA|MANUAL_RISK, count=9, reason=总量108.0G低于最小门槛2095.0G[0m
[32m2026-05-21 17:10:58[0m | [1mINFO    [0m | [1m主流程规则分桶跳过: bucket=manual_or_risk:简化甲基化测序21个分析技术服务（委托）合同|S|RRBS文库|NA|MANUAL_RISK+IMBALANCE, count=19, reason=总量107.3G低于最小门槛1780.8G[0m
[32m2026-05-21 17:10:58[0m | [1mINFO    [0m | [1m主流程规则分桶跳过: bucket=manual_or_risk:兰兽研宏基因+宏病毒测序分析技术服务（委托）合同|S|宏转录组|NA|MANUAL_RISK, count=9, reason=总量90.0G低于最小门槛2095.0G[0m
[32m2026-05-21 17:10:58[0m | [1mINFO    [0m | [1m主流程规则分桶跳过: bucket=manual_or_risk:景杰25年自建库测序技术服务（委托）合同|S|客户-CUT-TAG文库|NA|MANUAL_RISK+IMBALANCE, count=17, reason=总量88.5G低于最小门槛1676.0G[0m
[32m2026-05-21 17:10:58[0m | [1mINFO    [0m | [1m主流程规则分桶跳过: bucket=manual_or_risk:（极速周期）2025年艾斯基因建库测序年度框架分析技术服务（委托）合同|S|客户-ATAC-SEQ文库|NA|MANUAL_RISK+IMBALANCE, count=6, reason=总量84.0G低于最小门槛1676.0G[0m
[32m2026-05-21 17:10:58[0m | [1mINFO    [0m | [1m主流程规则分桶跳过: bucket=manual_or_risk:8个样本自建库测序技术服务（委托）合同-X|S|客户-动植物全基因组重测序文库|NA|MANUAL_RISK, count=8, reason=总量80.0G低于最小门槛2095.0G[0m
[32m2026-05-21 17:10:58[0m | [1mINFO    [0m | [1m主流程规则分桶跳过: bucket=manual_or_risk:8例CHIPSEQ建库测序分析技术服务（委托）合同|S|CHIP-SEQ文库|NA|MANUAL_RISK, count=8, reason=总量80.0G低于最小门槛2095.0G[0m
[32m2026-05-21 17:10:58[0m | [1mINFO    [0m | [1m主流程规则分桶跳过: bucket=manual_or_risk:NVUK2025072916-DK-NIVA-STEEN-8-PCR PRODUCT SEQUENCING-10GB-WOBI|S|PCR-FREE (动植物小片段)|NA|MANUAL_RISK, count=8, reason=总量80.0G低于最小门槛2095.0G[0m
[32m2026-05-21 17:10:58[0m | [1mINFO    [0m | [1m主流程规则分桶跳过: bucket=manual_or_risk:湘湖实验室100个自建库XP测序技术服务（委托）合同|S|客户-ATAC-SEQ文库|NA|MANUAL_RISK+IMBALANCE, count=8, reason=总量80.0G低于最小门槛1676.0G[0m
[32m2026-05-21 17:10:58[0m | [1mINFO    [0m | [1m主流程规则分桶跳过: bucket=manual_or_risk:广东省人民医院20个外显子建库测序分析技术服务（委托）合同|S|外显子文库|NA|MANUAL_RISK, count=2, reason=总量80.0G低于最小门槛2095.0G[0m
[32m2026-05-21 17:10:58[0m | [1mINFO    [0m | [1m主流程规则分桶跳过: bucket=manual_or_risk:（极速周期）【科研】河南农业大学建库测序分析技术服务（委托）合同许老师-20241218-2|S|客户-PCR产物|NA|MANUAL_RISK+IMBALANCE, count=1, reason=总量75.0G低于最小门槛1257.0G[0m
[32m2026-05-21 17:10:58[0m | [1mINFO    [0m | [1m主流程规则分桶跳过: bucket=manual_or_risk:汕头大学医学院雷老师自建库测序分析技术服务（委托）合同|S|客户-ATAC-SEQ文库|NA|MANUAL_RISK+IMBALANCE, count=6, reason=总量72.0G低于最小门槛1676.0G[0m
[32m2026-05-21 17:10:58[0m | [1mINFO    [0m | [1m主流程规则分桶跳过: bucket=manual_or_risk:温州医科大学1个样本自建库测序技术服务（委托）合同|S|客户-其他碱基不均衡文库|NA|MANUAL_RISK+IMBALANCE, count=1, reason=总量72.0G低于最小门槛1676.0G[0m
[32m2026-05-21 17:10:58[0m | [1mINFO    [0m | [1m主流程规则分桶跳过: bucket=manual_or_risk:（极速周期）清华1个文库技术服务（委托）合同|S|客户-CUT-TAG文库|NA|MANUAL_RISK+IMBALANCE, count=10, reason=总量60.0G低于最小门槛1676.0G[0m
[32m2026-05-21 17:10:58[0m | [1mINFO    [0m | [1m主流程规则分桶跳过: bucket=manual_or_risk:浙江大学任冰冰老师10例CIRC和10例LNC建库测序技术服务（委托）合同|S|LNC非互作文库|NA|MANUAL_RISK, count=6, reason=总量60.0G低于最小门槛2095.0G[0m
[32m2026-05-21 17:10:58[0m | [1mINFO    [0m | [1m主流程规则分桶跳过: bucket=manual_or_risk:崖州湾RIBO加ATAC加转录组分析技术服务（委托）合同|S|ATAC-SEQ文库|NA|MANUAL_RISK+IMBALANCE, count=2, reason=总量60.0G低于最小门槛1676.0G[0m
[32m2026-05-21 17:10:58[0m | [1mINFO    [0m | [1m主流程规则分桶跳过: bucket=manual_or_risk:广州医科大学师宪平组CUT&TAG自建库测序分析分析技术服务（委托）合同|S|客户-CUT-TAG文库|NA|MANUAL_RISK+IMBALANCE, count=9, reason=总量54.0G低于最小门槛1676.0G[0m
[32m2026-05-21 17:10:58[0m | [1mINFO    [0m | [1m主流程规则分桶跳过: bucket=manual_or_risk:（极速周期）清华50个自建文库测序技术服务（委托）合同|S|客户-PCR产物|NA|MANUAL_RISK+IMBALANCE, count=7, reason=总量52.0G低于最小门槛1257.0G[0m
[32m2026-05-21 17:10:58[0m | [1mINFO    [0m | [1m主流程规则分桶跳过: bucket=manual_or_risk:湘雅医院34个TOTAL RNA测序技术服务（委托）合同|S|LNC互作文库|NA|MANUAL_RISK, count=6, reason=总量50.0G低于最小门槛2095.0G[0m
[32m2026-05-21 17:10:58[0m | [1mINFO    [0m | [1m主流程规则分桶跳过: bucket=manual_or_risk:植保所50个自建库-JL分析技术服务（委托）合同|S|客户-真核普通转录组文库|NA|MANUAL_RISK, count=8, reason=总量48.0G低于最小门槛2095.0G[0m
[32m2026-05-21 17:10:58[0m | [1mINFO    [0m | [1m主流程规则分桶跳过: bucket=manual_or_risk:山东第一医科大学4例ATAC自建库测序技术服务（委托）合同-刘伟|S|客户-ATAC-SEQ文库|NA|MANUAL_RISK+IMBALANCE, count=4, reason=总量48.0G低于最小门槛1676.0G[0m
[32m2026-05-21 17:10:58[0m | [1mINFO    [0m | [1m主流程规则分桶跳过: bucket=manual_or_risk:海洋所90例MRNA建库测序分析技术服务（委托）合同|S|VIP-真核普通转录组文库|NA|MANUAL_RISK, count=13, reason=总量45.7G低于最小门槛2095.0G[0m
[32m2026-05-21 17:10:58[0m | [1mINFO    [0m | [1m主流程规则分桶跳过: bucket=manual_or_risk:2019年天津科服实验室测试项目-DNA平台|S|LNC非互作文库|NA|MANUAL_RISK, count=8, reason=总量43.8G低于最小门槛2095.0G[0m
[32m2026-05-21 17:10:58[0m | [1mINFO    [0m | [1m主流程规则分桶跳过: bucket=manual_or_risk:5个宏基因组-40G加测+50G标准分析+50GBINNING分析分析技术服务（委托）合同|S|DNA小片段文库|NA|MANUAL_RISK, count=5, reason=总量43.6G低于最小门槛2095.0G[0m
[32m2026-05-21 17:10:58[0m | [1mINFO    [0m | [1m主流程规则分桶跳过: bucket=manual_or_risk:山东省妇幼保健院6样本转录组10G+自建库分析技术服务（委托）合同-李安娜|S|客户-动植物全基因组重测序文库|NA|MANUAL_RISK, count=7, reason=总量42.0G低于最小门槛2095.0G[0m
[32m2026-05-21 17:10:58[0m | [1mINFO    [0m | [1m主流程规则分桶跳过: bucket=manual_or_risk:浙江大学2个CHIP-SEQ 建库测序X-CLEAN技术服务（委托）合同|S|CHIP-SEQ文库|NA|MANUAL_RISK, count=7, reason=总量42.0G低于最小门槛2095.0G[0m
[32m2026-05-21 17:10:58[0m | [1mINFO    [0m | [1m主流程规则分桶跳过: bucket=manual_or_risk:25年-50例 PCR-FREE建库  X平台测序技术服务（委托）合同|S|PCR-FREE (PCR产物单建)|NA|MANUAL_RISK+IMBALANCE, count=4, reason=总量40.0G低于最小门槛2095.0G[0m
[32m2026-05-21 17:10:58[0m | [1mINFO    [0m | [1m主流程规则分桶跳过: bucket=manual_or_risk:西南医科大学附属医院100例自建库分析技术服务（委托）合同|S|客户-CUT-TAG文库|NA|MANUAL_RISK+IMBALANCE, count=4, reason=总量40.0G低于最小门槛1676.0G[0m
[32m2026-05-21 17:10:58[0m | [1mINFO    [0m | [1m主流程规则分桶跳过: bucket=manual_or_risk:作科所CHIP自建库测序技术服务（委托）合同|S|客户-CHIP-SEQ文库|NA|MANUAL_RISK, count=2, reason=总量40.0G低于最小门槛2095.0G[0m
[32m2026-05-21 17:10:58[0m | [1mINFO    [0m | [1m主流程规则分桶跳过: bucket=manual_or_risk:浙江省林业科学研究院1个完美T2T测序分析+3个超长ONT+6个转录组测序技术服务（委托）合同|S|HI-C文库(植物组织4碱基)|NA|MANUAL_RISK, count=1, reason=总量38.0G低于最小门槛2095.0G[0m
[32m2026-05-21 17:10:58[0m | [1mINFO    [0m | [1m主流程规则分桶跳过: bucket=manual_or_risk:兰州大学16例自建库测序技术服务（委托）合同|S|客户-SMALL RNA文库|NA|MANUAL_RISK, count=6, reason=总量36.0G低于最小门槛2095.0G[0m
[32m2026-05-21 17:10:58[0m | [1mINFO    [0m | [1m主流程规则分桶跳过: bucket=manual_or_risk:长海医院6例CHIP-SEQ分析技术服务（委托）合同|S|CHIP-SEQ文库|NA|MANUAL_RISK, count=6, reason=总量36.0G低于最小门槛2095.0G[0m
[32m2026-05-21 17:10:58[0m | [1mINFO    [0m | [1m主流程规则分桶跳过: bucket=manual_or_risk:自建库测序-NOVASEQ2025Q3技术服务（委托）合同|S|客户-PCR产物|NA|MANUAL_RISK+IMBALANCE, count=13, reason=总量32.7G低于最小门槛1257.0G[0m
[32m2026-05-21 17:10:58[0m | [1mINFO    [0m | [1m主流程规则分桶跳过: bucket=manual_or_risk:西北农林科技大学2个样本自建库测序分析技术服务（委托）合同|S|客户-动植物全基因组重测序文库|NA|MANUAL_RISK, count=1, reason=总量32.0G低于最小门槛2095.0G[0m
[32m2026-05-21 17:10:58[0m | [1mINFO    [0m | [1m主流程规则分桶跳过: bucket=manual_or_risk:MRNA制造成本突破创新专项|S|客户-PCR产物|NA|MANUAL_RISK+IMBALANCE, count=5, reason=总量30.0G低于最小门槛1257.0G[0m
[32m2026-05-21 17:10:58[0m | [1mINFO    [0m | [1m主流程规则分桶跳过: bucket=manual_or_risk:2025年深圳晶泰自建库测序分析技术服务（委托）合同|S|客户-PCR产物|NA|MANUAL_RISK+IMBALANCE, count=3, reason=总量30.0G低于最小门槛1257.0G[0m
[32m2026-05-21 17:10:58[0m | [1mINFO    [0m | [1m主流程规则分桶跳过: bucket=manual_or_risk:上海市第一人民医院20份样本宏转录组建库测序分析技术服务（委托）合同|S|宏转录组|NA|MANUAL_RISK, count=3, reason=总量30.0G低于最小门槛2095.0G[0m
[32m2026-05-21 17:10:58[0m | [1mINFO    [0m | [1m主流程规则分桶跳过: bucket=manual_or_risk:中国科学院动物研究所100例PCR-FEE建库测序技术服务（委托）合同-MK|S|PCR-FREE (PCR产物单建)|NA|MANUAL_RISK+IMBALANCE, count=3, reason=总量30.0G低于最小门槛2095.0G[0m
[32m2026-05-21 17:10:58[0m | [1mINFO    [0m | [1m主流程规则分桶跳过: bucket=manual_or_risk:西北农林科技大学1个CELL-HIFI+2个样本HIC分析技术服务（委托）合同|S|HI-C文库(植物组织4碱基)|NA|MANUAL_RISK, count=2, reason=总量30.0G低于最小门槛2095.0G[0m
[32m2026-05-21 17:10:58[0m | [1mINFO    [0m | [1m主流程规则分桶跳过: bucket=manual_or_risk:齐鲁制药有限公司转录组、WES及OLINK测序分析技术服务（委托）合同|S|外显子文库|NA|MANUAL_RISK, count=2, reason=总量30.0G低于最小门槛2095.0G[0m
[32m2026-05-21 17:10:58[0m | [1mINFO    [0m | [1m主流程规则分桶跳过: bucket=manual_or_risk:儿中心陈啸龙组10个WES测序分析技术服务（委托）合同|S|外显子文库|NA|MANUAL_RISK, count=1, reason=总量30.0G低于最小门槛2095.0G[0m
[32m2026-05-21 17:10:58[0m | [1mINFO    [0m | [1m主流程规则分桶跳过: bucket=manual_or_risk:河南农业大学12例非编码测序分析项目分析技术服务（委托）合同|S|SMALL RNA文库|NA|MANUAL_RISK, count=9, reason=总量27.0G低于最小门槛2095.0G[0m
[32m2026-05-21 17:10:58[0m | [1mINFO    [0m | [1m主流程规则分桶跳过: bucket=manual_or_risk:天津市肿瘤医院100例自建库测序技术服务（委托）合同-王晟欣|S|客户-CUT-TAG文库|NA|MANUAL_RISK+IMBALANCE, count=7, reason=总量26.6G低于最小门槛1676.0G[0m
[32m2026-05-21 17:10:58[0m | [1mINFO    [0m | [1m主流程规则分桶跳过: bucket=manual_or_risk:华理肖希勉45例16S和12例原核转录组测序分析技术服务（委托）合同|S|原核链特异性转录组文库|NA|MANUAL_RISK, count=12, reason=总量24.0G低于最小门槛2095.0G[0m
[32m2026-05-21 17:10:58[0m | [1mINFO    [0m | [1m主流程规则分桶跳过: bucket=manual_or_risk:（极速周期）北大SY-自建库XPLUS测序技术服务（委托）合同|S|客户-PCR产物|NA|MANUAL_RISK+IMBALANCE, count=12, reason=总量24.0G低于最小门槛1257.0G[0m
[32m2026-05-21 17:10:58[0m | [1mINFO    [0m | [1m主流程规则分桶跳过: bucket=manual_or_risk:（极速周期）清华6个自建库测序技术服务（委托）合同|S|客户-PCR产物|NA|MANUAL_RISK+IMBALANCE, count=6, reason=总量24.0G低于最小门槛1257.0G[0m
[32m2026-05-21 17:10:58[0m | [1mINFO    [0m | [1m主流程规则分桶跳过: bucket=manual_or_risk:天津市肿瘤医院100例自建库测序技术服务（委托）合同-王晟欣|S|客户-CUT-RUN文库|NA|MANUAL_RISK+IMBALANCE, count=4, reason=总量24.0G低于最小门槛1676.0G[0m
[32m2026-05-21 17:10:58[0m | [1mINFO    [0m | [1m主流程规则分桶跳过: bucket=manual_or_risk:河北工程大学+10例转录组测序分析技术服务（委托）合同|S|真核链特异性转录组文库|NA|MANUAL_RISK, count=4, reason=总量24.0G低于最小门槛2095.0G[0m
[32m2026-05-21 17:10:58[0m | [1mINFO    [0m | [1m主流程规则分桶跳过: bucket=manual_or_risk:重庆医科大学4例IP样本CHIP建库测序分析技术服务（委托）合同|S|CHIP-SEQ文库|NA|MANUAL_RISK, count=4, reason=总量24.0G低于最小门槛2095.0G[0m
[32m2026-05-21 17:10:58[0m | [1mINFO    [0m | [1m主流程规则分桶跳过: bucket=manual_or_risk:30例两库全转测序分析技术服务（委托）合同-HJL|S|LNC非互作文库|NA|MANUAL_RISK, count=2, reason=总量24.0G低于最小门槛2095.0G[0m
[32m2026-05-21 17:10:58[0m | [1mINFO    [0m | [1m主流程规则分桶跳过: bucket=manual_or_risk:科研-伟寰-自建库PE150年框分析技术服务（委托）合同|S|客户-微生物常规小片段文库|NA|MANUAL_RISK, count=23, reason=总量23.0G低于最小门槛2095.0G[0m
[32m2026-05-21 17:10:58[0m | [1mINFO    [0m | [1m主流程规则分桶跳过: bucket=manual_or_risk:博奥汇玖自建库测序技术服务（委托）合同|S|客户-META文库|NA|MANUAL_RISK, count=4, reason=总量20.8G低于最小门槛2095.0G[0m
[32m2026-05-21 17:10:58[0m | [1mINFO    [0m | [1m主流程规则分桶跳过: bucket=manual_or_risk:ABC联盟血研所新测序平台测序委托合同|S|客户-其他碱基均衡文库|NA|MANUAL_RISK, count=2, reason=总量20.0G低于最小门槛2095.0G[0m
[32m2026-05-21 17:10:58[0m | [1mINFO    [0m | [1m主流程规则分桶跳过: bucket=manual_or_risk:深圳湾实验室张哲老师PE150自建库测序技术服务（委托）合同|S|客户-PCR产物|NA|MANUAL_RISK+IMBALANCE, count=2, reason=总量20.0G低于最小门槛1257.0G[0m
[32m2026-05-21 17:10:58[0m | [1mINFO    [0m | [1m主流程规则分桶跳过: bucket=manual_or_risk:青海大学9个宏病毒测序分析技术服务（委托）合同|S|宏转录组|NA|MANUAL_RISK, count=2, reason=总量20.0G低于最小门槛2095.0G[0m
[32m2026-05-21 17:10:58[0m | [1mINFO    [0m | [1m主流程规则分桶跳过: bucket=manual_or_risk:哲源-省人民医院全外显子测序分析技术服务（委托）合同|S|外显子文库|NA|MANUAL_RISK, count=1, reason=总量20.0G低于最小门槛2095.0G[0m
[32m2026-05-21 17:10:58[0m | [1mINFO    [0m | [1m主流程规则分桶跳过: bucket=manual_or_risk:天津市肿瘤医院100例自建库测序技术服务（委托）合同-王晟欣|S|客户-ATAC-SEQ文库|NA|MANUAL_RISK+IMBALANCE, count=3, reason=总量18.0G低于最小门槛1676.0G[0m
[32m2026-05-21 17:10:58[0m | [1mINFO    [0m | [1m主流程规则分桶跳过: bucket=manual_or_risk:广州医科大学涂兆伟多个自建库测序分析分析技术服务（委托）合同|S|客户-CUT-TAG文库|NA|MANUAL_RISK+IMBALANCE, count=4, reason=总量16.0G低于最小门槛1676.0G[0m
[32m2026-05-21 17:10:58[0m | [1mINFO    [0m | [1m主流程规则分桶跳过: bucket=manual_or_risk:7个禾本科植物基因组合同分析技术服务（委托）合同|S|HI-C文库(植物组织4碱基)|NA|MANUAL_RISK, count=5, reason=总量15.0G低于最小门槛2095.0G[0m
[32m2026-05-21 17:10:58[0m | [1mINFO    [0m | [1m主流程规则分桶跳过: bucket=manual_or_risk:瑞兴SMALLRNA测序技术服务（委托）合同|S|SMALL RNA文库|NA|MANUAL_RISK, count=5, reason=总量15.0G低于最小门槛2095.0G[0m
[32m2026-05-21 17:10:58[0m | [1mINFO    [0m | [1m主流程规则分桶跳过: bucket=manual_or_risk:中科院高磊老师自建库测序技术服务（委托）合同|S|客户-真核普通转录组文库|NA|MANUAL_RISK, count=3, reason=总量15.0G低于最小门槛2095.0G[0m
[32m2026-05-21 17:10:58[0m | [1mINFO    [0m | [1m主流程规则分桶跳过: bucket=manual_or_risk:温州医科大学丁春明组自建库测序技术服务（委托）合同|S|客户-其他碱基不均衡文库|NA|MANUAL_RISK+IMBALANCE, count=1, reason=总量14.7G低于最小门槛1676.0G[0m
[32m2026-05-21 17:10:58[0m | [1mINFO    [0m | [1m主流程规则分桶跳过: bucket=manual_or_risk:首医陈老师组自建库+MRNA分析技术服务（委托）合同|S|客户-CHIP-SEQ文库|NA|MANUAL_RISK, count=3, reason=总量14.0G低于最小门槛2095.0G[0m
[32m2026-05-21 17:10:58[0m | [1mINFO    [0m | [1m主流程规则分桶跳过: bucket=manual_or_risk:2019年天津科服实验室测试项目-DNA平台|S|VIP-真核普通转录组文库|NA|MANUAL_RISK, count=12, reason=总量12.0G低于最小门槛2095.0G[0m
[32m2026-05-21 17:10:58[0m | [1mINFO    [0m | [1m主流程规则分桶跳过: bucket=manual_or_risk:杭州浩博PCR产物建库测序技术服务（委托）合同|S|PCR-FREE (微生物小片段)|NA|MANUAL_RISK, count=12, reason=总量12.0G低于最小门槛2095.0G[0m
[32m2026-05-21 17:10:58[0m | [1mINFO    [0m | [1m主流程规则分桶跳过: bucket=manual_or_risk:（极速周期）清华100例自建库测序技术服务（委托）合同|S|客户-PCR产物|NA|MANUAL_RISK+IMBALANCE, count=12, reason=总量12.0G低于最小门槛1257.0G[0m
[32m2026-05-21 17:10:58[0m | [1mINFO    [0m | [1m主流程规则分桶跳过: bucket=manual_or_risk:华理潘美玉6例原核转录组分析技术服务（委托）合同|S|原核链特异性转录组文库|NA|MANUAL_RISK, count=6, reason=总量12.0G低于最小门槛2095.0G[0m
[32m2026-05-21 17:10:58[0m | [1mINFO    [0m | [1m主流程规则分桶跳过: bucket=manual_or_risk:（极速周期）清华100例自建库测序技术服务（委托）合同|S|客户-其他碱基均衡文库|NA|MANUAL_RISK, count=3, reason=总量12.0G低于最小门槛2095.0G[0m
[32m2026-05-21 17:10:58[0m | [1mINFO    [0m | [1m主流程规则分桶跳过: bucket=manual_or_risk:LZY组自建库测序技术服务（委托）合同-XPLUS CLEAN|S|客户-CHIP-SEQ文库|NA|MANUAL_RISK, count=2, reason=总量12.0G低于最小门槛2095.0G[0m
[32m2026-05-21 17:10:58[0m | [1mINFO    [0m | [1m主流程规则分桶跳过: bucket=manual_or_risk:TJ-US-DUKE-2-MOUSE-CHIPSEQ-6GB-NOVASEQXPLUS-WOBI-NVUS2025081443|S|CHIP-SEQ文库|NA|MANUAL_RISK, count=2, reason=总量12.0G低于最小门槛2095.0G[0m
[32m2026-05-21 17:10:58[0m | [1mINFO    [0m | [1m主流程规则分桶跳过: bucket=manual_or_risk:【框架】赛诚生物2024年度建库测序和自建库项目分析技术服务（委托）合同|S|客户-CHIP-SEQ文库|NA|MANUAL_RISK, count=2, reason=总量12.0G低于最小门槛2095.0G[0m
[32m2026-05-21 17:10:58[0m | [1mINFO    [0m | [1m主流程规则分桶跳过: bucket=manual_or_risk:中国农业大学2个样本XPLUS测序分析技术服务（委托）合同|S|VIP-真核普通转录组文库|NA|MANUAL_RISK, count=2, reason=总量12.0G低于最小门槛2095.0G[0m
[32m2026-05-21 17:10:58[0m | [1mINFO    [0m | [1m主流程规则分桶跳过: bucket=manual_or_risk:天津医科大学-100个自建库（25年）分析技术服务（委托）合同|S|客户-CUT-TAG文库|NA|MANUAL_RISK+IMBALANCE, count=2, reason=总量12.0G低于最小门槛1676.0G[0m
[32m2026-05-21 17:10:58[0m | [1mINFO    [0m | [1m主流程规则分桶跳过: bucket=manual_or_risk:浙大6个人胃癌细胞系样本LNC RNA建库测序技术服务（委托）合同|S|LNC非互作文库|NA|MANUAL_RISK, count=2, reason=总量12.0G低于最小门槛2095.0G[0m
[32m2026-05-21 17:10:58[0m | [1mINFO    [0m | [1m主流程规则分桶跳过: bucket=manual_or_risk:（极速周期）北大ZY组-自建库样本XPLUS平台测序技术服务（委托）合同|S|客户-真核普通转录组文库|NA|MANUAL_RISK, count=1, reason=总量12.0G低于最小门槛2095.0G[0m
[32m2026-05-21 17:10:58[0m | [1mINFO    [0m | [1m主流程规则分桶跳过: bucket=manual_or_risk:天津医科大学-12例自建库测序6G分析技术服务（委托）合同|S|客户-CUT-TAG文库|NA|MANUAL_RISK+IMBALANCE, count=6, reason=总量11.8G低于最小门槛1676.0G[0m
[32m2026-05-21 17:10:58[0m | [1mINFO    [0m | [1m主流程规则分桶跳过: bucket=manual_or_risk:厦大50个两库全转录组测序分析技术服务（委托）合同|S|SMALL RNA文库|NA|MANUAL_RISK, count=11, reason=总量11.0G低于最小门槛2095.0G[0m
[32m2026-05-21 17:10:58[0m | [1mINFO    [0m | [1m主流程规则分桶跳过: bucket=manual_or_risk:云舟生物2025年-PE150自建库年度合作协议分析技术服务（委托）合同|S|客户-PCR产物|NA|MANUAL_RISK+IMBALANCE, count=4, reason=总量10.5G低于最小门槛1257.0G[0m
[32m2026-05-21 17:10:58[0m | [1mINFO    [0m | [1m主流程规则分桶跳过: bucket=manual_or_risk:工生所300例自建库测序技术服务（委托）合同|S|客户-扩增子文库|NA|MANUAL_RISK+IMBALANCE, count=2, reason=总量10.0G低于最小门槛1466.5G[0m
[32m2026-05-21 17:10:58[0m | [1mINFO    [0m | [1m主流程规则分桶跳过: bucket=manual_or_risk:自建库测序-NOVASEQ2025Q3技术服务（委托）合同|S|客户-其他碱基均衡文库|NA|MANUAL_RISK, count=2, reason=总量10.0G低于最小门槛2095.0G[0m
[32m2026-05-21 17:10:58[0m | [1mINFO    [0m | [1m主流程规则分桶跳过: bucket=manual_or_risk:25复旦肿瘤许蔚起70例人粪便宏基因组建库10G测序技术服务（委托）合同|S|VIP-META文库|NA|MANUAL_RISK, count=1, reason=总量10.0G低于最小门槛2095.0G[0m
[32m2026-05-21 17:10:58[0m | [1mINFO    [0m | [1m主流程规则分桶跳过: bucket=manual_or_risk:中国农业科学院都市农业研究6个样本转录组+HQ代谢分析技术服务（委托）合同|S|VIP-真核普通转录组文库|NA|MANUAL_RISK, count=1, reason=总量10.0G低于最小门槛2095.0G[0m
[32m2026-05-21 17:10:58[0m | [1mINFO    [0m | [1m主流程规则分桶跳过: bucket=manual_or_risk:军科院宏病毒组分析技术服务（委托）合同|S|宏转录组|NA|MANUAL_RISK, count=1, reason=总量10.0G低于最小门槛2095.0G[0m
[32m2026-05-21 17:10:58[0m | [1mINFO    [0m | [1m主流程规则分桶跳过: bucket=manual_or_risk:植保所5个宏病毒组测序（10G）分析技术服务（委托）合同|S|宏转录组|NA|MANUAL_RISK, count=1, reason=总量10.0G低于最小门槛2095.0G[0m
[32m2026-05-21 17:10:58[0m | [1mINFO    [0m | [1m主流程规则分桶跳过: bucket=manual_or_risk:药企-南京瑞启医药-自建库散样分析技术服务（委托）合同|S|客户-METHYLATION文库|NA|SCATTERED+MANUAL_RISK+IMBALANCE, count=1, reason=总量10.0G低于最小门槛2074.1G[0m
[32m2026-05-21 17:10:58[0m | [1mINFO    [0m | [1m主流程规则分桶跳过: bucket=manual_or_risk:中国农业科学院郑州果树研究所桃PERFECT T2T-单倍型基因组测序分析项目分析技术服务（委托）合同|S|HI-C文库(植物组织4碱基)|NA|MANUAL_RISK, count=1, reason=总量9.8G低于最小门槛2095.0G[0m
[32m2026-05-21 17:10:58[0m | [1mINFO    [0m | [1m主流程规则分桶跳过: bucket=manual_or_risk:（极速周期）清华9例自建库测序技术服务（委托）合同|S|客户-PCR产物|NA|MANUAL_RISK+IMBALANCE, count=9, reason=总量9.0G低于最小门槛1257.0G[0m
[32m2026-05-21 17:10:58[0m | [1mINFO    [0m | [1m主流程规则分桶跳过: bucket=manual_or_risk:农科院100个自建库-执行第一次分析技术服务（委托）合同|S|客户-SMALL RNA文库|NA|MANUAL_RISK, count=3, reason=总量9.0G低于最小门槛2095.0G[0m
[32m2026-05-21 17:10:58[0m | [1mINFO    [0m | [1m主流程规则分桶跳过: bucket=manual_or_risk:南科大胃组织多组学测序分析技术服务(委托)合同|S|HI-C文库(细胞和动物组织4碱基)|NA|MANUAL_RISK, count=3, reason=总量8.0G低于最小门槛2095.0G[0m
[32m2026-05-21 17:10:58[0m | [1mINFO    [0m | [1m主流程规则分桶跳过: bucket=manual_or_risk:（科研）北京荣畅吉PCR建库测序二代三代分析技术服务（委托）合同|S|PCR-FREE (PCR产物单建)|NA|MANUAL_RISK+IMBALANCE, count=8, reason=总量8.0G低于最小门槛2095.0G[0m
[32m2026-05-21 17:10:58[0m | [1mINFO    [0m | [1m主流程规则分桶跳过: bucket=manual_or_risk:250例样本人全外显子组建库测序技术服务（委托）合同|S|外显子文库|NA|MANUAL_RISK, count=2, reason=总量8.0G低于最小门槛2095.0G[0m
[32m2026-05-21 17:10:58[0m | [1mINFO    [0m | [1m主流程规则分桶跳过: bucket=manual_or_risk:HONG KONG-HKU-CHENG CECILIA-2 PRELIB-4G-X PLUS-WOBI-AMEA2025082718|S|客户-PCR产物|NA|MANUAL_RISK+IMBALANCE, count=2, reason=总量8.0G低于最小门槛1257.0G[0m
[32m2026-05-21 17:10:58[0m | [1mINFO    [0m | [1m主流程规则分桶跳过: bucket=manual_or_risk:（极速周期）清华2自建文库测序技术服务（委托）合同|S|客户-真核普通转录组文库|NA|MANUAL_RISK, count=2, reason=总量8.0G低于最小门槛2095.0G[0m
[32m2026-05-21 17:10:58[0m | [1mINFO    [0m | [1m主流程规则分桶跳过: bucket=manual_or_risk:北京林业大学群体进化测序分析技术服务（委托）合同|S|DNA小片段文库|NA|MANUAL_RISK, count=1, reason=总量7.0G低于最小门槛2095.0G[0m
[32m2026-05-21 17:10:58[0m | [1mINFO    [0m | [1m主流程规则分桶跳过: bucket=manual_or_risk:植保所200个自建库-第二次分析技术服务（委托）合同|S|客户-PCR产物|NA|MANUAL_RISK+IMBALANCE, count=6, reason=总量6.0G低于最小门槛1257.0G[0m
[32m2026-05-21 17:10:58[0m | [1mINFO    [0m | [1m主流程规则分桶跳过: bucket=manual_or_risk:温州医科大学6例肺炎克雷伯菌样本原核转录组测序分析技术服务（委托）合同|S|原核链特异性转录组文库|NA|MANUAL_RISK, count=6, reason=总量6.0G低于最小门槛2095.0G[0m
[32m2026-05-21 17:10:58[0m | [1mINFO    [0m | [1m主流程规则分桶跳过: bucket=manual_or_risk:1000 个转录组和1500个宏基因组建库测序技术服务 （委托）合同-TZL|S|VIP-真核普通转录组文库|NA|MANUAL_RISK, count=2, reason=总量6.0G低于最小门槛2095.0G[0m
[32m2026-05-21 17:10:58[0m | [1mINFO    [0m | [1m主流程规则分桶跳过: bucket=manual_or_risk:安徽科技学院10个鹅泛基因组测序技术服务（委托）合同|S|HI-C文库(细胞和动物组织4碱基)|NA|MANUAL_RISK, count=2, reason=总量6.0G低于最小门槛2095.0G[0m
[32m2026-05-21 17:10:58[0m | [1mINFO    [0m | [1m主流程规则分桶跳过: bucket=manual_or_risk:NVHK2025060201-RU-VIGG - LEONOV - RNA SEQ - WBI|S|LNC非互作文库|NA|MANUAL_RISK, count=1, reason=总量6.0G低于最小门槛2095.0G[0m
[32m2026-05-21 17:10:58[0m | [1mINFO    [0m | [1m主流程规则分桶跳过: bucket=manual_or_risk:TJ-US-OHSU-5-MOUSE PCR PRODUCT WGS-PCR FREE-NOVASEQ6000-5G-WOBI-NVUS2024011841|S|PCR-FREE (PCR产物单建)|NA|MANUAL_RISK+IMBALANCE, count=5, reason=总量5.3G低于最小门槛2095.0G[0m
[32m2026-05-21 17:10:58[0m | [1mINFO    [0m | [1m主流程规则分桶跳过: bucket=manual_or_risk:不分析RNA-SEQ转录组分析技术服务（委托）合同|S|VIP-真核普通转录组文库|NA|MANUAL_RISK, count=1, reason=总量5.2G低于最小门槛2095.0G[0m
[32m2026-05-21 17:10:58[0m | [1mINFO    [0m | [1m主流程规则分桶跳过: bucket=manual_or_risk:武汉大学30T自建库测序技术服务（委托）合同|S|客户-人重测序文库|NA|MANUAL_RISK, count=1, reason=总量4.4G低于最小门槛2095.0G[0m
[32m2026-05-21 17:10:58[0m | [1mINFO    [0m | [1m主流程规则分桶跳过: bucket=manual_or_risk:华中农业大学6例靶向氨基酸代谢组+4例原核转录组测序分析技术服务（委托）合同|S|原核链特异性转录组文库|NA|MANUAL_RISK, count=4, reason=总量4.0G低于最小门槛2095.0G[0m
[32m2026-05-21 17:10:58[0m | [1mINFO    [0m | [1m主流程规则分桶跳过: bucket=manual_or_risk:中信湘雅100例甲基化自建库测序技术服务（委托）合同|S|客户-动植物全基因组重测序文库|NA|MANUAL_RISK, count=2, reason=总量4.0G低于最小门槛2095.0G[0m
[32m2026-05-21 17:10:58[0m | [1mINFO    [0m | [1m主流程规则分桶跳过: bucket=manual_or_risk:天津医科大学-30例自建库（3G）分析技术服务（委托）合同|S|客户-扩增子文库|NA|MANUAL_RISK+IMBALANCE, count=2, reason=总量4.0G低于最小门槛1466.5G[0m
[32m2026-05-21 17:10:58[0m | [1mINFO    [0m | [1m主流程规则分桶跳过: bucket=manual_or_risk:CHIP建库测序分析委托合同|S|CHIP-SEQ文库|NA|MANUAL_RISK, count=1, reason=总量4.0G低于最小门槛2095.0G[0m
[32m2026-05-21 17:10:58[0m | [1mINFO    [0m | [1m主流程规则分桶跳过: bucket=manual_or_risk:北京农学院18个样本转录组测序-10G分析技术服务（委托）合同|S|VIP-真核普通转录组文库|NA|MANUAL_RISK, count=1, reason=总量4.0G低于最小门槛2095.0G[0m
[32m2026-05-21 17:10:58[0m | [1mINFO    [0m | [1m主流程规则分桶跳过: bucket=manual_or_risk:自建库测序-NOVASEQ2025Q3技术服务（委托）合同|S|客户-CUT-TAG文库|NA|MANUAL_RISK+IMBALANCE, count=3, reason=总量3.9G低于最小门槛1676.0G[0m
[32m2026-05-21 17:10:58[0m | [1mINFO    [0m | [1m主流程规则分桶跳过: bucket=manual_or_risk:温州肯恩大学4个拟南芥样本M6A甲基化测序分析技术服务（委托）合同|S|RNA甲基化文库-INPUT|NA|MANUAL_RISK+IMBALANCE, count=3, reason=总量3.8G低于最小门槛2095.0G[0m
[32m2026-05-21 17:10:58[0m | [1mINFO    [0m | [1m主流程规则分桶跳过: bucket=manual_or_risk:温州肯恩大学4个拟南芥样本M6A甲基化测序分析技术服务（委托）合同|S|RNA甲基化文库-IP|NA|MANUAL_RISK+IMBALANCE, count=3, reason=总量3.5G低于最小门槛2095.0G[0m
[32m2026-05-21 17:10:58[0m | [1mINFO    [0m | [1m主流程规则分桶跳过: bucket=manual_or_risk:福建农林大学88个样本转录组+重测序+自建库测序+CHIP-SEQ建库测序技术服务（委托）合同-8.13|S|VIP-真核普通转录组文库|NA|MANUAL_RISK, count=2, reason=总量3.5G低于最小门槛2095.0G[0m
[32m2026-05-21 17:10:58[0m | [1mINFO    [0m | [1m主流程规则分桶跳过: bucket=manual_or_risk:西湖大学李小波LAB郭康宁30例原核转录组建库测序技术服务（委托）合同|S|原核链特异性转录组文库|NA|MANUAL_RISK, count=4, reason=总量3.2G低于最小门槛2095.0G[0m
[32m2026-05-21 17:10:58[0m | [1mINFO    [0m | [1m主流程规则分桶跳过: bucket=manual_or_risk:中国科学技术大学50个PCR产物PE150建库测序技术服务（委托）合同|S|PCR-FREE (PCR产物单建)|NA|MANUAL_RISK+IMBALANCE, count=1, reason=总量3.0G低于最小门槛2095.0G[0m
[32m2026-05-21 17:10:58[0m | [1mINFO    [0m | [1m主流程规则分桶跳过: bucket=manual_or_risk:中大1例PCR-FREE分析技术服务（委托）合同|S|PCR-FREE (PCR产物单建)|NA|MANUAL_RISK+IMBALANCE, count=1, reason=总量3.0G低于最小门槛2095.0G[0m
[32m2026-05-21 17:10:58[0m | [1mINFO    [0m | [1m主流程规则分桶跳过: bucket=manual_or_risk:工生所自建库测序分析技术服务（委托）合同|S|客户-动植物全基因组重测序文库|NA|MANUAL_RISK, count=1, reason=总量3.0G低于最小门槛2095.0G[0m
[32m2026-05-21 17:10:58[0m | [1mINFO    [0m | [1m主流程规则分桶跳过: bucket=manual_or_risk:洛阳师范学院1个基因组测序项目分析技术服务（委托）合同|S|HI-C文库(植物组织4碱基)|NA|MANUAL_RISK, count=1, reason=总量3.0G低于最小门槛2095.0G[0m
[32m2026-05-21 17:10:58[0m | [1mINFO    [0m | [1m主流程规则分桶跳过: bucket=manual_or_risk:海洋大学鲨鱼三代多组建库测序技术服务（委托）合同|S|HI-C文库(细胞和动物组织4碱基)|NA|MANUAL_RISK, count=1, reason=总量3.0G低于最小门槛2095.0G[0m
[32m2026-05-21 17:10:58[0m | [1mINFO    [0m | [1m主流程规则分桶跳过: bucket=manual_or_risk:内蒙古大学100个宏基因组测序分析技术服务委托合同|S|DNA小片段文库|NA|MANUAL_RISK, count=1, reason=总量2.9G低于最小门槛2095.0G[0m
[32m2026-05-21 17:10:58[0m | [1mINFO    [0m | [1m主流程规则分桶跳过: bucket=manual_or_risk:浙大16个医口转录组测序分析技术服务（委托）合同|S|VIP-真核普通转录组文库|NA|MANUAL_RISK, count=3, reason=总量2.7G低于最小门槛2095.0G[0m
[32m2026-05-21 17:10:58[0m | [1mINFO    [0m | [1m主流程规则分桶跳过: bucket=manual_or_risk:广东医科大学郭飞自建库测序分析技术服务（委托）合同|S|客户-CHIP-SEQ文库|NA|MANUAL_RISK, count=2, reason=总量2.6G低于最小门槛2095.0G[0m
[32m2026-05-21 17:10:58[0m | [1mINFO    [0m | [1m主流程规则分桶跳过: bucket=manual_or_risk:暨大-转录组建库测序标准分析技术服务（委托）合同|S|VIP-真核普通转录组文库|NA|MANUAL_RISK, count=2, reason=总量2.6G低于最小门槛2095.0G[0m
[32m2026-05-21 17:10:58[0m | [1mINFO    [0m | [1m主流程规则分桶跳过: bucket=manual_or_risk:中肿-转录组建库测序标准分析技术服务（委托）合同|S|VIP-真核普通转录组文库|NA|MANUAL_RISK, count=1, reason=总量2.6G低于最小门槛2095.0G[0m
[32m2026-05-21 17:10:58[0m | [1mINFO    [0m | [1m主流程规则分桶跳过: bucket=manual_or_risk:武汉大学30T自建库测序技术服务（委托）合同|S|客户-其他碱基均衡文库|NA|MANUAL_RISK, count=3, reason=总量2.4G低于最小门槛2095.0G[0m
[32m2026-05-21 17:10:58[0m | [1mINFO    [0m | [1m主流程规则分桶跳过: bucket=manual_or_risk:1例转录组建库测序分析技术服务（委托）合同|S|VIP-真核普通转录组文库|NA|MANUAL_RISK, count=1, reason=总量2.4G低于最小门槛2095.0G[0m
[32m2026-05-21 17:10:58[0m | [1mINFO    [0m | [1m主流程规则分桶跳过: bucket=manual_or_risk:NVUK2025072912-UKI-LEEDS-6-HUMAN-WTS-WBI|S|LNC互作文库|NA|MANUAL_RISK, count=1, reason=总量2.3G低于最小门槛2095.0G[0m
[32m2026-05-21 17:10:58[0m | [1mINFO    [0m | [1m主流程规则分桶跳过: bucket=manual_or_risk:1例PCR产物建库测序-XP技术服务（委托）合同|S|PCR-FREE (PCR产物单建)|NA|MANUAL_RISK+IMBALANCE, count=1, reason=总量2.3G低于最小门槛2095.0G[0m
[32m2026-05-21 17:10:58[0m | [1mINFO    [0m | [1m主流程规则分桶跳过: bucket=manual_or_risk:2025年深圳新产业生物3例样本自建库测序技术服务（委托）合同|S|客户-PCR产物|NA|MANUAL_RISK+IMBALANCE, count=2, reason=总量2.0G低于最小门槛1257.0G[0m
[32m2026-05-21 17:10:58[0m | [1mINFO    [0m | [1m主流程规则分桶跳过: bucket=manual_or_risk:TJ-US-UTSW-20-ANIMAL-PCRPRODUCTWGS-XPLUS-1G-WOBI-NVUS2025020513|S|PCR-FREE (PCR产物单建)|NA|MANUAL_RISK+IMBALANCE, count=2, reason=总量2.0G低于最小门槛2095.0G[0m
[32m2026-05-21 17:10:58[0m | [1mINFO    [0m | [1m主流程规则分桶跳过: bucket=manual_or_risk:检验科单菌二代测序分析技术服务（委托）合同-2025-XYC|S|DNA小片段文库|NA|MANUAL_RISK, count=2, reason=总量2.0G低于最小门槛2095.0G[0m
[32m2026-05-21 17:10:58[0m | [1mINFO    [0m | [1m主流程规则分桶跳过: bucket=manual_or_risk:浙江农林大学20个样本客户自建库测序X技术服务（委托）合同|S|客户-PCR产物|NA|MANUAL_RISK+IMBALANCE, count=2, reason=总量2.0G低于最小门槛1257.0G[0m
[32m2026-05-21 17:10:58[0m | [1mINFO    [0m | [1m主流程规则分桶跳过: bucket=manual_or_risk:100个宏基因组XPLUS分析技术服务（委托）合同|S|DNA小片段文库|NA|MANUAL_RISK, count=1, reason=总量2.0G低于最小门槛2095.0G[0m
[32m2026-05-21 17:10:58[0m | [1mINFO    [0m | [1m主流程规则分桶跳过: bucket=manual_or_risk:50自建库-X分析技术服务（委托）合同|S|客户-动植物全基因组重测序文库|NA|MANUAL_RISK, count=1, reason=总量2.0G低于最小门槛2095.0G[0m
[32m2026-05-21 17:10:58[0m | [1mINFO    [0m | [1m主流程规则分桶跳过: bucket=manual_or_risk:中科院遗传所一个基因组DENOVO分析技术服务（委托）合同|S|HI-C文库(植物组织4碱基)|NA|MANUAL_RISK, count=1, reason=总量2.0G低于最小门槛2095.0G[0m
[32m2026-05-21 17:10:58[0m | [1mINFO    [0m | [1m主流程规则分桶跳过: bucket=manual_or_risk:深圳市第二人民医院WGS建库 测序分析技术服务（委托）合同|S|VIP-微生物常规小片段文库|NA|MANUAL_RISK, count=1, reason=总量2.0G低于最小门槛2095.0G[0m
[32m2026-05-21 17:10:58[0m | [1mINFO    [0m | [1m主流程规则分桶跳过: bucket=manual_or_risk:良渚实验室时邵辉老师全基因组建库和自建库测序技术服务（委托）合同|S|客户-其他碱基不均衡文库|NA|MANUAL_RISK+IMBALANCE, count=1, reason=总量2.0G低于最小门槛1676.0G[0m
[32m2026-05-21 17:10:58[0m | [1mINFO    [0m | [1m主流程规则分桶跳过: bucket=manual_or_risk:BL-90例样本动物基因组重测序分析技术服务（委托）合同|S|DNA小片段文库|NA|MANUAL_RISK, count=1, reason=总量1.9G低于最小门槛2095.0G[0m
[32m2026-05-21 17:10:58[0m | [1mINFO    [0m | [1m主流程规则分桶跳过: bucket=manual_or_risk:RIBO建库测序30例分析技术服务（委托）合同|S|RIBO-SEQ文库|NA|MANUAL_RISK+IMBALANCE, count=1, reason=总量1.8G低于最小门槛2095.0G[0m
[32m2026-05-21 17:10:58[0m | [1mINFO    [0m | [1m主流程规则分桶跳过: bucket=manual_or_risk:宏转录组+宏基因组建库测序分析-Y技术服务（委托）合同|S|宏转录组|NA|MANUAL_RISK, count=1, reason=总量1.8G低于最小门槛2095.0G[0m
[32m2026-05-21 17:10:58[0m | [1mINFO    [0m | [1m主流程规则分桶跳过: bucket=manual_or_risk:扬州大学动物样本6例LNCRNA建库测序分析分析技术服务（委托）合同|S|LNC非互作文库|NA|MANUAL_RISK, count=1, reason=总量1.7G低于最小门槛2095.0G[0m
[32m2026-05-21 17:10:58[0m | [1mINFO    [0m | [1m主流程规则分桶跳过: bucket=manual_or_risk:100个自建库XPLUS分析技术服务（委托）合同|S|客户-动植物全基因组重测序文库|NA|MANUAL_RISK, count=2, reason=总量1.6G低于最小门槛2095.0G[0m
[32m2026-05-21 17:10:58[0m | [1mINFO    [0m | [1m主流程规则分桶跳过: bucket=manual_or_risk:15个原核转录组分析技术服务（委托）合同|S|原核链特异性转录组文库|NA|MANUAL_RISK, count=2, reason=总量1.6G低于最小门槛2095.0G[0m
[32m2026-05-21 17:10:58[0m | [1mINFO    [0m | [1m主流程规则分桶跳过: bucket=manual_or_risk:华中农业大学14个样本转录组测序和8个样本自建库测序分析技术服务（委托）合同|S|客户-CHIP-SEQ文库|NA|MANUAL_RISK, count=2, reason=总量1.6G低于最小门槛2095.0G[0m
[32m2026-05-21 17:10:58[0m | [1mINFO    [0m | [1m主流程规则分桶跳过: bucket=manual_or_risk:浙二李丛笋老师6例原核转录组和扩增子分析技术服务（委托）合同|S|原核链特异性转录组文库|NA|MANUAL_RISK, count=2, reason=总量1.6G低于最小门槛2095.0G[0m
[32m2026-05-21 17:10:58[0m | [1mINFO    [0m | [1m主流程规则分桶跳过: bucket=manual_or_risk:郑州大学第一附属医院17例CUTTAG文库测序分析技术服务（委托）合同|S|客户-CUT-TAG文库|NA|MANUAL_RISK+IMBALANCE, count=1, reason=总量1.5G低于最小门槛1676.0G[0m
[32m2026-05-21 17:10:58[0m | [1mINFO    [0m | [1m主流程规则分桶跳过: bucket=manual_or_risk:（极速周期）ILLUMINA平台宏基因组测序分析分析技术服务（委托）合同|S|DNA小片段文库|NA|MANUAL_RISK, count=1, reason=总量1.3G低于最小门槛2095.0G[0m
[32m2026-05-21 17:10:58[0m | [1mINFO    [0m | [1m主流程规则分桶跳过: bucket=manual_or_risk:16个真核有参转录组测序分析-MXR分析技术服务（委托）合同|S|真核链特异性转录组文库|NA|MANUAL_RISK, count=1, reason=总量1.2G低于最小门槛2095.0G[0m
[32m2026-05-21 17:10:58[0m | [1mINFO    [0m | [1m主流程规则分桶跳过: bucket=manual_or_risk:哈工大12个小鼠脑组织转录组分析技术服务（委托）合同|S|VIP-真核普通转录组文库|NA|MANUAL_RISK, count=1, reason=总量1.2G低于最小门槛2095.0G[0m
[32m2026-05-21 17:10:58[0m | [1mINFO    [0m | [1m主流程规则分桶跳过: bucket=manual_or_risk:旌准自建库测序技术服务（委托）合同|S|客户-人目标区域文库|NA|MANUAL_RISK, count=1, reason=总量1.2G低于最小门槛2095.0G[0m
[32m2026-05-21 17:10:58[0m | [1mINFO    [0m | [1m主流程规则分桶跳过: bucket=manual_or_risk:林科院50例转录组测序分析技术服务（委托）合同|S|VIP-真核普通转录组文库|NA|MANUAL_RISK, count=1, reason=总量1.1G低于最小门槛2095.0G[0m
[32m2026-05-21 17:10:58[0m | [1mINFO    [0m | [1m主流程规则分桶跳过: bucket=manual_or_risk:500例客户自建库测序散样技术服务（委托）合同-XPP|S|客户-META文库|NA|SCATTERED+MANUAL_RISK, count=1, reason=总量1.0G低于最小门槛2095.0G[0m
[32m2026-05-21 17:10:58[0m | [1mINFO    [0m | [1m主流程规则分桶跳过: bucket=manual_or_risk:8个文库自建库测序技术服务（委托）合同-ZHF|S|客户-PCR产物|NA|MANUAL_RISK+IMBALANCE, count=1, reason=总量1.0G低于最小门槛1257.0G[0m
[32m2026-05-21 17:10:58[0m | [1mINFO    [0m | [1m主流程规则分桶跳过: bucket=manual_or_risk:云南省农业科学院生物技术与种质资源研究所50个样本无参转录组单拼技术服务（委托）合同|S|VIP-真核普通转录组文库|NA|MANUAL_RISK, count=1, reason=总量1.0G低于最小门槛2095.0G[0m
[32m2026-05-21 17:10:58[0m | [1mINFO    [0m | [1m主流程规则分桶跳过: bucket=manual_or_risk:北医100例样本自建库测序分析-DXY分析技术服务（委托）合同|S|客户-CHIP-SEQ文库|NA|MANUAL_RISK, count=1, reason=总量1.0G低于最小门槛2095.0G[0m
[32m2026-05-21 17:10:58[0m | [1mINFO    [0m | [1m主流程规则分桶跳过: bucket=manual_or_risk:广州实验室陈院士组WES+RNA测序合同分析技术服务（委托）合同|S|外显子文库|NA|MANUAL_RISK, count=1, reason=总量1.0G低于最小门槛2095.0G[0m
[32m2026-05-21 17:10:58[0m | [1mINFO    [0m | [1m主流程规则分桶跳过: bucket=manual_or_risk:微生物所1000例自建库测序分析技术服务（委托）合同|S|客户-扩增子文库|NA|MANUAL_RISK+IMBALANCE, count=1, reason=总量1.0G低于最小门槛1466.5G[0m
[32m2026-05-21 17:10:58[0m | [1mINFO    [0m | [1m主流程规则分桶跳过: bucket=manual_or_risk:浙江大学100个客户自建库测序X技术服务（委托）合同|S|客户-PCR产物|NA|MANUAL_RISK+IMBALANCE, count=1, reason=总量1.0G低于最小门槛1257.0G[0m
[32m2026-05-21 17:10:58[0m | [1mINFO    [0m | [1m主流程规则分桶跳过: bucket=manual_or_risk:电子科大40个样本PCR-FREE建库测序需CLEAN分析技术服务（委托）合同|S|PCR-FREE (PCR产物单建)|NA|MANUAL_RISK+IMBALANCE, count=1, reason=总量1.0G低于最小门槛2095.0G[0m
[32m2026-05-21 17:10:58[0m | [1mINFO    [0m | [1m主流程规则分桶跳过: bucket=manual_or_risk:2025-北化DNA样本NOVASEQ™ X PLUS建库测序技术服务（委托）合同-LMZ|S|微生物常规小片段文库|NA|MANUAL_RISK, count=1, reason=总量0.8G低于最小门槛2095.0G[0m
[32m2026-05-21 17:10:58[0m | [1mINFO    [0m | [1m主流程规则分桶跳过: bucket=manual_or_risk:NVUK2025081411-UKI-STORMTX-13-HUMAN-LNCRNA-12GB-WOBI|S|LNC非互作文库|NA|MANUAL_RISK, count=1, reason=总量0.8G低于最小门槛2095.0G[0m
[32m2026-05-21 17:10:58[0m | [1mINFO    [0m | [1m主流程规则分桶跳过: bucket=manual_or_risk:SJ-（极速周期）北大SH-RNA样本建库测序技术服务（委托）合同|S|VIP-真核普通转录组文库|NA|MANUAL_RISK, count=1, reason=总量0.8G低于最小门槛2095.0G[0m
[32m2026-05-21 17:10:58[0m | [1mINFO    [0m | [1m主流程规则分桶跳过: bucket=manual_or_risk:[乳企]-三元-3000个宏基因组分析技术服务（委托）合同|S|DNA小片段文库|NA|MANUAL_RISK, count=1, reason=总量0.8G低于最小门槛2095.0G[0m
[32m2026-05-21 17:10:58[0m | [1mINFO    [0m | [1m主流程规则分桶跳过: bucket=manual_or_risk:华中农业大学400个MRNA 链特异性建库测序技术服务（委托）合同|S|真核链特异性转录组文库|NA|MANUAL_RISK, count=1, reason=总量0.8G低于最小门槛2095.0G[0m
[32m2026-05-21 17:10:58[0m | [1mINFO    [0m | [1m主流程规则分桶跳过: bucket=manual_or_risk:南方医林樱老师52例转录组分析技术服务（委托）合同|S|VIP-真核普通转录组文库|NA|MANUAL_RISK, count=1, reason=总量0.8G低于最小门槛2095.0G[0m
[32m2026-05-21 17:10:58[0m | [1mINFO    [0m | [1m主流程规则分桶跳过: bucket=manual_or_risk:汕头大学医学院雷老师自建库测序分析技术服务（委托）合同|S|客户-CHIP-SEQ文库|NA|MANUAL_RISK, count=1, reason=总量0.8G低于最小门槛2095.0G[0m
[32m2026-05-21 17:10:58[0m | [1mINFO    [0m | [1m主流程规则分桶跳过: bucket=manual_or_risk:河南农业大学100例自建库测序项目分析技术服务（委托）合同|S|客户-动植物全基因组重测序文库|NA|MANUAL_RISK, count=1, reason=总量0.8G低于最小门槛2095.0G[0m
[32m2026-05-21 17:10:58[0m | [1mINFO    [0m | [1m主流程规则分桶跳过: bucket=manual_or_risk:疾控中心500例细菌框架图分析技术服务（委托）合同-刘凤|S|DNA小片段文库|NA|MANUAL_RISK, count=1, reason=总量0.8G低于最小门槛2095.0G[0m
[32m2026-05-21 17:10:58[0m | [1mINFO    [0m | [1m主流程规则分桶跳过: bucket=manual_or_risk:苏大儿童医院张子木200个真核链特转录组技术服务（委托）合同|S|真核链特异性转录组文库|NA|MANUAL_RISK, count=1, reason=总量0.8G低于最小门槛2095.0G[0m
[32m2026-05-21 17:10:58[0m | [1mINFO    [0m | [1m主流程规则分桶跳过: bucket=manual_or_risk:西农靳珂珂24个宏转录组分析技术服务（委托）合同|S|宏转录组|NA|MANUAL_RISK, count=1, reason=总量0.8G低于最小门槛2095.0G[0m
[32m2026-05-21 17:10:58[0m | [1mINFO    [0m | [1m主流程规则分桶跳过: bucket=manual_or_risk:项目10000个样本DNA小片段提取建库测序技术服务（委托）合同|S|DNA小片段文库|NA|MANUAL_RISK, count=1, reason=总量0.8G低于最小门槛2095.0G[0m
[32m2026-05-21 17:10:58[0m | [1mINFO    [0m | [1m主流程规则分桶跳过: bucket=manual_or_risk:（极速周期）北大SH-RNA样本建库测序技术服务（委托）合同|S|VIP-真核普通转录组文库|NA|MANUAL_RISK, count=1, reason=总量0.8G低于最小门槛2095.0G[0m
[32m2026-05-21 17:10:58[0m | [1mINFO    [0m | [1m主流程规则分桶跳过: bucket=manual_or_risk:HONG KONG-CUHK-PROF. JEROME HUI-FANNY LI-30 STRANDED RNASEQ 2G-48 SRNA 10M-WOBI-AMEA2025080602|S|真核链特异性转录组文库|NA|MANUAL_RISK, count=1, reason=总量0.5G低于最小门槛2095.0G[0m
[32m2026-05-21 17:10:58[0m | [1mINFO    [0m | [1m主流程规则分桶跳过: bucket=manual_or_risk:JQ_CUT TAG建库测序分析技术服务（委托）合同|S|CUT TAG文库（细胞）|NA|MANUAL_RISK+IMBALANCE, count=1, reason=总量0.5G低于最小门槛1676.0G[0m
[32m2026-05-21 17:10:58[0m | [1mINFO    [0m | [1m主流程规则分桶跳过: bucket=manual_or_risk:XPLUS自建库测序技术服务（委托）合同技术服务（委托）合同|S|客户-真核普通转录组文库|NA|MANUAL_RISK, count=1, reason=总量0.5G低于最小门槛2095.0G[0m
[32m2026-05-21 17:10:58[0m | [1mINFO    [0m | [1m主流程规则分桶跳过: bucket=manual_or_risk:国科大自建库测序NOVA X PLUS技术服务（委托）合同-2|S|客户-CHIP-SEQ文库|NA|MANUAL_RISK, count=1, reason=总量0.5G低于最小门槛2095.0G[0m
[32m2026-05-21 17:10:58[0m | [1mINFO    [0m | [1m主流程规则分桶跳过: bucket=manual_or_risk:瑞金医院6例ATAC和CUTTAG测序分析技术服务（委托）合同|S|客户-ATAC-SEQ文库|NA|MANUAL_RISK+IMBALANCE, count=1, reason=总量0.5G低于最小门槛1676.0G[0m
[32m2026-05-21 17:10:58[0m | [1mINFO    [0m | [1m主流程规则分桶跳过: bucket=manual_or_risk:贵州省烟草科学研究院RIBO数据测200M仅建库测序分析技术服务（委托）合同|S|RIBO-SEQ文库|NA|MANUAL_RISK+IMBALANCE, count=1, reason=总量0.5G低于最小门槛2095.0G[0m
[32m2026-05-21 17:10:58[0m | [1mINFO    [0m | [1m主流程规则分桶跳过: bucket=ten_x:西部中心24例10X单细胞测序分析技术服务（委托）合同|S|10X转录组-3'文库|NA|TENX+MANUAL_RISK+IMBALANCE, count=11, reason=总量721.7G低于最小门槛1995.0G[0m
[32m2026-05-21 17:10:58[0m | [1mINFO    [0m | [1m主流程规则分桶跳过: bucket=ten_x:精准医学25年自建库PE150测序技术服务（委托）合同|S|客户文库-10X VISIUM 文库|NA|TENX+MANUAL_RISK+IMBALANCE, count=8, reason=总量640.0G低于最小门槛1995.0G[0m
[32m2026-05-21 17:10:58[0m | [1mINFO    [0m | [1m主流程规则分桶跳过: bucket=ten_x:精准医学25年自建库PE150测序技术服务（委托）合同|S|客户-10X 3 单细胞转录组文库|NA|TENX+MANUAL_RISK+IMBALANCE, count=6, reason=总量540.0G低于最小门槛1995.0G[0m
[32m2026-05-21 17:10:58[0m | [1mINFO    [0m | [1m主流程规则分桶跳过: bucket=ten_x:天津医科大学总医院-10例10X3' V4试剂单细胞测序分析技术服务（委托）合同|S|10X转录组-3'文库|NA|TENX+MANUAL_RISK+IMBALANCE, count=8, reason=总量497.9G低于最小门槛1995.0G[0m
[32m2026-05-21 17:10:58[0m | [1mINFO    [0m | [1m主流程规则分桶跳过: bucket=ten_x:150个样本10X GENOMICS 3'端（V4试剂）单细胞转录组测序矩阵分析技术服务（委托）合同|S|10X转录组-3'文库|NA|TENX+MANUAL_RISK+IMBALANCE, count=9, reason=总量438.8G低于最小门槛1995.0G[0m
[32m2026-05-21 17:10:58[0m | [1mINFO    [0m | [1m主流程规则分桶跳过: bucket=ten_x:扬州大学医学院12个10X GENOMICS V4 GEMX单细胞测序分析技术服务（委托）合同|S|10X转录组-3'文库|NA|TENX+MANUAL_RISK+IMBALANCE, count=8, reason=总量431.9G低于最小门槛1995.0G[0m
[32m2026-05-21 17:10:58[0m | [1mINFO    [0m | [1m主流程规则分桶跳过: bucket=ten_x:基层医药学会10X HD空间转录组分析技术服务（委托）合同|S|10X HD VISIUM空间转录组文库(新)|NA|TENX+MANUAL_RISK+IMBALANCE, count=4, reason=总量420.0G低于最小门槛1990.2G[0m
[32m2026-05-21 17:10:58[0m | [1mINFO    [0m | [1m主流程规则分桶跳过: bucket=ten_x:长征医院30例单细胞GEM-FLEX-60G矩阵分析+30例空转VISIUM HD-100G矩阵分析技术服务（委托）合同|S|10X HD VISIUM空间转录组文库(新)|NA|TENX+MANUAL_RISK+IMBALANCE, count=4, reason=总量400.0G低于最小门槛1990.2G[0m
[32m2026-05-21 17:10:58[0m | [1mINFO    [0m | [1m主流程规则分桶跳过: bucket=ten_x:暨大-单细胞建库测序分析分析技术服务（委托）合同|S|10X转录组-3'文库|NA|TENX+MANUAL_RISK+IMBALANCE, count=5, reason=总量248.0G低于最小门槛1995.0G[0m
[32m2026-05-21 17:10:58[0m | [1mINFO    [0m | [1m主流程规则分桶跳过: bucket=ten_x:康龙化成（北京）2024-2025年度建库测序分析技术服务（委托）合同|S|客户-10X转录组文库|NA|TENX+MANUAL_RISK+IMBALANCE, count=3, reason=总量200.0G低于最小门槛2095.0G[0m
[32m2026-05-21 17:10:58[0m | [1mINFO    [0m | [1m主流程规则分桶跳过: bucket=ten_x:50例自建库测序技术服务（委托）合同-高世栋|S|客户-10X 5 单细胞转录组文库|NA|TENX+MANUAL_RISK+IMBALANCE, count=2, reason=总量200.0G低于最小门槛1995.0G[0m
[32m2026-05-21 17:10:58[0m | [1mINFO    [0m | [1m主流程规则分桶跳过: bucket=ten_x:2025年深圳微科盟单细胞测序分析技术服务（委托）合同|S|10X转录组-3'文库|NA|TENX+MANUAL_RISK+IMBALANCE, count=4, reason=总量189.1G低于最小门槛1995.0G[0m
[32m2026-05-21 17:10:58[0m | [1mINFO    [0m | [1m主流程规则分桶跳过: bucket=ten_x:山东省立医院50例单细胞+VDJ分析技术服务（委托）合同|S|10X转录组-5'文库|NA|TENX+MANUAL_RISK+IMBALANCE, count=2, reason=总量162.0G低于最小门槛1995.0G[0m
[32m2026-05-21 17:10:58[0m | [1mINFO    [0m | [1m主流程规则分桶跳过: bucket=ten_x:浙大二院张国强老师6例单细胞测序技术服务（委托）合同|S|10X转录组-3'文库|NA|TENX+MANUAL_RISK+IMBALANCE, count=3, reason=总量150.0G低于最小门槛1995.0G[0m
[32m2026-05-21 17:10:58[0m | [1mINFO    [0m | [1m主流程规则分桶跳过: bucket=ten_x:首医（人）尸体筋膜V3 100G矩阵分析技术服务（委托）合同|S|10X转录组-3'文库|NA|TENX+MANUAL_RISK+IMBALANCE, count=3, reason=总量147.4G低于最小门槛1995.0G[0m
[32m2026-05-21 17:10:58[0m | [1mINFO    [0m | [1m主流程规则分桶跳过: bucket=ten_x:7例3端单细胞转录组测序分析技术服务（委托）合同-CXX|S|10X转录组-3'文库|NA|TENX+MANUAL_RISK+IMBALANCE, count=3, reason=总量134.4G低于最小门槛1995.0G[0m
[32m2026-05-21 17:10:58[0m | [1mINFO    [0m | [1m主流程规则分桶跳过: bucket=ten_x:HONG KONG-CUHK-PROF. SU QI-12 MOUSE BRAIN OCT-VISIUM HD-X PLUS 210G-12 SPATIAL METABOLOMICS IN 2 SLIDES 50UM-STANDARD ANALYSIS-WBI-AMEA2025070737|S|10X HD VISIUM空间转录组文库(新)|NA|TENX+MANUAL_RISK+IMBALANCE, count=3, reason=总量130.4G低于最小门槛1990.2G[0m
[32m2026-05-21 17:10:58[0m | [1mINFO    [0m | [1m主流程规则分桶跳过: bucket=ten_x:宣武医院40例5'端单细胞+VDJ分析技术服务（委托）合同-ZYT|S|10X转录组-5'文库|NA|TENX+MANUAL_RISK+IMBALANCE, count=3, reason=总量125.4G低于最小门槛1995.0G[0m
[32m2026-05-21 17:10:58[0m | [1mINFO    [0m | [1m主流程规则分桶跳过: bucket=ten_x:广医三院3例睾丸组织单细胞测序分析技术服务（委托）合同|S|10X转录组-3'文库|NA|TENX+MANUAL_RISK+IMBALANCE, count=3, reason=总量124.6G低于最小门槛1995.0G[0m
[32m2026-05-21 17:10:58[0m | [1mINFO    [0m | [1m主流程规则分桶跳过: bucket=ten_x:复旦大学 张政辉 12例 10X3''单细胞测序矩阵分析技术服务（委托）合同|S|10X转录组-3'文库|NA|TENX+MANUAL_RISK+IMBALANCE, count=2, reason=总量100.1G低于最小门槛1995.0G[0m
[32m2026-05-21 17:10:58[0m | [1mINFO    [0m | [1m主流程规则分桶跳过: bucket=ten_x:6例样本单细胞测序分析技术服务（委托）合同-ZHX|S|10X转录组-3'文库|NA|TENX+MANUAL_RISK+IMBALANCE, count=2, reason=总量100.0G低于最小门槛1995.0G[0m
[32m2026-05-21 17:10:58[0m | [1mINFO    [0m | [1m主流程规则分桶跳过: bucket=ten_x:2个样本10X GENOMICS 3'端单细胞转录组分析技术服务（委托）合同-LX|S|10X转录组-3'文库|NA|TENX+MANUAL_RISK+IMBALANCE, count=2, reason=总量100.0G低于最小门槛1995.0G[0m
[32m2026-05-21 17:10:58[0m | [1mINFO    [0m | [1m主流程规则分桶跳过: bucket=ten_x:浙江大学2个10X GENOMICS 3端单细胞转录组建库测序X技术服务（委托）合同|S|10X转录组-3'文库|NA|TENX+MANUAL_RISK+IMBALANCE, count=2, reason=总量94.9G低于最小门槛1995.0G[0m
[32m2026-05-21 17:10:58[0m | [1mINFO    [0m | [1m主流程规则分桶跳过: bucket=ten_x:130例食管癌10X GENOMICS GEM-X +V4试剂单细胞转录组测序分析技术服务（委托）合同|S|10X转录组-3'文库|NA|TENX+MANUAL_RISK+IMBALANCE, count=1, reason=总量81.5G低于最小门槛1995.0G[0m
[32m2026-05-21 17:10:58[0m | [1mINFO    [0m | [1m主流程规则分桶跳过: bucket=ten_x:北妇产刘群老师（苗劲蔚组）10X GENOMICS单细胞转录组150G高级分析项目协议-2025.4.18|S|10X转录组-3'文库|NA|TENX+MANUAL_RISK+IMBALANCE, count=1, reason=总量81.1G低于最小门槛1995.0G[0m
[32m2026-05-21 17:10:58[0m | [1mINFO    [0m | [1m主流程规则分桶跳过: bucket=ten_x:四川大学华西医院5个单细胞核转录组建库测序技术服务（委托）合同|S|10X转录组-3'文库|NA|TENX+MANUAL_RISK+IMBALANCE, count=2, reason=总量70.0G低于最小门槛1995.0G[0m
[32m2026-05-21 17:10:59[0m | [1mINFO    [0m | [1m主流程规则分桶跳过: bucket=ten_x:深圳市人民医院小鼠样本10X 5端+TCR+BCR 单细胞转录组建库测序及高级分析技术服务（委托）合同|S|10X转录组V(D)J-TCR文库|NA|TENX+MANUAL_RISK+IMBALANCE, count=8, reason=总量54.6G低于最小门槛1995.0G[0m
[32m2026-05-21 17:10:59[0m | [1mINFO    [0m | [1m主流程规则分桶跳过: bucket=ten_x:深圳市人民医院小鼠样本10X 5端+TCR+BCR 单细胞转录组建库测序及高级分析技术服务（委托）合同|S|10X转录组V(D)J-BCR文库|NA|TENX+MANUAL_RISK+IMBALANCE, count=8, reason=总量53.7G低于最小门槛1995.0G[0m
[32m2026-05-21 17:10:59[0m | [1mINFO    [0m | [1m主流程规则分桶跳过: bucket=ten_x:北京儿童医院12例10X3单细胞转录组测序分析技术服务（委托）合同|S|10X转录组-3'文库|NA|TENX+MANUAL_RISK+IMBALANCE, count=1, reason=总量52.2G低于最小门槛1995.0G[0m
[32m2026-05-21 17:10:59[0m | [1mINFO    [0m | [1m主流程规则分桶跳过: bucket=ten_x:山东省肿瘤医院30例单细胞+TCR分析技术服务（委托）合同-张娜莎（北京）|S|10X转录组-5'文库|NA|TENX+MANUAL_RISK+IMBALANCE, count=1, reason=总量51.3G低于最小门槛1995.0G[0m
[32m2026-05-21 17:10:59[0m | [1mINFO    [0m | [1m主流程规则分桶跳过: bucket=ten_x:耳研所赵妍50例单细胞检测分析分析技术服务（委托）合同|S|10X转录组-3'文库|NA|TENX+MANUAL_RISK+IMBALANCE, count=1, reason=总量50.1G低于最小门槛1995.0G[0m
[32m2026-05-21 17:10:59[0m | [1mINFO    [0m | [1m主流程规则分桶跳过: bucket=ten_x:山东省立医院50例单细胞+VDJ分析技术服务（委托）合同|S|10X转录组V(D)J-TCR文库|NA|TENX+MANUAL_RISK+IMBALANCE, count=5, reason=总量50.0G低于最小门槛1995.0G[0m
[32m2026-05-21 17:10:59[0m | [1mINFO    [0m | [1m主流程规则分桶跳过: bucket=ten_x:2例单细胞(V4)技术服务合同分析技术服务（委托）合同|S|10X转录组-3'文库|NA|TENX+MANUAL_RISK+IMBALANCE, count=1, reason=总量50.0G低于最小门槛1995.0G[0m
[32m2026-05-21 17:10:59[0m | [1mINFO    [0m | [1m主流程规则分桶跳过: bucket=ten_x:天坛医院李金蔚50例单细胞3'转录组建库测序-202505分析技术服务（委托）合同|S|10X转录组-3'文库|NA|TENX+MANUAL_RISK+IMBALANCE, count=1, reason=总量50.0G低于最小门槛1995.0G[0m
[32m2026-05-21 17:10:59[0m | [1mINFO    [0m | [1m主流程规则分桶跳过: bucket=ten_x:神外所2例单细胞3'转录组测序分析-250805分析技术服务（委托）合同|S|10X转录组-3'文库|NA|TENX+MANUAL_RISK+IMBALANCE, count=1, reason=总量50.0G低于最小门槛1995.0G[0m
[32m2026-05-21 17:10:59[0m | [1mINFO    [0m | [1m主流程规则分桶跳过: bucket=ten_x:300个单细胞文库测序技术服务（委托）合同|S|客户-单细胞文库|NA|TENX+MANUAL_RISK+IMBALANCE, count=2, reason=总量46.3G低于最小门槛1843.6G[0m
[32m2026-05-21 17:10:59[0m | [1mINFO    [0m | [1m主流程规则分桶跳过: bucket=ten_x:山东大学4例10X3'单细胞建库测序矩阵分析技术服务（委托）合同-邵琪琪|S|10X转录组-3'文库|NA|TENX+MANUAL_RISK+IMBALANCE, count=1, reason=总量42.0G低于最小门槛1995.0G[0m
[32m2026-05-21 17:10:59[0m | [1mINFO    [0m | [1m主流程规则分桶跳过: bucket=ten_x:深圳市人民医院小鼠样本10X 5端+TCR+BCR 单细胞转录组建库测序及高级分析技术服务（委托）合同|S|10X转录组-5'文库|NA|TENX+MANUAL_RISK+IMBALANCE, count=7, reason=总量35.3G低于最小门槛1995.0G[0m
[32m2026-05-21 17:10:59[0m | [1mINFO    [0m | [1m主流程规则分桶跳过: bucket=ten_x:NVUK2025072303-EU-ES-IBS-8 SMARTER RNA-SEQUENCING 6G-ANGEL-WBI|S|单细胞文库|NA|TENX+MANUAL_RISK+IMBALANCE, count=5, reason=总量30.0G低于最小门槛1843.6G[0m
[32m2026-05-21 17:10:59[0m | [1mINFO    [0m | [1m主流程规则分桶跳过: bucket=ten_x:NVNL2025070703-NL-AMC_2 SAMPLES MRNASEQ_15GB WOBI|S|单细胞文库|NA|TENX+MANUAL_RISK+IMBALANCE, count=2, reason=总量30.0G低于最小门槛1843.6G[0m
[32m2026-05-21 17:10:59[0m | [1mINFO    [0m | [1m主流程规则分桶跳过: bucket=ten_x:李航山西医科大学6个3端单细胞转录组测序分析技术服务（委托）合同|S|10X转录组-3'文库|NA|TENX+MANUAL_RISK+IMBALANCE, count=1, reason=总量26.9G低于最小门槛1995.0G[0m
[32m2026-05-21 17:10:59[0m | [1mINFO    [0m | [1m主流程规则分桶跳过: bucket=ten_x:西湖大学程赛凤LAB自建库测序（XPLUS）试测技术服务（委托）合同|S|客户-10X 3 单细胞转录组文库|NA|TENX+MANUAL_RISK+IMBALANCE, count=2, reason=总量25.7G低于最小门槛1995.0G[0m
[32m2026-05-21 17:10:59[0m | [1mINFO    [0m | [1m主流程规则分桶跳过: bucket=ten_x:博迪贺康12例小鼠小肠单细胞转录组测序分析技术服务（委托）合同|S|10X转录组-3'文库|NA|TENX+MANUAL_RISK+IMBALANCE, count=1, reason=总量24.8G低于最小门槛1995.0G[0m
[32m2026-05-21 17:10:59[0m | [1mINFO    [0m | [1m主流程规则分桶跳过: bucket=ten_x:神外所20例单细胞三代全长转录组（0NT）+10例单细胞5'转录组+TCR+BCR建库测序分析技术服务（委托）合同|S|10X转录组V(D)J-TCR文库|NA|TENX+MANUAL_RISK+IMBALANCE, count=2, reason=总量20.0G低于最小门槛1995.0G[0m
[32m2026-05-21 17:10:59[0m | [1mINFO    [0m | [1m主流程规则分桶跳过: bucket=ten_x:NVUK2025080737-EU-ES-URJC-EXOLNCRNA-SMARTERMRNA-2-4-HUMAN-JAVIER-12GB-6GB-WOBI_PILOT|S|单细胞文库|NA|TENX+MANUAL_RISK+IMBALANCE, count=2, reason=总量12.0G低于最小门槛1843.6G[0m
[32m2026-05-21 17:10:59[0m | [1mINFO    [0m | [1m主流程规则分桶跳过: bucket=ten_x:100例5端单细胞+B+T+30例HD空转测序分析技术服务（委托）合同-ZN|S|10X转录组V(D)J-TCR文库|NA|TENX+MANUAL_RISK+IMBALANCE, count=1, reason=总量10.0G低于最小门槛1995.0G[0m
[32m2026-05-21 17:10:59[0m | [1mINFO    [0m | [1m主流程规则分桶跳过: bucket=ten_x:100例样本单细胞5+T+B测序分析技术服务（委托）合同-LY|S|10X转录组V(D)J-BCR文库|NA|TENX+MANUAL_RISK+IMBALANCE, count=1, reason=总量10.0G低于最小门槛1995.0G[0m
[32m2026-05-21 17:10:59[0m | [1mINFO    [0m | [1m主流程规则分桶跳过: bucket=ten_x:100例样本单细胞5+T+B测序分析技术服务（委托）合同-LY|S|10X转录组V(D)J-TCR文库|NA|TENX+MANUAL_RISK+IMBALANCE, count=1, reason=总量10.0G低于最小门槛1995.0G[0m
[32m2026-05-21 17:10:59[0m | [1mINFO    [0m | [1m主流程规则分桶跳过: bucket=ten_x:山东省立医院50例单细胞+VDJ分析技术服务（委托）合同|S|10X转录组V(D)J-BCR文库|NA|TENX+MANUAL_RISK+IMBALANCE, count=1, reason=总量10.0G低于最小门槛1995.0G[0m
[32m2026-05-21 17:10:59[0m | [1mINFO    [0m | [1m主流程规则分桶跳过: bucket=ten_x:智新浩正21例10XV3 5'+BCR+TCR单细胞转录组测序分析技术服务合同-1|S|10X转录组V(D)J-BCR文库|NA|TENX+MANUAL_RISK+IMBALANCE, count=1, reason=总量10.0G低于最小门槛1995.0G[0m
[32m2026-05-21 17:10:59[0m | [1mINFO    [0m | [1m主流程规则分桶跳过: bucket=ten_x:智新浩正21例10XV3 5'+BCR+TCR单细胞转录组测序分析技术服务合同-1|S|10X转录组V(D)J-TCR文库|NA|TENX+MANUAL_RISK+IMBALANCE, count=1, reason=总量10.0G低于最小门槛1995.0G[0m
[32m2026-05-21 17:10:59[0m | [1mINFO    [0m | [1m主流程规则分桶跳过: bucket=ten_x:XPLUS自建库测序技术服务（委托）合同技术服务（委托）合同|S|客户-寻因单细胞文库|NA|TENX+MANUAL_RISK+IMBALANCE, count=1, reason=总量8.7G低于最小门槛1676.0G[0m
[32m2026-05-21 17:10:59[0m | [1mINFO    [0m | [1m主流程规则分桶跳过: bucket=ten_x:宣武医院40例5'端单细胞+VDJ分析技术服务（委托）合同-ZYT|S|10X转录组V(D)J-BCR文库|NA|TENX+MANUAL_RISK+IMBALANCE, count=4, reason=总量5.8G低于最小门槛1995.0G[0m
[32m2026-05-21 17:10:59[0m | [1mINFO    [0m | [1m主流程规则分桶跳过: bucket=ten_x:中国科学院大连化学物理研究所50个样本的自建库分析技术服务（委托）合同|S|客户-单细胞文库|NA|TENX+MANUAL_RISK+IMBALANCE, count=5, reason=总量5.0G低于最小门槛1843.6G[0m
[32m2026-05-21 17:10:59[0m | [1mINFO    [0m | [1m主流程规则分桶跳过: bucket=ten_x:JAPAN-CHEMICAL-9-HUMAN-SE50-DS-CDNA-RNASEQ-5M-WOBI-東京都小金井市-農工大-生命工学-吉野研-吉野先生-AMEA2025073135|S|单细胞文库|NA|TENX+MANUAL_RISK+IMBALANCE, count=1, reason=总量2.0G低于最小门槛1843.6G[0m
[32m2026-05-21 17:10:59[0m | [1mINFO    [0m | [1m主流程规则分桶跳过: bucket=ten_x:ZDQ-中日联10个单细胞转录组测序分析技术服务（委托）合同|S|10X转录组-3'文库|NA|TENX+MANUAL_RISK+IMBALANCE, count=1, reason=总量1.7G低于最小门槛1995.0G[0m
[32m2026-05-21 17:10:59[0m | [1mINFO    [0m | [1m主流程规则分桶跳过: bucket=ten_x:21例10XV3 5'+BCR+TCR单细胞转录组测序分析技术服务合同|S|10X转录组V(D)J-BCR文库|NA|TENX+MANUAL_RISK+IMBALANCE, count=1, reason=总量1.4G低于最小门槛1995.0G[0m
[32m2026-05-21 17:10:59[0m | [1mINFO    [0m | [1m主流程规则分桶跳过: bucket=ten_x:自建库+转录组建库测序分析(X)技术服务（委托）合同|S|客户-单细胞文库|NA|TENX+MANUAL_RISK+IMBALANCE, count=1, reason=总量0.8G低于最小门槛1843.6G[0m
[32m2026-05-21 17:10:59[0m | [1mINFO    [0m | [1m主流程规则分桶跳过: bucket=general:康龙化成（北京）2024-2025年度建库测序分析技术服务（委托）合同|Z|真核链特异性转录组文库|NA|NORMAL, count=235, reason=总量1410.0G低于最小门槛2095.0G[0m
[32m2026-05-21 17:10:59[0m | [1mINFO    [0m | [1m主流程规则分桶跳过: bucket=general:内蒙古双奇药业股份有限公司25年宏基因组测序分析技术服务（委托）合同|Z|DNA小片段文库|NA|NORMAL, count=124, reason=总量626.9G低于最小门槛2095.0G[0m
[32m2026-05-21 17:10:59[0m | [1mINFO    [0m | [1m主流程规则分桶跳过: bucket=general:269个蜜蜂7G基因组测序XPLUS分析技术服务（委托）合同|Z|DNA小片段文库|NA|NORMAL, count=139, reason=总量445.0G低于最小门槛2095.0G[0m
[32m2026-05-21 17:10:59[0m | [1mINFO    [0m | [1m主流程规则分桶跳过: bucket=general:内蒙古大学100个宏基因组测序分析技术服务委托合同|Z|DNA小片段文库|NA|NORMAL, count=113, reason=总量380.3G低于最小门槛2095.0G[0m
[32m2026-05-21 17:10:59[0m | [1mINFO    [0m | [1m主流程规则分桶跳过: bucket=general:宁波大学海洋学院117个扩增子+2个宏基因组测序分析技术服务（委托）合同|Z|DNA小片段文库|NA|NORMAL, count=32, reason=总量292.8G低于最小门槛2095.0G[0m
[32m2026-05-21 17:10:59[0m | [1mINFO    [0m | [1m主流程规则分桶跳过: bucket=general:2025年深圳微科盟NGS测序分析技术服务（委托）合同|Z|DNA小片段文库|NA|NORMAL, count=78, reason=总量286.6G低于最小门槛2095.0G[0m
[32m2026-05-21 17:10:59[0m | [1mINFO    [0m | [1m主流程规则分桶跳过: bucket=general:地理所126个宏基因组+252个扩增子分析技术服务（委托）合同|Z|DNA小片段文库|NA|NORMAL, count=125, reason=总量279.0G低于最小门槛2095.0G[0m
[32m2026-05-21 17:10:59[0m | [1mINFO    [0m | [1m主流程规则分桶跳过: bucket=general:广医脑科郑娜娜老师200例转录组分析技术服务（委托）合同|Z|VIP-真核普通转录组文库|NA|NORMAL, count=42, reason=总量252.0G低于最小门槛2095.0G[0m
[32m2026-05-21 17:10:59[0m | [1mINFO    [0m | [1m主流程规则分桶跳过: bucket=general:新桥医院 120例转录组+18例ITS+24例宏基因组测序分析技术服务（委托）合同|Z|VIP-真核普通转录组文库|NA|NORMAL, count=98, reason=总量239.6G低于最小门槛2095.0G[0m
[32m2026-05-21 17:10:59[0m | [1mINFO    [0m | [1m主流程规则分桶跳过: bucket=general:苏州京脉25-RNA真核链特转录组建库测序项目技术服务（委托）合同|Z|真核链特异性转录组文库|NA|NORMAL, count=45, reason=总量234.3G低于最小门槛2095.0G[0m
[32m2026-05-21 17:10:59[0m | [1mINFO    [0m | [1m主流程规则分桶跳过: bucket=general:菲沙25年转录组框架分析技术服务（委托）合同|Z|VIP-真核普通转录组文库|NA|NORMAL, count=86, reason=总量216.2G低于最小门槛2095.0G[0m
[32m2026-05-21 17:10:59[0m | [1mINFO    [0m | [1m主流程规则分桶跳过: bucket=general:YC后海生物-2025年度建库测序项目分析技术服务（委托）合同|Z|DNA小片段文库|NA|NORMAL, count=19, reason=总量198.4G低于最小门槛2095.0G[0m
[32m2026-05-21 17:10:59[0m | [1mINFO    [0m | [1m主流程规则分桶跳过: bucket=general:20个样本宏病毒组+宏基因组+扩增子建库测序分析技术服务（委托）合同|Z|DNA小片段文库|NA|NORMAL, count=4, reason=总量170.4G低于最小门槛2095.0G[0m
[32m2026-05-21 17:10:59[0m | [1mINFO    [0m | [1m主流程规则分桶跳过: bucket=general:LY_600例宏基因组建库测序分析技术服务（委托）合同|Z|DNA小片段文库|NA|NORMAL, count=65, reason=总量157.2G低于最小门槛2095.0G[0m
[32m2026-05-21 17:10:59[0m | [1mINFO    [0m | [1m主流程规则分桶跳过: bucket=general:江南大学META建库测序-2025分析技术服务（委托）合同|Z|DNA小片段文库|NA|NORMAL, count=34, reason=总量141.4G低于最小门槛2095.0G[0m
[32m2026-05-21 17:10:59[0m | [1mINFO    [0m | [1m主流程规则分桶跳过: bucket=general:荷叶铁线蕨-丰都车前-疏花水柏枝等三种优异植物资源重要性状形成的分子遗传机制及关键基因发掘和鉴定科研项目测试化验加工合同|Z|VIP-真核普通转录组文库|NA|NORMAL, count=23, reason=总量138.0G低于最小门槛2095.0G[0m
[32m2026-05-21 17:10:59[0m | [1mINFO    [0m | [1m主流程规则分桶跳过: bucket=general:5月枫梓25年测序项目技术服务（委托）合同|Z|VIP-真核普通转录组文库|NA|NORMAL, count=47, reason=总量133.7G低于最小门槛2095.0G[0m
[32m2026-05-21 17:10:59[0m | [1mINFO    [0m | [1m主流程规则分桶跳过: bucket=general:（极速周期）ILLUMINA平台宏基因组测序分析分析技术服务（委托）合同|Z|DNA小片段文库|NA|NORMAL, count=25, reason=总量121.3G低于最小门槛2095.0G[0m
[32m2026-05-21 17:10:59[0m | [1mINFO    [0m | [1m主流程规则分桶跳过: bucket=general:海岸带所30个牡蛎转录组测序分析技术服务（委托）合同|Z|VIP-真核普通转录组文库|NA|NORMAL, count=19, reason=总量114.0G低于最小门槛2095.0G[0m
[32m2026-05-21 17:10:59[0m | [1mINFO    [0m | [1m主流程规则分桶跳过: bucket=general:30个META提取建库测序分析技术服务（委托）合同|Z|DNA小片段文库|NA|NORMAL, count=30, reason=总量113.2G低于最小门槛2095.0G[0m
[32m2026-05-21 17:10:59[0m | [1mINFO    [0m | [1m主流程规则分桶跳过: bucket=general:转录组-8测序分析技术服务（委托）合同|Z|VIP-真核普通转录组文库|NA|NORMAL, count=18, reason=总量108.0G低于最小门槛2095.0G[0m
[32m2026-05-21 17:10:59[0m | [1mINFO    [0m | [1m主流程规则分桶跳过: bucket=general:国科大100例转录组链特定量分析技术服务（委托）合同|Z|真核链特异性转录组文库|NA|NORMAL, count=17, reason=总量102.0G低于最小门槛2095.0G[0m
[32m2026-05-21 17:10:59[0m | [1mINFO    [0m | [1m主流程规则分桶跳过: bucket=general:博奥晶典ILLUMINA建库测序及质控 技术服务（委托）合同-2025|Z|VIP-真核普通转录组文库|NA|NORMAL, count=32, reason=总量101.9G低于最小门槛2095.0G[0m
[32m2026-05-21 17:10:59[0m | [1mINFO    [0m | [1m主流程规则分桶跳过: bucket=general:45个皮肤拭子+46个眼部拭子（16 SV 3V4+ITS1~5F）+41个粪便宏基因组测序分析技术服务（委托）合同|Z|DNA小片段文库|NA|NORMAL, count=41, reason=总量92.7G低于最小门槛2095.0G[0m
[32m2026-05-21 17:10:59[0m | [1mINFO    [0m | [1m主流程规则分桶跳过: bucket=general:广州海洋实验室-魏老师组多组学-2025分析技术服务（委托）合同|Z|VIP-真核普通转录组文库|NA|NORMAL, count=32, reason=总量84.0G低于最小门槛2095.0G[0m
[32m2026-05-21 17:10:59[0m | [1mINFO    [0m | [1m主流程规则分桶跳过: bucket=general:天津医院3例全基因组测序分析技术服务（委托）合同-张春智|Z|DNA小片段文库|NA|NORMAL, count=3, reason=总量81.7G低于最小门槛2095.0G[0m
[32m2026-05-21 17:10:59[0m | [1mINFO    [0m | [1m主流程规则分桶跳过: bucket=general:微生物所姜霁航老师转录组测序（框架）分析技术服务（委托）合同|Z|VIP-真核普通转录组文库|NA|NORMAL, count=33, reason=总量81.7G低于最小门槛2095.0G[0m
[32m2026-05-21 17:10:59[0m | [1mINFO    [0m | [1m主流程规则分桶跳过: bucket=general:1000 个转录组和1500个宏基因组建库测序技术服务 （委托）合同-TZL|Z|VIP-真核普通转录组文库|NA|NORMAL, count=15, reason=总量73.7G低于最小门槛2095.0G[0m
[32m2026-05-21 17:10:59[0m | [1mINFO    [0m | [1m主流程规则分桶跳过: bucket=general:宣武医院9例转录组分析技术服务（委托）合同|Z|VIP-真核普通转录组文库|NA|NORMAL, count=12, reason=总量72.0G低于最小门槛2095.0G[0m
[32m2026-05-21 17:10:59[0m | [1mINFO    [0m | [1m主流程规则分桶跳过: bucket=general:林果所48例二代转录组+1例三代全长转录组分析-Y技术服务（委托）合同|Z|VIP-真核普通转录组文库|NA|NORMAL, count=12, reason=总量72.0G低于最小门槛2095.0G[0m
[32m2026-05-21 17:10:59[0m | [1mINFO    [0m | [1m主流程规则分桶跳过: bucket=general:78个皮肤拭子+78个眼部拭子（16S V34+ITS1~5F）+68个粪便宏基因组测序分析技术服务（委托）合同|Z|DNA小片段文库|NA|NORMAL, count=33, reason=总量70.4G低于最小门槛2095.0G[0m
[32m2026-05-21 17:10:59[0m | [1mINFO    [0m | [1m主流程规则分桶跳过: bucket=general:竹藤300链特转录组分析技术服务（委托）合同|Z|真核链特异性转录组文库|NA|NORMAL, count=28, reason=总量61.1G低于最小门槛2095.0G[0m
[32m2026-05-21 17:10:59[0m | [1mINFO    [0m | [1m主流程规则分桶跳过: bucket=general:项目2100个样本转录组测序分析技术服务（委托）合同|Z|VIP-真核普通转录组文库|NA|NORMAL, count=24, reason=总量60.3G低于最小门槛2095.0G[0m
[32m2026-05-21 17:10:59[0m | [1mINFO    [0m | [1m主流程规则分桶跳过: bucket=general:50例真核转录组+原核转录组分析技术服务（委托）合同|Z|VIP-真核普通转录组文库|NA|NORMAL, count=19, reason=总量54.8G低于最小门槛2095.0G[0m
[32m2026-05-21 17:10:59[0m | [1mINFO    [0m | [1m主流程规则分桶跳过: bucket=general:新桥医院 18例小鼠卵巢转录组测序分析技术服务（委托）合同|Z|VIP-真核普通转录组文库|NA|NORMAL, count=18, reason=总量53.9G低于最小门槛2095.0G[0m
[32m2026-05-21 17:10:59[0m | [1mINFO    [0m | [1m主流程规则分桶跳过: bucket=general:动科所18个16S扩增子、非靶代谢和转录组建库测序分析技术服务（委托）合同|Z|VIP-真核普通转录组文库|NA|NORMAL, count=18, reason=总量52.6G低于最小门槛2095.0G[0m
[32m2026-05-21 17:10:59[0m | [1mINFO    [0m | [1m主流程规则分桶跳过: bucket=general:广州医科大学25例链特异性转录组建库测序技术服务（委托）合同|Z|真核链特异性转录组文库|NA|NORMAL, count=25, reason=总量50.9G低于最小门槛2095.0G[0m
[32m2026-05-21 17:10:59[0m | [1mINFO    [0m | [1m主流程规则分桶跳过: bucket=general:2025年福建漫修生物宏基因组建库测序技术服务（委托）合同|Z|DNA小片段文库|NA|NORMAL, count=12, reason=总量48.5G低于最小门槛2095.0G[0m
[32m2026-05-21 17:10:59[0m | [1mINFO    [0m | [1m主流程规则分桶跳过: bucket=general:浙江农林大学暨阳学院18个转录组测序分析技术服务（委托）合同|Z|VIP-真核普通转录组文库|NA|NORMAL, count=18, reason=总量47.6G低于最小门槛2095.0G[0m
[32m2026-05-21 17:10:59[0m | [1mINFO    [0m | [1m主流程规则分桶跳过: bucket=general:台州疾控盛莹二代细菌基因组建库测序技术服务（委托）合同|Z|DNA小片段文库|NA|NORMAL, count=58, reason=总量46.6G低于最小门槛2095.0G[0m
[32m2026-05-21 17:10:59[0m | [1mINFO    [0m | [1m主流程规则分桶跳过: bucket=general:内蒙古农业大学单菌基因组建库测序技术服务（委托）合同|Z|DNA小片段文库|NA|NORMAL, count=58, reason=总量46.4G低于最小门槛2095.0G[0m
[32m2026-05-21 17:10:59[0m | [1mINFO    [0m | [1m主流程规则分桶跳过: bucket=general:内蒙古农业大学单菌菌体二代建库测序质控技术服务（委托）合同|Z|DNA小片段文库|NA|NORMAL, count=56, reason=总量44.8G低于最小门槛2095.0G[0m
[32m2026-05-21 17:10:59[0m | [1mINFO    [0m | [1m主流程规则分桶跳过: bucket=general:南华大学18个转录+30个蛋白+110个代谢检测分析技术服务（委托）合同|Z|VIP-真核普通转录组文库|NA|NORMAL, count=18, reason=总量43.6G低于最小门槛2095.0G[0m
[32m2026-05-21 17:10:59[0m | [1mINFO    [0m | [1m主流程规则分桶跳过: bucket=general:50例转录组测序分析技术服务（委托）合同-LYX|Z|VIP-真核普通转录组文库|NA|NORMAL, count=18, reason=总量42.7G低于最小门槛2095.0G[0m
[32m2026-05-21 17:10:59[0m | [1mINFO    [0m | [1m主流程规则分桶跳过: bucket=general:25年下半年100例宏基因组建库测序分析技术服务（委托）合同|Z|DNA小片段文库|NA|NORMAL, count=9, reason=总量42.2G低于最小门槛2095.0G[0m
[32m2026-05-21 17:10:59[0m | [1mINFO    [0m | [1m主流程规则分桶跳过: bucket=general:科服+2025年影子转录组及扩增子框架分析技术服务（委托）合同|Z|VIP-真核普通转录组文库|NA|NORMAL, count=18, reason=总量41.1G低于最小门槛2095.0G[0m
[32m2026-05-21 17:10:59[0m | [1mINFO    [0m | [1m主流程规则分桶跳过: bucket=general:资环所10个土壤宏基因组分析技术服务（委托）合同|Z|DNA小片段文库|NA|NORMAL, count=10, reason=总量39.0G低于最小门槛2095.0G[0m
[32m2026-05-21 17:10:59[0m | [1mINFO    [0m | [1m主流程规则分桶跳过: bucket=general:珠江医院汪胜宇300个宏基因组分析技术服务（委托）合同|Z|DNA小片段文库|NA|NORMAL, count=8, reason=总量36.6G低于最小门槛2095.0G[0m
[32m2026-05-21 17:10:59[0m | [1mINFO    [0m | [1m主流程规则分桶跳过: bucket=general:北医三院16个转录组+代谢组分析技术服务（委托）合同|Z|VIP-真核普通转录组文库|NA|NORMAL, count=16, reason=总量36.4G低于最小门槛2095.0G[0m
[32m2026-05-21 17:10:59[0m | [1mINFO    [0m | [1m主流程规则分桶跳过: bucket=general:北京儿童医院15例WGS测序分析技术服务（委托）合同|Z|DNA小片段文库|NA|NORMAL, count=1, reason=总量36.1G低于最小门槛2095.0G[0m
[32m2026-05-21 17:10:59[0m | [1mINFO    [0m | [1m主流程规则分桶跳过: bucket=general:25-JL-转录组(医口)测序分析技术服务（委托）合同|Z|VIP-真核普通转录组文库|NA|NORMAL, count=6, reason=总量36.0G低于最小门槛2095.0G[0m
[32m2026-05-21 17:10:59[0m | [1mINFO    [0m | [1m主流程规则分桶跳过: bucket=general:中国农业大学18个样 XPLUS转录组测序分析技术服务（委托）合同|Z|VIP-真核普通转录组文库|NA|NORMAL, count=6, reason=总量36.0G低于最小门槛2095.0G[0m
[32m2026-05-21 17:10:59[0m | [1mINFO    [0m | [1m主流程规则分桶跳过: bucket=general:中大附一张玉超6个转录组分析技术服务（委托）合同|Z|VIP-真核普通转录组文库|NA|NORMAL, count=6, reason=总量36.0G低于最小门槛2095.0G[0m
[32m2026-05-21 17:10:59[0m | [1mINFO    [0m | [1m主流程规则分桶跳过: bucket=general:北医焦田田老师6个样本转录组测序分析技术服务（委托）合同|Z|VIP-真核普通转录组文库|NA|NORMAL, count=6, reason=总量36.0G低于最小门槛2095.0G[0m
[32m2026-05-21 17:10:59[0m | [1mINFO    [0m | [1m主流程规则分桶跳过: bucket=general:四川省肿瘤医院12例RNA-SEQ分析技术服务（委托）合同|Z|VIP-真核普通转录组文库|NA|NORMAL, count=6, reason=总量36.0G低于最小门槛2095.0G[0m
[32m2026-05-21 17:10:59[0m | [1mINFO    [0m | [1m主流程规则分桶跳过: bucket=general:川北医学院50个转录组测序分析技术服务（委托）合同|Z|VIP-真核普通转录组文库|NA|NORMAL, count=6, reason=总量36.0G低于最小门槛2095.0G[0m
[32m2026-05-21 17:10:59[0m | [1mINFO    [0m | [1m主流程规则分桶跳过: bucket=general:2025年广州奥智生物建库测序分析技术服务（委托）合同|Z|DNA小片段文库|NA|NORMAL, count=12, reason=总量35.5G低于最小门槛2095.0G[0m
[32m2026-05-21 17:10:59[0m | [1mINFO    [0m | [1m主流程规则分桶跳过: bucket=general:检验科单菌二代测序分析技术服务（委托）合同-2025-XYC|Z|DNA小片段文库|NA|NORMAL, count=44, reason=总量35.4G低于最小门槛2095.0G[0m
[32m2026-05-21 17:10:59[0m | [1mINFO    [0m | [1m主流程规则分桶跳过: bucket=general:湖南中烟30例转录组测序分析技术服务（委托）合同|Z|VIP-真核普通转录组文库|NA|NORMAL, count=14, reason=总量34.3G低于最小门槛2095.0G[0m
[32m2026-05-21 17:10:59[0m | [1mINFO    [0m | [1m主流程规则分桶跳过: bucket=general:12个转录组重测序分析技术服务（委托）合同-YYH|Z|VIP-真核普通转录组文库|NA|NORMAL, count=6, reason=总量33.6G低于最小门槛2095.0G[0m
[32m2026-05-21 17:10:59[0m | [1mINFO    [0m | [1m主流程规则分桶跳过: bucket=general:成中医16MIRNA+MRNA及24个非靶代谢组分析技术服务（委托）合同|Z|VIP-真核普通转录组文库|NA|NORMAL, count=12, reason=总量32.2G低于最小门槛2095.0G[0m
[32m2026-05-21 17:10:59[0m | [1mINFO    [0m | [1m主流程规则分桶跳过: bucket=general:天津肿瘤医院12例转录组测序分析技术服务（委托）合同-杨舒童|Z|VIP-真核普通转录组文库|NA|NORMAL, count=12, reason=总量32.0G低于最小门槛2095.0G[0m
[32m2026-05-21 17:10:59[0m | [1mINFO    [0m | [1m主流程规则分桶跳过: bucket=general:瑞金医院叶静组黄超尘老师150例二代转录组X测序技术服务（委托）合同|Z|VIP-真核普通转录组文库|NA|NORMAL, count=7, reason=总量31.5G低于最小门槛2095.0G[0m
[32m2026-05-21 17:10:59[0m | [1mINFO    [0m | [1m主流程规则分桶跳过: bucket=general:西部战区总医院40个全血转录组测序分析技术服务（委托）合同|Z|VIP-真核普通转录组文库|NA|NORMAL, count=5, reason=总量30.0G低于最小门槛2095.0G[0m
[32m2026-05-21 17:10:59[0m | [1mINFO    [0m | [1m主流程规则分桶跳过: bucket=general:安徽省立医院20个RNA转录组测序分析技术服务（委托）合同|Z|VIP-真核普通转录组文库|NA|NORMAL, count=10, reason=总量29.9G低于最小门槛2095.0G[0m
[32m2026-05-21 17:10:59[0m | [1mINFO    [0m | [1m主流程规则分桶跳过: bucket=general:转录组测序（华西）分析技术服务（委托）合同|Z|VIP-真核普通转录组文库|NA|NORMAL, count=9, reason=总量28.7G低于最小门槛2095.0G[0m
[32m2026-05-21 17:10:59[0m | [1mINFO    [0m | [1m主流程规则分桶跳过: bucket=general:HONG KONG-CUHK-PROF TSANG-25 WGS-X PLUS 10G-105 PCR-50K-WOBI-AMEA2025082517|Z|动植物全基因组重测序文库|NA|NORMAL, count=10, reason=总量28.7G低于最小门槛2095.0G[0m
[32m2026-05-21 17:10:59[0m | [1mINFO    [0m | [1m主流程规则分桶跳过: bucket=general:广州海洋实验室81个宏基因组2+3分析技术服务（委托）合同|Z|DNA小片段文库|NA|NORMAL, count=6, reason=总量28.2G低于最小门槛2095.0G[0m
[32m2026-05-21 17:10:59[0m | [1mINFO    [0m | [1m主流程规则分桶跳过: bucket=general:新疆500个转录分析技术服务（委托）合同|Z|VIP-真核普通转录组文库|NA|NORMAL, count=11, reason=总量26.9G低于最小门槛2095.0G[0m
[32m2026-05-21 17:10:59[0m | [1mINFO    [0m | [1m主流程规则分桶跳过: bucket=general:重庆师范大学9个果蝇转录组+RAPID DIA蛋白质组分析技术服务（委托）合同|Z|VIP-真核普通转录组文库|NA|NORMAL, count=9, reason=总量26.6G低于最小门槛2095.0G[0m
[32m2026-05-21 17:10:59[0m | [1mINFO    [0m | [1m主流程规则分桶跳过: bucket=general:整形医院杨老师100例转录组分析技术服务（委托）合同|Z|VIP-真核普通转录组文库|NA|NORMAL, count=10, reason=总量25.9G低于最小门槛2095.0G[0m
[32m2026-05-21 17:10:59[0m | [1mINFO    [0m | [1m主流程规则分桶跳过: bucket=general:河南大学第一附属医院50例细菌框架图测序分析技术服务（委托）合同|Z|DNA小片段文库|NA|NORMAL, count=32, reason=总量25.6G低于最小门槛2095.0G[0m
[32m2026-05-21 17:10:59[0m | [1mINFO    [0m | [1m主流程规则分桶跳过: bucket=general:14个样本的宏基因组分析技术服务（委托）合同|Z|DNA小片段文库|NA|NORMAL, count=13, reason=总量25.3G低于最小门槛2095.0G[0m
[32m2026-05-21 17:10:59[0m | [1mINFO    [0m | [1m主流程规则分桶跳过: bucket=general:1000 个转录组和1500个宏基因组建库测序技术服务 （委托）合同-TZL|Z|DNA小片段文库|NA|NORMAL, count=11, reason=总量25.2G低于最小门槛2095.0G[0m
[32m2026-05-21 17:10:59[0m | [1mINFO    [0m | [1m主流程规则分桶跳过: bucket=general:山西农业大学9例转录组测序+12例非靶代谢组分析分析技术服务（委托）合同|Z|VIP-真核普通转录组文库|NA|NORMAL, count=9, reason=总量25.0G低于最小门槛2095.0G[0m
[32m2026-05-21 17:10:59[0m | [1mINFO    [0m | [1m主流程规则分桶跳过: bucket=general:安徽农业大学9个样本有参转录组测序分析技术服务（委托）合同|Z|VIP-真核普通转录组文库|NA|NORMAL, count=9, reason=总量24.2G低于最小门槛2095.0G[0m
[32m2026-05-21 17:10:59[0m | [1mINFO    [0m | [1m主流程规则分桶跳过: bucket=general:转录组测序分析8.18分析技术服务（委托）合同|Z|VIP-真核普通转录组文库|NA|NORMAL, count=9, reason=总量23.9G低于最小门槛2095.0G[0m
[32m2026-05-21 17:10:59[0m | [1mINFO    [0m | [1m主流程规则分桶跳过: bucket=general:北大医院20个样本RIBO-SEQ 测序分析+转录组测序技术服务（委托）合同|Z|VIP-真核普通转录组文库|NA|NORMAL, count=9, reason=总量23.4G低于最小门槛2095.0G[0m
[32m2026-05-21 17:10:59[0m | [1mINFO    [0m | [1m主流程规则分桶跳过: bucket=general:安徽科技学院10个鹅泛基因组测序技术服务（委托）合同|Z|DNA小片段文库|NA|NORMAL, count=1, reason=总量23.0G低于最小门槛2095.0G[0m
[32m2026-05-21 17:10:59[0m | [1mINFO    [0m | [1m主流程规则分桶跳过: bucket=general:蚌埠医科大学9个小鼠角膜样本转录组测序分析技术服务（委托）合同|Z|VIP-真核普通转录组文库|NA|NORMAL, count=9, reason=总量22.6G低于最小门槛2095.0G[0m
[32m2026-05-21 17:10:59[0m | [1mINFO    [0m | [1m主流程规则分桶跳过: bucket=general:2025年深圳微科盟NGS测序分析技术服务（委托）合同|Z|VIP-真核普通转录组文库|NA|NORMAL, count=8, reason=总量22.5G低于最小门槛2095.0G[0m
[32m2026-05-21 17:10:59[0m | [1mINFO    [0m | [1m主流程规则分桶跳过: bucket=general:山西农业大学经济作物研究所62例BSA测序分析分析技术服务（委托）合同|Z|DNA小片段文库|NA|NORMAL, count=2, reason=总量22.1G低于最小门槛2095.0G[0m
[32m2026-05-21 17:10:59[0m | [1mINFO    [0m | [1m主流程规则分桶跳过: bucket=general:山东大学10例医口转录组分析技术服务（委托）合同-刘姝雅|Z|VIP-真核普通转录组文库|NA|NORMAL, count=10, reason=总量22.1G低于最小门槛2095.0G[0m
[32m2026-05-21 17:10:59[0m | [1mINFO    [0m | [1m主流程规则分桶跳过: bucket=general:14个小鼠皮肤+14个兔皮肤转录组分析技术服务（委托）合同|Z|VIP-真核普通转录组文库|NA|NORMAL, count=8, reason=总量21.9G低于最小门槛2095.0G[0m
[32m2026-05-21 17:10:59[0m | [1mINFO    [0m | [1m主流程规则分桶跳过: bucket=general:8个样本的转录组 测序分析技术服务（委托）合同|Z|VIP-真核普通转录组文库|NA|NORMAL, count=8, reason=总量21.9G低于最小门槛2095.0G[0m
[32m2026-05-21 17:10:59[0m | [1mINFO    [0m | [1m主流程规则分桶跳过: bucket=general:南开大学11例昆虫DNA建库测序（要CLEAN）技术服务（委托）合同|Z|DNA小片段文库|NA|NORMAL, count=4, reason=总量21.8G低于最小门槛2095.0G[0m
[32m2026-05-21 17:10:59[0m | [1mINFO    [0m | [1m主流程规则分桶跳过: bucket=general:重庆医科大学附属第一医院10例小鼠心肌组织（MIRNA+MRNA）+12例扩增子+10例代谢组测序分析技术服务（委托）合同|Z|VIP-真核普通转录组文库|NA|NORMAL, count=10, reason=总量21.5G低于最小门槛2095.0G[0m
[32m2026-05-21 17:10:59[0m | [1mINFO    [0m | [1m主流程规则分桶跳过: bucket=general:深圳大学12例RNA样本普通转录组测序分析技术服务（委托）合同|Z|真核链特异性转录组文库|NA|NORMAL, count=11, reason=总量21.2G低于最小门槛2095.0G[0m
[32m2026-05-21 17:10:59[0m | [1mINFO    [0m | [1m主流程规则分桶跳过: bucket=general:山东第一医科大学9例有参转录组分析技术服务（委托）合同-曹盛楠|Z|VIP-真核普通转录组文库|NA|NORMAL, count=9, reason=总量20.2G低于最小门槛2095.0G[0m
[32m2026-05-21 17:10:59[0m | [1mINFO    [0m | [1m主流程规则分桶跳过: bucket=general:244个样本框架图分析技术服务（委托）合同-1|Z|DNA小片段文库|NA|NORMAL, count=23, reason=总量19.4G低于最小门槛2095.0G[0m
[32m2026-05-21 17:10:59[0m | [1mINFO    [0m | [1m主流程规则分桶跳过: bucket=general:广州海洋实验室81个宏基因组2+3分析技术服务（委托）合同|Z|VIP-META文库|NA|NORMAL, count=4, reason=总量19.2G低于最小门槛2095.0G[0m
[32m2026-05-21 17:10:59[0m | [1mINFO    [0m | [1m主流程规则分桶跳过: bucket=general:云南省农业科学院蚕桑蜜蜂研究所39个样本真核有参转录组分析技术服务（委托）合同|Z|VIP-真核普通转录组文库|NA|NORMAL, count=7, reason=总量19.1G低于最小门槛2095.0G[0m
[32m2026-05-21 17:10:59[0m | [1mINFO    [0m | [1m主流程规则分桶跳过: bucket=general:工生所50例样本小片段建库测序技术服务（委托）合同|Z|DNA小片段文库|NA|NORMAL, count=23, reason=总量18.4G低于最小门槛2095.0G[0m
[32m2026-05-21 17:10:59[0m | [1mINFO    [0m | [1m主流程规则分桶跳过: bucket=general:12个样本 转录组 测序分析技术服务（委托）合同|Z|VIP-真核普通转录组文库|NA|NORMAL, count=7, reason=总量18.1G低于最小门槛2095.0G[0m
[32m2026-05-21 17:10:59[0m | [1mINFO    [0m | [1m主流程规则分桶跳过: bucket=general:农大王凯彤21个转录组分析技术服务（委托）合同|Z|VIP-真核普通转录组文库|NA|NORMAL, count=3, reason=总量18.0G低于最小门槛2095.0G[0m
[32m2026-05-21 17:10:59[0m | [1mINFO    [0m | [1m主流程规则分桶跳过: bucket=general:华农梁楚欣同学15例重测序分析技术服务（委托）合同|Z|DNA小片段文库|NA|NORMAL, count=1, reason=总量17.1G低于最小门槛2095.0G[0m
[32m2026-05-21 17:10:59[0m | [1mINFO    [0m | [1m主流程规则分桶跳过: bucket=general:深圳大学普通转录组建库（ILLUMINA平台）测序分析技术服务（委托）合同|Z|真核链特异性转录组文库|NA|NORMAL, count=11, reason=总量17.1G低于最小门槛2095.0G[0m
[32m2026-05-21 17:10:59[0m | [1mINFO    [0m | [1m主流程规则分桶跳过: bucket=general:石大6个触角转录组测序分析技术服务（委托）合同|Z|VIP-真核普通转录组文库|NA|NORMAL, count=6, reason=总量16.9G低于最小门槛2095.0G[0m
[32m2026-05-21 17:10:59[0m | [1mINFO    [0m | [1m主流程规则分桶跳过: bucket=general:山东第一医科大学第一附属医院6例转录组分析技术服务（委托）合同-宋御繁|Z|VIP-真核普通转录组文库|NA|NORMAL, count=6, reason=总量16.9G低于最小门槛2095.0G[0m
[32m2026-05-21 17:10:59[0m | [1mINFO    [0m | [1m主流程规则分桶跳过: bucket=general:100个宏基因组XPLUS分析技术服务（委托）合同|Z|DNA小片段文库|NA|NORMAL, count=13, reason=总量16.8G低于最小门槛2095.0G[0m
[32m2026-05-21 17:10:59[0m | [1mINFO    [0m | [1m主流程规则分桶跳过: bucket=general:遵义市第一人民医院12个人细胞转录组分析技术服务（委托）合同|Z|VIP-真核普通转录组文库|NA|NORMAL, count=6, reason=总量16.7G低于最小门槛2095.0G[0m
[32m2026-05-21 17:10:59[0m | [1mINFO    [0m | [1m主流程规则分桶跳过: bucket=general:21个完成图分析技术服务（委托）合同|Z|DNA小片段文库|NA|NORMAL, count=20, reason=总量16.0G低于最小门槛2095.0G[0m
[32m2026-05-21 17:10:59[0m | [1mINFO    [0m | [1m主流程规则分桶跳过: bucket=general:25年新-100个扩增子+50个宏基因组+200个细菌建库测序分析技术服务（委托）合同|Z|DNA小片段文库|NA|NORMAL, count=18, reason=总量14.6G低于最小门槛2095.0G[0m
[32m2026-05-21 17:10:59[0m | [1mINFO    [0m | [1m主流程规则分桶跳过: bucket=general:疾控中心500例细菌框架图分析技术服务（委托）合同-刘凤|Z|DNA小片段文库|NA|NORMAL, count=17, reason=总量14.0G低于最小门槛2095.0G[0m
[32m2026-05-21 17:10:59[0m | [1mINFO    [0m | [1m主流程规则分桶跳过: bucket=general:互作数据分析和数据筛选分析技术服务（委托）合同|Z|真核链特异性转录组文库|NA|NORMAL, count=6, reason=总量12.0G低于最小门槛2095.0G[0m
[32m2026-05-21 17:10:59[0m | [1mINFO    [0m | [1m主流程规则分桶跳过: bucket=general:湖南农大300个转录组测序技术服务（委托）合同|Z|VIP-真核普通转录组文库|NA|NORMAL, count=6, reason=总量11.8G低于最小门槛2095.0G[0m
[32m2026-05-21 17:10:59[0m | [1mINFO    [0m | [1m主流程规则分桶跳过: bucket=general:山东第一医科大学30例扩增子和转录组和HQ代谢分析技术服务（委托）合同-李佩娟|Z|VIP-真核普通转录组文库|NA|NORMAL, count=5, reason=总量11.6G低于最小门槛2095.0G[0m
[32m2026-05-21 17:10:59[0m | [1mINFO    [0m | [1m主流程规则分桶跳过: bucket=general:2025年炫景瑞医药真核转录组测序分析技术服务（委托）合同|Z|VIP-真核普通转录组文库|NA|NORMAL, count=4, reason=总量11.0G低于最小门槛2095.0G[0m
[32m2026-05-21 17:10:59[0m | [1mINFO    [0m | [1m主流程规则分桶跳过: bucket=general:广州医科大学王佳课题组80例RNA-SEQ测序分析技术服务（委托）合同|Z|VIP-真核普通转录组文库|NA|NORMAL, count=4, reason=总量9.7G低于最小门槛2095.0G[0m
[32m2026-05-21 17:10:59[0m | [1mINFO    [0m | [1m主流程规则分桶跳过: bucket=general:中科赛维宏基因组测序技术服务（委托）合同|Z|DNA小片段文库|NA|NORMAL, count=12, reason=总量9.6G低于最小门槛2095.0G[0m
[32m2026-05-21 17:10:59[0m | [1mINFO    [0m | [1m主流程规则分桶跳过: bucket=general:中大KINNEX+普转+链特分析技术服务（委托）合同|Z|真核链特异性转录组文库|NA|NORMAL, count=3, reason=总量9.4G低于最小门槛2095.0G[0m
[32m2026-05-21 17:10:59[0m | [1mINFO    [0m | [1m主流程规则分桶跳过: bucket=general:转录组测序ILLUMINA平台分析技术服务（委托）合同|Z|VIP-真核普通转录组文库|NA|NORMAL, count=5, reason=总量9.3G低于最小门槛2095.0G[0m
[32m2026-05-21 17:10:59[0m | [1mINFO    [0m | [1m主流程规则分桶跳过: bucket=general:石大4个医口转录组分析技术服务（委托）合同|Z|VIP-真核普通转录组文库|NA|NORMAL, count=4, reason=总量8.7G低于最小门槛2095.0G[0m
[32m2026-05-21 17:10:59[0m | [1mINFO    [0m | [1m主流程规则分桶跳过: bucket=general:植物所50例DNA建库测序XPLUS技术服务（委托）合同|Z|DNA小片段文库|NA|NORMAL, count=1, reason=总量8.4G低于最小门槛2095.0G[0m
[32m2026-05-21 17:10:59[0m | [1mINFO    [0m | [1m主流程规则分桶跳过: bucket=general:河北农业大学60例小麦转录组测序分析技术服务（委托）合同|Z|VIP-真核普通转录组文库|NA|NORMAL, count=2, reason=总量8.2G低于最小门槛2095.0G[0m
[32m2026-05-21 17:10:59[0m | [1mINFO    [0m | [1m主流程规则分桶跳过: bucket=general:转录组+HQ非靶+靶向代谢分析(X)技术服务（委托）合同-Y|Z|VIP-真核普通转录组文库|NA|NORMAL, count=3, reason=总量7.7G低于最小门槛2095.0G[0m
[32m2026-05-21 17:10:59[0m | [1mINFO    [0m | [1m主流程规则分桶跳过: bucket=general:项目10000个样本DNA小片段提取建库测序技术服务（委托）合同|Z|DNA小片段文库|NA|NORMAL, count=3, reason=总量7.3G低于最小门槛2095.0G[0m
[32m2026-05-21 17:10:59[0m | [1mINFO    [0m | [1m主流程规则分桶跳过: bucket=general:蝴蝶兰转录+DNA建库测序分析技术服务（委托）合同|Z|VIP-真核普通转录组文库|NA|NORMAL, count=2, reason=总量6.8G低于最小门槛2095.0G[0m
[32m2026-05-21 17:10:59[0m | [1mINFO    [0m | [1m主流程规则分桶跳过: bucket=general:20例转录组测序分析技术服务（委托）合同-YZQ|Z|VIP-真核普通转录组文库|NA|NORMAL, count=3, reason=总量6.5G低于最小门槛2095.0G[0m
[32m2026-05-21 17:10:59[0m | [1mINFO    [0m | [1m主流程规则分桶跳过: bucket=general:HONG KONG-CUHK-PROF. JEROME HUI-FANNY LI-30 STRANDED RNASEQ 2G-48 SRNA 10M-WOBI-AMEA2025080602|Z|真核链特异性转录组文库|NA|NORMAL, count=8, reason=总量6.4G低于最小门槛2095.0G[0m
[32m2026-05-21 17:10:59[0m | [1mINFO    [0m | [1m主流程规则分桶跳过: bucket=general:西南林业大学1个蘑菇基因组分析技术服务（委托）合同|Z|DNA小片段文库|NA|NORMAL, count=1, reason=总量6.4G低于最小门槛2095.0G[0m
[32m2026-05-21 17:10:59[0m | [1mINFO    [0m | [1m主流程规则分桶跳过: bucket=general:武大口腔8个转录组测序分析技术服务（委托）合同|Z|VIP-真核普通转录组文库|NA|NORMAL, count=1, reason=总量6.0G低于最小门槛2095.0G[0m
[32m2026-05-21 17:10:59[0m | [1mINFO    [0m | [1m主流程规则分桶跳过: bucket=general:西安交通大学18个样本转录组测序分析技术服务（委托）合同|Z|VIP-真核普通转录组文库|NA|NORMAL, count=2, reason=总量5.9G低于最小门槛2095.0G[0m
[32m2026-05-21 17:10:59[0m | [1mINFO    [0m | [1m主流程规则分桶跳过: bucket=general:石大10个HQ非靶代谢及10个宏基因组测序分析技术服务（委托）合同|Z|VIP-META文库|NA|NORMAL, count=3, reason=总量5.9G低于最小门槛2095.0G[0m
[32m2026-05-21 17:10:59[0m | [1mINFO    [0m | [1m主流程规则分桶跳过: bucket=general:12个果蝇转录组建库测序XPLUS分析技术服务（委托）合同|Z|VIP-真核普通转录组文库|NA|NORMAL, count=2, reason=总量5.5G低于最小门槛2095.0G[0m
[32m2026-05-21 17:10:59[0m | [1mINFO    [0m | [1m主流程规则分桶跳过: bucket=general:山东大学齐鲁医院6例医口转录组分析技术服务（委托）合同-亓文强|Z|VIP-真核普通转录组文库|NA|NORMAL, count=2, reason=总量5.0G低于最小门槛2095.0G[0m
[32m2026-05-21 17:10:59[0m | [1mINFO    [0m | [1m主流程规则分桶跳过: bucket=general:四川大学40例转录组建库测序分析技术服务（委托）合同|Z|VIP-真核普通转录组文库|NA|NORMAL, count=2, reason=总量4.4G低于最小门槛2095.0G[0m
[32m2026-05-21 17:10:59[0m | [1mINFO    [0m | [1m主流程规则分桶跳过: bucket=general:25-宏基因组2G-XPLUS分析技术服务（委托）合同|Z|DNA小片段文库|NA|NORMAL, count=5, reason=总量4.0G低于最小门槛2095.0G[0m
[32m2026-05-21 17:10:59[0m | [1mINFO    [0m | [1m主流程规则分桶跳过: bucket=general:以色列学院细菌重测序WGS+16S测序分析技术服务（委托）合同|Z|DNA小片段文库|NA|NORMAL, count=5, reason=总量4.0G低于最小门槛2095.0G[0m
[32m2026-05-21 17:10:59[0m | [1mINFO    [0m | [1m主流程规则分桶跳过: bucket=general:HONG KONG-HKU-ISIS GUIBERT-1 METAGENOMICS-12G-X PLUS-EXTRACTION-WOBI-AMEA2025082625|Z|VIP-META文库|NA|NORMAL, count=1, reason=总量4.0G低于最小门槛2095.0G[0m
[32m2026-05-21 17:10:59[0m | [1mINFO    [0m | [1m主流程规则分桶跳过: bucket=general:北医三院24例转录组+24例蛋白组分析技术服务（委托）合同|Z|VIP-真核普通转录组文库|NA|NORMAL, count=2, reason=总量3.7G低于最小门槛2095.0G[0m
[32m2026-05-21 17:10:59[0m | [1mINFO    [0m | [1m主流程规则分桶跳过: bucket=general:18个土壤样本宏基因组测序+27个烟草叶和根转录组测序分析技术服务（委托）合同|Z|VIP-真核普通转录组文库|NA|NORMAL, count=1, reason=总量3.2G低于最小门槛2095.0G[0m
[32m2026-05-21 17:10:59[0m | [1mINFO    [0m | [1m主流程规则分桶跳过: bucket=general:济南市妇幼3例宏基因组测序分析技术服务（委托）合同-白佳佳|Z|DNA小片段文库|NA|NORMAL, count=2, reason=总量3.1G低于最小门槛2095.0G[0m
[32m2026-05-21 17:10:59[0m | [1mINFO    [0m | [1m主流程规则分桶跳过: bucket=general:北京林业大学3个样本转录组--技术服务（委托）合同|Z|VIP-真核普通转录组文库|NA|NORMAL, count=1, reason=总量3.1G低于最小门槛2095.0G[0m
[32m2026-05-21 17:10:59[0m | [1mINFO    [0m | [1m主流程规则分桶跳过: bucket=general:中科赛维宏基因组测序技术服务（委托）合同|Z|VIP-META文库|NA|NORMAL, count=2, reason=总量3.1G低于最小门槛2095.0G[0m
[32m2026-05-21 17:10:59[0m | [1mINFO    [0m | [1m主流程规则分桶跳过: bucket=general:二代细菌建库测序+二代宏基因建库测序分析技术服务（委托）合同|Z|VIP-META文库|NA|NORMAL, count=1, reason=总量2.9G低于最小门槛2095.0G[0m
[32m2026-05-21 17:10:59[0m | [1mINFO    [0m | [1m主流程规则分桶跳过: bucket=general:天津商业大学9例转录组测序分析技术服务（委托）合同|Z|VIP-真核普通转录组文库|NA|NORMAL, count=1, reason=总量2.6G低于最小门槛2095.0G[0m
[32m2026-05-21 17:10:59[0m | [1mINFO    [0m | [1m主流程规则分桶跳过: bucket=general:宏转录组+宏基因组建库测序分析-Y技术服务（委托）合同|Z|DNA小片段文库|NA|NORMAL, count=1, reason=总量2.4G低于最小门槛2095.0G[0m
[32m2026-05-21 17:10:59[0m | [1mINFO    [0m | [1m主流程规则分桶跳过: bucket=general:作科所15个转录组建库测序+3个真菌精细图分析技术服务（委托）合同|Z|DNA小片段文库|NA|NORMAL, count=3, reason=总量2.4G低于最小门槛2095.0G[0m
[32m2026-05-21 17:10:59[0m | [1mINFO    [0m | [1m主流程规则分桶跳过: bucket=general:宁波市疾病预防控制中心识别网项目分析技术服务（委托）合同|Z|DNA小片段文库|NA|NORMAL, count=3, reason=总量2.4G低于最小门槛2095.0G[0m
[32m2026-05-21 17:10:59[0m | [1mINFO    [0m | [1m主流程规则分桶跳过: bucket=general:25-JL宏基因组测序分析技术服务（委托）合同|Z|DNA小片段文库|NA|NORMAL, count=1, reason=总量2.4G低于最小门槛2095.0G[0m
[32m2026-05-21 17:10:59[0m | [1mINFO    [0m | [1m主流程规则分桶跳过: bucket=general:中科赛维宏基因组测序技术服务（委托）合同|Z|META文库|NA|NORMAL, count=1, reason=总量2.2G低于最小门槛2095.0G[0m
[32m2026-05-21 17:10:59[0m | [1mINFO    [0m | [1m主流程规则分桶跳过: bucket=general:临沂大学昆虫染色体基因组分析技术服务（委托）合同-张海光|Z|VIP-真核普通转录组文库|NA|NORMAL, count=1, reason=总量2.2G低于最小门槛2095.0G[0m
[32m2026-05-21 17:10:59[0m | [1mINFO    [0m | [1m主流程规则分桶跳过: bucket=general:NVUK2025072873-UKI-UEA-9-CATHERINE-SHOTGUNMETA-15GB-WOBI|Z|动植物全基因组重测序文库|NA|NORMAL, count=1, reason=总量2.0G低于最小门槛2095.0G[0m
[32m2026-05-21 17:10:59[0m | [1mINFO    [0m | [1m主流程规则分桶跳过: bucket=general:华中农业大学400个MRNA 链特异性建库测序技术服务（委托）合同|Z|真核链特异性转录组文库|NA|NORMAL, count=1, reason=总量1.9G低于最小门槛2095.0G[0m
[32m2026-05-21 17:10:59[0m | [1mINFO    [0m | [1m主流程规则分桶跳过: bucket=general:6个样本18S+宏基因组测序分析技术服务（委托）合同|Z|DNA小片段文库|NA|NORMAL, count=1, reason=总量1.9G低于最小门槛2095.0G[0m
[32m2026-05-21 17:10:59[0m | [1mINFO    [0m | [1m主流程规则分桶跳过: bucket=general:宏基因组6G测序500例分析技术服务（委托）合同|Z|VIP-META文库|NA|NORMAL, count=1, reason=总量1.7G低于最小门槛2095.0G[0m
[32m2026-05-21 17:10:59[0m | [1mINFO    [0m | [1m主流程规则分桶跳过: bucket=general:100个转录组、全基因组和宏基因组建库测序分析技术服务（委托）合同|Z|DNA小片段文库|NA|NORMAL, count=2, reason=总量1.6G低于最小门槛2095.0G[0m
[32m2026-05-21 17:10:59[0m | [1mINFO    [0m | [1m主流程规则分桶跳过: bucket=general:4个样本三代完成图+二代测序技术服务（委托）合同|Z|微生物常规小片段文库|NA|NORMAL, count=2, reason=总量1.6G低于最小门槛2095.0G[0m
[32m2026-05-21 17:10:59[0m | [1mINFO    [0m | [1m主流程规则分桶跳过: bucket=general:TJ-US-PENN STATE COLLEGE OF MEDICINE-200-HUMAN-MOUSE-EUKMRNASEQ-DIRECTIONAL-NOVASEQXPLUS-6GB-WBI-GENE COUNT-NVUS2024050132|Z|真核链特异性转录组文库|NA|NORMAL, count=2, reason=总量1.6G低于最小门槛2095.0G[0m
[32m2026-05-21 17:10:59[0m | [1mINFO    [0m | [1m主流程规则分桶跳过: bucket=general:一批自建库，微生物全基因组建库测序技术服务（委托）合同|Z|DNA小片段文库|NA|NORMAL, count=2, reason=总量1.6G低于最小门槛2095.0G[0m
[32m2026-05-21 17:10:59[0m | [1mINFO    [0m | [1m主流程规则分桶跳过: bucket=general:新疆100个细菌框架图建库测序分析技术服务（委托）合同|Z|DNA小片段文库|NA|NORMAL, count=2, reason=总量1.6G低于最小门槛2095.0G[0m
[32m2026-05-21 17:10:59[0m | [1mINFO    [0m | [1m主流程规则分桶跳过: bucket=general:辽宁农业职业技术学院植物BSA分析技术服务（委托）合同|Z|DNA小片段文库|NA|NORMAL, count=2, reason=总量1.6G低于最小门槛2095.0G[0m
[32m2026-05-21 17:10:59[0m | [1mINFO    [0m | [1m主流程规则分桶跳过: bucket=general:西高所1个真菌精细图分析技术服务（委托）合同|Z|DNA小片段文库|NA|NORMAL, count=1, reason=总量1.4G低于最小门槛2095.0G[0m
[32m2026-05-21 17:10:59[0m | [1mINFO    [0m | [1m主流程规则分桶跳过: bucket=general:1000 个转录组和1500个宏基因组建库测序技术服务 （委托）合同-TZL|Z|META文库|NA|NORMAL, count=1, reason=总量1.3G低于最小门槛2095.0G[0m
[32m2026-05-21 17:10:59[0m | [1mINFO    [0m | [1m主流程规则分桶跳过: bucket=general:济南市妇幼3例宏基因组测序分析技术服务（委托）合同-白佳佳|Z|META文库|NA|NORMAL, count=1, reason=总量1.0G低于最小门槛2095.0G[0m
[32m2026-05-21 17:10:59[0m | [1mINFO    [0m | [1m主流程规则分桶跳过: bucket=general:100个宏基因组XPLUS分析技术服务（委托）合同|Z|VIP-META文库|NA|NORMAL, count=1, reason=总量0.8G低于最小门槛2095.0G[0m
[32m2026-05-21 17:10:59[0m | [1mINFO    [0m | [1m主流程规则分桶跳过: bucket=general:1个样本完成图测序分析技术服务（委托）合同-DR|Z|DNA小片段文库|NA|NORMAL, count=1, reason=总量0.8G低于最小门槛2095.0G[0m
[32m2026-05-21 17:10:59[0m | [1mINFO    [0m | [1m主流程规则分桶跳过: bucket=general:1个样本的基因组分析技术服务（委托）合同|Z|DNA小片段文库|NA|NORMAL, count=1, reason=总量0.8G低于最小门槛2095.0G[0m
[32m2026-05-21 17:10:59[0m | [1mINFO    [0m | [1m主流程规则分桶跳过: bucket=general:400个干血斑重测序分析技术服务（委托）合同|Z|DNA小片段文库|NA|NORMAL, count=1, reason=总量0.8G低于最小门槛2095.0G[0m
[32m2026-05-21 17:10:59[0m | [1mINFO    [0m | [1m主流程规则分桶跳过: bucket=general:500个细菌样本框架图组装分析+30个真菌样本框架图测序标准分析技术服务（委托）合同-2025|Z|DNA小片段文库|NA|NORMAL, count=1, reason=总量0.8G低于最小门槛2095.0G[0m
[32m2026-05-21 17:10:59[0m | [1mINFO    [0m | [1m主流程规则分桶跳过: bucket=general:500例细菌框架图测序分析到组装技术服务（委托）合同-CLX|Z|DNA小片段文库|NA|NORMAL, count=1, reason=总量0.8G低于最小门槛2095.0G[0m
[32m2026-05-21 17:10:59[0m | [1mINFO    [0m | [1m主流程规则分桶跳过: bucket=general:先进院1000例二代框架图+100例三代细菌完成图分析技术服务（委托）合同|Z|DNA小片段文库|NA|NORMAL, count=1, reason=总量0.8G低于最小门槛2095.0G[0m
[32m2026-05-21 17:10:59[0m | [1mINFO    [0m | [1m主流程规则分桶跳过: bucket=general:喀什大学2个细菌完成图测序分析技术服务（委托）合同|Z|DNA小片段文库|NA|NORMAL, count=1, reason=总量0.8G低于最小门槛2095.0G[0m
[32m2026-05-21 17:10:59[0m | [1mINFO    [0m | [1m主流程规则分桶跳过: bucket=general:安必奇微生物测序分析技术服务（委托）合同|Z|DNA小片段文库|NA|NORMAL, count=1, reason=总量0.8G低于最小门槛2095.0G[0m
[32m2026-05-21 17:10:59[0m | [1mINFO    [0m | [1m主流程规则分桶跳过: bucket=general:宏基因组6G测序500例分析技术服务（委托）合同|Z|DNA小片段文库|NA|NORMAL, count=1, reason=总量0.8G低于最小门槛2095.0G[0m
[32m2026-05-21 17:10:59[0m | [1mINFO    [0m | [1m主流程规则分桶跳过: bucket=general:植物园转录组-测序技术服务（委托）合同-王老师|Z|VIP-真核普通转录组文库|NA|NORMAL, count=1, reason=总量0.8G低于最小门槛2095.0G[0m
[32m2026-05-21 17:10:59[0m | [1mINFO    [0m | [1m主流程规则分桶跳过: bucket=general:郑州大学第一附属医院1例罗伊氏乳杆菌样本细菌完成图测序分析技术服务（委托）合同|Z|DNA小片段文库|NA|NORMAL, count=1, reason=总量0.8G低于最小门槛2095.0G[0m
[32m2026-05-21 17:10:59[0m | [1mINFO    [0m | [1m主流程规则分桶跳过: bucket=general:陈治轩1例细菌完成图PB测序分析技术服务（委托）合同|Z|DNA小片段文库|NA|NORMAL, count=1, reason=总量0.8G低于最小门槛2095.0G[0m
[32m2026-05-21 17:10:59[0m | [1mINFO    [0m | [1m主流程规则分桶跳过: bucket=scattered:深圳市人民医院陈老师组普通转录组建库测序+散样文库NOVA测序-2025技术服务（委托）合同|Z|VIP-真核普通转录组文库|NA|SCATTERED, count=16, reason=总量44.7G低于最小门槛2095.0G[0m
[32m2026-05-21 17:10:59[0m | [1mINFO    [0m | [1m主流程规则分桶预调度完成: 分桶=425，桶后尾货=3934个/27439.4G[0m
[32m2026-05-21 17:10:59[0m | [1mINFO    [0m | [1m主流程尾货统一补排启动: count=3934, data=27439.4G[0m
[32m2026-05-21 17:10:59[0m | [1mINFO    [0m | [1m开始逐Lane贪心排机 - 文库数: 3934[0m
[32m2026-05-21 17:10:59[0m | [1mINFO    [0m | [1m预拆分完成: 使用外层已拆分文库[0m
[32m2026-05-21 17:10:59[0m | [1mINFO    [0m | [1m===== 批次全局分析报告 =====[0m
[32m2026-05-21 17:10:59[0m | [1mINFO    [0m | [1m机器类型: Nova X-25B[0m
[32m2026-05-21 17:10:59[0m | [1mINFO    [0m | [1m文库总数: 3934[0m
[32m2026-05-21 17:10:59[0m | [1mINFO    [0m | [1m总数据量: 27439.4 GB[0m
[32m2026-05-21 17:10:59[0m | [1mINFO    [0m | [1m预估Lane数: 13~14[0m
[32m2026-05-21 17:10:59[0m | [1mINFO    [0m | [1m--- 特征标记 ---[0m
[32m2026-05-21 17:10:59[0m | [1mINFO    [0m | [1m  包Lane文库: 无[0m
[32m2026-05-21 17:10:59[0m | [1mINFO    [0m | [1m  碱基不均衡: 有[0m
[32m2026-05-21 17:10:59[0m | [1mINFO    [0m | [1m  客户文库:   无[0m
[32m2026-05-21 17:10:59[0m | [1mINFO    [0m | [1m  10bp文库:   有[0m
[32m2026-05-21 17:10:59[0m | [1mINFO    [0m | [1m  非10bp文库: 有[0m
[32m2026-05-21 17:10:59[0m | [1mINFO    [0m | [1m  特殊组合:   有[0m
[32m2026-05-21 17:10:59[0m | [1mINFO    [0m | [1m--- 分组画像 ---[0m
[32m2026-05-21 17:10:59[0m | [1mINFO    [0m | [1m  [non_10bp] 非10碱基文库: 638个文库, 7663.1GB, 预估4~4条Lane[0m
[32m2026-05-21 17:10:59[0m | [1mINFO    [0m | [1m  [all] 全部文库: 3934个文库, 27439.4GB, 预估13~14条Lane[0m
[32m2026-05-21 17:10:59[0m | [1mINFO    [0m | [1m  [10bp] 10碱基文库: 3296个文库, 19776.2GB, 预估9~10条Lane[0m
[32m2026-05-21 17:10:59[0m | [1mINFO    [0m | [1m  [imbalance] 碱基不均衡文库: 485个文库, 9799.5GB, 预估5~5条Lane[0m
[32m2026-05-21 17:10:59[0m | [1mINFO    [0m | [1m  [special_combo_b] 10X 3端/Visium组合: 86个文库, 4624.9GB, 预估3~3条Lane[0m
[32m2026-05-21 17:10:59[0m | [1mINFO    [0m | [1m  [special_combo_a] 10X 5端/VDJ组合: 49个文库, 819.5GB, 预估1~1条Lane[0m
[32m2026-05-21 17:10:59[0m | [1mINFO    [0m | [1m--- 专用Lane推荐 ---[0m
[32m2026-05-21 17:10:59[0m | [1mINFO    [0m | [1m  [imbalance] 碱基不均衡文库数据量充足，可包专用Lane避免混排占比限制 - 约4条Lane, 9799.5GB, 置信度: high[0m
[32m2026-05-21 17:10:59[0m | [1mINFO    [0m | [1m  [non_10bp] 非10bp文库集中排入专用Lane，避免触发10bp>=40%混排规则 - 约3条Lane, 7663.1GB, 置信度: high[0m
[32m2026-05-21 17:10:59[0m | [1mINFO    [0m | [1m  [special_combo_b] 10X 3端/Visium文库可独占Lane（与5端互斥） - 约2条Lane, 4624.9GB, 置信度: high[0m
[32m2026-05-21 17:10:59[0m | [1mINFO    [0m | [1m--- 混排约束 ---[0m
[32m2026-05-21 17:10:59[0m | [1mINFO    [0m | [1m  [tj_1595_special_combo_groups_not_mixed] special_combo_a vs special_combo_b: 10X 5端/VDJ 与 10X 3端/Visium 文库不可混排，必须分开[0m
[32m2026-05-21 17:10:59[0m | [1mINFO    [0m | [1m  [imbalance_max_30pct] imbalance vs all: 碱基不均衡文库全局占比35.7%，超过30%上限，必须拆分为专用Lane[0m
[32m2026-05-21 17:10:59[0m | [1mINFO    [0m | [1m--- 尾部风险 ---[0m
[32m2026-05-21 17:10:59[0m | [1mINFO    [0m | [1m  [special_combo_a] 10X 5端/VDJ组合排完整Lane后剩余819.5GB，不足半Lane(998GB)，需要大文库骨架携带或混入散样Lane - 819.5GB, 49个, 严重程度: medium[0m
[32m2026-05-21 17:10:59[0m | [1mINFO    [0m | [1m  [special_combo_b] 10X 3端/Visium组合排完整Lane后剩余634.9GB，不足半Lane(998GB)，需要大文库骨架携带或混入散样Lane - 634.9GB, 86个, 严重程度: medium[0m
[32m2026-05-21 17:10:59[0m | [1mINFO    [0m | [1m--- 策略建议 ---[0m
[32m2026-05-21 17:10:59[0m | [1mINFO    [0m | [1m  - 碱基不均衡文库数据量充足，优先形成专用Lane[0m
[32m2026-05-21 17:10:59[0m | [1mINFO    [0m | [1m  - 非10bp文库建议走专用Lane，避免10bp>=40%混排红线[0m
[32m2026-05-21 17:10:59[0m | [1mINFO    [0m | [1m  - 特殊10X组合文库应分别走专用Lane（互斥规则）[0m
[32m2026-05-21 17:10:59[0m | [1mINFO    [0m | [1m===== 报告结束 =====[0m
[32m2026-05-21 17:10:59[0m | [1mINFO    [0m | [1m保留外部传入的策略执行计划，仅使用批次分析报告[0m
[32m2026-05-21 17:10:59[0m | [1mINFO    [0m | [1m处理机器类型 Nova X-25B - 文库数: 3891 - Lane容量: 1050.0GB, 利用率区间: [100%, 100%], 特殊文库上限: 350GB[0m
[32m2026-05-21 17:10:59[0m | [1mINFO    [0m | [1m碱基不均衡专用Lane策略: 476个碱基不均衡文库[0m
[32m2026-05-21 17:10:59[0m | [1mINFO    [0m | [1m专用Lane分组G13剩余合同量200.0G无法满足1.1或3.6T-NEW有效容量下限[0m
[32m2026-05-21 17:10:59[0m | [1mINFO    [0m | [1m专用Lane分组G15剩余合同量640.0G无法满足1.1或3.6T-NEW有效容量下限[0m
[32m2026-05-21 17:10:59[0m | [1mINFO    [0m | [1m专用Lane分组G33剩余合同量88.7G无法满足1.1或3.6T-NEW有效容量下限[0m
[32m2026-05-21 17:10:59[0m | [1mINFO    [0m | [1m专用Lane分组G31剩余合同量52.1G无法满足1.1或3.6T-NEW有效容量下限[0m
[32m2026-05-21 17:10:59[0m | [1mINFO    [0m | [1m专用Lane分组G29剩余合同量510.2G无法满足1.1或3.6T-NEW有效容量下限[0m
[32m2026-05-21 17:10:59[0m | [1mINFO    [0m | [1m专用Lane分组G25剩余合同量482.5G无法满足1.1或3.6T-NEW有效容量下限[0m
[32m2026-05-21 17:10:59[0m | [1mINFO    [0m | [1m专用Lane分组G26剩余合同量458.4G无法满足1.1或3.6T-NEW有效容量下限[0m
[32m2026-05-21 17:10:59[0m | [1mINFO    [0m | [1m专用Lane分组G27剩余合同量10.0G无法满足1.1或3.6T-NEW有效容量下限[0m
[32m2026-05-21 17:10:59[0m | [1mINFO    [0m | [1m专用Lane分组G51剩余合同量24.0G无法满足1.1或3.6T-NEW有效容量下限[0m
[32m2026-05-21 17:10:59[0m | [1mINFO    [0m | [1m专用Lane分组G36剩余合同量5.0G无法满足1.1或3.6T-NEW有效容量下限[0m
[32m2026-05-21 17:10:59[0m | [1mINFO    [0m | [1m专用Lane分组G48剩余合同量8.7G无法满足1.1或3.6T-NEW有效容量下限[0m
[32m2026-05-21 17:10:59[0m | [1mINFO    [0m | [1m专用Lane分组G5剩余合同量374.0G无法满足1.1或3.6T-NEW有效容量下限[0m
[32m2026-05-21 17:10:59[0m | [1mINFO    [0m | [1mIndex校验器初始化完成（真实数据验证版本）[0m
[32m2026-05-21 17:10:59[0m | [1mINFO    [0m | [1m成Lane校验程序初始化完成 (严格模式: False, 碱基不均衡上限: 35%, 特殊文库关键词: 9个)[0m
[32m2026-05-21 17:10:59[0m | [1mINFO    [0m | [1m专用Lane DL_Nova X-25B_002 形成成功 - 分组=G4, 碱基不均衡=2049.7G, 平衡文库=0.0G, 总量(含平衡)=2049.7G, 模式=1.1, 容量规则=tj_1595_mode_1_1_special_combo[0m
[32m2026-05-21 17:10:59[0m | [1mINFO    [0m | [1m专用Lane分组G16剩余合同量60.0G无法满足1.1或3.6T-NEW有效容量下限[0m
[32m2026-05-21 17:10:59[0m | [1mINFO    [0m | [1m专用Lane分组G22剩余合同量74.0G无法满足1.1或3.6T-NEW有效容量下限[0m
[32m2026-05-21 17:10:59[0m | [1mINFO    [0m | [1m专用Lane分组G19剩余合同量140.0G无法满足1.1或3.6T-NEW有效容量下限[0m
[32m2026-05-21 17:10:59[0m | [1mINFO    [0m | [1m专用Lane分组G7剩余合同量154.6G无法满足1.1或3.6T-NEW有效容量下限[0m
[32m2026-05-21 17:10:59[0m | [1mINFO    [0m | [1m专用Lane分组G6剩余合同量90.8G无法满足1.1或3.6T-NEW有效容量下限[0m
[32m2026-05-21 17:10:59[0m | [1mINFO    [0m | [1m专用Lane分组G52剩余合同量107.3G无法满足1.1或3.6T-NEW有效容量下限[0m
[32m2026-05-21 17:10:59[0m | [1mINFO    [0m | [1m专用Lane分组G18剩余合同量0.5G无法满足1.1或3.6T-NEW有效容量下限[0m
[32m2026-05-21 17:10:59[0m | [1mINFO    [0m | [1m形成1条专用Lane，剩余443个碱基不均衡文库[0m
[32m2026-05-21 17:11:16[0m | [1mINFO    [0m | [1m第二轮排机: 3292 个未分配文库（随机顺序）[0m
[32m2026-05-21 17:11:27[0m | [1mINFO    [0m | [1m第三轮排机: 3292 个未分配文库（小文库优先）[0m
[32m2026-05-21 17:11:54[0m | [1mINFO    [0m | [1m连续5轮无新Lane且未分配池不变，提前结束无效重试[0m
[32m2026-05-21 17:11:54[0m | [1mINFO    [0m | [1m专用Lane分组G13剩余合同量200.0G无法满足1.1或3.6T-NEW有效容量下限[0m
[32m2026-05-21 17:11:54[0m | [1mINFO    [0m | [1m专用Lane分组G15剩余合同量640.0G无法满足1.1或3.6T-NEW有效容量下限[0m
[32m2026-05-21 17:11:54[0m | [1mINFO    [0m | [1m专用Lane分组G33剩余合同量88.7G无法满足1.1或3.6T-NEW有效容量下限[0m
[32m2026-05-21 17:11:54[0m | [1mINFO    [0m | [1m专用Lane分组G31剩余合同量52.1G无法满足1.1或3.6T-NEW有效容量下限[0m
[32m2026-05-21 17:11:54[0m | [1mINFO    [0m | [1m专用Lane分组G25剩余合同量482.5G无法满足1.1或3.6T-NEW有效容量下限[0m
[32m2026-05-21 17:11:54[0m | [1mINFO    [0m | [1m专用Lane分组G29剩余合同量510.2G无法满足1.1或3.6T-NEW有效容量下限[0m
[32m2026-05-21 17:11:54[0m | [1mINFO    [0m | [1m专用Lane分组G26剩余合同量458.4G无法满足1.1或3.6T-NEW有效容量下限[0m
[32m2026-05-21 17:11:54[0m | [1mINFO    [0m | [1m专用Lane分组G27剩余合同量10.0G无法满足1.1或3.6T-NEW有效容量下限[0m
[32m2026-05-21 17:11:54[0m | [1mINFO    [0m | [1m专用Lane分组G51剩余合同量24.0G无法满足1.1或3.6T-NEW有效容量下限[0m
[32m2026-05-21 17:11:54[0m | [1mINFO    [0m | [1m专用Lane分组G36剩余合同量5.0G无法满足1.1或3.6T-NEW有效容量下限[0m
[32m2026-05-21 17:11:54[0m | [1mINFO    [0m | [1m专用Lane分组G48剩余合同量8.7G无法满足1.1或3.6T-NEW有效容量下限[0m
[32m2026-05-21 17:11:54[0m | [1mINFO    [0m | [1m专用Lane分组G5剩余合同量374.0G无法满足1.1或3.6T-NEW有效容量下限[0m
[32m2026-05-21 17:11:54[0m | [1mINFO    [0m | [1m专用Lane分组G16剩余合同量60.0G无法满足1.1或3.6T-NEW有效容量下限[0m
[32m2026-05-21 17:11:54[0m | [1mINFO    [0m | [1m专用Lane分组G22剩余合同量74.0G无法满足1.1或3.6T-NEW有效容量下限[0m
[32m2026-05-21 17:11:54[0m | [1mINFO    [0m | [1m专用Lane分组G19剩余合同量140.0G无法满足1.1或3.6T-NEW有效容量下限[0m
[32m2026-05-21 17:11:54[0m | [1mINFO    [0m | [1m专用Lane分组G7剩余合同量154.6G无法满足1.1或3.6T-NEW有效容量下限[0m
[32m2026-05-21 17:11:54[0m | [1mINFO    [0m | [1m专用Lane分组G6剩余合同量90.8G无法满足1.1或3.6T-NEW有效容量下限[0m
[32m2026-05-21 17:11:54[0m | [1mINFO    [0m | [1m专用Lane分组G52剩余合同量107.3G无法满足1.1或3.6T-NEW有效容量下限[0m
[32m2026-05-21 17:11:54[0m | [1mINFO    [0m | [1m专用Lane分组G18剩余合同量0.5G无法满足1.1或3.6T-NEW有效容量下限[0m
[32m2026-05-21 17:11:54[0m | [1mINFO    [0m | [1m专用Lane创建完成: 0条Lane, 427个碱基不均衡文库待分配, 2497个中性文库待分配[0m
[32m2026-05-21 17:11:54[0m | [1mINFO    [0m | [1m处理机器类型 NovaSeq X Plus - 文库数: 43 - Lane容量: 1100GB, 利用率区间: [100%, 100%], 特殊文库上限: 350GB[0m
[32m2026-05-21 17:11:54[0m | [1mINFO    [0m | [1m碱基不均衡专用Lane策略: 9个碱基不均衡文库[0m
[32m2026-05-21 17:11:54[0m | [1mINFO    [0m | [1m专用Lane分组G29剩余合同量109.0G无法满足1.1或3.6T-NEW有效容量下限[0m
[32m2026-05-21 17:11:54[0m | [1mINFO    [0m | [1m专用Lane分组G36剩余合同量10.0G无法满足1.1或3.6T-NEW有效容量下限[0m
[32m2026-05-21 17:11:54[0m | [1mINFO    [0m | [1m形成0条专用Lane，剩余9个碱基不均衡文库[0m
[32m2026-05-21 17:11:54[0m | [1mINFO    [0m | [1m剩余池总量223.7GB不足最小成Lane门槛2095.0GB，跳过后续随机重试[0m
[32m2026-05-21 17:11:54[0m | [1mINFO    [0m | [1m专用Lane分组G29剩余合同量109.0G无法满足1.1或3.6T-NEW有效容量下限[0m
[32m2026-05-21 17:11:54[0m | [1mINFO    [0m | [1m专用Lane分组G36剩余合同量10.0G无法满足1.1或3.6T-NEW有效容量下限[0m
[32m2026-05-21 17:11:54[0m | [1mINFO    [0m | [1m专用Lane创建完成: 0条Lane, 9个碱基不均衡文库待分配, 34个中性文库待分配[0m
[32m2026-05-21 17:11:54[0m | [1mINFO    [0m | [1m最后填充策略: 尝试将2967个未分配文库塞入已有Lane[0m
[32m2026-05-21 17:12:26[0m | [1mINFO    [0m | [1m最后填充策略: 成功塞入16个文库，踢出0个违反规则的文库，剩余2951个无法分配[0m
[32m2026-05-21 17:12:26[0m | [1mINFO    [0m | [1m挪移优化: 未分配数据量18626GB已足够，尝试精选组建新Lane[0m
[32m2026-05-21 17:12:26[0m | [1mINFO    [0m | [1m残余精选: 内部2434个, 客户517个[0m
[32m2026-05-21 17:12:27[0m | [1mINFO    [0m | [1mIndex校验器初始化完成（真实数据验证版本）[0m
[32m2026-05-21 17:12:27[0m | [1mINFO    [0m | [1m成Lane校验程序初始化完成 (严格模式: True, 碱基不均衡上限: 35%, 特殊文库关键词: 9个)[0m
[32m2026-05-21 17:12:27[0m | [1mINFO    [0m | [1m残余精选: 验证失败 - ValidationError(rule_type=<ValidationRuleType.CUSTOMER_PRODUCTION_MIX_RATIO: 'customer_production_mix_ratio'>, severity=<ValidationSeverity.ERROR: 'error'>, message='手工/客户侧与产线混合Lane少数侧占比3.6%不符合规则(应>=5%)', current_value=0.035876806259036845, threshold_value=0.05, affected_libraries=[]), ValidationError(rule_type=<ValidationRuleType.BASE_IMBALANCE_RATIO: 'base_imbalance_ratio'>, severity=<ValidationSeverity.ERROR: 'error'>, message='碱基不均衡占比96.4%超过35%限制', current_value=0.964123193740963, threshold_value=0.35, affected_libraries=[12016994, 12016925, 12016141, 12016148, 12016151, 12016145, 12019131, 12017705, 12017706, 12017703, 12024809, 12015521, 12015598, 12015560, 12019997, 12015526, 12015578, 12015545, 12015570, 12015568, 12015571, 12019079, 12024788, 12024804, 12024797, 12024790, 12024795, 12019076, 12019075, 12015263, 12015588, 12015558, 12015543, 12015589])[0m
[32m2026-05-21 17:12:27[0m | [1mINFO    [0m | [1m挪移优化: 精选组建失败，继续尝试挪移策略[0m
[32m2026-05-21 17:12:27[0m | [1mINFO    [0m | [1m挪移优化: 未分配2951个文库(18626GB)，需要从现有Lane挪出-16531GB[0m
[32m2026-05-21 17:12:27[0m | [33m[1mWARNING [0m | [33m[1m挪移优化: 新Lane GL_NovaSeq X Plus_002 验证失败: 容量超限: 18625.8GB > 2255.0GB，放弃创建[0m
[32m2026-05-21 17:12:27[0m | [1mINFO    [0m | [1m逐Lane贪心排机完成 - Lane数: 4, 已分配: 983/3934, 未分配: 2951, 平均利用率: 116.4%, 耗时: 88.48秒[0m
[32m2026-05-21 17:12:27[0m | [1mINFO    [0m | [1mIndex校验器初始化完成（真实数据验证版本）[0m
[32m2026-05-21 17:12:27[0m | [1mINFO    [0m | [1m成Lane校验程序初始化完成 (严格模式: False, 碱基不均衡上限: 35%, 特殊文库关键词: 9个)[0m
[32m2026-05-21 17:12:27[0m | [1mINFO    [0m | [1m最终验证结果: 4条Lane通过，2951个文库未分配[0m
[32m2026-05-21 17:12:28[0m | [1mINFO    [0m | [1mwkspecialsplits边排边检查完成: 无需调整[0m
[32m2026-05-21 17:12:28[0m | [1mINFO    [0m | [1m验证完成：4条Lane通过验证[0m
[32m2026-05-21 17:12:28[0m | [1mINFO    [0m | [1m57规则二次改排救援已关闭，失败Lane文库回收到未分配池[0m
[32m2026-05-21 17:12:29[0m | [1mINFO    [0m | [1m高成本救援(EX/RB)跳过: 已有1.1 Lane成功落地，剩余未分配池=2951个/18625.8G，跳过高成本救援以保证主流程输出[0m
[32m2026-05-21 17:12:29[0m | [1mINFO    [0m | [1m分层重组救援（大池降配）: 未分配=2951个/18625.8G，每机台每阶段限 4 条[0m
[32m2026-05-21 17:12:29[0m | [1mINFO    [0m | [1m未分配大簇专项regroup跳过: machine=Nova X-25B, count=68, data=1224.0G, reason=总量1224.0G低于最小门槛2095.0G[0m
[32m2026-05-21 17:12:29[0m | [1mINFO    [0m | [1m未分配大簇专项regroup跳过: machine=Nova X-25B, count=124, data=626.9G, reason=总量626.9G低于最小门槛2095.0G[0m
[32m2026-05-21 17:12:29[0m | [1mINFO    [0m | [1m未分配大簇专项regroup跳过: machine=Nova X-25B, count=113, data=380.3G, reason=总量380.3G低于最小门槛2095.0G[0m
[32m2026-05-21 17:12:30[0m | [1mINFO    [0m | [1m补Lane尝试: variant=full_priority, lane_prefix=RM, pool_size=2951, pool_data=18625.755G, prioritize_scattered_mix=True[0m
[32m2026-05-21 17:12:31[0m | [1mINFO    [0m | [1m补Lane尝试: variant=non_clinical_relaxed, lane_prefix=RM, pool_size=2951, pool_data=18625.755G, prioritize_scattered_mix=False[0m
[32m2026-05-21 17:12:35[0m | [1mINFO    [0m | [1m补Lane尝试: variant=full_priority, lane_prefix=RM, pool_size=2507, pool_data=16449.923G, prioritize_scattered_mix=True[0m
[32m2026-05-21 17:12:36[0m | [1mINFO    [0m | [1m补Lane尝试: variant=non_clinical_relaxed, lane_prefix=RM, pool_size=2507, pool_data=16449.923G, prioritize_scattered_mix=False[0m
[32m2026-05-21 17:12:39[0m | [1mINFO    [0m | [1m补Lane尝试: variant=full_priority, lane_prefix=RM, pool_size=2057, pool_data=14350.689G, prioritize_scattered_mix=True[0m
[32m2026-05-21 17:12:40[0m | [1mINFO    [0m | [1m补Lane尝试: variant=non_clinical_relaxed, lane_prefix=RM, pool_size=2057, pool_data=14350.689G, prioritize_scattered_mix=False[0m
[32m2026-05-21 17:12:43[0m | [1mINFO    [0m | [1m补Lane尝试: variant=full_priority, lane_prefix=RM, pool_size=1648, pool_data=12117.578G, prioritize_scattered_mix=True[0m
[32m2026-05-21 17:12:44[0m | [1mINFO    [0m | [1m补Lane尝试: variant=non_clinical_relaxed, lane_prefix=RM, pool_size=1648, pool_data=12117.578G, prioritize_scattered_mix=False[0m
[32m2026-05-21 17:12:48[0m | [1mINFO    [0m | [1m补Lane尝试: variant=full_priority, lane_prefix=GL, pool_size=1172, pool_data=9863.280G, prioritize_scattered_mix=True[0m
[32m2026-05-21 17:12:49[0m | [1mINFO    [0m | [1m补Lane尝试: variant=non_clinical_relaxed, lane_prefix=GL, pool_size=1172, pool_data=9863.280G, prioritize_scattered_mix=False[0m
[32m2026-05-21 17:12:53[0m | [1mINFO    [0m | [1m终态普通尾货全局1.1 regroup成功: lane=GL_Nova X-25B_001, 机型=Nova X-25B, 文库数=435, 数据量=2132.3G[0m
[32m2026-05-21 17:12:53[0m | [1mINFO    [0m | [1m补Lane尝试: variant=full_priority, lane_prefix=GL, pool_size=737, pool_data=7730.948G, prioritize_scattered_mix=True[0m
[32m2026-05-21 17:12:53[0m | [1mINFO    [0m | [1m补Lane尝试: variant=non_clinical_relaxed, lane_prefix=GL, pool_size=737, pool_data=7730.948G, prioritize_scattered_mix=False[0m
[32m2026-05-21 17:12:59[0m | [1mINFO    [0m | [1m补Lane跳过汇总: lane_prefix=GL, machine=Nova X-25B, reason_top=[总量0.8G低于最小门槛2095.0Gx8, 总量10.0G低于最小门槛1995.0Gx6, 总量12.0G低于最小门槛2095.0Gx5, 总量50.0G低于最小门槛1995.0Gx4][0m
[32m2026-05-21 17:14:03[0m | [1mINFO    [0m | [1m补Lane尝试: variant=cluster_fast_path, lane_prefix=OG, pool_size=45, pool_data=2009.470G, prioritize_scattered_mix=False[0m
[32m2026-05-21 17:14:05[0m | [1mINFO    [0m | [1m剩余库分层重组搜索完成: 新增Lane=5 (大簇专项=0, 高约束专项=0, 专lane=0, 混排lane=4, 普通lane=1), 跳过拆分文库=0, 剩余未分配=737[0m
[32m2026-05-21 17:14:05[0m | [33m[1mWARNING [0m | [33m[1m检测到重复Lane ID，已自动重命名: GL_Nova X-25B_001 -> GL_Nova X-25B_003[0m
[32m2026-05-21 17:14:05[0m | [33m[1mWARNING [0m | [33m[1m最终收口发现重复Lane ID并已重命名: 1条[0m
[32m2026-05-21 17:14:05[0m | [1mINFO    [0m | [1m脚本内置 Pooling 预测已停用，后续统一调用 prediction_delivery[0m
[32m2026-05-21 17:14:05[0m | [33m[1mWARNING [0m | [33m[1mLane DL_Nova X-25B_002 利用率异常: 195.21% (数据量=2049.74GB, 容量=1050.00GB)[0m
[32m2026-05-21 17:14:05[0m | [33m[1mWARNING [0m | [33m[1mLane RM_Nova X-25B_001 利用率异常: 223.16% (数据量=2175.83GB, 容量=975.00GB)[0m
[32m2026-05-21 17:14:05[0m | [33m[1mWARNING [0m | [33m[1mLane RM_Nova X-25B_002 利用率异常: 215.31% (数据量=2099.23GB, 容量=975.00GB)[0m
[32m2026-05-21 17:14:05[0m | [33m[1mWARNING [0m | [33m[1mLane RM_Nova X-25B_003 利用率异常: 229.04% (数据量=2233.11GB, 容量=975.00GB)[0m
[32m2026-05-21 17:14:05[0m | [33m[1mWARNING [0m | [33m[1mLane RM_Nova X-25B_004 利用率异常: 231.21% (数据量=2254.30GB, 容量=975.00GB)[0m
[32m2026-05-21 17:14:05[0m | [33m[1mWARNING [0m | [33m[1mLane GL_Nova X-25B_003 利用率异常: 218.70% (数据量=2132.33GB, 容量=975.00GB)[0m
[32m2026-05-21 17:14:05[0m | [1mINFO    [0m | [1m1.1首轮Lane加测/混合封顶生效: lane=DL_Nova X-25B_002, 保留150.0G, 回退31个/1899.8G到未分配池 (单Lane上限150.0G)[0m
[32m2026-05-21 17:14:05[0m | [1mINFO    [0m | [1m1.1首轮Lane加测/混合封顶生效: lane=GL_Nova X-25B_008, 保留150.0G, 回退206个/600.6G到未分配池 (单Lane上限150.0G)[0m
[32m2026-05-21 17:14:05[0m | [1mINFO    [0m | [1m1.1首轮Lane加测/混合封顶生效: lane=RM_Nova X-25B_001, 保留150.0G, 回退337个/878.4G到未分配池 (单Lane上限150.0G)[0m
[32m2026-05-21 17:14:05[0m | [1mINFO    [0m | [1m1.1首轮Lane加测/混合封顶生效: lane=RM_Nova X-25B_002, 保留149.3G, 回退339个/808.0G到未分配池 (单Lane上限150.0G)[0m
[32m2026-05-21 17:14:05[0m | [1mINFO    [0m | [1m1.1首轮Lane加测/混合封顶生效: lane=RM_Nova X-25B_003, 保留149.9G, 回退294个/655.0G到未分配池 (单Lane上限150.0G)[0m
[32m2026-05-21 17:14:05[0m | [1mINFO    [0m | [1m1.1首轮Lane加测/混合封顶生效: lane=RM_Nova X-25B_004, 保留150.0G, 回退374个/989.8G到未分配池 (单Lane上限150.0G)[0m
[32m2026-05-21 17:14:05[0m | [1mINFO    [0m | [1m1.1首轮Lane加测/混合封顶生效: lane=GL_Nova X-25B_003, 保留149.9G, 回退350个/874.2G到未分配池 (单Lane上限150.0G)[0m
[32m2026-05-21 17:14:05[0m | [1mINFO    [0m | [1m1.1首轮单Lane加测/混合封顶完成: 调整Lane=7, 回退文库=1931个/6705.8G[0m
[32m2026-05-21 17:14:05[0m | [1mINFO    [0m | [1mIndex校验器初始化完成（真实数据验证版本）[0m
[32m2026-05-21 17:14:05[0m | [1mINFO    [0m | [1m成Lane校验程序初始化完成 (严格模式: True, 碱基不均衡上限: 35%, 特殊文库关键词: 9个)[0m
[32m2026-05-21 17:14:05[0m | [1mINFO    [0m | [1m1.1首轮二次补排启动: 首轮剩余文库=2668个[0m
[32m2026-05-21 17:14:05[0m | [1mINFO    [0m | [1m1.1首轮二次补排策略: expensive_rescue=True, peak_window_mixed=True, post_fill_optimization=True, rule_bucket_prescheduling=True[0m
[32m2026-05-21 17:14:06[0m | [1mINFO    [0m | [1m
================================================================================[0m
[32m2026-05-21 17:14:06[0m | [1mINFO    [0m | [1m排机流程：纯规则排机[0m
[32m2026-05-21 17:14:06[0m | [1mINFO    [0m | [1m================================================================================[0m
[32m2026-05-21 17:14:06[0m | [1mINFO    [0m | [1mIndex校验器初始化完成（真实数据验证版本）[0m
[32m2026-05-21 17:14:06[0m | [1mINFO    [0m | [1mIndex校验器初始化完成（真实数据验证版本）[0m
[32m2026-05-21 17:14:06[0m | [1mINFO    [0m | [1m成Lane校验程序初始化完成 (严格模式: True, 碱基不均衡上限: 35%, 特殊文库关键词: 9个)[0m
[32m2026-05-21 17:14:06[0m | [33m[1mWARNING [0m | [33m[1mPooling配置表不存在: /data/work/yuyongpeng/liblane_v2_deepseek/data/wktype_pooling_config.xlsx，将使用默认策略[0m
[32m2026-05-21 17:14:06[0m | [1mINFO    [0m | [1m产出效率修正表不存在: /data/work/yuyongpeng/liblane_v2_deepseek/data/production_efficiency_correction.csv，跳过后校准[0m
[32m2026-05-21 17:14:06[0m | [33m[1mWARNING [0m | [33m[1m模型文件不存在: models/loutput_pre_lane_v5/lightgbm_model.pkl[0m
[32m2026-05-21 17:14:06[0m | [33m[1mWARNING [0m | [33m[1mloutput预测器不可用，将使用规则降级策略[0m
[32m2026-05-21 17:14:06[0m | [1mINFO    [0m | [1m逐Lane贪心排机器初始化完成 - 基础容量: 985.0GB, 利用率区间: [100%, 100%], 配置模式: 按机型自动[0m
[32m2026-05-21 17:14:06[0m | [1mINFO    [0m | [1m启用检查: Index=True, 碱基不均衡=True, 规则检查器=False[0m
[32m2026-05-21 17:14:06[0m | [1mINFO    [0m | [1m排机阶段：Pooling优化器已禁用（V6流程不需要）[0m
[32m2026-05-21 17:14:06[0m | [1mINFO    [0m | [1mIndex校验器初始化完成（真实数据验证版本）[0m
[32m2026-05-21 17:14:06[0m | [1mINFO    [0m | [1m成Lane校验程序初始化完成 (严格模式: True, 碱基不均衡上限: 35%, 特殊文库关键词: 9个)[0m
[32m2026-05-21 17:14:06[0m | [1mINFO    [0m | [1m严格校验容量区间改为按统一配置表动态解析[0m
[32m2026-05-21 17:14:06[0m | [1mINFO    [0m | [1m主流程前置拆分完成: 无需拆分[0m
[32m2026-05-21 17:14:07[0m | [1mINFO    [0m | [1m混排Peak窗口: 350-500bp, 2473个文库/12022G, 理论最多5条Lane[0m
[32m2026-05-21 17:14:07[0m | [1mINFO    [0m | [1m混排Lane预抽取完成: 新增Lane=0，使用文库=0个/0.0G，剩余待排=2668个/14436.7G[0m
[32m2026-05-21 17:14:07[0m | [1mINFO    [0m | [1m主流程规则分桶跳过: bucket=ten_x:精准医学25年自建库PE150测序技术服务（委托）合同|S|客户文库-10X VISIUM 文库|NA|TENX+MANUAL_RISK+IMBALANCE, count=8, reason=总量640.0G低于最小门槛1995.0G[0m
[32m2026-05-21 17:14:07[0m | [1mINFO    [0m | [1m主流程规则分桶跳过: bucket=ten_x:西部中心24例10X单细胞测序分析技术服务（委托）合同|S|10X转录组-3'文库|NA|TENX+MANUAL_RISK+IMBALANCE, count=10, reason=总量636.5G低于最小门槛1995.0G[0m
[32m2026-05-21 17:14:07[0m | [1mINFO    [0m | [1m主流程规则分桶跳过: bucket=ten_x:150个样本10X GENOMICS 3'端（V4试剂）单细胞转录组测序矩阵分析技术服务（委托）合同|S|10X转录组-3'文库|NA|TENX+MANUAL_RISK+IMBALANCE, count=9, reason=总量438.8G低于最小门槛1995.0G[0m
[32m2026-05-21 17:14:07[0m | [1mINFO    [0m | [1m主流程规则分桶跳过: bucket=ten_x:天津医科大学总医院-10例10X3' V4试剂单细胞测序分析技术服务（委托）合同|S|10X转录组-3'文库|NA|TENX+MANUAL_RISK+IMBALANCE, count=7, reason=总量433.1G低于最小门槛1995.0G[0m
[32m2026-05-21 17:14:07[0m | [1mINFO    [0m | [1m主流程规则分桶跳过: bucket=ten_x:扬州大学医学院12个10X GENOMICS V4 GEMX单细胞测序分析技术服务（委托）合同|S|10X转录组-3'文库|NA|TENX+MANUAL_RISK+IMBALANCE, count=8, reason=总量431.9G低于最小门槛1995.0G[0m
[32m2026-05-21 17:14:07[0m | [1mINFO    [0m | [1m主流程规则分桶跳过: bucket=ten_x:基层医药学会10X HD空间转录组分析技术服务（委托）合同|S|10X HD VISIUM空间转录组文库(新)|NA|TENX+MANUAL_RISK+IMBALANCE, count=4, reason=总量420.0G低于最小门槛1990.2G[0m
[32m2026-05-21 17:14:07[0m | [1mINFO    [0m | [1m主流程规则分桶跳过: bucket=ten_x:长征医院30例单细胞GEM-FLEX-60G矩阵分析+30例空转VISIUM HD-100G矩阵分析技术服务（委托）合同|S|10X HD VISIUM空间转录组文库(新)|NA|TENX+MANUAL_RISK+IMBALANCE, count=4, reason=总量400.0G低于最小门槛1990.2G[0m
[32m2026-05-21 17:14:07[0m | [1mINFO    [0m | [1m主流程规则分桶跳过: bucket=ten_x:暨大-单细胞建库测序分析分析技术服务（委托）合同|S|10X转录组-3'文库|NA|TENX+MANUAL_RISK+IMBALANCE, count=5, reason=总量248.0G低于最小门槛1995.0G[0m
[32m2026-05-21 17:14:07[0m | [1mINFO    [0m | [1m主流程规则分桶跳过: bucket=ten_x:康龙化成（北京）2024-2025年度建库测序分析技术服务（委托）合同|S|客户-10X转录组文库|NA|TENX+MANUAL_RISK+IMBALANCE, count=3, reason=总量200.0G低于最小门槛2095.0G[0m
[32m2026-05-21 17:14:07[0m | [1mINFO    [0m | [1m主流程规则分桶跳过: bucket=ten_x:2025年深圳微科盟单细胞测序分析技术服务（委托）合同|S|10X转录组-3'文库|NA|TENX+MANUAL_RISK+IMBALANCE, count=4, reason=总量189.1G低于最小门槛1995.0G[0m
[32m2026-05-21 17:14:07[0m | [1mINFO    [0m | [1m主流程规则分桶跳过: bucket=ten_x:山东省立医院50例单细胞+VDJ分析技术服务（委托）合同|S|10X转录组-5'文库|NA|TENX+MANUAL_RISK+IMBALANCE, count=2, reason=总量162.0G低于最小门槛1995.0G[0m
[32m2026-05-21 17:14:07[0m | [1mINFO    [0m | [1m主流程规则分桶跳过: bucket=ten_x:浙大二院张国强老师6例单细胞测序技术服务（委托）合同|S|10X转录组-3'文库|NA|TENX+MANUAL_RISK+IMBALANCE, count=3, reason=总量150.0G低于最小门槛1995.0G[0m
[32m2026-05-21 17:14:07[0m | [1mINFO    [0m | [1m主流程规则分桶跳过: bucket=ten_x:首医（人）尸体筋膜V3 100G矩阵分析技术服务（委托）合同|S|10X转录组-3'文库|NA|TENX+MANUAL_RISK+IMBALANCE, count=3, reason=总量147.4G低于最小门槛1995.0G[0m
[32m2026-05-21 17:14:07[0m | [1mINFO    [0m | [1m主流程规则分桶跳过: bucket=ten_x:7例3端单细胞转录组测序分析技术服务（委托）合同-CXX|S|10X转录组-3'文库|NA|TENX+MANUAL_RISK+IMBALANCE, count=3, reason=总量134.4G低于最小门槛1995.0G[0m
[32m2026-05-21 17:14:07[0m | [1mINFO    [0m | [1m主流程规则分桶跳过: bucket=ten_x:HONG KONG-CUHK-PROF. SU QI-12 MOUSE BRAIN OCT-VISIUM HD-X PLUS 210G-12 SPATIAL METABOLOMICS IN 2 SLIDES 50UM-STANDARD ANALYSIS-WBI-AMEA2025070737|S|10X HD VISIUM空间转录组文库(新)|NA|TENX+MANUAL_RISK+IMBALANCE, count=3, reason=总量130.4G低于最小门槛1990.2G[0m
[32m2026-05-21 17:14:07[0m | [1mINFO    [0m | [1m主流程规则分桶跳过: bucket=ten_x:宣武医院40例5'端单细胞+VDJ分析技术服务（委托）合同-ZYT|S|10X转录组-5'文库|NA|TENX+MANUAL_RISK+IMBALANCE, count=3, reason=总量125.4G低于最小门槛1995.0G[0m
[32m2026-05-21 17:14:07[0m | [1mINFO    [0m | [1m主流程规则分桶跳过: bucket=ten_x:广医三院3例睾丸组织单细胞测序分析技术服务（委托）合同|S|10X转录组-3'文库|NA|TENX+MANUAL_RISK+IMBALANCE, count=3, reason=总量124.6G低于最小门槛1995.0G[0m
[32m2026-05-21 17:14:07[0m | [1mINFO    [0m | [1m主流程规则分桶跳过: bucket=ten_x:复旦大学 张政辉 12例 10X3''单细胞测序矩阵分析技术服务（委托）合同|S|10X转录组-3'文库|NA|TENX+MANUAL_RISK+IMBALANCE, count=2, reason=总量100.1G低于最小门槛1995.0G[0m
[32m2026-05-21 17:14:07[0m | [1mINFO    [0m | [1m主流程规则分桶跳过: bucket=ten_x:6例样本单细胞测序分析技术服务（委托）合同-ZHX|S|10X转录组-3'文库|NA|TENX+MANUAL_RISK+IMBALANCE, count=2, reason=总量100.0G低于最小门槛1995.0G[0m
[32m2026-05-21 17:14:07[0m | [1mINFO    [0m | [1m主流程规则分桶跳过: bucket=ten_x:2个样本10X GENOMICS 3'端单细胞转录组分析技术服务（委托）合同-LX|S|10X转录组-3'文库|NA|TENX+MANUAL_RISK+IMBALANCE, count=2, reason=总量100.0G低于最小门槛1995.0G[0m
[32m2026-05-21 17:14:07[0m | [1mINFO    [0m | [1m主流程规则分桶跳过: bucket=ten_x:浙江大学2个10X GENOMICS 3端单细胞转录组建库测序X技术服务（委托）合同|S|10X转录组-3'文库|NA|TENX+MANUAL_RISK+IMBALANCE, count=2, reason=总量94.9G低于最小门槛1995.0G[0m
[32m2026-05-21 17:14:07[0m | [1mINFO    [0m | [1m主流程规则分桶跳过: bucket=ten_x:130例食管癌10X GENOMICS GEM-X +V4试剂单细胞转录组测序分析技术服务（委托）合同|S|10X转录组-3'文库|NA|TENX+MANUAL_RISK+IMBALANCE, count=1, reason=总量81.5G低于最小门槛1995.0G[0m
[32m2026-05-21 17:14:07[0m | [1mINFO    [0m | [1m主流程规则分桶跳过: bucket=ten_x:北妇产刘群老师（苗劲蔚组）10X GENOMICS单细胞转录组150G高级分析项目协议-2025.4.18|S|10X转录组-3'文库|NA|TENX+MANUAL_RISK+IMBALANCE, count=1, reason=总量81.1G低于最小门槛1995.0G[0m
[32m2026-05-21 17:14:07[0m | [1mINFO    [0m | [1m主流程规则分桶跳过: bucket=ten_x:四川大学华西医院5个单细胞核转录组建库测序技术服务（委托）合同|S|10X转录组-3'文库|NA|TENX+MANUAL_RISK+IMBALANCE, count=2, reason=总量70.0G低于最小门槛1995.0G[0m
[32m2026-05-21 17:14:07[0m | [1mINFO    [0m | [1m主流程规则分桶跳过: bucket=ten_x:深圳市人民医院小鼠样本10X 5端+TCR+BCR 单细胞转录组建库测序及高级分析技术服务（委托）合同|S|10X转录组V(D)J-TCR文库|NA|TENX+MANUAL_RISK+IMBALANCE, count=8, reason=总量54.6G低于最小门槛1995.0G[0m
[32m2026-05-21 17:14:07[0m | [1mINFO    [0m | [1m主流程规则分桶跳过: bucket=ten_x:深圳市人民医院小鼠样本10X 5端+TCR+BCR 单细胞转录组建库测序及高级分析技术服务（委托）合同|S|10X转录组V(D)J-BCR文库|NA|TENX+MANUAL_RISK+IMBALANCE, count=8, reason=总量53.7G低于最小门槛1995.0G[0m
[32m2026-05-21 17:14:07[0m | [1mINFO    [0m | [1m主流程规则分桶跳过: bucket=ten_x:北京儿童医院12例10X3单细胞转录组测序分析技术服务（委托）合同|S|10X转录组-3'文库|NA|TENX+MANUAL_RISK+IMBALANCE, count=1, reason=总量52.2G低于最小门槛1995.0G[0m
[32m2026-05-21 17:14:07[0m | [1mINFO    [0m | [1m主流程规则分桶跳过: bucket=ten_x:山东省肿瘤医院30例单细胞+TCR分析技术服务（委托）合同-张娜莎（北京）|S|10X转录组-5'文库|NA|TENX+MANUAL_RISK+IMBALANCE, count=1, reason=总量51.3G低于最小门槛1995.0G[0m
[32m2026-05-21 17:14:07[0m | [1mINFO    [0m | [1m主流程规则分桶跳过: bucket=ten_x:耳研所赵妍50例单细胞检测分析分析技术服务（委托）合同|S|10X转录组-3'文库|NA|TENX+MANUAL_RISK+IMBALANCE, count=1, reason=总量50.1G低于最小门槛1995.0G[0m
[32m2026-05-21 17:14:07[0m | [1mINFO    [0m | [1m主流程规则分桶跳过: bucket=ten_x:山东省立医院50例单细胞+VDJ分析技术服务（委托）合同|S|10X转录组V(D)J-TCR文库|NA|TENX+MANUAL_RISK+IMBALANCE, count=5, reason=总量50.0G低于最小门槛1995.0G[0m
[32m2026-05-21 17:14:07[0m | [1mINFO    [0m | [1m主流程规则分桶跳过: bucket=ten_x:2例单细胞(V4)技术服务合同分析技术服务（委托）合同|S|10X转录组-3'文库|NA|TENX+MANUAL_RISK+IMBALANCE, count=1, reason=总量50.0G低于最小门槛1995.0G[0m
[32m2026-05-21 17:14:07[0m | [1mINFO    [0m | [1m主流程规则分桶跳过: bucket=ten_x:天坛医院李金蔚50例单细胞3'转录组建库测序-202505分析技术服务（委托）合同|S|10X转录组-3'文库|NA|TENX+MANUAL_RISK+IMBALANCE, count=1, reason=总量50.0G低于最小门槛1995.0G[0m
[32m2026-05-21 17:14:07[0m | [1mINFO    [0m | [1m主流程规则分桶跳过: bucket=ten_x:神外所2例单细胞3'转录组测序分析-250805分析技术服务（委托）合同|S|10X转录组-3'文库|NA|TENX+MANUAL_RISK+IMBALANCE, count=1, reason=总量50.0G低于最小门槛1995.0G[0m
[32m2026-05-21 17:14:07[0m | [1mINFO    [0m | [1m主流程规则分桶跳过: bucket=ten_x:300个单细胞文库测序技术服务（委托）合同|S|客户-单细胞文库|NA|TENX+MANUAL_RISK+IMBALANCE, count=2, reason=总量46.3G低于最小门槛1843.6G[0m
[32m2026-05-21 17:14:07[0m | [1mINFO    [0m | [1m主流程规则分桶跳过: bucket=ten_x:山东大学4例10X3'单细胞建库测序矩阵分析技术服务（委托）合同-邵琪琪|S|10X转录组-3'文库|NA|TENX+MANUAL_RISK+IMBALANCE, count=1, reason=总量42.0G低于最小门槛1995.0G[0m
[32m2026-05-21 17:14:07[0m | [1mINFO    [0m | [1m主流程规则分桶跳过: bucket=ten_x:深圳市人民医院小鼠样本10X 5端+TCR+BCR 单细胞转录组建库测序及高级分析技术服务（委托）合同|S|10X转录组-5'文库|NA|TENX+MANUAL_RISK+IMBALANCE, count=7, reason=总量35.3G低于最小门槛1995.0G[0m
[32m2026-05-21 17:14:07[0m | [1mINFO    [0m | [1m主流程规则分桶跳过: bucket=ten_x:NVUK2025072303-EU-ES-IBS-8 SMARTER RNA-SEQUENCING 6G-ANGEL-WBI|S|单细胞文库|NA|TENX+MANUAL_RISK+IMBALANCE, count=5, reason=总量30.0G低于最小门槛1843.6G[0m
[32m2026-05-21 17:14:07[0m | [1mINFO    [0m | [1m主流程规则分桶跳过: bucket=ten_x:NVNL2025070703-NL-AMC_2 SAMPLES MRNASEQ_15GB WOBI|S|单细胞文库|NA|TENX+MANUAL_RISK+IMBALANCE, count=2, reason=总量30.0G低于最小门槛1843.6G[0m
[32m2026-05-21 17:14:07[0m | [1mINFO    [0m | [1m主流程规则分桶跳过: bucket=ten_x:李航山西医科大学6个3端单细胞转录组测序分析技术服务（委托）合同|S|10X转录组-3'文库|NA|TENX+MANUAL_RISK+IMBALANCE, count=1, reason=总量26.9G低于最小门槛1995.0G[0m
[32m2026-05-21 17:14:07[0m | [1mINFO    [0m | [1m主流程规则分桶跳过: bucket=ten_x:博迪贺康12例小鼠小肠单细胞转录组测序分析技术服务（委托）合同|S|10X转录组-3'文库|NA|TENX+MANUAL_RISK+IMBALANCE, count=1, reason=总量24.8G低于最小门槛1995.0G[0m
[32m2026-05-21 17:14:07[0m | [1mINFO    [0m | [1m主流程规则分桶跳过: bucket=ten_x:神外所20例单细胞三代全长转录组（0NT）+10例单细胞5'转录组+TCR+BCR建库测序分析技术服务（委托）合同|S|10X转录组V(D)J-TCR文库|NA|TENX+MANUAL_RISK+IMBALANCE, count=2, reason=总量20.0G低于最小门槛1995.0G[0m
[32m2026-05-21 17:14:07[0m | [1mINFO    [0m | [1m主流程规则分桶跳过: bucket=ten_x:NVUK2025080737-EU-ES-URJC-EXOLNCRNA-SMARTERMRNA-2-4-HUMAN-JAVIER-12GB-6GB-WOBI_PILOT|S|单细胞文库|NA|TENX+MANUAL_RISK+IMBALANCE, count=2, reason=总量12.0G低于最小门槛1843.6G[0m
[32m2026-05-21 17:14:07[0m | [1mINFO    [0m | [1m主流程规则分桶跳过: bucket=ten_x:100例5端单细胞+B+T+30例HD空转测序分析技术服务（委托）合同-ZN|S|10X转录组V(D)J-TCR文库|NA|TENX+MANUAL_RISK+IMBALANCE, count=1, reason=总量10.0G低于最小门槛1995.0G[0m
[32m2026-05-21 17:14:07[0m | [1mINFO    [0m | [1m主流程规则分桶跳过: bucket=ten_x:100例样本单细胞5+T+B测序分析技术服务（委托）合同-LY|S|10X转录组V(D)J-BCR文库|NA|TENX+MANUAL_RISK+IMBALANCE, count=1, reason=总量10.0G低于最小门槛1995.0G[0m
[32m2026-05-21 17:14:07[0m | [1mINFO    [0m | [1m主流程规则分桶跳过: bucket=ten_x:100例样本单细胞5+T+B测序分析技术服务（委托）合同-LY|S|10X转录组V(D)J-TCR文库|NA|TENX+MANUAL_RISK+IMBALANCE, count=1, reason=总量10.0G低于最小门槛1995.0G[0m
[32m2026-05-21 17:14:07[0m | [1mINFO    [0m | [1m主流程规则分桶跳过: bucket=ten_x:山东省立医院50例单细胞+VDJ分析技术服务（委托）合同|S|10X转录组V(D)J-BCR文库|NA|TENX+MANUAL_RISK+IMBALANCE, count=1, reason=总量10.0G低于最小门槛1995.0G[0m
[32m2026-05-21 17:14:07[0m | [1mINFO    [0m | [1m主流程规则分桶跳过: bucket=ten_x:智新浩正21例10XV3 5'+BCR+TCR单细胞转录组测序分析技术服务合同-1|S|10X转录组V(D)J-BCR文库|NA|TENX+MANUAL_RISK+IMBALANCE, count=1, reason=总量10.0G低于最小门槛1995.0G[0m
[32m2026-05-21 17:14:07[0m | [1mINFO    [0m | [1m主流程规则分桶跳过: bucket=ten_x:智新浩正21例10XV3 5'+BCR+TCR单细胞转录组测序分析技术服务合同-1|S|10X转录组V(D)J-TCR文库|NA|TENX+MANUAL_RISK+IMBALANCE, count=1, reason=总量10.0G低于最小门槛1995.0G[0m
[32m2026-05-21 17:14:07[0m | [1mINFO    [0m | [1m主流程规则分桶跳过: bucket=ten_x:XPLUS自建库测序技术服务（委托）合同技术服务（委托）合同|S|客户-寻因单细胞文库|NA|TENX+MANUAL_RISK+IMBALANCE, count=1, reason=总量8.7G低于最小门槛1676.0G[0m
[32m2026-05-21 17:14:07[0m | [1mINFO    [0m | [1m主流程规则分桶跳过: bucket=ten_x:宣武医院40例5'端单细胞+VDJ分析技术服务（委托）合同-ZYT|S|10X转录组V(D)J-BCR文库|NA|TENX+MANUAL_RISK+IMBALANCE, count=4, reason=总量5.8G低于最小门槛1995.0G[0m
[32m2026-05-21 17:14:07[0m | [1mINFO    [0m | [1m主流程规则分桶跳过: bucket=ten_x:中国科学院大连化学物理研究所50个样本的自建库分析技术服务（委托）合同|S|客户-单细胞文库|NA|TENX+MANUAL_RISK+IMBALANCE, count=5, reason=总量5.0G低于最小门槛1843.6G[0m
[32m2026-05-21 17:14:07[0m | [1mINFO    [0m | [1m主流程规则分桶跳过: bucket=ten_x:JAPAN-CHEMICAL-9-HUMAN-SE50-DS-CDNA-RNASEQ-5M-WOBI-東京都小金井市-農工大-生命工学-吉野研-吉野先生-AMEA2025073135|S|单细胞文库|NA|TENX+MANUAL_RISK+IMBALANCE, count=1, reason=总量2.0G低于最小门槛1843.6G[0m
[32m2026-05-21 17:14:07[0m | [1mINFO    [0m | [1m主流程规则分桶跳过: bucket=ten_x:ZDQ-中日联10个单细胞转录组测序分析技术服务（委托）合同|S|10X转录组-3'文库|NA|TENX+MANUAL_RISK+IMBALANCE, count=1, reason=总量1.7G低于最小门槛1995.0G[0m
[32m2026-05-21 17:14:07[0m | [1mINFO    [0m | [1m主流程规则分桶跳过: bucket=ten_x:21例10XV3 5'+BCR+TCR单细胞转录组测序分析技术服务合同|S|10X转录组V(D)J-BCR文库|NA|TENX+MANUAL_RISK+IMBALANCE, count=1, reason=总量1.4G低于最小门槛1995.0G[0m
[32m2026-05-21 17:14:07[0m | [1mINFO    [0m | [1m主流程规则分桶跳过: bucket=ten_x:自建库+转录组建库测序分析(X)技术服务（委托）合同|S|客户-单细胞文库|NA|TENX+MANUAL_RISK+IMBALANCE, count=1, reason=总量0.8G低于最小门槛1843.6G[0m
[32m2026-05-21 17:14:07[0m | [1mINFO    [0m | [1m主流程规则分桶跳过: bucket=manual_or_risk:（极速周期）北生所1000个自建文库测序技术服务（委托）合同|S|客户-PCR产物|NA|MANUAL_RISK+IMBALANCE, count=14, reason=总量280.0G低于最小门槛1257.0G[0m
[32m2026-05-21 17:14:07[0m | [1mINFO    [0m | [1m主流程规则分桶跳过: bucket=manual_or_risk:百奥华兴自建库合同分析技术服务（委托）合同|S|客户-ATAC-SEQ文库|NA|MANUAL_RISK+IMBALANCE, count=9, reason=总量180.0G低于最小门槛1676.0G[0m
[32m2026-05-21 17:14:07[0m | [1mINFO    [0m | [1m主流程规则分桶跳过: bucket=manual_or_risk:（极速周期）北生所1000个自建文库测序技术服务（委托）合同|S|客户-CUT-TAG文库|NA|MANUAL_RISK+IMBALANCE, count=24, reason=总量144.0G低于最小门槛1676.0G[0m
[32m2026-05-21 17:14:07[0m | [1mINFO    [0m | [1m主流程规则分桶跳过: bucket=manual_or_risk:NVDE2025073120-DE-UMR-MALETZKI-HUMAN-12-LOWPASSEMSEQ-15GB-WOBI|S|EM-SEQ文库|NA|MANUAL_RISK+IMBALANCE, count=10, reason=总量140.0G低于最小门槛2074.1G[0m
[32m2026-05-21 17:14:07[0m | [1mINFO    [0m | [1m主流程规则分桶跳过: bucket=manual_or_risk:简化甲基化测序21个分析技术服务（委托）合同|S|RRBS文库|NA|MANUAL_RISK+IMBALANCE, count=19, reason=总量107.3G低于最小门槛1780.8G[0m
[32m2026-05-21 17:14:07[0m | [1mINFO    [0m | [1m主流程规则分桶跳过: bucket=manual_or_risk:景杰25年自建库测序技术服务（委托）合同|S|客户-CUT-TAG文库|NA|MANUAL_RISK+IMBALANCE, count=17, reason=总量88.5G低于最小门槛1676.0G[0m
[32m2026-05-21 17:14:07[0m | [1mINFO    [0m | [1m主流程规则分桶跳过: bucket=manual_or_risk:（极速周期）2025年艾斯基因建库测序年度框架分析技术服务（委托）合同|S|客户-ATAC-SEQ文库|NA|MANUAL_RISK+IMBALANCE, count=6, reason=总量84.0G低于最小门槛1676.0G[0m
[32m2026-05-21 17:14:07[0m | [1mINFO    [0m | [1m主流程规则分桶跳过: bucket=manual_or_risk:湘湖实验室100个自建库XP测序技术服务（委托）合同|S|客户-ATAC-SEQ文库|NA|MANUAL_RISK+IMBALANCE, count=8, reason=总量80.0G低于最小门槛1676.0G[0m
[32m2026-05-21 17:14:07[0m | [1mINFO    [0m | [1m主流程规则分桶跳过: bucket=manual_or_risk:（极速周期）【科研】河南农业大学建库测序分析技术服务（委托）合同许老师-20241218-2|S|客户-PCR产物|NA|MANUAL_RISK+IMBALANCE, count=1, reason=总量75.0G低于最小门槛1257.0G[0m
[32m2026-05-21 17:14:07[0m | [1mINFO    [0m | [1m主流程规则分桶跳过: bucket=manual_or_risk:汕头大学医学院雷老师自建库测序分析技术服务（委托）合同|S|客户-ATAC-SEQ文库|NA|MANUAL_RISK+IMBALANCE, count=6, reason=总量72.0G低于最小门槛1676.0G[0m
[32m2026-05-21 17:14:07[0m | [1mINFO    [0m | [1m主流程规则分桶跳过: bucket=manual_or_risk:温州医科大学1个样本自建库测序技术服务（委托）合同|S|客户-其他碱基不均衡文库|NA|MANUAL_RISK+IMBALANCE, count=1, reason=总量72.0G低于最小门槛1676.0G[0m
[32m2026-05-21 17:14:07[0m | [1mINFO    [0m | [1m主流程规则分桶跳过: bucket=manual_or_risk:广州医科大学王佳PE150文库测序分析技术服务（委托）合同|S|客户-HI-C文库|NA|MANUAL_RISK, count=1, reason=总量65.0G低于最小门槛2095.0G[0m
[32m2026-05-21 17:14:07[0m | [1mINFO    [0m | [1m主流程规则分桶跳过: bucket=manual_or_risk:（极速周期）清华1个文库技术服务（委托）合同|S|客户-CUT-TAG文库|NA|MANUAL_RISK+IMBALANCE, count=10, reason=总量60.0G低于最小门槛1676.0G[0m
[32m2026-05-21 17:14:07[0m | [1mINFO    [0m | [1m主流程规则分桶跳过: bucket=manual_or_risk:崖州湾RIBO加ATAC加转录组分析技术服务（委托）合同|S|ATAC-SEQ文库|NA|MANUAL_RISK+IMBALANCE, count=2, reason=总量60.0G低于最小门槛1676.0G[0m
[32m2026-05-21 17:14:07[0m | [1mINFO    [0m | [1m主流程规则分桶跳过: bucket=manual_or_risk:广州医科大学师宪平组CUT&TAG自建库测序分析分析技术服务（委托）合同|S|客户-CUT-TAG文库|NA|MANUAL_RISK+IMBALANCE, count=9, reason=总量54.0G低于最小门槛1676.0G[0m
[32m2026-05-21 17:14:07[0m | [1mINFO    [0m | [1m主流程规则分桶跳过: bucket=manual_or_risk:（极速周期）清华50个自建文库测序技术服务（委托）合同|S|客户-PCR产物|NA|MANUAL_RISK+IMBALANCE, count=7, reason=总量52.0G低于最小门槛1257.0G[0m
[32m2026-05-21 17:14:07[0m | [1mINFO    [0m | [1m主流程规则分桶跳过: bucket=manual_or_risk:山东第一医科大学4例ATAC自建库测序技术服务（委托）合同-刘伟|S|客户-ATAC-SEQ文库|NA|MANUAL_RISK+IMBALANCE, count=4, reason=总量48.0G低于最小门槛1676.0G[0m
[32m2026-05-21 17:14:07[0m | [1mINFO    [0m | [1m主流程规则分桶跳过: bucket=manual_or_risk:真诺生物-2000例转录组测序+全外显子测序分析技术服务（委托）合同|S|外显子文库|NA|MANUAL_RISK, count=1, reason=总量48.0G低于最小门槛2095.0G[0m
[32m2026-05-21 17:14:07[0m | [1mINFO    [0m | [1m主流程规则分桶跳过: bucket=manual_or_risk:真诺生物-2000例转录组测序+全外显子测序技术服务（委托）合同|S|外显子文库|NA|MANUAL_RISK, count=1, reason=总量48.0G低于最小门槛2095.0G[0m
[32m2026-05-21 17:14:07[0m | [1mINFO    [0m | [1m主流程规则分桶跳过: bucket=manual_or_risk:海洋所90例MRNA建库测序分析技术服务（委托）合同|S|VIP-真核普通转录组文库|NA|MANUAL_RISK, count=13, reason=总量45.7G低于最小门槛2095.0G[0m
[32m2026-05-21 17:14:07[0m | [1mINFO    [0m | [1m主流程规则分桶跳过: bucket=manual_or_risk:西南医科大学附属医院100例自建库分析技术服务（委托）合同|S|客户-CUT-TAG文库|NA|MANUAL_RISK+IMBALANCE, count=4, reason=总量40.0G低于最小门槛1676.0G[0m
[32m2026-05-21 17:14:07[0m | [1mINFO    [0m | [1m主流程规则分桶跳过: bucket=manual_or_risk:康龙化成（北京）2024-2025年度建库测序分析技术服务（委托）合同|S|客户-真核普通转录组文库|NA|MANUAL_RISK, count=2, reason=总量36.0G低于最小门槛2095.0G[0m
[32m2026-05-21 17:14:07[0m | [1mINFO    [0m | [1m主流程规则分桶跳过: bucket=manual_or_risk:自建库测序-NOVASEQ2025Q3技术服务（委托）合同|S|客户-PCR产物|NA|MANUAL_RISK+IMBALANCE, count=13, reason=总量32.7G低于最小门槛1257.0G[0m
[32m2026-05-21 17:14:07[0m | [1mINFO    [0m | [1m主流程规则分桶跳过: bucket=manual_or_risk:MRNA制造成本突破创新专项|S|客户-PCR产物|NA|MANUAL_RISK+IMBALANCE, count=5, reason=总量30.0G低于最小门槛1257.0G[0m
[32m2026-05-21 17:14:07[0m | [1mINFO    [0m | [1m主流程规则分桶跳过: bucket=manual_or_risk:2025年深圳晶泰自建库测序分析技术服务（委托）合同|S|客户-PCR产物|NA|MANUAL_RISK+IMBALANCE, count=3, reason=总量30.0G低于最小门槛1257.0G[0m
[32m2026-05-21 17:14:07[0m | [1mINFO    [0m | [1m主流程规则分桶跳过: bucket=manual_or_risk:天津市肿瘤医院100例自建库测序技术服务（委托）合同-王晟欣|S|客户-CUT-TAG文库|NA|MANUAL_RISK+IMBALANCE, count=7, reason=总量26.6G低于最小门槛1676.0G[0m
[32m2026-05-21 17:14:07[0m | [1mINFO    [0m | [1m主流程规则分桶跳过: bucket=manual_or_risk:（极速周期）北大SY-自建库XPLUS测序技术服务（委托）合同|S|客户-PCR产物|NA|MANUAL_RISK+IMBALANCE, count=12, reason=总量24.0G低于最小门槛1257.0G[0m
[32m2026-05-21 17:14:07[0m | [1mINFO    [0m | [1m主流程规则分桶跳过: bucket=manual_or_risk:（极速周期）清华6个自建库测序技术服务（委托）合同|S|客户-PCR产物|NA|MANUAL_RISK+IMBALANCE, count=6, reason=总量24.0G低于最小门槛1257.0G[0m
[32m2026-05-21 17:14:07[0m | [1mINFO    [0m | [1m主流程规则分桶跳过: bucket=manual_or_risk:天津市肿瘤医院100例自建库测序技术服务（委托）合同-王晟欣|S|客户-CUT-RUN文库|NA|MANUAL_RISK+IMBALANCE, count=4, reason=总量24.0G低于最小门槛1676.0G[0m
[32m2026-05-21 17:14:07[0m | [1mINFO    [0m | [1m主流程规则分桶跳过: bucket=manual_or_risk:深圳湾实验室张哲老师PE150自建库测序技术服务（委托）合同|S|客户-PCR产物|NA|MANUAL_RISK+IMBALANCE, count=2, reason=总量20.0G低于最小门槛1257.0G[0m
[32m2026-05-21 17:14:07[0m | [1mINFO    [0m | [1m主流程规则分桶跳过: bucket=manual_or_risk:天津市肿瘤医院100例自建库测序技术服务（委托）合同-王晟欣|S|客户-ATAC-SEQ文库|NA|MANUAL_RISK+IMBALANCE, count=3, reason=总量18.0G低于最小门槛1676.0G[0m
[32m2026-05-21 17:14:07[0m | [1mINFO    [0m | [1m主流程规则分桶跳过: bucket=manual_or_risk:广州医科大学涂兆伟多个自建库测序分析分析技术服务（委托）合同|S|客户-CUT-TAG文库|NA|MANUAL_RISK+IMBALANCE, count=4, reason=总量16.0G低于最小门槛1676.0G[0m
[32m2026-05-21 17:14:07[0m | [1mINFO    [0m | [1m主流程规则分桶跳过: bucket=manual_or_risk:温州医科大学丁春明组自建库测序技术服务（委托）合同|S|客户-其他碱基不均衡文库|NA|MANUAL_RISK+IMBALANCE, count=1, reason=总量14.7G低于最小门槛1676.0G[0m
[32m2026-05-21 17:14:07[0m | [1mINFO    [0m | [1m主流程规则分桶跳过: bucket=manual_or_risk:5个宏基因组-40G加测+50G标准分析+50GBINNING分析分析技术服务（委托）合同|S|DNA小片段文库|NA|MANUAL_RISK, count=2, reason=总量13.0G低于最小门槛2095.0G[0m
[32m2026-05-21 17:14:07[0m | [1mINFO    [0m | [1m主流程规则分桶跳过: bucket=manual_or_risk:（极速周期）清华100例自建库测序技术服务（委托）合同|S|客户-PCR产物|NA|MANUAL_RISK+IMBALANCE, count=12, reason=总量12.0G低于最小门槛1257.0G[0m
[32m2026-05-21 17:14:07[0m | [1mINFO    [0m | [1m主流程规则分桶跳过: bucket=manual_or_risk:兰州大学16例自建库测序技术服务（委托）合同|S|客户-SMALL RNA文库|NA|MANUAL_RISK, count=2, reason=总量12.0G低于最小门槛2095.0G[0m
[32m2026-05-21 17:14:07[0m | [1mINFO    [0m | [1m主流程规则分桶跳过: bucket=manual_or_risk:天津医科大学-100个自建库（25年）分析技术服务（委托）合同|S|客户-CUT-TAG文库|NA|MANUAL_RISK+IMBALANCE, count=2, reason=总量12.0G低于最小门槛1676.0G[0m
[32m2026-05-21 17:14:07[0m | [1mINFO    [0m | [1m主流程规则分桶跳过: bucket=manual_or_risk:山东省妇幼保健院6样本转录组10G+自建库分析技术服务（委托）合同-李安娜|S|客户-动植物全基因组重测序文库|NA|MANUAL_RISK, count=2, reason=总量12.0G低于最小门槛2095.0G[0m
[32m2026-05-21 17:14:07[0m | [1mINFO    [0m | [1m主流程规则分桶跳过: bucket=manual_or_risk:Y-32个链特文库12G XPLUS分析技术服务（委托）合同|S|LNC非互作文库|NA|MANUAL_RISK, count=1, reason=总量12.0G低于最小门槛2095.0G[0m
[32m2026-05-21 17:14:07[0m | [1mINFO    [0m | [1m主流程规则分桶跳过: bucket=manual_or_risk:天津医科大学-12例自建库测序6G分析技术服务（委托）合同|S|客户-CUT-TAG文库|NA|MANUAL_RISK+IMBALANCE, count=6, reason=总量11.8G低于最小门槛1676.0G[0m
[32m2026-05-21 17:14:07[0m | [1mINFO    [0m | [1m主流程规则分桶跳过: bucket=manual_or_risk:厦大50个两库全转录组测序分析技术服务（委托）合同|S|SMALL RNA文库|NA|MANUAL_RISK, count=11, reason=总量11.0G低于最小门槛2095.0G[0m
[32m2026-05-21 17:14:07[0m | [1mINFO    [0m | [1m主流程规则分桶跳过: bucket=manual_or_risk:云舟生物2025年-PE150自建库年度合作协议分析技术服务（委托）合同|S|客户-PCR产物|NA|MANUAL_RISK+IMBALANCE, count=4, reason=总量10.5G低于最小门槛1257.0G[0m
[32m2026-05-21 17:14:07[0m | [1mINFO    [0m | [1m主流程规则分桶跳过: bucket=manual_or_risk:工生所300例自建库测序技术服务（委托）合同|S|客户-扩增子文库|NA|MANUAL_RISK+IMBALANCE, count=2, reason=总量10.0G低于最小门槛1466.5G[0m
[32m2026-05-21 17:14:07[0m | [1mINFO    [0m | [1m主流程规则分桶跳过: bucket=manual_or_risk:兰兽研宏基因+宏病毒测序分析技术服务（委托）合同|S|宏转录组|NA|MANUAL_RISK, count=1, reason=总量10.0G低于最小门槛2095.0G[0m
[32m2026-05-21 17:14:07[0m | [1mINFO    [0m | [1m主流程规则分桶跳过: bucket=manual_or_risk:药企-南京瑞启医药-自建库散样分析技术服务（委托）合同|S|客户-METHYLATION文库|NA|SCATTERED+MANUAL_RISK+IMBALANCE, count=1, reason=总量10.0G低于最小门槛2074.1G[0m
[32m2026-05-21 17:14:07[0m | [1mINFO    [0m | [1m主流程规则分桶跳过: bucket=manual_or_risk:中国农业科学院郑州果树研究所桃PERFECT T2T-单倍型基因组测序分析项目分析技术服务（委托）合同|S|HI-C文库(植物组织4碱基)|NA|MANUAL_RISK, count=1, reason=总量9.8G低于最小门槛2095.0G[0m
[32m2026-05-21 17:14:07[0m | [1mINFO    [0m | [1m主流程规则分桶跳过: bucket=manual_or_risk:（极速周期）清华9例自建库测序技术服务（委托）合同|S|客户-PCR产物|NA|MANUAL_RISK+IMBALANCE, count=9, reason=总量9.0G低于最小门槛1257.0G[0m
[32m2026-05-21 17:14:07[0m | [1mINFO    [0m | [1m主流程规则分桶跳过: bucket=manual_or_risk:HONG KONG-HKU-CHENG CECILIA-2 PRELIB-4G-X PLUS-WOBI-AMEA2025082718|S|客户-PCR产物|NA|MANUAL_RISK+IMBALANCE, count=2, reason=总量8.0G低于最小门槛1257.0G[0m
[32m2026-05-21 17:14:07[0m | [1mINFO    [0m | [1m主流程规则分桶跳过: bucket=manual_or_risk:2019年天津科服实验室测试项目-DNA平台|S|LNC非互作文库|NA|MANUAL_RISK, count=2, reason=总量7.8G低于最小门槛2095.0G[0m
[32m2026-05-21 17:14:07[0m | [1mINFO    [0m | [1m主流程规则分桶跳过: bucket=manual_or_risk:植保所200个自建库-第二次分析技术服务（委托）合同|S|客户-PCR产物|NA|MANUAL_RISK+IMBALANCE, count=6, reason=总量6.0G低于最小门槛1257.0G[0m
[32m2026-05-21 17:14:07[0m | [1mINFO    [0m | [1m主流程规则分桶跳过: bucket=manual_or_risk:农科院100个自建库-执行第一次分析技术服务（委托）合同|S|客户-SMALL RNA文库|NA|MANUAL_RISK, count=2, reason=总量6.0G低于最小门槛2095.0G[0m
[32m2026-05-21 17:14:07[0m | [1mINFO    [0m | [1m主流程规则分桶跳过: bucket=manual_or_risk:TJ-US-OHSU-5-MOUSE PCR PRODUCT WGS-PCR FREE-NOVASEQ6000-5G-WOBI-NVUS2024011841|S|PCR-FREE (PCR产物单建)|NA|MANUAL_RISK+IMBALANCE, count=5, reason=总量5.3G低于最小门槛2095.0G[0m
[32m2026-05-21 17:14:07[0m | [1mINFO    [0m | [1m主流程规则分桶跳过: bucket=manual_or_risk:不分析RNA-SEQ转录组分析技术服务（委托）合同|S|VIP-真核普通转录组文库|NA|MANUAL_RISK, count=1, reason=总量5.2G低于最小门槛2095.0G[0m
[32m2026-05-21 17:14:07[0m | [1mINFO    [0m | [1m主流程规则分桶跳过: bucket=manual_or_risk:天津医科大学-30例自建库（3G）分析技术服务（委托）合同|S|客户-扩增子文库|NA|MANUAL_RISK+IMBALANCE, count=2, reason=总量4.0G低于最小门槛1466.5G[0m
[32m2026-05-21 17:14:07[0m | [1mINFO    [0m | [1m主流程规则分桶跳过: bucket=manual_or_risk:浙大6个人胃癌细胞系样本LNC RNA建库测序技术服务（委托）合同|S|LNC非互作文库|NA|MANUAL_RISK, count=1, reason=总量4.0G低于最小门槛2095.0G[0m
[32m2026-05-21 17:14:07[0m | [1mINFO    [0m | [1m主流程规则分桶跳过: bucket=manual_or_risk:自建库测序-NOVASEQ2025Q3技术服务（委托）合同|S|客户-CUT-TAG文库|NA|MANUAL_RISK+IMBALANCE, count=3, reason=总量3.9G低于最小门槛1676.0G[0m
[32m2026-05-21 17:14:07[0m | [1mINFO    [0m | [1m主流程规则分桶跳过: bucket=manual_or_risk:西湖大学李小波LAB郭康宁30例原核转录组建库测序技术服务（委托）合同|S|原核链特异性转录组文库|NA|MANUAL_RISK, count=4, reason=总量3.2G低于最小门槛2095.0G[0m
[32m2026-05-21 17:14:07[0m | [1mINFO    [0m | [1m主流程规则分桶跳过: bucket=manual_or_risk:河南农业大学12例非编码测序分析项目分析技术服务（委托）合同|S|SMALL RNA文库|NA|MANUAL_RISK, count=1, reason=总量3.0G低于最小门槛2095.0G[0m
[32m2026-05-21 17:14:07[0m | [1mINFO    [0m | [1m主流程规则分桶跳过: bucket=manual_or_risk:内蒙古大学100个宏基因组测序分析技术服务委托合同|S|DNA小片段文库|NA|MANUAL_RISK, count=1, reason=总量2.9G低于最小门槛2095.0G[0m
[32m2026-05-21 17:14:07[0m | [1mINFO    [0m | [1m主流程规则分桶跳过: bucket=manual_or_risk:南科大胃组织多组学测序分析技术服务(委托)合同|S|HI-C文库(细胞和动物组织4碱基)|NA|MANUAL_RISK, count=2, reason=总量2.7G低于最小门槛2095.0G[0m
[32m2026-05-21 17:14:07[0m | [1mINFO    [0m | [1m主流程规则分桶跳过: bucket=manual_or_risk:浙大16个医口转录组测序分析技术服务（委托）合同|S|VIP-真核普通转录组文库|NA|MANUAL_RISK, count=3, reason=总量2.7G低于最小门槛2095.0G[0m
[32m2026-05-21 17:14:07[0m | [1mINFO    [0m | [1m主流程规则分桶跳过: bucket=manual_or_risk:广东医科大学郭飞自建库测序分析技术服务（委托）合同|S|客户-CHIP-SEQ文库|NA|MANUAL_RISK, count=2, reason=总量2.6G低于最小门槛2095.0G[0m
[32m2026-05-21 17:14:07[0m | [1mINFO    [0m | [1m主流程规则分桶跳过: bucket=manual_or_risk:暨大-转录组建库测序标准分析技术服务（委托）合同|S|VIP-真核普通转录组文库|NA|MANUAL_RISK, count=2, reason=总量2.6G低于最小门槛2095.0G[0m
[32m2026-05-21 17:14:07[0m | [1mINFO    [0m | [1m主流程规则分桶跳过: bucket=manual_or_risk:中肿-转录组建库测序标准分析技术服务（委托）合同|S|VIP-真核普通转录组文库|NA|MANUAL_RISK, count=1, reason=总量2.6G低于最小门槛2095.0G[0m
[32m2026-05-21 17:14:07[0m | [1mINFO    [0m | [1m主流程规则分桶跳过: bucket=manual_or_risk:温州肯恩大学4个拟南芥样本M6A甲基化测序分析技术服务（委托）合同|S|RNA甲基化文库-IP|NA|MANUAL_RISK+IMBALANCE, count=2, reason=总量2.4G低于最小门槛2095.0G[0m
[32m2026-05-21 17:14:07[0m | [1mINFO    [0m | [1m主流程规则分桶跳过: bucket=manual_or_risk:武汉大学30T自建库测序技术服务（委托）合同|S|客户-其他碱基均衡文库|NA|MANUAL_RISK, count=3, reason=总量2.4G低于最小门槛2095.0G[0m
[32m2026-05-21 17:14:07[0m | [1mINFO    [0m | [1m主流程规则分桶跳过: bucket=manual_or_risk:1例转录组建库测序分析技术服务（委托）合同|S|VIP-真核普通转录组文库|NA|MANUAL_RISK, count=1, reason=总量2.4G低于最小门槛2095.0G[0m
[32m2026-05-21 17:14:07[0m | [1mINFO    [0m | [1m主流程规则分桶跳过: bucket=manual_or_risk:NVUK2025072912-UKI-LEEDS-6-HUMAN-WTS-WBI|S|LNC互作文库|NA|MANUAL_RISK, count=1, reason=总量2.3G低于最小门槛2095.0G[0m
[32m2026-05-21 17:14:07[0m | [1mINFO    [0m | [1m主流程规则分桶跳过: bucket=manual_or_risk:2025年深圳新产业生物3例样本自建库测序技术服务（委托）合同|S|客户-PCR产物|NA|MANUAL_RISK+IMBALANCE, count=2, reason=总量2.0G低于最小门槛1257.0G[0m
[32m2026-05-21 17:14:07[0m | [1mINFO    [0m | [1m主流程规则分桶跳过: bucket=manual_or_risk:检验科单菌二代测序分析技术服务（委托）合同-2025-XYC|S|DNA小片段文库|NA|MANUAL_RISK, count=2, reason=总量2.0G低于最小门槛2095.0G[0m
[32m2026-05-21 17:14:07[0m | [1mINFO    [0m | [1m主流程规则分桶跳过: bucket=manual_or_risk:浙江农林大学20个样本客户自建库测序X技术服务（委托）合同|S|客户-PCR产物|NA|MANUAL_RISK+IMBALANCE, count=2, reason=总量2.0G低于最小门槛1257.0G[0m
[32m2026-05-21 17:14:07[0m | [1mINFO    [0m | [1m主流程规则分桶跳过: bucket=manual_or_risk:华理潘美玉6例原核转录组分析技术服务（委托）合同|S|原核链特异性转录组文库|NA|MANUAL_RISK, count=1, reason=总量2.0G低于最小门槛2095.0G[0m
[32m2026-05-21 17:14:07[0m | [1mINFO    [0m | [1m主流程规则分桶跳过: bucket=manual_or_risk:良渚实验室时邵辉老师全基因组建库和自建库测序技术服务（委托）合同|S|客户-其他碱基不均衡文库|NA|MANUAL_RISK+IMBALANCE, count=1, reason=总量2.0G低于最小门槛1676.0G[0m
[32m2026-05-21 17:14:07[0m | [1mINFO    [0m | [1m主流程规则分桶跳过: bucket=manual_or_risk:BL-90例样本动物基因组重测序分析技术服务（委托）合同|S|DNA小片段文库|NA|MANUAL_RISK, count=1, reason=总量1.9G低于最小门槛2095.0G[0m
[32m2026-05-21 17:14:07[0m | [1mINFO    [0m | [1m主流程规则分桶跳过: bucket=manual_or_risk:RIBO建库测序30例分析技术服务（委托）合同|S|RIBO-SEQ文库|NA|MANUAL_RISK+IMBALANCE, count=1, reason=总量1.8G低于最小门槛2095.0G[0m
[32m2026-05-21 17:14:07[0m | [1mINFO    [0m | [1m主流程规则分桶跳过: bucket=manual_or_risk:宏转录组+宏基因组建库测序分析-Y技术服务（委托）合同|S|宏转录组|NA|MANUAL_RISK, count=1, reason=总量1.8G低于最小门槛2095.0G[0m
[32m2026-05-21 17:14:07[0m | [1mINFO    [0m | [1m主流程规则分桶跳过: bucket=manual_or_risk:温州肯恩大学4个拟南芥样本M6A甲基化测序分析技术服务（委托）合同|S|RNA甲基化文库-INPUT|NA|MANUAL_RISK+IMBALANCE, count=2, reason=总量1.8G低于最小门槛2095.0G[0m
[32m2026-05-21 17:14:07[0m | [1mINFO    [0m | [1m主流程规则分桶跳过: bucket=manual_or_risk:扬州大学动物样本6例LNCRNA建库测序分析分析技术服务（委托）合同|S|LNC非互作文库|NA|MANUAL_RISK, count=1, reason=总量1.7G低于最小门槛2095.0G[0m
[32m2026-05-21 17:14:07[0m | [1mINFO    [0m | [1m主流程规则分桶跳过: bucket=manual_or_risk:100个自建库XPLUS分析技术服务（委托）合同|S|客户-动植物全基因组重测序文库|NA|MANUAL_RISK, count=2, reason=总量1.6G低于最小门槛2095.0G[0m
[32m2026-05-21 17:14:07[0m | [1mINFO    [0m | [1m主流程规则分桶跳过: bucket=manual_or_risk:15个原核转录组分析技术服务（委托）合同|S|原核链特异性转录组文库|NA|MANUAL_RISK, count=2, reason=总量1.6G低于最小门槛2095.0G[0m
[32m2026-05-21 17:14:07[0m | [1mINFO    [0m | [1m主流程规则分桶跳过: bucket=manual_or_risk:华中农业大学14个样本转录组测序和8个样本自建库测序分析技术服务（委托）合同|S|客户-CHIP-SEQ文库|NA|MANUAL_RISK, count=2, reason=总量1.6G低于最小门槛2095.0G[0m
[32m2026-05-21 17:14:07[0m | [1mINFO    [0m | [1m主流程规则分桶跳过: bucket=manual_or_risk:浙二李丛笋老师6例原核转录组和扩增子分析技术服务（委托）合同|S|原核链特异性转录组文库|NA|MANUAL_RISK, count=2, reason=总量1.6G低于最小门槛2095.0G[0m
[32m2026-05-21 17:14:07[0m | [1mINFO    [0m | [1m主流程规则分桶跳过: bucket=manual_or_risk:郑州大学第一附属医院17例CUTTAG文库测序分析技术服务（委托）合同|S|客户-CUT-TAG文库|NA|MANUAL_RISK+IMBALANCE, count=1, reason=总量1.5G低于最小门槛1676.0G[0m
[32m2026-05-21 17:14:07[0m | [1mINFO    [0m | [1m主流程规则分桶跳过: bucket=manual_or_risk:（极速周期）ILLUMINA平台宏基因组测序分析分析技术服务（委托）合同|S|DNA小片段文库|NA|MANUAL_RISK, count=1, reason=总量1.3G低于最小门槛2095.0G[0m
[32m2026-05-21 17:14:07[0m | [1mINFO    [0m | [1m主流程规则分桶跳过: bucket=manual_or_risk:16个真核有参转录组测序分析-MXR分析技术服务（委托）合同|S|真核链特异性转录组文库|NA|MANUAL_RISK, count=1, reason=总量1.2G低于最小门槛2095.0G[0m
[32m2026-05-21 17:14:07[0m | [1mINFO    [0m | [1m主流程规则分桶跳过: bucket=manual_or_risk:哈工大12个小鼠脑组织转录组分析技术服务（委托）合同|S|VIP-真核普通转录组文库|NA|MANUAL_RISK, count=1, reason=总量1.2G低于最小门槛2095.0G[0m
[32m2026-05-21 17:14:07[0m | [1mINFO    [0m | [1m主流程规则分桶跳过: bucket=manual_or_risk:旌准自建库测序技术服务（委托）合同|S|客户-人目标区域文库|NA|MANUAL_RISK, count=1, reason=总量1.2G低于最小门槛2095.0G[0m
[32m2026-05-21 17:14:07[0m | [1mINFO    [0m | [1m主流程规则分桶跳过: bucket=manual_or_risk:林科院50例转录组测序分析技术服务（委托）合同|S|VIP-真核普通转录组文库|NA|MANUAL_RISK, count=1, reason=总量1.1G低于最小门槛2095.0G[0m
[32m2026-05-21 17:14:07[0m | [1mINFO    [0m | [1m主流程规则分桶跳过: bucket=manual_or_risk:8个文库自建库测序技术服务（委托）合同-ZHF|S|客户-PCR产物|NA|MANUAL_RISK+IMBALANCE, count=1, reason=总量1.0G低于最小门槛1257.0G[0m
[32m2026-05-21 17:14:07[0m | [1mINFO    [0m | [1m主流程规则分桶跳过: bucket=manual_or_risk:云南省农业科学院生物技术与种质资源研究所50个样本无参转录组单拼技术服务（委托）合同|S|VIP-真核普通转录组文库|NA|MANUAL_RISK, count=1, reason=总量1.0G低于最小门槛2095.0G[0m
[32m2026-05-21 17:14:07[0m | [1mINFO    [0m | [1m主流程规则分桶跳过: bucket=manual_or_risk:北医100例样本自建库测序分析-DXY分析技术服务（委托）合同|S|客户-CHIP-SEQ文库|NA|MANUAL_RISK, count=1, reason=总量1.0G低于最小门槛2095.0G[0m
[32m2026-05-21 17:14:07[0m | [1mINFO    [0m | [1m主流程规则分桶跳过: bucket=manual_or_risk:微生物所1000例自建库测序分析技术服务（委托）合同|S|客户-扩增子文库|NA|MANUAL_RISK+IMBALANCE, count=1, reason=总量1.0G低于最小门槛1466.5G[0m
[32m2026-05-21 17:14:07[0m | [1mINFO    [0m | [1m主流程规则分桶跳过: bucket=manual_or_risk:浙江大学100个客户自建库测序X技术服务（委托）合同|S|客户-PCR产物|NA|MANUAL_RISK+IMBALANCE, count=1, reason=总量1.0G低于最小门槛1257.0G[0m
[32m2026-05-21 17:14:07[0m | [1mINFO    [0m | [1m主流程规则分桶跳过: bucket=manual_or_risk:温州医科大学6例肺炎克雷伯菌样本原核转录组测序分析技术服务（委托）合同|S|原核链特异性转录组文库|NA|MANUAL_RISK, count=1, reason=总量1.0G低于最小门槛2095.0G[0m
[32m2026-05-21 17:14:07[0m | [1mINFO    [0m | [1m主流程规则分桶跳过: bucket=manual_or_risk:2025-北化DNA样本NOVASEQ™ X PLUS建库测序技术服务（委托）合同-LMZ|S|微生物常规小片段文库|NA|MANUAL_RISK, count=1, reason=总量0.8G低于最小门槛2095.0G[0m
[32m2026-05-21 17:14:07[0m | [1mINFO    [0m | [1m主流程规则分桶跳过: bucket=manual_or_risk:NVUK2025081411-UKI-STORMTX-13-HUMAN-LNCRNA-12GB-WOBI|S|LNC非互作文库|NA|MANUAL_RISK, count=1, reason=总量0.8G低于最小门槛2095.0G[0m
[32m2026-05-21 17:14:07[0m | [1mINFO    [0m | [1m主流程规则分桶跳过: bucket=manual_or_risk:SJ-（极速周期）北大SH-RNA样本建库测序技术服务（委托）合同|S|VIP-真核普通转录组文库|NA|MANUAL_RISK, count=1, reason=总量0.8G低于最小门槛2095.0G[0m
[32m2026-05-21 17:14:07[0m | [1mINFO    [0m | [1m主流程规则分桶跳过: bucket=manual_or_risk:[乳企]-三元-3000个宏基因组分析技术服务（委托）合同|S|DNA小片段文库|NA|MANUAL_RISK, count=1, reason=总量0.8G低于最小门槛2095.0G[0m
[32m2026-05-21 17:14:07[0m | [1mINFO    [0m | [1m主流程规则分桶跳过: bucket=manual_or_risk:华中农业大学400个MRNA 链特异性建库测序技术服务（委托）合同|S|真核链特异性转录组文库|NA|MANUAL_RISK, count=1, reason=总量0.8G低于最小门槛2095.0G[0m
[32m2026-05-21 17:14:07[0m | [1mINFO    [0m | [1m主流程规则分桶跳过: bucket=manual_or_risk:南方医林樱老师52例转录组分析技术服务（委托）合同|S|VIP-真核普通转录组文库|NA|MANUAL_RISK, count=1, reason=总量0.8G低于最小门槛2095.0G[0m
[32m2026-05-21 17:14:07[0m | [1mINFO    [0m | [1m主流程规则分桶跳过: bucket=manual_or_risk:汕头大学医学院雷老师自建库测序分析技术服务（委托）合同|S|客户-CHIP-SEQ文库|NA|MANUAL_RISK, count=1, reason=总量0.8G低于最小门槛2095.0G[0m
[32m2026-05-21 17:14:07[0m | [1mINFO    [0m | [1m主流程规则分桶跳过: bucket=manual_or_risk:河南农业大学100例自建库测序项目分析技术服务（委托）合同|S|客户-动植物全基因组重测序文库|NA|MANUAL_RISK, count=1, reason=总量0.8G低于最小门槛2095.0G[0m
[32m2026-05-21 17:14:07[0m | [1mINFO    [0m | [1m主流程规则分桶跳过: bucket=manual_or_risk:疾控中心500例细菌框架图分析技术服务（委托）合同-刘凤|S|DNA小片段文库|NA|MANUAL_RISK, count=1, reason=总量0.8G低于最小门槛2095.0G[0m
[32m2026-05-21 17:14:07[0m | [1mINFO    [0m | [1m主流程规则分桶跳过: bucket=manual_or_risk:苏大儿童医院张子木200个真核链特转录组技术服务（委托）合同|S|真核链特异性转录组文库|NA|MANUAL_RISK, count=1, reason=总量0.8G低于最小门槛2095.0G[0m
[32m2026-05-21 17:14:07[0m | [1mINFO    [0m | [1m主流程规则分桶跳过: bucket=manual_or_risk:西农靳珂珂24个宏转录组分析技术服务（委托）合同|S|宏转录组|NA|MANUAL_RISK, count=1, reason=总量0.8G低于最小门槛2095.0G[0m
[32m2026-05-21 17:14:07[0m | [1mINFO    [0m | [1m主流程规则分桶跳过: bucket=manual_or_risk:项目10000个样本DNA小片段提取建库测序技术服务（委托）合同|S|DNA小片段文库|NA|MANUAL_RISK, count=1, reason=总量0.8G低于最小门槛2095.0G[0m
[32m2026-05-21 17:14:07[0m | [1mINFO    [0m | [1m主流程规则分桶跳过: bucket=manual_or_risk:（极速周期）北大SH-RNA样本建库测序技术服务（委托）合同|S|VIP-真核普通转录组文库|NA|MANUAL_RISK, count=1, reason=总量0.8G低于最小门槛2095.0G[0m
[32m2026-05-21 17:14:07[0m | [1mINFO    [0m | [1m主流程规则分桶跳过: bucket=manual_or_risk:JQ_CUT TAG建库测序分析技术服务（委托）合同|S|CUT TAG文库（细胞）|NA|MANUAL_RISK+IMBALANCE, count=1, reason=总量0.5G低于最小门槛1676.0G[0m
[32m2026-05-21 17:14:07[0m | [1mINFO    [0m | [1m主流程规则分桶跳过: bucket=manual_or_risk:XPLUS自建库测序技术服务（委托）合同技术服务（委托）合同|S|客户-真核普通转录组文库|NA|MANUAL_RISK, count=1, reason=总量0.5G低于最小门槛2095.0G[0m
[32m2026-05-21 17:14:07[0m | [1mINFO    [0m | [1m主流程规则分桶跳过: bucket=manual_or_risk:国科大自建库测序NOVA X PLUS技术服务（委托）合同-2|S|客户-CHIP-SEQ文库|NA|MANUAL_RISK, count=1, reason=总量0.5G低于最小门槛2095.0G[0m
[32m2026-05-21 17:14:07[0m | [1mINFO    [0m | [1m主流程规则分桶跳过: bucket=manual_or_risk:瑞金医院6例ATAC和CUTTAG测序分析技术服务（委托）合同|S|客户-ATAC-SEQ文库|NA|MANUAL_RISK+IMBALANCE, count=1, reason=总量0.5G低于最小门槛1676.0G[0m
[32m2026-05-21 17:14:07[0m | [1mINFO    [0m | [1m主流程规则分桶跳过: bucket=general:内蒙古双奇药业股份有限公司25年宏基因组测序分析技术服务（委托）合同|Z|DNA小片段文库|NA|NORMAL, count=113, reason=总量563.4G低于最小门槛2095.0G[0m
[32m2026-05-21 17:14:07[0m | [1mINFO    [0m | [1m主流程规则分桶跳过: bucket=general:269个蜜蜂7G基因组测序XPLUS分析技术服务（委托）合同|Z|DNA小片段文库|NA|NORMAL, count=138, reason=总量442.2G低于最小门槛2095.0G[0m
[32m2026-05-21 17:14:07[0m | [1mINFO    [0m | [1m主流程规则分桶跳过: bucket=general:内蒙古大学100个宏基因组测序分析技术服务委托合同|Z|DNA小片段文库|NA|NORMAL, count=111, reason=总量370.0G低于最小门槛2095.0G[0m
[32m2026-05-21 17:14:07[0m | [1mINFO    [0m | [1m主流程规则分桶跳过: bucket=general:地理所126个宏基因组+252个扩增子分析技术服务（委托）合同|Z|DNA小片段文库|NA|NORMAL, count=124, reason=总量277.5G低于最小门槛2095.0G[0m
[32m2026-05-21 17:14:07[0m | [1mINFO    [0m | [1m主流程规则分桶跳过: bucket=general:新桥医院 120例转录组+18例ITS+24例宏基因组测序分析技术服务（委托）合同|Z|VIP-真核普通转录组文库|NA|NORMAL, count=98, reason=总量239.6G低于最小门槛2095.0G[0m
[32m2026-05-21 17:14:07[0m | [1mINFO    [0m | [1m主流程规则分桶跳过: bucket=general:菲沙25年转录组框架分析技术服务（委托）合同|Z|VIP-真核普通转录组文库|NA|NORMAL, count=86, reason=总量216.2G低于最小门槛2095.0G[0m
[32m2026-05-21 17:14:07[0m | [1mINFO    [0m | [1m主流程规则分桶跳过: bucket=general:2025年深圳微科盟NGS测序分析技术服务（委托）合同|Z|DNA小片段文库|NA|NORMAL, count=60, reason=总量204.2G低于最小门槛2095.0G[0m
[32m2026-05-21 17:14:07[0m | [1mINFO    [0m | [1m主流程规则分桶跳过: bucket=general:LY_600例宏基因组建库测序分析技术服务（委托）合同|Z|DNA小片段文库|NA|NORMAL, count=65, reason=总量157.2G低于最小门槛2095.0G[0m
[32m2026-05-21 17:14:07[0m | [1mINFO    [0m | [1m主流程规则分桶跳过: bucket=general:江南大学META建库测序-2025分析技术服务（委托）合同|Z|DNA小片段文库|NA|NORMAL, count=34, reason=总量141.4G低于最小门槛2095.0G[0m
[32m2026-05-21 17:14:07[0m | [1mINFO    [0m | [1m主流程规则分桶跳过: bucket=general:宁波大学海洋学院117个扩增子+2个宏基因组测序分析技术服务（委托）合同|Z|DNA小片段文库|NA|NORMAL, count=24, reason=总量138.4G低于最小门槛2095.0G[0m
[32m2026-05-21 17:14:07[0m | [1mINFO    [0m | [1m主流程规则分桶跳过: bucket=general:5月枫梓25年测序项目技术服务（委托）合同|Z|VIP-真核普通转录组文库|NA|NORMAL, count=47, reason=总量133.7G低于最小门槛2095.0G[0m
[32m2026-05-21 17:14:07[0m | [1mINFO    [0m | [1m主流程规则分桶跳过: bucket=general:30个META提取建库测序分析技术服务（委托）合同|Z|DNA小片段文库|NA|NORMAL, count=30, reason=总量113.2G低于最小门槛2095.0G[0m
[32m2026-05-21 17:14:07[0m | [1mINFO    [0m | [1m主流程规则分桶跳过: bucket=general:（极速周期）ILLUMINA平台宏基因组测序分析分析技术服务（委托）合同|Z|DNA小片段文库|NA|NORMAL, count=23, reason=总量110.2G低于最小门槛2095.0G[0m
[32m2026-05-21 17:14:07[0m | [1mINFO    [0m | [1m主流程规则分桶跳过: bucket=general:45个皮肤拭子+46个眼部拭子（16 SV 3V4+ITS1~5F）+41个粪便宏基因组测序分析技术服务（委托）合同|Z|DNA小片段文库|NA|NORMAL, count=41, reason=总量92.7G低于最小门槛2095.0G[0m
[32m2026-05-21 17:14:07[0m | [1mINFO    [0m | [1m主流程规则分桶跳过: bucket=general:广州海洋实验室-魏老师组多组学-2025分析技术服务（委托）合同|Z|VIP-真核普通转录组文库|NA|NORMAL, count=32, reason=总量84.0G低于最小门槛2095.0G[0m
[32m2026-05-21 17:14:07[0m | [1mINFO    [0m | [1m主流程规则分桶跳过: bucket=general:微生物所姜霁航老师转录组测序（框架）分析技术服务（委托）合同|Z|VIP-真核普通转录组文库|NA|NORMAL, count=33, reason=总量81.7G低于最小门槛2095.0G[0m
[32m2026-05-21 17:14:07[0m | [1mINFO    [0m | [1m主流程规则分桶跳过: bucket=general:78个皮肤拭子+78个眼部拭子（16S V34+ITS1~5F）+68个粪便宏基因组测序分析技术服务（委托）合同|Z|DNA小片段文库|NA|NORMAL, count=33, reason=总量70.4G低于最小门槛2095.0G[0m
[32m2026-05-21 17:14:07[0m | [1mINFO    [0m | [1m主流程规则分桶跳过: bucket=general:YC后海生物-2025年度建库测序项目分析技术服务（委托）合同|Z|DNA小片段文库|NA|NORMAL, count=6, reason=总量62.7G低于最小门槛2095.0G[0m
[32m2026-05-21 17:14:07[0m | [1mINFO    [0m | [1m主流程规则分桶跳过: bucket=general:项目2100个样本转录组测序分析技术服务（委托）合同|Z|VIP-真核普通转录组文库|NA|NORMAL, count=24, reason=总量60.3G低于最小门槛2095.0G[0m
[32m2026-05-21 17:14:07[0m | [1mINFO    [0m | [1m主流程规则分桶跳过: bucket=general:50例真核转录组+原核转录组分析技术服务（委托）合同|Z|VIP-真核普通转录组文库|NA|NORMAL, count=19, reason=总量54.8G低于最小门槛2095.0G[0m
[32m2026-05-21 17:14:07[0m | [1mINFO    [0m | [1m主流程规则分桶跳过: bucket=general:博奥晶典ILLUMINA建库测序及质控 技术服务（委托）合同-2025|Z|VIP-真核普通转录组文库|NA|NORMAL, count=24, reason=总量53.9G低于最小门槛2095.0G[0m
[32m2026-05-21 17:14:07[0m | [1mINFO    [0m | [1m主流程规则分桶跳过: bucket=general:新桥医院 18例小鼠卵巢转录组测序分析技术服务（委托）合同|Z|VIP-真核普通转录组文库|NA|NORMAL, count=18, reason=总量53.9G低于最小门槛2095.0G[0m
[32m2026-05-21 17:14:07[0m | [1mINFO    [0m | [1m主流程规则分桶跳过: bucket=general:动科所18个16S扩增子、非靶代谢和转录组建库测序分析技术服务（委托）合同|Z|VIP-真核普通转录组文库|NA|NORMAL, count=18, reason=总量52.6G低于最小门槛2095.0G[0m
[32m2026-05-21 17:14:07[0m | [1mINFO    [0m | [1m主流程规则分桶跳过: bucket=general:浙江农林大学暨阳学院18个转录组测序分析技术服务（委托）合同|Z|VIP-真核普通转录组文库|NA|NORMAL, count=18, reason=总量47.6G低于最小门槛2095.0G[0m
[32m2026-05-21 17:14:07[0m | [1mINFO    [0m | [1m主流程规则分桶跳过: bucket=general:台州疾控盛莹二代细菌基因组建库测序技术服务（委托）合同|Z|DNA小片段文库|NA|NORMAL, count=58, reason=总量46.6G低于最小门槛2095.0G[0m
[32m2026-05-21 17:14:07[0m | [1mINFO    [0m | [1m主流程规则分桶跳过: bucket=general:内蒙古农业大学单菌基因组建库测序技术服务（委托）合同|Z|DNA小片段文库|NA|NORMAL, count=58, reason=总量46.4G低于最小门槛2095.0G[0m
[32m2026-05-21 17:14:07[0m | [1mINFO    [0m | [1m主流程规则分桶跳过: bucket=general:内蒙古农业大学单菌菌体二代建库测序质控技术服务（委托）合同|Z|DNA小片段文库|NA|NORMAL, count=56, reason=总量44.8G低于最小门槛2095.0G[0m
[32m2026-05-21 17:14:07[0m | [1mINFO    [0m | [1m主流程规则分桶跳过: bucket=general:南华大学18个转录+30个蛋白+110个代谢检测分析技术服务（委托）合同|Z|VIP-真核普通转录组文库|NA|NORMAL, count=18, reason=总量43.6G低于最小门槛2095.0G[0m
[32m2026-05-21 17:14:07[0m | [1mINFO    [0m | [1m主流程规则分桶跳过: bucket=general:2025年福建漫修生物宏基因组建库测序技术服务（委托）合同|Z|DNA小片段文库|NA|NORMAL, count=11, reason=总量43.1G低于最小门槛2095.0G[0m
[32m2026-05-21 17:14:07[0m | [1mINFO    [0m | [1m主流程规则分桶跳过: bucket=general:50例转录组测序分析技术服务（委托）合同-LYX|Z|VIP-真核普通转录组文库|NA|NORMAL, count=18, reason=总量42.7G低于最小门槛2095.0G[0m
[32m2026-05-21 17:14:07[0m | [1mINFO    [0m | [1m主流程规则分桶跳过: bucket=general:25年下半年100例宏基因组建库测序分析技术服务（委托）合同|Z|DNA小片段文库|NA|NORMAL, count=9, reason=总量42.2G低于最小门槛2095.0G[0m
[32m2026-05-21 17:14:07[0m | [1mINFO    [0m | [1m主流程规则分桶跳过: bucket=general:科服+2025年影子转录组及扩增子框架分析技术服务（委托）合同|Z|VIP-真核普通转录组文库|NA|NORMAL, count=18, reason=总量41.1G低于最小门槛2095.0G[0m
[32m2026-05-21 17:14:07[0m | [1mINFO    [0m | [1m主流程规则分桶跳过: bucket=general:资环所10个土壤宏基因组分析技术服务（委托）合同|Z|DNA小片段文库|NA|NORMAL, count=10, reason=总量39.0G低于最小门槛2095.0G[0m
[32m2026-05-21 17:14:07[0m | [1mINFO    [0m | [1m主流程规则分桶跳过: bucket=general:珠江医院汪胜宇300个宏基因组分析技术服务（委托）合同|Z|DNA小片段文库|NA|NORMAL, count=8, reason=总量36.6G低于最小门槛2095.0G[0m
[32m2026-05-21 17:14:07[0m | [1mINFO    [0m | [1m主流程规则分桶跳过: bucket=general:北医三院16个转录组+代谢组分析技术服务（委托）合同|Z|VIP-真核普通转录组文库|NA|NORMAL, count=16, reason=总量36.4G低于最小门槛2095.0G[0m
[32m2026-05-21 17:14:07[0m | [1mINFO    [0m | [1m主流程规则分桶跳过: bucket=general:北京儿童医院15例WGS测序分析技术服务（委托）合同|Z|DNA小片段文库|NA|NORMAL, count=1, reason=总量36.1G低于最小门槛2095.0G[0m
[32m2026-05-21 17:14:07[0m | [1mINFO    [0m | [1m主流程规则分桶跳过: bucket=general:2025年广州奥智生物建库测序分析技术服务（委托）合同|Z|DNA小片段文库|NA|NORMAL, count=12, reason=总量35.5G低于最小门槛2095.0G[0m
[32m2026-05-21 17:14:07[0m | [1mINFO    [0m | [1m主流程规则分桶跳过: bucket=general:检验科单菌二代测序分析技术服务（委托）合同-2025-XYC|Z|DNA小片段文库|NA|NORMAL, count=44, reason=总量35.4G低于最小门槛2095.0G[0m
[32m2026-05-21 17:14:07[0m | [1mINFO    [0m | [1m主流程规则分桶跳过: bucket=general:湖南中烟30例转录组测序分析技术服务（委托）合同|Z|VIP-真核普通转录组文库|NA|NORMAL, count=14, reason=总量34.3G低于最小门槛2095.0G[0m
[32m2026-05-21 17:14:07[0m | [1mINFO    [0m | [1m主流程规则分桶跳过: bucket=general:成中医16MIRNA+MRNA及24个非靶代谢组分析技术服务（委托）合同|Z|VIP-真核普通转录组文库|NA|NORMAL, count=12, reason=总量32.2G低于最小门槛2095.0G[0m
[32m2026-05-21 17:14:07[0m | [1mINFO    [0m | [1m主流程规则分桶跳过: bucket=general:天津肿瘤医院12例转录组测序分析技术服务（委托）合同-杨舒童|Z|VIP-真核普通转录组文库|NA|NORMAL, count=12, reason=总量32.0G低于最小门槛2095.0G[0m
[32m2026-05-21 17:14:07[0m | [1mINFO    [0m | [1m主流程规则分桶跳过: bucket=general:安徽省立医院20个RNA转录组测序分析技术服务（委托）合同|Z|VIP-真核普通转录组文库|NA|NORMAL, count=10, reason=总量29.9G低于最小门槛2095.0G[0m
[32m2026-05-21 17:14:07[0m | [1mINFO    [0m | [1m主流程规则分桶跳过: bucket=general:转录组测序（华西）分析技术服务（委托）合同|Z|VIP-真核普通转录组文库|NA|NORMAL, count=9, reason=总量28.7G低于最小门槛2095.0G[0m
[32m2026-05-21 17:14:07[0m | [1mINFO    [0m | [1m主流程规则分桶跳过: bucket=general:HONG KONG-CUHK-PROF TSANG-25 WGS-X PLUS 10G-105 PCR-50K-WOBI-AMEA2025082517|Z|动植物全基因组重测序文库|NA|NORMAL, count=10, reason=总量28.7G低于最小门槛2095.0G[0m
[32m2026-05-21 17:14:07[0m | [1mINFO    [0m | [1m主流程规则分桶跳过: bucket=general:广州海洋实验室81个宏基因组2+3分析技术服务（委托）合同|Z|DNA小片段文库|NA|NORMAL, count=6, reason=总量28.2G低于最小门槛2095.0G[0m
[32m2026-05-21 17:14:07[0m | [1mINFO    [0m | [1m主流程规则分桶跳过: bucket=general:12个转录组重测序分析技术服务（委托）合同-YYH|Z|VIP-真核普通转录组文库|NA|NORMAL, count=5, reason=总量28.1G低于最小门槛2095.0G[0m
[32m2026-05-21 17:14:07[0m | [1mINFO    [0m | [1m主流程规则分桶跳过: bucket=general:新疆500个转录分析技术服务（委托）合同|Z|VIP-真核普通转录组文库|NA|NORMAL, count=11, reason=总量26.9G低于最小门槛2095.0G[0m
[32m2026-05-21 17:14:07[0m | [1mINFO    [0m | [1m主流程规则分桶跳过: bucket=general:重庆师范大学9个果蝇转录组+RAPID DIA蛋白质组分析技术服务（委托）合同|Z|VIP-真核普通转录组文库|NA|NORMAL, count=9, reason=总量26.6G低于最小门槛2095.0G[0m
[32m2026-05-21 17:14:07[0m | [1mINFO    [0m | [1m主流程规则分桶跳过: bucket=general:整形医院杨老师100例转录组分析技术服务（委托）合同|Z|VIP-真核普通转录组文库|NA|NORMAL, count=10, reason=总量25.9G低于最小门槛2095.0G[0m
[32m2026-05-21 17:14:07[0m | [1mINFO    [0m | [1m主流程规则分桶跳过: bucket=general:河南大学第一附属医院50例细菌框架图测序分析技术服务（委托）合同|Z|DNA小片段文库|NA|NORMAL, count=32, reason=总量25.6G低于最小门槛2095.0G[0m
[32m2026-05-21 17:14:07[0m | [1mINFO    [0m | [1m主流程规则分桶跳过: bucket=general:瑞金医院叶静组黄超尘老师150例二代转录组X测序技术服务（委托）合同|Z|VIP-真核普通转录组文库|NA|NORMAL, count=6, reason=总量25.5G低于最小门槛2095.0G[0m
[32m2026-05-21 17:14:07[0m | [1mINFO    [0m | [1m主流程规则分桶跳过: bucket=general:14个样本的宏基因组分析技术服务（委托）合同|Z|DNA小片段文库|NA|NORMAL, count=13, reason=总量25.3G低于最小门槛2095.0G[0m
[32m2026-05-21 17:14:07[0m | [1mINFO    [0m | [1m主流程规则分桶跳过: bucket=general:1000 个转录组和1500个宏基因组建库测序技术服务 （委托）合同-TZL|Z|DNA小片段文库|NA|NORMAL, count=11, reason=总量25.2G低于最小门槛2095.0G[0m
[32m2026-05-21 17:14:07[0m | [1mINFO    [0m | [1m主流程规则分桶跳过: bucket=general:山西农业大学9例转录组测序+12例非靶代谢组分析分析技术服务（委托）合同|Z|VIP-真核普通转录组文库|NA|NORMAL, count=9, reason=总量25.0G低于最小门槛2095.0G[0m
[32m2026-05-21 17:14:07[0m | [1mINFO    [0m | [1m主流程规则分桶跳过: bucket=general:安徽农业大学9个样本有参转录组测序分析技术服务（委托）合同|Z|VIP-真核普通转录组文库|NA|NORMAL, count=9, reason=总量24.2G低于最小门槛2095.0G[0m
[32m2026-05-21 17:14:07[0m | [1mINFO    [0m | [1m主流程规则分桶跳过: bucket=general:转录组测序分析8.18分析技术服务（委托）合同|Z|VIP-真核普通转录组文库|NA|NORMAL, count=9, reason=总量23.9G低于最小门槛2095.0G[0m
[32m2026-05-21 17:14:07[0m | [1mINFO    [0m | [1m主流程规则分桶跳过: bucket=general:北大医院20个样本RIBO-SEQ 测序分析+转录组测序技术服务（委托）合同|Z|VIP-真核普通转录组文库|NA|NORMAL, count=9, reason=总量23.4G低于最小门槛2095.0G[0m
[32m2026-05-21 17:14:07[0m | [1mINFO    [0m | [1m主流程规则分桶跳过: bucket=general:蚌埠医科大学9个小鼠角膜样本转录组测序分析技术服务（委托）合同|Z|VIP-真核普通转录组文库|NA|NORMAL, count=9, reason=总量22.6G低于最小门槛2095.0G[0m
[32m2026-05-21 17:14:07[0m | [1mINFO    [0m | [1m主流程规则分桶跳过: bucket=general:2025年深圳微科盟NGS测序分析技术服务（委托）合同|Z|VIP-真核普通转录组文库|NA|NORMAL, count=8, reason=总量22.5G低于最小门槛2095.0G[0m
[32m2026-05-21 17:14:07[0m | [1mINFO    [0m | [1m主流程规则分桶跳过: bucket=general:山东大学10例医口转录组分析技术服务（委托）合同-刘姝雅|Z|VIP-真核普通转录组文库|NA|NORMAL, count=10, reason=总量22.1G低于最小门槛2095.0G[0m
[32m2026-05-21 17:14:07[0m | [1mINFO    [0m | [1m主流程规则分桶跳过: bucket=general:8个样本的转录组 测序分析技术服务（委托）合同|Z|VIP-真核普通转录组文库|NA|NORMAL, count=8, reason=总量21.9G低于最小门槛2095.0G[0m
[32m2026-05-21 17:14:07[0m | [1mINFO    [0m | [1m主流程规则分桶跳过: bucket=general:重庆医科大学附属第一医院10例小鼠心肌组织（MIRNA+MRNA）+12例扩增子+10例代谢组测序分析技术服务（委托）合同|Z|VIP-真核普通转录组文库|NA|NORMAL, count=10, reason=总量21.5G低于最小门槛2095.0G[0m
[32m2026-05-21 17:14:07[0m | [1mINFO    [0m | [1m主流程规则分桶跳过: bucket=general:山东第一医科大学9例有参转录组分析技术服务（委托）合同-曹盛楠|Z|VIP-真核普通转录组文库|NA|NORMAL, count=9, reason=总量20.2G低于最小门槛2095.0G[0m
[32m2026-05-21 17:14:07[0m | [1mINFO    [0m | [1m主流程规则分桶跳过: bucket=general:244个样本框架图分析技术服务（委托）合同-1|Z|DNA小片段文库|NA|NORMAL, count=23, reason=总量19.4G低于最小门槛2095.0G[0m
[32m2026-05-21 17:14:07[0m | [1mINFO    [0m | [1m主流程规则分桶跳过: bucket=general:云南省农业科学院蚕桑蜜蜂研究所39个样本真核有参转录组分析技术服务（委托）合同|Z|VIP-真核普通转录组文库|NA|NORMAL, count=7, reason=总量19.1G低于最小门槛2095.0G[0m
[32m2026-05-21 17:14:07[0m | [1mINFO    [0m | [1m主流程规则分桶跳过: bucket=general:工生所50例样本小片段建库测序技术服务（委托）合同|Z|DNA小片段文库|NA|NORMAL, count=23, reason=总量18.4G低于最小门槛2095.0G[0m
[32m2026-05-21 17:14:07[0m | [1mINFO    [0m | [1m主流程规则分桶跳过: bucket=general:12个样本 转录组 测序分析技术服务（委托）合同|Z|VIP-真核普通转录组文库|NA|NORMAL, count=7, reason=总量18.1G低于最小门槛2095.0G[0m
[32m2026-05-21 17:14:07[0m | [1mINFO    [0m | [1m主流程规则分桶跳过: bucket=general:14个小鼠皮肤+14个兔皮肤转录组分析技术服务（委托）合同|Z|VIP-真核普通转录组文库|NA|NORMAL, count=7, reason=总量17.4G低于最小门槛2095.0G[0m
[32m2026-05-21 17:14:07[0m | [1mINFO    [0m | [1m主流程规则分桶跳过: bucket=general:石大6个触角转录组测序分析技术服务（委托）合同|Z|VIP-真核普通转录组文库|NA|NORMAL, count=6, reason=总量16.9G低于最小门槛2095.0G[0m
[32m2026-05-21 17:14:07[0m | [1mINFO    [0m | [1m主流程规则分桶跳过: bucket=general:山东第一医科大学第一附属医院6例转录组分析技术服务（委托）合同-宋御繁|Z|VIP-真核普通转录组文库|NA|NORMAL, count=6, reason=总量16.9G低于最小门槛2095.0G[0m
[32m2026-05-21 17:14:07[0m | [1mINFO    [0m | [1m主流程规则分桶跳过: bucket=general:100个宏基因组XPLUS分析技术服务（委托）合同|Z|DNA小片段文库|NA|NORMAL, count=13, reason=总量16.8G低于最小门槛2095.0G[0m
[32m2026-05-21 17:14:07[0m | [1mINFO    [0m | [1m主流程规则分桶跳过: bucket=general:遵义市第一人民医院12个人细胞转录组分析技术服务（委托）合同|Z|VIP-真核普通转录组文库|NA|NORMAL, count=6, reason=总量16.7G低于最小门槛2095.0G[0m
[32m2026-05-21 17:14:07[0m | [1mINFO    [0m | [1m主流程规则分桶跳过: bucket=general:21个完成图分析技术服务（委托）合同|Z|DNA小片段文库|NA|NORMAL, count=20, reason=总量16.0G低于最小门槛2095.0G[0m
[32m2026-05-21 17:14:07[0m | [1mINFO    [0m | [1m主流程规则分桶跳过: bucket=general:南开大学11例昆虫DNA建库测序（要CLEAN）技术服务（委托）合同|Z|DNA小片段文库|NA|NORMAL, count=3, reason=总量15.9G低于最小门槛2095.0G[0m
[32m2026-05-21 17:14:07[0m | [1mINFO    [0m | [1m主流程规则分桶跳过: bucket=general:25年新-100个扩增子+50个宏基因组+200个细菌建库测序分析技术服务（委托）合同|Z|DNA小片段文库|NA|NORMAL, count=18, reason=总量14.6G低于最小门槛2095.0G[0m
[32m2026-05-21 17:14:07[0m | [1mINFO    [0m | [1m主流程规则分桶跳过: bucket=general:疾控中心500例细菌框架图分析技术服务（委托）合同-刘凤|Z|DNA小片段文库|NA|NORMAL, count=17, reason=总量14.0G低于最小门槛2095.0G[0m
[32m2026-05-21 17:14:07[0m | [1mINFO    [0m | [1m主流程规则分桶跳过: bucket=general:1000 个转录组和1500个宏基因组建库测序技术服务 （委托）合同-TZL|Z|VIP-真核普通转录组文库|NA|NORMAL, count=5, reason=总量13.4G低于最小门槛2095.0G[0m
[32m2026-05-21 17:14:07[0m | [1mINFO    [0m | [1m主流程规则分桶跳过: bucket=general:广州海洋实验室81个宏基因组2+3分析技术服务（委托）合同|Z|VIP-META文库|NA|NORMAL, count=3, reason=总量12.7G低于最小门槛2095.0G[0m
[32m2026-05-21 17:14:07[0m | [1mINFO    [0m | [1m主流程规则分桶跳过: bucket=general:湖南农大300个转录组测序技术服务（委托）合同|Z|VIP-真核普通转录组文库|NA|NORMAL, count=6, reason=总量11.8G低于最小门槛2095.0G[0m
[32m2026-05-21 17:14:07[0m | [1mINFO    [0m | [1m主流程规则分桶跳过: bucket=general:山东第一医科大学30例扩增子和转录组和HQ代谢分析技术服务（委托）合同-李佩娟|Z|VIP-真核普通转录组文库|NA|NORMAL, count=5, reason=总量11.6G低于最小门槛2095.0G[0m
[32m2026-05-21 17:14:07[0m | [1mINFO    [0m | [1m主流程规则分桶跳过: bucket=general:2025年炫景瑞医药真核转录组测序分析技术服务（委托）合同|Z|VIP-真核普通转录组文库|NA|NORMAL, count=4, reason=总量11.0G低于最小门槛2095.0G[0m
[32m2026-05-21 17:14:07[0m | [1mINFO    [0m | [1m主流程规则分桶跳过: bucket=general:广州医科大学王佳课题组80例RNA-SEQ测序分析技术服务（委托）合同|Z|VIP-真核普通转录组文库|NA|NORMAL, count=4, reason=总量9.7G低于最小门槛2095.0G[0m
[32m2026-05-21 17:14:07[0m | [1mINFO    [0m | [1m主流程规则分桶跳过: bucket=general:中科赛维宏基因组测序技术服务（委托）合同|Z|DNA小片段文库|NA|NORMAL, count=12, reason=总量9.6G低于最小门槛2095.0G[0m
[32m2026-05-21 17:14:07[0m | [1mINFO    [0m | [1m主流程规则分桶跳过: bucket=general:转录组测序ILLUMINA平台分析技术服务（委托）合同|Z|VIP-真核普通转录组文库|NA|NORMAL, count=5, reason=总量9.3G低于最小门槛2095.0G[0m
[32m2026-05-21 17:14:07[0m | [1mINFO    [0m | [1m主流程规则分桶跳过: bucket=general:植物所50例DNA建库测序XPLUS技术服务（委托）合同|Z|DNA小片段文库|NA|NORMAL, count=1, reason=总量8.4G低于最小门槛2095.0G[0m
[32m2026-05-21 17:14:07[0m | [1mINFO    [0m | [1m主流程规则分桶跳过: bucket=general:河北农业大学60例小麦转录组测序分析技术服务（委托）合同|Z|VIP-真核普通转录组文库|NA|NORMAL, count=2, reason=总量8.2G低于最小门槛2095.0G[0m
[32m2026-05-21 17:14:07[0m | [1mINFO    [0m | [1m主流程规则分桶跳过: bucket=general:转录组+HQ非靶+靶向代谢分析(X)技术服务（委托）合同-Y|Z|VIP-真核普通转录组文库|NA|NORMAL, count=3, reason=总量7.7G低于最小门槛2095.0G[0m
[32m2026-05-21 17:14:07[0m | [1mINFO    [0m | [1m主流程规则分桶跳过: bucket=general:项目10000个样本DNA小片段提取建库测序技术服务（委托）合同|Z|DNA小片段文库|NA|NORMAL, count=3, reason=总量7.3G低于最小门槛2095.0G[0m
[32m2026-05-21 17:14:07[0m | [1mINFO    [0m | [1m主流程规则分桶跳过: bucket=general:蝴蝶兰转录+DNA建库测序分析技术服务（委托）合同|Z|VIP-真核普通转录组文库|NA|NORMAL, count=2, reason=总量6.8G低于最小门槛2095.0G[0m
[32m2026-05-21 17:14:07[0m | [1mINFO    [0m | [1m主流程规则分桶跳过: bucket=general:20例转录组测序分析技术服务（委托）合同-YZQ|Z|VIP-真核普通转录组文库|NA|NORMAL, count=3, reason=总量6.5G低于最小门槛2095.0G[0m
[32m2026-05-21 17:14:07[0m | [1mINFO    [0m | [1m主流程规则分桶跳过: bucket=general:西南林业大学1个蘑菇基因组分析技术服务（委托）合同|Z|DNA小片段文库|NA|NORMAL, count=1, reason=总量6.4G低于最小门槛2095.0G[0m
[32m2026-05-21 17:14:07[0m | [1mINFO    [0m | [1m主流程规则分桶跳过: bucket=general:石大4个医口转录组分析技术服务（委托）合同|Z|VIP-真核普通转录组文库|NA|NORMAL, count=3, reason=总量6.0G低于最小门槛2095.0G[0m
[32m2026-05-21 17:14:07[0m | [1mINFO    [0m | [1m主流程规则分桶跳过: bucket=general:西安交通大学18个样本转录组测序分析技术服务（委托）合同|Z|VIP-真核普通转录组文库|NA|NORMAL, count=2, reason=总量5.9G低于最小门槛2095.0G[0m
[32m2026-05-21 17:14:07[0m | [1mINFO    [0m | [1m主流程规则分桶跳过: bucket=general:石大10个HQ非靶代谢及10个宏基因组测序分析技术服务（委托）合同|Z|VIP-META文库|NA|NORMAL, count=3, reason=总量5.9G低于最小门槛2095.0G[0m
[32m2026-05-21 17:14:07[0m | [1mINFO    [0m | [1m主流程规则分桶跳过: bucket=general:12个果蝇转录组建库测序XPLUS分析技术服务（委托）合同|Z|VIP-真核普通转录组文库|NA|NORMAL, count=2, reason=总量5.5G低于最小门槛2095.0G[0m
[32m2026-05-21 17:14:07[0m | [1mINFO    [0m | [1m主流程规则分桶跳过: bucket=general:山东大学齐鲁医院6例医口转录组分析技术服务（委托）合同-亓文强|Z|VIP-真核普通转录组文库|NA|NORMAL, count=2, reason=总量5.0G低于最小门槛2095.0G[0m
[32m2026-05-21 17:14:07[0m | [1mINFO    [0m | [1m主流程规则分桶跳过: bucket=general:四川大学40例转录组建库测序分析技术服务（委托）合同|Z|VIP-真核普通转录组文库|NA|NORMAL, count=2, reason=总量4.4G低于最小门槛2095.0G[0m
[32m2026-05-21 17:14:07[0m | [1mINFO    [0m | [1m主流程规则分桶跳过: bucket=general:25-宏基因组2G-XPLUS分析技术服务（委托）合同|Z|DNA小片段文库|NA|NORMAL, count=5, reason=总量4.0G低于最小门槛2095.0G[0m
[32m2026-05-21 17:14:07[0m | [1mINFO    [0m | [1m主流程规则分桶跳过: bucket=general:以色列学院细菌重测序WGS+16S测序分析技术服务（委托）合同|Z|DNA小片段文库|NA|NORMAL, count=5, reason=总量4.0G低于最小门槛2095.0G[0m
[32m2026-05-21 17:14:07[0m | [1mINFO    [0m | [1m主流程规则分桶跳过: bucket=general:HONG KONG-HKU-ISIS GUIBERT-1 METAGENOMICS-12G-X PLUS-EXTRACTION-WOBI-AMEA2025082625|Z|VIP-META文库|NA|NORMAL, count=1, reason=总量4.0G低于最小门槛2095.0G[0m
[32m2026-05-21 17:14:07[0m | [1mINFO    [0m | [1m主流程规则分桶跳过: bucket=general:北医三院24例转录组+24例蛋白组分析技术服务（委托）合同|Z|VIP-真核普通转录组文库|NA|NORMAL, count=2, reason=总量3.7G低于最小门槛2095.0G[0m
[32m2026-05-21 17:14:07[0m | [1mINFO    [0m | [1m主流程规则分桶跳过: bucket=general:18个土壤样本宏基因组测序+27个烟草叶和根转录组测序分析技术服务（委托）合同|Z|VIP-真核普通转录组文库|NA|NORMAL, count=1, reason=总量3.2G低于最小门槛2095.0G[0m
[32m2026-05-21 17:14:07[0m | [1mINFO    [0m | [1m主流程规则分桶跳过: bucket=general:济南市妇幼3例宏基因组测序分析技术服务（委托）合同-白佳佳|Z|DNA小片段文库|NA|NORMAL, count=2, reason=总量3.1G低于最小门槛2095.0G[0m
[32m2026-05-21 17:14:07[0m | [1mINFO    [0m | [1m主流程规则分桶跳过: bucket=general:北京林业大学3个样本转录组--技术服务（委托）合同|Z|VIP-真核普通转录组文库|NA|NORMAL, count=1, reason=总量3.1G低于最小门槛2095.0G[0m
[32m2026-05-21 17:14:07[0m | [1mINFO    [0m | [1m主流程规则分桶跳过: bucket=general:中科赛维宏基因组测序技术服务（委托）合同|Z|VIP-META文库|NA|NORMAL, count=2, reason=总量3.1G低于最小门槛2095.0G[0m
[32m2026-05-21 17:14:07[0m | [1mINFO    [0m | [1m主流程规则分桶跳过: bucket=general:二代细菌建库测序+二代宏基因建库测序分析技术服务（委托）合同|Z|VIP-META文库|NA|NORMAL, count=1, reason=总量2.9G低于最小门槛2095.0G[0m
[32m2026-05-21 17:14:07[0m | [1mINFO    [0m | [1m主流程规则分桶跳过: bucket=general:天津商业大学9例转录组测序分析技术服务（委托）合同|Z|VIP-真核普通转录组文库|NA|NORMAL, count=1, reason=总量2.6G低于最小门槛2095.0G[0m
[32m2026-05-21 17:14:07[0m | [1mINFO    [0m | [1m主流程规则分桶跳过: bucket=general:宏转录组+宏基因组建库测序分析-Y技术服务（委托）合同|Z|DNA小片段文库|NA|NORMAL, count=1, reason=总量2.4G低于最小门槛2095.0G[0m
[32m2026-05-21 17:14:07[0m | [1mINFO    [0m | [1m主流程规则分桶跳过: bucket=general:作科所15个转录组建库测序+3个真菌精细图分析技术服务（委托）合同|Z|DNA小片段文库|NA|NORMAL, count=3, reason=总量2.4G低于最小门槛2095.0G[0m
[32m2026-05-21 17:14:07[0m | [1mINFO    [0m | [1m主流程规则分桶跳过: bucket=general:宁波市疾病预防控制中心识别网项目分析技术服务（委托）合同|Z|DNA小片段文库|NA|NORMAL, count=3, reason=总量2.4G低于最小门槛2095.0G[0m
[32m2026-05-21 17:14:07[0m | [1mINFO    [0m | [1m主流程规则分桶跳过: bucket=general:25-JL宏基因组测序分析技术服务（委托）合同|Z|DNA小片段文库|NA|NORMAL, count=1, reason=总量2.4G低于最小门槛2095.0G[0m
[32m2026-05-21 17:14:07[0m | [1mINFO    [0m | [1m主流程规则分桶跳过: bucket=general:中科赛维宏基因组测序技术服务（委托）合同|Z|META文库|NA|NORMAL, count=1, reason=总量2.2G低于最小门槛2095.0G[0m
[32m2026-05-21 17:14:07[0m | [1mINFO    [0m | [1m主流程规则分桶跳过: bucket=general:临沂大学昆虫染色体基因组分析技术服务（委托）合同-张海光|Z|VIP-真核普通转录组文库|NA|NORMAL, count=1, reason=总量2.2G低于最小门槛2095.0G[0m
[32m2026-05-21 17:14:07[0m | [1mINFO    [0m | [1m主流程规则分桶跳过: bucket=general:NVUK2025072873-UKI-UEA-9-CATHERINE-SHOTGUNMETA-15GB-WOBI|Z|动植物全基因组重测序文库|NA|NORMAL, count=1, reason=总量2.0G低于最小门槛2095.0G[0m
[32m2026-05-21 17:14:07[0m | [1mINFO    [0m | [1m主流程规则分桶跳过: bucket=general:6个样本18S+宏基因组测序分析技术服务（委托）合同|Z|DNA小片段文库|NA|NORMAL, count=1, reason=总量1.9G低于最小门槛2095.0G[0m
[32m2026-05-21 17:14:07[0m | [1mINFO    [0m | [1m主流程规则分桶跳过: bucket=general:宏基因组6G测序500例分析技术服务（委托）合同|Z|VIP-META文库|NA|NORMAL, count=1, reason=总量1.7G低于最小门槛2095.0G[0m
[32m2026-05-21 17:14:07[0m | [1mINFO    [0m | [1m主流程规则分桶跳过: bucket=general:100个转录组、全基因组和宏基因组建库测序分析技术服务（委托）合同|Z|DNA小片段文库|NA|NORMAL, count=2, reason=总量1.6G低于最小门槛2095.0G[0m
[32m2026-05-21 17:14:07[0m | [1mINFO    [0m | [1m主流程规则分桶跳过: bucket=general:4个样本三代完成图+二代测序技术服务（委托）合同|Z|微生物常规小片段文库|NA|NORMAL, count=2, reason=总量1.6G低于最小门槛2095.0G[0m
[32m2026-05-21 17:14:07[0m | [1mINFO    [0m | [1m主流程规则分桶跳过: bucket=general:一批自建库，微生物全基因组建库测序技术服务（委托）合同|Z|DNA小片段文库|NA|NORMAL, count=2, reason=总量1.6G低于最小门槛2095.0G[0m
[32m2026-05-21 17:14:07[0m | [1mINFO    [0m | [1m主流程规则分桶跳过: bucket=general:新疆100个细菌框架图建库测序分析技术服务（委托）合同|Z|DNA小片段文库|NA|NORMAL, count=2, reason=总量1.6G低于最小门槛2095.0G[0m
[32m2026-05-21 17:14:07[0m | [1mINFO    [0m | [1m主流程规则分桶跳过: bucket=general:辽宁农业职业技术学院植物BSA分析技术服务（委托）合同|Z|DNA小片段文库|NA|NORMAL, count=2, reason=总量1.6G低于最小门槛2095.0G[0m
[32m2026-05-21 17:14:07[0m | [1mINFO    [0m | [1m主流程规则分桶跳过: bucket=general:西高所1个真菌精细图分析技术服务（委托）合同|Z|DNA小片段文库|NA|NORMAL, count=1, reason=总量1.4G低于最小门槛2095.0G[0m
[32m2026-05-21 17:14:07[0m | [1mINFO    [0m | [1m主流程规则分桶跳过: bucket=general:1000 个转录组和1500个宏基因组建库测序技术服务 （委托）合同-TZL|Z|META文库|NA|NORMAL, count=1, reason=总量1.3G低于最小门槛2095.0G[0m
[32m2026-05-21 17:14:07[0m | [1mINFO    [0m | [1m主流程规则分桶跳过: bucket=general:济南市妇幼3例宏基因组测序分析技术服务（委托）合同-白佳佳|Z|META文库|NA|NORMAL, count=1, reason=总量1.0G低于最小门槛2095.0G[0m
[32m2026-05-21 17:14:07[0m | [1mINFO    [0m | [1m主流程规则分桶跳过: bucket=general:100个宏基因组XPLUS分析技术服务（委托）合同|Z|VIP-META文库|NA|NORMAL, count=1, reason=总量0.8G低于最小门槛2095.0G[0m
[32m2026-05-21 17:14:07[0m | [1mINFO    [0m | [1m主流程规则分桶跳过: bucket=general:1个样本完成图测序分析技术服务（委托）合同-DR|Z|DNA小片段文库|NA|NORMAL, count=1, reason=总量0.8G低于最小门槛2095.0G[0m
[32m2026-05-21 17:14:07[0m | [1mINFO    [0m | [1m主流程规则分桶跳过: bucket=general:1个样本的基因组分析技术服务（委托）合同|Z|DNA小片段文库|NA|NORMAL, count=1, reason=总量0.8G低于最小门槛2095.0G[0m
[32m2026-05-21 17:14:07[0m | [1mINFO    [0m | [1m主流程规则分桶跳过: bucket=general:400个干血斑重测序分析技术服务（委托）合同|Z|DNA小片段文库|NA|NORMAL, count=1, reason=总量0.8G低于最小门槛2095.0G[0m
[32m2026-05-21 17:14:07[0m | [1mINFO    [0m | [1m主流程规则分桶跳过: bucket=general:500个细菌样本框架图组装分析+30个真菌样本框架图测序标准分析技术服务（委托）合同-2025|Z|DNA小片段文库|NA|NORMAL, count=1, reason=总量0.8G低于最小门槛2095.0G[0m
[32m2026-05-21 17:14:07[0m | [1mINFO    [0m | [1m主流程规则分桶跳过: bucket=general:500例细菌框架图测序分析到组装技术服务（委托）合同-CLX|Z|DNA小片段文库|NA|NORMAL, count=1, reason=总量0.8G低于最小门槛2095.0G[0m
[32m2026-05-21 17:14:07[0m | [1mINFO    [0m | [1m主流程规则分桶跳过: bucket=general:先进院1000例二代框架图+100例三代细菌完成图分析技术服务（委托）合同|Z|DNA小片段文库|NA|NORMAL, count=1, reason=总量0.8G低于最小门槛2095.0G[0m
[32m2026-05-21 17:14:07[0m | [1mINFO    [0m | [1m主流程规则分桶跳过: bucket=general:喀什大学2个细菌完成图测序分析技术服务（委托）合同|Z|DNA小片段文库|NA|NORMAL, count=1, reason=总量0.8G低于最小门槛2095.0G[0m
[32m2026-05-21 17:14:07[0m | [1mINFO    [0m | [1m主流程规则分桶跳过: bucket=general:安必奇微生物测序分析技术服务（委托）合同|Z|DNA小片段文库|NA|NORMAL, count=1, reason=总量0.8G低于最小门槛2095.0G[0m
[32m2026-05-21 17:14:07[0m | [1mINFO    [0m | [1m主流程规则分桶跳过: bucket=general:宏基因组6G测序500例分析技术服务（委托）合同|Z|DNA小片段文库|NA|NORMAL, count=1, reason=总量0.8G低于最小门槛2095.0G[0m
[32m2026-05-21 17:14:07[0m | [1mINFO    [0m | [1m主流程规则分桶跳过: bucket=general:植物园转录组-测序技术服务（委托）合同-王老师|Z|VIP-真核普通转录组文库|NA|NORMAL, count=1, reason=总量0.8G低于最小门槛2095.0G[0m
[32m2026-05-21 17:14:07[0m | [1mINFO    [0m | [1m主流程规则分桶跳过: bucket=general:郑州大学第一附属医院1例罗伊氏乳杆菌样本细菌完成图测序分析技术服务（委托）合同|Z|DNA小片段文库|NA|NORMAL, count=1, reason=总量0.8G低于最小门槛2095.0G[0m
[32m2026-05-21 17:14:07[0m | [1mINFO    [0m | [1m主流程规则分桶跳过: bucket=general:陈治轩1例细菌完成图PB测序分析技术服务（委托）合同|Z|DNA小片段文库|NA|NORMAL, count=1, reason=总量0.8G低于最小门槛2095.0G[0m
[32m2026-05-21 17:14:07[0m | [1mINFO    [0m | [1m主流程规则分桶跳过: bucket=scattered:深圳市人民医院陈老师组普通转录组建库测序+散样文库NOVA测序-2025技术服务（委托）合同|Z|VIP-真核普通转录组文库|NA|SCATTERED, count=16, reason=总量44.7G低于最小门槛2095.0G[0m
[32m2026-05-21 17:14:07[0m | [1mINFO    [0m | [1m主流程规则分桶预调度完成: 分桶=304，桶后尾货=2668个/14436.7G[0m
[32m2026-05-21 17:14:07[0m | [1mINFO    [0m | [1m主流程尾货统一补排启动: count=2668, data=14436.7G[0m
[32m2026-05-21 17:14:07[0m | [1mINFO    [0m | [1m开始逐Lane贪心排机 - 文库数: 2668[0m
[32m2026-05-21 17:14:07[0m | [1mINFO    [0m | [1m预拆分完成: 使用外层已拆分文库[0m
[32m2026-05-21 17:14:07[0m | [1mINFO    [0m | [1m===== 批次全局分析报告 =====[0m
[32m2026-05-21 17:14:07[0m | [1mINFO    [0m | [1m机器类型: Nova X-25B[0m
[32m2026-05-21 17:14:07[0m | [1mINFO    [0m | [1m文库总数: 2668[0m
[32m2026-05-21 17:14:07[0m | [1mINFO    [0m | [1m总数据量: 14436.7 GB[0m
[32m2026-05-21 17:14:07[0m | [1mINFO    [0m | [1m预估Lane数: 7~8[0m
[32m2026-05-21 17:14:07[0m | [1mINFO    [0m | [1m--- 特征标记 ---[0m
[32m2026-05-21 17:14:07[0m | [1mINFO    [0m | [1m  包Lane文库: 无[0m
[32m2026-05-21 17:14:07[0m | [1mINFO    [0m | [1m  碱基不均衡: 有[0m
[32m2026-05-21 17:14:07[0m | [1mINFO    [0m | [1m  客户文库:   无[0m
[32m2026-05-21 17:14:07[0m | [1mINFO    [0m | [1m  10bp文库:   有[0m
[32m2026-05-21 17:14:07[0m | [1mINFO    [0m | [1m  非10bp文库: 有[0m
[32m2026-05-21 17:14:07[0m | [1mINFO    [0m | [1m  特殊组合:   有[0m
[32m2026-05-21 17:14:07[0m | [1mINFO    [0m | [1m--- 分组画像 ---[0m
[32m2026-05-21 17:14:07[0m | [1mINFO    [0m | [1m  [imbalance] 碱基不均衡文库: 445个文库, 8470.9GB, 预估5~5条Lane[0m
[32m2026-05-21 17:14:07[0m | [1mINFO    [0m | [1m  [10bp] 10碱基文库: 2388个文库, 12294.6GB, 预估6~7条Lane[0m
[32m2026-05-21 17:14:07[0m | [1mINFO    [0m | [1m  [all] 全部文库: 2668个文库, 14436.7GB, 预估7~8条Lane[0m
[32m2026-05-21 17:14:07[0m | [1mINFO    [0m | [1m  [special_combo_b] 10X 3端/Visium组合: 76个文库, 3909.2GB, 预估2~2条Lane[0m
[32m2026-05-21 17:14:07[0m | [1mINFO    [0m | [1m  [special_combo_a] 10X 5端/VDJ组合: 47个文库, 619.5GB, 预估1~1条Lane[0m
[32m2026-05-21 17:14:07[0m | [1mINFO    [0m | [1m  [non_10bp] 非10碱基文库: 280个文库, 2142.2GB, 预估1~2条Lane[0m
[32m2026-05-21 17:14:07[0m | [1mINFO    [0m | [1m--- 专用Lane推荐 ---[0m
[32m2026-05-21 17:14:07[0m | [1mINFO    [0m | [1m  [imbalance] 碱基不均衡文库数据量充足，可包专用Lane避免混排占比限制 - 约4条Lane, 8470.9GB, 置信度: high[0m
[32m2026-05-21 17:14:07[0m | [1mINFO    [0m | [1m  [non_10bp] 非10bp文库集中排入专用Lane，避免触发10bp>=40%混排规则 - 约1条Lane, 2142.2GB, 置信度: medium[0m
[32m2026-05-21 17:14:07[0m | [1mINFO    [0m | [1m  [special_combo_b] 10X 3端/Visium文库可独占Lane（与5端互斥） - 约1条Lane, 3909.2GB, 置信度: high[0m
[32m2026-05-21 17:14:07[0m | [1mINFO    [0m | [1m--- 混排约束 ---[0m
[32m2026-05-21 17:14:07[0m | [1mINFO    [0m | [1m  [tj_1595_special_combo_groups_not_mixed] special_combo_a vs special_combo_b: 10X 5端/VDJ 与 10X 3端/Visium 文库不可混排，必须分开[0m
[32m2026-05-21 17:14:07[0m | [1mINFO    [0m | [1m  [imbalance_max_30pct] imbalance vs all: 碱基不均衡文库全局占比58.7%，超过30%上限，必须拆分为专用Lane[0m
[32m2026-05-21 17:14:07[0m | [1mINFO    [0m | [1m--- 尾部风险 ---[0m
[32m2026-05-21 17:14:07[0m | [1mINFO    [0m | [1m  [imbalance] 碱基不均衡文库排完整Lane后剩余490.9GB，不足半Lane(998GB)，需要大文库骨架携带或混入散样Lane - 490.9GB, 445个, 严重程度: medium[0m
[32m2026-05-21 17:14:07[0m | [1mINFO    [0m | [1m  [non_10bp] 非10碱基文库排完整Lane后剩余47.2GB，不足半Lane(1048GB)，需要大文库骨架携带或混入散样Lane - 47.2GB, 280个, 严重程度: high[0m
[32m2026-05-21 17:14:07[0m | [1mINFO    [0m | [1m  [special_combo_a] 10X 5端/VDJ组合排完整Lane后剩余619.5GB，不足半Lane(998GB)，需要大文库骨架携带或混入散样Lane - 619.5GB, 47个, 严重程度: medium[0m
[32m2026-05-21 17:14:07[0m | [1mINFO    [0m | [1m--- 策略建议 ---[0m
[32m2026-05-21 17:14:07[0m | [1mINFO    [0m | [1m  - 碱基不均衡文库数据量充足，优先形成专用Lane[0m
[32m2026-05-21 17:14:07[0m | [1mINFO    [0m | [1m  - 非10bp文库建议走专用Lane，避免10bp>=40%混排红线[0m
[32m2026-05-21 17:14:07[0m | [1mINFO    [0m | [1m  - 特殊10X组合文库应分别走专用Lane（互斥规则）[0m
[32m2026-05-21 17:14:07[0m | [1mINFO    [0m | [1m  - 存在1个高风险尾部分组，建议启用骨架预留(大带小)[0m
[32m2026-05-21 17:14:07[0m | [1mINFO    [0m | [1m===== 报告结束 =====[0m
[32m2026-05-21 17:14:07[0m | [1mINFO    [0m | [1m保留外部传入的策略执行计划，仅使用批次分析报告[0m
[32m2026-05-21 17:14:07[0m | [1mINFO    [0m | [1m处理机器类型 Nova X-25B - 文库数: 2633 - Lane容量: 1050.0GB, 利用率区间: [100%, 100%], 特殊文库上限: 350GB[0m
[32m2026-05-21 17:14:07[0m | [1mINFO    [0m | [1m碱基不均衡专用Lane策略: 436个碱基不均衡文库[0m
[32m2026-05-21 17:14:07[0m | [1mINFO    [0m | [1m专用Lane分组G13剩余合同量200.0G无法满足1.1或3.6T-NEW有效容量下限[0m
[32m2026-05-21 17:14:07[0m | [1mINFO    [0m | [1m专用Lane分组G15剩余合同量640.0G无法满足1.1或3.6T-NEW有效容量下限[0m
[32m2026-05-21 17:14:07[0m | [1mINFO    [0m | [1m专用Lane分组G33剩余合同量88.7G无法满足1.1或3.6T-NEW有效容量下限[0m
[32m2026-05-21 17:14:07[0m | [1mINFO    [0m | [1m专用Lane分组G31剩余合同量52.1G无法满足1.1或3.6T-NEW有效容量下限[0m
[32m2026-05-21 17:14:07[0m | [1mINFO    [0m | [1m专用Lane分组G29剩余合同量510.2G无法满足1.1或3.6T-NEW有效容量下限[0m
[32m2026-05-21 17:14:07[0m | [1mINFO    [0m | [1m专用Lane分组G25剩余合同量482.5G无法满足1.1或3.6T-NEW有效容量下限[0m
[32m2026-05-21 17:14:07[0m | [1mINFO    [0m | [1m专用Lane分组G26剩余合同量458.4G无法满足1.1或3.6T-NEW有效容量下限[0m
[32m2026-05-21 17:14:07[0m | [1mINFO    [0m | [1m专用Lane分组G27剩余合同量10.0G无法满足1.1或3.6T-NEW有效容量下限[0m
[32m2026-05-21 17:14:07[0m | [1mINFO    [0m | [1m专用Lane分组G51剩余合同量24.0G无法满足1.1或3.6T-NEW有效容量下限[0m
[32m2026-05-21 17:14:07[0m | [1mINFO    [0m | [1m专用Lane分组G36剩余合同量5.0G无法满足1.1或3.6T-NEW有效容量下限[0m
[32m2026-05-21 17:14:07[0m | [1mINFO    [0m | [1m专用Lane分组G48剩余合同量8.7G无法满足1.1或3.6T-NEW有效容量下限[0m
[32m2026-05-21 17:14:07[0m | [1mINFO    [0m | [1m专用Lane分组G5剩余合同量374.0G无法满足1.1或3.6T-NEW有效容量下限[0m
[32m2026-05-21 17:14:08[0m | [1mINFO    [0m | [1mIndex校验器初始化完成（真实数据验证版本）[0m
[32m2026-05-21 17:14:08[0m | [1mINFO    [0m | [1m成Lane校验程序初始化完成 (严格模式: False, 碱基不均衡上限: 35%, 特殊文库关键词: 9个)[0m
[32m2026-05-21 17:14:08[0m | [1mINFO    [0m | [1m专用Lane DL_Nova X-25B_002 形成成功 - 分组=G4, 碱基不均衡=2049.8G, 平衡文库=0.0G, 总量(含平衡)=2049.7G, 模式=1.1, 容量规则=tj_1595_mode_1_1_special_combo[0m
[32m2026-05-21 17:14:08[0m | [1mINFO    [0m | [1mIndex校验器初始化完成（真实数据验证版本）[0m
[32m2026-05-21 17:14:08[0m | [1mINFO    [0m | [1m成Lane校验程序初始化完成 (严格模式: False, 碱基不均衡上限: 35%, 特殊文库关键词: 9个)[0m
[32m2026-05-21 17:14:08[0m | [1mINFO    [0m | [1m专用Lane DL_Nova X-25B_003 形成成功 - 分组=G4, 碱基不均衡=1037.5G, 平衡文库=0.0G, 总量(含平衡)=1037.5G, 模式=3.6T-NEW, 容量规则=tj_1595_special_combo_36t[0m
[32m2026-05-21 17:14:08[0m | [1mINFO    [0m | [1m专用Lane分组G4剩余合同量822.0G无法满足1.1或3.6T-NEW有效容量下限[0m
[32m2026-05-21 17:14:08[0m | [1mINFO    [0m | [1m专用Lane分组G16剩余合同量60.0G无法满足1.1或3.6T-NEW有效容量下限[0m
[32m2026-05-21 17:14:08[0m | [1mINFO    [0m | [1m专用Lane分组G22剩余合同量74.0G无法满足1.1或3.6T-NEW有效容量下限[0m
[32m2026-05-21 17:14:08[0m | [1mINFO    [0m | [1m专用Lane分组G19剩余合同量140.0G无法满足1.1或3.6T-NEW有效容量下限[0m
[32m2026-05-21 17:14:08[0m | [1mINFO    [0m | [1m专用Lane分组G7剩余合同量154.6G无法满足1.1或3.6T-NEW有效容量下限[0m
[32m2026-05-21 17:14:08[0m | [1mINFO    [0m | [1m专用Lane分组G6剩余合同量90.8G无法满足1.1或3.6T-NEW有效容量下限[0m
[32m2026-05-21 17:14:08[0m | [1mINFO    [0m | [1m专用Lane分组G52剩余合同量107.3G无法满足1.1或3.6T-NEW有效容量下限[0m
[32m2026-05-21 17:14:08[0m | [1mINFO    [0m | [1m专用Lane分组G18剩余合同量0.5G无法满足1.1或3.6T-NEW有效容量下限[0m
[32m2026-05-21 17:14:08[0m | [1mINFO    [0m | [1m形成2条专用Lane，剩余381个碱基不均衡文库[0m
                                                                                                                                                                                                                                                                                                                                                                                                                                                                                                                                                                                                                                                                                                                                                                                                                                                                                                                                                                                                                                                                                                                                                                                                                                                                                                                                                                                                                                                                                                                                                                                                                                                                                                                                                                                                                                                                                                                                                                                                                                                                                                                                                                                                                                                                                                                                                                                                                                                                                                                                                                                                                                                                                                                                                                                                                                                                                                                                                                                                                                                                                                                                                                                                                                                                                                                                                                                                                                                                                                                                                                                                                                                                                                                                                                                                                                                                                                                                                                                                                                                                                                                                                                                                                                                                                                                                                                                                                                                                                                                                                                                                                                                                                                                                                                                                                                                                                                                                                                                                                                                                                                                                                                                                                                                                                                                                                                                                                                                                                                                                                                                                                                                                                                                                                                                                                                                                                                                                                                                                                                                                                                                                                                                                                                                                                                                                                                                                                                                                                                                                                                                                                                                                                                                                                                                                                                                                                                                                                                                                                                                                                                                                                                                                                                                                                                                                                                                                                                                                                                                                                                                                                                                                                                                                                                                                                                                                                                                                                                                                                                                                                                                                                                                                                                                                                                                                                                                                                                                                                                                                                                                                                                                                                                                                                                                                                                                                                                                                                                                                                                                                                                                                                                                                                                                                                                                                                                                                                                                                                                                                                                                                                                                                                                                                                                                                                                                                                                                                                                                                                                                                                                                                                                                                                                                                                                                                                                                                                                                                                                                                                                                                                                                                                                                                                                                                                                                                                                                                                                                                                                                                                                                                                                                                                                                                                                                                                                                                                                                                                                                                                                                                                                                                                                                                                                                                                                                                                                                                                                                                                                                                                                                                                                                                                                                                                                                                                                                                                                                                                                                                                                                                                                                                                                                                                                                                                                                                                                                                                                                                                                                                                                                                                                                                                                                                                                                                                                                                                                                                                                                                                                                                                                                                                                                                                                                                                                                                                                                                                                                                                                                                                                                                                                                                                                                                                                                                                                                                                                                                                                                                                                                                                                                                                                                                                                                                                                                                                                                                                                                                                                                                                                                                                                                                                                                                                                                                                                                                                                                                                                                                                                                                                                                                                                                                                                                                                                                                                                                                                                                                                                                                                                                                                                                                                                                                                                                                                                                                                                                                                                                                                                                                                                                                                                                                                                                                                                                                                                                                                                                                                                                                                                                                                                                                                                                                                                                                                                                                                                                                                                                                                                                                                                                                                                                                                                                                                                                                                                                                                                                                                                                                                                                                                                                                                                                                                                                                                                                                                                                                                                                                                                                                                                                                                                                                                                                                                                                                                                                                                                                                                                                                                                                                                                                                                                                                                                                                                                                                                                                                                                                                                                                                                                                                                                                                                                                                                                                                                                                                                                                                                                                                                                                                                                                                                                                                                                                                                                                                                                                                                                                                                                                                                                                                                                                                                                                                                                                                                                                                                                                                                                                                                                                                                                                                                                                                                                                                                                                                                                                                                                                                                                                                                                                                                                                                                                                                                                                                                                                                                                                                                                                                                                                                                                                                                                                                                                                                                                                                                                                                                                                                                                                                                                                                                                                                                                                                                                                                                                                                                                                                                                                                                                                                                                                                                                                                                                                                                                                                                                                                                                                                                                                                                                                                                                                                                                                                                                                                                                                                                                                                                                                                                                                                                                                                                                                                                                                                                                                                                                                                                                                                                                                                                                                                                                                                                                                                                                                                                                                                                                                                                                                                                                                                                                                                                                                                                                                                                                                                                                                                                                                                                                                                                                                                                                                                                                                                                                                                                                                                                                                                                                                                                                                                                                                                                                                                                                                                                                                                                                                                                                                                                                                                                                                                                                                                                                                                                                                                                                                                                                                                                                                                                                                                                                                                                                                                                                                                                                                                                                                                                                                                                                                                                                                                                                                                                                                                                                                                                                                                                                                                                                                                                                                                                                                                                                                                                                                                                                                                                                                                                                                                                                                                                                                                                                                                                                                                                                                                                                                                                                                                                                                                                                                                                                                                                                                                                                                                                                                                                                                                                                                                                                                                                                                                                                                                                                                                                                                                                                                                                                                                                                                                                                                                                                                                                                                                                                                                                                                                                                                                                                                                                                                                                                                                                                                                                                                                                                                                                                                                                                                                                                                                                                                                                                                                                                                                                                                                                                                                                                                                                                                                                                                                                                                                                                                                                                                                                                                                                                                                                                                                                                                                                                                                                                                                                                                                                                                                                                                                                                                                                                                                                                                                                                                                                                                                                                                                                                                                                                                                                                                                                                                                                                                                                                                                                                                                                                                                                                                                                                                                                                                                                                                                                                                                                                                                                                                                                                                                                                                                                                                                                                                                                                                                                                                                                                                                                                                                                                                                                                                                                                                                                                                                                                                                                                                                                                                                                                                                                                                                                                                                                                                                                                                                                                                                                                                                                                                                                                                                                                                                                                                                                                                                                                                                                                                                                                                                                                                                                                                                                                                                                                                                                                                                                                                                                                                                                                                                                                                                                                                                                                                                                                                                                                                                                                                                                                                                                                                                                                                                                                                                                                                                                                                                                                                                                                                                                                                                                                                                                                                                                                                                                                                                                                                                                                                                                                                                                                                                                                                                                                                                                                                                                                                                                                                                                                                                                                                                                                                                                                                                                                                                                                                                                                                                                                                                                                                                                                                                                                                                                                                                                                                                                                                                                                                                                                                                                                                                                                                                                                                                                                                                                                                                                                                                                                                                                                                                                                                                                                                                                                                                                                                                                                                                                                                                                                                                                                                                                                                                                                                                                                                                                                                                                                                                                                                                                                                                                                                                                                                                                                                                                                                                                                                                                                                                                                                                                                                                                                                                                                                                                                                                                                                                                                                                                                                                                                                                                                                                                                                                                                                                                                                                                                                                                                                                                                                                                                                                                                                                                                                                                                                                                                                                                                                                                                                                                                                                                                                                                                                                                                                                                                                                                                                                                                                                                                                                                                                                                                                                                                                                                                                                                                                                                                                                                                                                                                                                                                                                                                                                                                                                                                                                                                                                                                                                                                                                                                                                                                                                                                                                                                                                                                                                                                                                                                                                                                                                                                                                                                                                                                                                                                                                                                                                                                                                                                                                                                                                                                                                                                                                                                                                                                                                                                                                                                                                                                                                                                                                                                                                                                                                                                                                                                                                                                                                                                                                                                                                                                                                                                                                                                                                                                                                                                                                                                                                                                                                                                                                                                                                                                                                                                                                                                                                                                                                                                                                                                                                                                                                                                                                                                                                                                                                                                                                                                                                                                                                                                                                                                                                                                                                                                                                                                                                                                                                                                                                                                                                                                                                                                                                                                                                                                                                                                                                                                                                                                                                                                                                                                                                                                                                                                                                                                                                                                                                                                                                                                                                                                                                                                                                                                                                                                                                                                                                                                                                                                                                                                                                                                                                                                                                                                                                                                                                                                                                                                                                                                                                                                                                                                                                                                                                                                                                                                                                                                                                                                                                                                                                                                                                                                                                                                                                                                                                                                                                                                                                                                                                                                                                                                                                                                                                                                                                                                                                                                                                                                                                                                                                                                                                                                                                                                                                                                                                                                                                                                                                                                                                                                                                                                                                                                                                                                                                                                                                                                                                                                                                                                                                                                                                                                                                                                                                                                                                                                                                                                                                                                                                                                                                                                                                                                                                                                                                                                                                                                                                                                                                                                                                                                                                                                                                                                                                                                                                                                                                                                                                                                                                                                                                                                                                                                                                                                                                                                                                                                                                                                                                                                                                                                                                                                                                                                                                                                                                                                                                                                                                                                                                                                                                                                                                                                                                                                                                                                                                                                                                                                                                                                                                                                                                                                                                                                                                                                                                                                                                                                                                                                                                                                                                                                                                                                                                                                                                                                                                                                                                                                                                                                                                                                                                                                                                                                                                                                                                                                                                                                                                                                                                                                                                                                                                                                                                                                                                                                                                                                                                                                                                                                                                                                                                                                                                                                                                                                                                                                                                                                                                                                                                                                                                                                                                                                                                                                                                                                                                                                                                                                                                                                                                                                                                                                                                                                                                                                                                                                                                                                                                                                                                                                                                                                                                                                                                                                                                                                                                                                                                                                                                                                                                                                                                                                                                                                                                                                                                                                                                                                                                                                                                                                                                                                                                                                                                                                                                                                                                                                                                                                                                                                                                                                                                                                                                                                                                                                                                                                                                                                                                                                                                                                                                                                                                                                                                                                                                                                                                                                                                                                                                                                                                                                                                                                                                                                                                                                                                                                                                                                                                                                                                                                                                                                                                                                                                                                                                                                                                                                                                                                                                                                                                                                                                                                                                                                                                                                                                                                                                                                                                                                                                                                                                                                                                                                                                                                                                                                                                                                                                                                                                                                                                                                                                                                                                                                                                                                                                                                                                                                                                                                                                                                                                                                                                                                                                                                                                                                                                                                                                                                                                                                                                                                                                                                                                                                                                                                                                                                                                                                                                                                                                                                                                                                                                                                                                                                                                                                                                                                                                                                                                                                                                                                                                                                                                                                                                                                                                                                                                                                                                                                                                                                                                                                                                                                                                                                                                                                                                                                                                                                                                                                                                                                                                                                                                                                                                                                                                                                                                                                                                                                                                                                                                                                                                                                                                                                                                                                                                                                                                                                                                                                                                                                                                                                                                                                                                                                                                                                                                                                                                                                                                                                                                                                                                                                                                                                                                                                                                                                                                                                                                                                                                                                                                                                                                                                                                                                                                                                                                                                                                                                                                                                                                                                                                                                                                                                                                                                                                                                                                                                                                                                                                                                                                                                                                                                                                                                                                                                                                                                                                                                                                                                                                                                                                                                                                                                                                                                                                                                                                                                                                                                                                                                                                                                                                                                                                                                                                                                                                                                                                                                                                                                                                                                                                                                                                                                                                                                                                                                                                                                                                                                                                                                                                                                                                                                                                                                                                                                                                                                                                                                                                                                                                                                                                                                                                                                                                                                                                                                                                                                                                                                                                                                                                                                                                                                                                                                                                                                                                                                                                                                                                                                                                                                                                                                                                                                                                                                                                                                                                                                                                                                                                                                                                                                                                                                                                                                                                                                                                                                                                                                                                                                                                                                                                                                                                                                                                                                                                                                                                                                                                                                                                                                                                                                                                                                                                                                                                                                                                                                                                                                                                                                                                                                                                                                                                                                                                                                                                                                                                                                                                                                                                                                                                                                                                                                                                                                                                                                                                                                                                                                                                                                                                                                                                                                                                                                                                                                                                                                                                                                                                                                                                                                                                                                                                                                                                                                                                                                                                                                                                                                                                                                                                                                                                                                                                                                                                                                                                                                                                                                                                                                                                                                                                                                                                                                                                                                                                                                                                                                                                                                                                                                                                                                                                                                                                                                                                                                                                                                                                                                                                                                                                                                                                                                                                                                                                                                                                                                                                                                                                                                                                                                                                                                                                                                                                                                                                                                                                                                                                                                                                                                                                                                                                                                                                                                                                                                                                                                                                                                                                                                                                                                                                                                                                                                                                                                                                                                                                                                                                                                                                                                                                                                                                                                                                                                                                                                                                                                                                                                                                                                                                                                                                                                                                                                                                                                                                                                                                                                                                                                                                                                                                                                                                                                                                                                                                                                                                                                                                                                                                                                                                                                                                                                                                                                                                                                                                                                                                                                                                                                                                                                                                                                                                                                                                                                                                                                                                                                                                                                                                                                                                                                                                                                                                                                                                                                                                                                                                                                                                                                                                                                                                                                                                                                                                                                                                                                                                                                                                                                                                                                                                                                                                                                                                                                                                                                                                                                                                                                                                                                                                                                                                                                                                                                                                                                                                                                                                                                                                                                                                                                                                                                                                                                                                                                                                                                                                                                                                                                                                                                                                                                                                                                                                                                                                                                                                                                                                                                                                                                                                                                                                                                                                                                                                                                                                                                                                                                                                                                                                                                                                                                                                                                                                                                                                                                                                                                                                                                                                                                                                                                                                                                                                                                                                                                                                                                                                                                                                                                                                                                                                                                                                                                                                                                                                                                                                                                                                                                                                                                                                                                                                                                                                                                                                                                                                                                                                                                                                                                                                                                                                                                                                                                                                                                                                                                                                                                                                                                                                                                                                                                                                                                                                                                                                                                                                                                                                                                                                                                                                                                                                                                                                                                                                                                                                                                                                                                                                                                                                                                                                                                                                                                                                                                                                                                                                                                                                                                                                                                                                                                                                                                                                                                                                                                                                                                                                                                                                                                                                                                                                                                                                                                                                                                                                                                                                                                                                                                                                                                                                                                                                                                                                                                                                                                                                                                                                                                                                                                                                                                                                                                                                                                                                                                                                                                                                                                                                                                                                                                                                                                                                                                                                                                                                                                                                                                                                                                                                                                                                                                                                                                                                                                                                                                                                                                                                                                                                                                                                                                                                                                                                                                                                                                                                                                                                                                                                                                                                                                                                                                                                                                                                                                                                                                                                                                                                                                                                                                                                                                                                                                                                                                                                                                                                                                                                                                                                                                                                                                                                                                                                                                                                                                                                                                                                                                                                                                                                                                                                                                                                                                                                                                                                                                                                                                                                                                                                                                                                                                                                                                                                                                                                                                                                                                                                                                                                                                                                                                                                                                                                                                                                                                                                                                                                                                                                                                                                                                                                                                                                                                                                                                                                                                                                                                                                                                                                                                                                                                                                                                                                                                                                                                                                                                                                                                                                                                                                                                                                                                                                                                                                                                                                                                                                                                                                                                                                                                                                                                                                                                                                                                                                                                                                                                                                                                                                                                                                                                                                                                                                                                                                                                                                                                                                                                                                                                                                                                                                                                                                                                                                                                                                                                                                                                                                                                                                                                                                                                                                                                                                                                                                                                                                                                                                                                                                                                                                                                                                                                                                                                                                                                                                                                                                                                                                                                                                                                                                                                                                                                                                                                                                                                                                                                                                                                                                                                                                                                                                                                                                                                                                                                                                                                                                                                                                                                                                                                                                                                                                                                                                                                                                                                                                                                                                                                                                                                                                                                                                                                                                                                                                                                                                                                                                                                                                                                                                                                                                                                                                                                                                                                                                                                                                                                                                                                                                                                                                                                                                                                                                                                                                                                                                                                                                                                                                                                                                                                                                                                                                                                                                                                                                                                                                                                                                                                                                                                                                                                                                                                                                                                                                                                                                                                                                                                                                                                                                                                                                                                                                                                                                                                                                                                                                                                                                                                                                                                                                                                                                                                                                                                                                                                                                                                                                                                                                                                                                                                                                                                                                                                                                                                                                                                                                                                                                                                                                                                                                                                                                                                                                                                                                                                                                                                                                                                                                                                                                                                                                                                                                                                                                                                                                                                                                                                                                                                                                                                                                                                                                                                                                                                                                                                                                                                                                                                                                                                                                                                                                                                                                                                                                                                                                                                                                                                                                                                                                                                                                                                                                                                                                                                                                                                                                                                                                                                                                                                                                                                                                                                                                                                                                                                                                                                                                                                                                                                                                                                                                                                                                                                                                                                                                                                                                                                                                                                                                                                                                                                                                                                                                                                                                                                                                                                                                                                                                                                                                                                                                                                                                                                                                                                                                                                                                                                                                                                                                                                                                                                                                                                                                                                                                                                                                                                                                                                                                                                                                                                                                                                                                                                                                                                                                                                                                                                                                                                                                                                                                                                                                                                                                                                                                                                                                                                                                                                                                                                                                                                                                                                                                                                                                                                                                                                                                                                                                                                                                                                                                                                                                                                                                                                                                                                                                                                                                                                                                                                                                                                                                                                                                                                                                                                                                                                                                                                                                                                                                                                                                                                                                                                                                                                                                                                                                                                                                                                                                                                                                                                                                                                                                                                                                                                                                                                                                                                                                                                                                                                                                                                                                                                                                                                                                                                                                                                                                                                                                                                                                                                                                                                                                                                                                                                                                                                                                                                                                                                                                                                                                                                                                                                                                                                                                                                                                                                                                                                                                                                                                                                                                                                                                                                                                                                                                                                                                                                                                                                                                                                                                                                                                                                                                                                                                                                                                                                                                                                                                                                                                                                                                                                                                                                                                                                                                                                                                                                                                                                                                                                                                                                                                                                                                                                                                                                                                                                                                                                                                                                                                                                                                                                                                                                                                                                                                                                                                                                                                                                                                                                                                                                                                                                                                                                                                                                                                                                                                                                                                                                                                                                                                                                                                                                                                                                                                                                                                                                                                                                                                                                                                                                                                                                                                                                                                                                                                                                                                                                                                                                                                                                                                                                                                                                                                                                                                                                                                                                                                                                                                                                                                                                                                                                                                                                                                                                                                                                                                                                                                                                                                                                                                                                                                                                                                                                                                                                                                                                                                                                                                                                                                                                                                                                                                                                                                                                                                                                                                                                                                                                                                                                                                                                                                                                                                                                                                                                                                                                                                                                                                                                                                                                                                                                                                                                                                                                                                                                                                                                                                                                                                                                                                                                                                                                                                                                                                                                                                                                                                                                                                                                                                                                                                                                                                                                                                                                                                                                                                                                                                                                                                                                                                                                                                                                                                                                                                                                                                                                                                                                                                                                                                                                                                                                                                                                                                                                                                                                                                                                                                                                                                                                                                                                                                                                                                                                                                                                                                                                                                                                                                                                                                                                                                                                                                                                                                                                                                                                                                                                                                                                                                                                                                                                                                                                                                                                                                                                                                                                                                                                                                                                                                                                                                                                                                                                                                                                                                                                                                                                                                                                                                                                                                                                                                                                                                                                                                                                                                                                                                                                                                                                                                                                                                                                                                                                                                                                                                                                                                                                                                                                                                                                                                                                                                                                                                                                                                                                                                                                                                                                                                                                                                                                                                                                                                                                                                                                                                                                                                                                                                                                                                                                                                                                                                                                                                                                                                                                                                                                                                                                                                                                                                                                                                                                                                                                                                                                                                                                                                                                                                                                                                                                                                                                                                                                                                                                                                                                                                                                                                                                                                                                                                                                                                                                                                                                                                                                                                                                                                                                                                                                                                                                                                                                                                                                                                                                                                                                                                                                                                                                                                                                                                                                                                                                                                                                                                                                                                                                                                                                                                                                                                                                                                                                                                                                                                                                                                                                                                                                                                                                                                                                                                                                                                                                                                                                                                                                                                                                                                                                                                                                                                                                                                                                                                                                                                                                                                                                                                                                                                                                                                                                                                                                                                                                                                                                                                                                                                                                                                                                                                                                                                                                                                                                                                                                                                                                                                                                                                                                                                                                                                                                                                                                                                                                                                                                                                                                                                                                                                                                                                                                                                                                                                                                                                                                                                                                                                                                                                                                                                                                                                                                                                                                                                                                                                                                                                                                                                                                                                                                                                                                                                                                                                                                                                                                                                                                                                                                                                                                                                                                                                                                                                                                                                                                                                                                                                                                                                                                                                                                                                                                                                                                                                                                                                                                                                                                                                                                                                                                                                                                                                                                                                                                                                                                                                                                                                                                                                                                                                                                                                                                                                                                                                                                                                                                                                                                                                                                                                                                                                                                                                                                                                                                                                                                                                                                                                                                                                                                                                                                                                                                                                                                                                                                                                                                                                                                                                                                                                                                                                                                                                                                                                                                                                                                                                                                                                                                                                                                                                                                                                                                                                                                                                                                                                                                                                                                                                                                                                                                                                                                                                                                                                                                                                                                                                                   [32m2026-05-21 17:11:33[0m | [1mINFO    [0m | [1m补Lane尝试: variant=cluster_fast_path, lane_prefix=OG, pool_size=48, pool_data=2451.642G, prioritize_scattered_mix=False[0m
[32m2026-05-21 17:11:35[0m | [1mINFO    [0m | [1m最终导出前1.1封顶回收池重组补Lane完成: 新增Lane=5 (大簇专项=0, 混排lane=2, 普通lane=3), 剩余未分配=1148[0m
[32m2026-05-21 17:11:35[0m | [1mINFO    [0m | [1m1.1首轮Lane加测/混合封顶生效: lane=RM_Nova X-25B_001, 保留149.2G, 回退315个/710.1G到未分配池 (单Lane上限150.0G)[0m
[32m2026-05-21 17:11:35[0m | [1mINFO    [0m | [1m1.1首轮Lane加测/混合封顶生效: lane=RM_Nova X-25B_002, 保留149.7G, 回退316个/691.9G到未分配池 (单Lane上限150.0G)[0m
[32m2026-05-21 17:11:35[0m | [1mINFO    [0m | [1m1.1首轮Lane加测/混合封顶生效: lane=GL_Nova X-25B_001, 保留150.0G, 回退334个/881.4G到未分配池 (单Lane上限150.0G)[0m
[32m2026-05-21 17:11:35[0m | [1mINFO    [0m | [1m1.1首轮Lane加测/混合封顶生效: lane=GL_Nova X-25B_002, 保留150.0G, 回退342个/731.0G到未分配池 (单Lane上限150.0G)[0m
[32m2026-05-21 17:11:35[0m | [1mINFO    [0m | [1m1.1首轮Lane加测/混合封顶生效: lane=GL_Nova X-25B_003, 保留150.0G, 回退311个/694.1G到未分配池 (单Lane上限150.0G)[0m
[32m2026-05-21 17:11:35[0m | [1mINFO    [0m | [1m最终导出前1.1回收池重组后单Lane加测/混合封顶完成: 调整Lane=5, 回退文库=1618个/3708.4G[0m
[32m2026-05-21 17:11:35[0m | [33m[1mWARNING [0m | [33m[1mLane RM_Nova X-25B_001 终态过滤淘汰: ['10bp Index占比38.5%低于40%要求', 'Lane有效数据量1519.4G(原始1519.4G+平衡0.0G)低于下限2095G，规则=tj_1595_mode_1_1，需添加约575.6G的文库'][0m
[32m2026-05-21 17:11:35[0m | [33m[1mWARNING [0m | [33m[1mLane RM_Nova X-25B_002 终态过滤淘汰: ['10bp Index占比28.8%低于40%要求', 'Lane有效数据量1511.1G(原始1511.1G+平衡0.0G)低于下限2095G，规则=tj_1595_mode_1_1，需添加约583.9G的文库'][0m
[32m2026-05-21 17:11:35[0m | [33m[1mWARNING [0m | [33m[1mLane GL_Nova X-25B_001 终态过滤淘汰: ['客户文库占比50.2%不符合规则(应<=50%或=100%)', '10bp Index占比35.2%低于40%要求', 'Lane有效数据量1294.2G(原始1294.2G+平衡0.0G)低于下限2095G，规则=tj_1595_mode_1_1，需添加约800.8G的文库'][0m
[32m2026-05-21 17:11:35[0m | [33m[1mWARNING [0m | [33m[1mLane GL_Nova X-25B_002 终态过滤淘汰: ['客户文库占比52.0%不符合规则(应<=50%或=100%)', '10bp Index占比36.0%低于40%要求', 'Lane有效数据量1475.5G(原始1475.5G+平衡0.0G)低于下限2095G，规则=tj_1595_mode_1_1，需添加约619.5G的文库'][0m
[32m2026-05-21 17:11:35[0m | [33m[1mWARNING [0m | [33m[1mLane GL_Nova X-25B_003 终态过滤淘汰: ['客户文库占比57.5%不符合规则(应<=50%或=100%)', 'Lane有效数据量1409.0G(原始1409.0G+平衡0.0G)低于下限2095G，规则=tj_1595_mode_1_1，需添加约686.0G的文库'][0m
[32m2026-05-21 17:11:35[0m | [33m[1mWARNING [0m | [33m[1m终态总复核淘汰Lane RM_Nova X-25B_001: 回收147个原始文库到未分配池[0m
[32m2026-05-21 17:11:35[0m | [33m[1mWARNING [0m | [33m[1m终态总复核淘汰Lane RM_Nova X-25B_002: 回收120个原始文库到未分配池[0m
[32m2026-05-21 17:11:35[0m | [33m[1mWARNING [0m | [33m[1m终态总复核淘汰Lane GL_Nova X-25B_001: 回收90个原始文库到未分配池[0m
[32m2026-05-21 17:11:35[0m | [33m[1mWARNING [0m | [33m[1m终态总复核淘汰Lane GL_Nova X-25B_002: 回收136个原始文库到未分配池[0m
[32m2026-05-21 17:11:35[0m | [33m[1mWARNING [0m | [33m[1m终态总复核淘汰Lane GL_Nova X-25B_003: 回收110个原始文库到未分配池[0m
[32m2026-05-21 17:11:35[0m | [1mINFO    [0m | [1m终态总复核完成: 淘汰5条不合规非包Lane，回收603个文库到未分配池，当前有效Lane=3，未分配=3369[0m
[32m2026-05-21 17:11:35[0m | [33m[1mWARNING [0m | [33m[1m最终导出前1.1回收池重组后封顶后二次总复核: 淘汰5条不合规Lane，回收603个文库[0m
[32m2026-05-21 17:11:35[0m | [1mINFO    [0m | [1marrange 收集排机结果，用于后续 prediction_delivery 预测[0m
[32m2026-05-21 17:11:35[0m | [33m[1mWARNING [0m | [33m[1m排机规则映射文件不存在，跳过显式排机规则解析: /data/work/yuyongpeng/liblane_v2_deepseek/paiji_complete2/merge_deal/config[0m
[32m2026-05-21 17:11:35[0m | [1mINFO    [0m | [1marrange Lane GL_Nova X-25B_001 排机浓度规则命中: no_loading_concentration_rule_matched, lsjnd=[0m
[32m2026-05-21 17:11:35[0m | [1mINFO    [0m | [1marrange Lane GL_Nova X-25B_001 输出规则命中: tj_1595_mode_1_1, lsjfs=25B, lcxms=1.1[0m
[32m2026-05-21 17:11:35[0m | [1mINFO    [0m | [1marrange Lane GL_Nova X-25B_001 显式排机规则: P7P5[0m
[32m2026-05-21 17:11:36[0m | [1mINFO    [0m | [1marrange Lane GL_Nova X-25B_002 排机浓度规则命中: no_loading_concentration_rule_matched, lsjnd=[0m
[32m2026-05-21 17:11:36[0m | [1mINFO    [0m | [1marrange Lane GL_Nova X-25B_002 输出规则命中: tj_1595_mode_1_1, lsjfs=25B, lcxms=1.1[0m
[32m2026-05-21 17:11:36[0m | [1mINFO    [0m | [1marrange Lane GL_Nova X-25B_002 显式排机规则: P7P5[0m
[32m2026-05-21 17:11:36[0m | [1mINFO    [0m | [1marrange Lane DL_Nova X-25B_002 排机浓度规则命中: no_loading_concentration_rule_matched, lsjnd=[0m
[32m2026-05-21 17:11:36[0m | [1mINFO    [0m | [1marrange Lane DL_Nova X-25B_002 输出规则命中: tj_1595_mode_1_1, lsjfs=25B, lcxms=1.1[0m
[32m2026-05-21 17:11:36[0m | [1mINFO    [0m | [1marrange Lane DL_Nova X-25B_002 显式排机规则: P7P5[0m
/data/work/yuyongpeng/liblane_v2_deepseek/paiji_complete2/paiji_complete/arrange_library/arrange_library_model6.py:14705: FutureWarning: Downcasting object dtype arrays on .fillna, .ffill, .bfill is deprecated and will change in a future version. Call result.infer_objects(copy=False) instead. To opt-in to the future behavior, set `pd.set_option('future.no_silent_downcasting', True)`
  balance_mask = df[BALANCE_LIBRARY_MARKER_COLUMN].fillna(False).astype(bool)
[32m2026-05-21 17:11:36[0m | [1mINFO    [0m | [1m明细文件已存在，将覆盖: arrange_library/280_sta_arrange.csv[0m
[32m2026-05-21 17:11:36[0m | [1mINFO    [0m | [1m明细输出完成: arrange_library/280_sta_arrange.csv[0m
[32m2026-05-21 17:11:36[0m | [1mINFO    [0m | [1m
================================================================================[0m
[32m2026-05-21 17:11:36[0m | [1mINFO    [0m | [1m步骤3: 跳过 prediction_delivery，保留下单量/预测产出空字段[0m
[32m2026-05-21 17:11:36[0m | [1mINFO    [0m | [1m================================================================================[0m
[32m2026-05-21 17:11:36[0m | [1mINFO    [0m | [1m已跳过 prediction_delivery 模型预测，输出保留下单量/预测产出字段空值: arrange_library/280_sta_arrange.csv[0m
[32m2026-05-21 17:11:36[0m | [1mINFO    [0m | [1m输出后处理完成: 记录数=3984, 平均下单量=nanG, 平均产出量=nanG[0m
[32m2026-05-21 17:11:36[0m | [1mINFO    [0m | [1m
端到端排机完成！[0m
[32m2026-05-21 17:11:36[0m | [1mINFO    [0m | [1m最终输出文件: arrange_library/280_sta_arrange.csv[0m
[32m2026-05-21 17:11:36[0m | [1mINFO    [0m | [1m================================================================================[0m
