2026-05-21 16:59:29.168 | INFO     | arrange_library.core.constraints.index_validator_verified:__init__:75 - Index校验器初始化完成（真实数据验证版本）
2026-05-21 16:59:29.678 | INFO     | arrange_library.core.constraints.index_validator_verified:__init__:75 - Index校验器初始化完成（真实数据验证版本）
[32m2026-05-21 16:59:29[0m | [1mINFO    [0m | [1m================================================================================[0m
[32m2026-05-21 16:59:29[0m | [1mINFO    [0m | [1marrange_library: 端到端排机流程 - 排机与 Pooling 预测[0m
[32m2026-05-21 16:59:29[0m | [1mINFO    [0m | [1m================================================================================[0m
[32m2026-05-21 16:59:29[0m | [1mINFO    [0m | [1m调用时间: 2026-05-21 16:59:29[0m
[32m2026-05-21 16:59:29[0m | [1mINFO    [0m | [1m随机种子: 42 (固定，确保可复现)[0m
[32m2026-05-21 16:59:29[0m | [1mINFO    [0m | [1m运行模式: arrange[0m
[32m2026-05-21 16:59:29[0m | [1mINFO    [0m | [1m
使用数据文件: arrange_library/288_sta.csv[0m
[32m2026-05-21 16:59:29[0m | [1mINFO    [0m | [1m从标准化CSV文件加载数据: arrange_library/288_sta.csv[0m
[32m2026-05-21 16:59:29[0m | [1mINFO    [0m | [1m读取 524 行数据[0m
[32m2026-05-21 16:59:29[0m | [1mINFO    [0m | [1m成功创建 524 个文库对象[0m
[32m2026-05-21 16:59:29[0m | [1mINFO    [0m | [1m成功转换 524 个测试文库[0m
[32m2026-05-21 16:59:29[0m | [1mINFO    [0m | [1mAI可排文库筛选完成: 可排=524，不可排=0，机型排除=0[0m
[32m2026-05-21 16:59:29[0m | [1mINFO    [0m | [1m统一排机规则配置已加载: profiles=7, constraints=2, loading_rules=4[0m
[32m2026-05-21 16:59:29[0m | [1mINFO    [0m | [1m1.1模式规则配置加载完成: /data/work/yuyongpeng/liblane_v2_deepseek/paiji_complete2/paiji_complete/arrange_library/config/mode_1_1_rules.json[0m
[32m2026-05-21 16:59:29[0m | [1mINFO    [0m | [1m排机配置管理器初始化完成[0m
[32m2026-05-21 16:59:29[0m | [1mINFO    [0m | [1m
================================================================================[0m
[32m2026-05-21 16:59:29[0m | [1mINFO    [0m | [1m步骤0.9: 提前处理1.1第二轮历史固定组合文库[0m
[32m2026-05-21 16:59:29[0m | [1mINFO    [0m | [1m================================================================================[0m
[32m2026-05-21 16:59:29[0m | [1mINFO    [0m | [1m1.1第二轮候选识别: 无符合条件的候选文库[0m
[32m2026-05-21 16:59:29[0m | [1mINFO    [0m | [1m1.1第二轮历史Lane前置直出: 无候选文库[0m
[32m2026-05-21 16:59:29[0m | [1mINFO    [0m | [1m
================================================================================[0m
[32m2026-05-21 16:59:29[0m | [1mINFO    [0m | [1m步骤1: 处理包Lane文库（wkbaleno字段有值的文库）[0m
[32m2026-05-21 16:59:29[0m | [1mINFO    [0m | [1m================================================================================[0m
[32m2026-05-21 16:59:29[0m | [1mINFO    [0m | [1m包Lane文库数: 20[0m
[32m2026-05-21 16:59:29[0m | [1mINFO    [0m | [1m普通文库数: 504[0m
[32m2026-05-21 16:59:29[0m | [1mINFO    [0m | [1m
使用PackageLaneScheduler处理包Lane文库...[0m
[32m2026-05-21 16:59:29[0m | [33m[1mWARNING [0m | [33m[1mPooling配置表不存在: /data/work/yuyongpeng/liblane_v2_deepseek/data/wktype_pooling_config.xlsx，将使用默认策略[0m
[32m2026-05-21 16:59:29[0m | [1mINFO    [0m | [1m产出效率修正表不存在: /data/work/yuyongpeng/liblane_v2_deepseek/data/production_efficiency_correction.csv，跳过后校准[0m
[32m2026-05-21 16:59:29[0m | [33m[1mWARNING [0m | [33m[1m模型文件不存在: models/loutput_pre_lane_v5/lightgbm_model.pkl[0m
[32m2026-05-21 16:59:29[0m | [33m[1mWARNING [0m | [33m[1mloutput预测器不可用，将使用规则降级策略[0m
[32m2026-05-21 16:59:29[0m | [1mINFO    [0m | [1m包Lane/FC排机程序初始化完成[0m
[32m2026-05-21 16:59:29[0m | [1mINFO    [0m | [1m============================================================[0m
[32m2026-05-21 16:59:29[0m | [1mINFO    [0m | [1m 开始包Lane/FC排机[0m
[32m2026-05-21 16:59:29[0m | [1mINFO    [0m | [1m============================================================[0m
[32m2026-05-21 16:59:29[0m | [1mINFO    [0m | [1m待排机文库总数: 20[0m
[32m2026-05-21 16:59:29[0m | [1mINFO    [0m | [1m文库 12530195 检测到多个包Lane编号 ['C2611046766', 'C2611046767', 'C2611046768', 'C2611046769', 'C2611046770', 'C2611046771', 'C2611046772', 'C2611046773']，按8份执行专用拆分[0m
[32m2026-05-21 16:59:29[0m | [1mINFO    [0m | [1m文库 12530197 检测到多个包Lane编号 ['C2611046766', 'C2611046767', 'C2611046768', 'C2611046769', 'C2611046770', 'C2611046771', 'C2611046772', 'C2611046773']，按8份执行专用拆分[0m
[32m2026-05-21 16:59:29[0m | [1mINFO    [0m | [1m文库 12530198 检测到多个包Lane编号 ['C2611046766', 'C2611046767', 'C2611046768', 'C2611046769', 'C2611046770', 'C2611046771', 'C2611046772', 'C2611046773']，按8份执行专用拆分[0m
[32m2026-05-21 16:59:29[0m | [1mINFO    [0m | [1m文库 12530201 检测到多个包Lane编号 ['C2611046766', 'C2611046767', 'C2611046768', 'C2611046769', 'C2611046770', 'C2611046771', 'C2611046772', 'C2611046773']，按8份执行专用拆分[0m
[32m2026-05-21 16:59:29[0m | [1mINFO    [0m | [1m文库 12530203 检测到多个包Lane编号 ['C2611046766', 'C2611046767', 'C2611046768', 'C2611046769', 'C2611046770', 'C2611046771', 'C2611046772', 'C2611046773']，按8份执行专用拆分[0m
[32m2026-05-21 16:59:29[0m | [1mINFO    [0m | [1m文库 12530204 检测到多个包Lane编号 ['C2611046766', 'C2611046767', 'C2611046768', 'C2611046769', 'C2611046770', 'C2611046771', 'C2611046772', 'C2611046773']，按8份执行专用拆分[0m
[32m2026-05-21 16:59:29[0m | [1mINFO    [0m | [1m文库 12530206 检测到多个包Lane编号 ['C2611046766', 'C2611046767', 'C2611046768', 'C2611046769', 'C2611046770', 'C2611046771', 'C2611046772', 'C2611046773']，按8份执行专用拆分[0m
[32m2026-05-21 16:59:29[0m | [1mINFO    [0m | [1m文库 12530200 检测到多个包Lane编号 ['C2611046766', 'C2611046767', 'C2611046768', 'C2611046769', 'C2611046770', 'C2611046771', 'C2611046772', 'C2611046773']，按8份执行专用拆分[0m
[32m2026-05-21 16:59:29[0m | [1mINFO    [0m | [1m文库 12530191 检测到多个包Lane编号 ['C2611046766', 'C2611046767', 'C2611046768', 'C2611046769', 'C2611046770', 'C2611046771', 'C2611046772', 'C2611046773']，按8份执行专用拆分[0m
[32m2026-05-21 16:59:29[0m | [1mINFO    [0m | [1m文库 12530196 检测到多个包Lane编号 ['C2611046766', 'C2611046767', 'C2611046768', 'C2611046769', 'C2611046770', 'C2611046771', 'C2611046772', 'C2611046773']，按8份执行专用拆分[0m
[32m2026-05-21 16:59:29[0m | [1mINFO    [0m | [1m文库 12530190 检测到多个包Lane编号 ['C2611046766', 'C2611046767', 'C2611046768', 'C2611046769', 'C2611046770', 'C2611046771', 'C2611046772', 'C2611046773']，按8份执行专用拆分[0m
[32m2026-05-21 16:59:29[0m | [1mINFO    [0m | [1m文库 12530192 检测到多个包Lane编号 ['C2611046766', 'C2611046767', 'C2611046768', 'C2611046769', 'C2611046770', 'C2611046771', 'C2611046772', 'C2611046773']，按8份执行专用拆分[0m
[32m2026-05-21 16:59:29[0m | [1mINFO    [0m | [1m文库 12530202 检测到多个包Lane编号 ['C2611046766', 'C2611046767', 'C2611046768', 'C2611046769', 'C2611046770', 'C2611046771', 'C2611046772', 'C2611046773']，按8份执行专用拆分[0m
[32m2026-05-21 16:59:29[0m | [1mINFO    [0m | [1m文库 12530207 检测到多个包Lane编号 ['C2611046766', 'C2611046767', 'C2611046768', 'C2611046769', 'C2611046770', 'C2611046771', 'C2611046772', 'C2611046773']，按8份执行专用拆分[0m
[32m2026-05-21 16:59:29[0m | [1mINFO    [0m | [1m文库 12530208 检测到多个包Lane编号 ['C2611046766', 'C2611046767', 'C2611046768', 'C2611046769', 'C2611046770', 'C2611046771', 'C2611046772', 'C2611046773']，按8份执行专用拆分[0m
[32m2026-05-21 16:59:29[0m | [1mINFO    [0m | [1m文库 12530205 检测到多个包Lane编号 ['C2611046766', 'C2611046767', 'C2611046768', 'C2611046769', 'C2611046770', 'C2611046771', 'C2611046772', 'C2611046773']，按8份执行专用拆分[0m
[32m2026-05-21 16:59:29[0m | [1mINFO    [0m | [1m文库 12530209 检测到多个包Lane编号 ['C2611046766', 'C2611046767', 'C2611046768', 'C2611046769', 'C2611046770', 'C2611046771', 'C2611046772', 'C2611046773']，按8份执行专用拆分[0m
[32m2026-05-21 16:59:29[0m | [1mINFO    [0m | [1m文库 12530194 检测到多个包Lane编号 ['C2611046766', 'C2611046767', 'C2611046768', 'C2611046769', 'C2611046770', 'C2611046771', 'C2611046772', 'C2611046773']，按8份执行专用拆分[0m
[32m2026-05-21 16:59:29[0m | [1mINFO    [0m | [1m文库 12530193 检测到多个包Lane编号 ['C2611046766', 'C2611046767', 'C2611046768', 'C2611046769', 'C2611046770', 'C2611046771', 'C2611046772', 'C2611046773']，按8份执行专用拆分[0m
[32m2026-05-21 16:59:29[0m | [1mINFO    [0m | [1m文库 12530199 检测到多个包Lane编号 ['C2611046766', 'C2611046767', 'C2611046768', 'C2611046769', 'C2611046770', 'C2611046771', 'C2611046772', 'C2611046773']，按8份执行专用拆分[0m
[32m2026-05-21 16:59:29[0m | [1mINFO    [0m | [1m  包Lane文库: 160[0m
[32m2026-05-21 16:59:29[0m | [1mINFO    [0m | [1m  Lane ID文库: 0[0m
[32m2026-05-21 16:59:29[0m | [1mINFO    [0m | [1m  包FC文库: 0[0m
[32m2026-05-21 16:59:29[0m | [1mINFO    [0m | [1m  RunCycle文库: 0[0m
[32m2026-05-21 16:59:29[0m | [1mINFO    [0m | [1m  普通文库: 0[0m
[32m2026-05-21 16:59:29[0m | [1mINFO    [0m | [1mIndex校验器初始化完成（真实数据验证版本）[0m
[32m2026-05-21 16:59:29[0m | [1mINFO    [0m | [1mIndex校验器初始化完成（真实数据验证版本）[0m
[32m2026-05-21 16:59:29[0m | [1mINFO    [0m | [1mIndex校验器初始化完成（真实数据验证版本）[0m
[32m2026-05-21 16:59:29[0m | [1mINFO    [0m | [1mIndex校验器初始化完成（真实数据验证版本）[0m
[32m2026-05-21 16:59:29[0m | [1mINFO    [0m | [1mIndex校验器初始化完成（真实数据验证版本）[0m
[32m2026-05-21 16:59:29[0m | [1mINFO    [0m | [1mIndex校验器初始化完成（真实数据验证版本）[0m
[32m2026-05-21 16:59:29[0m | [1mINFO    [0m | [1mIndex校验器初始化完成（真实数据验证版本）[0m
[32m2026-05-21 16:59:29[0m | [1mINFO    [0m | [1mIndex校验器初始化完成（真实数据验证版本）[0m
[32m2026-05-21 16:59:29[0m | [1mINFO    [0m | [1m------------------------------------------------------------[0m
[32m2026-05-21 16:59:29[0m | [1mINFO    [0m | [1m 包Lane/FC排机结果:[0m
[32m2026-05-21 16:59:29[0m | [1mINFO    [0m | [1m  生成Run数: 1[0m
[32m2026-05-21 16:59:29[0m | [1mINFO    [0m | [1m  生成Lane数: 8[0m
[32m2026-05-21 16:59:29[0m | [1mINFO    [0m | [1m  排机文库数: 160[0m
[32m2026-05-21 16:59:29[0m | [1mINFO    [0m | [1m  剩余文库数: 0[0m
[32m2026-05-21 16:59:29[0m | [1mINFO    [0m | [1m============================================================[0m
[32m2026-05-21 16:59:29[0m | [1mINFO    [0m | [1m包Lane处理结果:[0m
[32m2026-05-21 16:59:29[0m | [1mINFO    [0m | [1m  - 成功生成Run数: 1[0m
[32m2026-05-21 16:59:29[0m | [1mINFO    [0m | [1m  - 成功生成Lane数: 8[0m
[32m2026-05-21 16:59:29[0m | [1mINFO    [0m | [1m  - 已分配文库数: 160[0m
[32m2026-05-21 16:59:29[0m | [1mINFO    [0m | [1m  - 失败包数: 0[0m
[32m2026-05-21 16:59:29[0m | [1mINFO    [0m | [1m  - 剩余未分配: 0[0m
[32m2026-05-21 16:59:29[0m | [1mINFO    [0m | [1m
包Lane处理完成，形成8条包Lane[0m
[32m2026-05-21 16:59:29[0m | [1mINFO    [0m | [1m剩余504个文库进入普通排机流程[0m
[32m2026-05-21 16:59:29[0m | [1mINFO    [0m | [1m
================================================================================[0m
[32m2026-05-21 16:59:29[0m | [1mINFO    [0m | [1m步骤1.3: 1.1前碱基不均衡专Lane预抽取[0m
[32m2026-05-21 16:59:29[0m | [1mINFO    [0m | [1m================================================================================[0m
[32m2026-05-21 16:59:29[0m | [1mINFO    [0m | [1mIndex校验器初始化完成（真实数据验证版本）[0m
[32m2026-05-21 16:59:29[0m | [1mINFO    [0m | [1mIndex校验器初始化完成（真实数据验证版本）[0m
[32m2026-05-21 16:59:29[0m | [1mINFO    [0m | [1m成Lane校验程序初始化完成 (严格模式: True, 碱基不均衡上限: 35%, 特殊文库关键词: 9个)[0m
[32m2026-05-21 16:59:29[0m | [33m[1mWARNING [0m | [33m[1mPooling配置表不存在: /data/work/yuyongpeng/liblane_v2_deepseek/data/wktype_pooling_config.xlsx，将使用默认策略[0m
[32m2026-05-21 16:59:29[0m | [1mINFO    [0m | [1m产出效率修正表不存在: /data/work/yuyongpeng/liblane_v2_deepseek/data/production_efficiency_correction.csv，跳过后校准[0m
[32m2026-05-21 16:59:29[0m | [33m[1mWARNING [0m | [33m[1m模型文件不存在: models/loutput_pre_lane_v5/lightgbm_model.pkl[0m
[32m2026-05-21 16:59:29[0m | [33m[1mWARNING [0m | [33m[1mloutput预测器不可用，将使用规则降级策略[0m
[32m2026-05-21 16:59:29[0m | [1mINFO    [0m | [1m逐Lane贪心排机器初始化完成 - 基础容量: 985.0GB, 利用率区间: [100%, 100%], 配置模式: 按机型自动[0m
[32m2026-05-21 16:59:29[0m | [1mINFO    [0m | [1m启用检查: Index=True, 碱基不均衡=True, 规则检查器=False[0m
[32m2026-05-21 16:59:29[0m | [1mINFO    [0m | [1m专用Lane分组G26剩余合同量7.0G无法满足1.1或3.6T-NEW有效容量下限[0m
[32m2026-05-21 16:59:29[0m | [1mINFO    [0m | [1mIndex校验器初始化完成（真实数据验证版本）[0m
[32m2026-05-21 16:59:29[0m | [1mINFO    [0m | [1m成Lane校验程序初始化完成 (严格模式: False, 碱基不均衡上限: 35%, 特殊文库关键词: 9个)[0m
[32m2026-05-21 16:59:29[0m | [1mINFO    [0m | [1m专用Lane DL_Nova X-25B_001 形成成功 - 分组=G35, 碱基不均衡=2110.0G, 平衡文库=21.3G, 总量(含平衡)=2131.3G, 模式=1.1, 容量规则=tj_1595_mode_1_1[0m
[32m2026-05-21 16:59:29[0m | [1mINFO    [0m | [1mIndex校验器初始化完成（真实数据验证版本）[0m
[32m2026-05-21 16:59:29[0m | [1mINFO    [0m | [1m成Lane校验程序初始化完成 (严格模式: False, 碱基不均衡上限: 35%, 特殊文库关键词: 9个)[0m
[32m2026-05-21 16:59:29[0m | [1mINFO    [0m | [1m专用Lane DL_Nova X-25B_002 形成成功 - 分组=G4, 碱基不均衡=2060.0G, 平衡文库=0.0G, 总量(含平衡)=2060.0G, 模式=1.1, 容量规则=tj_1595_mode_1_1_special_combo[0m
[32m2026-05-21 16:59:29[0m | [1mINFO    [0m | [1m专用Lane分组G4剩余合同量180.0G无法满足1.1或3.6T-NEW有效容量下限[0m
[32m2026-05-21 16:59:29[0m | [1mINFO    [0m | [1m专用Lane分组G16剩余合同量12.0G无法满足1.1或3.6T-NEW有效容量下限[0m
[32m2026-05-21 16:59:29[0m | [1mINFO    [0m | [1m全局跨机型碱基不均专Lane预抽取: 承载机型=Nova X-25B, 生成Lane=2, 消耗4170.0G, 剩余不均文库=14个/241.5G[0m
[32m2026-05-21 16:59:29[0m | [1mINFO    [0m | [1m全局碱基不均专Lane预抽取完成: 生成Lane=2, 后续普通排机池 504 -> 464[0m
[32m2026-05-21 16:59:29[0m | [1mINFO    [0m | [1m1.1前碱基不均衡专Lane预抽取完成: 生成Lane=2, 剩余进入1.1普通尝试文库=464[0m
[32m2026-05-21 16:59:29[0m | [1mINFO    [0m | [1m
================================================================================[0m
[32m2026-05-21 16:59:29[0m | [1mINFO    [0m | [1m步骤1.5: 1.1首轮排机[0m
[32m2026-05-21 16:59:29[0m | [1mINFO    [0m | [1m================================================================================[0m
[32m2026-05-21 16:59:29[0m | [1mINFO    [0m | [1m命中拆分规则且当前合同量>500G的原始文库12个：从1.1候选池移出，保留到3.6T-NEW流程拆分与排机[0m
[32m2026-05-21 16:59:29[0m | [1mINFO    [0m | [1m步骤1.5-1: 1.1首轮使用剩余未成Lane全集，候选452个文库[0m
[32m2026-05-21 16:59:29[0m | [1mINFO    [0m | [1m1.1首轮策略: expensive_rescue=True, peak_window_mixed=False, post_fill_optimization=True, rule_bucket_prescheduling=True[0m
[32m2026-05-21 16:59:30[0m | [1mINFO    [0m | [1m
================================================================================[0m
[32m2026-05-21 16:59:30[0m | [1mINFO    [0m | [1m排机流程：纯规则排机[0m
[32m2026-05-21 16:59:30[0m | [1mINFO    [0m | [1m================================================================================[0m
[32m2026-05-21 16:59:30[0m | [1mINFO    [0m | [1mIndex校验器初始化完成（真实数据验证版本）[0m
[32m2026-05-21 16:59:30[0m | [1mINFO    [0m | [1mIndex校验器初始化完成（真实数据验证版本）[0m
[32m2026-05-21 16:59:30[0m | [1mINFO    [0m | [1m成Lane校验程序初始化完成 (严格模式: True, 碱基不均衡上限: 35%, 特殊文库关键词: 9个)[0m
[32m2026-05-21 16:59:30[0m | [33m[1mWARNING [0m | [33m[1mPooling配置表不存在: /data/work/yuyongpeng/liblane_v2_deepseek/data/wktype_pooling_config.xlsx，将使用默认策略[0m
[32m2026-05-21 16:59:30[0m | [1mINFO    [0m | [1m产出效率修正表不存在: /data/work/yuyongpeng/liblane_v2_deepseek/data/production_efficiency_correction.csv，跳过后校准[0m
[32m2026-05-21 16:59:30[0m | [33m[1mWARNING [0m | [33m[1m模型文件不存在: models/loutput_pre_lane_v5/lightgbm_model.pkl[0m
[32m2026-05-21 16:59:30[0m | [33m[1mWARNING [0m | [33m[1mloutput预测器不可用，将使用规则降级策略[0m
[32m2026-05-21 16:59:30[0m | [1mINFO    [0m | [1m逐Lane贪心排机器初始化完成 - 基础容量: 985.0GB, 利用率区间: [100%, 100%], 配置模式: 按机型自动[0m
[32m2026-05-21 16:59:30[0m | [1mINFO    [0m | [1m启用检查: Index=True, 碱基不均衡=True, 规则检查器=False[0m
[32m2026-05-21 16:59:30[0m | [1mINFO    [0m | [1m排机阶段：Pooling优化器已禁用（V6流程不需要）[0m
[32m2026-05-21 16:59:30[0m | [1mINFO    [0m | [1mIndex校验器初始化完成（真实数据验证版本）[0m
[32m2026-05-21 16:59:30[0m | [1mINFO    [0m | [1m成Lane校验程序初始化完成 (严格模式: True, 碱基不均衡上限: 35%, 特殊文库关键词: 9个)[0m
[32m2026-05-21 16:59:30[0m | [1mINFO    [0m | [1m严格校验容量区间改为按统一配置表动态解析[0m
[32m2026-05-21 16:59:30[0m | [1mINFO    [0m | [1m主流程前置拆分完成: 无需拆分[0m
[32m2026-05-21 16:59:30[0m | [1mINFO    [0m | [1mPeak窗口混排预构Lane已按调用方要求关闭[0m
[32m2026-05-21 16:59:30[0m | [1mINFO    [0m | [1m主流程规则分桶跳过: bucket=manual_or_risk:2025四季度自建库散样测序技术服务（委托）合同|S|客户-人重测序文库|NA|SCATTERED+MANUAL_RISK, count=25, reason=总量645.0G低于最小门槛2095.0G[0m
[32m2026-05-21 16:59:30[0m | [1mINFO    [0m | [1m主流程规则分桶跳过: bucket=manual_or_risk:UST25B自建库测序包LANE1000G分析技术服务（委托）合同|S|客户-真核普通转录组文库|NA|MANUAL_RISK, count=2, reason=总量242.0G低于最小门槛2095.0G[0m
[32m2026-05-21 16:59:30[0m | [1mINFO    [0m | [1m主流程规则分桶跳过: bucket=manual_or_risk:世纪坛ILLUMINA  PE150项目分析技术服务（委托）合同|S|客户-其他碱基均衡文库|NA|MANUAL_RISK, count=2, reason=总量120.0G低于最小门槛2095.0G[0m
[32m2026-05-21 16:59:30[0m | [1mINFO    [0m | [1m主流程规则分桶跳过: bucket=manual_or_risk:首医陈老师组自建库+MRNA分析技术服务（委托）合同|S|客户-CHIP-SEQ文库|NA|MANUAL_RISK, count=10, reason=总量38.0G低于最小门槛2095.0G[0m
[32m2026-05-21 16:59:30[0m | [1mINFO    [0m | [1m主流程规则分桶跳过: bucket=manual_or_risk:TJ-US-UT AUSTIN-36-MICROBIAL-PCR PRODUCT WGS XPLUS-25B-6GB-WOBI-NVUS2024071605|S|PCR-FREE (PCR产物单建)|NA|MANUAL_RISK+IMBALANCE, count=6, reason=总量36.0G低于最小门槛2095.0G[0m
[32m2026-05-21 16:59:30[0m | [1mINFO    [0m | [1m主流程规则分桶跳过: bucket=manual_or_risk:交大毛亚飞组1000例WGS-PCRFREE文库ILLUMINA-X测序技术服务（委托）合同|S|PCR-FREE (动植物小片段)|NA|MANUAL_RISK, count=3, reason=总量21.0G低于最小门槛2095.0G[0m
[32m2026-05-21 16:59:30[0m | [1mINFO    [0m | [1m主流程规则分桶跳过: bucket=manual_or_risk:凌恩-ATAC建库测序分析项目技术服务（委托）合同|S|ATAC-SEQ文库|NA|MANUAL_RISK+IMBALANCE, count=1, reason=总量12.0G低于最小门槛1676.0G[0m
[32m2026-05-21 16:59:30[0m | [1mINFO    [0m | [1m主流程规则分桶跳过: bucket=manual_or_risk:ABC联盟血研所新测序平台测序委托合同|S|客户-其他碱基均衡文库|NA|MANUAL_RISK, count=1, reason=总量8.0G低于最小门槛2095.0G[0m
[32m2026-05-21 16:59:30[0m | [1mINFO    [0m | [1m主流程规则分桶跳过: bucket=manual_or_risk:天津医科大学-2个CUT TAG自建库分析技术服务（委托）合同|S|客户-CUT-TAG文库|NA|MANUAL_RISK+IMBALANCE, count=2, reason=总量7.0G低于最小门槛1676.0G[0m
[32m2026-05-21 16:59:30[0m | [1mINFO    [0m | [1m主流程规则分桶跳过: bucket=manual_or_risk:南科大RIBO-SEQ+MRNA+16S分析技术服务（委托）合同|S|RIBO-SEQ文库|NA|MANUAL_RISK+IMBALANCE, count=1, reason=总量5.2G低于最小门槛2095.0G[0m
[32m2026-05-21 16:59:30[0m | [1mINFO    [0m | [1m主流程规则分桶跳过: bucket=manual_or_risk:2019年天津科服实验室测试项目-DNA平台|S|RIBO-SEQ文库|NA|MANUAL_RISK+IMBALANCE, count=1, reason=总量1.3G低于最小门槛2095.0G[0m
[32m2026-05-21 16:59:30[0m | [1mINFO    [0m | [1m主流程规则分桶跳过: bucket=ten_x:2508天津擎科10X与C4单细胞转录组技术服务（委托）合同|S|10X转录组-3'文库|NA|TENX+MANUAL_RISK+IMBALANCE, count=1, reason=总量60.0G低于最小门槛1995.0G[0m
[32m2026-05-21 16:59:30[0m | [1mINFO    [0m | [1m主流程规则分桶跳过: bucket=ten_x:中山一院急性脑梗食蟹猴多组学测序技术服务启动说明|S|10X转录组-3'文库|NA|TENX+MANUAL_RISK+IMBALANCE, count=1, reason=总量60.0G低于最小门槛1995.0G[0m
[32m2026-05-21 16:59:30[0m | [1mINFO    [0m | [1m主流程规则分桶跳过: bucket=ten_x:暨大杨伟莉猴脑单核测序分析技术服务（委托）合同|S|10X转录组-3'文库|NA|TENX+MANUAL_RISK+IMBALANCE, count=1, reason=总量60.0G低于最小门槛1995.0G[0m
[32m2026-05-21 16:59:30[0m | [1mINFO    [0m | [1m主流程规则分桶预调度: bucket=general:2025年深圳微科盟NGS测序分析技术服务（委托）合同|Z|DNA小片段文库|NA|NORMAL, count=17, data=6130.0G[0m
[32m2026-05-21 16:59:30[0m | [1mINFO    [0m | [1m开始逐Lane贪心排机 - 文库数: 17[0m
[32m2026-05-21 16:59:30[0m | [1mINFO    [0m | [1m预拆分完成: 使用外层已拆分文库[0m
[32m2026-05-21 16:59:30[0m | [1mINFO    [0m | [1m===== 批次全局分析报告 =====[0m
[32m2026-05-21 16:59:30[0m | [1mINFO    [0m | [1m机器类型: Nova X-25B[0m
[32m2026-05-21 16:59:30[0m | [1mINFO    [0m | [1m文库总数: 17[0m
[32m2026-05-21 16:59:30[0m | [1mINFO    [0m | [1m总数据量: 6130.0 GB[0m
[32m2026-05-21 16:59:30[0m | [1mINFO    [0m | [1m预估Lane数: 3~3[0m
[32m2026-05-21 16:59:30[0m | [1mINFO    [0m | [1m--- 特征标记 ---[0m
[32m2026-05-21 16:59:30[0m | [1mINFO    [0m | [1m  包Lane文库: 无[0m
[32m2026-05-21 16:59:30[0m | [1mINFO    [0m | [1m  碱基不均衡: 无[0m
[32m2026-05-21 16:59:30[0m | [1mINFO    [0m | [1m  客户文库:   无[0m
[32m2026-05-21 16:59:30[0m | [1mINFO    [0m | [1m  10bp文库:   有[0m
[32m2026-05-21 16:59:30[0m | [1mINFO    [0m | [1m  非10bp文库: 无[0m
[32m2026-05-21 16:59:30[0m | [1mINFO    [0m | [1m  特殊组合:   无[0m
[32m2026-05-21 16:59:30[0m | [1mINFO    [0m | [1m--- 分组画像 ---[0m
[32m2026-05-21 16:59:30[0m | [1mINFO    [0m | [1m  [10bp] 10碱基文库: 17个文库, 6130.0GB, 预估3~3条Lane[0m
[32m2026-05-21 16:59:30[0m | [1mINFO    [0m | [1m  [all] 全部文库: 17个文库, 6130.0GB, 预估3~3条Lane[0m
[32m2026-05-21 16:59:30[0m | [1mINFO    [0m | [1m--- 策略建议 ---[0m
[32m2026-05-21 16:59:30[0m | [1mINFO    [0m | [1m  - 数据分布较均匀，可按常规贪心排机流程处理[0m
[32m2026-05-21 16:59:30[0m | [1mINFO    [0m | [1m===== 报告结束 =====[0m
[32m2026-05-21 16:59:30[0m | [1mINFO    [0m | [1m保留外部传入的策略执行计划，仅使用批次分析报告[0m
[32m2026-05-21 16:59:30[0m | [1mINFO    [0m | [1m处理机器类型 Nova X-25B - 文库数: 17 - Lane容量: 1050.0GB, 利用率区间: [100%, 100%], 特殊文库上限: 350GB[0m
[32m2026-05-21 16:59:30[0m | [1mINFO    [0m | [1m第二轮排机: 17 个未分配文库（随机顺序）[0m
[32m2026-05-21 16:59:30[0m | [1mINFO    [0m | [1m第三轮排机: 17 个未分配文库（小文库优先）[0m
[32m2026-05-21 16:59:30[0m | [1mINFO    [0m | [1m连续5轮无新Lane且未分配池不变，提前结束无效重试[0m
[32m2026-05-21 16:59:30[0m | [1mINFO    [0m | [1m逐Lane贪心排机完成 - Lane数: 0, 已分配: 0/17, 未分配: 17, 平均利用率: 0.0%, 耗时: 0.03秒[0m
[32m2026-05-21 16:59:30[0m | [1mINFO    [0m | [1mIndex校验器初始化完成（真实数据验证版本）[0m
[32m2026-05-21 16:59:30[0m | [1mINFO    [0m | [1m成Lane校验程序初始化完成 (严格模式: False, 碱基不均衡上限: 35%, 特殊文库关键词: 9个)[0m
[32m2026-05-21 16:59:30[0m | [1mINFO    [0m | [1m最终验证结果: 0条Lane通过，17个文库未分配[0m
[32m2026-05-21 16:59:30[0m | [1mINFO    [0m | [1m主流程规则分桶预调度: bucket=general:66个宏基因组测序分析技术服务（委托）合同-LL|Z|DNA小片段文库|NA|NORMAL, count=58, data=3485.9G[0m
[32m2026-05-21 16:59:30[0m | [1mINFO    [0m | [1m开始逐Lane贪心排机 - 文库数: 58[0m
[32m2026-05-21 16:59:30[0m | [1mINFO    [0m | [1m预拆分完成: 使用外层已拆分文库[0m
[32m2026-05-21 16:59:30[0m | [1mINFO    [0m | [1m使用外部传入的全局分析报告（全量文库），跳过内部分析[0m
[32m2026-05-21 16:59:30[0m | [1mINFO    [0m | [1m处理机器类型 Nova X-25B - 文库数: 58 - Lane容量: 1050.0GB, 利用率区间: [100%, 100%], 特殊文库上限: 350GB[0m
[32m2026-05-21 16:59:30[0m | [1mINFO    [0m | [1m剩余池总量1235.9GB不足最小成Lane门槛2095.0GB，跳过后续随机重试[0m
[32m2026-05-21 16:59:30[0m | [1mINFO    [0m | [1m最后填充策略: 尝试将43个未分配文库塞入已有Lane[0m
[32m2026-05-21 16:59:30[0m | [1mINFO    [0m | [1m最后填充策略: 成功塞入1个文库，踢出0个违反规则的文库，剩余42个无法分配[0m
[32m2026-05-21 16:59:30[0m | [1mINFO    [0m | [1m挪移优化: 未分配42个文库(1232GB)，需要从现有Lane挪出863GB[0m
[32m2026-05-21 16:59:30[0m | [33m[1mWARNING [0m | [33m[1m挪移优化: 挪出数据量154GB不足，放弃挪移[0m
[32m2026-05-21 16:59:30[0m | [1mINFO    [0m | [1m逐Lane贪心排机完成 - Lane数: 1, 已分配: 16/58, 未分配: 42, 平均利用率: 103.6%, 耗时: 0.06秒[0m
[32m2026-05-21 16:59:30[0m | [1mINFO    [0m | [1mIndex校验器初始化完成（真实数据验证版本）[0m
[32m2026-05-21 16:59:30[0m | [1mINFO    [0m | [1m成Lane校验程序初始化完成 (严格模式: False, 碱基不均衡上限: 35%, 特殊文库关键词: 9个)[0m
[32m2026-05-21 16:59:30[0m | [1mINFO    [0m | [1m最终验证结果: 1条Lane通过，42个文库未分配[0m
[32m2026-05-21 16:59:30[0m | [1mINFO    [0m | [1m主流程规则分桶跳过: bucket=general:500例细菌框架图测序分析到组装技术服务（委托）合同-CLX|Z|DNA小片段文库|NA|NORMAL, count=37, reason=总量2070.0G低于最小门槛2095.0G[0m
[32m2026-05-21 16:59:30[0m | [1mINFO    [0m | [1m主流程规则分桶跳过: bucket=general:遗传所二代建库测序分析技术服务（委托）合同-Y|Z|DNA小片段文库|NA|NORMAL, count=2, reason=总量480.0G低于最小门槛2095.0G[0m
[32m2026-05-21 16:59:30[0m | [1mINFO    [0m | [1m主流程规则分桶跳过: bucket=general:微生物（菌体）全基因组建库测序质控技术服务（委托）合同|Z|DNA小片段文库|NA|NORMAL, count=1, reason=总量450.0G低于最小门槛2095.0G[0m
[32m2026-05-21 16:59:30[0m | [1mINFO    [0m | [1m主流程规则分桶跳过: bucket=general:湖南农大1000个宏基因组+1000个重测序建库测序技术服务（委托）合同|Z|DNA小片段文库|NA|NORMAL, count=13, reason=总量195.0G低于最小门槛2095.0G[0m
[32m2026-05-21 16:59:30[0m | [1mINFO    [0m | [1m主流程规则分桶跳过: bucket=general:浙江大学90个转录组建库测序X技术服务（委托）合同|Z|VIP-真核普通转录组文库|NA|NORMAL, count=40, reason=总量130.4G低于最小门槛2095.0G[0m
[32m2026-05-21 16:59:30[0m | [1mINFO    [0m | [1m主流程规则分桶跳过: bucket=general:甘肃农业大学27个土壤宏基因组测序分析技术服务（委托）合同|Z|DNA小片段文库|NA|NORMAL, count=47, reason=总量103.4G低于最小门槛2095.0G[0m
[32m2026-05-21 16:59:30[0m | [1mINFO    [0m | [1m主流程规则分桶跳过: bucket=general:400个真菌重测执行9月份送样分析技术服务（委托）合同|Z|DNA小片段文库|NA|NORMAL, count=101, reason=总量100.8G低于最小门槛2095.0G[0m
[32m2026-05-21 16:59:30[0m | [1mINFO    [0m | [1m主流程规则分桶跳过: bucket=general:新疆农业大学27个样本宏基因组测序分析技术服务（委托）合同|Z|DNA小片段文库|NA|NORMAL, count=20, reason=总量95.6G低于最小门槛2095.0G[0m
[32m2026-05-21 16:59:30[0m | [1mINFO    [0m | [1m主流程规则分桶跳过: bucket=general:WGSWES测序分析技术服务（委托）合同|Z|DNA小片段文库|NA|NORMAL, count=9, reason=总量81.0G低于最小门槛2095.0G[0m
[32m2026-05-21 16:59:30[0m | [1mINFO    [0m | [1m主流程规则分桶跳过: bucket=general:吉林大学和平校区24个META+24个非靶测试分析技术服务（委托）合同|Z|DNA小片段文库|NA|NORMAL, count=7, reason=总量31.7G低于最小门槛2095.0G[0m
[32m2026-05-21 16:59:30[0m | [1mINFO    [0m | [1m主流程规则分桶跳过: bucket=general:海南大学100例6G-DNA建库测序-YY分析技术服务（委托）合同|Z|DNA小片段文库|NA|NORMAL, count=5, reason=总量30.0G低于最小门槛2095.0G[0m
[32m2026-05-21 16:59:30[0m | [1mINFO    [0m | [1m主流程规则分桶跳过: bucket=general:菲沙25年转录组框架分析技术服务（委托）合同|Z|VIP-真核普通转录组文库|NA|NORMAL, count=5, reason=总量17.3G低于最小门槛2095.0G[0m
[32m2026-05-21 16:59:30[0m | [1mINFO    [0m | [1m主流程规则分桶跳过: bucket=general:鹤壁市疾病预防控制中心9例单菌测序技术服务（委托）合同|Z|DNA小片段文库|NA|NORMAL, count=20, reason=总量16.0G低于最小门槛2095.0G[0m
[32m2026-05-21 16:59:30[0m | [1mINFO    [0m | [1m主流程规则分桶跳过: bucket=general:25-宏基因组测序分析技术服务（委托）合同|Z|DNA小片段文库|NA|NORMAL, count=4, reason=总量10.3G低于最小门槛2095.0G[0m
[32m2026-05-21 16:59:30[0m | [1mINFO    [0m | [1m主流程规则分桶跳过: bucket=general:农大重测CALL SNP分析技术服务（委托）合同|Z|DNA小片段文库|NA|NORMAL, count=1, reason=总量6.8G低于最小门槛2095.0G[0m
[32m2026-05-21 16:59:30[0m | [1mINFO    [0m | [1m主流程规则分桶跳过: bucket=general:福建农林大学3例样本细菌框架图测序分析技术服务（委托）合同|Z|DNA小片段文库|NA|NORMAL, count=4, reason=总量3.2G低于最小门槛2095.0G[0m
[32m2026-05-21 16:59:30[0m | [1mINFO    [0m | [1m主流程规则分桶跳过: bucket=general:华农酵母BSA测序分析技术服务（委托）合同|Z|DNA小片段文库|NA|NORMAL, count=1, reason=总量2.0G低于最小门槛2095.0G[0m
[32m2026-05-21 16:59:30[0m | [1mINFO    [0m | [1m主流程规则分桶跳过: bucket=general:邯郸市疾控中心34例细菌框架图分析技术服务（委托）合同|Z|DNA小片段文库|NA|NORMAL, count=2, reason=总量1.6G低于最小门槛2095.0G[0m
[32m2026-05-21 16:59:30[0m | [1mINFO    [0m | [1m主流程规则分桶跳过: bucket=general:八一农大LC-MS+GC-MS+框架图分析技术服务（委托）合同|Z|DNA小片段文库|NA|NORMAL, count=1, reason=总量1.0G低于最小门槛2095.0G[0m
[32m2026-05-21 16:59:30[0m | [1mINFO    [0m | [1m主流程规则分桶预调度完成: 分桶=35，桶后尾货=436个/12503.8G[0m
[32m2026-05-21 16:59:30[0m | [1mINFO    [0m | [1m主流程尾货统一补排启动: count=436, data=12503.8G[0m
[32m2026-05-21 16:59:30[0m | [1mINFO    [0m | [1m开始逐Lane贪心排机 - 文库数: 436[0m
[32m2026-05-21 16:59:30[0m | [1mINFO    [0m | [1m预拆分完成: 使用外层已拆分文库[0m
[32m2026-05-21 16:59:30[0m | [1mINFO    [0m | [1m使用外部传入的全局分析报告（全量文库），跳过内部分析[0m
[32m2026-05-21 16:59:30[0m | [1mINFO    [0m | [1m处理机器类型 NovaSeq X Plus - 文库数: 3 - Lane容量: 1100GB, 利用率区间: [100%, 100%], 特殊文库上限: 350GB[0m
[32m2026-05-21 16:59:30[0m | [1mINFO    [0m | [1m碱基不均衡专用Lane策略: 3个碱基不均衡文库[0m
[32m2026-05-21 16:59:30[0m | [1mINFO    [0m | [1m专用Lane分组G4剩余合同量180.0G无法满足1.1或3.6T-NEW有效容量下限[0m
[32m2026-05-21 16:59:30[0m | [1mINFO    [0m | [1m形成0条专用Lane，剩余3个碱基不均衡文库[0m
[32m2026-05-21 16:59:30[0m | [33m[1mWARNING [0m | [33m[1m剩余 3 个文库无法分配（全部有约束冲突）[0m
[32m2026-05-21 16:59:30[0m | [1mINFO    [0m | [1m剩余池总量180.0GB不足最小成Lane门槛1995.0GB，跳过后续随机重试[0m
[32m2026-05-21 16:59:30[0m | [1mINFO    [0m | [1m专用Lane分组G4剩余合同量180.0G无法满足1.1或3.6T-NEW有效容量下限[0m
[32m2026-05-21 16:59:30[0m | [1mINFO    [0m | [1m专用Lane创建完成: 0条Lane, 3个碱基不均衡文库待分配, 0个中性文库待分配[0m
[32m2026-05-21 16:59:30[0m | [1mINFO    [0m | [1m处理机器类型 Nova X-25B - 文库数: 433 - Lane容量: 1050.0GB, 利用率区间: [100%, 100%], 特殊文库上限: 350GB[0m
[32m2026-05-21 16:59:30[0m | [1mINFO    [0m | [1m碱基不均衡专用Lane策略: 11个碱基不均衡文库[0m
[32m2026-05-21 16:59:30[0m | [1mINFO    [0m | [1m专用Lane分组G26剩余合同量7.0G无法满足1.1或3.6T-NEW有效容量下限[0m
[32m2026-05-21 16:59:30[0m | [1mINFO    [0m | [1m专用Lane分组G16剩余合同量12.0G无法满足1.1或3.6T-NEW有效容量下限[0m
[32m2026-05-21 16:59:30[0m | [1mINFO    [0m | [1m形成0条专用Lane，剩余11个碱基不均衡文库[0m
[32m2026-05-21 16:59:30[0m | [1mINFO    [0m | [1m第二轮排机: 433 个未分配文库（随机顺序）[0m
[32m2026-05-21 16:59:30[0m | [1mINFO    [0m | [1m第三轮排机: 433 个未分配文库（小文库优先）[0m
[32m2026-05-21 16:59:31[0m | [1mINFO    [0m | [1m连续5轮无新Lane且未分配池不变，提前结束无效重试[0m
[32m2026-05-21 16:59:31[0m | [1mINFO    [0m | [1m专用Lane分组G26剩余合同量7.0G无法满足1.1或3.6T-NEW有效容量下限[0m
[32m2026-05-21 16:59:31[0m | [1mINFO    [0m | [1m专用Lane分组G16剩余合同量12.0G无法满足1.1或3.6T-NEW有效容量下限[0m
[32m2026-05-21 16:59:31[0m | [1mINFO    [0m | [1m专用Lane创建完成: 0条Lane, 11个碱基不均衡文库待分配, 422个中性文库待分配[0m
[32m2026-05-21 16:59:31[0m | [1mINFO    [0m | [1m逐Lane贪心排机完成 - Lane数: 0, 已分配: 0/436, 未分配: 436, 平均利用率: 0.0%, 耗时: 1.79秒[0m
[32m2026-05-21 16:59:31[0m | [1mINFO    [0m | [1mIndex校验器初始化完成（真实数据验证版本）[0m
[32m2026-05-21 16:59:31[0m | [1mINFO    [0m | [1m成Lane校验程序初始化完成 (严格模式: False, 碱基不均衡上限: 35%, 特殊文库关键词: 9个)[0m
[32m2026-05-21 16:59:31[0m | [1mINFO    [0m | [1m最终验证结果: 0条Lane通过，436个文库未分配[0m
[32m2026-05-21 16:59:32[0m | [1mINFO    [0m | [1mwkspecialsplits边排边检查完成: 无需调整[0m
[32m2026-05-21 16:59:32[0m | [1mINFO    [0m | [1m验证完成：1条Lane通过验证[0m
[32m2026-05-21 16:59:32[0m | [1mINFO    [0m | [1m57规则二次改排救援已关闭，失败Lane文库回收到未分配池[0m
[32m2026-05-21 16:59:32[0m | [1mINFO    [0m | [1m补Lane尝试: variant=general:2025年深圳微科盟NGS测序分析技术服务（委托）合同|Z|DNA小片段文库|NA|NORMAL, lane_prefix=EX, pool_size=17, pool_data=6130.000G, prioritize_scattered_mix=True[0m
[32m2026-05-21 16:59:32[0m | [1mINFO    [0m | [1m补Lane尝试: variant=full_priority, lane_prefix=EX, pool_size=436, pool_data=12503.842G, prioritize_scattered_mix=True[0m
[32m2026-05-21 16:59:32[0m | [1mINFO    [0m | [1m补Lane尝试: variant=non_clinical_relaxed, lane_prefix=EX, pool_size=436, pool_data=12503.842G, prioritize_scattered_mix=False[0m
[32m2026-05-21 16:59:32[0m | [1mINFO    [0m | [1m补Lane尝试: variant=general:2025年深圳微科盟NGS测序分析技术服务（委托）合同|Z|DNA小片段文库|NA|NORMAL, lane_prefix=EX, pool_size=14, pool_data=4880.000G, prioritize_scattered_mix=True[0m
[32m2026-05-21 16:59:32[0m | [1mINFO    [0m | [1m补Lane尝试: variant=full_priority, lane_prefix=EX, pool_size=314, pool_data=10271.992G, prioritize_scattered_mix=True[0m
[32m2026-05-21 16:59:32[0m | [1mINFO    [0m | [1m补Lane尝试: variant=non_clinical_relaxed, lane_prefix=EX, pool_size=314, pool_data=10271.992G, prioritize_scattered_mix=False[0m
[32m2026-05-21 16:59:32[0m | [1mINFO    [0m | [1mLane数量提升新增Lane数: 2[0m
[32m2026-05-21 16:59:32[0m | [1mINFO    [0m | [1m补Lane尝试: variant=general:2025年深圳微科盟NGS测序分析技术服务（委托）合同|Z|DNA小片段文库|NA|NORMAL, lane_prefix=RB, pool_size=11, pool_data=4410.000G, prioritize_scattered_mix=True[0m
[32m2026-05-21 16:59:32[0m | [1mINFO    [0m | [1m补Lane尝试: variant=full_priority, lane_prefix=RB, pool_size=215, pool_data=8044.600G, prioritize_scattered_mix=True[0m
[32m2026-05-21 16:59:32[0m | [1mINFO    [0m | [1m补Lane尝试: variant=non_clinical_relaxed, lane_prefix=RB, pool_size=215, pool_data=8044.600G, prioritize_scattered_mix=False[0m
[32m2026-05-21 16:59:32[0m | [1mINFO    [0m | [1m跨Lane多文库交换完成：新增1条，剩余未分配159个[0m
[32m2026-05-21 16:59:32[0m | [1mINFO    [0m | [1m补Lane尝试: variant=general:2025年深圳微科盟NGS测序分析技术服务（委托）合同|Z|DNA小片段文库|NA|NORMAL, lane_prefix=MG, pool_size=8, pool_data=3060.000G, prioritize_scattered_mix=True[0m
[32m2026-05-21 16:59:32[0m | [1mINFO    [0m | [1m补Lane尝试: variant=non_clinical_relaxed, lane_prefix=MG, pool_size=8, pool_data=3060.000G, prioritize_scattered_mix=False[0m
[32m2026-05-21 16:59:32[0m | [1mINFO    [0m | [1m补Lane尝试跳过: lane_prefix=MG, pool_size=2, pool_data=900.000G不足最小门槛2095.000G[0m
[32m2026-05-21 16:59:33[0m | [1mINFO    [0m | [1m补Lane尝试: variant=full_priority, lane_prefix=RM, pool_size=153, pool_data=3649.052G, prioritize_scattered_mix=True[0m
[32m2026-05-21 16:59:33[0m | [1mINFO    [0m | [1m补Lane尝试: variant=non_clinical_relaxed, lane_prefix=RM, pool_size=153, pool_data=3649.052G, prioritize_scattered_mix=False[0m
[32m2026-05-21 16:59:33[0m | [1mINFO    [0m | [1m补Lane尝试跳过: lane_prefix=RM, pool_size=54, pool_data=1458.218G不足最小门槛2095.000G[0m
[32m2026-05-21 16:59:33[0m | [1mINFO    [0m | [1m补Lane尝试跳过: lane_prefix=GL, pool_size=54, pool_data=1458.218G不足最小门槛2095.000G[0m
[32m2026-05-21 16:59:33[0m | [1mINFO    [0m | [1m剩余库分层重组搜索完成: 新增Lane=2 (大簇专项=1, 高约束专项=0, 专lane=0, 混排lane=1, 普通lane=0), 跳过拆分文库=0, 剩余未分配=54[0m
[32m2026-05-21 16:59:33[0m | [1mINFO    [0m | [1m脚本内置 Pooling 预测已停用，后续统一调用 prediction_delivery[0m
[32m2026-05-21 16:59:33[0m | [33m[1mWARNING [0m | [33m[1mLane EX_Nova X-25B_003 利用率异常: 228.91% (数据量=2231.85GB, 容量=975.00GB)[0m
[32m2026-05-21 16:59:33[0m | [33m[1mWARNING [0m | [33m[1mLane EX_Nova X-25B_006 利用率异常: 228.45% (数据量=2227.39GB, 容量=975.00GB)[0m
[32m2026-05-21 16:59:33[0m | [33m[1mWARNING [0m | [33m[1mLane RB_Nova X-25B_003 利用率异常: 229.29% (数据量=2235.55GB, 容量=975.00GB)[0m
[32m2026-05-21 16:59:33[0m | [33m[1mWARNING [0m | [33m[1mLane MG_Nova X-25B_001 利用率异常: 221.54% (数据量=2160.00GB, 容量=975.00GB)[0m
[32m2026-05-21 16:59:33[0m | [33m[1mWARNING [0m | [33m[1mLane RM_Nova X-25B_001 利用率异常: 224.70% (数据量=2190.83GB, 容量=975.00GB)[0m
[32m2026-05-21 16:59:33[0m | [1mINFO    [0m | [1m1.1首轮Lane加测/混合封顶生效: lane=GL_Nova X-25B_001, 保留150.0G, 回退15个/2103.6G到未分配池 (单Lane上限150.0G)[0m
[32m2026-05-21 16:59:33[0m | [1mINFO    [0m | [1m1.1首轮Lane加测/混合封顶生效: lane=EX_Nova X-25B_003, 保留150.0G, 回退93个/1306.6G到未分配池 (单Lane上限150.0G)[0m
[32m2026-05-21 16:59:33[0m | [1mINFO    [0m | [1m1.1首轮Lane加测/混合封顶生效: lane=EX_Nova X-25B_006, 保留150.0G, 回退75个/1509.6G到未分配池 (单Lane上限150.0G)[0m
[32m2026-05-21 16:59:33[0m | [1mINFO    [0m | [1m1.1首轮Lane加测/混合封顶生效: lane=RB_Nova X-25B_003, 保留149.7G, 回退35个/1938.9G到未分配池 (单Lane上限150.0G)[0m
[32m2026-05-21 16:59:33[0m | [1mINFO    [0m | [1m1.1首轮Lane加测/混合封顶生效: lane=MG_Nova X-25B_001, 保留0.0G, 回退4个/1800.0G到未分配池 (单Lane上限150.0G)[0m
[32m2026-05-21 16:59:33[0m | [1mINFO    [0m | [1m1.1首轮Lane加测/混合封顶生效: lane=RM_Nova X-25B_001, 保留150.0G, 回退76个/1764.6G到未分配池 (单Lane上限150.0G)[0m
[32m2026-05-21 16:59:33[0m | [1mINFO    [0m | [1m1.1首轮单Lane加测/混合封顶完成: 调整Lane=6, 回退文库=298个/10423.2G[0m
[32m2026-05-21 16:59:33[0m | [1mINFO    [0m | [1mIndex校验器初始化完成（真实数据验证版本）[0m
[32m2026-05-21 16:59:33[0m | [1mINFO    [0m | [1m成Lane校验程序初始化完成 (严格模式: True, 碱基不均衡上限: 35%, 特殊文库关键词: 9个)[0m
[32m2026-05-21 16:59:33[0m | [1mINFO    [0m | [1m1.1首轮二次补排启动: 首轮剩余文库=352个[0m
[32m2026-05-21 16:59:33[0m | [1mINFO    [0m | [1m1.1首轮二次补排策略: expensive_rescue=True, peak_window_mixed=True, post_fill_optimization=True, rule_bucket_prescheduling=True[0m
[32m2026-05-21 16:59:33[0m | [1mINFO    [0m | [1m
================================================================================[0m
[32m2026-05-21 16:59:33[0m | [1mINFO    [0m | [1m排机流程：纯规则排机[0m
[32m2026-05-21 16:59:33[0m | [1mINFO    [0m | [1m================================================================================[0m
[32m2026-05-21 16:59:33[0m | [1mINFO    [0m | [1mIndex校验器初始化完成（真实数据验证版本）[0m
[32m2026-05-21 16:59:33[0m | [1mINFO    [0m | [1mIndex校验器初始化完成（真实数据验证版本）[0m
[32m2026-05-21 16:59:33[0m | [1mINFO    [0m | [1m成Lane校验程序初始化完成 (严格模式: True, 碱基不均衡上限: 35%, 特殊文库关键词: 9个)[0m
[32m2026-05-21 16:59:33[0m | [33m[1mWARNING [0m | [33m[1mPooling配置表不存在: /data/work/yuyongpeng/liblane_v2_deepseek/data/wktype_pooling_config.xlsx，将使用默认策略[0m
[32m2026-05-21 16:59:33[0m | [1mINFO    [0m | [1m产出效率修正表不存在: /data/work/yuyongpeng/liblane_v2_deepseek/data/production_efficiency_correction.csv，跳过后校准[0m
[32m2026-05-21 16:59:33[0m | [33m[1mWARNING [0m | [33m[1m模型文件不存在: models/loutput_pre_lane_v5/lightgbm_model.pkl[0m
[32m2026-05-21 16:59:33[0m | [33m[1mWARNING [0m | [33m[1mloutput预测器不可用，将使用规则降级策略[0m
[32m2026-05-21 16:59:33[0m | [1mINFO    [0m | [1m逐Lane贪心排机器初始化完成 - 基础容量: 985.0GB, 利用率区间: [100%, 100%], 配置模式: 按机型自动[0m
[32m2026-05-21 16:59:33[0m | [1mINFO    [0m | [1m启用检查: Index=True, 碱基不均衡=True, 规则检查器=False[0m
[32m2026-05-21 16:59:33[0m | [1mINFO    [0m | [1m排机阶段：Pooling优化器已禁用（V6流程不需要）[0m
[32m2026-05-21 16:59:33[0m | [1mINFO    [0m | [1mIndex校验器初始化完成（真实数据验证版本）[0m
[32m2026-05-21 16:59:33[0m | [1mINFO    [0m | [1m成Lane校验程序初始化完成 (严格模式: True, 碱基不均衡上限: 35%, 特殊文库关键词: 9个)[0m
[32m2026-05-21 16:59:33[0m | [1mINFO    [0m | [1m严格校验容量区间改为按统一配置表动态解析[0m
[32m2026-05-21 16:59:33[0m | [1mINFO    [0m | [1m主流程前置拆分完成: 无需拆分[0m
[32m2026-05-21 16:59:33[0m | [1mINFO    [0m | [1m混排Peak窗口: 430-548bp, 345个文库/11659G, 理论最多5条Lane[0m
[32m2026-05-21 16:59:33[0m | [1mINFO    [0m | [1m混排Lane预抽取完成: 新增Lane=0，使用文库=0个/0.0G，剩余待排=352个/11881.5G[0m
[32m2026-05-21 16:59:33[0m | [1mINFO    [0m | [1m主流程规则分桶跳过: bucket=manual_or_risk:2025四季度自建库散样测序技术服务（委托）合同|S|客户-人重测序文库|NA|SCATTERED+MANUAL_RISK, count=4, reason=总量210.0G低于最小门槛2095.0G[0m
[32m2026-05-21 16:59:33[0m | [1mINFO    [0m | [1m主流程规则分桶跳过: bucket=manual_or_risk:TJ-US-UT AUSTIN-36-MICROBIAL-PCR PRODUCT WGS XPLUS-25B-6GB-WOBI-NVUS2024071605|S|PCR-FREE (PCR产物单建)|NA|MANUAL_RISK+IMBALANCE, count=2, reason=总量12.0G低于最小门槛2095.0G[0m
[32m2026-05-21 16:59:33[0m | [1mINFO    [0m | [1m主流程规则分桶跳过: bucket=manual_or_risk:凌恩-ATAC建库测序分析项目技术服务（委托）合同|S|ATAC-SEQ文库|NA|MANUAL_RISK+IMBALANCE, count=1, reason=总量12.0G低于最小门槛1676.0G[0m
[32m2026-05-21 16:59:33[0m | [1mINFO    [0m | [1m主流程规则分桶跳过: bucket=manual_or_risk:天津医科大学-2个CUT TAG自建库分析技术服务（委托）合同|S|客户-CUT-TAG文库|NA|MANUAL_RISK+IMBALANCE, count=2, reason=总量7.0G低于最小门槛1676.0G[0m
[32m2026-05-21 16:59:33[0m | [1mINFO    [0m | [1m主流程规则分桶跳过: bucket=manual_or_risk:南科大RIBO-SEQ+MRNA+16S分析技术服务（委托）合同|S|RIBO-SEQ文库|NA|MANUAL_RISK+IMBALANCE, count=1, reason=总量5.2G低于最小门槛2095.0G[0m
[32m2026-05-21 16:59:33[0m | [1mINFO    [0m | [1m主流程规则分桶跳过: bucket=ten_x:2508天津擎科10X与C4单细胞转录组技术服务（委托）合同|S|10X转录组-3'文库|NA|TENX+MANUAL_RISK+IMBALANCE, count=1, reason=总量60.0G低于最小门槛1995.0G[0m
[32m2026-05-21 16:59:33[0m | [1mINFO    [0m | [1m主流程规则分桶跳过: bucket=ten_x:中山一院急性脑梗食蟹猴多组学测序技术服务启动说明|S|10X转录组-3'文库|NA|TENX+MANUAL_RISK+IMBALANCE, count=1, reason=总量60.0G低于最小门槛1995.0G[0m
[32m2026-05-21 16:59:33[0m | [1mINFO    [0m | [1m主流程规则分桶跳过: bucket=ten_x:暨大杨伟莉猴脑单核测序分析技术服务（委托）合同|S|10X转录组-3'文库|NA|TENX+MANUAL_RISK+IMBALANCE, count=1, reason=总量60.0G低于最小门槛1995.0G[0m
[32m2026-05-21 16:59:33[0m | [1mINFO    [0m | [1m主流程规则分桶预调度: bucket=general:2025年深圳微科盟NGS测序分析技术服务（委托）合同|Z|DNA小片段文库|NA|NORMAL, count=12, data=5400.0G[0m
[32m2026-05-21 16:59:33[0m | [1mINFO    [0m | [1m开始逐Lane贪心排机 - 文库数: 12[0m
[32m2026-05-21 16:59:33[0m | [1mINFO    [0m | [1m预拆分完成: 使用外层已拆分文库[0m
[32m2026-05-21 16:59:33[0m | [1mINFO    [0m | [1m===== 批次全局分析报告 =====[0m
[32m2026-05-21 16:59:33[0m | [1mINFO    [0m | [1m机器类型: Nova X-25B[0m
[32m2026-05-21 16:59:33[0m | [1mINFO    [0m | [1m文库总数: 12[0m
[32m2026-05-21 16:59:33[0m | [1mINFO    [0m | [1m总数据量: 5400.0 GB[0m
[32m2026-05-21 16:59:33[0m | [1mINFO    [0m | [1m预估Lane数: 3~3[0m
[32m2026-05-21 16:59:33[0m | [1mINFO    [0m | [1m--- 特征标记 ---[0m
[32m2026-05-21 16:59:33[0m | [1mINFO    [0m | [1m  包Lane文库: 无[0m
[32m2026-05-21 16:59:33[0m | [1mINFO    [0m | [1m  碱基不均衡: 无[0m
[32m2026-05-21 16:59:33[0m | [1mINFO    [0m | [1m  客户文库:   无[0m
[32m2026-05-21 16:59:33[0m | [1mINFO    [0m | [1m  10bp文库:   有[0m
[32m2026-05-21 16:59:33[0m | [1mINFO    [0m | [1m  非10bp文库: 无[0m
[32m2026-05-21 16:59:33[0m | [1mINFO    [0m | [1m  特殊组合:   无[0m
[32m2026-05-21 16:59:33[0m | [1mINFO    [0m | [1m--- 分组画像 ---[0m
[32m2026-05-21 16:59:33[0m | [1mINFO    [0m | [1m  [10bp] 10碱基文库: 12个文库, 5400.0GB, 预估3~3条Lane[0m
[32m2026-05-21 16:59:33[0m | [1mINFO    [0m | [1m  [all] 全部文库: 12个文库, 5400.0GB, 预估3~3条Lane[0m
[32m2026-05-21 16:59:33[0m | [1mINFO    [0m | [1m--- 策略建议 ---[0m
[32m2026-05-21 16:59:33[0m | [1mINFO    [0m | [1m  - 数据分布较均匀，可按常规贪心排机流程处理[0m
[32m2026-05-21 16:59:33[0m | [1mINFO    [0m | [1m===== 报告结束 =====[0m
[32m2026-05-21 16:59:33[0m | [1mINFO    [0m | [1m保留外部传入的策略执行计划，仅使用批次分析报告[0m
[32m2026-05-21 16:59:33[0m | [1mINFO    [0m | [1m处理机器类型 Nova X-25B - 文库数: 12 - Lane容量: 1050.0GB, 利用率区间: [100%, 100%], 特殊文库上限: 350GB[0m
[32m2026-05-21 16:59:33[0m | [1mINFO    [0m | [1m剩余池总量900.0GB不足最小成Lane门槛2095.0GB，跳过后续随机重试[0m
[32m2026-05-21 16:59:33[0m | [1mINFO    [0m | [1m最后填充策略: 尝试将2个未分配文库塞入已有Lane[0m
[32m2026-05-21 16:59:33[0m | [1mINFO    [0m | [1m挪移优化: 未分配2个文库(900GB)，需要从现有Lane挪出1195GB[0m
[32m2026-05-21 16:59:33[0m | [33m[1mWARNING [0m | [33m[1m挪移优化: 挪出数据量0GB不足，放弃挪移[0m
[32m2026-05-21 16:59:33[0m | [1mINFO    [0m | [1m逐Lane贪心排机完成 - Lane数: 2, 已分配: 10/12, 未分配: 2, 平均利用率: 103.4%, 耗时: 0.01秒[0m
[32m2026-05-21 16:59:33[0m | [1mINFO    [0m | [1mIndex校验器初始化完成（真实数据验证版本）[0m
[32m2026-05-21 16:59:33[0m | [1mINFO    [0m | [1m成Lane校验程序初始化完成 (严格模式: False, 碱基不均衡上限: 35%, 特殊文库关键词: 9个)[0m
[32m2026-05-21 16:59:33[0m | [1mINFO    [0m | [1m最终验证结果: 2条Lane通过，2个文库未分配[0m
[32m2026-05-21 16:59:33[0m | [1mINFO    [0m | [1m主流程规则分桶预调度: bucket=general:66个宏基因组测序分析技术服务（委托）合同-LL|Z|DNA小片段文库|NA|NORMAL, count=53, data=3080.0G[0m
[32m2026-05-21 16:59:33[0m | [1mINFO    [0m | [1m开始逐Lane贪心排机 - 文库数: 53[0m
[32m2026-05-21 16:59:33[0m | [1mINFO    [0m | [1m预拆分完成: 使用外层已拆分文库[0m
[32m2026-05-21 16:59:33[0m | [1mINFO    [0m | [1m使用外部传入的全局分析报告（全量文库），跳过内部分析[0m
[32m2026-05-21 16:59:33[0m | [1mINFO    [0m | [1m处理机器类型 Nova X-25B - 文库数: 53 - Lane容量: 1050.0GB, 利用率区间: [100%, 100%], 特殊文库上限: 350GB[0m
[32m2026-05-21 16:59:33[0m | [1mINFO    [0m | [1m剩余池总量880.0GB不足最小成Lane门槛2095.0GB，跳过后续随机重试[0m
[32m2026-05-21 16:59:33[0m | [1mINFO    [0m | [1m最后填充策略: 尝试将38个未分配文库塞入已有Lane[0m
[32m2026-05-21 16:59:33[0m | [1mINFO    [0m | [1m最后填充策略: 成功塞入19个文库，踢出0个违反规则的文库，剩余19个无法分配[0m
[32m2026-05-21 16:59:33[0m | [1mINFO    [0m | [1m挪移优化: 未分配19个文库(825GB)，需要从现有Lane挪出1270GB[0m
[32m2026-05-21 16:59:33[0m | [33m[1mWARNING [0m | [33m[1m挪移优化: 挪出数据量155GB不足，放弃挪移[0m
[32m2026-05-21 16:59:33[0m | [1mINFO    [0m | [1m逐Lane贪心排机完成 - Lane数: 1, 已分配: 34/53, 未分配: 19, 平均利用率: 103.7%, 耗时: 0.12秒[0m
[32m2026-05-21 16:59:33[0m | [1mINFO    [0m | [1mIndex校验器初始化完成（真实数据验证版本）[0m
[32m2026-05-21 16:59:33[0m | [1mINFO    [0m | [1m成Lane校验程序初始化完成 (严格模式: False, 碱基不均衡上限: 35%, 特殊文库关键词: 9个)[0m
[32m2026-05-21 16:59:33[0m | [1mINFO    [0m | [1m最终验证结果: 1条Lane通过，19个文库未分配[0m
[32m2026-05-21 16:59:33[0m | [1mINFO    [0m | [1m主流程规则分桶跳过: bucket=general:500例细菌框架图测序分析到组装技术服务（委托）合同-CLX|Z|DNA小片段文库|NA|NORMAL, count=23, reason=总量1750.0G低于最小门槛2095.0G[0m
[32m2026-05-21 16:59:33[0m | [1mINFO    [0m | [1m主流程规则分桶跳过: bucket=general:微生物（菌体）全基因组建库测序质控技术服务（委托）合同|Z|DNA小片段文库|NA|NORMAL, count=1, reason=总量450.0G低于最小门槛2095.0G[0m
[32m2026-05-21 16:59:33[0m | [1mINFO    [0m | [1m主流程规则分桶跳过: bucket=general:遗传所二代建库测序分析技术服务（委托）合同-Y|Z|DNA小片段文库|NA|NORMAL, count=1, reason=总量240.0G低于最小门槛2095.0G[0m
[32m2026-05-21 16:59:33[0m | [1mINFO    [0m | [1m主流程规则分桶跳过: bucket=general:浙江大学90个转录组建库测序X技术服务（委托）合同|Z|VIP-真核普通转录组文库|NA|NORMAL, count=40, reason=总量130.4G低于最小门槛2095.0G[0m
[32m2026-05-21 16:59:33[0m | [1mINFO    [0m | [1m主流程规则分桶跳过: bucket=general:400个真菌重测执行9月份送样分析技术服务（委托）合同|Z|DNA小片段文库|NA|NORMAL, count=100, reason=总量99.8G低于最小门槛2095.0G[0m
[32m2026-05-21 16:59:33[0m | [1mINFO    [0m | [1m主流程规则分桶跳过: bucket=general:甘肃农业大学27个土壤宏基因组测序分析技术服务（委托）合同|Z|DNA小片段文库|NA|NORMAL, count=45, reason=总量97.9G低于最小门槛2095.0G[0m
[32m2026-05-21 16:59:33[0m | [1mINFO    [0m | [1m主流程规则分桶跳过: bucket=general:新疆农业大学27个样本宏基因组测序分析技术服务（委托）合同|Z|DNA小片段文库|NA|NORMAL, count=17, reason=总量82.2G低于最小门槛2095.0G[0m
[32m2026-05-21 16:59:33[0m | [1mINFO    [0m | [1m主流程规则分桶跳过: bucket=general:WGSWES测序分析技术服务（委托）合同|Z|DNA小片段文库|NA|NORMAL, count=4, reason=总量36.0G低于最小门槛2095.0G[0m
[32m2026-05-21 16:59:33[0m | [1mINFO    [0m | [1m主流程规则分桶跳过: bucket=general:吉林大学和平校区24个META+24个非靶测试分析技术服务（委托）合同|Z|DNA小片段文库|NA|NORMAL, count=7, reason=总量31.7G低于最小门槛2095.0G[0m
[32m2026-05-21 16:59:33[0m | [1mINFO    [0m | [1m主流程规则分桶跳过: bucket=general:鹤壁市疾病预防控制中心9例单菌测序技术服务（委托）合同|Z|DNA小片段文库|NA|NORMAL, count=20, reason=总量16.0G低于最小门槛2095.0G[0m
[32m2026-05-21 16:59:33[0m | [1mINFO    [0m | [1m主流程规则分桶跳过: bucket=general:菲沙25年转录组框架分析技术服务（委托）合同|Z|VIP-真核普通转录组文库|NA|NORMAL, count=4, reason=总量13.4G低于最小门槛2095.0G[0m
[32m2026-05-21 16:59:33[0m | [1mINFO    [0m | [1m主流程规则分桶跳过: bucket=general:25-宏基因组测序分析技术服务（委托）合同|Z|DNA小片段文库|NA|NORMAL, count=4, reason=总量10.3G低于最小门槛2095.0G[0m
[32m2026-05-21 16:59:33[0m | [1mINFO    [0m | [1m主流程规则分桶跳过: bucket=general:农大重测CALL SNP分析技术服务（委托）合同|Z|DNA小片段文库|NA|NORMAL, count=1, reason=总量6.8G低于最小门槛2095.0G[0m
[32m2026-05-21 16:59:33[0m | [1mINFO    [0m | [1m主流程规则分桶跳过: bucket=general:海南大学100例6G-DNA建库测序-YY分析技术服务（委托）合同|Z|DNA小片段文库|NA|NORMAL, count=1, reason=总量6.0G低于最小门槛2095.0G[0m
[32m2026-05-21 16:59:33[0m | [1mINFO    [0m | [1m主流程规则分桶跳过: bucket=general:福建农林大学3例样本细菌框架图测序分析技术服务（委托）合同|Z|DNA小片段文库|NA|NORMAL, count=4, reason=总量3.2G低于最小门槛2095.0G[0m
[32m2026-05-21 16:59:33[0m | [1mINFO    [0m | [1m主流程规则分桶跳过: bucket=general:邯郸市疾控中心34例细菌框架图分析技术服务（委托）合同|Z|DNA小片段文库|NA|NORMAL, count=2, reason=总量1.6G低于最小门槛2095.0G[0m
[32m2026-05-21 16:59:33[0m | [1mINFO    [0m | [1m主流程规则分桶预调度完成: 分桶=26，桶后尾货=308个/5126.8G[0m
[32m2026-05-21 16:59:33[0m | [1mINFO    [0m | [1m主流程尾货统一补排启动: count=308, data=5126.8G[0m
[32m2026-05-21 16:59:33[0m | [1mINFO    [0m | [1m开始逐Lane贪心排机 - 文库数: 308[0m
[32m2026-05-21 16:59:33[0m | [1mINFO    [0m | [1m预拆分完成: 使用外层已拆分文库[0m
[32m2026-05-21 16:59:33[0m | [1mINFO    [0m | [1m使用外部传入的全局分析报告（全量文库），跳过内部分析[0m
[32m2026-05-21 16:59:33[0m | [1mINFO    [0m | [1m处理机器类型 NovaSeq X Plus - 文库数: 3 - Lane容量: 1100GB, 利用率区间: [100%, 100%], 特殊文库上限: 350GB[0m
[32m2026-05-21 16:59:33[0m | [1mINFO    [0m | [1m碱基不均衡专用Lane策略: 3个碱基不均衡文库[0m
[32m2026-05-21 16:59:33[0m | [1mINFO    [0m | [1m专用Lane分组G4剩余合同量180.0G无法满足1.1或3.6T-NEW有效容量下限[0m
[32m2026-05-21 16:59:33[0m | [1mINFO    [0m | [1m形成0条专用Lane，剩余3个碱基不均衡文库[0m
[32m2026-05-21 16:59:33[0m | [33m[1mWARNING [0m | [33m[1m剩余 3 个文库无法分配（全部有约束冲突）[0m
[32m2026-05-21 16:59:33[0m | [1mINFO    [0m | [1m剩余池总量180.0GB不足最小成Lane门槛1995.0GB，跳过后续随机重试[0m
[32m2026-05-21 16:59:33[0m | [1mINFO    [0m | [1m专用Lane分组G4剩余合同量180.0G无法满足1.1或3.6T-NEW有效容量下限[0m
[32m2026-05-21 16:59:33[0m | [1mINFO    [0m | [1m专用Lane创建完成: 0条Lane, 3个碱基不均衡文库待分配, 0个中性文库待分配[0m
[32m2026-05-21 16:59:33[0m | [1mINFO    [0m | [1m处理机器类型 Nova X-25B - 文库数: 305 - Lane容量: 1050.0GB, 利用率区间: [100%, 100%], 特殊文库上限: 350GB[0m
[32m2026-05-21 16:59:33[0m | [1mINFO    [0m | [1m碱基不均衡专用Lane策略: 6个碱基不均衡文库[0m
[32m2026-05-21 16:59:33[0m | [1mINFO    [0m | [1m专用Lane分组G26剩余合同量7.0G无法满足1.1或3.6T-NEW有效容量下限[0m
[32m2026-05-21 16:59:33[0m | [1mINFO    [0m | [1m专用Lane分组G16剩余合同量12.0G无法满足1.1或3.6T-NEW有效容量下限[0m
[32m2026-05-21 16:59:33[0m | [1mINFO    [0m | [1m形成0条专用Lane，剩余6个碱基不均衡文库[0m
[32m2026-05-21 16:59:33[0m | [1mINFO    [0m | [1m第二轮排机: 305 个未分配文库（随机顺序）[0m
[32m2026-05-21 16:59:33[0m | [1mINFO    [0m | [1m第三轮排机: 305 个未分配文库（小文库优先）[0m
[32m2026-05-21 16:59:34[0m | [1mINFO    [0m | [1m连续5轮无新Lane且未分配池不变，提前结束无效重试[0m
[32m2026-05-21 16:59:34[0m | [1mINFO    [0m | [1m专用Lane分组G26剩余合同量7.0G无法满足1.1或3.6T-NEW有效容量下限[0m
[32m2026-05-21 16:59:34[0m | [1mINFO    [0m | [1m专用Lane分组G16剩余合同量12.0G无法满足1.1或3.6T-NEW有效容量下限[0m
[32m2026-05-21 16:59:34[0m | [1mINFO    [0m | [1m专用Lane创建完成: 0条Lane, 6个碱基不均衡文库待分配, 299个中性文库待分配[0m
[32m2026-05-21 16:59:34[0m | [1mINFO    [0m | [1m逐Lane贪心排机完成 - Lane数: 0, 已分配: 0/308, 未分配: 308, 平均利用率: 0.0%, 耗时: 0.48秒[0m
[32m2026-05-21 16:59:34[0m | [1mINFO    [0m | [1mIndex校验器初始化完成（真实数据验证版本）[0m
[32m2026-05-21 16:59:34[0m | [1mINFO    [0m | [1m成Lane校验程序初始化完成 (严格模式: False, 碱基不均衡上限: 35%, 特殊文库关键词: 9个)[0m
[32m2026-05-21 16:59:34[0m | [1mINFO    [0m | [1m最终验证结果: 0条Lane通过，308个文库未分配[0m
[32m2026-05-21 16:59:34[0m | [1mINFO    [0m | [1mwkspecialsplits边排边检查完成: 无需调整[0m
[32m2026-05-21 16:59:34[0m | [1mINFO    [0m | [1m验证完成：3条Lane通过验证[0m
[32m2026-05-21 16:59:34[0m | [1mINFO    [0m | [1m57规则二次改排救援已关闭，失败Lane文库回收到未分配池[0m
[32m2026-05-21 16:59:34[0m | [1mINFO    [0m | [1m补Lane尝试: variant=full_priority, lane_prefix=EX, pool_size=308, pool_data=5126.788G, prioritize_scattered_mix=True[0m
[32m2026-05-21 16:59:34[0m | [1mINFO    [0m | [1m补Lane尝试: variant=non_clinical_relaxed, lane_prefix=EX, pool_size=308, pool_data=5126.788G, prioritize_scattered_mix=False[0m
[32m2026-05-21 16:59:34[0m | [1mINFO    [0m | [1m补Lane尝试: variant=full_priority, lane_prefix=EX, pool_size=137, pool_data=2926.588G, prioritize_scattered_mix=True[0m
[32m2026-05-21 16:59:34[0m | [1mINFO    [0m | [1m补Lane尝试: variant=non_clinical_relaxed, lane_prefix=EX, pool_size=137, pool_data=2926.588G, prioritize_scattered_mix=False[0m
[32m2026-05-21 16:59:36[0m | [1mINFO    [0m | [1mLane数量提升新增Lane数: 2[0m
[32m2026-05-21 16:59:36[0m | [1mINFO    [0m | [1m补Lane尝试跳过: lane_prefix=RB, pool_size=44, pool_data=815.628G不足最小门槛2095.000G[0m
[32m2026-05-21 16:59:36[0m | [1mINFO    [0m | [1m跨Lane多文库交换停止: machine_type=Nova X-25B, 当前池首次构Lane失败，跳过同池重复尝试[0m
[32m2026-05-21 16:59:36[0m | [1mINFO    [0m | [1m跨Lane多文库交换未新增Lane，剩余未分配44个[0m
[32m2026-05-21 16:59:36[0m | [1mINFO    [0m | [1m补Lane尝试跳过: lane_prefix=RM, pool_size=44, pool_data=815.628G不足最小门槛2095.000G[0m
[32m2026-05-21 16:59:36[0m | [1mINFO    [0m | [1m补Lane尝试跳过: lane_prefix=GL, pool_size=44, pool_data=815.628G不足最小门槛2095.000G[0m
[32m2026-05-21 16:59:36[0m | [1mINFO    [0m | [1m剩余库分层重组搜索未新增Lane: 跳过拆分文库=0, 剩余未分配=44[0m
[32m2026-05-21 16:59:36[0m | [33m[1mWARNING [0m | [33m[1m检测到重复Lane ID，已自动重命名: GL_Nova X-25B_001 -> GL_Nova X-25B_003[0m
[32m2026-05-21 16:59:36[0m | [33m[1mWARNING [0m | [33m[1m最终收口发现重复Lane ID并已重命名: 1条[0m
[32m2026-05-21 16:59:36[0m | [1mINFO    [0m | [1m脚本内置 Pooling 预测已停用，后续统一调用 prediction_delivery[0m
[32m2026-05-21 16:59:36[0m | [33m[1mWARNING [0m | [33m[1mLane EX_Nova X-25B_008 利用率异常: 225.01% (数据量=2193.80GB, 容量=975.00GB)[0m
[32m2026-05-21 16:59:36[0m | [33m[1mWARNING [0m | [33m[1mLane EX_Nova X-25B_010 利用率异常: 219.38% (数据量=2138.95GB, 容量=975.00GB)[0m
[32m2026-05-21 16:59:36[0m | [1mINFO    [0m | [1m1.1首轮Lane加测/混合封顶生效: lane=GL_Nova X-25B_001, 保留0.0G, 回退5个/2250.0G到未分配池 (单Lane上限150.0G)[0m
[32m2026-05-21 16:59:36[0m | [1mINFO    [0m | [1m1.1首轮Lane加测/混合封顶生效: lane=GL_Nova X-25B_002, 保留0.0G, 回退5个/2250.0G到未分配池 (单Lane上限150.0G)[0m
[32m2026-05-21 16:59:36[0m | [1mINFO    [0m | [1m1.1首轮Lane加测/混合封顶生效: lane=GL_Nova X-25B_003, 保留150.0G, 回退25个/2083.1G到未分配池 (单Lane上限150.0G)[0m
[32m2026-05-21 16:59:36[0m | [1mINFO    [0m | [1m1.1首轮Lane加测/混合封顶生效: lane=EX_Nova X-25B_008, 保留150.0G, 回退151个/1817.8G到未分配池 (单Lane上限150.0G)[0m
[32m2026-05-21 16:59:36[0m | [1mINFO    [0m | [1m1.1首轮Lane加测/混合封顶生效: lane=EX_Nova X-25B_010, 保留149.9G, 回退98个/1725.0G到未分配池 (单Lane上限150.0G)[0m
[32m2026-05-21 16:59:36[0m | [1mINFO    [0m | [1m1.1首轮加测/混合封顶后移除空Lane: 2条[0m
[32m2026-05-21 16:59:36[0m | [1mINFO    [0m | [1m1.1首轮二次补排单Lane加测/混合封顶完成: 调整Lane=5, 回退文库=284个/10125.9G[0m
[32m2026-05-21 16:59:36[0m | [1mINFO    [0m | [1mIndex校验器初始化完成（真实数据验证版本）[0m
[32m2026-05-21 16:59:36[0m | [1mINFO    [0m | [1m成Lane校验程序初始化完成 (严格模式: True, 碱基不均衡上限: 35%, 特殊文库关键词: 9个)[0m
[32m2026-05-21 16:59:36[0m | [1mINFO    [0m | [1m1.1首轮二次补排完成: 新增Lane=3, 剩余文库=328[0m
[32m2026-05-21 16:59:36[0m | [1mINFO    [0m | [1m1.1首轮剩余中328个<=500G未拆分原始文库继续保留给1.1尾货抽取，不进入普通3.6T候选池[0m
[32m2026-05-21 16:59:36[0m | [1mINFO    [0m | [1m步骤1.5-3候选池接收1.1剩余可进3.6T文库0个，继续进入3.6T-NEW[0m
[32m2026-05-21 16:59:36[0m | [1mINFO    [0m | [1m1.1首轮排机完成: 生成9条Lane[0m
[32m2026-05-21 16:59:36[0m | [1mINFO    [0m | [1m步骤1.5后追加<=500G未拆分原始文库到尾货1.1池: 328个[0m
[32m2026-05-21 16:59:36[0m | [1mINFO    [0m | [1m1.1首轮排机阶段完成: 3.6T-NEW后续候选池=340个文库, 1.1 Lane=9条[0m
[32m2026-05-21 16:59:36[0m | [1mINFO    [0m | [1mIndex校验器初始化完成（真实数据验证版本）[0m
[32m2026-05-21 16:59:36[0m | [1mINFO    [0m | [1m成Lane校验程序初始化完成 (严格模式: True, 碱基不均衡上限: 35%, 特殊文库关键词: 9个)[0m
[32m2026-05-21 16:59:36[0m | [1mINFO    [0m | [1m补Lane尝试: variant=general:2025年深圳微科盟NGS测序分析技术服务（委托）合同|Z|DNA小片段文库|NA|NORMAL, lane_prefix=GL, pool_size=12, pool_data=5400.000G, prioritize_scattered_mix=True[0m
[32m2026-05-21 16:59:36[0m | [1mINFO    [0m | [1m补Lane尝试: variant=full_priority, lane_prefix=GL, pool_size=27, pool_data=8250.000G, prioritize_scattered_mix=True[0m
[32m2026-05-21 16:59:36[0m | [1mINFO    [0m | [1m补Lane尝试: variant=non_clinical_relaxed, lane_prefix=GL, pool_size=27, pool_data=8250.000G, prioritize_scattered_mix=False[0m
[32m2026-05-21 16:59:36[0m | [1mINFO    [0m | [1m补Lane尝试: variant=general:2025年深圳微科盟NGS测序分析技术服务（委托）合同|Z|DNA小片段文库|NA|NORMAL, lane_prefix=GL, pool_size=9, pool_data=4050.000G, prioritize_scattered_mix=True[0m
[32m2026-05-21 16:59:36[0m | [1mINFO    [0m | [1m补Lane尝试: variant=full_priority, lane_prefix=GL, pool_size=18, pool_data=6000.000G, prioritize_scattered_mix=True[0m
[32m2026-05-21 16:59:36[0m | [1mINFO    [0m | [1m补Lane尝试: variant=non_clinical_relaxed, lane_prefix=GL, pool_size=18, pool_data=6000.000G, prioritize_scattered_mix=False[0m
[32m2026-05-21 16:59:36[0m | [1mINFO    [0m | [1m补Lane尝试: variant=general:2025年深圳微科盟NGS测序分析技术服务（委托）合同|Z|DNA小片段文库|NA|NORMAL, lane_prefix=GL, pool_size=7, pool_data=3150.000G, prioritize_scattered_mix=True[0m
[32m2026-05-21 16:59:36[0m | [1mINFO    [0m | [1m补Lane尝试: variant=full_priority, lane_prefix=GL, pool_size=9, pool_data=3750.000G, prioritize_scattered_mix=True[0m
[32m2026-05-21 16:59:36[0m | [1mINFO    [0m | [1m补Lane尝试: variant=non_clinical_relaxed, lane_prefix=GL, pool_size=9, pool_data=3750.000G, prioritize_scattered_mix=False[0m
[32m2026-05-21 16:59:37[0m | [1mINFO    [0m | [1m1.1首轮Lane加测/混合封顶生效: lane=GL_Nova X-25B_001, 保留150.0G, 回退8个/2100.0G到未分配池 (单Lane上限150.0G)[0m
[32m2026-05-21 16:59:37[0m | [1mINFO    [0m | [1m1.1首轮Lane加测/混合封顶生效: lane=GL_Nova X-25B_002, 保留150.0G, 回退8个/2100.0G到未分配池 (单Lane上限150.0G)[0m
[32m2026-05-21 16:59:37[0m | [1mINFO    [0m | [1m1.1首轮Lane加测/混合封顶生效: lane=GL_Nova X-25B_003, 保留0.0G, 回退5个/2250.0G到未分配池 (单Lane上限150.0G)[0m
[32m2026-05-21 16:59:37[0m | [1mINFO    [0m | [1m1.1首轮加测/混合封顶后移除空Lane: 1条[0m
[32m2026-05-21 16:59:37[0m | [1mINFO    [0m | [1m小拆分原始文库1.1 regroup单Lane加测/混合封顶完成: 调整Lane=3, 回退文库=21个/6450.0G[0m
[32m2026-05-21 16:59:37[0m | [1mINFO    [0m | [1m小拆分原始文库1.1 regroup完成: 仅原始未拆分且<=500G参与，新增Lane=2, 消耗文库=2, 剩余3.6候选=338[0m
[32m2026-05-21 16:59:37[0m | [1mINFO    [0m | [1m
================================================================================[0m
[32m2026-05-21 16:59:37[0m | [1mINFO    [0m | [1m步骤1.6: 尾货1.1专Lane与普通Lane二次抽取[0m
[32m2026-05-21 16:59:37[0m | [1mINFO    [0m | [1m================================================================================[0m
[32m2026-05-21 16:59:37[0m | [1mINFO    [0m | [1mIndex校验器初始化完成（真实数据验证版本）[0m
[32m2026-05-21 16:59:37[0m | [1mINFO    [0m | [1mIndex校验器初始化完成（真实数据验证版本）[0m
[32m2026-05-21 16:59:37[0m | [1mINFO    [0m | [1m成Lane校验程序初始化完成 (严格模式: True, 碱基不均衡上限: 35%, 特殊文库关键词: 9个)[0m
[32m2026-05-21 16:59:37[0m | [33m[1mWARNING [0m | [33m[1mPooling配置表不存在: /data/work/yuyongpeng/liblane_v2_deepseek/data/wktype_pooling_config.xlsx，将使用默认策略[0m
[32m2026-05-21 16:59:37[0m | [1mINFO    [0m | [1m产出效率修正表不存在: /data/work/yuyongpeng/liblane_v2_deepseek/data/production_efficiency_correction.csv，跳过后校准[0m
[32m2026-05-21 16:59:37[0m | [33m[1mWARNING [0m | [33m[1m模型文件不存在: models/loutput_pre_lane_v5/lightgbm_model.pkl[0m
[32m2026-05-21 16:59:37[0m | [33m[1mWARNING [0m | [33m[1mloutput预测器不可用，将使用规则降级策略[0m
[32m2026-05-21 16:59:37[0m | [1mINFO    [0m | [1m逐Lane贪心排机器初始化完成 - 基础容量: 985.0GB, 利用率区间: [100%, 100%], 配置模式: 按机型自动[0m
[32m2026-05-21 16:59:37[0m | [1mINFO    [0m | [1m启用检查: Index=True, 碱基不均衡=True, 规则检查器=False[0m
[32m2026-05-21 16:59:37[0m | [1mINFO    [0m | [1m专用Lane分组G26剩余合同量7.0G无法满足1.1或3.6T-NEW有效容量下限[0m
[32m2026-05-21 16:59:37[0m | [1mINFO    [0m | [1m专用Lane分组G4剩余合同量180.0G无法满足1.1或3.6T-NEW有效容量下限[0m
[32m2026-05-21 16:59:37[0m | [1mINFO    [0m | [1m专用Lane分组G16剩余合同量12.0G无法满足1.1或3.6T-NEW有效容量下限[0m
[32m2026-05-21 16:59:37[0m | [1mINFO    [0m | [1m尾货1.1碱基不均衡专Lane二次抽取未形成新Lane[0m
[32m2026-05-21 16:59:37[0m | [1mINFO    [0m | [1mIndex校验器初始化完成（真实数据验证版本）[0m
[32m2026-05-21 16:59:37[0m | [1mINFO    [0m | [1m成Lane校验程序初始化完成 (严格模式: True, 碱基不均衡上限: 35%, 特殊文库关键词: 9个)[0m
[32m2026-05-21 16:59:37[0m | [1mINFO    [0m | [1m补Lane尝试: variant=general:66个宏基因组测序分析技术服务（委托）合同-LL|Z|DNA小片段文库|NA|NORMAL, lane_prefix=GL, pool_size=50, pool_data=2630.020G, prioritize_scattered_mix=True[0m
[32m2026-05-21 16:59:37[0m | [1mINFO    [0m | [1m补Lane尝试: variant=general:66个宏基因组测序分析技术服务（委托）合同-LL|Z|DNA小片段文库|NA|NORMAL:relaxed, lane_prefix=GL, pool_size=50, pool_data=2630.020G, prioritize_scattered_mix=False[0m
[32m2026-05-21 16:59:37[0m | [1mINFO    [0m | [1m补Lane尝试: variant=full_priority, lane_prefix=GL, pool_size=281, pool_data=8417.948G, prioritize_scattered_mix=True[0m
[32m2026-05-21 16:59:37[0m | [1mINFO    [0m | [1m补Lane尝试: variant=non_clinical_relaxed, lane_prefix=GL, pool_size=281, pool_data=8417.948G, prioritize_scattered_mix=False[0m
[32m2026-05-21 16:59:37[0m | [1mINFO    [0m | [1m补Lane尝试: variant=general:2025年深圳微科盟NGS测序分析技术服务（委托）合同|Z|DNA小片段文库|NA|NORMAL, lane_prefix=GL, pool_size=9, pool_data=4050.000G, prioritize_scattered_mix=True[0m
[32m2026-05-21 16:59:37[0m | [1mINFO    [0m | [1m补Lane尝试: variant=full_priority, lane_prefix=GL, pool_size=167, pool_data=6209.858G, prioritize_scattered_mix=True[0m
[32m2026-05-21 16:59:37[0m | [1mINFO    [0m | [1m补Lane尝试: variant=non_clinical_relaxed, lane_prefix=GL, pool_size=167, pool_data=6209.858G, prioritize_scattered_mix=False[0m
[32m2026-05-21 16:59:37[0m | [1mINFO    [0m | [1m补Lane尝试: variant=general:2025年深圳微科盟NGS测序分析技术服务（委托）合同|Z|DNA小片段文库|NA|NORMAL, lane_prefix=GL, pool_size=7, pool_data=3150.000G, prioritize_scattered_mix=True[0m
[32m2026-05-21 16:59:37[0m | [1mINFO    [0m | [1m补Lane尝试: variant=full_priority, lane_prefix=GL, pool_size=58, pool_data=4104.008G, prioritize_scattered_mix=True[0m
[32m2026-05-21 16:59:37[0m | [1mINFO    [0m | [1m补Lane尝试: variant=non_clinical_relaxed, lane_prefix=GL, pool_size=58, pool_data=4104.008G, prioritize_scattered_mix=False[0m
[32m2026-05-21 16:59:38[0m | [1mINFO    [0m | [1m补Lane跳过汇总: lane_prefix=GL, machine=Nova X-25B, reason_top=[总量60.0G低于最小门槛1995.0Gx3, 总量12.0G低于最小门槛1676.0Gx1, 总量7.0G低于最小门槛1676.0Gx1, 总量5.2G低于最小门槛2095.0Gx1][0m
[32m2026-05-21 16:59:38[0m | [1mINFO    [0m | [1m1.1首轮Lane加测/混合封顶生效: lane=GL_Nova X-25B_001, 保留150.0G, 回退44个/2073.6G到未分配池 (单Lane上限150.0G)[0m
[32m2026-05-21 16:59:38[0m | [1mINFO    [0m | [1m1.1首轮Lane加测/混合封顶生效: lane=GL_Nova X-25B_002, 保留150.0G, 回退112个/2049.1G到未分配池 (单Lane上限150.0G)[0m
[32m2026-05-21 16:59:38[0m | [1mINFO    [0m | [1m1.1首轮Lane加测/混合封顶生效: lane=GL_Nova X-25B_003, 保留150.0G, 回退108个/1955.8G到未分配池 (单Lane上限150.0G)[0m
[32m2026-05-21 16:59:38[0m | [1mINFO    [0m | [1m1.1首轮Lane加测/混合封顶生效: lane=GL_Nova X-25B_001, 保留0.0G, 回退5个/2250.0G到未分配池 (单Lane上限150.0G)[0m
[32m2026-05-21 16:59:38[0m | [1mINFO    [0m | [1m1.1首轮加测/混合封顶后移除空Lane: 1条[0m
[32m2026-05-21 16:59:38[0m | [1mINFO    [0m | [1m步骤1.6 尾货1.1普通Lane单Lane加测/混合封顶完成: 调整Lane=4, 回退文库=269个/8328.5G[0m
[32m2026-05-21 16:59:38[0m | [1mINFO    [0m | [1m尾货1.1普通Lane二次抽取完成: 新增Lane=3, 消耗文库=4, 剩余进入普通3.6T排机文库=334[0m
[32m2026-05-21 16:59:38[0m | [1mINFO    [0m | [1m步骤2前置分流: 322个<=500G未拆分原始文库已完成1.1多轮尝试但未成Lane；其中69个允许强制拆分后进3.6T，253个因拆分后过小保留未分配输出[0m
[32m2026-05-21 16:59:38[0m | [1mINFO    [0m | [1m
================================================================================[0m
[32m2026-05-21 16:59:38[0m | [1mINFO    [0m | [1m步骤2: 处理普通文库（使用GreedyLaneScheduler）[0m
[32m2026-05-21 16:59:38[0m | [1mINFO    [0m | [1m================================================================================[0m
[32m2026-05-21 16:59:38[0m | [1mINFO    [0m | [1mIndex校验器初始化完成（真实数据验证版本）[0m
[32m2026-05-21 16:59:38[0m | [1mINFO    [0m | [1m成Lane校验程序初始化完成 (严格模式: True, 碱基不均衡上限: 35%, 特殊文库关键词: 9个)[0m
[32m2026-05-21 16:59:38[0m | [33m[1mWARNING [0m | [33m[1mLane内发现 1 个Index冲突[0m
[32m2026-05-21 16:59:38[0m | [1mINFO    [0m | [1m终态矩阵拆分补Lane完成: 新增Lane=9，使用原始文库=19，拆分片段=86[0m
[32m2026-05-21 16:59:38[0m | [1mINFO    [0m | [1m终态混合矩阵拆分补Lane完成: 新增Lane=2，使用原始文库=18，拆分片段=36[0m
[32m2026-05-21 16:59:38[0m | [1mINFO    [0m | [1m步骤2前置拆分家族构建完成: 新增Lane=11，矩阵Lane=9，混合矩阵Lane=2，跨份数Lane=0，使用原始文库=37[0m
[32m2026-05-21 16:59:38[0m | [1mINFO    [0m | [1m步骤2前置拆分家族构建完成: 新增Lane=11, 剩余普通排机文库=44[0m
[32m2026-05-21 16:59:38[0m | [1mINFO    [0m | [1m排机超时保护已启动，最大允许时间: 10 分钟[0m
[32m2026-05-21 16:59:38[0m | [1mINFO    [0m | [1m
================================================================================[0m
[32m2026-05-21 16:59:38[0m | [1mINFO    [0m | [1m排机流程：纯规则排机[0m
[32m2026-05-21 16:59:38[0m | [1mINFO    [0m | [1m================================================================================[0m
[32m2026-05-21 16:59:38[0m | [1mINFO    [0m | [1mIndex校验器初始化完成（真实数据验证版本）[0m
[32m2026-05-21 16:59:38[0m | [1mINFO    [0m | [1mIndex校验器初始化完成（真实数据验证版本）[0m
[32m2026-05-21 16:59:38[0m | [1mINFO    [0m | [1m成Lane校验程序初始化完成 (严格模式: True, 碱基不均衡上限: 35%, 特殊文库关键词: 9个)[0m
[32m2026-05-21 16:59:38[0m | [33m[1mWARNING [0m | [33m[1mPooling配置表不存在: /data/work/yuyongpeng/liblane_v2_deepseek/data/wktype_pooling_config.xlsx，将使用默认策略[0m
[32m2026-05-21 16:59:38[0m | [1mINFO    [0m | [1m产出效率修正表不存在: /data/work/yuyongpeng/liblane_v2_deepseek/data/production_efficiency_correction.csv，跳过后校准[0m
[32m2026-05-21 16:59:38[0m | [33m[1mWARNING [0m | [33m[1m模型文件不存在: models/loutput_pre_lane_v5/lightgbm_model.pkl[0m
[32m2026-05-21 16:59:38[0m | [33m[1mWARNING [0m | [33m[1mloutput预测器不可用，将使用规则降级策略[0m
[32m2026-05-21 16:59:38[0m | [1mINFO    [0m | [1m逐Lane贪心排机器初始化完成 - 基础容量: 985.0GB, 利用率区间: [100%, 100%], 配置模式: 按机型自动[0m
[32m2026-05-21 16:59:38[0m | [1mINFO    [0m | [1m启用检查: Index=True, 碱基不均衡=True, 规则检查器=False[0m
[32m2026-05-21 16:59:38[0m | [1mINFO    [0m | [1m排机阶段：Pooling优化器已禁用（V6流程不需要）[0m
[32m2026-05-21 16:59:38[0m | [1mINFO    [0m | [1mIndex校验器初始化完成（真实数据验证版本）[0m
[32m2026-05-21 16:59:38[0m | [1mINFO    [0m | [1m成Lane校验程序初始化完成 (严格模式: True, 碱基不均衡上限: 35%, 特殊文库关键词: 9个)[0m
[32m2026-05-21 16:59:38[0m | [1mINFO    [0m | [1m严格校验容量区间改为按统一配置表动态解析[0m
[32m2026-05-21 16:59:38[0m | [1mINFO    [0m | [1m============================================================[0m
[32m2026-05-21 16:59:38[0m | [1mINFO    [0m | [1m[拆分] 开始文库拆分预处理[0m
[32m2026-05-21 16:59:38[0m | [1mINFO    [0m | [1m  拆分规则: 1.1模式文库（兼容旧名1.0）不拆分；3.6T-NEW模式按逗号识别index对数，单对index等效合同量 >130.0G 拆分[0m
[32m2026-05-21 16:59:38[0m | [1mINFO    [0m | [1m  最小保留数据量: >2.0G[0m
[32m2026-05-21 16:59:38[0m | [1mINFO    [0m | [1m------------------------------------------------------------[0m
[32m2026-05-21 16:59:38[0m | [1mINFO    [0m | [1m 拆分完成[0m
[32m2026-05-21 16:59:38[0m | [1mINFO    [0m | [1m  原始文库数: 44[0m
[32m2026-05-21 16:59:38[0m | [1mINFO    [0m | [1m  拆分文库数: 44[0m
[32m2026-05-21 16:59:38[0m | [1mINFO    [0m | [1m  最终文库数: 104[0m
[32m2026-05-21 16:59:38[0m | [1mINFO    [0m | [1m============================================================[0m
[32m2026-05-21 16:59:38[0m | [1mINFO    [0m | [1m主流程前置拆分完成: 原始文库44个，触发拆分44个，拆分后文库104个[0m
[32m2026-05-21 16:59:38[0m | [1mINFO    [0m | [1m混排Peak窗口: 363-460bp, 100个文库/4558G, 理论最多4条Lane[0m
[32m2026-05-21 16:59:38[0m | [1mINFO    [0m | [1m混排Lane预抽取完成: 新增Lane=0，使用文库=0个/0.0G，剩余待排=104个/4568.3G[0m
[32m2026-05-21 16:59:38[0m | [1mINFO    [0m | [1m主流程规则分桶跳过: bucket=ten_x:2508天津擎科10X与C4单细胞转录组技术服务（委托）合同|S|10X转录组-3'文库|NA|TENX+MANUAL_RISK+IMBALANCE, count=2, reason=总量60.0G低于最小门槛970.0G[0m
[32m2026-05-21 16:59:38[0m | [1mINFO    [0m | [1m主流程规则分桶跳过: bucket=ten_x:中山一院急性脑梗食蟹猴多组学测序技术服务启动说明|S|10X转录组-3'文库|NA|TENX+MANUAL_RISK+IMBALANCE, count=2, reason=总量60.0G低于最小门槛970.0G[0m
[32m2026-05-21 16:59:38[0m | [1mINFO    [0m | [1m主流程规则分桶跳过: bucket=ten_x:暨大杨伟莉猴脑单核测序分析技术服务（委托）合同|S|10X转录组-3'文库|NA|TENX+MANUAL_RISK+IMBALANCE, count=2, reason=总量60.0G低于最小门槛970.0G[0m
[32m2026-05-21 16:59:38[0m | [1mINFO    [0m | [1m主流程规则分桶跳过: bucket=manual_or_risk:凌恩-ATAC建库测序分析项目技术服务（委托）合同|S|ATAC-SEQ文库|NA|MANUAL_RISK+IMBALANCE, count=2, reason=总量12.0G低于最小门槛796.0G[0m
[32m2026-05-21 16:59:38[0m | [1mINFO    [0m | [1m主流程规则分桶跳过: bucket=manual_or_risk:天津医科大学-2个CUT TAG自建库分析技术服务（委托）合同|S|客户-CUT-TAG文库|NA|MANUAL_RISK+IMBALANCE, count=2, reason=总量6.0G低于最小门槛796.0G[0m
[32m2026-05-21 16:59:38[0m | [1mINFO    [0m | [1m主流程规则分桶跳过: bucket=manual_or_risk:南科大RIBO-SEQ+MRNA+16S分析技术服务（委托）合同|S|RIBO-SEQ文库|NA|MANUAL_RISK+IMBALANCE, count=2, reason=总量5.2G低于最小门槛995.0G[0m
[32m2026-05-21 16:59:38[0m | [1mINFO    [0m | [1m主流程规则分桶跳过: bucket=manual_or_risk:2025四季度自建库散样测序技术服务（委托）合同|S|客户-人重测序文库|NA|SCATTERED+MANUAL_RISK, count=2, reason=总量5.0G低于最小门槛995.0G[0m
[32m2026-05-21 16:59:38[0m | [1mINFO    [0m | [1m主流程规则分桶预调度: bucket=general:2025年深圳微科盟NGS测序分析技术服务（委托）合同|Z|DNA小片段文库|NA|NORMAL, count=16, data=1800.0G[0m
[32m2026-05-21 16:59:38[0m | [1mINFO    [0m | [1m开始逐Lane贪心排机 - 文库数: 16[0m
[32m2026-05-21 16:59:38[0m | [1mINFO    [0m | [1m预拆分完成: 使用外层已拆分文库[0m
[32m2026-05-21 16:59:38[0m | [1mINFO    [0m | [1m===== 批次全局分析报告 =====[0m
[32m2026-05-21 16:59:38[0m | [1mINFO    [0m | [1m机器类型: Nova X-25B[0m
[32m2026-05-21 16:59:38[0m | [1mINFO    [0m | [1m文库总数: 16[0m
[32m2026-05-21 16:59:38[0m | [1mINFO    [0m | [1m总数据量: 1800.0 GB[0m
[32m2026-05-21 16:59:38[0m | [1mINFO    [0m | [1m预估Lane数: 2~2[0m
[32m2026-05-21 16:59:38[0m | [1mINFO    [0m | [1m--- 特征标记 ---[0m
[32m2026-05-21 16:59:38[0m | [1mINFO    [0m | [1m  包Lane文库: 无[0m
[32m2026-05-21 16:59:38[0m | [1mINFO    [0m | [1m  碱基不均衡: 无[0m
[32m2026-05-21 16:59:38[0m | [1mINFO    [0m | [1m  客户文库:   无[0m
[32m2026-05-21 16:59:38[0m | [1mINFO    [0m | [1m  10bp文库:   有[0m
[32m2026-05-21 16:59:38[0m | [1mINFO    [0m | [1m  非10bp文库: 无[0m
[32m2026-05-21 16:59:38[0m | [1mINFO    [0m | [1m  特殊组合:   无[0m
[32m2026-05-21 16:59:38[0m | [1mINFO    [0m | [1m--- 分组画像 ---[0m
[32m2026-05-21 16:59:38[0m | [1mINFO    [0m | [1m  [10bp] 10碱基文库: 16个文库, 1800.0GB, 预估2~2条Lane[0m
[32m2026-05-21 16:59:38[0m | [1mINFO    [0m | [1m  [all] 全部文库: 16个文库, 1800.0GB, 预估2~2条Lane[0m
[32m2026-05-21 16:59:38[0m | [1mINFO    [0m | [1m--- 策略建议 ---[0m
[32m2026-05-21 16:59:38[0m | [1mINFO    [0m | [1m  - 数据分布较均匀，可按常规贪心排机流程处理[0m
[32m2026-05-21 16:59:38[0m | [1mINFO    [0m | [1m===== 报告结束 =====[0m
[32m2026-05-21 16:59:38[0m | [1mINFO    [0m | [1m保留外部传入的策略执行计划，仅使用批次分析报告[0m
[32m2026-05-21 16:59:38[0m | [1mINFO    [0m | [1m处理机器类型 Nova X-25B - 文库数: 16 - Lane容量: 1050.0GB, 利用率区间: [100%, 100%], 特殊文库上限: 350GB[0m
[32m2026-05-21 16:59:38[0m | [1mINFO    [0m | [1m3.6T-NEW拆分片段分散成功: 拆分家族0个，生成0条Lane，每个家族每Lane最多1片[0m
[32m2026-05-21 16:59:38[0m | [1mINFO    [0m | [1m3.6T-NEW拆分家族原子分散失败: 4个原始文库回滚为未分配并禁止继续成Lane[0m
[32m2026-05-21 16:59:38[0m | [1mINFO    [0m | [1m逐Lane贪心排机完成 - Lane数: 0, 已分配: 0/16, 未分配: 4, 平均利用率: 0.0%, 耗时: 0.01秒[0m
[32m2026-05-21 16:59:38[0m | [1mINFO    [0m | [1mIndex校验器初始化完成（真实数据验证版本）[0m
[32m2026-05-21 16:59:38[0m | [1mINFO    [0m | [1m成Lane校验程序初始化完成 (严格模式: False, 碱基不均衡上限: 35%, 特殊文库关键词: 9个)[0m
[32m2026-05-21 16:59:38[0m | [1mINFO    [0m | [1m最终验证结果: 0条Lane通过，4个文库未分配[0m
[32m2026-05-21 16:59:38[0m | [1mINFO    [0m | [1m主流程规则分桶预调度: bucket=general:吉林大学和平校区24个META+24个非靶测试分析技术服务（委托）合同|Z|DNA小片段文库|NA|NORMAL, count=22, data=1127.8G[0m
[32m2026-05-21 16:59:38[0m | [1mINFO    [0m | [1m开始逐Lane贪心排机 - 文库数: 22[0m
[32m2026-05-21 16:59:38[0m | [1mINFO    [0m | [1m预拆分完成: 使用外层已拆分文库[0m
[32m2026-05-21 16:59:38[0m | [1mINFO    [0m | [1m使用外部传入的全局分析报告（全量文库），跳过内部分析[0m
[32m2026-05-21 16:59:38[0m | [1mINFO    [0m | [1m处理机器类型 Nova X-25B - 文库数: 22 - Lane容量: 1050.0GB, 利用率区间: [100%, 100%], 特殊文库上限: 350GB[0m
[32m2026-05-21 16:59:38[0m | [1mINFO    [0m | [1m3.6T-NEW拆分片段分散成功: 拆分家族0个，生成0条Lane，每个家族每Lane最多1片[0m
[32m2026-05-21 16:59:38[0m | [1mINFO    [0m | [1m3.6T-NEW拆分家族原子分散失败: 6个原始文库回滚为未分配并禁止继续成Lane[0m
[32m2026-05-21 16:59:38[0m | [1mINFO    [0m | [1m第二轮排机: 10 个未分配文库（随机顺序）[0m
[32m2026-05-21 16:59:38[0m | [1mINFO    [0m | [1m第三轮排机: 10 个未分配文库（小文库优先）[0m
[32m2026-05-21 16:59:38[0m | [1mINFO    [0m | [1m连续5轮无新Lane且未分配池不变，提前结束无效重试[0m
[32m2026-05-21 16:59:38[0m | [1mINFO    [0m | [1m逐Lane贪心排机完成 - Lane数: 0, 已分配: 0/22, 未分配: 16, 平均利用率: 0.0%, 耗时: 0.01秒[0m
[32m2026-05-21 16:59:38[0m | [1mINFO    [0m | [1mIndex校验器初始化完成（真实数据验证版本）[0m
[32m2026-05-21 16:59:38[0m | [1mINFO    [0m | [1m成Lane校验程序初始化完成 (严格模式: False, 碱基不均衡上限: 35%, 特殊文库关键词: 9个)[0m
[32m2026-05-21 16:59:38[0m | [1mINFO    [0m | [1m最终验证结果: 0条Lane通过，16个文库未分配[0m
[32m2026-05-21 16:59:38[0m | [1mINFO    [0m | [1m主流程规则分桶跳过: bucket=general:500例细菌框架图测序分析到组装技术服务（委托）合同-CLX|Z|DNA小片段文库|NA|NORMAL, count=18, reason=总量810.0G低于最小门槛995.0G[0m
[32m2026-05-21 16:59:38[0m | [1mINFO    [0m | [1m主流程规则分桶跳过: bucket=general:微生物（菌体）全基因组建库测序质控技术服务（委托）合同|Z|DNA小片段文库|NA|NORMAL, count=4, reason=总量450.0G低于最小门槛995.0G[0m
[32m2026-05-21 16:59:38[0m | [1mINFO    [0m | [1m主流程规则分桶跳过: bucket=general:66个宏基因组测序分析技术服务（委托）合同-LL|Z|DNA小片段文库|NA|NORMAL, count=2, reason=总量100.0G低于最小门槛995.0G[0m
[32m2026-05-21 16:59:38[0m | [1mINFO    [0m | [1m主流程规则分桶跳过: bucket=general:新疆农业大学27个样本宏基因组测序分析技术服务（委托）合同|Z|DNA小片段文库|NA|NORMAL, count=26, reason=总量65.5G低于最小门槛995.0G[0m
[32m2026-05-21 16:59:38[0m | [1mINFO    [0m | [1m主流程规则分桶跳过: bucket=general:农大重测CALL SNP分析技术服务（委托）合同|Z|DNA小片段文库|NA|NORMAL, count=2, reason=总量6.8G低于最小门槛995.0G[0m
[32m2026-05-21 16:59:38[0m | [1mINFO    [0m | [1m主流程规则分桶预调度完成: 分桶=14，桶后尾货=86个/4568.3G[0m
[32m2026-05-21 16:59:38[0m | [1mINFO    [0m | [1m主流程尾货统一补排启动: count=86, data=4568.3G[0m
[32m2026-05-21 16:59:38[0m | [1mINFO    [0m | [1m开始逐Lane贪心排机 - 文库数: 86[0m
[32m2026-05-21 16:59:38[0m | [1mINFO    [0m | [1m预拆分完成: 使用外层已拆分文库[0m
[32m2026-05-21 16:59:38[0m | [1mINFO    [0m | [1m使用外部传入的全局分析报告（全量文库），跳过内部分析[0m
[32m2026-05-21 16:59:38[0m | [1mINFO    [0m | [1m处理机器类型 NovaSeq X Plus - 文库数: 6 - Lane容量: 1100GB, 利用率区间: [100%, 100%], 特殊文库上限: 350GB[0m
[32m2026-05-21 16:59:38[0m | [1mINFO    [0m | [1m碱基不均衡专用Lane策略: 6个碱基不均衡文库[0m
[32m2026-05-21 16:59:38[0m | [1mINFO    [0m | [1m专用Lane分组G4剩余合同量180.0G无法满足1.1或3.6T-NEW有效容量下限[0m
[32m2026-05-21 16:59:38[0m | [1mINFO    [0m | [1m形成0条专用Lane，剩余6个碱基不均衡文库[0m
[32m2026-05-21 16:59:38[0m | [1mINFO    [0m | [1m3.6T-NEW拆分片段分散成功: 拆分家族0个，生成0条Lane，每个家族每Lane最多1片[0m
[32m2026-05-21 16:59:38[0m | [1mINFO    [0m | [1m3.6T-NEW拆分家族原子分散失败: 3个原始文库回滚为未分配并禁止继续成Lane[0m
[32m2026-05-21 16:59:38[0m | [1mINFO    [0m | [1m处理机器类型 Nova X-25B - 文库数: 80 - Lane容量: 1050.0GB, 利用率区间: [100%, 100%], 特殊文库上限: 350GB[0m
[32m2026-05-21 16:59:38[0m | [1mINFO    [0m | [1m碱基不均衡专用Lane策略: 6个碱基不均衡文库[0m
[32m2026-05-21 16:59:38[0m | [1mINFO    [0m | [1m专用Lane分组G26剩余合同量6.0G无法满足1.1或3.6T-NEW有效容量下限[0m
[32m2026-05-21 16:59:38[0m | [1mINFO    [0m | [1m专用Lane分组G16剩余合同量12.0G无法满足1.1或3.6T-NEW有效容量下限[0m
[32m2026-05-21 16:59:38[0m | [1mINFO    [0m | [1m形成0条专用Lane，剩余6个碱基不均衡文库[0m
[32m2026-05-21 16:59:39[0m | [1mINFO    [0m | [1m3.6T-NEW拆分片段分散成功: 拆分家族0个，生成0条Lane，每个家族每Lane最多1片[0m
[32m2026-05-21 16:59:39[0m | [1mINFO    [0m | [1m3.6T-NEW拆分家族原子分散失败: 29个原始文库回滚为未分配并禁止继续成Lane[0m
[32m2026-05-21 16:59:39[0m | [1mINFO    [0m | [1m第二轮排机: 20 个未分配文库（随机顺序）[0m
[32m2026-05-21 16:59:39[0m | [1mINFO    [0m | [1m第三轮排机: 20 个未分配文库（小文库优先）[0m
[32m2026-05-21 16:59:39[0m | [1mINFO    [0m | [1m连续5轮无新Lane且未分配池不变，提前结束无效重试[0m
[32m2026-05-21 16:59:39[0m | [1mINFO    [0m | [1m逐Lane贪心排机完成 - Lane数: 0, 已分配: 0/86, 未分配: 52, 平均利用率: 0.0%, 耗时: 0.05秒[0m
[32m2026-05-21 16:59:39[0m | [1mINFO    [0m | [1mIndex校验器初始化完成（真实数据验证版本）[0m
[32m2026-05-21 16:59:39[0m | [1mINFO    [0m | [1m成Lane校验程序初始化完成 (严格模式: False, 碱基不均衡上限: 35%, 特殊文库关键词: 9个)[0m
[32m2026-05-21 16:59:39[0m | [1mINFO    [0m | [1m最终验证结果: 0条Lane通过，52个文库未分配[0m
[32m2026-05-21 16:59:39[0m | [1mINFO    [0m | [1mwkspecialsplits边排边检查完成: 无需调整[0m
[32m2026-05-21 16:59:39[0m | [1mINFO    [0m | [1m验证完成：0条Lane通过验证[0m
[32m2026-05-21 16:59:39[0m | [1mINFO    [0m | [1m57规则二次改排救援已关闭，失败Lane文库回收到未分配池[0m
[32m2026-05-21 16:59:39[0m | [1mINFO    [0m | [1m补Lane尝试: variant=general:2025年深圳微科盟NGS测序分析技术服务（委托）合同|Z|DNA小片段文库|NA|NORMAL, lane_prefix=EX, pool_size=4, pool_data=1800.000G, prioritize_scattered_mix=True[0m
[32m2026-05-21 16:59:39[0m | [1mINFO    [0m | [1m补Lane尝试: variant=general:吉林大学和平校区24个META+24个非靶测试分析技术服务（委托）合同|Z|DNA小片段文库|NA|NORMAL, lane_prefix=EX, pool_size=16, pool_data=1127.760G, prioritize_scattered_mix=True[0m
[32m2026-05-21 16:59:39[0m | [1mINFO    [0m | [1m补Lane尝试: variant=full_priority, lane_prefix=EX, pool_size=52, pool_data=4568.348G, prioritize_scattered_mix=True[0m
[32m2026-05-21 16:59:39[0m | [1mINFO    [0m | [1m补Lane尝试: variant=non_clinical_relaxed, lane_prefix=EX, pool_size=52, pool_data=4568.348G, prioritize_scattered_mix=False[0m
[32m2026-05-21 16:59:39[0m | [1mINFO    [0m | [1m补Lane尝试: variant=full_priority, lane_prefix=EX, pool_size=26, pool_data=3463.388G, prioritize_scattered_mix=True[0m
[32m2026-05-21 16:59:39[0m | [1mINFO    [0m | [1m补Lane尝试: variant=non_clinical_relaxed, lane_prefix=EX, pool_size=26, pool_data=3463.388G, prioritize_scattered_mix=False[0m
[32m2026-05-21 16:59:39[0m | [1mINFO    [0m | [1m补Lane跳过汇总: lane_prefix=EX, machine=Nova X-25B, reason_top=[总量60.0G低于最小门槛1995.0Gx3, 总量12.0G低于最小门槛1676.0Gx1, 总量6.0G低于最小门槛1676.0Gx1, 总量5.2G低于最小门槛2095.0Gx1][0m
[32m2026-05-21 16:59:39[0m | [1mINFO    [0m | [1mLane数量提升停止: machine_type=Nova X-25B, 当前池首次构Lane失败，跳过同池重复尝试[0m
[32m2026-05-21 16:59:39[0m | [1mINFO    [0m | [1mLane数量提升新增Lane数: 1[0m
[32m2026-05-21 16:59:39[0m | [1mINFO    [0m | [1m补Lane尝试: variant=general:2025年深圳微科盟NGS测序分析技术服务（委托）合同|Z|DNA小片段文库|NA|NORMAL, lane_prefix=RB, pool_size=4, pool_data=1800.000G, prioritize_scattered_mix=True[0m
[32m2026-05-21 16:59:39[0m | [1mINFO    [0m | [1m补Lane尝试: variant=full_priority, lane_prefix=RB, pool_size=26, pool_data=3463.388G, prioritize_scattered_mix=True[0m
[32m2026-05-21 16:59:39[0m | [1mINFO    [0m | [1m补Lane尝试: variant=non_clinical_relaxed, lane_prefix=RB, pool_size=26, pool_data=3463.388G, prioritize_scattered_mix=False[0m
[32m2026-05-21 16:59:39[0m | [1mINFO    [0m | [1m跨Lane多文库交换完成：新增1条，剩余未分配21个[0m
[32m2026-05-21 16:59:39[0m | [1mINFO    [0m | [1mIndex校验器初始化完成（真实数据验证版本）[0m
[32m2026-05-21 16:59:39[0m | [1mINFO    [0m | [1m成Lane校验程序初始化完成 (严格模式: True, 碱基不均衡上限: 35%, 特殊文库关键词: 9个)[0m
[32m2026-05-21 16:59:39[0m | [1mINFO    [0m | [1mLane DL_Nova X-25B_001 尝试补平衡文库模板: sample_id=phix, test_no=Novaseq X Plus-PE150, index_seq=GGGGGGGGGG;ACCGAGATCT[0m
[32m2026-05-21 16:59:39[0m | [1mINFO    [0m | [1mLane DL_Nova X-25B_001 平衡文库补充成功: sample_id=phix, 数据量=21.313G[0m
[32m2026-05-21 16:59:39[0m | [1mINFO    [0m | [1m预构建Lane平衡文库前置处理完成: 需补平衡文库Lane=1，成功=1，失败移除=0，专Lane保留=0[0m
[32m2026-05-21 16:59:39[0m | [33m[1mWARNING [0m | [33m[1mLane GL_Nova X-25B_001 终态过滤淘汰: ['AI Lane GL_Nova X-25B_001 Index对数不足: 当前1对, 要求>=5对'][0m
[32m2026-05-21 16:59:39[0m | [33m[1mWARNING [0m | [33m[1mLane EX_Nova X-25B_003 终态过滤淘汰: ['Lane有效数据量925.3G(原始925.3G+平衡0.0G)低于下限2095G，规则=tj_1595_mode_1_1，需添加约1169.7G的文库'][0m
[32m2026-05-21 16:59:39[0m | [33m[1mWARNING [0m | [33m[1mLane EX_Nova X-25B_006 终态过滤淘汰: ['Lane有效数据量717.8G(原始717.8G+平衡0.0G)低于下限2095G，规则=tj_1595_mode_1_1，需添加约1377.2G的文库'][0m
[32m2026-05-21 16:59:39[0m | [33m[1mWARNING [0m | [33m[1mLane RB_Nova X-25B_003 终态过滤淘汰: ['Lane有效数据量296.7G(原始296.7G+平衡0.0G)低于下限2095G，规则=tj_1595_mode_1_1，需添加约1798.3G的文库'][0m
[32m2026-05-21 16:59:39[0m | [33m[1mWARNING [0m | [33m[1mLane MG_Nova X-25B_001 终态过滤淘汰: ['AI Lane MG_Nova X-25B_001 Index对数不足: 当前2对, 要求>=5对'][0m
[32m2026-05-21 16:59:39[0m | [33m[1mWARNING [0m | [33m[1mLane RM_Nova X-25B_001 终态过滤淘汰: ['客户文库占比53.1%不符合规则(应<=50%或=100%)', 'Lane有效数据量426.2G(原始426.2G+平衡0.0G)低于下限2095G，规则=tj_1595_mode_1_1，需添加约1668.8G的文库'][0m
[32m2026-05-21 16:59:39[0m | [33m[1mWARNING [0m | [33m[1mLane GL_Nova X-25B_003 终态过滤淘汰: ['AI Lane GL_Nova X-25B_003 Index对数不足: 当前1对, 要求>=5对'][0m
[32m2026-05-21 16:59:39[0m | [33m[1mWARNING [0m | [33m[1mLane EX_Nova X-25B_008 终态过滤淘汰: ['客户文库占比54.5%不符合规则(应<=50%或=100%)', 'Lane有效数据量376.0G(原始376.0G+平衡0.0G)低于下限2095G，规则=tj_1595_mode_1_1，需添加约1719.0G的文库'][0m
[32m2026-05-21 16:59:39[0m | [33m[1mWARNING [0m | [33m[1mLane EX_Nova X-25B_010 终态过滤淘汰: ['Lane有效数据量413.9G(原始413.9G+平衡0.0G)低于下限2095G，规则=tj_1595_mode_1_1，需添加约1681.1G的文库'][0m
[32m2026-05-21 16:59:39[0m | [33m[1mWARNING [0m | [33m[1mLane GL_Nova X-25B_001 终态过滤淘汰: ['AI Lane GL_Nova X-25B_001 Index对数不足: 当前1对, 要求>=5对'][0m
[32m2026-05-21 16:59:39[0m | [33m[1mWARNING [0m | [33m[1mLane GL_Nova X-25B_002 终态过滤淘汰: ['AI Lane GL_Nova X-25B_002 Index对数不足: 当前1对, 要求>=5对'][0m
[32m2026-05-21 16:59:39[0m | [33m[1mWARNING [0m | [33m[1mLane GL_Nova X-25B_001 终态过滤淘汰: ['AI Lane GL_Nova X-25B_001 Index对数不足: 当前1对, 要求>=5对'][0m
[32m2026-05-21 16:59:39[0m | [33m[1mWARNING [0m | [33m[1mLane GL_Nova X-25B_002 终态过滤淘汰: ['AI Lane GL_Nova X-25B_002 Index对数不足: 当前2对, 要求>=5对'][0m
[32m2026-05-21 16:59:39[0m | [33m[1mWARNING [0m | [33m[1mLane GL_Nova X-25B_003 终态过滤淘汰: ['AI Lane GL_Nova X-25B_003 Index对数不足: 当前1对, 要求>=5对'][0m
[32m2026-05-21 16:59:39[0m | [1mINFO    [0m | [1m
合并21条预构建Lane到最终结果（过滤掉14条未通过严格校验的预构建Lane）[0m
[32m2026-05-21 16:59:39[0m | [1mINFO    [0m | [1m最终Lane总数: 23 (预构建Lane: 21, 普通Lane: 2)[0m
[32m2026-05-21 16:59:39[0m | [1mINFO    [0m | [1m全局预拆分回滚完成: 44个原始文库因拆分子文库未全部成Lane而回滚[0m
[32m2026-05-21 16:59:39[0m | [1mINFO    [0m | [1m拆分失败回滚原始文库处理完成: 可回1.1候选=42个(合同量<=500.0G)，继续隔离=0个[0m
[32m2026-05-21 16:59:39[0m | [1mINFO    [0m | [1m未分配大簇专项regroup跳过: machine=Nova X-25B, count=24, data=640.0G, reason=总量640.0G低于最小门槛2095.0G[0m
[32m2026-05-21 16:59:39[0m | [1mINFO    [0m | [1m未分配大簇专项regroup跳过: machine=Nova X-25B, count=25, data=610.0G, reason=总量610.0G低于最小门槛2095.0G[0m
[32m2026-05-21 16:59:39[0m | [1mINFO    [0m | [1m补Lane尝试: variant=full_priority, lane_prefix=RM, pool_size=130, pool_data=4574.864G, prioritize_scattered_mix=True[0m
[32m2026-05-21 16:59:39[0m | [1mINFO    [0m | [1m补Lane尝试: variant=non_clinical_relaxed, lane_prefix=RM, pool_size=130, pool_data=4574.864G, prioritize_scattered_mix=False[0m
[32m2026-05-21 16:59:39[0m | [1mINFO    [0m | [1m补Lane尝试: variant=full_priority, lane_prefix=RM, pool_size=75, pool_data=2423.776G, prioritize_scattered_mix=True[0m
[32m2026-05-21 16:59:39[0m | [1mINFO    [0m | [1m补Lane尝试: variant=non_clinical_relaxed, lane_prefix=RM, pool_size=75, pool_data=2423.776G, prioritize_scattered_mix=False[0m
[32m2026-05-21 16:59:39[0m | [1mINFO    [0m | [1m补Lane尝试跳过: lane_prefix=RM, pool_size=5, pool_data=220.000G不足最小门槛2095.000G[0m
[32m2026-05-21 16:59:39[0m | [1mINFO    [0m | [1m补Lane尝试跳过: lane_prefix=GL, pool_size=5, pool_data=220.000G不足最小门槛2095.000G[0m
[32m2026-05-21 16:59:39[0m | [1mINFO    [0m | [1m剩余库分层重组搜索完成: 新增Lane=2 (大簇专项=0, 高约束专项=0, 专lane=0, 混排lane=2, 普通lane=0), 跳过拆分文库=2, 剩余未分配=7[0m
[32m2026-05-21 16:59:39[0m | [1mINFO    [0m | [1m脚本内置 Pooling 预测已停用，后续统一调用 prediction_delivery[0m
[32m2026-05-21 16:59:39[0m | [33m[1mWARNING [0m | [33m[1mLane PKG_LANE_0001 利用率异常: 400.00% (数据量=1000.00GB, 容量=250.00GB)[0m
[32m2026-05-21 16:59:39[0m | [33m[1mWARNING [0m | [33m[1mLane PKG_LANE_0002 利用率异常: 400.00% (数据量=1000.00GB, 容量=250.00GB)[0m
[32m2026-05-21 16:59:39[0m | [33m[1mWARNING [0m | [33m[1mLane PKG_LANE_0003 利用率异常: 400.00% (数据量=1000.00GB, 容量=250.00GB)[0m
[32m2026-05-21 16:59:39[0m | [33m[1mWARNING [0m | [33m[1mLane PKG_LANE_0004 利用率异常: 400.00% (数据量=1000.00GB, 容量=250.00GB)[0m
[32m2026-05-21 16:59:39[0m | [33m[1mWARNING [0m | [33m[1mLane PKG_LANE_0005 利用率异常: 400.00% (数据量=1000.00GB, 容量=250.00GB)[0m
[32m2026-05-21 16:59:39[0m | [33m[1mWARNING [0m | [33m[1mLane PKG_LANE_0006 利用率异常: 400.00% (数据量=1000.00GB, 容量=250.00GB)[0m
[32m2026-05-21 16:59:39[0m | [33m[1mWARNING [0m | [33m[1mLane PKG_LANE_0007 利用率异常: 400.00% (数据量=1000.00GB, 容量=250.00GB)[0m
[32m2026-05-21 16:59:39[0m | [33m[1mWARNING [0m | [33m[1mLane PKG_LANE_0008 利用率异常: 400.00% (数据量=1000.00GB, 容量=250.00GB)[0m
[32m2026-05-21 16:59:39[0m | [33m[1mWARNING [0m | [33m[1mLane DL_Nova X-25B_001 利用率异常: 202.98% (数据量=2131.31GB, 容量=1050.00GB)[0m
[32m2026-05-21 16:59:39[0m | [33m[1mWARNING [0m | [33m[1mLane DL_Nova X-25B_002 利用率异常: 196.19% (数据量=2060.00GB, 容量=1050.00GB)[0m
[32m2026-05-21 16:59:39[0m | [33m[1mWARNING [0m | [33m[1mLane RM_Nova X-25B_001 利用率异常: 220.62% (数据量=2151.09GB, 容量=975.00GB)[0m
[32m2026-05-21 16:59:39[0m | [33m[1mWARNING [0m | [33m[1mLane RM_Nova X-25B_002 利用率异常: 226.03% (数据量=2203.78GB, 容量=975.00GB)[0m
[32m2026-05-21 16:59:39[0m | [1mINFO    [0m | [1mIndex校验器初始化完成（真实数据验证版本）[0m
[32m2026-05-21 16:59:39[0m | [1mINFO    [0m | [1m成Lane校验程序初始化完成 (严格模式: True, 碱基不均衡上限: 35%, 特殊文库关键词: 9个)[0m
[32m2026-05-21 16:59:39[0m | [33m[1mWARNING [0m | [33m[1m最大拆分份数文库家族12530246当前跨2个run窗口，按红线规则优先重排到同一runid[0m
[32m2026-05-21 16:59:39[0m | [33m[1mWARNING [0m | [33m[1m最大拆分份数文库家族12530247当前跨2个run窗口，按红线规则优先重排到同一runid[0m
[32m2026-05-21 16:59:39[0m | [33m[1mWARNING [0m | [33m[1m最大拆分份数文库家族12530286当前跨2个run窗口，按红线规则优先重排到同一runid[0m
[32m2026-05-21 16:59:39[0m | [33m[1mWARNING [0m | [33m[1m最大拆分份数文库家族12530287当前跨2个run窗口，按红线规则优先重排到同一runid[0m
[32m2026-05-21 16:59:39[0m | [33m[1mWARNING [0m | [33m[1m最大拆分份数文库家族12530288当前跨2个run窗口，按红线规则优先重排到同一runid[0m
[32m2026-05-21 16:59:39[0m | [33m[1mWARNING [0m | [33m[1m最大拆分份数文库家族12530603当前跨2个run窗口，按红线规则优先重排到同一runid[0m
[32m2026-05-21 16:59:39[0m | [33m[1mWARNING [0m | [33m[1m最大拆分份数文库家族12530604当前跨2个run窗口，按红线规则优先重排到同一runid[0m
[32m2026-05-21 16:59:39[0m | [33m[1mWARNING [0m | [33m[1m最大拆分份数文库家族12530606当前跨2个run窗口，按红线规则优先重排到同一runid[0m
[32m2026-05-21 16:59:39[0m | [33m[1mWARNING [0m | [33m[1m最大拆分份数文库家族12530607当前跨2个run窗口，按红线规则优先重排到同一runid[0m
[32m2026-05-21 16:59:39[0m | [33m[1mWARNING [0m | [33m[1m最大拆分份数文库家族12530609当前跨2个run窗口，按红线规则优先重排到同一runid[0m
[32m2026-05-21 16:59:39[0m | [1mINFO    [0m | [1m主排机拆分即时校验完成: 重排Lane=9，补入片段=0，回滚家族=0，最大份数跨run红线=0，恢复原始文库=0，矩阵重建Lane=0，混合矩阵Lane=0，跨份数Lane=0，重建后残余回滚家族=0[0m
[32m2026-05-21 16:59:39[0m | [1mINFO    [0m | [1m拆分回滚原始文库回流1.1启动: 候选42个，合同量阈值<=500.0G[0m
[32m2026-05-21 16:59:39[0m | [1mINFO    [0m | [1m
================================================================================[0m
[32m2026-05-21 16:59:39[0m | [1mINFO    [0m | [1m排机流程：纯规则排机[0m
[32m2026-05-21 16:59:39[0m | [1mINFO    [0m | [1m================================================================================[0m
[32m2026-05-21 16:59:39[0m | [1mINFO    [0m | [1mIndex校验器初始化完成（真实数据验证版本）[0m
[32m2026-05-21 16:59:39[0m | [1mINFO    [0m | [1mIndex校验器初始化完成（真实数据验证版本）[0m
[32m2026-05-21 16:59:39[0m | [1mINFO    [0m | [1m成Lane校验程序初始化完成 (严格模式: True, 碱基不均衡上限: 35%, 特殊文库关键词: 9个)[0m
[32m2026-05-21 16:59:39[0m | [33m[1mWARNING [0m | [33m[1mPooling配置表不存在: /data/work/yuyongpeng/liblane_v2_deepseek/data/wktype_pooling_config.xlsx，将使用默认策略[0m
[32m2026-05-21 16:59:39[0m | [1mINFO    [0m | [1m产出效率修正表不存在: /data/work/yuyongpeng/liblane_v2_deepseek/data/production_efficiency_correction.csv，跳过后校准[0m
[32m2026-05-21 16:59:39[0m | [33m[1mWARNING [0m | [33m[1m模型文件不存在: models/loutput_pre_lane_v5/lightgbm_model.pkl[0m
[32m2026-05-21 16:59:39[0m | [33m[1mWARNING [0m | [33m[1mloutput预测器不可用，将使用规则降级策略[0m
[32m2026-05-21 16:59:39[0m | [1mINFO    [0m | [1m逐Lane贪心排机器初始化完成 - 基础容量: 985.0GB, 利用率区间: [100%, 100%], 配置模式: 按机型自动[0m
[32m2026-05-21 16:59:39[0m | [1mINFO    [0m | [1m启用检查: Index=True, 碱基不均衡=True, 规则检查器=False[0m
[32m2026-05-21 16:59:39[0m | [1mINFO    [0m | [1m排机阶段：Pooling优化器已禁用（V6流程不需要）[0m
[32m2026-05-21 16:59:39[0m | [1mINFO    [0m | [1mIndex校验器初始化完成（真实数据验证版本）[0m
[32m2026-05-21 16:59:39[0m | [1mINFO    [0m | [1m成Lane校验程序初始化完成 (严格模式: True, 碱基不均衡上限: 35%, 特殊文库关键词: 9个)[0m
[32m2026-05-21 16:59:39[0m | [1mINFO    [0m | [1m严格校验容量区间改为按统一配置表动态解析[0m
[32m2026-05-21 16:59:39[0m | [1mINFO    [0m | [1m============================================================[0m
[32m2026-05-21 16:59:39[0m | [1mINFO    [0m | [1m[拆分] 开始文库拆分预处理[0m
[32m2026-05-21 16:59:39[0m | [1mINFO    [0m | [1m  拆分规则: 1.1模式文库（兼容旧名1.0）不拆分；3.6T-NEW模式按逗号识别index对数，单对index等效合同量 >130.0G 拆分[0m
[32m2026-05-21 16:59:39[0m | [1mINFO    [0m | [1m  最小保留数据量: >2.0G[0m
[32m2026-05-21 16:59:39[0m | [1mINFO    [0m | [1m------------------------------------------------------------[0m
[32m2026-05-21 16:59:39[0m | [1mINFO    [0m | [1m 拆分完成[0m
[32m2026-05-21 16:59:39[0m | [1mINFO    [0m | [1m  原始文库数: 42[0m
[32m2026-05-21 16:59:39[0m | [1mINFO    [0m | [1m  拆分文库数: 0[0m
[32m2026-05-21 16:59:39[0m | [1mINFO    [0m | [1m  最终文库数: 42[0m
[32m2026-05-21 16:59:39[0m | [1mINFO    [0m | [1m============================================================[0m
[32m2026-05-21 16:59:39[0m | [1mINFO    [0m | [1m主流程前置拆分完成: 无需拆分[0m
[32m2026-05-21 16:59:39[0m | [1mINFO    [0m | [1mPeak窗口混排预构Lane已按调用方要求关闭[0m
[32m2026-05-21 16:59:39[0m | [1mINFO    [0m | [1m开始逐Lane贪心排机 - 文库数: 42[0m
[32m2026-05-21 16:59:39[0m | [1mINFO    [0m | [1m预拆分完成: 使用外层已拆分文库[0m
[32m2026-05-21 16:59:39[0m | [1mINFO    [0m | [1m===== 批次全局分析报告 =====[0m
[32m2026-05-21 16:59:39[0m | [1mINFO    [0m | [1m机器类型: Nova X-25B[0m
[32m2026-05-21 16:59:39[0m | [1mINFO    [0m | [1m文库总数: 42[0m
[32m2026-05-21 16:59:39[0m | [1mINFO    [0m | [1m总数据量: 3468.3 GB[0m
[32m2026-05-21 16:59:39[0m | [1mINFO    [0m | [1m预估Lane数: 4~4[0m
[32m2026-05-21 16:59:39[0m | [1mINFO    [0m | [1m--- 特征标记 ---[0m
[32m2026-05-21 16:59:39[0m | [1mINFO    [0m | [1m  包Lane文库: 无[0m
[32m2026-05-21 16:59:39[0m | [1mINFO    [0m | [1m  碱基不均衡: 有[0m
[32m2026-05-21 16:59:39[0m | [1mINFO    [0m | [1m  客户文库:   无[0m
[32m2026-05-21 16:59:39[0m | [1mINFO    [0m | [1m  10bp文库:   有[0m
[32m2026-05-21 16:59:39[0m | [1mINFO    [0m | [1m  非10bp文库: 有[0m
[32m2026-05-21 16:59:39[0m | [1mINFO    [0m | [1m  特殊组合:   有[0m
[32m2026-05-21 16:59:39[0m | [1mINFO    [0m | [1m--- 分组画像 ---[0m
[32m2026-05-21 16:59:39[0m | [1mINFO    [0m | [1m  [10bp] 10碱基文库: 38个文库, 3440.2GB, 预估4~4条Lane[0m
[32m2026-05-21 16:59:39[0m | [1mINFO    [0m | [1m  [all] 全部文库: 42个文库, 3468.3GB, 预估4~4条Lane[0m
[32m2026-05-21 16:59:39[0m | [1mINFO    [0m | [1m  [imbalance] 碱基不均衡文库: 6个文库, 203.2GB, 预估1~1条Lane[0m
[32m2026-05-21 16:59:39[0m | [1mINFO    [0m | [1m  [special_combo_b] 10X 3端/Visium组合: 3个文库, 180.0GB, 预估1~1条Lane[0m
[32m2026-05-21 16:59:39[0m | [1mINFO    [0m | [1m  [non_10bp] 非10碱基文库: 4个文库, 28.2GB, 预估1~1条Lane[0m
[32m2026-05-21 16:59:39[0m | [1mINFO    [0m | [1m--- 尾部风险 ---[0m
[32m2026-05-21 16:59:39[0m | [1mINFO    [0m | [1m  [imbalance] 碱基不均衡文库排完整Lane后剩余203.2GB，不足半Lane(485GB)，需要大文库骨架携带或混入散样Lane - 203.2GB, 6个, 严重程度: medium[0m
[32m2026-05-21 16:59:39[0m | [1mINFO    [0m | [1m  [non_10bp] 非10碱基文库排完整Lane后剩余28.2GB，不足半Lane(498GB)，需要大文库骨架携带或混入散样Lane - 28.2GB, 4个, 严重程度: high[0m
[32m2026-05-21 16:59:39[0m | [1mINFO    [0m | [1m  [special_combo_b] 10X 3端/Visium组合排完整Lane后剩余180.0GB，不足半Lane(485GB)，需要大文库骨架携带或混入散样Lane - 180.0GB, 3个, 严重程度: high[0m
[32m2026-05-21 16:59:39[0m | [1mINFO    [0m | [1m--- 策略建议 ---[0m
[32m2026-05-21 16:59:39[0m | [1mINFO    [0m | [1m  - 存在2个高风险尾部分组，建议启用骨架预留(大带小)[0m
[32m2026-05-21 16:59:39[0m | [1mINFO    [0m | [1m===== 报告结束 =====[0m
[32m2026-05-21 16:59:39[0m | [1mINFO    [0m | [1m保留外部传入的策略执行计划，仅使用批次分析报告[0m
[32m2026-05-21 16:59:39[0m | [1mINFO    [0m | [1m处理机器类型 NovaSeq X Plus - 文库数: 3 - Lane容量: 1100GB, 利用率区间: [100%, 100%], 特殊文库上限: 350GB[0m
[32m2026-05-21 16:59:39[0m | [1mINFO    [0m | [1m碱基不均衡专用Lane策略: 3个碱基不均衡文库[0m
[32m2026-05-21 16:59:39[0m | [1mINFO    [0m | [1m专用Lane分组G4剩余合同量180.0G无法满足1.1或3.6T-NEW有效容量下限[0m
[32m2026-05-21 16:59:39[0m | [1mINFO    [0m | [1m形成0条专用Lane，剩余3个碱基不均衡文库[0m
[32m2026-05-21 16:59:39[0m | [33m[1mWARNING [0m | [33m[1m剩余 3 个文库无法分配（全部有约束冲突）[0m
[32m2026-05-21 16:59:39[0m | [1mINFO    [0m | [1m剩余池总量180.0GB不足最小成Lane门槛970.0GB，跳过后续随机重试[0m
[32m2026-05-21 16:59:39[0m | [1mINFO    [0m | [1m专用Lane分组G4剩余合同量180.0G无法满足1.1或3.6T-NEW有效容量下限[0m
[32m2026-05-21 16:59:39[0m | [1mINFO    [0m | [1m专用Lane创建完成: 0条Lane, 3个碱基不均衡文库待分配, 0个中性文库待分配[0m
[32m2026-05-21 16:59:39[0m | [1mINFO    [0m | [1m处理机器类型 Nova X-25B - 文库数: 39 - Lane容量: 1050.0GB, 利用率区间: [100%, 100%], 特殊文库上限: 350GB[0m
[32m2026-05-21 16:59:39[0m | [1mINFO    [0m | [1m碱基不均衡专用Lane策略: 3个碱基不均衡文库[0m
[32m2026-05-21 16:59:39[0m | [1mINFO    [0m | [1m专用Lane分组G26剩余合同量6.0G无法满足1.1或3.6T-NEW有效容量下限[0m
[32m2026-05-21 16:59:39[0m | [1mINFO    [0m | [1m专用Lane分组G16剩余合同量12.0G无法满足1.1或3.6T-NEW有效容量下限[0m
[32m2026-05-21 16:59:39[0m | [1mINFO    [0m | [1m形成0条专用Lane，剩余3个碱基不均衡文库[0m
[32m2026-05-21 16:59:39[0m | [1mINFO    [0m | [1m第二轮排机: 39 个未分配文库（随机顺序）[0m
[32m2026-05-21 16:59:39[0m | [1mINFO    [0m | [1m第三轮排机: 39 个未分配文库（小文库优先）[0m
[32m2026-05-21 16:59:39[0m | [1mINFO    [0m | [1m连续5轮无新Lane且未分配池不变，提前结束无效重试[0m
[32m2026-05-21 16:59:39[0m | [1mINFO    [0m | [1m专用Lane分组G26剩余合同量6.0G无法满足1.1或3.6T-NEW有效容量下限[0m
[32m2026-05-21 16:59:39[0m | [1mINFO    [0m | [1m专用Lane分组G16剩余合同量12.0G无法满足1.1或3.6T-NEW有效容量下限[0m
[32m2026-05-21 16:59:39[0m | [1mINFO    [0m | [1m专用Lane创建完成: 0条Lane, 3个碱基不均衡文库待分配, 36个中性文库待分配[0m
[32m2026-05-21 16:59:39[0m | [1mINFO    [0m | [1m逐Lane贪心排机完成 - Lane数: 0, 已分配: 0/42, 未分配: 42, 平均利用率: 0.0%, 耗时: 0.06秒[0m
[32m2026-05-21 16:59:39[0m | [1mINFO    [0m | [1mIndex校验器初始化完成（真实数据验证版本）[0m
[32m2026-05-21 16:59:39[0m | [1mINFO    [0m | [1m成Lane校验程序初始化完成 (严格模式: False, 碱基不均衡上限: 35%, 特殊文库关键词: 9个)[0m
[32m2026-05-21 16:59:39[0m | [1mINFO    [0m | [1m最终验证结果: 0条Lane通过，42个文库未分配[0m
[32m2026-05-21 16:59:39[0m | [1mINFO    [0m | [1mwkspecialsplits边排边检查完成: 无需调整[0m
[32m2026-05-21 16:59:39[0m | [1mINFO    [0m | [1m验证完成：0条Lane通过验证[0m
[32m2026-05-21 16:59:39[0m | [1mINFO    [0m | [1m57规则二次改排救援已关闭，失败Lane文库回收到未分配池[0m
[32m2026-05-21 16:59:39[0m | [1mINFO    [0m | [1m补Lane尝试: variant=full_priority, lane_prefix=EX, pool_size=42, pool_data=3468.348G, prioritize_scattered_mix=True[0m
[32m2026-05-21 16:59:39[0m | [1mINFO    [0m | [1m补Lane尝试: variant=non_clinical_relaxed, lane_prefix=EX, pool_size=42, pool_data=3468.348G, prioritize_scattered_mix=False[0m
[32m2026-05-21 16:59:39[0m | [1mINFO    [0m | [1m补Lane尝试: variant=general:2025年深圳微科盟NGS测序分析技术服务（委托）合同|Z|DNA小片段文库|NA|NORMAL, lane_prefix=EX, pool_size=3, pool_data=1350.000G, prioritize_scattered_mix=True[0m
[32m2026-05-21 16:59:39[0m | [1mINFO    [0m | [1m补Lane尝试: variant=full_priority, lane_prefix=EX, pool_size=29, pool_data=2382.748G, prioritize_scattered_mix=True[0m
[32m2026-05-21 16:59:39[0m | [1mINFO    [0m | [1m补Lane尝试: variant=non_clinical_relaxed, lane_prefix=EX, pool_size=29, pool_data=2382.748G, prioritize_scattered_mix=False[0m
[32m2026-05-21 16:59:39[0m | [1mINFO    [0m | [1m补Lane跳过汇总: lane_prefix=EX, machine=Nova X-25B, reason_top=[总量60.0G低于最小门槛1995.0Gx3, 总量12.0G低于最小门槛1676.0Gx1, 总量6.0G低于最小门槛1676.0Gx1, 总量5.2G低于最小门槛2095.0Gx1][0m
[32m2026-05-21 16:59:39[0m | [1mINFO    [0m | [1mLane数量提升停止: machine_type=Nova X-25B, 当前池首次构Lane失败，跳过同池重复尝试[0m
[32m2026-05-21 16:59:39[0m | [1mINFO    [0m | [1mLane数量提升新增Lane数: 1[0m
[32m2026-05-21 16:59:39[0m | [1mINFO    [0m | [1m补Lane尝试: variant=general:2025年深圳微科盟NGS测序分析技术服务（委托）合同|Z|DNA小片段文库|NA|NORMAL, lane_prefix=RB, pool_size=3, pool_data=1350.000G, prioritize_scattered_mix=True[0m
[32m2026-05-21 16:59:39[0m | [1mINFO    [0m | [1m补Lane尝试: variant=full_priority, lane_prefix=RB, pool_size=29, pool_data=2382.748G, prioritize_scattered_mix=True[0m
[32m2026-05-21 16:59:39[0m | [1mINFO    [0m | [1m补Lane尝试: variant=non_clinical_relaxed, lane_prefix=RB, pool_size=29, pool_data=2382.748G, prioritize_scattered_mix=False[0m
[32m2026-05-21 16:59:39[0m | [1mINFO    [0m | [1m跨Lane多文库交换完成：新增1条，剩余未分配23个[0m
[32m2026-05-21 16:59:39[0m | [1mINFO    [0m | [1m剩余库分层重组搜索未新增Lane: 跳过拆分文库=23, 剩余未分配=23[0m
[32m2026-05-21 16:59:39[0m | [1mINFO    [0m | [1m脚本内置 Pooling 预测已停用，后续统一调用 prediction_delivery[0m
[32m2026-05-21 16:59:39[0m | [1mINFO    [0m | [1m拆分回滚原始文库回流1.1完成: 新增Lane=2，剩余未分配=23[0m
[32m2026-05-21 16:59:39[0m | [1mINFO    [0m | [1m排后包Lane校验通过[0m
[32m2026-05-21 16:59:39[0m | [1mINFO    [0m | [1m排后校验通过：包Lane编号文库拆分规则满足约束[0m
[32m2026-05-21 16:59:39[0m | [1mINFO    [0m | [1mIndex校验器初始化完成（真实数据验证版本）[0m
[32m2026-05-21 16:59:39[0m | [1mINFO    [0m | [1m成Lane校验程序初始化完成 (严格模式: True, 碱基不均衡上限: 35%, 特殊文库关键词: 9个)[0m
[32m2026-05-21 16:59:39[0m | [1mINFO    [0m | [1m平衡文库后处理完成: 需补平衡文库Lane=1，成功=1，失败移除=0，专Lane保留=0，回收文库=0[0m
[32m2026-05-21 16:59:39[0m | [1mINFO    [0m | [1m排后包Lane校验通过[0m
[32m2026-05-21 16:59:39[0m | [1mINFO    [0m | [1mIndex校验器初始化完成（真实数据验证版本）[0m
[32m2026-05-21 16:59:39[0m | [1mINFO    [0m | [1m成Lane校验程序初始化完成 (严格模式: True, 碱基不均衡上限: 35%, 特殊文库关键词: 9个)[0m
[32m2026-05-21 16:59:39[0m | [33m[1mWARNING [0m | [33m[1m最大拆分份数文库家族12530246当前跨2个run窗口，按红线规则优先重排到同一runid[0m
[32m2026-05-21 16:59:39[0m | [33m[1mWARNING [0m | [33m[1m最大拆分份数文库家族12530247当前跨2个run窗口，按红线规则优先重排到同一runid[0m
[32m2026-05-21 16:59:39[0m | [33m[1mWARNING [0m | [33m[1m最大拆分份数文库家族12530286当前跨2个run窗口，按红线规则优先重排到同一runid[0m
[32m2026-05-21 16:59:39[0m | [33m[1mWARNING [0m | [33m[1m最大拆分份数文库家族12530287当前跨2个run窗口，按红线规则优先重排到同一runid[0m
[32m2026-05-21 16:59:39[0m | [33m[1mWARNING [0m | [33m[1m最大拆分份数文库家族12530288当前跨2个run窗口，按红线规则优先重排到同一runid[0m
[32m2026-05-21 16:59:39[0m | [33m[1mWARNING [0m | [33m[1m最大拆分份数文库家族12530603当前跨2个run窗口，按红线规则优先重排到同一runid[0m
[32m2026-05-21 16:59:39[0m | [33m[1mWARNING [0m | [33m[1m最大拆分份数文库家族12530604当前跨2个run窗口，按红线规则优先重排到同一runid[0m
[32m2026-05-21 16:59:39[0m | [33m[1mWARNING [0m | [33m[1m最大拆分份数文库家族12530606当前跨2个run窗口，按红线规则优先重排到同一runid[0m
[32m2026-05-21 16:59:39[0m | [33m[1mWARNING [0m | [33m[1m最大拆分份数文库家族12530607当前跨2个run窗口，按红线规则优先重排到同一runid[0m
[32m2026-05-21 16:59:39[0m | [33m[1mWARNING [0m | [33m[1m最大拆分份数文库家族12530609当前跨2个run窗口，按红线规则优先重排到同一runid[0m
[32m2026-05-21 16:59:39[0m | [1mINFO    [0m | [1m拆分原子性修复完成: 尝试2轮，重排Lane=9，补入片段=0[0m
[32m2026-05-21 16:59:40[0m | [1mINFO    [0m | [1m排后包Lane校验通过[0m
[32m2026-05-21 16:59:40[0m | [1mINFO    [0m | [1m排后校验通过：包Lane编号文库拆分规则满足约束[0m
[32m2026-05-21 16:59:40[0m | [33m[1mWARNING [0m | [33m[1mLane EX_Nova X-25B_014 终态过滤淘汰: ['Lane有效数据量885.0G(原始885.0G+平衡0.0G)低于下限995G，规则=tj_1595_standard_pe150_25b，需添加约110.0G的文库'][0m
[32m2026-05-21 16:59:40[0m | [33m[1mWARNING [0m | [33m[1mLane RB_Nova X-25B_006 终态过滤淘汰: ['AI Lane RB_Nova X-25B_006 Index对数不足: 当前4对, 要求>=5对'][0m
[32m2026-05-21 16:59:40[0m | [33m[1mWARNING [0m | [33m[1mLane EX_Nova X-25B_018 终态过滤淘汰: ['Lane有效数据量1085.6G(原始1085.6G+平衡0.0G)低于下限2095G，规则=tj_1595_mode_1_1，需添加约1009.4G的文库'][0m
[32m2026-05-21 16:59:40[0m | [33m[1mWARNING [0m | [33m[1mLane RB_Nova X-25B_009 终态过滤淘汰: ['Lane有效数据量1015.0G(原始1015.0G+平衡0.0G)低于下限2095G，规则=tj_1595_mode_1_1，需添加约1080.0G的文库'][0m
[32m2026-05-21 16:59:40[0m | [33m[1mWARNING [0m | [33m[1m终态总复核淘汰Lane EX_Nova X-25B_014: 回收24个原始文库到未分配池[0m
[32m2026-05-21 16:59:40[0m | [33m[1mWARNING [0m | [33m[1m终态总复核淘汰Lane RB_Nova X-25B_006: 回收4个原始文库到未分配池[0m
[32m2026-05-21 16:59:40[0m | [33m[1mWARNING [0m | [33m[1m终态总复核淘汰Lane EX_Nova X-25B_018: 回收13个原始文库到未分配池[0m
[32m2026-05-21 16:59:40[0m | [33m[1mWARNING [0m | [33m[1m终态总复核淘汰Lane RB_Nova X-25B_009: 回收6个原始文库到未分配池[0m
[32m2026-05-21 16:59:40[0m | [1mINFO    [0m | [1m终态总复核完成: 淘汰4条不合规非包Lane，回收47个文库到未分配池，当前有效Lane=23，未分配=330[0m
[32m2026-05-21 16:59:40[0m | [33m[1mWARNING [0m | [33m[1m终态总复核: 淘汰4条不合规Lane，回收47个文库[0m
[32m2026-05-21 16:59:40[0m | [1mINFO    [0m | [1m补Lane尝试跳过: lane_prefix=RM, pool_size=258, pool_data=684.190G不足最小门槛2095.000G[0m
[32m2026-05-21 16:59:40[0m | [1mINFO    [0m | [1m补Lane尝试跳过: lane_prefix=GL, pool_size=258, pool_data=684.190G不足最小门槛2095.000G[0m
[32m2026-05-21 16:59:40[0m | [1mINFO    [0m | [1m终态回收池分层重组未新增Lane: 跳过拆分规则文库=72，剩余未分配=330[0m
[32m2026-05-21 16:59:40[0m | [1mINFO    [0m | [1m终态全局3.6混排未新增Lane: 剩余未分配=330[0m
[32m2026-05-21 16:59:40[0m | [1mINFO    [0m | [1m终态文库类型专池补Lane成功: lane=TG_Nova X-25B_001, 文库类型=DNA小片段文库, 模式=1.1, 文库数=5, 数据量=2250.0G[0m
[32m2026-05-21 16:59:50[0m | [1mINFO    [0m | [1m终态文库类型专池未成Lane: 文库类型=客户-人重测序文库, 机型=Nova X-25B, 模式=1.1, 剩余文库=6, 剩余数据量=225.0G, reason=hard_skip_total_below_min(total=225.0G,min=2095.0G)[0m
[32m2026-05-21 16:59:50[0m | [1mINFO    [0m | [1m终态文库类型专池未成Lane: 文库类型=客户-人重测序文库, 机型=Nova X-25B, 模式=3.6T-NEW, 剩余文库=6, 剩余数据量=225.0G, reason=no_mode_eligible_libraries[0m
[32m2026-05-21 16:59:50[0m | [1mINFO    [0m | [1m终态文库类型碱基不均专Lane未成Lane: 文库类型=10X转录组-3'文库, 机型=NovaSeq X Plus, 剩余文库=3, 剩余数据量=180.0G, reason=hard_skip_total_below_min(total=180.0G,min=1995.0G); g53_g54_fill=no_valid_g53_g54_fill_subset(best_total=0.0G,best_index_pairs=0, validation_top=[])[0m
[32m2026-05-21 16:59:50[0m | [1mINFO    [0m | [1m终态文库类型专池未成Lane: 文库类型=10X转录组-3'文库, 机型=NovaSeq X Plus, 模式=3.6T-NEW, 剩余文库=3, 剩余数据量=180.0G, reason=no_mode_eligible_libraries[0m
[32m2026-05-21 16:59:50[0m | [1mINFO    [0m | [1m终态文库类型专池未成Lane: 文库类型=VIP-真核普通转录组文库, 机型=Nova X-25B, 模式=1.1, 剩余文库=43, 剩余数据量=140.2G, reason=hard_skip_total_below_min(total=140.2G,min=2095.0G)[0m
[32m2026-05-21 16:59:50[0m | [1mINFO    [0m | [1m终态文库类型专池未成Lane: 文库类型=VIP-真核普通转录组文库, 机型=Nova X-25B, 模式=3.6T-NEW, 剩余文库=43, 剩余数据量=140.2G, reason=no_mode_eligible_libraries[0m
[32m2026-05-21 16:59:50[0m | [1mINFO    [0m | [1m终态文库类型碱基不均专Lane未成Lane: 文库类型=ATAC-seq文库, 机型=Nova X-25B, 剩余文库=1, 剩余数据量=12.0G, reason=hard_skip_total_below_min(total=12.0G,min=1676.0G); g53_g54_fill=no_valid_g53_g54_fill_subset(best_total=0.0G,best_index_pairs=0, validation_top=[])[0m
[32m2026-05-21 16:59:50[0m | [1mINFO    [0m | [1m终态文库类型专池未成Lane: 文库类型=ATAC-seq文库, 机型=Nova X-25B, 模式=3.6T-NEW, 剩余文库=1, 剩余数据量=12.0G, reason=no_mode_eligible_libraries[0m
[32m2026-05-21 16:59:50[0m | [1mINFO    [0m | [1m终态文库类型碱基不均专Lane未成Lane: 文库类型=客户-CUT-Tag文库, 机型=Nova X-25B, 剩余文库=2, 剩余数据量=7.0G, reason=hard_skip_total_below_min(total=7.0G,min=1676.0G); g53_g54_fill=no_valid_g53_g54_fill_subset(best_total=0.0G,best_index_pairs=0, validation_top=[])[0m
[32m2026-05-21 16:59:50[0m | [1mINFO    [0m | [1m终态文库类型专池未成Lane: 文库类型=客户-CUT-Tag文库, 机型=Nova X-25B, 模式=3.6T-NEW, 剩余文库=2, 剩余数据量=7.0G, reason=no_mode_eligible_libraries[0m
[32m2026-05-21 16:59:50[0m | [1mINFO    [0m | [1m终态文库类型碱基不均专Lane未成Lane: 文库类型=Ribo-seq文库, 机型=Nova X-25B, 剩余文库=1, 剩余数据量=5.2G, reason=hard_skip_total_below_min(total=5.2G,min=2095.0G); g53_g54_fill=no_valid_g53_g54_fill_subset(best_total=0.0G,best_index_pairs=0, validation_top=[])[0m
[32m2026-05-21 16:59:50[0m | [1mINFO    [0m | [1m终态文库类型专池未成Lane: 文库类型=Ribo-seq文库, 机型=Nova X-25B, 模式=3.6T-NEW, 剩余文库=1, 剩余数据量=5.2G, reason=no_mode_eligible_libraries[0m
[32m2026-05-21 16:59:50[0m | [1mINFO    [0m | [1m终态文库类型专池增量完成: 新增Lane=1，使用文库=5，跳过拆分规则文库=0，跳过不支持机型=0，剩余未分配=325[0m
[32m2026-05-21 16:59:50[0m | [1mINFO    [0m | [1mIndex校验器初始化完成（真实数据验证版本）[0m
[32m2026-05-21 16:59:50[0m | [1mINFO    [0m | [1m成Lane校验程序初始化完成 (严格模式: True, 碱基不均衡上限: 35%, 特殊文库关键词: 9个)[0m
[32m2026-05-21 16:59:50[0m | [1mINFO    [0m | [1mIndex校验器初始化完成（真实数据验证版本）[0m
[32m2026-05-21 16:59:50[0m | [1mINFO    [0m | [1m成Lane校验程序初始化完成 (严格模式: True, 碱基不均衡上限: 35%, 特殊文库关键词: 9个)[0m
[32m2026-05-21 16:59:50[0m | [1mINFO    [0m | [1m终态增量Lane平衡文库后处理完成: 需补平衡文库Lane=1，成功=1，失败移除=0，专Lane保留=0，回收文库=0[0m
[32m2026-05-21 16:59:50[0m | [1mINFO    [0m | [1m1.1首轮Lane加测/混合封顶生效: lane=RM_Nova X-25B_001, 保留150.0G, 回退22个/888.0G到未分配池 (单Lane上限150.0G)[0m
[32m2026-05-21 16:59:50[0m | [1mINFO    [0m | [1m1.1首轮Lane加测/混合封顶生效: lane=RM_Nova X-25B_002, 保留150.0G, 回退21个/761.6G到未分配池 (单Lane上限150.0G)[0m
[32m2026-05-21 16:59:50[0m | [1mINFO    [0m | [1m1.1首轮Lane加测/混合封顶生效: lane=TG_Nova X-25B_001, 保留0.0G, 回退5个/2250.0G到未分配池 (单Lane上限150.0G)[0m
[32m2026-05-21 16:59:50[0m | [1mINFO    [0m | [1m1.1首轮加测/混合封顶后移除空Lane: 1条[0m
[32m2026-05-21 16:59:50[0m | [1mINFO    [0m | [1m最终导出前1.1单Lane加测/混合封顶完成: 调整Lane=3, 回退文库=48个/3899.7G[0m
[32m2026-05-21 16:59:50[0m | [33m[1mWARNING [0m | [33m[1mLane RM_Nova X-25B_001 终态过滤淘汰: ['Lane有效数据量1263.1G(原始1263.1G+平衡0.0G)低于下限2095G，规则=tj_1595_mode_1_1，需添加约831.9G的文库'][0m
[32m2026-05-21 16:59:50[0m | [33m[1mWARNING [0m | [33m[1mLane RM_Nova X-25B_002 终态过滤淘汰: ['Lane有效数据量1442.1G(原始1442.1G+平衡0.0G)低于下限2095G，规则=tj_1595_mode_1_1，需添加约652.9G的文库'][0m
[32m2026-05-21 16:59:50[0m | [33m[1mWARNING [0m | [33m[1mLane内发现 1 个Index冲突[0m
[32m2026-05-21 16:59:50[0m | [33m[1mWARNING [0m | [33m[1mLane内发现 1 个Index冲突[0m
[32m2026-05-21 16:59:50[0m | [33m[1mWARNING [0m | [33m[1mLane内发现 1 个Index冲突[0m
[32m2026-05-21 16:59:50[0m | [33m[1mWARNING [0m | [33m[1mLane内发现 1 个Index冲突[0m
[32m2026-05-21 16:59:50[0m | [33m[1mWARNING [0m | [33m[1mLane内发现 1 个Index冲突[0m
[32m2026-05-21 16:59:50[0m | [33m[1mWARNING [0m | [33m[1mLane内发现 1 个Index冲突[0m
[32m2026-05-21 16:59:50[0m | [33m[1mWARNING [0m | [33m[1mLane内发现 1 个Index冲突[0m
[32m2026-05-21 16:59:50[0m | [33m[1mWARNING [0m | [33m[1mLane内发现 1 个Index冲突[0m
[32m2026-05-21 16:59:50[0m | [33m[1mWARNING [0m | [33m[1mLane内发现 1 个Index冲突[0m
[32m2026-05-21 16:59:50[0m | [33m[1mWARNING [0m | [33m[1mLane内发现 1 个Index冲突[0m
[32m2026-05-21 16:59:50[0m | [33m[1mWARNING [0m | [33m[1mLane内发现 1 个Index冲突[0m
[32m2026-05-21 16:59:50[0m | [33m[1mWARNING [0m | [33m[1m终态总复核淘汰Lane RM_Nova X-25B_001: 回收33个原始文库到未分配池[0m
[32m2026-05-21 16:59:50[0m | [33m[1mWARNING [0m | [33m[1m终态总复核淘汰Lane RM_Nova X-25B_002: 回收49个原始文库到未分配池[0m
[32m2026-05-21 16:59:50[0m | [1mINFO    [0m | [1m终态总复核完成: 淘汰2条不合规非包Lane，回收82个文库到未分配池，当前有效Lane=21，未分配=455[0m
[32m2026-05-21 16:59:50[0m | [33m[1mWARNING [0m | [33m[1m最终导出前1.1封顶后二次总复核: 淘汰2条不合规Lane，回收82个文库[0m
[32m2026-05-21 16:59:51[0m | [1mINFO    [0m | [1m未分配大簇专项regroup跳过: machine=Nova X-25B, count=41, data=1385.9G, reason=总量1385.9G低于最小门槛2095.0G[0m
[32m2026-05-21 16:59:51[0m | [1mINFO    [0m | [1m未分配大簇专项regroup跳过: machine=Nova X-25B, count=24, data=640.0G, reason=总量640.0G低于最小门槛2095.0G[0m
[32m2026-05-21 16:59:51[0m | [1mINFO    [0m | [1m未分配大簇专项regroup跳过: machine=Nova X-25B, count=25, data=610.0G, reason=总量610.0G低于最小门槛2095.0G[0m
[32m2026-05-21 16:59:51[0m | [1mINFO    [0m | [1m补Lane尝试: variant=full_priority, lane_prefix=RM, pool_size=383, pool_data=5039.054G, prioritize_scattered_mix=True[0m
[32m2026-05-21 16:59:51[0m | [1mINFO    [0m | [1m补Lane尝试: variant=non_clinical_relaxed, lane_prefix=RM, pool_size=383, pool_data=5039.054G, prioritize_scattered_mix=False[0m
[32m2026-05-21 16:59:51[0m | [1mINFO    [0m | [1m补Lane尝试: variant=full_priority, lane_prefix=RM, pool_size=243, pool_data=2796.770G, prioritize_scattered_mix=True[0m
[32m2026-05-21 16:59:51[0m | [1mINFO    [0m | [1m补Lane尝试: variant=non_clinical_relaxed, lane_prefix=RM, pool_size=243, pool_data=2796.770G, prioritize_scattered_mix=False[0m
[32m2026-05-21 16:59:52[0m | [1mINFO    [0m | [1m补Lane尝试跳过: lane_prefix=GL, pool_size=58, pool_data=634.136G不足最小门槛2095.000G[0m
[32m2026-05-21 16:59:52[0m | [1mINFO    [0m | [1m最终导出前1.1封顶回收池重组补Lane完成: 新增Lane=2 (大簇专项=0, 混排lane=2, 普通lane=0), 剩余未分配=130[0m
[32m2026-05-21 16:59:52[0m | [1mINFO    [0m | [1m1.1首轮Lane加测/混合封顶生效: lane=RM_Nova X-25B_001, 保留150.0G, 回退115个/739.5G到未分配池 (单Lane上限150.0G)[0m
[32m2026-05-21 16:59:52[0m | [1mINFO    [0m | [1m1.1首轮Lane加测/混合封顶生效: lane=RM_Nova X-25B_002, 保留150.0G, 回退139个/1096.6G到未分配池 (单Lane上限150.0G)[0m
[32m2026-05-21 16:59:52[0m | [1mINFO    [0m | [1m最终导出前1.1回收池重组后单Lane加测/混合封顶完成: 调整Lane=2, 回退文库=254个/1836.1G[0m
[32m2026-05-21 16:59:52[0m | [33m[1mWARNING [0m | [33m[1mLane RM_Nova X-25B_001 终态过滤淘汰: ['Lane有效数据量1502.7G(原始1502.7G+平衡0.0G)低于下限2095G，规则=tj_1595_mode_1_1，需添加约592.3G的文库'][0m
[32m2026-05-21 16:59:52[0m | [33m[1mWARNING [0m | [33m[1mLane RM_Nova X-25B_002 终态过滤淘汰: ['Lane有效数据量1066.1G(原始1066.1G+平衡0.0G)低于下限2095G，规则=tj_1595_mode_1_1，需添加约1028.9G的文库'][0m
[32m2026-05-21 16:59:52[0m | [33m[1mWARNING [0m | [33m[1mLane内发现 1 个Index冲突[0m
[32m2026-05-21 16:59:52[0m | [33m[1mWARNING [0m | [33m[1mLane内发现 1 个Index冲突[0m
[32m2026-05-21 16:59:52[0m | [33m[1mWARNING [0m | [33m[1mLane内发现 1 个Index冲突[0m
[32m2026-05-21 16:59:52[0m | [33m[1mWARNING [0m | [33m[1mLane内发现 1 个Index冲突[0m
[32m2026-05-21 16:59:52[0m | [33m[1mWARNING [0m | [33m[1mLane内发现 1 个Index冲突[0m
[32m2026-05-21 16:59:52[0m | [33m[1mWARNING [0m | [33m[1mLane内发现 1 个Index冲突[0m
[32m2026-05-21 16:59:52[0m | [33m[1mWARNING [0m | [33m[1mLane内发现 1 个Index冲突[0m
[32m2026-05-21 16:59:52[0m | [33m[1mWARNING [0m | [33m[1mLane内发现 1 个Index冲突[0m
[32m2026-05-21 16:59:52[0m | [33m[1mWARNING [0m | [33m[1mLane内发现 1 个Index冲突[0m
[32m2026-05-21 16:59:52[0m | [33m[1mWARNING [0m | [33m[1mLane内发现 1 个Index冲突[0m
[32m2026-05-21 16:59:52[0m | [33m[1mWARNING [0m | [33m[1mLane内发现 1 个Index冲突[0m
[32m2026-05-21 16:59:52[0m | [33m[1mWARNING [0m | [33m[1mLane内发现 1 个Index冲突[0m
[32m2026-05-21 16:59:52[0m | [33m[1mWARNING [0m | [33m[1mLane内发现 1 个Index冲突[0m
[32m2026-05-21 16:59:52[0m | [33m[1mWARNING [0m | [33m[1mLane内发现 1 个Index冲突[0m
[32m2026-05-21 16:59:52[0m | [33m[1mWARNING [0m | [33m[1m终态总复核淘汰Lane RM_Nova X-25B_001: 回收25个原始文库到未分配池[0m
[32m2026-05-21 16:59:52[0m | [33m[1mWARNING [0m | [33m[1m终态总复核淘汰Lane RM_Nova X-25B_002: 回收46个原始文库到未分配池[0m
[32m2026-05-21 16:59:52[0m | [1mINFO    [0m | [1m终态总复核完成: 淘汰2条不合规非包Lane，回收71个文库到未分配池，当前有效Lane=21，未分配=455[0m
[32m2026-05-21 16:59:52[0m | [33m[1mWARNING [0m | [33m[1m最终导出前1.1回收池重组后封顶后二次总复核: 淘汰2条不合规Lane，回收71个文库[0m
[32m2026-05-21 16:59:52[0m | [1mINFO    [0m | [1marrange 收集排机结果，用于后续 prediction_delivery 预测[0m
[32m2026-05-21 16:59:52[0m | [33m[1mWARNING [0m | [33m[1m排机规则映射文件不存在，跳过显式排机规则解析: /data/work/yuyongpeng/liblane_v2_deepseek/paiji_complete2/merge_deal/config[0m
[32m2026-05-21 16:59:52[0m | [1mINFO    [0m | [1marrange Lane PKG_LANE_0001 排机浓度规则命中: special_10x_combo_group_b_non_customer_1_78, lsjnd=1.780[0m
[32m2026-05-21 16:59:52[0m | [1mINFO    [0m | [1marrange Lane PKG_LANE_0001 输出规则命中: fallback_machine_capacity, lsjfs=25B, lcxms=[0m
[32m2026-05-21 16:59:52[0m | [1mINFO    [0m | [1marrange Lane PKG_LANE_0001 显式排机规则: P7P5[0m
[32m2026-05-21 16:59:52[0m | [1mINFO    [0m | [1marrange Lane PKG_LANE_0002 排机浓度规则命中: special_10x_combo_group_b_non_customer_1_78, lsjnd=1.780[0m
[32m2026-05-21 16:59:52[0m | [1mINFO    [0m | [1marrange Lane PKG_LANE_0002 输出规则命中: fallback_machine_capacity, lsjfs=25B, lcxms=[0m
[32m2026-05-21 16:59:52[0m | [1mINFO    [0m | [1marrange Lane PKG_LANE_0002 显式排机规则: P7P5[0m
[32m2026-05-21 16:59:52[0m | [1mINFO    [0m | [1marrange Lane PKG_LANE_0003 排机浓度规则命中: special_10x_combo_group_b_non_customer_1_78, lsjnd=1.780[0m
[32m2026-05-21 16:59:52[0m | [1mINFO    [0m | [1marrange Lane PKG_LANE_0003 输出规则命中: fallback_machine_capacity, lsjfs=25B, lcxms=[0m
[32m2026-05-21 16:59:52[0m | [1mINFO    [0m | [1marrange Lane PKG_LANE_0003 显式排机规则: P7P5[0m
[32m2026-05-21 16:59:52[0m | [1mINFO    [0m | [1marrange Lane PKG_LANE_0004 排机浓度规则命中: special_10x_combo_group_b_non_customer_1_78, lsjnd=1.780[0m
[32m2026-05-21 16:59:52[0m | [1mINFO    [0m | [1marrange Lane PKG_LANE_0004 输出规则命中: fallback_machine_capacity, lsjfs=25B, lcxms=[0m
[32m2026-05-21 16:59:52[0m | [1mINFO    [0m | [1marrange Lane PKG_LANE_0004 显式排机规则: P7P5[0m
[32m2026-05-21 16:59:52[0m | [1mINFO    [0m | [1marrange Lane PKG_LANE_0005 排机浓度规则命中: special_10x_combo_group_b_non_customer_1_78, lsjnd=1.780[0m
[32m2026-05-21 16:59:52[0m | [1mINFO    [0m | [1marrange Lane PKG_LANE_0005 输出规则命中: fallback_machine_capacity, lsjfs=25B, lcxms=[0m
[32m2026-05-21 16:59:52[0m | [1mINFO    [0m | [1marrange Lane PKG_LANE_0005 显式排机规则: P7P5[0m
[32m2026-05-21 16:59:52[0m | [1mINFO    [0m | [1marrange Lane PKG_LANE_0006 排机浓度规则命中: special_10x_combo_group_b_non_customer_1_78, lsjnd=1.780[0m
[32m2026-05-21 16:59:52[0m | [1mINFO    [0m | [1marrange Lane PKG_LANE_0006 输出规则命中: fallback_machine_capacity, lsjfs=25B, lcxms=[0m
[32m2026-05-21 16:59:52[0m | [1mINFO    [0m | [1marrange Lane PKG_LANE_0006 显式排机规则: P7P5[0m
[32m2026-05-21 16:59:52[0m | [1mINFO    [0m | [1marrange Lane PKG_LANE_0007 排机浓度规则命中: special_10x_combo_group_b_non_customer_1_78, lsjnd=1.780[0m
[32m2026-05-21 16:59:52[0m | [1mINFO    [0m | [1marrange Lane PKG_LANE_0007 输出规则命中: fallback_machine_capacity, lsjfs=25B, lcxms=[0m
[32m2026-05-21 16:59:52[0m | [1mINFO    [0m | [1marrange Lane PKG_LANE_0007 显式排机规则: P7P5[0m
[32m2026-05-21 16:59:52[0m | [1mINFO    [0m | [1marrange Lane PKG_LANE_0008 排机浓度规则命中: special_10x_combo_group_b_non_customer_1_78, lsjnd=1.780[0m
[32m2026-05-21 16:59:52[0m | [1mINFO    [0m | [1marrange Lane PKG_LANE_0008 输出规则命中: fallback_machine_capacity, lsjfs=25B, lcxms=[0m
[32m2026-05-21 16:59:52[0m | [1mINFO    [0m | [1marrange Lane PKG_LANE_0008 显式排机规则: P7P5[0m
[32m2026-05-21 16:59:52[0m | [1mINFO    [0m | [1marrange Lane MS_Nova X-25B_001 排机浓度规则命中: no_loading_concentration_rule_matched, lsjnd=[0m
[32m2026-05-21 16:59:52[0m | [1mINFO    [0m | [1marrange Lane MS_Nova X-25B_001 输出规则命中: tj_1595_standard_pe150_25b, lsjfs=25B, lcxms=3.6T-NEW[0m
[32m2026-05-21 16:59:52[0m | [1mINFO    [0m | [1marrange Lane MS_Nova X-25B_001 显式排机规则: P7P5[0m
[32m2026-05-21 16:59:52[0m | [1mINFO    [0m | [1marrange Lane MS_Nova X-25B_002 排机浓度规则命中: no_loading_concentration_rule_matched, lsjnd=[0m
[32m2026-05-21 16:59:52[0m | [1mINFO    [0m | [1marrange Lane MS_Nova X-25B_002 输出规则命中: tj_1595_standard_pe150_25b, lsjfs=25B, lcxms=3.6T-NEW[0m
[32m2026-05-21 16:59:52[0m | [1mINFO    [0m | [1marrange Lane MS_Nova X-25B_002 显式排机规则: P7P5[0m
[32m2026-05-21 16:59:52[0m | [1mINFO    [0m | [1marrange Lane MS_Nova X-25B_003 排机浓度规则命中: no_loading_concentration_rule_matched, lsjnd=[0m
[32m2026-05-21 16:59:52[0m | [1mINFO    [0m | [1marrange Lane MS_Nova X-25B_003 输出规则命中: tj_1595_standard_pe150_25b, lsjfs=25B, lcxms=3.6T-NEW[0m
[32m2026-05-21 16:59:52[0m | [1mINFO    [0m | [1marrange Lane MS_Nova X-25B_003 显式排机规则: P7P5[0m
[32m2026-05-21 16:59:52[0m | [1mINFO    [0m | [1marrange Lane MS_Nova X-25B_004 排机浓度规则命中: no_loading_concentration_rule_matched, lsjnd=[0m
[32m2026-05-21 16:59:52[0m | [1mINFO    [0m | [1marrange Lane MS_Nova X-25B_004 输出规则命中: tj_1595_standard_pe150_25b, lsjfs=25B, lcxms=3.6T-NEW[0m
[32m2026-05-21 16:59:52[0m | [1mINFO    [0m | [1marrange Lane MS_Nova X-25B_004 显式排机规则: P7P5[0m
[32m2026-05-21 16:59:52[0m | [1mINFO    [0m | [1marrange Lane MS_Nova X-25B_005 排机浓度规则命中: no_loading_concentration_rule_matched, lsjnd=[0m
[32m2026-05-21 16:59:52[0m | [1mINFO    [0m | [1marrange Lane MS_Nova X-25B_005 输出规则命中: tj_1595_standard_pe150_25b, lsjfs=25B, lcxms=3.6T-NEW[0m
[32m2026-05-21 16:59:52[0m | [1mINFO    [0m | [1marrange Lane MS_Nova X-25B_005 显式排机规则: P7P5[0m
[32m2026-05-21 16:59:52[0m | [1mINFO    [0m | [1marrange Lane MS_Nova X-25B_006 排机浓度规则命中: no_loading_concentration_rule_matched, lsjnd=[0m
[32m2026-05-21 16:59:52[0m | [1mINFO    [0m | [1marrange Lane MS_Nova X-25B_006 输出规则命中: tj_1595_standard_pe150_25b, lsjfs=25B, lcxms=3.6T-NEW[0m
[32m2026-05-21 16:59:52[0m | [1mINFO    [0m | [1marrange Lane MS_Nova X-25B_006 显式排机规则: P7P5[0m
[32m2026-05-21 16:59:52[0m | [1mINFO    [0m | [1marrange Lane MS_Nova X-25B_007 排机浓度规则命中: no_loading_concentration_rule_matched, lsjnd=[0m
[32m2026-05-21 16:59:52[0m | [1mINFO    [0m | [1marrange Lane MS_Nova X-25B_007 输出规则命中: tj_1595_standard_pe150_25b, lsjfs=25B, lcxms=3.6T-NEW[0m
[32m2026-05-21 16:59:52[0m | [1mINFO    [0m | [1marrange Lane MS_Nova X-25B_007 显式排机规则: P7P5[0m
[32m2026-05-21 16:59:52[0m | [1mINFO    [0m | [1marrange Lane MS_Nova X-25B_008 排机浓度规则命中: no_loading_concentration_rule_matched, lsjnd=[0m
[32m2026-05-21 16:59:52[0m | [1mINFO    [0m | [1marrange Lane MS_Nova X-25B_008 输出规则命中: tj_1595_standard_pe150_25b, lsjfs=25B, lcxms=3.6T-NEW[0m
[32m2026-05-21 16:59:52[0m | [1mINFO    [0m | [1marrange Lane MS_Nova X-25B_008 显式排机规则: P7P5[0m
[32m2026-05-21 16:59:52[0m | [1mINFO    [0m | [1marrange Lane MS_Nova X-25B_009 排机浓度规则命中: no_loading_concentration_rule_matched, lsjnd=[0m
[32m2026-05-21 16:59:52[0m | [1mINFO    [0m | [1marrange Lane MS_Nova X-25B_009 输出规则命中: tj_1595_standard_pe150_25b, lsjfs=25B, lcxms=3.6T-NEW[0m
[32m2026-05-21 16:59:52[0m | [1mINFO    [0m | [1marrange Lane MS_Nova X-25B_009 显式排机规则: P7P5[0m
[32m2026-05-21 16:59:52[0m | [1mINFO    [0m | [1marrange Lane DL_Nova X-25B_001 排机浓度规则命中: no_loading_concentration_rule_matched, lsjnd=[0m
[32m2026-05-21 16:59:52[0m | [1mINFO    [0m | [1marrange Lane DL_Nova X-25B_001 输出规则命中: tj_1595_mode_1_1, lsjfs=25B, lcxms=1.1[0m
[32m2026-05-21 16:59:52[0m | [1mINFO    [0m | [1marrange Lane DL_Nova X-25B_001 显式排机规则: P7P5[0m
[32m2026-05-21 16:59:52[0m | [1mINFO    [0m | [1marrange Lane DL_Nova X-25B_002 排机浓度规则命中: special_10x_combo_group_b_non_customer_1_78, lsjnd=1.780[0m
[32m2026-05-21 16:59:52[0m | [1mINFO    [0m | [1marrange Lane DL_Nova X-25B_002 输出规则命中: tj_1595_mode_1_1_special_combo, lsjfs=25B, lcxms=1.1[0m
[32m2026-05-21 16:59:52[0m | [1mINFO    [0m | [1marrange Lane DL_Nova X-25B_002 显式排机规则: P7P5[0m
[32m2026-05-21 16:59:52[0m | [1mINFO    [0m | [1marrange Lane MS_Nova X-25B_011 排机浓度规则命中: no_loading_concentration_rule_matched, lsjnd=[0m
[32m2026-05-21 16:59:52[0m | [1mINFO    [0m | [1marrange Lane MS_Nova X-25B_011 输出规则命中: tj_1595_standard_pe150_25b, lsjfs=25B, lcxms=3.6T-NEW[0m
[32m2026-05-21 16:59:52[0m | [1mINFO    [0m | [1marrange Lane MS_Nova X-25B_011 显式排机规则: P7P5[0m
[32m2026-05-21 16:59:52[0m | [1mINFO    [0m | [1marrange Lane MS_Nova X-25B_012 排机浓度规则命中: no_loading_concentration_rule_matched, lsjnd=[0m
[32m2026-05-21 16:59:52[0m | [1mINFO    [0m | [1marrange Lane MS_Nova X-25B_012 输出规则命中: tj_1595_standard_pe150_25b, lsjfs=25B, lcxms=3.6T-NEW[0m
[32m2026-05-21 16:59:52[0m | [1mINFO    [0m | [1marrange Lane MS_Nova X-25B_012 显式排机规则: P7P5[0m
/data/work/yuyongpeng/liblane_v2_deepseek/paiji_complete2/paiji_complete/arrange_library/arrange_library_model6.py:14705: FutureWarning: Downcasting object dtype arrays on .fillna, .ffill, .bfill is deprecated and will change in a future version. Call result.infer_objects(copy=False) instead. To opt-in to the future behavior, set `pd.set_option('future.no_silent_downcasting', True)`
  balance_mask = df[BALANCE_LIBRARY_MARKER_COLUMN].fillna(False).astype(bool)
[32m2026-05-21 16:59:52[0m | [1mINFO    [0m | [1m明细输出完成: arrange_library/288_sta_arrange.csv[0m
[32m2026-05-21 16:59:52[0m | [1mINFO    [0m | [1m
================================================================================[0m
[32m2026-05-21 16:59:52[0m | [1mINFO    [0m | [1m步骤3: 跳过 prediction_delivery，保留下单量/预测产出空字段[0m
[32m2026-05-21 16:59:52[0m | [1mINFO    [0m | [1m================================================================================[0m
[32m2026-05-21 16:59:52[0m | [1mINFO    [0m | [1m已跳过 prediction_delivery 模型预测，输出保留下单量/预测产出字段空值: arrange_library/288_sta_arrange.csv[0m
[32m2026-05-21 16:59:52[0m | [1mINFO    [0m | [1m输出后处理完成: 记录数=778, 平均下单量=nanG, 平均产出量=nanG[0m
[32m2026-05-21 16:59:52[0m | [1mINFO    [0m | [1m
端到端排机完成！[0m
[32m2026-05-21 16:59:52[0m | [1mINFO    [0m | [1m最终输出文件: arrange_library/288_sta_arrange.csv[0m
[32m2026-05-21 16:59:52[0m | [1mINFO    [0m | [1m================================================================================[0m
