2026-05-21 13:39:58.381 | INFO     | arrange_library.core.constraints.index_validator_verified:__init__:75 - Index校验器初始化完成（真实数据验证版本）
2026-05-21 13:39:58.877 | INFO     | arrange_library.core.constraints.index_validator_verified:__init__:75 - Index校验器初始化完成（真实数据验证版本）
[32m2026-05-21 13:39:58[0m | [1mINFO    [0m | [1m================================================================================[0m
[32m2026-05-21 13:39:58[0m | [1mINFO    [0m | [1marrange_library: 端到端排机流程 - 排机与 Pooling 预测[0m
[32m2026-05-21 13:39:58[0m | [1mINFO    [0m | [1m================================================================================[0m
[32m2026-05-21 13:39:58[0m | [1mINFO    [0m | [1m调用时间: 2026-05-21 13:39:58[0m
[32m2026-05-21 13:39:58[0m | [1mINFO    [0m | [1m随机种子: 42 (固定，确保可复现)[0m
[32m2026-05-21 13:39:58[0m | [1mINFO    [0m | [1m运行模式: arrange[0m
[32m2026-05-21 13:39:58[0m | [1mINFO    [0m | [1m
使用数据文件: arrange_library/3_sta.csv[0m
[32m2026-05-21 13:39:58[0m | [1mINFO    [0m | [1m从标准化CSV文件加载数据: arrange_library/3_sta.csv[0m
[32m2026-05-21 13:39:58[0m | [1mINFO    [0m | [1m读取 625 行数据[0m
[32m2026-05-21 13:39:59[0m | [1mINFO    [0m | [1m成功创建 625 个文库对象[0m
[32m2026-05-21 13:39:59[0m | [1mINFO    [0m | [1m成功转换 625 个测试文库[0m
[32m2026-05-21 13:39:59[0m | [1mINFO    [0m | [1mAI可排文库筛选完成: 可排=625，不可排=0，机型排除=0[0m
[32m2026-05-21 13:39:59[0m | [1mINFO    [0m | [1m统一排机规则配置已加载: profiles=7, constraints=2, loading_rules=4[0m
[32m2026-05-21 13:39:59[0m | [1mINFO    [0m | [1m1.1模式规则配置加载完成: /data/work/yuyongpeng/liblane_v2_deepseek/paiji_complete2/paiji_complete/arrange_library/config/mode_1_1_rules.json[0m
[32m2026-05-21 13:39:59[0m | [1mINFO    [0m | [1m排机配置管理器初始化完成[0m
[32m2026-05-21 13:39:59[0m | [1mINFO    [0m | [1m
================================================================================[0m
[32m2026-05-21 13:39:59[0m | [1mINFO    [0m | [1m步骤0.9: 提前处理1.1第二轮历史固定组合文库[0m
[32m2026-05-21 13:39:59[0m | [1mINFO    [0m | [1m================================================================================[0m
[32m2026-05-21 13:39:59[0m | [1mINFO    [0m | [1m1.1第二轮候选识别: 无符合条件的候选文库[0m
[32m2026-05-21 13:39:59[0m | [1mINFO    [0m | [1m1.1第二轮历史Lane前置直出: 无候选文库[0m
[32m2026-05-21 13:39:59[0m | [1mINFO    [0m | [1m
================================================================================[0m
[32m2026-05-21 13:39:59[0m | [1mINFO    [0m | [1m步骤1: 处理包Lane文库（wkbaleno字段有值的文库）[0m
[32m2026-05-21 13:39:59[0m | [1mINFO    [0m | [1m================================================================================[0m
[32m2026-05-21 13:39:59[0m | [1mINFO    [0m | [1m包Lane文库数: 6[0m
[32m2026-05-21 13:39:59[0m | [1mINFO    [0m | [1m普通文库数: 619[0m
[32m2026-05-21 13:39:59[0m | [1mINFO    [0m | [1m
使用PackageLaneScheduler处理包Lane文库...[0m
[32m2026-05-21 13:39:59[0m | [33m[1mWARNING [0m | [33m[1mPooling配置表不存在: /data/work/yuyongpeng/liblane_v2_deepseek/data/wktype_pooling_config.xlsx，将使用默认策略[0m
[32m2026-05-21 13:39:59[0m | [1mINFO    [0m | [1m产出效率修正表不存在: /data/work/yuyongpeng/liblane_v2_deepseek/data/production_efficiency_correction.csv，跳过后校准[0m
[32m2026-05-21 13:39:59[0m | [33m[1mWARNING [0m | [33m[1m模型文件不存在: models/loutput_pre_lane_v5/lightgbm_model.pkl[0m
[32m2026-05-21 13:39:59[0m | [33m[1mWARNING [0m | [33m[1mloutput预测器不可用，将使用规则降级策略[0m
[32m2026-05-21 13:39:59[0m | [1mINFO    [0m | [1m包Lane/FC排机程序初始化完成[0m
[32m2026-05-21 13:39:59[0m | [1mINFO    [0m | [1m============================================================[0m
[32m2026-05-21 13:39:59[0m | [1mINFO    [0m | [1m 开始包Lane/FC排机[0m
[32m2026-05-21 13:39:59[0m | [1mINFO    [0m | [1m============================================================[0m
[32m2026-05-21 13:39:59[0m | [1mINFO    [0m | [1m待排机文库总数: 6[0m
[32m2026-05-21 13:39:59[0m | [1mINFO    [0m | [1m文库 12532195 检测到多个包Lane编号 ['C2611046783', 'C2611046784', 'C2611046785', 'C2611046786', 'C2611046787', 'C2611046788', 'C2611046789', 'C2611046790']，按8份执行专用拆分[0m
[32m2026-05-21 13:39:59[0m | [1mINFO    [0m | [1m  包Lane文库: 13[0m
[32m2026-05-21 13:39:59[0m | [1mINFO    [0m | [1m  Lane ID文库: 0[0m
[32m2026-05-21 13:39:59[0m | [1mINFO    [0m | [1m  包FC文库: 0[0m
[32m2026-05-21 13:39:59[0m | [1mINFO    [0m | [1m  RunCycle文库: 0[0m
[32m2026-05-21 13:39:59[0m | [1mINFO    [0m | [1m  普通文库: 0[0m
[32m2026-05-21 13:39:59[0m | [1mINFO    [0m | [1mIndex校验器初始化完成（真实数据验证版本）[0m
[32m2026-05-21 13:39:59[0m | [1mINFO    [0m | [1mIndex校验器初始化完成（真实数据验证版本）[0m
[32m2026-05-21 13:39:59[0m | [1mINFO    [0m | [1mIndex校验器初始化完成（真实数据验证版本）[0m
[32m2026-05-21 13:39:59[0m | [1mINFO    [0m | [1mIndex校验器初始化完成（真实数据验证版本）[0m
[32m2026-05-21 13:39:59[0m | [1mINFO    [0m | [1mIndex校验器初始化完成（真实数据验证版本）[0m
[32m2026-05-21 13:39:59[0m | [1mINFO    [0m | [1mIndex校验器初始化完成（真实数据验证版本）[0m
[32m2026-05-21 13:39:59[0m | [1mINFO    [0m | [1mIndex校验器初始化完成（真实数据验证版本）[0m
[32m2026-05-21 13:39:59[0m | [1mINFO    [0m | [1mIndex校验器初始化完成（真实数据验证版本）[0m
[32m2026-05-21 13:39:59[0m | [1mINFO    [0m | [1mIndex校验器初始化完成（真实数据验证版本）[0m
[32m2026-05-21 13:39:59[0m | [1mINFO    [0m | [1m------------------------------------------------------------[0m
[32m2026-05-21 13:39:59[0m | [1mINFO    [0m | [1m 包Lane/FC排机结果:[0m
[32m2026-05-21 13:39:59[0m | [1mINFO    [0m | [1m  生成Run数: 2[0m
[32m2026-05-21 13:39:59[0m | [1mINFO    [0m | [1m  生成Lane数: 9[0m
[32m2026-05-21 13:39:59[0m | [1mINFO    [0m | [1m  排机文库数: 13[0m
[32m2026-05-21 13:39:59[0m | [1mINFO    [0m | [1m  剩余文库数: 0[0m
[32m2026-05-21 13:39:59[0m | [1mINFO    [0m | [1m============================================================[0m
[32m2026-05-21 13:39:59[0m | [1mINFO    [0m | [1m包Lane处理结果:[0m
[32m2026-05-21 13:39:59[0m | [1mINFO    [0m | [1m  - 成功生成Run数: 2[0m
[32m2026-05-21 13:39:59[0m | [1mINFO    [0m | [1m  - 成功生成Lane数: 9[0m
[32m2026-05-21 13:39:59[0m | [1mINFO    [0m | [1m  - 已分配文库数: 13[0m
[32m2026-05-21 13:39:59[0m | [1mINFO    [0m | [1m  - 失败包数: 0[0m
[32m2026-05-21 13:39:59[0m | [1mINFO    [0m | [1m  - 剩余未分配: 0[0m
[32m2026-05-21 13:39:59[0m | [1mINFO    [0m | [1m
包Lane处理完成，形成9条包Lane[0m
[32m2026-05-21 13:39:59[0m | [1mINFO    [0m | [1m剩余619个文库进入普通排机流程[0m
[32m2026-05-21 13:39:59[0m | [1mINFO    [0m | [1m
================================================================================[0m
[32m2026-05-21 13:39:59[0m | [1mINFO    [0m | [1m步骤1.2: 处理10+24 Lane seq文库[0m
[32m2026-05-21 13:39:59[0m | [1mINFO    [0m | [1m================================================================================[0m
[32m2026-05-21 13:39:59[0m | [1mINFO    [0m | [1m10+24 Lane seq成Lane成功: lane=LS_NovaX-25B_001, 文库数=5, 合同量=950.000G, 平衡文库=50.000G, 有效总量=1000.000G[0m
[32m2026-05-21 13:39:59[0m | [1mINFO    [0m | [1m10+24 Lane seq成Lane成功: lane=LS_NovaX-25B_002, 文库数=13, 合同量=949.500G, 平衡文库=49.974G, 有效总量=999.474G[0m
[32m2026-05-21 13:39:59[0m | [1mINFO    [0m | [1m10+24 Lane seq处理完成: 输入文库=18, 生成Lane=2, 未分配=0[0m
[32m2026-05-21 13:39:59[0m | [1mINFO    [0m | [1m
================================================================================[0m
[32m2026-05-21 13:39:59[0m | [1mINFO    [0m | [1m步骤1.3: 1.1前碱基不均衡专Lane预抽取[0m
[32m2026-05-21 13:39:59[0m | [1mINFO    [0m | [1m================================================================================[0m
[32m2026-05-21 13:39:59[0m | [1mINFO    [0m | [1mIndex校验器初始化完成（真实数据验证版本）[0m
[32m2026-05-21 13:39:59[0m | [1mINFO    [0m | [1mIndex校验器初始化完成（真实数据验证版本）[0m
[32m2026-05-21 13:39:59[0m | [1mINFO    [0m | [1m成Lane校验程序初始化完成 (严格模式: True, 碱基不均衡上限: 35%, 特殊文库关键词: 9个)[0m
[32m2026-05-21 13:39:59[0m | [33m[1mWARNING [0m | [33m[1mPooling配置表不存在: /data/work/yuyongpeng/liblane_v2_deepseek/data/wktype_pooling_config.xlsx，将使用默认策略[0m
[32m2026-05-21 13:39:59[0m | [1mINFO    [0m | [1m产出效率修正表不存在: /data/work/yuyongpeng/liblane_v2_deepseek/data/production_efficiency_correction.csv，跳过后校准[0m
[32m2026-05-21 13:39:59[0m | [33m[1mWARNING [0m | [33m[1m模型文件不存在: models/loutput_pre_lane_v5/lightgbm_model.pkl[0m
[32m2026-05-21 13:39:59[0m | [33m[1mWARNING [0m | [33m[1mloutput预测器不可用，将使用规则降级策略[0m
[32m2026-05-21 13:39:59[0m | [1mINFO    [0m | [1m逐Lane贪心排机器初始化完成 - 基础容量: 985.0GB, 利用率区间: [100%, 100%], 配置模式: 按机型自动[0m
[32m2026-05-21 13:39:59[0m | [1mINFO    [0m | [1m启用检查: Index=True, 碱基不均衡=True, 规则检查器=False[0m
[32m2026-05-21 13:39:59[0m | [1mINFO    [0m | [1m专用Lane分组G25剩余合同量66.0G无法满足1.1或3.6T-NEW有效容量下限[0m
[32m2026-05-21 13:39:59[0m | [1mINFO    [0m | [1m专用Lane分组G31剩余合同量42.8G无法满足1.1或3.6T-NEW有效容量下限[0m
[32m2026-05-21 13:39:59[0m | [1mINFO    [0m | [1m专用Lane分组G26剩余合同量6.0G无法满足1.1或3.6T-NEW有效容量下限[0m
[32m2026-05-21 13:39:59[0m | [1mINFO    [0m | [1mIndex校验器初始化完成（真实数据验证版本）[0m
[32m2026-05-21 13:39:59[0m | [1mINFO    [0m | [1m成Lane校验程序初始化完成 (严格模式: False, 碱基不均衡上限: 35%, 特殊文库关键词: 9个)[0m
[32m2026-05-21 13:39:59[0m | [1mINFO    [0m | [1m专用Lane DL_Nova X-25B_001 形成成功 - 分组=G4, 碱基不均衡=1037.6G, 平衡文库=0.0G, 总量(含平衡)=1037.6G, 模式=3.6T-NEW, 容量规则=tj_1595_special_combo_36t[0m
[32m2026-05-21 13:39:59[0m | [1mINFO    [0m | [1m专用Lane分组G4剩余合同量689.3G无法满足1.1或3.6T-NEW有效容量下限[0m
[32m2026-05-21 13:39:59[0m | [1mINFO    [0m | [1mIndex校验器初始化完成（真实数据验证版本）[0m
[32m2026-05-21 13:39:59[0m | [1mINFO    [0m | [1m成Lane校验程序初始化完成 (严格模式: False, 碱基不均衡上限: 35%, 特殊文库关键词: 9个)[0m
[32m2026-05-21 13:39:59[0m | [1mINFO    [0m | [1m专用Lane DL_Nova X-25B_002 形成成功 - 分组=G34, 碱基不均衡=1000.0G, 平衡文库=0.0G, 总量(含平衡)=1000.0G, 模式=3.6T-NEW, 容量规则=tj_1595_special_combo_36t[0m
[32m2026-05-21 13:39:59[0m | [1mINFO    [0m | [1m专用Lane分组G34剩余合同量500.0G无法满足1.1或3.6T-NEW有效容量下限[0m
[32m2026-05-21 13:39:59[0m | [1mINFO    [0m | [1m全局跨机型碱基不均专Lane预抽取: 承载机型=Nova X-25B, 生成Lane=2, 消耗2037.6G, 剩余不均文库=27个/1329.2G[0m
[32m2026-05-21 13:39:59[0m | [1mINFO    [0m | [1m全局碱基不均专Lane预抽取完成: 生成Lane=2, 后续普通排机池 601 -> 578[0m
[32m2026-05-21 13:39:59[0m | [1mINFO    [0m | [1m1.1前碱基不均衡专Lane预抽取完成: 生成Lane=2, 剩余进入1.1普通尝试文库=578[0m
[32m2026-05-21 13:39:59[0m | [1mINFO    [0m | [1m
================================================================================[0m
[32m2026-05-21 13:39:59[0m | [1mINFO    [0m | [1m步骤1.5: 1.1首轮排机[0m
[32m2026-05-21 13:39:59[0m | [1mINFO    [0m | [1m================================================================================[0m
[32m2026-05-21 13:39:59[0m | [1mINFO    [0m | [1m命中拆分规则且当前合同量>500G的原始文库9个：从1.1候选池移出，保留到3.6T-NEW流程拆分与排机[0m
[32m2026-05-21 13:39:59[0m | [1mINFO    [0m | [1m步骤1.5-1: 1.1首轮使用剩余未成Lane全集，候选569个文库[0m
[32m2026-05-21 13:39:59[0m | [1mINFO    [0m | [1m1.1首轮策略: expensive_rescue=True, peak_window_mixed=False, post_fill_optimization=True, rule_bucket_prescheduling=True[0m
[32m2026-05-21 13:39:59[0m | [1mINFO    [0m | [1m
================================================================================[0m
[32m2026-05-21 13:39:59[0m | [1mINFO    [0m | [1m排机流程：纯规则排机[0m
[32m2026-05-21 13:39:59[0m | [1mINFO    [0m | [1m================================================================================[0m
[32m2026-05-21 13:39:59[0m | [1mINFO    [0m | [1mIndex校验器初始化完成（真实数据验证版本）[0m
[32m2026-05-21 13:39:59[0m | [1mINFO    [0m | [1mIndex校验器初始化完成（真实数据验证版本）[0m
[32m2026-05-21 13:39:59[0m | [1mINFO    [0m | [1m成Lane校验程序初始化完成 (严格模式: True, 碱基不均衡上限: 35%, 特殊文库关键词: 9个)[0m
[32m2026-05-21 13:39:59[0m | [33m[1mWARNING [0m | [33m[1mPooling配置表不存在: /data/work/yuyongpeng/liblane_v2_deepseek/data/wktype_pooling_config.xlsx，将使用默认策略[0m
[32m2026-05-21 13:39:59[0m | [1mINFO    [0m | [1m产出效率修正表不存在: /data/work/yuyongpeng/liblane_v2_deepseek/data/production_efficiency_correction.csv，跳过后校准[0m
[32m2026-05-21 13:39:59[0m | [33m[1mWARNING [0m | [33m[1m模型文件不存在: models/loutput_pre_lane_v5/lightgbm_model.pkl[0m
[32m2026-05-21 13:39:59[0m | [33m[1mWARNING [0m | [33m[1mloutput预测器不可用，将使用规则降级策略[0m
[32m2026-05-21 13:39:59[0m | [1mINFO    [0m | [1m逐Lane贪心排机器初始化完成 - 基础容量: 985.0GB, 利用率区间: [100%, 100%], 配置模式: 按机型自动[0m
[32m2026-05-21 13:39:59[0m | [1mINFO    [0m | [1m启用检查: Index=True, 碱基不均衡=True, 规则检查器=False[0m
[32m2026-05-21 13:39:59[0m | [1mINFO    [0m | [1m排机阶段：Pooling优化器已禁用（V6流程不需要）[0m
[32m2026-05-21 13:39:59[0m | [1mINFO    [0m | [1mIndex校验器初始化完成（真实数据验证版本）[0m
[32m2026-05-21 13:39:59[0m | [1mINFO    [0m | [1m成Lane校验程序初始化完成 (严格模式: True, 碱基不均衡上限: 35%, 特殊文库关键词: 9个)[0m
[32m2026-05-21 13:39:59[0m | [1mINFO    [0m | [1m严格校验容量区间改为按统一配置表动态解析[0m
[32m2026-05-21 13:39:59[0m | [1mINFO    [0m | [1m主流程前置拆分完成: 无需拆分[0m
[32m2026-05-21 13:39:59[0m | [1mINFO    [0m | [1mPeak窗口混排预构Lane已按调用方要求关闭[0m
[32m2026-05-21 13:39:59[0m | [1mINFO    [0m | [1m主流程规则分桶预调度: bucket=manual_or_risk:（极速周期）清华项目1000个自建库测序+2000个RNA文库测序技术服务（委托）合同|S|客户-真核普通转录组文库|NA|MANUAL_RISK, count=29, data=2145.5G[0m
[32m2026-05-21 13:39:59[0m | [1mINFO    [0m | [1m开始逐Lane贪心排机 - 文库数: 29[0m
[32m2026-05-21 13:39:59[0m | [1mINFO    [0m | [1m预拆分完成: 使用外层已拆分文库[0m
[32m2026-05-21 13:39:59[0m | [1mINFO    [0m | [1m===== 批次全局分析报告 =====[0m
[32m2026-05-21 13:39:59[0m | [1mINFO    [0m | [1m机器类型: Nova X-25B[0m
[32m2026-05-21 13:39:59[0m | [1mINFO    [0m | [1m文库总数: 29[0m
[32m2026-05-21 13:39:59[0m | [1mINFO    [0m | [1m总数据量: 2145.5 GB[0m
[32m2026-05-21 13:39:59[0m | [1mINFO    [0m | [1m预估Lane数: 1~2[0m
[32m2026-05-21 13:39:59[0m | [1mINFO    [0m | [1m--- 特征标记 ---[0m
[32m2026-05-21 13:39:59[0m | [1mINFO    [0m | [1m  包Lane文库: 无[0m
[32m2026-05-21 13:39:59[0m | [1mINFO    [0m | [1m  碱基不均衡: 无[0m
[32m2026-05-21 13:39:59[0m | [1mINFO    [0m | [1m  客户文库:   无[0m
[32m2026-05-21 13:39:59[0m | [1mINFO    [0m | [1m  10bp文库:   有[0m
[32m2026-05-21 13:39:59[0m | [1mINFO    [0m | [1m  非10bp文库: 无[0m
[32m2026-05-21 13:39:59[0m | [1mINFO    [0m | [1m  特殊组合:   无[0m
[32m2026-05-21 13:39:59[0m | [1mINFO    [0m | [1m--- 分组画像 ---[0m
[32m2026-05-21 13:39:59[0m | [1mINFO    [0m | [1m  [10bp] 10碱基文库: 29个文库, 2145.5GB, 预估1~2条Lane[0m
[32m2026-05-21 13:39:59[0m | [1mINFO    [0m | [1m  [all] 全部文库: 29个文库, 2145.5GB, 预估1~2条Lane[0m
[32m2026-05-21 13:39:59[0m | [1mINFO    [0m | [1m--- 策略建议 ---[0m
[32m2026-05-21 13:39:59[0m | [1mINFO    [0m | [1m  - 数据分布较均匀，可按常规贪心排机流程处理[0m
[32m2026-05-21 13:39:59[0m | [1mINFO    [0m | [1m===== 报告结束 =====[0m
[32m2026-05-21 13:39:59[0m | [1mINFO    [0m | [1m保留外部传入的策略执行计划，仅使用批次分析报告[0m
[32m2026-05-21 13:39:59[0m | [1mINFO    [0m | [1m处理机器类型 Nova X-25B - 文库数: 26 - Lane容量: 1050.0GB, 利用率区间: [100%, 100%], 特殊文库上限: 350GB[0m
[32m2026-05-21 13:39:59[0m | [1mINFO    [0m | [1m处理机器类型 NovaSeq X Plus - 文库数: 3 - Lane容量: 1100GB, 利用率区间: [100%, 100%], 特殊文库上限: 350GB[0m
[32m2026-05-21 13:39:59[0m | [1mINFO    [0m | [1m剩余池总量2.3GB不足最小成Lane门槛2095.0GB，跳过后续随机重试[0m
[32m2026-05-21 13:39:59[0m | [1mINFO    [0m | [1m最后填充策略: 尝试将3个未分配文库塞入已有Lane[0m
[32m2026-05-21 13:39:59[0m | [1mINFO    [0m | [1m最后填充策略: 成功塞入2个文库，踢出0个违反规则的文库，剩余1个无法分配[0m
[32m2026-05-21 13:39:59[0m | [1mINFO    [0m | [1m挪移优化: 未分配1个文库(1GB)，需要从现有Lane挪出2094GB[0m
[32m2026-05-21 13:39:59[0m | [33m[1mWARNING [0m | [33m[1m挪移优化: 挪出数据量46GB不足，放弃挪移[0m
[32m2026-05-21 13:39:59[0m | [1mINFO    [0m | [1m逐Lane贪心排机完成 - Lane数: 1, 已分配: 28/29, 未分配: 1, 平均利用率: 98.6%, 耗时: 0.04秒[0m
[32m2026-05-21 13:39:59[0m | [1mINFO    [0m | [1mIndex校验器初始化完成（真实数据验证版本）[0m
[32m2026-05-21 13:39:59[0m | [1mINFO    [0m | [1m成Lane校验程序初始化完成 (严格模式: False, 碱基不均衡上限: 35%, 特殊文库关键词: 9个)[0m
[32m2026-05-21 13:39:59[0m | [1mINFO    [0m | [1m最终验证结果: 1条Lane通过，1个文库未分配[0m
[32m2026-05-21 13:39:59[0m | [1mINFO    [0m | [1m主流程规则分桶跳过: bucket=manual_or_risk:（极速周期）北大SH自建库散样XP建库测序技术服务（委托）合同|S|客户-真核普通转录组文库|NA|SCATTERED+MANUAL_RISK, count=2, reason=总量400.0G低于最小门槛2095.0G[0m
[32m2026-05-21 13:39:59[0m | [1mINFO    [0m | [1m主流程规则分桶跳过: bucket=manual_or_risk:中药所9个单细胞+9个转录组分析技术服务（委托）合同|S|墨卓转录组-3端文库|NA|MANUAL_RISK+IMBALANCE, count=3, reason=总量300.0G低于最小门槛1995.0G[0m
[32m2026-05-21 13:39:59[0m | [1mINFO    [0m | [1m主流程规则分桶跳过: bucket=manual_or_risk:国科大自建库测序NOVA X PLUS技术服务（委托）合同-2|S|客户-HI-C文库|NA|MANUAL_RISK, count=4, reason=总量253.7G低于最小门槛2095.0G[0m
[32m2026-05-21 13:39:59[0m | [1mINFO    [0m | [1m主流程规则分桶跳过: bucket=manual_or_risk:上海吉凯25年人WES年度协议测序分析技术服务（委托）合同Q1|S|外显子文库|NA|MANUAL_RISK, count=6, reason=总量240.0G低于最小门槛2095.0G[0m
[32m2026-05-21 13:39:59[0m | [1mINFO    [0m | [1m主流程规则分桶跳过: bucket=manual_or_risk:2025年未知君自建库测序分析技术服务（委托）合同|S|客户-META文库|NA|MANUAL_RISK, count=1, reason=总量192.0G低于最小门槛2095.0G[0m
[32m2026-05-21 13:39:59[0m | [1mINFO    [0m | [1m主流程规则分桶跳过: bucket=manual_or_risk:同济大学200例WES测序分析技术服务（委托）合同|S|外显子文库|NA|MANUAL_RISK, count=4, reason=总量160.0G低于最小门槛2095.0G[0m
[32m2026-05-21 13:39:59[0m | [1mINFO    [0m | [1m主流程规则分桶跳过: bucket=manual_or_risk:NVUK2024120329-AT-MUG-VOSBERG-FFPE-224-LNCRNASEQ-WOBI-II|S|LNC非互作文库|NA|MANUAL_RISK, count=11, reason=总量111.0G低于最小门槛2095.0G[0m
[32m2026-05-21 13:39:59[0m | [1mINFO    [0m | [1m主流程规则分桶跳过: bucket=manual_or_risk:四川农业大学100个样本单细胞建库测序技术服务（委托）合同|S|墨卓转录组-3端文库|NA|MANUAL_RISK+IMBALANCE, count=1, reason=总量100.0G低于最小门槛1995.0G[0m
[32m2026-05-21 13:39:59[0m | [1mINFO    [0m | [1m主流程规则分桶跳过: bucket=manual_or_risk:西北农林科技大学4例样本单细胞转录组（墨卓平台）建库测序技术服务（委托）合同|S|墨卓转录组-3端文库|NA|MANUAL_RISK+IMBALANCE, count=1, reason=总量100.0G低于最小门槛1995.0G[0m
[32m2026-05-21 13:39:59[0m | [1mINFO    [0m | [1m主流程规则分桶跳过: bucket=manual_or_risk:1500个FFPE样本外显子建库测序技术服务（委托）合同|S|外显子文库|NA|MANUAL_RISK, count=1, reason=总量80.0G低于最小门槛2095.0G[0m
[32m2026-05-21 13:39:59[0m | [1mINFO    [0m | [1m主流程规则分桶跳过: bucket=manual_or_risk:北大医院50例外显子建库测序MAPPING技术服务（委托）合同|S|外显子文库|NA|MANUAL_RISK, count=2, reason=总量50.0G低于最小门槛2095.0G[0m
[32m2026-05-21 13:39:59[0m | [1mINFO    [0m | [1m主流程规则分桶跳过: bucket=manual_or_risk:24.12.27华中农业大学X-PLUS平台自建库测序技术服务（委托）合同|S|客户-动植物全基因组重测序文库|NA|MANUAL_RISK, count=7, reason=总量42.0G低于最小门槛2095.0G[0m
[32m2026-05-21 13:39:59[0m | [1mINFO    [0m | [1m主流程规则分桶跳过: bucket=manual_or_risk:2025年基石WES年框架分析技术服务（委托）合同|S|外显子文库|NA|MANUAL_RISK, count=1, reason=总量40.0G低于最小门槛2095.0G[0m
[32m2026-05-21 13:39:59[0m | [1mINFO    [0m | [1m主流程规则分桶跳过: bucket=manual_or_risk:中南大学湘雅二医院18个ATAC自建库测序分析技术服务（委托）合同|S|客户-ATAC-SEQ文库|NA|MANUAL_RISK+IMBALANCE, count=3, reason=总量36.0G低于最小门槛1676.0G[0m
[32m2026-05-21 13:39:59[0m | [1mINFO    [0m | [1m主流程规则分桶跳过: bucket=manual_or_risk:红杨树X PLUS自建库测序技术服务（委托）合同|S|客户-ATAC-SEQ文库|NA|MANUAL_RISK+IMBALANCE, count=3, reason=总量30.0G低于最小门槛1676.0G[0m
[32m2026-05-21 13:39:59[0m | [1mINFO    [0m | [1m主流程规则分桶跳过: bucket=manual_or_risk:凌恩-RNA 甲基化-测序分析技术服务(委托)合同|S|低起始量RNA甲基化文库-INPUT(人)|NA|MANUAL_RISK+IMBALANCE, count=2, reason=总量25.0G低于最小门槛2095.0G[0m
[32m2026-05-21 13:39:59[0m | [1mINFO    [0m | [1m主流程规则分桶跳过: bucket=manual_or_risk:2025年安琪尔WES建库测序分析技术服务（委托）合同|S|外显子文库|NA|MANUAL_RISK, count=1, reason=总量20.0G低于最小门槛2095.0G[0m
[32m2026-05-21 13:39:59[0m | [1mINFO    [0m | [1m主流程规则分桶跳过: bucket=manual_or_risk:自建库测序散样分析技术服务（委托）合同|S|客户-动植物全基因组重测序文库|NA|SCATTERED+MANUAL_RISK, count=2, reason=总量12.0G低于最小门槛2095.0G[0m
[32m2026-05-21 13:39:59[0m | [1mINFO    [0m | [1m主流程规则分桶跳过: bucket=manual_or_risk:神外所50例150XWES建库测序+50例500XWES建库测序分析技术服务（委托）合同|S|外显子文库|NA|MANUAL_RISK, count=1, reason=总量12.0G低于最小门槛2095.0G[0m
[32m2026-05-21 13:39:59[0m | [1mINFO    [0m | [1m主流程规则分桶跳过: bucket=manual_or_risk:50个外显子测序分析技术服务（委托）合同-W|S|外显子文库|NA|MANUAL_RISK, count=1, reason=总量10.0G低于最小门槛2095.0G[0m
[32m2026-05-21 13:39:59[0m | [1mINFO    [0m | [1m主流程规则分桶跳过: bucket=manual_or_risk:工生所XPLUS自建库测序分析技术服务（委托）合同|S|客户-动植物全基因组重测序文库|NA|MANUAL_RISK, count=1, reason=总量10.0G低于最小门槛2095.0G[0m
[32m2026-05-21 13:39:59[0m | [1mINFO    [0m | [1m主流程规则分桶跳过: bucket=manual_or_risk:浙江大学700例外显子测序XPLUS技术服务（委托）合同|S|外显子文库|NA|MANUAL_RISK, count=1, reason=总量10.0G低于最小门槛2095.0G[0m
[32m2026-05-21 13:39:59[0m | [1mINFO    [0m | [1m主流程规则分桶跳过: bucket=manual_or_risk:湖大100例自建库测序XPLUS分析技术服务（委托）合同|S|客户-其他碱基均衡文库|NA|MANUAL_RISK, count=1, reason=总量9.0G低于最小门槛2095.0G[0m
[32m2026-05-21 13:39:59[0m | [1mINFO    [0m | [1m主流程规则分桶跳过: bucket=manual_or_risk:（极速周期）北生所300例文库测序技术服务（委托）合同|S|客户-CUT-TAG文库|NA|MANUAL_RISK+IMBALANCE, count=1, reason=总量6.0G低于最小门槛1676.0G[0m
[32m2026-05-21 13:39:59[0m | [1mINFO    [0m | [1m主流程规则分桶跳过: bucket=manual_or_risk:1000个转录组测序分析技术服务（委托）合同|S|VIP-真核普通转录组文库|NA|MANUAL_RISK, count=1, reason=总量4.9G低于最小门槛2095.0G[0m
[32m2026-05-21 13:39:59[0m | [1mINFO    [0m | [1m主流程规则分桶跳过: bucket=manual_or_risk:（极速周期）吉林大学自建库新平台500个样本技术服务（委托）合同|S|客户-动植物全基因组重测序文库|NA|MANUAL_RISK, count=1, reason=总量3.0G低于最小门槛2095.0G[0m
[32m2026-05-21 13:39:59[0m | [1mINFO    [0m | [1m主流程规则分桶跳过: bucket=manual_or_risk:工生所200例自建库测序技术服务（委托）合同|S|客户-动植物全基因组重测序文库|NA|MANUAL_RISK, count=1, reason=总量2.0G低于最小门槛2095.0G[0m
[32m2026-05-21 13:39:59[0m | [1mINFO    [0m | [1m主流程规则分桶跳过: bucket=manual_or_risk:南京林业大学-40个自建库库检+测序-尹慧娟分析技术服务（委托）合同|S|客户-真核普通转录组文库|NA|MANUAL_RISK, count=1, reason=总量1.8G低于最小门槛2095.0G[0m
[32m2026-05-21 13:39:59[0m | [1mINFO    [0m | [1m主流程规则分桶跳过: bucket=manual_or_risk:南京农业大学1000个梨DNA样本重测序(XPLUS平台)技术服务（委托）合同|S|DNA小片段文库|NA|MANUAL_RISK, count=1, reason=总量1.0G低于最小门槛2095.0G[0m
[32m2026-05-21 13:39:59[0m | [1mINFO    [0m | [1m主流程规则分桶跳过: bucket=manual_or_risk:浙江农林大学10个自建库测序X技术服务（委托）合同|S|客户-动植物全基因组重测序文库|NA|MANUAL_RISK, count=1, reason=总量1.0G低于最小门槛2095.0G[0m
[32m2026-05-21 13:39:59[0m | [1mINFO    [0m | [1m主流程规则分桶跳过: bucket=manual_or_risk:（极速周期）清华50例文库技术服务（委托）合同|S|客户-其他碱基均衡文库|NA|MANUAL_RISK, count=1, reason=总量0.8G低于最小门槛2095.0G[0m
[32m2026-05-21 13:39:59[0m | [1mINFO    [0m | [1m主流程规则分桶跳过: bucket=ten_x:南方科技大学20例单细胞测序分析技术服务（委托）合同|S|10X转录组-3'文库|NA|TENX+MANUAL_RISK+IMBALANCE, count=3, reason=总量354.0G低于最小门槛1995.0G[0m
[32m2026-05-21 13:39:59[0m | [1mINFO    [0m | [1m主流程规则分桶跳过: bucket=ten_x:浙江大学国际健康医学研究院肿瘤完整基因组图谱计划一期（第一批）分析技术服务（委托）合同|S|10X转录组-3'文库|NA|TENX+MANUAL_RISK+IMBALANCE, count=3, reason=总量304.5G低于最小门槛1995.0G[0m
[32m2026-05-21 13:39:59[0m | [1mINFO    [0m | [1m主流程规则分桶跳过: bucket=ten_x:北京大学第一医院自建库测序技术服务（委托）合同|S|客户-单细胞文库|NA|TENX+MANUAL_RISK+IMBALANCE, count=1, reason=总量42.8G低于最小门槛1843.6G[0m
[32m2026-05-21 13:39:59[0m | [1mINFO    [0m | [1m主流程规则分桶跳过: bucket=ten_x:中山大学5个10X GENOMICS 3'单细胞转录组分析技术服务（委托）合同|S|10X转录组-3'文库|NA|TENX+MANUAL_RISK+IMBALANCE, count=2, reason=总量10.0G低于最小门槛1995.0G[0m
[32m2026-05-21 13:39:59[0m | [1mINFO    [0m | [1m主流程规则分桶跳过: bucket=ten_x:山东大学16个单细胞测序分析技术服务（委托）合同-张晓鲁|S|10X转录组-3'文库|NA|TENX+MANUAL_RISK+IMBALANCE, count=1, reason=总量10.0G低于最小门槛1995.0G[0m
[32m2026-05-21 13:39:59[0m | [1mINFO    [0m | [1m主流程规则分桶跳过: bucket=ten_x:22个10X单细胞建库测序150G CELL RANGER分析技术服务（委托）合同|S|10X转录组-3'文库|NA|TENX+MANUAL_RISK+IMBALANCE, count=1, reason=总量4.9G低于最小门槛1995.0G[0m
[32m2026-05-21 13:39:59[0m | [1mINFO    [0m | [1m主流程规则分桶跳过: bucket=ten_x:四川大学华西医院5例肺癌组织单细胞建库测序分析技术服务（委托）合同|S|10X转录组-3'文库|NA|TENX+MANUAL_RISK+IMBALANCE, count=1, reason=总量3.1G低于最小门槛1995.0G[0m
[32m2026-05-21 13:39:59[0m | [1mINFO    [0m | [1m主流程规则分桶跳过: bucket=ten_x:JQ_华西医院10X单细胞建库测序分析技术服务（委托）合同|S|10X转录组-3'文库|NA|TENX+MANUAL_RISK+IMBALANCE, count=1, reason=总量3.0G低于最小门槛1995.0G[0m
[32m2026-05-21 13:39:59[0m | [1mINFO    [0m | [1m主流程规则分桶预调度: bucket=general:林大300个样本的DNA小片段建库测序分析技术服务（委托）合同|Z|微生物常规小片段文库|NA|NORMAL, count=58, data=15650.0G[0m
[32m2026-05-21 13:39:59[0m | [1mINFO    [0m | [1m开始逐Lane贪心排机 - 文库数: 58[0m
[32m2026-05-21 13:39:59[0m | [1mINFO    [0m | [1m预拆分完成: 使用外层已拆分文库[0m
[32m2026-05-21 13:39:59[0m | [1mINFO    [0m | [1m使用外部传入的全局分析报告（全量文库），跳过内部分析[0m
[32m2026-05-21 13:39:59[0m | [1mINFO    [0m | [1m处理机器类型 NovaSeq X Plus - 文库数: 58 - Lane容量: 1100GB, 利用率区间: [100%, 100%], 特殊文库上限: 350GB[0m
[32m2026-05-21 13:39:59[0m | [1mINFO    [0m | [1m剩余池总量100.0GB不足最小成Lane门槛2095.0GB，跳过后续随机重试[0m
[32m2026-05-21 13:39:59[0m | [1mINFO    [0m | [1m最后填充策略: 尝试将1个未分配文库塞入已有Lane[0m
[32m2026-05-21 13:39:59[0m | [1mINFO    [0m | [1m挪移优化: 未分配1个文库(100GB)，需要从现有Lane挪出1995GB[0m
[32m2026-05-21 13:39:59[0m | [33m[1mWARNING [0m | [33m[1m挪移优化: 挪出数据量100GB不足，放弃挪移[0m
[32m2026-05-21 13:39:59[0m | [1mINFO    [0m | [1m逐Lane贪心排机完成 - Lane数: 7, 已分配: 57/58, 未分配: 1, 平均利用率: 102.1%, 耗时: 0.03秒[0m
[32m2026-05-21 13:39:59[0m | [1mINFO    [0m | [1mIndex校验器初始化完成（真实数据验证版本）[0m
[32m2026-05-21 13:39:59[0m | [1mINFO    [0m | [1m成Lane校验程序初始化完成 (严格模式: False, 碱基不均衡上限: 35%, 特殊文库关键词: 9个)[0m
[32m2026-05-21 13:39:59[0m | [1mINFO    [0m | [1m最终验证结果: 7条Lane通过，1个文库未分配[0m
[32m2026-05-21 13:39:59[0m | [1mINFO    [0m | [1m主流程规则分桶预调度: bucket=general:黑龙江省疾控100个微生物全基因组分析技术服务（委托）合同|Z|微生物常规小片段文库|NA|NORMAL, count=7, data=3150.0G[0m
[32m2026-05-21 13:39:59[0m | [1mINFO    [0m | [1m开始逐Lane贪心排机 - 文库数: 7[0m
[32m2026-05-21 13:39:59[0m | [1mINFO    [0m | [1m预拆分完成: 使用外层已拆分文库[0m
[32m2026-05-21 13:39:59[0m | [1mINFO    [0m | [1m使用外部传入的全局分析报告（全量文库），跳过内部分析[0m
[32m2026-05-21 13:39:59[0m | [1mINFO    [0m | [1m处理机器类型 NovaSeq X Plus - 文库数: 7 - Lane容量: 1100GB, 利用率区间: [100%, 100%], 特殊文库上限: 350GB[0m
[32m2026-05-21 13:39:59[0m | [1mINFO    [0m | [1m剩余池总量900.0GB不足最小成Lane门槛2095.0GB，跳过后续随机重试[0m
[32m2026-05-21 13:39:59[0m | [1mINFO    [0m | [1m最后填充策略: 尝试将2个未分配文库塞入已有Lane[0m
[32m2026-05-21 13:39:59[0m | [1mINFO    [0m | [1m挪移优化: 未分配2个文库(900GB)，需要从现有Lane挪出1195GB[0m
[32m2026-05-21 13:39:59[0m | [33m[1mWARNING [0m | [33m[1m挪移优化: 挪出数据量0GB不足，放弃挪移[0m
[32m2026-05-21 13:39:59[0m | [1mINFO    [0m | [1m逐Lane贪心排机完成 - Lane数: 1, 已分配: 5/7, 未分配: 2, 平均利用率: 103.4%, 耗时: 0.00秒[0m
[32m2026-05-21 13:39:59[0m | [1mINFO    [0m | [1mIndex校验器初始化完成（真实数据验证版本）[0m
[32m2026-05-21 13:39:59[0m | [1mINFO    [0m | [1m成Lane校验程序初始化完成 (严格模式: False, 碱基不均衡上限: 35%, 特殊文库关键词: 9个)[0m
[32m2026-05-21 13:39:59[0m | [1mINFO    [0m | [1m最终验证结果: 1条Lane通过，2个文库未分配[0m
[32m2026-05-21 13:39:59[0m | [1mINFO    [0m | [1m主流程规则分桶预调度: bucket=general:1183个样本二代框架图建库测序组装技术服务（委托）合同|Z|DNA小片段文库|NA|NORMAL, count=298, data=2383.0G[0m
[32m2026-05-21 13:39:59[0m | [1mINFO    [0m | [1m开始逐Lane贪心排机 - 文库数: 298[0m
[32m2026-05-21 13:39:59[0m | [1mINFO    [0m | [1m预拆分完成: 使用外层已拆分文库[0m
[32m2026-05-21 13:39:59[0m | [1mINFO    [0m | [1m使用外部传入的全局分析报告（全量文库），跳过内部分析[0m
[32m2026-05-21 13:39:59[0m | [1mINFO    [0m | [1m处理机器类型 Nova X-25B - 文库数: 298 - Lane容量: 1050.0GB, 利用率区间: [100%, 100%], 特殊文库上限: 350GB[0m
[32m2026-05-21 13:40:00[0m | [1mINFO    [0m | [1m剩余池总量276.0GB不足最小成Lane门槛2095.0GB，跳过后续随机重试[0m
[32m2026-05-21 13:40:00[0m | [1mINFO    [0m | [1m最后填充策略: 尝试将30个未分配文库塞入已有Lane[0m
[32m2026-05-21 13:40:01[0m | [1mINFO    [0m | [1m最后填充策略: 成功塞入15个文库，踢出0个违反规则的文库，剩余15个无法分配[0m
[32m2026-05-21 13:40:01[0m | [1mINFO    [0m | [1m挪移优化: 未分配15个文库(130GB)，需要从现有Lane挪出1965GB[0m
[32m2026-05-21 13:40:09[0m | [33m[1mWARNING [0m | [33m[1m挪移优化: 挪出数据量153GB不足，放弃挪移[0m
[32m2026-05-21 13:40:09[0m | [1mINFO    [0m | [1m逐Lane贪心排机完成 - Lane数: 1, 已分配: 283/298, 未分配: 15, 平均利用率: 103.6%, 耗时: 9.98秒[0m
[32m2026-05-21 13:40:09[0m | [1mINFO    [0m | [1mIndex校验器初始化完成（真实数据验证版本）[0m
[32m2026-05-21 13:40:09[0m | [1mINFO    [0m | [1m成Lane校验程序初始化完成 (严格模式: False, 碱基不均衡上限: 35%, 特殊文库关键词: 9个)[0m
[32m2026-05-21 13:40:09[0m | [1mINFO    [0m | [1m最终验证结果: 1条Lane通过，15个文库未分配[0m
[32m2026-05-21 13:40:09[0m | [1mINFO    [0m | [1m主流程规则分桶跳过: bucket=general:交医68个PCR-小片段建库测序XPLUS技术服务（委托）合同|Z|动植物全基因组重测序文库|NA|NORMAL, count=4, reason=总量1800.0G低于最小门槛2095.0G[0m
[32m2026-05-21 13:40:09[0m | [1mINFO    [0m | [1m主流程规则分桶跳过: bucket=general:河南大学三亚研究院戚赛鸽398个花生重测序育种分析技术服务（委托）合同|Z|DNA小片段文库|NA|NORMAL, count=38, reason=总量925.8G低于最小门槛2095.0G[0m
[32m2026-05-21 13:40:09[0m | [1mINFO    [0m | [1m主流程规则分桶跳过: bucket=general:生物所54例宏基因组测序技术服务（委托）合同|Z|META文库|NA|NORMAL, count=6, reason=总量600.0G低于最小门槛2095.0G[0m
[32m2026-05-21 13:40:09[0m | [1mINFO    [0m | [1m主流程规则分桶跳过: bucket=general:西南科大120个宏基因测序分析技术服务（委托）合同|Z|META文库|NA|NORMAL, count=1, reason=总量100.0G低于最小门槛2095.0G[0m
[32m2026-05-21 13:40:09[0m | [1mINFO    [0m | [1m主流程规则分桶跳过: bucket=general:500份样本宏基因组建库测序技术服务（委托）合同|Z|DNA小片段文库|NA|NORMAL, count=8, reason=总量80.0G低于最小门槛2095.0G[0m
[32m2026-05-21 13:40:09[0m | [1mINFO    [0m | [1m主流程规则分桶跳过: bucket=general:农科院45个水稻样本转录组测序分析技术服务（委托）合同|Z|VIP-真核普通转录组文库|NA|NORMAL, count=10, reason=总量45.2G低于最小门槛2095.0G[0m
[32m2026-05-21 13:40:09[0m | [1mINFO    [0m | [1m主流程规则分桶跳过: bucket=general:24个小鼠肝脏转录组+24个小鼠粪便宏基因组检测分析技术服务（委托）合同|Z|VIP-真核普通转录组文库|NA|NORMAL, count=7, reason=总量37.4G低于最小门槛2095.0G[0m
[32m2026-05-21 13:40:09[0m | [1mINFO    [0m | [1m主流程规则分桶跳过: bucket=general:四川大学50个宏基因建库测序需CLEAN分析技术服务（委托）合同|Z|DNA小片段文库|NA|NORMAL, count=2, reason=总量30.0G低于最小门槛2095.0G[0m
[32m2026-05-21 13:40:09[0m | [1mINFO    [0m | [1m主流程规则分桶跳过: bucket=general:项目600个转录组测序分析技术服务（委托）合同|Z|VIP-真核普通转录组文库|NA|NORMAL, count=3, reason=总量18.0G低于最小门槛2095.0G[0m
[32m2026-05-21 13:40:09[0m | [1mINFO    [0m | [1m主流程规则分桶跳过: bucket=general:158例转录组测序分析技术服务（委托）合同-ZL|Z|VIP-真核普通转录组文库|NA|NORMAL, count=2, reason=总量12.0G低于最小门槛2095.0G[0m
[32m2026-05-21 13:40:09[0m | [1mINFO    [0m | [1m主流程规则分桶跳过: bucket=general:安贞医院王雪（崔璟）6个转录组检测分析分析技术服务（委托）合同|Z|VIP-真核普通转录组文库|NA|NORMAL, count=2, reason=总量12.0G低于最小门槛2095.0G[0m
[32m2026-05-21 13:40:09[0m | [1mINFO    [0m | [1m主流程规则分桶跳过: bucket=general:山东大学15例医口转录组分析技术服务（委托）合同-张玉青|Z|VIP-真核普通转录组文库|NA|NORMAL, count=2, reason=总量12.0G低于最小门槛2095.0G[0m
[32m2026-05-21 13:40:09[0m | [1mINFO    [0m | [1m主流程规则分桶跳过: bucket=general:20个转录组测序分析技术服务（委托）合同-XPLUS|Z|VIP-真核普通转录组文库|NA|NORMAL, count=1, reason=总量6.0G低于最小门槛2095.0G[0m
[32m2026-05-21 13:40:09[0m | [1mINFO    [0m | [1m主流程规则分桶跳过: bucket=general:2504天津擎科转录组建库测序技术服务（委托）合同|Z|VIP-真核普通转录组文库|NA|NORMAL, count=1, reason=总量6.0G低于最小门槛2095.0G[0m
[32m2026-05-21 13:40:09[0m | [1mINFO    [0m | [1m主流程规则分桶跳过: bucket=general:博奥晶典ILLUMINA建库测序及质控 技术服务（委托）合同-2025|Z|VIP-真核普通转录组文库|NA|NORMAL, count=1, reason=总量6.0G低于最小门槛2095.0G[0m
[32m2026-05-21 13:40:09[0m | [1mINFO    [0m | [1m主流程规则分桶跳过: bucket=general:天津医科大学第二医院-10个普通转录组分析技术服务（委托）合同|Z|VIP-真核普通转录组文库|NA|NORMAL, count=1, reason=总量6.0G低于最小门槛2095.0G[0m
[32m2026-05-21 13:40:09[0m | [1mINFO    [0m | [1m主流程规则分桶跳过: bucket=general:水稻所6个真核有参转录组测序分析X技术服务（委托）合同|Z|VIP-真核普通转录组文库|NA|NORMAL, count=1, reason=总量6.0G低于最小门槛2095.0G[0m
[32m2026-05-21 13:40:09[0m | [1mINFO    [0m | [1m主流程规则分桶跳过: bucket=general:JL-样本建库测序分析技术服务（委托）合同|Z|DNA小片段文库|NA|NORMAL, count=5, reason=总量5.0G低于最小门槛2095.0G[0m
[32m2026-05-21 13:40:09[0m | [1mINFO    [0m | [1m主流程规则分桶跳过: bucket=general:12例转录组+12例HQ非靶向代谢组检测分析技术服务（委托）合同-XJH|Z|VIP-真核普通转录组文库|NA|NORMAL, count=1, reason=总量1.2G低于最小门槛2095.0G[0m
[32m2026-05-21 13:40:09[0m | [1mINFO    [0m | [1m主流程规则分桶预调度完成: 分桶=62，桶后尾货=196个/7834.8G[0m
[32m2026-05-21 13:40:09[0m | [1mINFO    [0m | [1m主流程尾货统一补排启动: count=196, data=7834.8G[0m
[32m2026-05-21 13:40:09[0m | [1mINFO    [0m | [1m开始逐Lane贪心排机 - 文库数: 196[0m
[32m2026-05-21 13:40:09[0m | [1mINFO    [0m | [1m预拆分完成: 使用外层已拆分文库[0m
[32m2026-05-21 13:40:09[0m | [1mINFO    [0m | [1m使用外部传入的全局分析报告（全量文库），跳过内部分析[0m
[32m2026-05-21 13:40:09[0m | [1mINFO    [0m | [1m处理机器类型 NovaSeq X Plus - 文库数: 98 - Lane容量: 1100GB, 利用率区间: [100%, 100%], 特殊文库上限: 350GB[0m
[32m2026-05-21 13:40:09[0m | [1mINFO    [0m | [1m碱基不均衡专用Lane策略: 20个碱基不均衡文库[0m
[32m2026-05-21 13:40:09[0m | [1mINFO    [0m | [1m专用Lane分组G31剩余合同量42.8G无法满足1.1或3.6T-NEW有效容量下限[0m
[32m2026-05-21 13:40:09[0m | [1mINFO    [0m | [1m专用Lane分组G4剩余合同量689.3G无法满足1.1或3.6T-NEW有效容量下限[0m
[32m2026-05-21 13:40:09[0m | [1mINFO    [0m | [1m专用Lane分组G34剩余合同量500.0G无法满足1.1或3.6T-NEW有效容量下限[0m
[32m2026-05-21 13:40:09[0m | [1mINFO    [0m | [1m形成0条专用Lane，剩余20个碱基不均衡文库[0m
[32m2026-05-21 13:40:09[0m | [1mINFO    [0m | [1m第二轮排机: 98 个未分配文库（随机顺序）[0m
[32m2026-05-21 13:40:09[0m | [1mINFO    [0m | [1m第二轮后剩余池总量1575.9GB不足最小成Lane门槛2095.0GB，停止继续随机重试[0m
[32m2026-05-21 13:40:09[0m | [1mINFO    [0m | [1m专用Lane分组G31剩余合同量42.8G无法满足1.1或3.6T-NEW有效容量下限[0m
[32m2026-05-21 13:40:09[0m | [1mINFO    [0m | [1m专用Lane分组G4剩余合同量689.3G无法满足1.1或3.6T-NEW有效容量下限[0m
[32m2026-05-21 13:40:09[0m | [1mINFO    [0m | [1m专用Lane分组G34剩余合同量500.0G无法满足1.1或3.6T-NEW有效容量下限[0m
[32m2026-05-21 13:40:09[0m | [1mINFO    [0m | [1m专用Lane创建完成: 0条Lane, 19个碱基不均衡文库待分配, 9个中性文库待分配[0m
[32m2026-05-21 13:40:09[0m | [1mINFO    [0m | [1m处理机器类型 Nova X-25B - 文库数: 98 - Lane容量: 1050.0GB, 利用率区间: [100%, 100%], 特殊文库上限: 350GB[0m
[32m2026-05-21 13:40:09[0m | [1mINFO    [0m | [1m碱基不均衡专用Lane策略: 7个碱基不均衡文库[0m
[32m2026-05-21 13:40:09[0m | [1mINFO    [0m | [1m专用Lane分组G25剩余合同量66.0G无法满足1.1或3.6T-NEW有效容量下限[0m
[32m2026-05-21 13:40:09[0m | [1mINFO    [0m | [1m专用Lane分组G26剩余合同量6.0G无法满足1.1或3.6T-NEW有效容量下限[0m
[32m2026-05-21 13:40:09[0m | [1mINFO    [0m | [1m形成0条专用Lane，剩余7个碱基不均衡文库[0m
[32m2026-05-21 13:40:09[0m | [1mINFO    [0m | [1m剩余池总量1992.5GB不足最小成Lane门槛2095.0GB，跳过后续随机重试[0m
[32m2026-05-21 13:40:09[0m | [1mINFO    [0m | [1m专用Lane分组G25剩余合同量66.0G无法满足1.1或3.6T-NEW有效容量下限[0m
[32m2026-05-21 13:40:09[0m | [1mINFO    [0m | [1m专用Lane分组G26剩余合同量6.0G无法满足1.1或3.6T-NEW有效容量下限[0m
[32m2026-05-21 13:40:09[0m | [1mINFO    [0m | [1m专用Lane创建完成: 0条Lane, 7个碱基不均衡文库待分配, 91个中性文库待分配[0m
[32m2026-05-21 13:40:09[0m | [1mINFO    [0m | [1m最后填充策略: 尝试将126个未分配文库塞入已有Lane[0m
[32m2026-05-21 13:40:09[0m | [1mINFO    [0m | [1m最后填充策略: 成功塞入15个文库，踢出0个违反规则的文库，剩余110个无法分配[0m
[32m2026-05-21 13:40:09[0m | [1mINFO    [0m | [1m挪移优化: 未分配数据量3229GB已足够，尝试精选组建新Lane[0m
[32m2026-05-21 13:40:09[0m | [1mINFO    [0m | [1m残余精选: 内部95个, 客户15个[0m
[32m2026-05-21 13:40:10[0m | [1mINFO    [0m | [1mIndex校验器初始化完成（真实数据验证版本）[0m
[32m2026-05-21 13:40:10[0m | [1mINFO    [0m | [1m成Lane校验程序初始化完成 (严格模式: True, 碱基不均衡上限: 35%, 特殊文库关键词: 9个)[0m
[32m2026-05-21 13:40:10[0m | [1mINFO    [0m | [1m残余精选: 验证失败 - ValidationError(rule_type=<ValidationRuleType.BASE_IMBALANCE_RATIO: 'base_imbalance_ratio'>, severity=<ValidationSeverity.ERROR: 'error'>, message='碱基不均衡占比41.5%超过35%限制', current_value=0.4150281213451232, threshold_value=0.35, affected_libraries=[12531722, 12531720, 12531715, 12531758, 12531728, 12531729, 12531754, 12531713, 12531717, 12531745, 12531760, 12531721, 12531739, 12531734]), ValidationError(rule_type=<ValidationRuleType.SPECIAL_LIBRARY_LIMIT: 'special_library_limit'>, severity=<ValidationSeverity.ERROR: 'error'>, message='特殊文库总量935.8G超过350.0G限制', current_value=935.761, threshold_value=350.0, affected_libraries=[12531722, 12531720, 12531715, 12531758, 12531728, 12531729, 12531754, 12531713, 12531717, 12531745, 12531760, 12531721, 12531739, 12531734])[0m
[32m2026-05-21 13:40:10[0m | [1mINFO    [0m | [1m挪移优化: 精选组建失败，继续尝试挪移策略[0m
[32m2026-05-21 13:40:10[0m | [1mINFO    [0m | [1m挪移优化: 未分配110个文库(3229GB)，需要从现有Lane挪出-1134GB[0m
[32m2026-05-21 13:40:10[0m | [33m[1mWARNING [0m | [33m[1m挪移优化: 新Lane 10bp占比38.8%不足40%，尝试补充10bp文库[0m
[32m2026-05-21 13:40:10[0m | [33m[1mWARNING [0m | [33m[1m挪移优化: 无法补充足够10bp文库，放弃创建新Lane[0m
[32m2026-05-21 13:40:10[0m | [1mINFO    [0m | [1m逐Lane贪心排机完成 - Lane数: 2, 已分配: 86/196, 未分配: 110, 平均利用率: 112.3%, 耗时: 1.27秒[0m
[32m2026-05-21 13:40:10[0m | [1mINFO    [0m | [1mIndex校验器初始化完成（真实数据验证版本）[0m
[32m2026-05-21 13:40:10[0m | [1mINFO    [0m | [1m成Lane校验程序初始化完成 (严格模式: False, 碱基不均衡上限: 35%, 特殊文库关键词: 9个)[0m
[32m2026-05-21 13:40:10[0m | [33m[1mWARNING [0m | [33m[1mLane GL_NovaSeq X Plus_003 验证失败: ['Lane有效数据量2351.0G(原始2351.0G+平衡0.0G)超过上限2255G，规则=tj_1595_mode_1_1，需剔除约96.0G的文库'][0m
[32m2026-05-21 13:40:10[0m | [1mINFO    [0m | [1m有1条Lane验证失败，尝试挪移优化...[0m
[32m2026-05-21 13:40:10[0m | [1mINFO    [0m | [1mkeep_failed_lanes=True，保留1条验证失败的Lane供外层矫正（未分配池不变）[0m
[32m2026-05-21 13:40:10[0m | [1mINFO    [0m | [1m最终验证结果（含待矫正Lane）: 2条Lane，110个文库未分配[0m
[32m2026-05-21 13:40:10[0m | [1mINFO    [0m | [1mwkspecialsplits边排边检查完成: 无需调整[0m
[32m2026-05-21 13:40:10[0m | [33m[1mWARNING [0m | [33m[1mLane GL_NovaSeq X Plus_003 验证失败 - 错误: ['capacity_exceeded'], 警告: [][0m
[32m2026-05-21 13:40:10[0m | [1mINFO    [0m | [1m验证完成：11条Lane通过验证[0m
[32m2026-05-21 13:40:10[0m | [1mINFO    [0m | [1m57规则二次改排救援已关闭，失败Lane文库回收到未分配池[0m
[32m2026-05-21 13:40:10[0m | [1mINFO    [0m | [1m补Lane尝试: variant=full_priority, lane_prefix=EX, pool_size=119, pool_data=5579.919G, prioritize_scattered_mix=True[0m
[32m2026-05-21 13:40:11[0m | [1mINFO    [0m | [1m补Lane尝试: variant=non_clinical_relaxed, lane_prefix=EX, pool_size=119, pool_data=5579.919G, prioritize_scattered_mix=False[0m
[32m2026-05-21 13:40:11[0m | [1mINFO    [0m | [1m补Lane尝试: variant=full_priority, lane_prefix=EX, pool_size=76, pool_data=3475.587G, prioritize_scattered_mix=True[0m
[32m2026-05-21 13:40:11[0m | [1mINFO    [0m | [1m补Lane尝试: variant=non_clinical_relaxed, lane_prefix=EX, pool_size=76, pool_data=3475.587G, prioritize_scattered_mix=False[0m
[32m2026-05-21 13:40:11[0m | [1mINFO    [0m | [1mLane数量提升新增Lane数: 2[0m
[32m2026-05-21 13:40:12[0m | [1mINFO    [0m | [1m补Lane尝试跳过: lane_prefix=RB, pool_size=72, pool_data=2046.014G不足最小门槛2095.000G[0m
[32m2026-05-21 13:40:12[0m | [1mINFO    [0m | [1m跨Lane多文库交换停止: machine_type=NovaSeq X Plus, 当前池首次构Lane失败，跳过同池重复尝试[0m
[32m2026-05-21 13:40:13[0m | [1mINFO    [0m | [1m补Lane尝试: variant=full_priority, lane_prefix=RB, pool_size=89, pool_data=2095.766G, prioritize_scattered_mix=True[0m
[32m2026-05-21 13:40:13[0m | [1mINFO    [0m | [1m补Lane尝试: variant=non_clinical_relaxed, lane_prefix=RB, pool_size=89, pool_data=2095.766G, prioritize_scattered_mix=False[0m
[32m2026-05-21 13:40:14[0m | [1mINFO    [0m | [1m补Lane跳过汇总: lane_prefix=RB, machine=Nova X-25B, reason_top=[总量6.0G低于最小门槛2095.0Gx4, 总量10.0G低于最小门槛1995.0Gx2, 总量100.0G低于最小门槛1995.0Gx2, 总量1.0G低于最小门槛2095.0Gx2][0m
[32m2026-05-21 13:40:14[0m | [1mINFO    [0m | [1m跨Lane多文库交换停止: machine_type=Nova X-25B, 当前池首次构Lane失败，跳过同池重复尝试[0m
[32m2026-05-21 13:40:14[0m | [1mINFO    [0m | [1m跨Lane多文库交换未新增Lane，剩余未分配89个[0m
[32m2026-05-21 13:40:14[0m | [1mINFO    [0m | [1m补Lane尝试: variant=full_priority, lane_prefix=RM, pool_size=89, pool_data=2095.766G, prioritize_scattered_mix=True[0m
[32m2026-05-21 13:40:15[0m | [1mINFO    [0m | [1m补Lane尝试: variant=non_clinical_relaxed, lane_prefix=RM, pool_size=89, pool_data=2095.766G, prioritize_scattered_mix=False[0m
[32m2026-05-21 13:40:19[0m | [1mINFO    [0m | [1m补Lane跳过汇总: lane_prefix=RM, machine=Nova X-25B, reason_top=[总量6.0G低于最小门槛2095.0Gx4, 总量10.0G低于最小门槛1995.0Gx2, 总量100.0G低于最小门槛1995.0Gx2, 总量1.0G低于最小门槛2095.0Gx2][0m
[32m2026-05-21 13:40:19[0m | [1mINFO    [0m | [1m补Lane尝试: variant=full_priority, lane_prefix=GL, pool_size=89, pool_data=2095.766G, prioritize_scattered_mix=True[0m
[32m2026-05-21 13:40:19[0m | [1mINFO    [0m | [1m补Lane尝试: variant=non_clinical_relaxed, lane_prefix=GL, pool_size=89, pool_data=2095.766G, prioritize_scattered_mix=False[0m
[32m2026-05-21 13:40:20[0m | [1mINFO    [0m | [1m补Lane跳过汇总: lane_prefix=GL, machine=Nova X-25B, reason_top=[总量6.0G低于最小门槛2095.0Gx4, 总量10.0G低于最小门槛1995.0Gx2, 总量100.0G低于最小门槛1995.0Gx2, 总量1.0G低于最小门槛2095.0Gx2][0m
[32m2026-05-21 13:40:32[0m | [1mINFO    [0m | [1m剩余库分层重组搜索未新增Lane: 跳过拆分文库=0, 剩余未分配=89[0m
[32m2026-05-21 13:40:32[0m | [33m[1mWARNING [0m | [33m[1m检测到重复Lane ID，已自动重命名: GL_NovaSeq X Plus_001 -> GL_NovaSeq X Plus_008[0m
[32m2026-05-21 13:40:32[0m | [33m[1mWARNING [0m | [33m[1m检测到重复Lane ID，已自动重命名: GL_Nova X-25B_001 -> GL_Nova X-25B_002[0m
[32m2026-05-21 13:40:32[0m | [33m[1mWARNING [0m | [33m[1m检测到重复Lane ID，已自动重命名: GL_NovaSeq X Plus_002 -> GL_NovaSeq X Plus_009[0m
[32m2026-05-21 13:40:32[0m | [33m[1mWARNING [0m | [33m[1m最终收口发现重复Lane ID并已重命名: 3条[0m
[32m2026-05-21 13:40:32[0m | [1mINFO    [0m | [1m脚本内置 Pooling 预测已停用，后续统一调用 prediction_delivery[0m
[32m2026-05-21 13:40:32[0m | [33m[1mWARNING [0m | [33m[1mLane EX_NovaSeq X Plus_002 利用率异常: 213.03% (数据量=2077.00GB, 容量=975.00GB)[0m
[32m2026-05-21 13:40:32[0m | [33m[1mWARNING [0m | [33m[1mLane EX_NovaSeq X Plus_004 利用率异常: 217.54% (数据量=2121.00GB, 容量=975.00GB)[0m
[32m2026-05-21 13:40:32[0m | [1mINFO    [0m | [1mIndex校验器初始化完成（真实数据验证版本）[0m
[32m2026-05-21 13:40:32[0m | [1mINFO    [0m | [1m成Lane校验程序初始化完成 (严格模式: True, 碱基不均衡上限: 35%, 特殊文库关键词: 9个)[0m
[32m2026-05-21 13:40:32[0m | [1mINFO    [0m | [1m1.1首轮二次补排启动: 首轮剩余文库=89个[0m
[32m2026-05-21 13:40:32[0m | [1mINFO    [0m | [1m1.1首轮二次补排策略: expensive_rescue=True, peak_window_mixed=True, post_fill_optimization=True, rule_bucket_prescheduling=True[0m
[32m2026-05-21 13:40:32[0m | [1mINFO    [0m | [1m
================================================================================[0m
[32m2026-05-21 13:40:32[0m | [1mINFO    [0m | [1m排机流程：纯规则排机[0m
[32m2026-05-21 13:40:32[0m | [1mINFO    [0m | [1m================================================================================[0m
[32m2026-05-21 13:40:32[0m | [1mINFO    [0m | [1mIndex校验器初始化完成（真实数据验证版本）[0m
[32m2026-05-21 13:40:32[0m | [1mINFO    [0m | [1mIndex校验器初始化完成（真实数据验证版本）[0m
[32m2026-05-21 13:40:32[0m | [1mINFO    [0m | [1m成Lane校验程序初始化完成 (严格模式: True, 碱基不均衡上限: 35%, 特殊文库关键词: 9个)[0m
[32m2026-05-21 13:40:32[0m | [33m[1mWARNING [0m | [33m[1mPooling配置表不存在: /data/work/yuyongpeng/liblane_v2_deepseek/data/wktype_pooling_config.xlsx，将使用默认策略[0m
[32m2026-05-21 13:40:32[0m | [1mINFO    [0m | [1m产出效率修正表不存在: /data/work/yuyongpeng/liblane_v2_deepseek/data/production_efficiency_correction.csv，跳过后校准[0m
[32m2026-05-21 13:40:32[0m | [33m[1mWARNING [0m | [33m[1m模型文件不存在: models/loutput_pre_lane_v5/lightgbm_model.pkl[0m
[32m2026-05-21 13:40:32[0m | [33m[1mWARNING [0m | [33m[1mloutput预测器不可用，将使用规则降级策略[0m
[32m2026-05-21 13:40:32[0m | [1mINFO    [0m | [1m逐Lane贪心排机器初始化完成 - 基础容量: 985.0GB, 利用率区间: [100%, 100%], 配置模式: 按机型自动[0m
[32m2026-05-21 13:40:32[0m | [1mINFO    [0m | [1m启用检查: Index=True, 碱基不均衡=True, 规则检查器=False[0m
[32m2026-05-21 13:40:32[0m | [1mINFO    [0m | [1m排机阶段：Pooling优化器已禁用（V6流程不需要）[0m
[32m2026-05-21 13:40:32[0m | [1mINFO    [0m | [1mIndex校验器初始化完成（真实数据验证版本）[0m
[32m2026-05-21 13:40:32[0m | [1mINFO    [0m | [1m成Lane校验程序初始化完成 (严格模式: True, 碱基不均衡上限: 35%, 特殊文库关键词: 9个)[0m
[32m2026-05-21 13:40:32[0m | [1mINFO    [0m | [1m严格校验容量区间改为按统一配置表动态解析[0m
[32m2026-05-21 13:40:32[0m | [1mINFO    [0m | [1m主流程前置拆分完成: 无需拆分[0m
[32m2026-05-21 13:40:32[0m | [1mINFO    [0m | [1m混排窗口内总量2068G不足以形成Lane(最小2095G)[0m
[32m2026-05-21 13:40:32[0m | [1mINFO    [0m | [1m主流程规则分桶跳过: bucket=ten_x:南方科技大学20例单细胞测序分析技术服务（委托）合同|S|10X转录组-3'文库|NA|TENX+MANUAL_RISK+IMBALANCE, count=3, reason=总量354.0G低于最小门槛1995.0G[0m
[32m2026-05-21 13:40:32[0m | [1mINFO    [0m | [1m主流程规则分桶跳过: bucket=ten_x:浙江大学国际健康医学研究院肿瘤完整基因组图谱计划一期（第一批）分析技术服务（委托）合同|S|10X转录组-3'文库|NA|TENX+MANUAL_RISK+IMBALANCE, count=3, reason=总量304.5G低于最小门槛1995.0G[0m
[32m2026-05-21 13:40:32[0m | [1mINFO    [0m | [1m主流程规则分桶跳过: bucket=ten_x:北京大学第一医院自建库测序技术服务（委托）合同|S|客户-单细胞文库|NA|TENX+MANUAL_RISK+IMBALANCE, count=1, reason=总量42.8G低于最小门槛1843.6G[0m
[32m2026-05-21 13:40:32[0m | [1mINFO    [0m | [1m主流程规则分桶跳过: bucket=ten_x:中山大学5个10X GENOMICS 3'单细胞转录组分析技术服务（委托）合同|S|10X转录组-3'文库|NA|TENX+MANUAL_RISK+IMBALANCE, count=2, reason=总量10.0G低于最小门槛1995.0G[0m
[32m2026-05-21 13:40:32[0m | [1mINFO    [0m | [1m主流程规则分桶跳过: bucket=ten_x:山东大学16个单细胞测序分析技术服务（委托）合同-张晓鲁|S|10X转录组-3'文库|NA|TENX+MANUAL_RISK+IMBALANCE, count=1, reason=总量10.0G低于最小门槛1995.0G[0m
[32m2026-05-21 13:40:32[0m | [1mINFO    [0m | [1m主流程规则分桶跳过: bucket=ten_x:22个10X单细胞建库测序150G CELL RANGER分析技术服务（委托）合同|S|10X转录组-3'文库|NA|TENX+MANUAL_RISK+IMBALANCE, count=1, reason=总量4.9G低于最小门槛1995.0G[0m
[32m2026-05-21 13:40:32[0m | [1mINFO    [0m | [1m主流程规则分桶跳过: bucket=ten_x:四川大学华西医院5例肺癌组织单细胞建库测序分析技术服务（委托）合同|S|10X转录组-3'文库|NA|TENX+MANUAL_RISK+IMBALANCE, count=1, reason=总量3.1G低于最小门槛1995.0G[0m
[32m2026-05-21 13:40:32[0m | [1mINFO    [0m | [1m主流程规则分桶跳过: bucket=ten_x:JQ_华西医院10X单细胞建库测序分析技术服务（委托）合同|S|10X转录组-3'文库|NA|TENX+MANUAL_RISK+IMBALANCE, count=1, reason=总量3.0G低于最小门槛1995.0G[0m
[32m2026-05-21 13:40:32[0m | [1mINFO    [0m | [1m主流程规则分桶跳过: bucket=manual_or_risk:中药所9个单细胞+9个转录组分析技术服务（委托）合同|S|墨卓转录组-3端文库|NA|MANUAL_RISK+IMBALANCE, count=3, reason=总量300.0G低于最小门槛1995.0G[0m
[32m2026-05-21 13:40:32[0m | [1mINFO    [0m | [1m主流程规则分桶跳过: bucket=manual_or_risk:四川农业大学100个样本单细胞建库测序技术服务（委托）合同|S|墨卓转录组-3端文库|NA|MANUAL_RISK+IMBALANCE, count=1, reason=总量100.0G低于最小门槛1995.0G[0m
[32m2026-05-21 13:40:32[0m | [1mINFO    [0m | [1m主流程规则分桶跳过: bucket=manual_or_risk:西北农林科技大学4例样本单细胞转录组（墨卓平台）建库测序技术服务（委托）合同|S|墨卓转录组-3端文库|NA|MANUAL_RISK+IMBALANCE, count=1, reason=总量100.0G低于最小门槛1995.0G[0m
[32m2026-05-21 13:40:32[0m | [1mINFO    [0m | [1m主流程规则分桶跳过: bucket=manual_or_risk:（极速周期）清华项目1000个自建库测序+2000个RNA文库测序技术服务（委托）合同|S|客户-真核普通转录组文库|NA|MANUAL_RISK, count=9, reason=总量55.5G低于最小门槛2095.0G[0m
[32m2026-05-21 13:40:32[0m | [1mINFO    [0m | [1m主流程规则分桶跳过: bucket=manual_or_risk:中南大学湘雅二医院18个ATAC自建库测序分析技术服务（委托）合同|S|客户-ATAC-SEQ文库|NA|MANUAL_RISK+IMBALANCE, count=3, reason=总量36.0G低于最小门槛1676.0G[0m
[32m2026-05-21 13:40:32[0m | [1mINFO    [0m | [1m主流程规则分桶跳过: bucket=manual_or_risk:红杨树X PLUS自建库测序技术服务（委托）合同|S|客户-ATAC-SEQ文库|NA|MANUAL_RISK+IMBALANCE, count=3, reason=总量30.0G低于最小门槛1676.0G[0m
[32m2026-05-21 13:40:32[0m | [1mINFO    [0m | [1m主流程规则分桶跳过: bucket=manual_or_risk:24.12.27华中农业大学X-PLUS平台自建库测序技术服务（委托）合同|S|客户-动植物全基因组重测序文库|NA|MANUAL_RISK, count=3, reason=总量18.0G低于最小门槛2095.0G[0m
[32m2026-05-21 13:40:32[0m | [1mINFO    [0m | [1m主流程规则分桶跳过: bucket=manual_or_risk:自建库测序散样分析技术服务（委托）合同|S|客户-动植物全基因组重测序文库|NA|SCATTERED+MANUAL_RISK, count=2, reason=总量12.0G低于最小门槛2095.0G[0m
[32m2026-05-21 13:40:32[0m | [1mINFO    [0m | [1m主流程规则分桶跳过: bucket=manual_or_risk:浙江大学700例外显子测序XPLUS技术服务（委托）合同|S|外显子文库|NA|MANUAL_RISK, count=1, reason=总量10.0G低于最小门槛2095.0G[0m
[32m2026-05-21 13:40:32[0m | [1mINFO    [0m | [1m主流程规则分桶跳过: bucket=manual_or_risk:（极速周期）北生所300例文库测序技术服务（委托）合同|S|客户-CUT-TAG文库|NA|MANUAL_RISK+IMBALANCE, count=1, reason=总量6.0G低于最小门槛1676.0G[0m
[32m2026-05-21 13:40:32[0m | [1mINFO    [0m | [1m主流程规则分桶跳过: bucket=manual_or_risk:1000个转录组测序分析技术服务（委托）合同|S|VIP-真核普通转录组文库|NA|MANUAL_RISK, count=1, reason=总量4.9G低于最小门槛2095.0G[0m
[32m2026-05-21 13:40:32[0m | [1mINFO    [0m | [1m主流程规则分桶跳过: bucket=manual_or_risk:（极速周期）吉林大学自建库新平台500个样本技术服务（委托）合同|S|客户-动植物全基因组重测序文库|NA|MANUAL_RISK, count=1, reason=总量3.0G低于最小门槛2095.0G[0m
[32m2026-05-21 13:40:32[0m | [1mINFO    [0m | [1m主流程规则分桶跳过: bucket=manual_or_risk:工生所200例自建库测序技术服务（委托）合同|S|客户-动植物全基因组重测序文库|NA|MANUAL_RISK, count=1, reason=总量2.0G低于最小门槛2095.0G[0m
[32m2026-05-21 13:40:32[0m | [1mINFO    [0m | [1m主流程规则分桶跳过: bucket=manual_or_risk:南京林业大学-40个自建库库检+测序-尹慧娟分析技术服务（委托）合同|S|客户-真核普通转录组文库|NA|MANUAL_RISK, count=1, reason=总量1.8G低于最小门槛2095.0G[0m
[32m2026-05-21 13:40:32[0m | [1mINFO    [0m | [1m主流程规则分桶跳过: bucket=manual_or_risk:南京农业大学1000个梨DNA样本重测序(XPLUS平台)技术服务（委托）合同|S|DNA小片段文库|NA|MANUAL_RISK, count=1, reason=总量1.0G低于最小门槛2095.0G[0m
[32m2026-05-21 13:40:32[0m | [1mINFO    [0m | [1m主流程规则分桶跳过: bucket=manual_or_risk:浙江农林大学10个自建库测序X技术服务（委托）合同|S|客户-动植物全基因组重测序文库|NA|MANUAL_RISK, count=1, reason=总量1.0G低于最小门槛2095.0G[0m
[32m2026-05-21 13:40:32[0m | [1mINFO    [0m | [1m主流程规则分桶跳过: bucket=manual_or_risk:（极速周期）清华50例文库技术服务（委托）合同|S|客户-其他碱基均衡文库|NA|MANUAL_RISK, count=1, reason=总量0.8G低于最小门槛2095.0G[0m
[32m2026-05-21 13:40:32[0m | [1mINFO    [0m | [1m主流程规则分桶跳过: bucket=general:林大300个样本的DNA小片段建库测序分析技术服务（委托）合同|Z|微生物常规小片段文库|NA|NORMAL, count=6, reason=总量600.0G低于最小门槛2095.0G[0m
[32m2026-05-21 13:40:32[0m | [1mINFO    [0m | [1m主流程规则分桶跳过: bucket=general:1183个样本二代框架图建库测序组装技术服务（委托）合同|Z|DNA小片段文库|NA|NORMAL, count=17, reason=总量22.0G低于最小门槛2095.0G[0m
[32m2026-05-21 13:40:32[0m | [1mINFO    [0m | [1m主流程规则分桶跳过: bucket=general:农科院45个水稻样本转录组测序分析技术服务（委托）合同|Z|VIP-真核普通转录组文库|NA|NORMAL, count=6, reason=总量21.2G低于最小门槛2095.0G[0m
[32m2026-05-21 13:40:32[0m | [1mINFO    [0m | [1m主流程规则分桶跳过: bucket=general:24个小鼠肝脏转录组+24个小鼠粪便宏基因组检测分析技术服务（委托）合同|Z|VIP-真核普通转录组文库|NA|NORMAL, count=2, reason=总量7.4G低于最小门槛2095.0G[0m
[32m2026-05-21 13:40:32[0m | [1mINFO    [0m | [1m主流程规则分桶跳过: bucket=general:158例转录组测序分析技术服务（委托）合同-ZL|Z|VIP-真核普通转录组文库|NA|NORMAL, count=1, reason=总量6.0G低于最小门槛2095.0G[0m
[32m2026-05-21 13:40:32[0m | [1mINFO    [0m | [1m主流程规则分桶跳过: bucket=general:20个转录组测序分析技术服务（委托）合同-XPLUS|Z|VIP-真核普通转录组文库|NA|NORMAL, count=1, reason=总量6.0G低于最小门槛2095.0G[0m
[32m2026-05-21 13:40:32[0m | [1mINFO    [0m | [1m主流程规则分桶跳过: bucket=general:博奥晶典ILLUMINA建库测序及质控 技术服务（委托）合同-2025|Z|VIP-真核普通转录组文库|NA|NORMAL, count=1, reason=总量6.0G低于最小门槛2095.0G[0m
[32m2026-05-21 13:40:32[0m | [1mINFO    [0m | [1m主流程规则分桶跳过: bucket=general:天津医科大学第二医院-10个普通转录组分析技术服务（委托）合同|Z|VIP-真核普通转录组文库|NA|NORMAL, count=1, reason=总量6.0G低于最小门槛2095.0G[0m
[32m2026-05-21 13:40:32[0m | [1mINFO    [0m | [1m主流程规则分桶跳过: bucket=general:JL-样本建库测序分析技术服务（委托）合同|Z|DNA小片段文库|NA|NORMAL, count=5, reason=总量5.0G低于最小门槛2095.0G[0m
[32m2026-05-21 13:40:32[0m | [1mINFO    [0m | [1m主流程规则分桶跳过: bucket=general:12例转录组+12例HQ非靶向代谢组检测分析技术服务（委托）合同-XJH|Z|VIP-真核普通转录组文库|NA|NORMAL, count=1, reason=总量1.2G低于最小门槛2095.0G[0m
[32m2026-05-21 13:40:32[0m | [1mINFO    [0m | [1m主流程规则分桶跳过: bucket=general:河南大学三亚研究院戚赛鸽398个花生重测序育种分析技术服务（委托）合同|Z|DNA小片段文库|NA|NORMAL, count=1, reason=总量0.8G低于最小门槛2095.0G[0m
[32m2026-05-21 13:40:32[0m | [1mINFO    [0m | [1m主流程规则分桶预调度完成: 分桶=36，桶后尾货=89个/2095.8G[0m
[32m2026-05-21 13:40:32[0m | [1mINFO    [0m | [1m主流程尾货统一补排启动: count=89, data=2095.8G[0m
[32m2026-05-21 13:40:32[0m | [1mINFO    [0m | [1m开始逐Lane贪心排机 - 文库数: 89[0m
[32m2026-05-21 13:40:32[0m | [1mINFO    [0m | [1m预拆分完成: 使用外层已拆分文库[0m
[32m2026-05-21 13:40:32[0m | [1mINFO    [0m | [1m===== 批次全局分析报告 =====[0m
[32m2026-05-21 13:40:32[0m | [1mINFO    [0m | [1m机器类型: NovaSeq X Plus[0m
[32m2026-05-21 13:40:32[0m | [1mINFO    [0m | [1m文库总数: 89[0m
[32m2026-05-21 13:40:32[0m | [1mINFO    [0m | [1m总数据量: 2095.8 GB[0m
[32m2026-05-21 13:40:32[0m | [1mINFO    [0m | [1m预估Lane数: 1~2[0m
[32m2026-05-21 13:40:32[0m | [1mINFO    [0m | [1m--- 特征标记 ---[0m
[32m2026-05-21 13:40:32[0m | [1mINFO    [0m | [1m  包Lane文库: 无[0m
[32m2026-05-21 13:40:32[0m | [1mINFO    [0m | [1m  碱基不均衡: 有[0m
[32m2026-05-21 13:40:32[0m | [1mINFO    [0m | [1m  客户文库:   无[0m
[32m2026-05-21 13:40:32[0m | [1mINFO    [0m | [1m  10bp文库:   有[0m
[32m2026-05-21 13:40:32[0m | [1mINFO    [0m | [1m  非10bp文库: 有[0m
[32m2026-05-21 13:40:32[0m | [1mINFO    [0m | [1m  特殊组合:   有[0m
[32m2026-05-21 13:40:32[0m | [1mINFO    [0m | [1m--- 分组画像 ---[0m
[32m2026-05-21 13:40:32[0m | [1mINFO    [0m | [1m  [imbalance] 碱基不均衡文库: 25个文库, 1304.2GB, 预估1~1条Lane[0m
[32m2026-05-21 13:40:32[0m | [1mINFO    [0m | [1m  [10bp] 10碱基文库: 65个文库, 1432.4GB, 预估1~1条Lane[0m
[32m2026-05-21 13:40:32[0m | [1mINFO    [0m | [1m  [special_combo_b] 10X 3端/Visium组合: 17个文库, 1189.3GB, 预估1~1条Lane[0m
[32m2026-05-21 13:40:32[0m | [1mINFO    [0m | [1m  [all] 全部文库: 89个文库, 2095.8GB, 预估1~2条Lane[0m
[32m2026-05-21 13:40:32[0m | [1mINFO    [0m | [1m  [non_10bp] 非10碱基文库: 24个文库, 663.4GB, 预估1~1条Lane[0m
[32m2026-05-21 13:40:32[0m | [1mINFO    [0m | [1m--- 混排约束 ---[0m
[32m2026-05-21 13:40:32[0m | [1mINFO    [0m | [1m  [imbalance_max_30pct] imbalance vs all: 碱基不均衡文库全局占比62.2%，超过30%上限，必须拆分为专用Lane[0m
[32m2026-05-21 13:40:32[0m | [1mINFO    [0m | [1m--- 尾部风险 ---[0m
[32m2026-05-21 13:40:32[0m | [1mINFO    [0m | [1m  [non_10bp] 非10碱基文库排完整Lane后剩余663.4GB，不足半Lane(1048GB)，需要大文库骨架携带或混入散样Lane - 663.4GB, 24个, 严重程度: medium[0m
[32m2026-05-21 13:40:32[0m | [1mINFO    [0m | [1m--- 策略建议 ---[0m
[32m2026-05-21 13:40:32[0m | [1mINFO    [0m | [1m  - 数据分布较均匀，可按常规贪心排机流程处理[0m
[32m2026-05-21 13:40:32[0m | [1mINFO    [0m | [1m===== 报告结束 =====[0m
[32m2026-05-21 13:40:32[0m | [1mINFO    [0m | [1m保留外部传入的策略执行计划，仅使用批次分析报告[0m
[32m2026-05-21 13:40:32[0m | [1mINFO    [0m | [1m处理机器类型 NovaSeq X Plus - 文库数: 41 - Lane容量: 1100GB, 利用率区间: [100%, 100%], 特殊文库上限: 350GB[0m
[32m2026-05-21 13:40:32[0m | [1mINFO    [0m | [1m碱基不均衡专用Lane策略: 18个碱基不均衡文库[0m
[32m2026-05-21 13:40:32[0m | [1mINFO    [0m | [1m专用Lane分组G31剩余合同量42.8G无法满足1.1或3.6T-NEW有效容量下限[0m
[32m2026-05-21 13:40:32[0m | [1mINFO    [0m | [1m专用Lane分组G4剩余合同量689.3G无法满足1.1或3.6T-NEW有效容量下限[0m
[32m2026-05-21 13:40:32[0m | [1mINFO    [0m | [1m专用Lane分组G34剩余合同量500.0G无法满足1.1或3.6T-NEW有效容量下限[0m
[32m2026-05-21 13:40:32[0m | [1mINFO    [0m | [1m形成0条专用Lane，剩余18个碱基不均衡文库[0m
[32m2026-05-21 13:40:32[0m | [1mINFO    [0m | [1m剩余池总量1876.8GB不足最小成Lane门槛2095.0GB，跳过后续随机重试[0m
[32m2026-05-21 13:40:32[0m | [1mINFO    [0m | [1m专用Lane分组G31剩余合同量42.8G无法满足1.1或3.6T-NEW有效容量下限[0m
[32m2026-05-21 13:40:32[0m | [1mINFO    [0m | [1m专用Lane分组G4剩余合同量689.3G无法满足1.1或3.6T-NEW有效容量下限[0m
[32m2026-05-21 13:40:32[0m | [1mINFO    [0m | [1m专用Lane分组G34剩余合同量500.0G无法满足1.1或3.6T-NEW有效容量下限[0m
[32m2026-05-21 13:40:32[0m | [1mINFO    [0m | [1m专用Lane创建完成: 0条Lane, 18个碱基不均衡文库待分配, 23个中性文库待分配[0m
[32m2026-05-21 13:40:32[0m | [1mINFO    [0m | [1m处理机器类型 Nova X-25B - 文库数: 48 - Lane容量: 1050.0GB, 利用率区间: [100%, 100%], 特殊文库上限: 350GB[0m
[32m2026-05-21 13:40:32[0m | [1mINFO    [0m | [1m碱基不均衡专用Lane策略: 7个碱基不均衡文库[0m
[32m2026-05-21 13:40:32[0m | [1mINFO    [0m | [1m专用Lane分组G25剩余合同量66.0G无法满足1.1或3.6T-NEW有效容量下限[0m
[32m2026-05-21 13:40:32[0m | [1mINFO    [0m | [1m专用Lane分组G26剩余合同量6.0G无法满足1.1或3.6T-NEW有效容量下限[0m
[32m2026-05-21 13:40:32[0m | [1mINFO    [0m | [1m形成0条专用Lane，剩余7个碱基不均衡文库[0m
[32m2026-05-21 13:40:32[0m | [1mINFO    [0m | [1m剩余池总量219.0GB不足最小成Lane门槛2095.0GB，跳过后续随机重试[0m
[32m2026-05-21 13:40:32[0m | [1mINFO    [0m | [1m专用Lane分组G25剩余合同量66.0G无法满足1.1或3.6T-NEW有效容量下限[0m
[32m2026-05-21 13:40:32[0m | [1mINFO    [0m | [1m专用Lane分组G26剩余合同量6.0G无法满足1.1或3.6T-NEW有效容量下限[0m
[32m2026-05-21 13:40:32[0m | [1mINFO    [0m | [1m专用Lane创建完成: 0条Lane, 7个碱基不均衡文库待分配, 41个中性文库待分配[0m
[32m2026-05-21 13:40:32[0m | [1mINFO    [0m | [1m逐Lane贪心排机完成 - Lane数: 0, 已分配: 0/89, 未分配: 89, 平均利用率: 0.0%, 耗时: 0.03秒[0m
[32m2026-05-21 13:40:32[0m | [1mINFO    [0m | [1mIndex校验器初始化完成（真实数据验证版本）[0m
[32m2026-05-21 13:40:32[0m | [1mINFO    [0m | [1m成Lane校验程序初始化完成 (严格模式: False, 碱基不均衡上限: 35%, 特殊文库关键词: 9个)[0m
[32m2026-05-21 13:40:32[0m | [1mINFO    [0m | [1m最终验证结果: 0条Lane通过，89个文库未分配[0m
[32m2026-05-21 13:40:32[0m | [1mINFO    [0m | [1mwkspecialsplits边排边检查完成: 无需调整[0m
[32m2026-05-21 13:40:32[0m | [1mINFO    [0m | [1m验证完成：0条Lane通过验证[0m
[32m2026-05-21 13:40:32[0m | [1mINFO    [0m | [1m57规则二次改排救援已关闭，失败Lane文库回收到未分配池[0m
[32m2026-05-21 13:40:32[0m | [1mINFO    [0m | [1m补Lane尝试: variant=full_priority, lane_prefix=EX, pool_size=89, pool_data=2095.766G, prioritize_scattered_mix=True[0m
[32m2026-05-21 13:40:32[0m | [1mINFO    [0m | [1m补Lane尝试: variant=non_clinical_relaxed, lane_prefix=EX, pool_size=89, pool_data=2095.766G, prioritize_scattered_mix=False[0m
[32m2026-05-21 13:40:33[0m | [1mINFO    [0m | [1m补Lane跳过汇总: lane_prefix=EX, machine=Nova X-25B, reason_top=[总量6.0G低于最小门槛2095.0Gx4, 总量10.0G低于最小门槛1995.0Gx2, 总量100.0G低于最小门槛1995.0Gx2, 总量1.0G低于最小门槛2095.0Gx2][0m
[32m2026-05-21 13:40:33[0m | [1mINFO    [0m | [1mLane数量提升停止: machine_type=Nova X-25B, 当前池首次构Lane失败，跳过同池重复尝试[0m
[32m2026-05-21 13:40:33[0m | [1mINFO    [0m | [1mLane数量提升未新增Lane[0m
[32m2026-05-21 13:40:33[0m | [1mINFO    [0m | [1m补Lane跳过汇总: lane_prefix=RB, machine=Nova X-25B, reason_top=[总量6.0G低于最小门槛2095.0Gx4, 总量10.0G低于最小门槛1995.0Gx2, 总量100.0G低于最小门槛1995.0Gx2, 总量1.0G低于最小门槛2095.0Gx2][0m
[32m2026-05-21 13:40:33[0m | [1mINFO    [0m | [1m跨Lane多文库交换停止: machine_type=Nova X-25B, 当前池首次构Lane失败，跳过同池重复尝试[0m
[32m2026-05-21 13:40:33[0m | [1mINFO    [0m | [1m跨Lane多文库交换未新增Lane，剩余未分配89个[0m
[32m2026-05-21 13:40:33[0m | [1mINFO    [0m | [1m补Lane跳过汇总: lane_prefix=RM, machine=Nova X-25B, reason_top=[总量6.0G低于最小门槛2095.0Gx4, 总量10.0G低于最小门槛1995.0Gx2, 总量100.0G低于最小门槛1995.0Gx2, 总量1.0G低于最小门槛2095.0Gx2][0m
[32m2026-05-21 13:40:33[0m | [1mINFO    [0m | [1m补Lane跳过汇总: lane_prefix=GL, machine=Nova X-25B, reason_top=[总量6.0G低于最小门槛2095.0Gx4, 总量10.0G低于最小门槛1995.0Gx2, 总量100.0G低于最小门槛1995.0Gx2, 总量1.0G低于最小门槛2095.0Gx2][0m
[32m2026-05-21 13:40:44[0m | [1mINFO    [0m | [1m剩余库分层重组搜索未新增Lane: 跳过拆分文库=0, 剩余未分配=89[0m
[32m2026-05-21 13:40:44[0m | [1mINFO    [0m | [1m脚本内置 Pooling 预测已停用，后续统一调用 prediction_delivery[0m
[32m2026-05-21 13:40:44[0m | [1mINFO    [0m | [1mIndex校验器初始化完成（真实数据验证版本）[0m
[32m2026-05-21 13:40:44[0m | [1mINFO    [0m | [1m成Lane校验程序初始化完成 (严格模式: True, 碱基不均衡上限: 35%, 特殊文库关键词: 9个)[0m
[32m2026-05-21 13:40:44[0m | [1mINFO    [0m | [1m1.1首轮二次补排完成: 新增Lane=0, 剩余文库=89[0m
[32m2026-05-21 13:40:44[0m | [1mINFO    [0m | [1m步骤1.5-3候选池接收1.1剩余文库89个，继续进入3.6T-NEW[0m
[32m2026-05-21 13:40:44[0m | [1mINFO    [0m | [1m1.1首轮排机完成: 生成13条Lane[0m
[32m2026-05-21 13:40:44[0m | [1mINFO    [0m | [1m1.1首轮排机阶段完成: 3.6T-NEW后续候选池=98个文库, 1.1 Lane=13条[0m
[32m2026-05-21 13:40:44[0m | [1mINFO    [0m | [1mIndex校验器初始化完成（真实数据验证版本）[0m
[32m2026-05-21 13:40:44[0m | [1mINFO    [0m | [1m成Lane校验程序初始化完成 (严格模式: True, 碱基不均衡上限: 35%, 特殊文库关键词: 9个)[0m
[32m2026-05-21 13:40:44[0m | [1mINFO    [0m | [1m
================================================================================[0m
[32m2026-05-21 13:40:44[0m | [1mINFO    [0m | [1m步骤1.6: 尾货1.1专Lane与普通Lane二次抽取[0m
[32m2026-05-21 13:40:44[0m | [1mINFO    [0m | [1m================================================================================[0m
[32m2026-05-21 13:40:44[0m | [1mINFO    [0m | [1mIndex校验器初始化完成（真实数据验证版本）[0m
[32m2026-05-21 13:40:44[0m | [1mINFO    [0m | [1mIndex校验器初始化完成（真实数据验证版本）[0m
[32m2026-05-21 13:40:44[0m | [1mINFO    [0m | [1m成Lane校验程序初始化完成 (严格模式: True, 碱基不均衡上限: 35%, 特殊文库关键词: 9个)[0m
[32m2026-05-21 13:40:44[0m | [33m[1mWARNING [0m | [33m[1mPooling配置表不存在: /data/work/yuyongpeng/liblane_v2_deepseek/data/wktype_pooling_config.xlsx，将使用默认策略[0m
[32m2026-05-21 13:40:44[0m | [1mINFO    [0m | [1m产出效率修正表不存在: /data/work/yuyongpeng/liblane_v2_deepseek/data/production_efficiency_correction.csv，跳过后校准[0m
[32m2026-05-21 13:40:44[0m | [33m[1mWARNING [0m | [33m[1m模型文件不存在: models/loutput_pre_lane_v5/lightgbm_model.pkl[0m
[32m2026-05-21 13:40:44[0m | [33m[1mWARNING [0m | [33m[1mloutput预测器不可用，将使用规则降级策略[0m
[32m2026-05-21 13:40:44[0m | [1mINFO    [0m | [1m逐Lane贪心排机器初始化完成 - 基础容量: 985.0GB, 利用率区间: [100%, 100%], 配置模式: 按机型自动[0m
[32m2026-05-21 13:40:44[0m | [1mINFO    [0m | [1m启用检查: Index=True, 碱基不均衡=True, 规则检查器=False[0m
[32m2026-05-21 13:40:44[0m | [1mINFO    [0m | [1m专用Lane分组G31剩余合同量42.8G无法满足1.1或3.6T-NEW有效容量下限[0m
[32m2026-05-21 13:40:44[0m | [1mINFO    [0m | [1m专用Lane分组G25剩余合同量66.0G无法满足1.1或3.6T-NEW有效容量下限[0m
[32m2026-05-21 13:40:44[0m | [1mINFO    [0m | [1m专用Lane分组G26剩余合同量6.0G无法满足1.1或3.6T-NEW有效容量下限[0m
[32m2026-05-21 13:40:44[0m | [1mINFO    [0m | [1m专用Lane分组G4剩余合同量689.3G无法满足1.1或3.6T-NEW有效容量下限[0m
[32m2026-05-21 13:40:44[0m | [1mINFO    [0m | [1m专用Lane分组G34剩余合同量500.0G无法满足1.1或3.6T-NEW有效容量下限[0m
[32m2026-05-21 13:40:44[0m | [1mINFO    [0m | [1m尾货1.1碱基不均衡专Lane二次抽取未形成新Lane[0m
[32m2026-05-21 13:40:44[0m | [1mINFO    [0m | [1mIndex校验器初始化完成（真实数据验证版本）[0m
[32m2026-05-21 13:40:44[0m | [1mINFO    [0m | [1m成Lane校验程序初始化完成 (严格模式: True, 碱基不均衡上限: 35%, 特殊文库关键词: 9个)[0m
[32m2026-05-21 13:40:44[0m | [1mINFO    [0m | [1m补Lane跳过汇总: lane_prefix=GL, machine=Nova X-25B, reason_top=[总量6.0G低于最小门槛2095.0Gx4, 总量10.0G低于最小门槛1995.0Gx2, 总量100.0G低于最小门槛1995.0Gx2, 总量1.0G低于最小门槛2095.0Gx2][0m
[32m2026-05-21 13:40:55[0m | [1mINFO    [0m | [1m尾货1.1普通Lane二次抽取未形成新Lane，剩余进入普通3.6T排机文库=98[0m
[32m2026-05-21 13:40:55[0m | [1mINFO    [0m | [1m
================================================================================[0m
[32m2026-05-21 13:40:55[0m | [1mINFO    [0m | [1m步骤2: 处理普通文库（使用GreedyLaneScheduler）[0m
[32m2026-05-21 13:40:55[0m | [1mINFO    [0m | [1m================================================================================[0m
[32m2026-05-21 13:40:55[0m | [1mINFO    [0m | [1mIndex校验器初始化完成（真实数据验证版本）[0m
[32m2026-05-21 13:40:55[0m | [1mINFO    [0m | [1m成Lane校验程序初始化完成 (严格模式: True, 碱基不均衡上限: 35%, 特殊文库关键词: 9个)[0m
[32m2026-05-21 13:40:55[0m | [1mINFO    [0m | [1m终态矩阵拆分补Lane完成: 新增Lane=5，使用原始文库=8，拆分片段=40[0m
[32m2026-05-21 13:40:55[0m | [1mINFO    [0m | [1m步骤2前置拆分家族构建完成: 新增Lane=5，矩阵Lane=5，混合矩阵Lane=0，跨份数Lane=0，使用原始文库=8[0m
[32m2026-05-21 13:40:55[0m | [1mINFO    [0m | [1m步骤2前置拆分家族构建完成: 新增Lane=5, 剩余普通排机文库=90[0m
[32m2026-05-21 13:40:55[0m | [1mINFO    [0m | [1m排机超时保护已启动，最大允许时间: 10 分钟[0m
[32m2026-05-21 13:40:55[0m | [1mINFO    [0m | [1m
================================================================================[0m
[32m2026-05-21 13:40:55[0m | [1mINFO    [0m | [1m排机流程：纯规则排机[0m
[32m2026-05-21 13:40:55[0m | [1mINFO    [0m | [1m================================================================================[0m
[32m2026-05-21 13:40:55[0m | [1mINFO    [0m | [1mIndex校验器初始化完成（真实数据验证版本）[0m
[32m2026-05-21 13:40:55[0m | [1mINFO    [0m | [1mIndex校验器初始化完成（真实数据验证版本）[0m
[32m2026-05-21 13:40:55[0m | [1mINFO    [0m | [1m成Lane校验程序初始化完成 (严格模式: True, 碱基不均衡上限: 35%, 特殊文库关键词: 9个)[0m
[32m2026-05-21 13:40:55[0m | [33m[1mWARNING [0m | [33m[1mPooling配置表不存在: /data/work/yuyongpeng/liblane_v2_deepseek/data/wktype_pooling_config.xlsx，将使用默认策略[0m
[32m2026-05-21 13:40:55[0m | [1mINFO    [0m | [1m产出效率修正表不存在: /data/work/yuyongpeng/liblane_v2_deepseek/data/production_efficiency_correction.csv，跳过后校准[0m
[32m2026-05-21 13:40:55[0m | [33m[1mWARNING [0m | [33m[1m模型文件不存在: models/loutput_pre_lane_v5/lightgbm_model.pkl[0m
[32m2026-05-21 13:40:55[0m | [33m[1mWARNING [0m | [33m[1mloutput预测器不可用，将使用规则降级策略[0m
[32m2026-05-21 13:40:55[0m | [1mINFO    [0m | [1m逐Lane贪心排机器初始化完成 - 基础容量: 985.0GB, 利用率区间: [100%, 100%], 配置模式: 按机型自动[0m
[32m2026-05-21 13:40:55[0m | [1mINFO    [0m | [1m启用检查: Index=True, 碱基不均衡=True, 规则检查器=False[0m
[32m2026-05-21 13:40:55[0m | [1mINFO    [0m | [1m排机阶段：Pooling优化器已禁用（V6流程不需要）[0m
[32m2026-05-21 13:40:55[0m | [1mINFO    [0m | [1mIndex校验器初始化完成（真实数据验证版本）[0m
[32m2026-05-21 13:40:55[0m | [1mINFO    [0m | [1m成Lane校验程序初始化完成 (严格模式: True, 碱基不均衡上限: 35%, 特殊文库关键词: 9个)[0m
[32m2026-05-21 13:40:55[0m | [1mINFO    [0m | [1m严格校验容量区间改为按统一配置表动态解析[0m
[32m2026-05-21 13:40:55[0m | [1mINFO    [0m | [1m============================================================[0m
[32m2026-05-21 13:40:55[0m | [1mINFO    [0m | [1m[拆分] 开始文库拆分预处理[0m
[32m2026-05-21 13:40:55[0m | [1mINFO    [0m | [1m  拆分规则: 1.1模式文库（兼容旧名1.0）不拆分；3.6T-NEW模式按逗号识别index对数，单对index等效合同量 >130.0G 拆分[0m
[32m2026-05-21 13:40:55[0m | [1mINFO    [0m | [1m  最小保留数据量: >2.0G[0m
[32m2026-05-21 13:40:55[0m | [1mINFO    [0m | [1m------------------------------------------------------------[0m
[32m2026-05-21 13:40:55[0m | [1mINFO    [0m | [1m 拆分完成[0m
[32m2026-05-21 13:40:55[0m | [1mINFO    [0m | [1m  原始文库数: 1[0m
[32m2026-05-21 13:40:55[0m | [1mINFO    [0m | [1m  拆分文库数: 1[0m
[32m2026-05-21 13:40:55[0m | [1mINFO    [0m | [1m  最终文库数: 5[0m
[32m2026-05-21 13:40:55[0m | [1mINFO    [0m | [1m============================================================[0m
[32m2026-05-21 13:40:55[0m | [1mINFO    [0m | [1m主流程前置拆分完成: 原始文库90个，触发拆分1个，拆分后文库94个[0m
[32m2026-05-21 13:40:55[0m | [1mINFO    [0m | [1m混排Peak窗口: 326-476bp, 83个文库/2718G, 理论最多2条Lane[0m
[32m2026-05-21 13:40:55[0m | [1mINFO    [0m | [1m混排Lane预抽取完成: 新增Lane=0，使用文库=0个/0.0G，剩余待排=94个/2745.8G[0m
[32m2026-05-21 13:40:55[0m | [1mINFO    [0m | [1m主流程规则分桶跳过: bucket=ten_x:南方科技大学20例单细胞测序分析技术服务（委托）合同|S|10X转录组-3'文库|NA|TENX+MANUAL_RISK+IMBALANCE, count=3, reason=总量354.0G低于最小门槛1995.0G[0m
[32m2026-05-21 13:40:55[0m | [1mINFO    [0m | [1m主流程规则分桶跳过: bucket=ten_x:浙江大学国际健康医学研究院肿瘤完整基因组图谱计划一期（第一批）分析技术服务（委托）合同|S|10X转录组-3'文库|NA|TENX+MANUAL_RISK+IMBALANCE, count=3, reason=总量304.5G低于最小门槛1995.0G[0m
[32m2026-05-21 13:40:55[0m | [1mINFO    [0m | [1m主流程规则分桶跳过: bucket=ten_x:北京大学第一医院自建库测序技术服务（委托）合同|S|客户-单细胞文库|NA|TENX+MANUAL_RISK+IMBALANCE, count=1, reason=总量42.8G低于最小门槛1843.6G[0m
[32m2026-05-21 13:40:55[0m | [1mINFO    [0m | [1m主流程规则分桶跳过: bucket=ten_x:中山大学5个10X GENOMICS 3'单细胞转录组分析技术服务（委托）合同|S|10X转录组-3'文库|NA|TENX+MANUAL_RISK+IMBALANCE, count=2, reason=总量10.0G低于最小门槛1995.0G[0m
[32m2026-05-21 13:40:55[0m | [1mINFO    [0m | [1m主流程规则分桶跳过: bucket=ten_x:山东大学16个单细胞测序分析技术服务（委托）合同-张晓鲁|S|10X转录组-3'文库|NA|TENX+MANUAL_RISK+IMBALANCE, count=1, reason=总量10.0G低于最小门槛1995.0G[0m
[32m2026-05-21 13:40:55[0m | [1mINFO    [0m | [1m主流程规则分桶跳过: bucket=ten_x:22个10X单细胞建库测序150G CELL RANGER分析技术服务（委托）合同|S|10X转录组-3'文库|NA|TENX+MANUAL_RISK+IMBALANCE, count=1, reason=总量4.9G低于最小门槛1995.0G[0m
[32m2026-05-21 13:40:55[0m | [1mINFO    [0m | [1m主流程规则分桶跳过: bucket=ten_x:四川大学华西医院5例肺癌组织单细胞建库测序分析技术服务（委托）合同|S|10X转录组-3'文库|NA|TENX+MANUAL_RISK+IMBALANCE, count=1, reason=总量3.1G低于最小门槛1995.0G[0m
[32m2026-05-21 13:40:55[0m | [1mINFO    [0m | [1m主流程规则分桶跳过: bucket=ten_x:JQ_华西医院10X单细胞建库测序分析技术服务（委托）合同|S|10X转录组-3'文库|NA|TENX+MANUAL_RISK+IMBALANCE, count=1, reason=总量3.0G低于最小门槛1995.0G[0m
[32m2026-05-21 13:40:55[0m | [1mINFO    [0m | [1m主流程规则分桶跳过: bucket=manual_or_risk:中药所9个单细胞+9个转录组分析技术服务（委托）合同|S|墨卓转录组-3端文库|NA|MANUAL_RISK+IMBALANCE, count=3, reason=总量300.0G低于最小门槛1995.0G[0m
[32m2026-05-21 13:40:55[0m | [1mINFO    [0m | [1m主流程规则分桶跳过: bucket=manual_or_risk:四川农业大学100个样本单细胞建库测序技术服务（委托）合同|S|墨卓转录组-3端文库|NA|MANUAL_RISK+IMBALANCE, count=1, reason=总量100.0G低于最小门槛1995.0G[0m
[32m2026-05-21 13:40:55[0m | [1mINFO    [0m | [1m主流程规则分桶跳过: bucket=manual_or_risk:西北农林科技大学4例样本单细胞转录组（墨卓平台）建库测序技术服务（委托）合同|S|墨卓转录组-3端文库|NA|MANUAL_RISK+IMBALANCE, count=1, reason=总量100.0G低于最小门槛1995.0G[0m
[32m2026-05-21 13:40:55[0m | [1mINFO    [0m | [1m主流程规则分桶跳过: bucket=manual_or_risk:（极速周期）清华项目1000个自建库测序+2000个RNA文库测序技术服务（委托）合同|S|客户-真核普通转录组文库|NA|MANUAL_RISK, count=9, reason=总量55.5G低于最小门槛2095.0G[0m
[32m2026-05-21 13:40:55[0m | [1mINFO    [0m | [1m主流程规则分桶跳过: bucket=manual_or_risk:中南大学湘雅二医院18个ATAC自建库测序分析技术服务（委托）合同|S|客户-ATAC-SEQ文库|NA|MANUAL_RISK+IMBALANCE, count=3, reason=总量36.0G低于最小门槛1676.0G[0m
[32m2026-05-21 13:40:55[0m | [1mINFO    [0m | [1m主流程规则分桶跳过: bucket=manual_or_risk:红杨树X PLUS自建库测序技术服务（委托）合同|S|客户-ATAC-SEQ文库|NA|MANUAL_RISK+IMBALANCE, count=3, reason=总量30.0G低于最小门槛1676.0G[0m
[32m2026-05-21 13:40:55[0m | [1mINFO    [0m | [1m主流程规则分桶跳过: bucket=manual_or_risk:24.12.27华中农业大学X-PLUS平台自建库测序技术服务（委托）合同|S|客户-动植物全基因组重测序文库|NA|MANUAL_RISK, count=3, reason=总量18.0G低于最小门槛2095.0G[0m
[32m2026-05-21 13:40:55[0m | [1mINFO    [0m | [1m主流程规则分桶跳过: bucket=manual_or_risk:自建库测序散样分析技术服务（委托）合同|S|客户-动植物全基因组重测序文库|NA|SCATTERED+MANUAL_RISK, count=2, reason=总量12.0G低于最小门槛2095.0G[0m
[32m2026-05-21 13:40:55[0m | [1mINFO    [0m | [1m主流程规则分桶跳过: bucket=manual_or_risk:浙江大学700例外显子测序XPLUS技术服务（委托）合同|S|外显子文库|NA|MANUAL_RISK, count=1, reason=总量10.0G低于最小门槛2095.0G[0m
[32m2026-05-21 13:40:55[0m | [1mINFO    [0m | [1m主流程规则分桶跳过: bucket=manual_or_risk:（极速周期）北生所300例文库测序技术服务（委托）合同|S|客户-CUT-TAG文库|NA|MANUAL_RISK+IMBALANCE, count=1, reason=总量6.0G低于最小门槛1676.0G[0m
[32m2026-05-21 13:40:55[0m | [1mINFO    [0m | [1m主流程规则分桶跳过: bucket=manual_or_risk:1000个转录组测序分析技术服务（委托）合同|S|VIP-真核普通转录组文库|NA|MANUAL_RISK, count=1, reason=总量4.9G低于最小门槛2095.0G[0m
[32m2026-05-21 13:40:55[0m | [1mINFO    [0m | [1m主流程规则分桶跳过: bucket=manual_or_risk:（极速周期）吉林大学自建库新平台500个样本技术服务（委托）合同|S|客户-动植物全基因组重测序文库|NA|MANUAL_RISK, count=1, reason=总量3.0G低于最小门槛2095.0G[0m
[32m2026-05-21 13:40:55[0m | [1mINFO    [0m | [1m主流程规则分桶跳过: bucket=manual_or_risk:工生所200例自建库测序技术服务（委托）合同|S|客户-动植物全基因组重测序文库|NA|MANUAL_RISK, count=1, reason=总量2.0G低于最小门槛2095.0G[0m
[32m2026-05-21 13:40:55[0m | [1mINFO    [0m | [1m主流程规则分桶跳过: bucket=manual_or_risk:南京林业大学-40个自建库库检+测序-尹慧娟分析技术服务（委托）合同|S|客户-真核普通转录组文库|NA|MANUAL_RISK, count=1, reason=总量1.8G低于最小门槛2095.0G[0m
[32m2026-05-21 13:40:55[0m | [1mINFO    [0m | [1m主流程规则分桶跳过: bucket=manual_or_risk:南京农业大学1000个梨DNA样本重测序(XPLUS平台)技术服务（委托）合同|S|DNA小片段文库|NA|MANUAL_RISK, count=1, reason=总量1.0G低于最小门槛2095.0G[0m
[32m2026-05-21 13:40:55[0m | [1mINFO    [0m | [1m主流程规则分桶跳过: bucket=manual_or_risk:浙江农林大学10个自建库测序X技术服务（委托）合同|S|客户-动植物全基因组重测序文库|NA|MANUAL_RISK, count=1, reason=总量1.0G低于最小门槛2095.0G[0m
[32m2026-05-21 13:40:55[0m | [1mINFO    [0m | [1m主流程规则分桶跳过: bucket=manual_or_risk:（极速周期）清华50例文库技术服务（委托）合同|S|客户-其他碱基均衡文库|NA|MANUAL_RISK, count=1, reason=总量0.8G低于最小门槛2095.0G[0m
[32m2026-05-21 13:40:55[0m | [1mINFO    [0m | [1m主流程规则分桶跳过: bucket=general:浙江大学100例链特+普转建库测序技术服务（委托）合同|Z|真核链特异性转录组文库|NA|NORMAL, count=5, reason=总量650.0G低于最小门槛995.0G[0m
[32m2026-05-21 13:40:55[0m | [1mINFO    [0m | [1m主流程规则分桶跳过: bucket=general:林大300个样本的DNA小片段建库测序分析技术服务（委托）合同|Z|微生物常规小片段文库|NA|NORMAL, count=6, reason=总量600.0G低于最小门槛2095.0G[0m
[32m2026-05-21 13:40:55[0m | [1mINFO    [0m | [1m主流程规则分桶跳过: bucket=general:1183个样本二代框架图建库测序组装技术服务（委托）合同|Z|DNA小片段文库|NA|NORMAL, count=17, reason=总量22.0G低于最小门槛2095.0G[0m
[32m2026-05-21 13:40:55[0m | [1mINFO    [0m | [1m主流程规则分桶跳过: bucket=general:农科院45个水稻样本转录组测序分析技术服务（委托）合同|Z|VIP-真核普通转录组文库|NA|NORMAL, count=6, reason=总量21.2G低于最小门槛2095.0G[0m
[32m2026-05-21 13:40:55[0m | [1mINFO    [0m | [1m主流程规则分桶跳过: bucket=general:24个小鼠肝脏转录组+24个小鼠粪便宏基因组检测分析技术服务（委托）合同|Z|VIP-真核普通转录组文库|NA|NORMAL, count=2, reason=总量7.4G低于最小门槛2095.0G[0m
[32m2026-05-21 13:40:55[0m | [1mINFO    [0m | [1m主流程规则分桶跳过: bucket=general:158例转录组测序分析技术服务（委托）合同-ZL|Z|VIP-真核普通转录组文库|NA|NORMAL, count=1, reason=总量6.0G低于最小门槛2095.0G[0m
[32m2026-05-21 13:40:55[0m | [1mINFO    [0m | [1m主流程规则分桶跳过: bucket=general:20个转录组测序分析技术服务（委托）合同-XPLUS|Z|VIP-真核普通转录组文库|NA|NORMAL, count=1, reason=总量6.0G低于最小门槛2095.0G[0m
[32m2026-05-21 13:40:55[0m | [1mINFO    [0m | [1m主流程规则分桶跳过: bucket=general:博奥晶典ILLUMINA建库测序及质控 技术服务（委托）合同-2025|Z|VIP-真核普通转录组文库|NA|NORMAL, count=1, reason=总量6.0G低于最小门槛2095.0G[0m
[32m2026-05-21 13:40:55[0m | [1mINFO    [0m | [1m主流程规则分桶跳过: bucket=general:天津医科大学第二医院-10个普通转录组分析技术服务（委托）合同|Z|VIP-真核普通转录组文库|NA|NORMAL, count=1, reason=总量6.0G低于最小门槛2095.0G[0m
[32m2026-05-21 13:40:55[0m | [1mINFO    [0m | [1m主流程规则分桶跳过: bucket=general:JL-样本建库测序分析技术服务（委托）合同|Z|DNA小片段文库|NA|NORMAL, count=5, reason=总量5.0G低于最小门槛2095.0G[0m
[32m2026-05-21 13:40:55[0m | [1mINFO    [0m | [1m主流程规则分桶跳过: bucket=general:12例转录组+12例HQ非靶向代谢组检测分析技术服务（委托）合同-XJH|Z|VIP-真核普通转录组文库|NA|NORMAL, count=1, reason=总量1.2G低于最小门槛2095.0G[0m
[32m2026-05-21 13:40:55[0m | [1mINFO    [0m | [1m主流程规则分桶跳过: bucket=general:河南大学三亚研究院戚赛鸽398个花生重测序育种分析技术服务（委托）合同|Z|DNA小片段文库|NA|NORMAL, count=1, reason=总量0.8G低于最小门槛2095.0G[0m
[32m2026-05-21 13:40:55[0m | [1mINFO    [0m | [1m主流程规则分桶预调度完成: 分桶=37，桶后尾货=94个/2745.8G[0m
[32m2026-05-21 13:40:55[0m | [1mINFO    [0m | [1m主流程尾货统一补排启动: count=94, data=2745.8G[0m
[32m2026-05-21 13:40:55[0m | [1mINFO    [0m | [1m开始逐Lane贪心排机 - 文库数: 94[0m
[32m2026-05-21 13:40:55[0m | [1mINFO    [0m | [1m预拆分完成: 使用外层已拆分文库[0m
[32m2026-05-21 13:40:55[0m | [1mINFO    [0m | [1m===== 批次全局分析报告 =====[0m
[32m2026-05-21 13:40:55[0m | [1mINFO    [0m | [1m机器类型: NovaSeq X Plus[0m
[32m2026-05-21 13:40:55[0m | [1mINFO    [0m | [1m文库总数: 94[0m
[32m2026-05-21 13:40:55[0m | [1mINFO    [0m | [1m总数据量: 2745.8 GB[0m
[32m2026-05-21 13:40:55[0m | [1mINFO    [0m | [1m预估Lane数: 3~3[0m
[32m2026-05-21 13:40:55[0m | [1mINFO    [0m | [1m--- 特征标记 ---[0m
[32m2026-05-21 13:40:55[0m | [1mINFO    [0m | [1m  包Lane文库: 无[0m
[32m2026-05-21 13:40:55[0m | [1mINFO    [0m | [1m  碱基不均衡: 有[0m
[32m2026-05-21 13:40:55[0m | [1mINFO    [0m | [1m  客户文库:   无[0m
[32m2026-05-21 13:40:55[0m | [1mINFO    [0m | [1m  10bp文库:   有[0m
[32m2026-05-21 13:40:55[0m | [1mINFO    [0m | [1m  非10bp文库: 有[0m
[32m2026-05-21 13:40:55[0m | [1mINFO    [0m | [1m  特殊组合:   有[0m
[32m2026-05-21 13:40:55[0m | [1mINFO    [0m | [1m--- 分组画像 ---[0m
[32m2026-05-21 13:40:55[0m | [1mINFO    [0m | [1m  [imbalance] 碱基不均衡文库: 25个文库, 1304.2GB, 预估2~2条Lane[0m
[32m2026-05-21 13:40:55[0m | [1mINFO    [0m | [1m  [10bp] 10碱基文库: 70个文库, 2082.4GB, 预估2~3条Lane[0m
[32m2026-05-21 13:40:55[0m | [1mINFO    [0m | [1m  [special_combo_b] 10X 3端/Visium组合: 17个文库, 1189.3GB, 预估2~2条Lane[0m
[32m2026-05-21 13:40:55[0m | [1mINFO    [0m | [1m  [all] 全部文库: 94个文库, 2745.8GB, 预估3~3条Lane[0m
[32m2026-05-21 13:40:55[0m | [1mINFO    [0m | [1m  [non_10bp] 非10碱基文库: 24个文库, 663.4GB, 预估1~1条Lane[0m
[32m2026-05-21 13:40:55[0m | [1mINFO    [0m | [1m--- 专用Lane推荐 ---[0m
[32m2026-05-21 13:40:55[0m | [1mINFO    [0m | [1m  [imbalance] 碱基不均衡文库数据量充足，可包专用Lane避免混排占比限制 - 约1条Lane, 1304.2GB, 置信度: medium[0m
[32m2026-05-21 13:40:55[0m | [1mINFO    [0m | [1m  [special_combo_b] 10X 3端/Visium文库可独占Lane（与5端互斥） - 约1条Lane, 1189.3GB, 置信度: medium[0m
[32m2026-05-21 13:40:55[0m | [1mINFO    [0m | [1m--- 混排约束 ---[0m
[32m2026-05-21 13:40:55[0m | [1mINFO    [0m | [1m  [imbalance_max_30pct] imbalance vs all: 碱基不均衡文库全局占比47.5%，超过30%上限，必须拆分为专用Lane[0m
[32m2026-05-21 13:40:55[0m | [1mINFO    [0m | [1m--- 尾部风险 ---[0m
[32m2026-05-21 13:40:55[0m | [1mINFO    [0m | [1m  [imbalance] 碱基不均衡文库排完整Lane后剩余334.2GB，不足半Lane(485GB)，需要大文库骨架携带或混入散样Lane - 334.2GB, 25个, 严重程度: medium[0m
[32m2026-05-21 13:40:55[0m | [1mINFO    [0m | [1m  [special_combo_b] 10X 3端/Visium组合排完整Lane后剩余219.3GB，不足半Lane(485GB)，需要大文库骨架携带或混入散样Lane - 219.3GB, 17个, 严重程度: medium[0m
[32m2026-05-21 13:40:55[0m | [1mINFO    [0m | [1m--- 策略建议 ---[0m
[32m2026-05-21 13:40:55[0m | [1mINFO    [0m | [1m  - 碱基不均衡文库数据量充足，优先形成专用Lane[0m
[32m2026-05-21 13:40:55[0m | [1mINFO    [0m | [1m  - 特殊10X组合文库应分别走专用Lane（互斥规则）[0m
[32m2026-05-21 13:40:55[0m | [1mINFO    [0m | [1m===== 报告结束 =====[0m
[32m2026-05-21 13:40:55[0m | [1mINFO    [0m | [1m保留外部传入的策略执行计划，仅使用批次分析报告[0m
[32m2026-05-21 13:40:55[0m | [1mINFO    [0m | [1m处理机器类型 NovaSeq X Plus - 文库数: 46 - Lane容量: 1100GB, 利用率区间: [100%, 100%], 特殊文库上限: 350GB[0m
[32m2026-05-21 13:40:55[0m | [1mINFO    [0m | [1m碱基不均衡专用Lane策略: 18个碱基不均衡文库[0m
[32m2026-05-21 13:40:55[0m | [1mINFO    [0m | [1m专用Lane分组G31剩余合同量42.8G无法满足1.1或3.6T-NEW有效容量下限[0m
[32m2026-05-21 13:40:55[0m | [1mINFO    [0m | [1m专用Lane分组G4剩余合同量689.3G无法满足1.1或3.6T-NEW有效容量下限[0m
[32m2026-05-21 13:40:55[0m | [1mINFO    [0m | [1m专用Lane分组G34剩余合同量500.0G无法满足1.1或3.6T-NEW有效容量下限[0m
[32m2026-05-21 13:40:55[0m | [1mINFO    [0m | [1m形成0条专用Lane，剩余18个碱基不均衡文库[0m
[32m2026-05-21 13:40:55[0m | [1mINFO    [0m | [1m第二轮排机: 46 个未分配文库（随机顺序）[0m
[32m2026-05-21 13:40:55[0m | [1mINFO    [0m | [1m第三轮排机: 46 个未分配文库（小文库优先）[0m
[32m2026-05-21 13:40:55[0m | [1mINFO    [0m | [1m连续5轮无新Lane且未分配池不变，提前结束无效重试[0m
[32m2026-05-21 13:40:55[0m | [1mINFO    [0m | [1m专用Lane分组G31剩余合同量42.8G无法满足1.1或3.6T-NEW有效容量下限[0m
[32m2026-05-21 13:40:55[0m | [1mINFO    [0m | [1m专用Lane分组G4剩余合同量689.3G无法满足1.1或3.6T-NEW有效容量下限[0m
[32m2026-05-21 13:40:55[0m | [1mINFO    [0m | [1m专用Lane分组G34剩余合同量500.0G无法满足1.1或3.6T-NEW有效容量下限[0m
[32m2026-05-21 13:40:55[0m | [1mINFO    [0m | [1m专用Lane创建完成: 0条Lane, 18个碱基不均衡文库待分配, 28个中性文库待分配[0m
[32m2026-05-21 13:40:55[0m | [1mINFO    [0m | [1m处理机器类型 Nova X-25B - 文库数: 48 - Lane容量: 1050.0GB, 利用率区间: [100%, 100%], 特殊文库上限: 350GB[0m
[32m2026-05-21 13:40:55[0m | [1mINFO    [0m | [1m碱基不均衡专用Lane策略: 7个碱基不均衡文库[0m
[32m2026-05-21 13:40:55[0m | [1mINFO    [0m | [1m专用Lane分组G25剩余合同量66.0G无法满足1.1或3.6T-NEW有效容量下限[0m
[32m2026-05-21 13:40:55[0m | [1mINFO    [0m | [1m专用Lane分组G26剩余合同量6.0G无法满足1.1或3.6T-NEW有效容量下限[0m
[32m2026-05-21 13:40:55[0m | [1mINFO    [0m | [1m形成0条专用Lane，剩余7个碱基不均衡文库[0m
[32m2026-05-21 13:40:55[0m | [1mINFO    [0m | [1m剩余池总量219.0GB不足最小成Lane门槛995.0GB，跳过后续随机重试[0m
[32m2026-05-21 13:40:55[0m | [1mINFO    [0m | [1m专用Lane分组G25剩余合同量66.0G无法满足1.1或3.6T-NEW有效容量下限[0m
[32m2026-05-21 13:40:55[0m | [1mINFO    [0m | [1m专用Lane分组G26剩余合同量6.0G无法满足1.1或3.6T-NEW有效容量下限[0m
[32m2026-05-21 13:40:55[0m | [1mINFO    [0m | [1m专用Lane创建完成: 0条Lane, 7个碱基不均衡文库待分配, 41个中性文库待分配[0m
[32m2026-05-21 13:40:55[0m | [1mINFO    [0m | [1m逐Lane贪心排机完成 - Lane数: 0, 已分配: 0/94, 未分配: 94, 平均利用率: 0.0%, 耗时: 0.09秒[0m
[32m2026-05-21 13:40:55[0m | [1mINFO    [0m | [1mIndex校验器初始化完成（真实数据验证版本）[0m
[32m2026-05-21 13:40:55[0m | [1mINFO    [0m | [1m成Lane校验程序初始化完成 (严格模式: False, 碱基不均衡上限: 35%, 特殊文库关键词: 9个)[0m
[32m2026-05-21 13:40:55[0m | [1mINFO    [0m | [1m最终验证结果: 0条Lane通过，94个文库未分配[0m
[32m2026-05-21 13:40:55[0m | [1mINFO    [0m | [1mwkspecialsplits边排边检查完成: 无需调整[0m
[32m2026-05-21 13:40:55[0m | [1mINFO    [0m | [1m验证完成：0条Lane通过验证[0m
[32m2026-05-21 13:40:55[0m | [1mINFO    [0m | [1m57规则二次改排救援已关闭，失败Lane文库回收到未分配池[0m
[32m2026-05-21 13:40:55[0m | [1mINFO    [0m | [1m补Lane尝试: variant=full_priority, lane_prefix=EX, pool_size=94, pool_data=2745.766G, prioritize_scattered_mix=True[0m
[32m2026-05-21 13:40:55[0m | [1mINFO    [0m | [1m补Lane尝试: variant=non_clinical_relaxed, lane_prefix=EX, pool_size=94, pool_data=2745.766G, prioritize_scattered_mix=False[0m
[32m2026-05-21 13:40:56[0m | [1mINFO    [0m | [1m补Lane跳过汇总: lane_prefix=EX, machine=Nova X-25B, reason_top=[总量6.0G低于最小门槛2095.0Gx4, 总量10.0G低于最小门槛1995.0Gx2, 总量100.0G低于最小门槛1995.0Gx2, 总量1.0G低于最小门槛2095.0Gx2][0m
[32m2026-05-21 13:40:56[0m | [1mINFO    [0m | [1mLane数量提升停止: machine_type=Nova X-25B, 当前池首次构Lane失败，跳过同池重复尝试[0m
[32m2026-05-21 13:40:56[0m | [1mINFO    [0m | [1mLane数量提升未新增Lane[0m
[32m2026-05-21 13:40:56[0m | [1mINFO    [0m | [1m补Lane尝试: variant=full_priority, lane_prefix=RB, pool_size=94, pool_data=2745.766G, prioritize_scattered_mix=True[0m
[32m2026-05-21 13:40:56[0m | [1mINFO    [0m | [1m补Lane尝试: variant=non_clinical_relaxed, lane_prefix=RB, pool_size=94, pool_data=2745.766G, prioritize_scattered_mix=False[0m
[32m2026-05-21 13:40:57[0m | [1mINFO    [0m | [1m补Lane跳过汇总: lane_prefix=RB, machine=Nova X-25B, reason_top=[总量6.0G低于最小门槛2095.0Gx4, 总量10.0G低于最小门槛1995.0Gx2, 总量100.0G低于最小门槛1995.0Gx2, 总量1.0G低于最小门槛2095.0Gx2][0m
[32m2026-05-21 13:40:57[0m | [1mINFO    [0m | [1m跨Lane多文库交换停止: machine_type=Nova X-25B, 当前池首次构Lane失败，跳过同池重复尝试[0m
[32m2026-05-21 13:40:57[0m | [1mINFO    [0m | [1m跨Lane多文库交换未新增Lane，剩余未分配94个[0m
[32m2026-05-21 13:40:57[0m | [1mINFO    [0m | [1mIndex校验器初始化完成（真实数据验证版本）[0m
[32m2026-05-21 13:40:57[0m | [1mINFO    [0m | [1m成Lane校验程序初始化完成 (严格模式: True, 碱基不均衡上限: 35%, 特殊文库关键词: 9个)[0m
[32m2026-05-21 13:40:57[0m | [1mINFO    [0m | [1mLane PKG_LANE_0002 尝试补平衡文库模板: sample_id=phix, test_no=Novaseq X Plus-PE150, index_seq=GGGGGGGGGG;ACCGAGATCT[0m
[32m2026-05-21 13:40:57[0m | [1mINFO    [0m | [1mLane PKG_LANE_0002 平衡文库补充成功: sample_id=phix, 数据量=100.000G[0m
[32m2026-05-21 13:40:57[0m | [1mINFO    [0m | [1mLane PKG_LANE_0003 尝试补平衡文库模板: sample_id=phix, test_no=Novaseq X Plus-PE150, index_seq=GGGGGGGGGG;ACCGAGATCT[0m
[32m2026-05-21 13:40:57[0m | [1mINFO    [0m | [1mLane PKG_LANE_0003 平衡文库补充成功: sample_id=phix, 数据量=100.000G[0m
[32m2026-05-21 13:40:57[0m | [1mINFO    [0m | [1mLane PKG_LANE_0004 尝试补平衡文库模板: sample_id=phix, test_no=Novaseq X Plus-PE150, index_seq=GGGGGGGGGG;ACCGAGATCT[0m
[32m2026-05-21 13:40:57[0m | [1mINFO    [0m | [1mLane PKG_LANE_0004 平衡文库补充成功: sample_id=phix, 数据量=100.000G[0m
[32m2026-05-21 13:40:57[0m | [1mINFO    [0m | [1mLane PKG_LANE_0005 尝试补平衡文库模板: sample_id=phix, test_no=Novaseq X Plus-PE150, index_seq=GGGGGGGGGG;ACCGAGATCT[0m
[32m2026-05-21 13:40:57[0m | [1mINFO    [0m | [1mLane PKG_LANE_0005 平衡文库补充成功: sample_id=phix, 数据量=100.000G[0m
[32m2026-05-21 13:40:57[0m | [1mINFO    [0m | [1mLane PKG_LANE_0006 尝试补平衡文库模板: sample_id=phix, test_no=Novaseq X Plus-PE150, index_seq=GGGGGGGGGG;ACCGAGATCT[0m
[32m2026-05-21 13:40:57[0m | [1mINFO    [0m | [1mLane PKG_LANE_0006 平衡文库补充成功: sample_id=phix, 数据量=100.000G[0m
[32m2026-05-21 13:40:57[0m | [1mINFO    [0m | [1mLane PKG_LANE_0007 尝试补平衡文库模板: sample_id=phix, test_no=Novaseq X Plus-PE150, index_seq=GGGGGGGGGG;ACCGAGATCT[0m
[32m2026-05-21 13:40:57[0m | [1mINFO    [0m | [1mLane PKG_LANE_0007 平衡文库补充成功: sample_id=phix, 数据量=100.000G[0m
[32m2026-05-21 13:40:57[0m | [1mINFO    [0m | [1mLane PKG_LANE_0008 尝试补平衡文库模板: sample_id=phix, test_no=Novaseq X Plus-PE150, index_seq=GGGGGGGGGG;ACCGAGATCT[0m
[32m2026-05-21 13:40:57[0m | [1mINFO    [0m | [1mLane PKG_LANE_0008 平衡文库补充成功: sample_id=phix, 数据量=100.000G[0m
[32m2026-05-21 13:40:57[0m | [1mINFO    [0m | [1mLane PKG_LANE_0009 尝试补平衡文库模板: sample_id=phix, test_no=Novaseq X Plus-PE150, index_seq=GGGGGGGGGG;ACCGAGATCT[0m
[32m2026-05-21 13:40:57[0m | [1mINFO    [0m | [1mLane PKG_LANE_0009 平衡文库补充成功: sample_id=phix, 数据量=100.000G[0m
[32m2026-05-21 13:40:57[0m | [1mINFO    [0m | [1mLane PKG_LANE_0001 尝试补平衡文库模板: sample_id=phix, test_no=Novaseq X Plus-PE150, index_seq=GGGGGGGGGG;ACCGAGATCT[0m
[32m2026-05-21 13:40:57[0m | [1mINFO    [0m | [1mLane PKG_LANE_0001 平衡文库补充成功: sample_id=phix, 数据量=100.000G[0m
[32m2026-05-21 13:40:57[0m | [1mINFO    [0m | [1mLane LS_NovaX-25B_001 尝试补平衡文库模板: sample_id=phix, test_no=Novaseq X Plus-PE150, index_seq=GGGGGGGGGG;ACCGAGATCT[0m
[32m2026-05-21 13:40:57[0m | [1mINFO    [0m | [1mLane LS_NovaX-25B_001 平衡文库补充成功: sample_id=phix, 数据量=50.000G[0m
[32m2026-05-21 13:40:57[0m | [1mINFO    [0m | [1mLane LS_NovaX-25B_002 尝试补平衡文库模板: sample_id=phix, test_no=Novaseq X Plus-PE150, index_seq=GGGGGGGGGG;ACCGAGATCT[0m
[32m2026-05-21 13:40:57[0m | [1mINFO    [0m | [1mLane LS_NovaX-25B_002 平衡文库补充成功: sample_id=phix, 数据量=49.974G[0m
[32m2026-05-21 13:40:57[0m | [1mINFO    [0m | [1m预构建Lane平衡文库前置处理完成: 需补平衡文库Lane=11，成功=11，失败移除=0，专Lane保留=0[0m
[32m2026-05-21 13:40:57[0m | [33m[1mWARNING [0m | [33m[1mLane DL_Nova X-25B_001 终态过滤淘汰: ['Lane有效数据量1037.6G(原始1037.6G+平衡0.0G)低于下限1995G，规则=tj_1595_mode_1_1_special_combo，需添加约957.4G的文库'][0m
[32m2026-05-21 13:40:57[0m | [33m[1mWARNING [0m | [33m[1mLane DL_Nova X-25B_002 终态过滤淘汰: ['Lane有效数据量1000.0G(原始1000.0G+平衡0.0G)低于下限1995G，规则=tj_1595_mode_1_1_special_combo，需添加约995.0G的文库'][0m
[32m2026-05-21 13:40:57[0m | [33m[1mWARNING [0m | [33m[1mLane GL_Nova X-25B_001 终态过滤淘汰: ['Lane有效数据量2090.0G(原始2090.0G+平衡0.0G)低于下限2095G，规则=tj_1595_mode_1_1，需添加约5.0G的文库'][0m
[32m2026-05-21 13:40:57[0m | [33m[1mWARNING [0m | [33m[1mLane GL_NovaSeq X Plus_007 终态过滤淘汰: ['Lane有效数据量1600.0G(原始1600.0G+平衡0.0G)低于下限2095G，规则=tj_1595_mode_1_1，需添加约495.0G的文库'][0m
[32m2026-05-21 13:40:57[0m | [33m[1mWARNING [0m | [33m[1mLane EX_NovaSeq X Plus_002 终态过滤淘汰: ['Lane有效数据量2077.0G(原始2077.0G+平衡0.0G)低于下限2095G，规则=tj_1595_mode_1_1，需添加约18.0G的文库'][0m
[32m2026-05-21 13:40:57[0m | [1mINFO    [0m | [1m
合并26条预构建Lane到最终结果（过滤掉5条未通过严格校验的预构建Lane）[0m
[32m2026-05-21 13:40:57[0m | [1mINFO    [0m | [1m最终Lane总数: 26 (预构建Lane: 26, 普通Lane: 0)[0m
[32m2026-05-21 13:40:57[0m | [1mINFO    [0m | [1m全局预拆分回滚完成: 1个原始文库因拆分子文库未全部成Lane而回滚[0m
[32m2026-05-21 13:40:57[0m | [1mINFO    [0m | [1m补Lane尝试: variant=general:林大300个样本的DNA小片段建库测序分析技术服务（委托）合同|Z|微生物常规小片段文库|NA|NORMAL, lane_prefix=MG, pool_size=14, pool_data=2200.000G, prioritize_scattered_mix=True[0m
[32m2026-05-21 13:40:57[0m | [1mINFO    [0m | [1m补Lane尝试: variant=non_clinical_relaxed, lane_prefix=MG, pool_size=14, pool_data=2200.000G, prioritize_scattered_mix=False[0m
[32m2026-05-21 13:40:57[0m | [1mINFO    [0m | [1m补Lane尝试: variant=manual_or_risk:（极速周期）清华项目1000个自建库测序+2000个RNA文库测序技术服务（委托）合同|S|客户-真核普通转录组文库|NA|MANUAL_RISK, lane_prefix=MG, pool_size=29, pool_data=2145.495G, prioritize_scattered_mix=True[0m
[32m2026-05-21 13:40:57[0m | [1mINFO    [0m | [1m补Lane尝试: variant=non_clinical_relaxed, lane_prefix=MG, pool_size=29, pool_data=2145.495G, prioritize_scattered_mix=False[0m
[32m2026-05-21 13:40:57[0m | [1mINFO    [0m | [1m补Lane尝试跳过: lane_prefix=MG, pool_size=1, pool_data=9.000G不足最小门槛2095.000G[0m
[32m2026-05-21 13:40:57[0m | [1mINFO    [0m | [1m补Lane尝试: variant=full_priority, lane_prefix=RM, pool_size=133, pool_data=5563.822G, prioritize_scattered_mix=True[0m
[32m2026-05-21 13:40:57[0m | [1mINFO    [0m | [1m补Lane尝试: variant=non_clinical_relaxed, lane_prefix=RM, pool_size=133, pool_data=5563.822G, prioritize_scattered_mix=False[0m
[32m2026-05-21 13:40:58[0m | [1mINFO    [0m | [1m补Lane尝试: variant=full_priority, lane_prefix=RM, pool_size=56, pool_data=3435.457G, prioritize_scattered_mix=True[0m
[32m2026-05-21 13:40:58[0m | [1mINFO    [0m | [1m补Lane尝试: variant=non_clinical_relaxed, lane_prefix=RM, pool_size=56, pool_data=3435.457G, prioritize_scattered_mix=False[0m
[32m2026-05-21 13:40:59[0m | [1mINFO    [0m | [1m补Lane跳过汇总: lane_prefix=RM, machine=Nova X-25B, reason_top=[总量100.0G低于最小门槛1995.0Gx7, 总量1.0G低于最小门槛2095.0Gx2, 总量354.0G低于最小门槛1995.0Gx1, 总量305.3G低于最小门槛1995.0Gx1][0m
[32m2026-05-21 13:40:59[0m | [1mINFO    [0m | [1m补Lane尝试: variant=full_priority, lane_prefix=GL, pool_size=56, pool_data=3435.457G, prioritize_scattered_mix=True[0m
[32m2026-05-21 13:40:59[0m | [1mINFO    [0m | [1m补Lane尝试: variant=non_clinical_relaxed, lane_prefix=GL, pool_size=56, pool_data=3435.457G, prioritize_scattered_mix=False[0m
[32m2026-05-21 13:41:00[0m | [1mINFO    [0m | [1m补Lane跳过汇总: lane_prefix=GL, machine=Nova X-25B, reason_top=[总量100.0G低于最小门槛1995.0Gx7, 总量1.0G低于最小门槛2095.0Gx2, 总量354.0G低于最小门槛1995.0Gx1, 总量305.3G低于最小门槛1995.0Gx1][0m
[32m2026-05-21 13:41:00[0m | [1mINFO    [0m | [1m终态普通尾货全局1.1 regroup成功: lane=GL_Nova X-25B_001, 机型=Nova X-25B, 文库数=18, 数据量=2015.2G[0m
[32m2026-05-21 13:41:00[0m | [1mINFO    [0m | [1m补Lane尝试跳过: lane_prefix=GL, pool_size=38, pool_data=1420.218G不足最小门槛2095.000G[0m
[32m2026-05-21 13:41:00[0m | [1mINFO    [0m | [1m剩余库分层重组搜索完成: 新增Lane=4 (大簇专项=2, 高约束专项=0, 专lane=0, 混排lane=1, 普通lane=1), 跳过拆分文库=1, 剩余未分配=39[0m
[32m2026-05-21 13:41:00[0m | [1mINFO    [0m | [1m脚本内置 Pooling 预测已停用，后续统一调用 prediction_delivery[0m
[32m2026-05-21 13:41:00[0m | [33m[1mWARNING [0m | [33m[1mLane PKG_LANE_0002 利用率异常: 400.00% (数据量=1000.00GB, 容量=250.00GB)[0m
[32m2026-05-21 13:41:00[0m | [33m[1mWARNING [0m | [33m[1mLane PKG_LANE_0003 利用率异常: 400.00% (数据量=1000.00GB, 容量=250.00GB)[0m
[32m2026-05-21 13:41:00[0m | [33m[1mWARNING [0m | [33m[1mLane PKG_LANE_0004 利用率异常: 400.00% (数据量=1000.00GB, 容量=250.00GB)[0m
[32m2026-05-21 13:41:00[0m | [33m[1mWARNING [0m | [33m[1mLane PKG_LANE_0005 利用率异常: 400.00% (数据量=1000.00GB, 容量=250.00GB)[0m
[32m2026-05-21 13:41:00[0m | [33m[1mWARNING [0m | [33m[1mLane PKG_LANE_0006 利用率异常: 400.00% (数据量=1000.00GB, 容量=250.00GB)[0m
[32m2026-05-21 13:41:00[0m | [33m[1mWARNING [0m | [33m[1mLane PKG_LANE_0007 利用率异常: 400.00% (数据量=1000.00GB, 容量=250.00GB)[0m
[32m2026-05-21 13:41:00[0m | [33m[1mWARNING [0m | [33m[1mLane PKG_LANE_0008 利用率异常: 400.00% (数据量=1000.00GB, 容量=250.00GB)[0m
[32m2026-05-21 13:41:00[0m | [33m[1mWARNING [0m | [33m[1mLane PKG_LANE_0009 利用率异常: 400.00% (数据量=1000.00GB, 容量=250.00GB)[0m
[32m2026-05-21 13:41:00[0m | [33m[1mWARNING [0m | [33m[1mLane PKG_LANE_0001 利用率异常: 400.00% (数据量=1000.00GB, 容量=250.00GB)[0m
[32m2026-05-21 13:41:00[0m | [33m[1mWARNING [0m | [33m[1mLane LS_NovaX-25B_001 利用率异常: 400.00% (数据量=1000.00GB, 容量=250.00GB)[0m
[32m2026-05-21 13:41:00[0m | [33m[1mWARNING [0m | [33m[1mLane LS_NovaX-25B_002 利用率异常: 399.79% (数据量=999.47GB, 容量=250.00GB)[0m
[32m2026-05-21 13:41:00[0m | [33m[1mWARNING [0m | [33m[1mLane EX_NovaSeq X Plus_004 利用率异常: 217.54% (数据量=2121.00GB, 容量=975.00GB)[0m
[32m2026-05-21 13:41:00[0m | [33m[1mWARNING [0m | [33m[1mLane MG_Nova X-25B_001 利用率异常: 225.64% (数据量=2200.00GB, 容量=975.00GB)[0m
[32m2026-05-21 13:41:00[0m | [33m[1mWARNING [0m | [33m[1mLane MG_Nova X-25B_002 利用率异常: 219.13% (数据量=2136.49GB, 容量=975.00GB)[0m
[32m2026-05-21 13:41:00[0m | [33m[1mWARNING [0m | [33m[1mLane RM_Nova X-25B_001 利用率异常: 218.29% (数据量=2128.36GB, 容量=975.00GB)[0m
[32m2026-05-21 13:41:00[0m | [33m[1mWARNING [0m | [33m[1mLane GL_Nova X-25B_001 利用率异常: 206.69% (数据量=2015.24GB, 容量=975.00GB)[0m
[32m2026-05-21 13:41:00[0m | [1mINFO    [0m | [1mIndex校验器初始化完成（真实数据验证版本）[0m
[32m2026-05-21 13:41:00[0m | [1mINFO    [0m | [1m成Lane校验程序初始化完成 (严格模式: True, 碱基不均衡上限: 35%, 特殊文库关键词: 9个)[0m
[32m2026-05-21 13:41:00[0m | [1mINFO    [0m | [1m排后包Lane校验通过[0m
[32m2026-05-21 13:41:00[0m | [1mINFO    [0m | [1m排后校验通过：包Lane编号文库拆分规则满足约束[0m
[32m2026-05-21 13:41:00[0m | [1mINFO    [0m | [1mIndex校验器初始化完成（真实数据验证版本）[0m
[32m2026-05-21 13:41:00[0m | [1mINFO    [0m | [1m成Lane校验程序初始化完成 (严格模式: True, 碱基不均衡上限: 35%, 特殊文库关键词: 9个)[0m
[32m2026-05-21 13:41:00[0m | [1mINFO    [0m | [1m平衡文库后处理完成: 需补平衡文库Lane=11，成功=11，失败移除=0，专Lane保留=0，回收文库=0[0m
[32m2026-05-21 13:41:00[0m | [1mINFO    [0m | [1m排后包Lane校验通过[0m
[32m2026-05-21 13:41:00[0m | [1mINFO    [0m | [1mIndex校验器初始化完成（真实数据验证版本）[0m
[32m2026-05-21 13:41:00[0m | [1mINFO    [0m | [1m成Lane校验程序初始化完成 (严格模式: True, 碱基不均衡上限: 35%, 特殊文库关键词: 9个)[0m
[32m2026-05-21 13:41:00[0m | [1mINFO    [0m | [1m排后包Lane校验通过[0m
[32m2026-05-21 13:41:00[0m | [1mINFO    [0m | [1m排后校验通过：包Lane编号文库拆分规则满足约束[0m
[32m2026-05-21 13:41:00[0m | [1mINFO    [0m | [1m终态全局3.6增量混排未成Lane明细: 机型=NovaSeq X Plus, 候选items=22, best_total=425.9G, best_index_pairs=22, validation_top=[][0m
[32m2026-05-21 13:41:00[0m | [1mINFO    [0m | [1mIndex校验器初始化完成（真实数据验证版本）[0m
[32m2026-05-21 13:41:00[0m | [1mINFO    [0m | [1mIndex校验器初始化完成（真实数据验证版本）[0m
[32m2026-05-21 13:41:00[0m | [1mINFO    [0m | [1m成Lane校验程序初始化完成 (严格模式: True, 碱基不均衡上限: 35%, 特殊文库关键词: 9个)[0m
[32m2026-05-21 13:41:00[0m | [33m[1mWARNING [0m | [33m[1mPooling配置表不存在: /data/work/yuyongpeng/liblane_v2_deepseek/data/wktype_pooling_config.xlsx，将使用默认策略[0m
[32m2026-05-21 13:41:00[0m | [1mINFO    [0m | [1m产出效率修正表不存在: /data/work/yuyongpeng/liblane_v2_deepseek/data/production_efficiency_correction.csv，跳过后校准[0m
[32m2026-05-21 13:41:00[0m | [33m[1mWARNING [0m | [33m[1m模型文件不存在: models/loutput_pre_lane_v5/lightgbm_model.pkl[0m
[32m2026-05-21 13:41:00[0m | [33m[1mWARNING [0m | [33m[1mloutput预测器不可用，将使用规则降级策略[0m
[32m2026-05-21 13:41:00[0m | [1mINFO    [0m | [1m逐Lane贪心排机器初始化完成 - 基础容量: 985.0GB, 利用率区间: [100%, 100%], 配置模式: 按机型自动[0m
[32m2026-05-21 13:41:00[0m | [1mINFO    [0m | [1m启用检查: Index=True, 碱基不均衡=True, 规则检查器=False[0m
[32m2026-05-21 13:41:00[0m | [1mINFO    [0m | [1m专用Lane分组G31剩余合同量42.8G无法满足1.1或3.6T-NEW有效容量下限[0m
[32m2026-05-21 13:41:00[0m | [1mINFO    [0m | [1m专用Lane分组G25剩余合同量66.0G无法满足1.1或3.6T-NEW有效容量下限[0m
[32m2026-05-21 13:41:00[0m | [1mINFO    [0m | [1m专用Lane分组G26剩余合同量6.0G无法满足1.1或3.6T-NEW有效容量下限[0m
[32m2026-05-21 13:41:00[0m | [1mINFO    [0m | [1m专用Lane分组G4剩余合同量103.3G无法满足1.1或3.6T-NEW有效容量下限[0m
[32m2026-05-21 13:41:00[0m | [1mINFO    [0m | [1m专用Lane分组G34剩余合同量200.0G无法满足1.1或3.6T-NEW有效容量下限[0m
[32m2026-05-21 13:41:00[0m | [1mINFO    [0m | [1m终态全局3.6混排未新增Lane: 剩余未分配=39[0m
[32m2026-05-21 13:41:00[0m | [1mINFO    [0m | [1m终态文库类型专池未成Lane: 文库类型=真核链特异性转录组文库, 机型=NovaSeq X Plus, 模式=1.1, 剩余文库=1, 剩余数据量=650.0G, reason=no_mode_eligible_libraries[0m
[32m2026-05-21 13:41:00[0m | [1mINFO    [0m | [1m终态文库类型专池未成Lane: 文库类型=真核链特异性转录组文库, 机型=NovaSeq X Plus, 模式=3.6T-NEW, 剩余文库=1, 剩余数据量=650.0G, reason=no_mode_eligible_libraries[0m
[32m2026-05-21 13:41:00[0m | [1mINFO    [0m | [1m终态文库类型碱基不均专Lane未成Lane: 文库类型=10X转录组-3'文库, 机型=NovaSeq X Plus, 剩余文库=16, 剩余数据量=611.6G, reason=hard_skip_total_below_min(total=611.6G,min=1995.0G); g53_g54_fill=no_valid_g53_g54_fill_subset(best_total=1211.6G,best_index_pairs=22, validation_top=[])[0m
[32m2026-05-21 13:41:00[0m | [1mINFO    [0m | [1m终态文库类型专池未成Lane: 文库类型=10X转录组-3'文库, 机型=NovaSeq X Plus, 模式=3.6T-NEW, 剩余文库=16, 剩余数据量=611.6G, reason=hard_skip_total_below_min(total=611.6G,min=970.0G)[0m
[32m2026-05-21 13:41:00[0m | [1mINFO    [0m | [1m终态文库类型碱基不均专Lane未成Lane: 文库类型=墨卓转录组-3端文库, 机型=NovaSeq X Plus, 剩余文库=6, 剩余数据量=600.0G, reason=hard_skip_total_below_min(total=600.0G,min=1995.0G); g53_g54_fill=no_valid_g53_g54_fill_subset(best_total=1211.6G,best_index_pairs=22, validation_top=[])[0m
[32m2026-05-21 13:41:00[0m | [1mINFO    [0m | [1m终态文库类型专池未成Lane: 文库类型=墨卓转录组-3端文库, 机型=NovaSeq X Plus, 模式=3.6T-NEW, 剩余文库=6, 剩余数据量=600.0G, reason=hard_skip_total_below_min(total=600.0G,min=970.0G)[0m
[32m2026-05-21 13:41:00[0m | [1mINFO    [0m | [1m终态文库类型专池未成Lane: 文库类型=外显子文库, 机型=Nova X-25B, 模式=1.1, 剩余文库=2, 剩余数据量=70.0G, reason=hard_skip_total_below_min(total=70.0G,min=2095.0G)[0m
[32m2026-05-21 13:41:00[0m | [1mINFO    [0m | [1m终态文库类型专池未成Lane: 文库类型=外显子文库, 机型=Nova X-25B, 模式=3.6T-NEW, 剩余文库=2, 剩余数据量=70.0G, reason=hard_skip_total_below_min(total=70.0G,min=995.0G)[0m
[32m2026-05-21 13:41:00[0m | [1mINFO    [0m | [1m终态文库类型碱基不均专Lane未成Lane: 文库类型=客户-ATAC-seq文库, 机型=Nova X-25B, 剩余文库=6, 剩余数据量=66.0G, reason=hard_skip_total_below_min(total=66.0G,min=1676.0G); g53_g54_fill=no_valid_g53_g54_fill_subset(best_total=0.0G,best_index_pairs=0, validation_top=[])[0m
[32m2026-05-21 13:41:00[0m | [1mINFO    [0m | [1m终态文库类型专池未成Lane: 文库类型=客户-ATAC-seq文库, 机型=Nova X-25B, 模式=3.6T-NEW, 剩余文库=6, 剩余数据量=66.0G, reason=hard_skip_total_below_min(total=66.0G,min=796.0G)[0m
[32m2026-05-21 13:41:00[0m | [1mINFO    [0m | [1m终态文库类型碱基不均专Lane未成Lane: 文库类型=客户-单细胞文库, 机型=NovaSeq X Plus, 剩余文库=1, 剩余数据量=42.8G, reason=hard_skip_total_below_min(total=42.8G,min=1843.6G); g53_g54_fill=no_valid_g53_g54_fill_subset(best_total=0.0G,best_index_pairs=0, validation_top=[])[0m
[32m2026-05-21 13:41:00[0m | [1mINFO    [0m | [1m终态文库类型专池未成Lane: 文库类型=客户-单细胞文库, 机型=NovaSeq X Plus, 模式=3.6T-NEW, 剩余文库=1, 剩余数据量=42.8G, reason=hard_skip_total_below_min(total=42.8G,min=875.6G)[0m
[32m2026-05-21 13:41:00[0m | [1mINFO    [0m | [1m终态文库类型专池未成Lane: 文库类型=DNA小片段文库, 机型=Nova X-25B, 模式=1.1, 剩余文库=2, 剩余数据量=11.0G, reason=hard_skip_total_below_min(total=11.0G,min=2095.0G)[0m
[32m2026-05-21 13:41:00[0m | [1mINFO    [0m | [1m终态文库类型专池未成Lane: 文库类型=DNA小片段文库, 机型=Nova X-25B, 模式=3.6T-NEW, 剩余文库=2, 剩余数据量=11.0G, reason=hard_skip_total_below_min(total=11.0G,min=995.0G)[0m
[32m2026-05-21 13:41:00[0m | [1mINFO    [0m | [1m终态文库类型专池未成Lane: 文库类型=VIP-真核普通转录组文库, 机型=Nova X-25B, 模式=1.1, 剩余文库=1, 剩余数据量=6.0G, reason=hard_skip_total_below_min(total=6.0G,min=2095.0G)[0m
[32m2026-05-21 13:41:00[0m | [1mINFO    [0m | [1m终态文库类型专池未成Lane: 文库类型=VIP-真核普通转录组文库, 机型=Nova X-25B, 模式=3.6T-NEW, 剩余文库=1, 剩余数据量=6.0G, reason=hard_skip_total_below_min(total=6.0G,min=995.0G)[0m
[32m2026-05-21 13:41:00[0m | [1mINFO    [0m | [1m终态文库类型碱基不均专Lane未成Lane: 文库类型=客户-CUT-Tag文库, 机型=Nova X-25B, 剩余文库=1, 剩余数据量=6.0G, reason=hard_skip_total_below_min(total=6.0G,min=1676.0G); g53_g54_fill=no_valid_g53_g54_fill_subset(best_total=0.0G,best_index_pairs=0, validation_top=[])[0m
[32m2026-05-21 13:41:00[0m | [1mINFO    [0m | [1m终态文库类型专池未成Lane: 文库类型=客户-CUT-Tag文库, 机型=Nova X-25B, 模式=3.6T-NEW, 剩余文库=1, 剩余数据量=6.0G, reason=hard_skip_total_below_min(total=6.0G,min=796.0G)[0m
[32m2026-05-21 13:41:00[0m | [1mINFO    [0m | [1m终态文库类型专池未成Lane: 文库类型=VIP-真核普通转录组文库, 机型=NovaSeq X Plus, 模式=1.1, 剩余文库=1, 剩余数据量=4.9G, reason=hard_skip_total_below_min(total=4.9G,min=2095.0G)[0m
[32m2026-05-21 13:41:00[0m | [1mINFO    [0m | [1m终态文库类型专池未成Lane: 文库类型=VIP-真核普通转录组文库, 机型=NovaSeq X Plus, 模式=3.6T-NEW, 剩余文库=1, 剩余数据量=4.9G, reason=hard_skip_total_below_min(total=4.9G,min=995.0G)[0m
[32m2026-05-21 13:41:00[0m | [1mINFO    [0m | [1m终态文库类型专池未成Lane: 文库类型=DNA小片段文库, 机型=NovaSeq X Plus, 模式=1.1, 剩余文库=2, 剩余数据量=1.8G, reason=hard_skip_total_below_min(total=1.8G,min=2095.0G)[0m
[32m2026-05-21 13:41:00[0m | [1mINFO    [0m | [1m终态文库类型专池未成Lane: 文库类型=DNA小片段文库, 机型=NovaSeq X Plus, 模式=3.6T-NEW, 剩余文库=2, 剩余数据量=1.8G, reason=hard_skip_total_below_min(total=1.8G,min=995.0G)[0m
[32m2026-05-21 13:41:00[0m | [1mINFO    [0m | [1m终态文库类型专池增量未新增Lane: 跳过拆分规则文库=0，跳过不支持机型=0，剩余未分配=39[0m
[32m2026-05-21 13:41:00[0m | [1mINFO    [0m | [1mIndex校验器初始化完成（真实数据验证版本）[0m
[32m2026-05-21 13:41:00[0m | [1mINFO    [0m | [1m成Lane校验程序初始化完成 (严格模式: True, 碱基不均衡上限: 35%, 特殊文库关键词: 9个)[0m
[32m2026-05-21 13:41:00[0m | [1mINFO    [0m | [1mIndex校验器初始化完成（真实数据验证版本）[0m
[32m2026-05-21 13:41:00[0m | [1mINFO    [0m | [1m成Lane校验程序初始化完成 (严格模式: True, 碱基不均衡上限: 35%, 特殊文库关键词: 9个)[0m
[32m2026-05-21 13:41:00[0m | [1mINFO    [0m | [1m终态增量Lane平衡文库后处理完成: 需补平衡文库Lane=11，成功=11，失败移除=0，专Lane保留=0，回收文库=0[0m
[32m2026-05-21 13:41:00[0m | [1mINFO    [0m | [1marrange 收集排机结果，用于后续 prediction_delivery 预测[0m
[32m2026-05-21 13:41:00[0m | [33m[1mWARNING [0m | [33m[1m排机规则映射文件不存在，跳过显式排机规则解析: /data/work/yuyongpeng/liblane_v2_deepseek/paiji_complete2/merge_deal/config[0m
[32m2026-05-21 13:41:00[0m | [1mINFO    [0m | [1marrange Lane PKG_LANE_0002 排机浓度规则命中: no_loading_concentration_rule_matched, lsjnd=[0m
[32m2026-05-21 13:41:00[0m | [1mINFO    [0m | [1marrange Lane PKG_LANE_0002 输出规则命中: package_lane_capacity, lsjfs=25B, lcxms=LANE SEQ[0m
[32m2026-05-21 13:41:00[0m | [1mINFO    [0m | [1marrange Lane PKG_LANE_0002 显式排机规则: P7P5[0m
[32m2026-05-21 13:41:00[0m | [1mINFO    [0m | [1marrange Lane PKG_LANE_0003 排机浓度规则命中: no_loading_concentration_rule_matched, lsjnd=[0m
[32m2026-05-21 13:41:00[0m | [1mINFO    [0m | [1marrange Lane PKG_LANE_0003 输出规则命中: package_lane_capacity, lsjfs=25B, lcxms=LANE SEQ[0m
[32m2026-05-21 13:41:00[0m | [1mINFO    [0m | [1marrange Lane PKG_LANE_0003 显式排机规则: P7P5[0m
[32m2026-05-21 13:41:00[0m | [1mINFO    [0m | [1marrange Lane PKG_LANE_0004 排机浓度规则命中: no_loading_concentration_rule_matched, lsjnd=[0m
[32m2026-05-21 13:41:00[0m | [1mINFO    [0m | [1marrange Lane PKG_LANE_0004 输出规则命中: package_lane_capacity, lsjfs=25B, lcxms=LANE SEQ[0m
[32m2026-05-21 13:41:00[0m | [1mINFO    [0m | [1marrange Lane PKG_LANE_0004 显式排机规则: P7P5[0m
[32m2026-05-21 13:41:00[0m | [1mINFO    [0m | [1marrange Lane PKG_LANE_0005 排机浓度规则命中: no_loading_concentration_rule_matched, lsjnd=[0m
[32m2026-05-21 13:41:00[0m | [1mINFO    [0m | [1marrange Lane PKG_LANE_0005 输出规则命中: package_lane_capacity, lsjfs=25B, lcxms=LANE SEQ[0m
[32m2026-05-21 13:41:00[0m | [1mINFO    [0m | [1marrange Lane PKG_LANE_0005 显式排机规则: P7P5[0m
[32m2026-05-21 13:41:00[0m | [1mINFO    [0m | [1marrange Lane PKG_LANE_0006 排机浓度规则命中: no_loading_concentration_rule_matched, lsjnd=[0m
[32m2026-05-21 13:41:00[0m | [1mINFO    [0m | [1marrange Lane PKG_LANE_0006 输出规则命中: package_lane_capacity, lsjfs=25B, lcxms=LANE SEQ[0m
[32m2026-05-21 13:41:00[0m | [1mINFO    [0m | [1marrange Lane PKG_LANE_0006 显式排机规则: P7P5[0m
[32m2026-05-21 13:41:00[0m | [1mINFO    [0m | [1marrange Lane PKG_LANE_0007 排机浓度规则命中: no_loading_concentration_rule_matched, lsjnd=[0m
[32m2026-05-21 13:41:00[0m | [1mINFO    [0m | [1marrange Lane PKG_LANE_0007 输出规则命中: package_lane_capacity, lsjfs=25B, lcxms=LANE SEQ[0m
[32m2026-05-21 13:41:00[0m | [1mINFO    [0m | [1marrange Lane PKG_LANE_0007 显式排机规则: P7P5[0m
[32m2026-05-21 13:41:00[0m | [1mINFO    [0m | [1marrange Lane PKG_LANE_0008 排机浓度规则命中: no_loading_concentration_rule_matched, lsjnd=[0m
[32m2026-05-21 13:41:00[0m | [1mINFO    [0m | [1marrange Lane PKG_LANE_0008 输出规则命中: package_lane_capacity, lsjfs=25B, lcxms=LANE SEQ[0m
[32m2026-05-21 13:41:00[0m | [1mINFO    [0m | [1marrange Lane PKG_LANE_0008 显式排机规则: P7P5[0m
[32m2026-05-21 13:41:00[0m | [1mINFO    [0m | [1marrange Lane PKG_LANE_0009 排机浓度规则命中: no_loading_concentration_rule_matched, lsjnd=[0m
[32m2026-05-21 13:41:00[0m | [1mINFO    [0m | [1marrange Lane PKG_LANE_0009 输出规则命中: package_lane_capacity, lsjfs=25B, lcxms=LANE SEQ[0m
[32m2026-05-21 13:41:00[0m | [1mINFO    [0m | [1marrange Lane PKG_LANE_0009 显式排机规则: P7P5[0m
[32m2026-05-21 13:41:00[0m | [1mINFO    [0m | [1marrange Lane PKG_LANE_0001 排机浓度规则命中: 10_plus_24_or_atac_1_9, lsjnd=1.900[0m
[32m2026-05-21 13:41:00[0m | [1mINFO    [0m | [1marrange Lane PKG_LANE_0001 输出规则命中: fallback_machine_capacity, lsjfs=25B, lcxms=[0m
[32m2026-05-21 13:41:00[0m | [1mINFO    [0m | [1marrange Lane PKG_LANE_0001 显式排机规则: P7P5[0m
[32m2026-05-21 13:41:00[0m | [1mINFO    [0m | [1marrange Lane LS_NovaX-25B_001 排机浓度规则命中: 10_plus_24_or_atac_1_9, lsjnd=1.900[0m
[32m2026-05-21 13:41:00[0m | [1mINFO    [0m | [1marrange Lane LS_NovaX-25B_001 输出规则命中: tj_1595_10_plus_24_lane_seq, lsjfs=25B, lcxms=Lane seq[0m
[32m2026-05-21 13:41:00[0m | [1mINFO    [0m | [1marrange Lane LS_NovaX-25B_001 显式排机规则: P7P5[0m
[32m2026-05-21 13:41:00[0m | [1mINFO    [0m | [1marrange Lane LS_NovaX-25B_002 排机浓度规则命中: 10_plus_24_or_atac_1_9, lsjnd=1.900[0m
[32m2026-05-21 13:41:00[0m | [1mINFO    [0m | [1marrange Lane LS_NovaX-25B_002 输出规则命中: tj_1595_10_plus_24_lane_seq, lsjfs=25B, lcxms=Lane seq[0m
[32m2026-05-21 13:41:00[0m | [1mINFO    [0m | [1marrange Lane LS_NovaX-25B_002 显式排机规则: P7P5[0m
[32m2026-05-21 13:41:00[0m | [1mINFO    [0m | [1marrange Lane MS_Nova X-25B_001 排机浓度规则命中: no_loading_concentration_rule_matched, lsjnd=[0m
[32m2026-05-21 13:41:00[0m | [1mINFO    [0m | [1marrange Lane MS_Nova X-25B_001 输出规则命中: tj_1595_standard_pe150_25b, lsjfs=25B, lcxms=3.6T-NEW[0m
[32m2026-05-21 13:41:00[0m | [1mINFO    [0m | [1marrange Lane MS_Nova X-25B_001 显式排机规则: P7P5[0m
[32m2026-05-21 13:41:00[0m | [1mINFO    [0m | [1marrange Lane MS_Nova X-25B_002 排机浓度规则命中: no_loading_concentration_rule_matched, lsjnd=[0m
[32m2026-05-21 13:41:00[0m | [1mINFO    [0m | [1marrange Lane MS_Nova X-25B_002 输出规则命中: tj_1595_standard_pe150_25b, lsjfs=25B, lcxms=3.6T-NEW[0m
[32m2026-05-21 13:41:00[0m | [1mINFO    [0m | [1marrange Lane MS_Nova X-25B_002 显式排机规则: P7P5[0m
[32m2026-05-21 13:41:00[0m | [1mINFO    [0m | [1marrange Lane MS_Nova X-25B_003 排机浓度规则命中: no_loading_concentration_rule_matched, lsjnd=[0m
[32m2026-05-21 13:41:00[0m | [1mINFO    [0m | [1marrange Lane MS_Nova X-25B_003 输出规则命中: tj_1595_standard_pe150_25b, lsjfs=25B, lcxms=3.6T-NEW[0m
[32m2026-05-21 13:41:00[0m | [1mINFO    [0m | [1marrange Lane MS_Nova X-25B_003 显式排机规则: P7P5[0m
[32m2026-05-21 13:41:00[0m | [1mINFO    [0m | [1marrange Lane MS_Nova X-25B_004 排机浓度规则命中: no_loading_concentration_rule_matched, lsjnd=[0m
[32m2026-05-21 13:41:00[0m | [1mINFO    [0m | [1marrange Lane MS_Nova X-25B_004 输出规则命中: tj_1595_standard_pe150_25b, lsjfs=25B, lcxms=3.6T-NEW[0m
[32m2026-05-21 13:41:00[0m | [1mINFO    [0m | [1marrange Lane MS_Nova X-25B_004 显式排机规则: P7P5[0m
[32m2026-05-21 13:41:00[0m | [1mINFO    [0m | [1marrange Lane MS_Nova X-25B_005 排机浓度规则命中: no_loading_concentration_rule_matched, lsjnd=[0m
[32m2026-05-21 13:41:00[0m | [1mINFO    [0m | [1marrange Lane MS_Nova X-25B_005 输出规则命中: tj_1595_standard_pe150_25b, lsjfs=25B, lcxms=3.6T-NEW[0m
[32m2026-05-21 13:41:00[0m | [1mINFO    [0m | [1marrange Lane MS_Nova X-25B_005 显式排机规则: P7P5[0m
[32m2026-05-21 13:41:00[0m | [1mINFO    [0m | [1marrange Lane GL_NovaSeq X Plus_001 排机浓度规则命中: no_loading_concentration_rule_matched, lsjnd=[0m
[32m2026-05-21 13:41:00[0m | [1mINFO    [0m | [1marrange Lane GL_NovaSeq X Plus_001 输出规则命中: tj_1595_mode_1_1, lsjfs=25B, lcxms=1.1[0m
[32m2026-05-21 13:41:00[0m | [1mINFO    [0m | [1marrange Lane GL_NovaSeq X Plus_001 显式排机规则: P7P5[0m
[32m2026-05-21 13:41:00[0m | [1mINFO    [0m | [1marrange Lane GL_NovaSeq X Plus_002 排机浓度规则命中: no_loading_concentration_rule_matched, lsjnd=[0m
[32m2026-05-21 13:41:00[0m | [1mINFO    [0m | [1marrange Lane GL_NovaSeq X Plus_002 输出规则命中: tj_1595_mode_1_1, lsjfs=25B, lcxms=1.1[0m
[32m2026-05-21 13:41:00[0m | [1mINFO    [0m | [1marrange Lane GL_NovaSeq X Plus_002 显式排机规则: P7P5[0m
[32m2026-05-21 13:41:00[0m | [1mINFO    [0m | [1marrange Lane GL_NovaSeq X Plus_003 排机浓度规则命中: no_loading_concentration_rule_matched, lsjnd=[0m
[32m2026-05-21 13:41:00[0m | [1mINFO    [0m | [1marrange Lane GL_NovaSeq X Plus_003 输出规则命中: tj_1595_mode_1_1, lsjfs=25B, lcxms=1.1[0m
[32m2026-05-21 13:41:00[0m | [1mINFO    [0m | [1marrange Lane GL_NovaSeq X Plus_003 显式排机规则: P7P5[0m
[32m2026-05-21 13:41:00[0m | [1mINFO    [0m | [1marrange Lane GL_NovaSeq X Plus_004 排机浓度规则命中: no_loading_concentration_rule_matched, lsjnd=[0m
[32m2026-05-21 13:41:00[0m | [1mINFO    [0m | [1marrange Lane GL_NovaSeq X Plus_004 输出规则命中: tj_1595_mode_1_1, lsjfs=25B, lcxms=1.1[0m
[32m2026-05-21 13:41:00[0m | [1mINFO    [0m | [1marrange Lane GL_NovaSeq X Plus_004 显式排机规则: P7P5[0m
[32m2026-05-21 13:41:00[0m | [1mINFO    [0m | [1marrange Lane GL_NovaSeq X Plus_005 排机浓度规则命中: no_loading_concentration_rule_matched, lsjnd=[0m
[32m2026-05-21 13:41:00[0m | [1mINFO    [0m | [1marrange Lane GL_NovaSeq X Plus_005 输出规则命中: tj_1595_mode_1_1, lsjfs=25B, lcxms=1.1[0m
[32m2026-05-21 13:41:00[0m | [1mINFO    [0m | [1marrange Lane GL_NovaSeq X Plus_005 显式排机规则: P7P5[0m
[32m2026-05-21 13:41:00[0m | [1mINFO    [0m | [1marrange Lane GL_NovaSeq X Plus_006 排机浓度规则命中: no_loading_concentration_rule_matched, lsjnd=[0m
[32m2026-05-21 13:41:00[0m | [1mINFO    [0m | [1marrange Lane GL_NovaSeq X Plus_006 输出规则命中: tj_1595_mode_1_1, lsjfs=25B, lcxms=1.1[0m
[32m2026-05-21 13:41:00[0m | [1mINFO    [0m | [1marrange Lane GL_NovaSeq X Plus_006 显式排机规则: P7P5[0m
[32m2026-05-21 13:41:00[0m | [1mINFO    [0m | [1marrange Lane GL_NovaSeq X Plus_008 排机浓度规则命中: no_loading_concentration_rule_matched, lsjnd=[0m
[32m2026-05-21 13:41:00[0m | [1mINFO    [0m | [1marrange Lane GL_NovaSeq X Plus_008 输出规则命中: tj_1595_mode_1_1, lsjfs=25B, lcxms=1.1[0m
[32m2026-05-21 13:41:00[0m | [1mINFO    [0m | [1marrange Lane GL_NovaSeq X Plus_008 显式排机规则: P7P5[0m
[32m2026-05-21 13:41:00[0m | [1mINFO    [0m | [1marrange Lane GL_Nova X-25B_002 排机浓度规则命中: no_loading_concentration_rule_matched, lsjnd=[0m
[32m2026-05-21 13:41:00[0m | [1mINFO    [0m | [1marrange Lane GL_Nova X-25B_002 输出规则命中: tj_1595_mode_1_1, lsjfs=25B, lcxms=1.1[0m
[32m2026-05-21 13:41:00[0m | [1mINFO    [0m | [1marrange Lane GL_Nova X-25B_002 显式排机规则: P7P5[0m
[32m2026-05-21 13:41:00[0m | [1mINFO    [0m | [1marrange Lane GL_NovaSeq X Plus_009 排机浓度规则命中: no_loading_concentration_rule_matched, lsjnd=[0m
[32m2026-05-21 13:41:00[0m | [1mINFO    [0m | [1marrange Lane GL_NovaSeq X Plus_009 输出规则命中: tj_1595_mode_1_1, lsjfs=25B, lcxms=1.1[0m
[32m2026-05-21 13:41:00[0m | [1mINFO    [0m | [1marrange Lane GL_NovaSeq X Plus_009 显式排机规则: P7P5[0m
[32m2026-05-21 13:41:00[0m | [1mINFO    [0m | [1marrange Lane EX_NovaSeq X Plus_004 排机浓度规则命中: no_loading_concentration_rule_matched, lsjnd=[0m
[32m2026-05-21 13:41:00[0m | [1mINFO    [0m | [1marrange Lane EX_NovaSeq X Plus_004 输出规则命中: tj_1595_mode_1_1, lsjfs=25B, lcxms=1.1[0m
[32m2026-05-21 13:41:00[0m | [1mINFO    [0m | [1marrange Lane EX_NovaSeq X Plus_004 显式排机规则: P7P5[0m
[32m2026-05-21 13:41:00[0m | [1mINFO    [0m | [1marrange Lane MG_Nova X-25B_001 排机浓度规则命中: no_loading_concentration_rule_matched, lsjnd=[0m
[32m2026-05-21 13:41:00[0m | [1mINFO    [0m | [1marrange Lane MG_Nova X-25B_001 输出规则命中: tj_1595_mode_1_1, lsjfs=25B, lcxms=1.1[0m
[32m2026-05-21 13:41:00[0m | [1mINFO    [0m | [1marrange Lane MG_Nova X-25B_001 显式排机规则: P7P5[0m
[32m2026-05-21 13:41:00[0m | [1mINFO    [0m | [1marrange Lane MG_Nova X-25B_002 排机浓度规则命中: no_loading_concentration_rule_matched, lsjnd=[0m
[32m2026-05-21 13:41:00[0m | [1mINFO    [0m | [1marrange Lane MG_Nova X-25B_002 输出规则命中: tj_1595_mode_1_1, lsjfs=25B, lcxms=1.1[0m
[32m2026-05-21 13:41:00[0m | [1mINFO    [0m | [1marrange Lane MG_Nova X-25B_002 显式排机规则: P7P5[0m
[32m2026-05-21 13:41:00[0m | [1mINFO    [0m | [1marrange Lane RM_Nova X-25B_001 排机浓度规则命中: no_loading_concentration_rule_matched, lsjnd=[0m
[32m2026-05-21 13:41:00[0m | [1mINFO    [0m | [1marrange Lane RM_Nova X-25B_001 输出规则命中: tj_1595_mode_1_1, lsjfs=25B, lcxms=1.1[0m
[32m2026-05-21 13:41:00[0m | [1mINFO    [0m | [1marrange Lane RM_Nova X-25B_001 显式排机规则: P7P5[0m
[32m2026-05-21 13:41:00[0m | [1mINFO    [0m | [1marrange Lane GL_Nova X-25B_001 排机浓度规则命中: special_10x_combo_group_b_non_customer_1_78, lsjnd=1.780[0m
[32m2026-05-21 13:41:00[0m | [1mINFO    [0m | [1marrange Lane GL_Nova X-25B_001 输出规则命中: tj_1595_mode_1_1_special_combo, lsjfs=25B, lcxms=1.1[0m
[32m2026-05-21 13:41:00[0m | [1mINFO    [0m | [1marrange Lane GL_Nova X-25B_001 显式排机规则: P7P5[0m
/data/work/yuyongpeng/liblane_v2_deepseek/paiji_complete2/paiji_complete/arrange_library/arrange_library_model6.py:14565: FutureWarning: Downcasting object dtype arrays on .fillna, .ffill, .bfill is deprecated and will change in a future version. Call result.infer_objects(copy=False) instead. To opt-in to the future behavior, set `pd.set_option('future.no_silent_downcasting', True)`
  balance_mask = df[BALANCE_LIBRARY_MARKER_COLUMN].fillna(False).astype(bool)
[32m2026-05-21 13:41:00[0m | [1mINFO    [0m | [1m明细文件已存在，将覆盖: arrange_library/3_sta_arrange.csv[0m
[32m2026-05-21 13:41:00[0m | [1mINFO    [0m | [1m明细输出完成: arrange_library/3_sta_arrange.csv[0m
[32m2026-05-21 13:41:00[0m | [1mINFO    [0m | [1m
================================================================================[0m
[32m2026-05-21 13:41:00[0m | [1mINFO    [0m | [1m步骤3: 跳过 prediction_delivery，保留下单量/预测产出空字段[0m
[32m2026-05-21 13:41:00[0m | [1mINFO    [0m | [1m================================================================================[0m
[32m2026-05-21 13:41:00[0m | [1mINFO    [0m | [1m已跳过 prediction_delivery 模型预测，输出保留下单量/预测产出字段空值: arrange_library/3_sta_arrange.csv[0m
[32m2026-05-21 13:41:00[0m | [1mINFO    [0m | [1m输出后处理完成: 记录数=675, 平均下单量=nanG, 平均产出量=nanG[0m
[32m2026-05-21 13:41:00[0m | [1mINFO    [0m | [1m
端到端排机完成！[0m
[32m2026-05-21 13:41:00[0m | [1mINFO    [0m | [1m最终输出文件: arrange_library/3_sta_arrange.csv[0m
[32m2026-05-21 13:41:00[0m | [1mINFO    [0m | [1m================================================================================[0m
