2026-05-20 16:35:38.692 | INFO     | arrange_library.core.constraints.index_validator_verified:__init__:75 - Index校验器初始化完成（真实数据验证版本）
2026-05-20 16:35:39.221 | INFO     | arrange_library.core.constraints.index_validator_verified:__init__:75 - Index校验器初始化完成（真实数据验证版本）
[32m2026-05-20 16:35:39[0m | [1mINFO    [0m | [1m================================================================================[0m
[32m2026-05-20 16:35:39[0m | [1mINFO    [0m | [1marrange_library: 端到端排机流程 - 排机与 Pooling 预测[0m
[32m2026-05-20 16:35:39[0m | [1mINFO    [0m | [1m================================================================================[0m
[32m2026-05-20 16:35:39[0m | [1mINFO    [0m | [1m调用时间: 2026-05-20 16:35:39[0m
[32m2026-05-20 16:35:39[0m | [1mINFO    [0m | [1m随机种子: 42 (固定，确保可复现)[0m
[32m2026-05-20 16:35:39[0m | [1mINFO    [0m | [1m运行模式: arrange[0m
[32m2026-05-20 16:35:39[0m | [1mINFO    [0m | [1m
使用数据文件: arrange_library/3_sta.csv[0m
[32m2026-05-20 16:35:39[0m | [1mINFO    [0m | [1m从标准化CSV文件加载数据: arrange_library/3_sta.csv[0m
[32m2026-05-20 16:35:39[0m | [1mINFO    [0m | [1m读取 951 行数据[0m
[32m2026-05-20 16:35:39[0m | [1mINFO    [0m | [1m成功创建 951 个文库对象[0m
[32m2026-05-20 16:35:39[0m | [1mINFO    [0m | [1m成功转换 951 个测试文库[0m
[32m2026-05-20 16:35:39[0m | [1mINFO    [0m | [1mAI可排文库筛选完成: 可排=951，不可排=0，机型排除=0[0m
[32m2026-05-20 16:35:39[0m | [1mINFO    [0m | [1m统一排机规则配置已加载: profiles=7, constraints=2, loading_rules=4[0m
[32m2026-05-20 16:35:39[0m | [1mINFO    [0m | [1m1.1模式规则配置加载完成: /data/work/yuyongpeng/liblane_v2_deepseek/paiji_complete2/paiji_complete/arrange_library/config/mode_1_1_rules.json[0m
[32m2026-05-20 16:35:39[0m | [1mINFO    [0m | [1m排机配置管理器初始化完成[0m
[32m2026-05-20 16:35:39[0m | [1mINFO    [0m | [1m
================================================================================[0m
[32m2026-05-20 16:35:39[0m | [1mINFO    [0m | [1m步骤0.9: 提前处理1.1第二轮历史固定组合文库[0m
[32m2026-05-20 16:35:39[0m | [1mINFO    [0m | [1m================================================================================[0m
[32m2026-05-20 16:35:39[0m | [1mINFO    [0m | [1m1.1第二轮候选识别: 无符合条件的候选文库[0m
[32m2026-05-20 16:35:39[0m | [1mINFO    [0m | [1m1.1第二轮历史Lane前置直出: 无候选文库[0m
[32m2026-05-20 16:35:39[0m | [1mINFO    [0m | [1m
================================================================================[0m
[32m2026-05-20 16:35:39[0m | [1mINFO    [0m | [1m步骤1: 处理包Lane文库（wkbaleno字段有值的文库）[0m
[32m2026-05-20 16:35:39[0m | [1mINFO    [0m | [1m================================================================================[0m
[32m2026-05-20 16:35:39[0m | [1mINFO    [0m | [1m包Lane文库数: 6[0m
[32m2026-05-20 16:35:39[0m | [1mINFO    [0m | [1m普通文库数: 945[0m
[32m2026-05-20 16:35:39[0m | [1mINFO    [0m | [1m
使用PackageLaneScheduler处理包Lane文库...[0m
[32m2026-05-20 16:35:39[0m | [33m[1mWARNING [0m | [33m[1mPooling配置表不存在: /data/work/yuyongpeng/liblane_v2_deepseek/data/wktype_pooling_config.xlsx，将使用默认策略[0m
[32m2026-05-20 16:35:39[0m | [1mINFO    [0m | [1m产出效率修正表不存在: /data/work/yuyongpeng/liblane_v2_deepseek/data/production_efficiency_correction.csv，跳过后校准[0m
[32m2026-05-20 16:35:39[0m | [33m[1mWARNING [0m | [33m[1m模型文件不存在: models/loutput_pre_lane_v5/lightgbm_model.pkl[0m
[32m2026-05-20 16:35:39[0m | [33m[1mWARNING [0m | [33m[1mloutput预测器不可用，将使用规则降级策略[0m
[32m2026-05-20 16:35:39[0m | [1mINFO    [0m | [1m包Lane/FC排机程序初始化完成[0m
[32m2026-05-20 16:35:39[0m | [1mINFO    [0m | [1m============================================================[0m
[32m2026-05-20 16:35:39[0m | [1mINFO    [0m | [1m 开始包Lane/FC排机[0m
[32m2026-05-20 16:35:39[0m | [1mINFO    [0m | [1m============================================================[0m
[32m2026-05-20 16:35:39[0m | [1mINFO    [0m | [1m待排机文库总数: 6[0m
[32m2026-05-20 16:35:39[0m | [1mINFO    [0m | [1m文库 12532195 检测到多个包Lane编号 ['C2611046783', 'C2611046784', 'C2611046785', 'C2611046786', 'C2611046787', 'C2611046788', 'C2611046789', 'C2611046790']，按8份执行专用拆分[0m
[32m2026-05-20 16:35:39[0m | [1mINFO    [0m | [1m  包Lane文库: 13[0m
[32m2026-05-20 16:35:39[0m | [1mINFO    [0m | [1m  Lane ID文库: 0[0m
[32m2026-05-20 16:35:39[0m | [1mINFO    [0m | [1m  包FC文库: 0[0m
[32m2026-05-20 16:35:39[0m | [1mINFO    [0m | [1m  RunCycle文库: 0[0m
[32m2026-05-20 16:35:39[0m | [1mINFO    [0m | [1m  普通文库: 0[0m
[32m2026-05-20 16:35:39[0m | [1mINFO    [0m | [1mIndex校验器初始化完成（真实数据验证版本）[0m
[32m2026-05-20 16:35:39[0m | [1mINFO    [0m | [1mIndex校验器初始化完成（真实数据验证版本）[0m
[32m2026-05-20 16:35:39[0m | [1mINFO    [0m | [1mIndex校验器初始化完成（真实数据验证版本）[0m
[32m2026-05-20 16:35:39[0m | [1mINFO    [0m | [1mIndex校验器初始化完成（真实数据验证版本）[0m
[32m2026-05-20 16:35:39[0m | [1mINFO    [0m | [1mIndex校验器初始化完成（真实数据验证版本）[0m
[32m2026-05-20 16:35:39[0m | [1mINFO    [0m | [1mIndex校验器初始化完成（真实数据验证版本）[0m
[32m2026-05-20 16:35:39[0m | [1mINFO    [0m | [1mIndex校验器初始化完成（真实数据验证版本）[0m
[32m2026-05-20 16:35:39[0m | [1mINFO    [0m | [1mIndex校验器初始化完成（真实数据验证版本）[0m
[32m2026-05-20 16:35:39[0m | [1mINFO    [0m | [1mIndex校验器初始化完成（真实数据验证版本）[0m
[32m2026-05-20 16:35:39[0m | [1mINFO    [0m | [1m------------------------------------------------------------[0m
[32m2026-05-20 16:35:39[0m | [1mINFO    [0m | [1m 包Lane/FC排机结果:[0m
[32m2026-05-20 16:35:39[0m | [1mINFO    [0m | [1m  生成Run数: 2[0m
[32m2026-05-20 16:35:39[0m | [1mINFO    [0m | [1m  生成Lane数: 9[0m
[32m2026-05-20 16:35:39[0m | [1mINFO    [0m | [1m  排机文库数: 13[0m
[32m2026-05-20 16:35:39[0m | [1mINFO    [0m | [1m  剩余文库数: 0[0m
[32m2026-05-20 16:35:39[0m | [1mINFO    [0m | [1m============================================================[0m
[32m2026-05-20 16:35:39[0m | [1mINFO    [0m | [1m包Lane处理结果:[0m
[32m2026-05-20 16:35:39[0m | [1mINFO    [0m | [1m  - 成功生成Run数: 2[0m
[32m2026-05-20 16:35:39[0m | [1mINFO    [0m | [1m  - 成功生成Lane数: 9[0m
[32m2026-05-20 16:35:39[0m | [1mINFO    [0m | [1m  - 已分配文库数: 13[0m
[32m2026-05-20 16:35:39[0m | [1mINFO    [0m | [1m  - 失败包数: 0[0m
[32m2026-05-20 16:35:39[0m | [1mINFO    [0m | [1m  - 剩余未分配: 0[0m
[32m2026-05-20 16:35:39[0m | [1mINFO    [0m | [1m
包Lane处理完成，形成9条包Lane[0m
[32m2026-05-20 16:35:39[0m | [1mINFO    [0m | [1m剩余945个文库进入普通排机流程[0m
[32m2026-05-20 16:35:39[0m | [1mINFO    [0m | [1m
================================================================================[0m
[32m2026-05-20 16:35:39[0m | [1mINFO    [0m | [1m步骤1.2: 处理10+24 Lane seq文库[0m
[32m2026-05-20 16:35:39[0m | [1mINFO    [0m | [1m================================================================================[0m
[32m2026-05-20 16:35:39[0m | [1mINFO    [0m | [1m10+24 Lane seq成Lane成功: lane=LS_NovaX-25B_001, 文库数=5, 合同量=950.000G, 平衡文库=50.000G, 有效总量=1000.000G[0m
[32m2026-05-20 16:35:39[0m | [1mINFO    [0m | [1m10+24 Lane seq成Lane成功: lane=LS_NovaX-25B_002, 文库数=13, 合同量=949.500G, 平衡文库=49.974G, 有效总量=999.474G[0m
[32m2026-05-20 16:35:39[0m | [1mINFO    [0m | [1m10+24 Lane seq处理完成: 输入文库=18, 生成Lane=2, 未分配=0[0m
[32m2026-05-20 16:35:39[0m | [1mINFO    [0m | [1m步骤1.3: 跳过1.1前全局碱基不均衡专Lane预抽取，普通文库先进入1.1尝试[0m
[32m2026-05-20 16:35:39[0m | [1mINFO    [0m | [1m
================================================================================[0m
[32m2026-05-20 16:35:39[0m | [1mINFO    [0m | [1m步骤1.5: 三阶段未成Lane池顺序消耗[0m
[32m2026-05-20 16:35:39[0m | [1mINFO    [0m | [1m================================================================================[0m
[32m2026-05-20 16:35:39[0m | [1mINFO    [0m | [1m命中拆分规则且当前合同量>500G的原始文库9个：从1.1候选池移出，保留到3.6T-NEW流程拆分与排机[0m
[32m2026-05-20 16:35:39[0m | [1mINFO    [0m | [1m步骤1.5-1: 3.6T-NEW高优预消耗使用当前未成Lane全集: 高优=396个/10805.0G, 普通补料候选=522个, lane上限=15[0m
[32m2026-05-20 16:35:39[0m | [1mINFO    [0m | [1mIndex校验器初始化完成（真实数据验证版本）[0m
[32m2026-05-20 16:35:39[0m | [1mINFO    [0m | [1mIndex校验器初始化完成（真实数据验证版本）[0m
[32m2026-05-20 16:35:39[0m | [1mINFO    [0m | [1m成Lane校验程序初始化完成 (严格模式: True, 碱基不均衡上限: 35%, 特殊文库关键词: 9个)[0m
[32m2026-05-20 16:35:39[0m | [33m[1mWARNING [0m | [33m[1mPooling配置表不存在: /data/work/yuyongpeng/liblane_v2_deepseek/data/wktype_pooling_config.xlsx，将使用默认策略[0m
[32m2026-05-20 16:35:39[0m | [1mINFO    [0m | [1m产出效率修正表不存在: /data/work/yuyongpeng/liblane_v2_deepseek/data/production_efficiency_correction.csv，跳过后校准[0m
[32m2026-05-20 16:35:39[0m | [33m[1mWARNING [0m | [33m[1m模型文件不存在: models/loutput_pre_lane_v5/lightgbm_model.pkl[0m
[32m2026-05-20 16:35:39[0m | [33m[1mWARNING [0m | [33m[1mloutput预测器不可用，将使用规则降级策略[0m
[32m2026-05-20 16:35:39[0m | [1mINFO    [0m | [1m逐Lane贪心排机器初始化完成 - 基础容量: 985.0GB, 利用率区间: [100%, 100%], 配置模式: 按机型自动[0m
[32m2026-05-20 16:35:39[0m | [1mINFO    [0m | [1m启用检查: Index=True, 碱基不均衡=True, 规则检查器=False[0m
[32m2026-05-20 16:36:05[0m | [1mINFO    [0m | [1m3.6T-NEW高优预消耗画像成Lane: lane=GL_Nova X-25B_002, 高优=7个/578.3G, 临检=7个, 总量=1062.0G, 10bp=99.8%, 单端=0.0%, 碱基不均=0.0%, 客户=0.0%[0m
[32m2026-05-20 16:36:05[0m | [1mINFO    [0m | [1m3.6T-NEW高优预消耗画像成Lane: lane=GL_Nova X-25B_042, 高优=1个/121.5G, 临检=1个, 总量=1021.5G, 10bp=100.0%, 单端=0.0%, 碱基不均=0.0%, 客户=0.0%[0m
[32m2026-05-20 16:36:05[0m | [1mINFO    [0m | [1m3.6T-NEW高优先级预消耗完成: 高优输入=8, 36T禁排高优=0, 36T补料=0, 1.1补料=522, 保留Lane=2, 剩余高优回1.1=0, 剩余高优留36T=0, 剩余36T补料=0, 剩余1.1补料=469[0m
[32m2026-05-20 16:36:05[0m | [1mINFO    [0m | [1m3.6T-NEW高优先级预消耗批次成功: 策略=machine_generic_临检_YC_SJ_window_700, 代表高优=699.8G, 补位目标=1000G, 新增Lane=2, 累计Lane=2, 剩余高优=10105.2G[0m
[32m2026-05-20 16:36:05[0m | [1mINFO    [0m | [1mIndex校验器初始化完成（真实数据验证版本）[0m
[32m2026-05-20 16:36:05[0m | [1mINFO    [0m | [1mIndex校验器初始化完成（真实数据验证版本）[0m
[32m2026-05-20 16:36:05[0m | [1mINFO    [0m | [1m成Lane校验程序初始化完成 (严格模式: True, 碱基不均衡上限: 35%, 特殊文库关键词: 9个)[0m
[32m2026-05-20 16:36:05[0m | [33m[1mWARNING [0m | [33m[1mPooling配置表不存在: /data/work/yuyongpeng/liblane_v2_deepseek/data/wktype_pooling_config.xlsx，将使用默认策略[0m
[32m2026-05-20 16:36:05[0m | [1mINFO    [0m | [1m产出效率修正表不存在: /data/work/yuyongpeng/liblane_v2_deepseek/data/production_efficiency_correction.csv，跳过后校准[0m
[32m2026-05-20 16:36:05[0m | [33m[1mWARNING [0m | [33m[1m模型文件不存在: models/loutput_pre_lane_v5/lightgbm_model.pkl[0m
[32m2026-05-20 16:36:05[0m | [33m[1mWARNING [0m | [33m[1mloutput预测器不可用，将使用规则降级策略[0m
[32m2026-05-20 16:36:05[0m | [1mINFO    [0m | [1m逐Lane贪心排机器初始化完成 - 基础容量: 985.0GB, 利用率区间: [100%, 100%], 配置模式: 按机型自动[0m
[32m2026-05-20 16:36:05[0m | [1mINFO    [0m | [1m启用检查: Index=True, 碱基不均衡=True, 规则检查器=False[0m
[32m2026-05-20 16:36:07[0m | [1mINFO    [0m | [1m3.6T-NEW高优预消耗画像成Lane: lane=GL_Nova X-25B_036, 高优=7个/587.5G, 临检=7个, 总量=997.5G, 10bp=100.0%, 单端=0.0%, 碱基不均=0.0%, 客户=0.0%[0m
[32m2026-05-20 16:36:07[0m | [1mINFO    [0m | [1m3.6T-NEW高优预消耗画像成Lane: lane=GL_Nova X-25B_050, 高优=3个/112.5G, 临检=3个, 总量=1002.5G, 10bp=100.0%, 单端=0.0%, 碱基不均=0.0%, 客户=0.0%[0m
[32m2026-05-20 16:36:07[0m | [1mINFO    [0m | [1m3.6T-NEW高优先级预消耗完成: 高优输入=10, 36T禁排高优=0, 36T补料=0, 1.1补料=469, 保留Lane=2, 剩余高优回1.1=0, 剩余高优留36T=0, 剩余36T补料=0, 剩余1.1补料=453[0m
[32m2026-05-20 16:36:07[0m | [1mINFO    [0m | [1m3.6T-NEW高优先级预消耗批次成功: 策略=machine_generic_临检_YC_SJ_window_700, 代表高优=700.0G, 补位目标=1000G, 新增Lane=2, 累计Lane=4, 剩余高优=9405.2G[0m
[32m2026-05-20 16:36:07[0m | [1mINFO    [0m | [1mIndex校验器初始化完成（真实数据验证版本）[0m
[32m2026-05-20 16:36:07[0m | [1mINFO    [0m | [1mIndex校验器初始化完成（真实数据验证版本）[0m
[32m2026-05-20 16:36:07[0m | [1mINFO    [0m | [1m成Lane校验程序初始化完成 (严格模式: True, 碱基不均衡上限: 35%, 特殊文库关键词: 9个)[0m
[32m2026-05-20 16:36:07[0m | [33m[1mWARNING [0m | [33m[1mPooling配置表不存在: /data/work/yuyongpeng/liblane_v2_deepseek/data/wktype_pooling_config.xlsx，将使用默认策略[0m
[32m2026-05-20 16:36:07[0m | [1mINFO    [0m | [1m产出效率修正表不存在: /data/work/yuyongpeng/liblane_v2_deepseek/data/production_efficiency_correction.csv，跳过后校准[0m
[32m2026-05-20 16:36:07[0m | [33m[1mWARNING [0m | [33m[1m模型文件不存在: models/loutput_pre_lane_v5/lightgbm_model.pkl[0m
[32m2026-05-20 16:36:07[0m | [33m[1mWARNING [0m | [33m[1mloutput预测器不可用，将使用规则降级策略[0m
[32m2026-05-20 16:36:07[0m | [1mINFO    [0m | [1m逐Lane贪心排机器初始化完成 - 基础容量: 985.0GB, 利用率区间: [100%, 100%], 配置模式: 按机型自动[0m
[32m2026-05-20 16:36:07[0m | [1mINFO    [0m | [1m启用检查: Index=True, 碱基不均衡=True, 规则检查器=False[0m
[32m2026-05-20 16:36:09[0m | [1mINFO    [0m | [1m3.6T-NEW高优预消耗画像成Lane: lane=GL_Nova X-25B_002, 高优=24个/643.9G, 临检=23个, 总量=1043.9G, 10bp=99.9%, 单端=0.0%, 碱基不均=0.0%, 客户=0.1%[0m
[32m2026-05-20 16:36:09[0m | [1mINFO    [0m | [1m3.6T-NEW高优预消耗画像成Lane: lane=GL_Nova X-25B_062, 高优=2个/56.0G, 临检=2个, 总量=1056.0G, 10bp=100.0%, 单端=0.0%, 碱基不均=0.0%, 客户=0.0%[0m
[32m2026-05-20 16:36:09[0m | [1mINFO    [0m | [1m3.6T-NEW高优先级预消耗完成: 高优输入=26, 36T禁排高优=0, 36T补料=0, 1.1补料=453, 保留Lane=2, 剩余高优回1.1=0, 剩余高优留36T=0, 剩余36T补料=0, 剩余1.1补料=446[0m
[32m2026-05-20 16:36:09[0m | [1mINFO    [0m | [1m3.6T-NEW高优先级预消耗批次成功: 策略=machine_generic_临检_YC_SJ_window_700, 代表高优=699.9G, 补位目标=1000G, 新增Lane=2, 累计Lane=6, 剩余高优=8705.3G[0m
[32m2026-05-20 16:36:09[0m | [1mINFO    [0m | [1mIndex校验器初始化完成（真实数据验证版本）[0m
[32m2026-05-20 16:36:09[0m | [1mINFO    [0m | [1mIndex校验器初始化完成（真实数据验证版本）[0m
[32m2026-05-20 16:36:09[0m | [1mINFO    [0m | [1m成Lane校验程序初始化完成 (严格模式: True, 碱基不均衡上限: 35%, 特殊文库关键词: 9个)[0m
[32m2026-05-20 16:36:09[0m | [33m[1mWARNING [0m | [33m[1mPooling配置表不存在: /data/work/yuyongpeng/liblane_v2_deepseek/data/wktype_pooling_config.xlsx，将使用默认策略[0m
[32m2026-05-20 16:36:09[0m | [1mINFO    [0m | [1m产出效率修正表不存在: /data/work/yuyongpeng/liblane_v2_deepseek/data/production_efficiency_correction.csv，跳过后校准[0m
[32m2026-05-20 16:36:09[0m | [33m[1mWARNING [0m | [33m[1m模型文件不存在: models/loutput_pre_lane_v5/lightgbm_model.pkl[0m
[32m2026-05-20 16:36:09[0m | [33m[1mWARNING [0m | [33m[1mloutput预测器不可用，将使用规则降级策略[0m
[32m2026-05-20 16:36:09[0m | [1mINFO    [0m | [1m逐Lane贪心排机器初始化完成 - 基础容量: 985.0GB, 利用率区间: [100%, 100%], 配置模式: 按机型自动[0m
[32m2026-05-20 16:36:09[0m | [1mINFO    [0m | [1m启用检查: Index=True, 碱基不均衡=True, 规则检查器=False[0m
[32m2026-05-20 16:36:13[0m | [1mINFO    [0m | [1m3.6T-NEW高优预消耗画像成Lane: lane=GL_Nova X-25B_002, 高优=80个/496.0G, 临检=80个, 总量=1096.0G, 10bp=100.0%, 单端=0.0%, 碱基不均=0.0%, 客户=0.0%[0m
[32m2026-05-20 16:36:15[0m | [1mINFO    [0m | [1m3.6T-NEW高优预消耗画像成Lane: lane=GL_Nova X-25B_050, 高优=44个/159.6G, 临检=43个, 总量=999.6G, 10bp=97.3%, 单端=0.0%, 碱基不均=0.0%, 客户=1.1%[0m
[32m2026-05-20 16:36:16[0m | [1mINFO    [0m | [1m3.6T-NEW高优先级预消耗完成: 高优输入=137, 36T禁排高优=0, 36T补料=0, 1.1补料=446, 保留Lane=2, 剩余高优回1.1=13, 剩余高优留36T=0, 剩余36T补料=0, 剩余1.1补料=435[0m
[32m2026-05-20 16:36:16[0m | [1mINFO    [0m | [1m3.6T-NEW高优先级预消耗批次成功: 策略=machine_generic_临检_YC_SJ_window_700, 代表高优=700.0G, 补位目标=1000G, 新增Lane=2, 累计Lane=8, 剩余高优=8049.7G[0m
[32m2026-05-20 16:36:16[0m | [1mINFO    [0m | [1mIndex校验器初始化完成（真实数据验证版本）[0m
[32m2026-05-20 16:36:16[0m | [1mINFO    [0m | [1mIndex校验器初始化完成（真实数据验证版本）[0m
[32m2026-05-20 16:36:16[0m | [1mINFO    [0m | [1m成Lane校验程序初始化完成 (严格模式: True, 碱基不均衡上限: 35%, 特殊文库关键词: 9个)[0m
[32m2026-05-20 16:36:16[0m | [33m[1mWARNING [0m | [33m[1mPooling配置表不存在: /data/work/yuyongpeng/liblane_v2_deepseek/data/wktype_pooling_config.xlsx，将使用默认策略[0m
[32m2026-05-20 16:36:16[0m | [1mINFO    [0m | [1m产出效率修正表不存在: /data/work/yuyongpeng/liblane_v2_deepseek/data/production_efficiency_correction.csv，跳过后校准[0m
[32m2026-05-20 16:36:16[0m | [33m[1mWARNING [0m | [33m[1m模型文件不存在: models/loutput_pre_lane_v5/lightgbm_model.pkl[0m
[32m2026-05-20 16:36:16[0m | [33m[1mWARNING [0m | [33m[1mloutput预测器不可用，将使用规则降级策略[0m
[32m2026-05-20 16:36:16[0m | [1mINFO    [0m | [1m逐Lane贪心排机器初始化完成 - 基础容量: 985.0GB, 利用率区间: [100%, 100%], 配置模式: 按机型自动[0m
[32m2026-05-20 16:36:16[0m | [1mINFO    [0m | [1m启用检查: Index=True, 碱基不均衡=True, 规则检查器=False[0m
[32m2026-05-20 16:36:18[0m | [1mINFO    [0m | [1m3.6T-NEW高优先级预消耗提前停止: 连续1轮未新增Lane[0m
[32m2026-05-20 16:36:18[0m | [1mINFO    [0m | [1m3.6T-NEW高优先级预消耗汇总: 累计Lane=8, 剩余高优回1.1=228, 剩余高优留36T=0, 剩余36T补料=0, 剩余1.1补料=435[0m
[32m2026-05-20 16:36:18[0m | [1mINFO    [0m | [1m步骤1.5-1完成: 3.6T-NEW高优预消耗Lane=8, 消耗文库=255个, 剩余未成Lane池=663个[0m
[32m2026-05-20 16:36:18[0m | [1mINFO    [0m | [1mDHE(第2-4位)/加测/混合文库22个禁止进入1.1，保留到3.6T-NEW流程[0m
[32m2026-05-20 16:36:18[0m | [1mINFO    [0m | [1m步骤1.5-2: 1.1首轮使用剩余未成Lane全集，候选641个文库[0m
[32m2026-05-20 16:36:18[0m | [1mINFO    [0m | [1m1.1首轮策略: expensive_rescue=True, peak_window_mixed=False, post_fill_optimization=True, rule_bucket_prescheduling=True[0m
[32m2026-05-20 16:36:18[0m | [1mINFO    [0m | [1m
================================================================================[0m
[32m2026-05-20 16:36:18[0m | [1mINFO    [0m | [1m排机流程：纯规则排机[0m
[32m2026-05-20 16:36:18[0m | [1mINFO    [0m | [1m================================================================================[0m
[32m2026-05-20 16:36:18[0m | [1mINFO    [0m | [1mIndex校验器初始化完成（真实数据验证版本）[0m
[32m2026-05-20 16:36:18[0m | [1mINFO    [0m | [1mIndex校验器初始化完成（真实数据验证版本）[0m
[32m2026-05-20 16:36:18[0m | [1mINFO    [0m | [1m成Lane校验程序初始化完成 (严格模式: True, 碱基不均衡上限: 35%, 特殊文库关键词: 9个)[0m
[32m2026-05-20 16:36:18[0m | [33m[1mWARNING [0m | [33m[1mPooling配置表不存在: /data/work/yuyongpeng/liblane_v2_deepseek/data/wktype_pooling_config.xlsx，将使用默认策略[0m
[32m2026-05-20 16:36:18[0m | [1mINFO    [0m | [1m产出效率修正表不存在: /data/work/yuyongpeng/liblane_v2_deepseek/data/production_efficiency_correction.csv，跳过后校准[0m
[32m2026-05-20 16:36:18[0m | [33m[1mWARNING [0m | [33m[1m模型文件不存在: models/loutput_pre_lane_v5/lightgbm_model.pkl[0m
[32m2026-05-20 16:36:18[0m | [33m[1mWARNING [0m | [33m[1mloutput预测器不可用，将使用规则降级策略[0m
[32m2026-05-20 16:36:18[0m | [1mINFO    [0m | [1m逐Lane贪心排机器初始化完成 - 基础容量: 985.0GB, 利用率区间: [100%, 100%], 配置模式: 按机型自动[0m
[32m2026-05-20 16:36:18[0m | [1mINFO    [0m | [1m启用检查: Index=True, 碱基不均衡=True, 规则检查器=False[0m
[32m2026-05-20 16:36:18[0m | [1mINFO    [0m | [1m排机阶段：Pooling优化器已禁用（V6流程不需要）[0m
[32m2026-05-20 16:36:18[0m | [1mINFO    [0m | [1mIndex校验器初始化完成（真实数据验证版本）[0m
[32m2026-05-20 16:36:18[0m | [1mINFO    [0m | [1m成Lane校验程序初始化完成 (严格模式: True, 碱基不均衡上限: 35%, 特殊文库关键词: 9个)[0m
[32m2026-05-20 16:36:18[0m | [1mINFO    [0m | [1m严格校验容量区间改为按统一配置表动态解析[0m
[32m2026-05-20 16:36:18[0m | [1mINFO    [0m | [1m主流程前置拆分完成: 无需拆分[0m
[32m2026-05-20 16:36:18[0m | [1mINFO    [0m | [1mPeak窗口混排预构Lane已按调用方要求关闭[0m
[32m2026-05-20 16:36:18[0m | [1mINFO    [0m | [1m主流程规则分桶预调度: bucket=manual_or_risk:（极速周期）清华项目1000个自建库测序+2000个RNA文库测序技术服务（委托）合同|S|客户-真核普通转录组文库|NA|MANUAL_RISK, count=29, data=2145.5G[0m
[32m2026-05-20 16:36:18[0m | [1mINFO    [0m | [1m开始逐Lane贪心排机 - 文库数: 29[0m
[32m2026-05-20 16:36:18[0m | [1mINFO    [0m | [1m预拆分完成: 使用外层已拆分文库[0m
[32m2026-05-20 16:36:18[0m | [1mINFO    [0m | [1m===== 批次全局分析报告 =====[0m
[32m2026-05-20 16:36:18[0m | [1mINFO    [0m | [1m机器类型: Nova X-25B[0m
[32m2026-05-20 16:36:18[0m | [1mINFO    [0m | [1m文库总数: 29[0m
[32m2026-05-20 16:36:18[0m | [1mINFO    [0m | [1m总数据量: 2145.5 GB[0m
[32m2026-05-20 16:36:18[0m | [1mINFO    [0m | [1m预估Lane数: 1~2[0m
[32m2026-05-20 16:36:18[0m | [1mINFO    [0m | [1m--- 特征标记 ---[0m
[32m2026-05-20 16:36:18[0m | [1mINFO    [0m | [1m  包Lane文库: 无[0m
[32m2026-05-20 16:36:18[0m | [1mINFO    [0m | [1m  碱基不均衡: 无[0m
[32m2026-05-20 16:36:18[0m | [1mINFO    [0m | [1m  客户文库:   无[0m
[32m2026-05-20 16:36:18[0m | [1mINFO    [0m | [1m  10bp文库:   有[0m
[32m2026-05-20 16:36:18[0m | [1mINFO    [0m | [1m  非10bp文库: 无[0m
[32m2026-05-20 16:36:18[0m | [1mINFO    [0m | [1m  特殊组合:   无[0m
[32m2026-05-20 16:36:18[0m | [1mINFO    [0m | [1m--- 分组画像 ---[0m
[32m2026-05-20 16:36:18[0m | [1mINFO    [0m | [1m  [10bp] 10碱基文库: 29个文库, 2145.5GB, 预估1~2条Lane[0m
[32m2026-05-20 16:36:18[0m | [1mINFO    [0m | [1m  [all] 全部文库: 29个文库, 2145.5GB, 预估1~2条Lane[0m
[32m2026-05-20 16:36:18[0m | [1mINFO    [0m | [1m--- 策略建议 ---[0m
[32m2026-05-20 16:36:18[0m | [1mINFO    [0m | [1m  - 数据分布较均匀，可按常规贪心排机流程处理[0m
[32m2026-05-20 16:36:18[0m | [1mINFO    [0m | [1m===== 报告结束 =====[0m
[32m2026-05-20 16:36:18[0m | [1mINFO    [0m | [1m保留外部传入的策略执行计划，仅使用批次分析报告[0m
[32m2026-05-20 16:36:18[0m | [1mINFO    [0m | [1m处理机器类型 Nova X-25B - 文库数: 26 - Lane容量: 1050.0GB, 利用率区间: [100%, 100%], 特殊文库上限: 350GB[0m
[32m2026-05-20 16:36:18[0m | [1mINFO    [0m | [1m处理机器类型 NovaSeq X Plus - 文库数: 3 - Lane容量: 1100GB, 利用率区间: [100%, 100%], 特殊文库上限: 350GB[0m
[32m2026-05-20 16:36:18[0m | [1mINFO    [0m | [1m剩余池总量2.3GB不足最小成Lane门槛2095.0GB，跳过后续随机重试[0m
[32m2026-05-20 16:36:18[0m | [1mINFO    [0m | [1m最后填充策略: 尝试将3个未分配文库塞入已有Lane[0m
[32m2026-05-20 16:36:18[0m | [1mINFO    [0m | [1m最后填充策略: 成功塞入2个文库，踢出0个违反规则的文库，剩余1个无法分配[0m
[32m2026-05-20 16:36:18[0m | [1mINFO    [0m | [1m挪移优化: 未分配1个文库(1GB)，需要从现有Lane挪出2094GB[0m
[32m2026-05-20 16:36:18[0m | [33m[1mWARNING [0m | [33m[1m挪移优化: 挪出数据量46GB不足，放弃挪移[0m
[32m2026-05-20 16:36:18[0m | [1mINFO    [0m | [1m逐Lane贪心排机完成 - Lane数: 1, 已分配: 28/29, 未分配: 1, 平均利用率: 98.6%, 耗时: 0.04秒[0m
[32m2026-05-20 16:36:18[0m | [1mINFO    [0m | [1mIndex校验器初始化完成（真实数据验证版本）[0m
[32m2026-05-20 16:36:18[0m | [1mINFO    [0m | [1m成Lane校验程序初始化完成 (严格模式: False, 碱基不均衡上限: 35%, 特殊文库关键词: 9个)[0m
[32m2026-05-20 16:36:18[0m | [1mINFO    [0m | [1m最终验证结果: 1条Lane通过，1个文库未分配[0m
[32m2026-05-20 16:36:18[0m | [1mINFO    [0m | [1m主流程规则分桶预调度: bucket=manual_or_risk:YC2025年武汉序拓生物自建库PE150测序技术服务（委托）合同|S|客户-ATAC-SEQ文库|NA|SCATTERED+MANUAL_RISK+IMBALANCE, count=5, data=2100.0G[0m
[32m2026-05-20 16:36:18[0m | [1mINFO    [0m | [1m开始逐Lane贪心排机 - 文库数: 5[0m
[32m2026-05-20 16:36:18[0m | [1mINFO    [0m | [1m预拆分完成: 使用外层已拆分文库[0m
[32m2026-05-20 16:36:18[0m | [1mINFO    [0m | [1m使用外部传入的全局分析报告（全量文库），跳过内部分析[0m
[32m2026-05-20 16:36:18[0m | [1mINFO    [0m | [1m处理机器类型 Nova X-25B - 文库数: 5 - Lane容量: 1050.0GB, 利用率区间: [100%, 100%], 特殊文库上限: 350GB[0m
[32m2026-05-20 16:36:18[0m | [33m[1mWARNING [0m | [33m[1m剩余 5 个文库无法分配（全部有约束冲突）[0m
[32m2026-05-20 16:36:18[0m | [1mINFO    [0m | [1m逐Lane贪心排机完成 - Lane数: 0, 已分配: 0/5, 未分配: 5, 平均利用率: 0.0%, 耗时: 0.00秒[0m
[32m2026-05-20 16:36:18[0m | [1mINFO    [0m | [1mIndex校验器初始化完成（真实数据验证版本）[0m
[32m2026-05-20 16:36:18[0m | [1mINFO    [0m | [1m成Lane校验程序初始化完成 (严格模式: False, 碱基不均衡上限: 35%, 特殊文库关键词: 9个)[0m
[32m2026-05-20 16:36:18[0m | [1mINFO    [0m | [1m最终验证结果: 0条Lane通过，5个文库未分配[0m
[32m2026-05-20 16:36:18[0m | [1mINFO    [0m | [1m主流程规则分桶跳过: bucket=manual_or_risk:中药所9个单细胞+9个转录组分析技术服务（委托）合同|S|墨卓转录组-3端文库|NA|MANUAL_RISK+IMBALANCE, count=9, reason=总量900.0G低于最小门槛1995.0G[0m
[32m2026-05-20 16:36:18[0m | [1mINFO    [0m | [1m主流程规则分桶跳过: bucket=manual_or_risk:YC-（极速周期）2025年上海近岸生物年度框架协议分析技术服务（委托）合同|S|客户-METHYLATION文库|NA|SCATTERED+MANUAL_RISK+IMBALANCE, count=5, reason=总量500.0G低于最小门槛2074.1G[0m
[32m2026-05-20 16:36:18[0m | [1mINFO    [0m | [1m主流程规则分桶跳过: bucket=manual_or_risk:四川农业大学100个样本单细胞建库测序技术服务（委托）合同|S|墨卓转录组-3端文库|NA|MANUAL_RISK+IMBALANCE, count=4, reason=总量400.0G低于最小门槛1995.0G[0m
[32m2026-05-20 16:36:18[0m | [1mINFO    [0m | [1m主流程规则分桶跳过: bucket=manual_or_risk:（极速周期）北大SH自建库散样XP建库测序技术服务（委托）合同|S|客户-真核普通转录组文库|NA|SCATTERED+MANUAL_RISK, count=2, reason=总量400.0G低于最小门槛2095.0G[0m
[32m2026-05-20 16:36:18[0m | [1mINFO    [0m | [1m主流程规则分桶跳过: bucket=manual_or_risk:YC宏微特斯测序技术服务（委托）合同2025|S|客户-META文库|NA|SCATTERED+MANUAL_RISK, count=14, reason=总量381.0G低于最小门槛2095.0G[0m
[32m2026-05-20 16:36:18[0m | [1mINFO    [0m | [1m主流程规则分桶跳过: bucket=manual_or_risk:YC-中国科学院北京基因组研究所20000G自建库文库测序技术服务（委托）合同|S|客户-METHYLATION文库|NA|SCATTERED+MANUAL_RISK+IMBALANCE, count=3, reason=总量300.0G低于最小门槛2074.1G[0m
[32m2026-05-20 16:36:18[0m | [1mINFO    [0m | [1m主流程规则分桶跳过: bucket=manual_or_risk:国科大自建库测序NOVA X PLUS技术服务（委托）合同-2|S|客户-HI-C文库|NA|MANUAL_RISK, count=4, reason=总量253.7G低于最小门槛2095.0G[0m
[32m2026-05-20 16:36:18[0m | [1mINFO    [0m | [1m主流程规则分桶跳过: bucket=manual_or_risk:YC大连晶泰测序技术服务（委托）合同2025|S|客户-METHYLATION文库|NA|SCATTERED+MANUAL_RISK+IMBALANCE, count=2, reason=总量200.0G低于最小门槛2074.1G[0m
[32m2026-05-20 16:36:18[0m | [1mINFO    [0m | [1m主流程规则分桶跳过: bucket=manual_or_risk:YC项目1000个自建库测序数据质控技术服务（委托）合同|S|客户-其他碱基均衡文库|NA|SCATTERED+MANUAL_RISK, count=13, reason=总量193.8G低于最小门槛2095.0G[0m
[32m2026-05-20 16:36:18[0m | [1mINFO    [0m | [1m主流程规则分桶跳过: bucket=manual_or_risk:2025年未知君自建库测序分析技术服务（委托）合同|S|客户-META文库|NA|MANUAL_RISK, count=1, reason=总量192.0G低于最小门槛2095.0G[0m
[32m2026-05-20 16:36:18[0m | [1mINFO    [0m | [1m主流程规则分桶跳过: bucket=manual_or_risk:广妇儿15例墨卓单细胞带矩阵分析技术服务（委托）合同|S|墨卓转录组-3端文库|NA|MANUAL_RISK+IMBALANCE, count=1, reason=总量100.0G低于最小门槛1995.0G[0m
[32m2026-05-20 16:36:18[0m | [1mINFO    [0m | [1m主流程规则分桶跳过: bucket=manual_or_risk:西北农林科技大学4例样本单细胞转录组（墨卓平台）建库测序技术服务（委托）合同|S|墨卓转录组-3端文库|NA|MANUAL_RISK+IMBALANCE, count=1, reason=总量100.0G低于最小门槛1995.0G[0m
[32m2026-05-20 16:36:18[0m | [1mINFO    [0m | [1m主流程规则分桶跳过: bucket=manual_or_risk:YC大连基恩测序技术服务（委托）合同2025|S|客户-人重测序文库|NA|SCATTERED+MANUAL_RISK, count=6, reason=总量87.6G低于最小门槛2095.0G[0m
[32m2026-05-20 16:36:18[0m | [1mINFO    [0m | [1m主流程规则分桶跳过: bucket=manual_or_risk:YC郑州大学2025年自建库测序技术服务（委托）合同|S|客户-扩增子文库|NA|SCATTERED+MANUAL_RISK+IMBALANCE, count=4, reason=总量72.0G低于最小门槛1466.5G[0m
[32m2026-05-20 16:36:18[0m | [1mINFO    [0m | [1m主流程规则分桶跳过: bucket=manual_or_risk:YC（极速周期）2025年泛因生物自建库合同分析技术服务（委托）合同|S|客户-PCR产物|NA|SCATTERED+MANUAL_RISK+IMBALANCE, count=2, reason=总量50.0G低于最小门槛1257.0G[0m
[32m2026-05-20 16:36:18[0m | [1mINFO    [0m | [1m主流程规则分桶跳过: bucket=manual_or_risk:YC宏微特斯测序技术服务（委托）合同2025|S|客户-人外显子文库|NA|SCATTERED+MANUAL_RISK, count=3, reason=总量47.7G低于最小门槛2095.0G[0m
[32m2026-05-20 16:36:18[0m | [1mINFO    [0m | [1m主流程规则分桶跳过: bucket=manual_or_risk:YC-中国科学院北京基因组研究所（专用）25000G自建库文库测序技术服务（委托）合同-YYG|S|客户-真核普通转录组文库|NA|SCATTERED+MANUAL_RISK, count=6, reason=总量43.0G低于最小门槛2095.0G[0m
[32m2026-05-20 16:36:18[0m | [1mINFO    [0m | [1m主流程规则分桶跳过: bucket=manual_or_risk:医学委托科服混样子项目|S|全基因组文库|NA|SCATTERED+MANUAL_RISK, count=12, reason=总量42.0G低于最小门槛2095.0G[0m
[32m2026-05-20 16:36:18[0m | [1mINFO    [0m | [1m主流程规则分桶跳过: bucket=manual_or_risk:24.12.27华中农业大学X-PLUS平台自建库测序技术服务（委托）合同|S|客户-动植物全基因组重测序文库|NA|MANUAL_RISK, count=7, reason=总量42.0G低于最小门槛2095.0G[0m
[32m2026-05-20 16:36:18[0m | [1mINFO    [0m | [1m主流程规则分桶跳过: bucket=manual_or_risk:YC因诺惟康纯测序技术服务（委托）合同2025|S|客户-DNA PCR FREE（人）|NA|SCATTERED+MANUAL_RISK, count=4, reason=总量40.0G低于最小门槛2095.0G[0m
[32m2026-05-20 16:36:18[0m | [1mINFO    [0m | [1m主流程规则分桶跳过: bucket=manual_or_risk:YC宏微特斯测序技术服务（委托）合同2025|S|客户-扩增子文库|NA|SCATTERED+MANUAL_RISK+IMBALANCE, count=13, reason=总量39.0G低于最小门槛1466.5G[0m
[32m2026-05-20 16:36:18[0m | [1mINFO    [0m | [1m主流程规则分桶跳过: bucket=manual_or_risk:YC2025年武汉序拓生物自建库PE150测序技术服务（委托）合同|S|客户-SMALL RNA文库|NA|SCATTERED+MANUAL_RISK, count=9, reason=总量36.0G低于最小门槛2095.0G[0m
[32m2026-05-20 16:36:18[0m | [1mINFO    [0m | [1m主流程规则分桶跳过: bucket=manual_or_risk:中南大学湘雅二医院18个ATAC自建库测序分析技术服务（委托）合同|S|客户-ATAC-SEQ文库|NA|MANUAL_RISK+IMBALANCE, count=3, reason=总量36.0G低于最小门槛1676.0G[0m
[32m2026-05-20 16:36:18[0m | [1mINFO    [0m | [1m主流程规则分桶跳过: bucket=manual_or_risk:YC-25-上海桐树医学检验实验室散文库纯测序技术服务（委托）补充合同|S|客户-METHYLATION文库|NA|SCATTERED+MANUAL_RISK+IMBALANCE, count=2, reason=总量32.0G低于最小门槛2074.1G[0m
[32m2026-05-20 16:36:18[0m | [1mINFO    [0m | [1m主流程规则分桶跳过: bucket=manual_or_risk:红杨树X PLUS自建库测序技术服务（委托）合同|S|客户-ATAC-SEQ文库|NA|MANUAL_RISK+IMBALANCE, count=3, reason=总量30.0G低于最小门槛1676.0G[0m
[32m2026-05-20 16:36:18[0m | [1mINFO    [0m | [1m主流程规则分桶跳过: bucket=manual_or_risk:凌恩-RNA 甲基化-测序分析技术服务(委托)合同|S|低起始量RNA甲基化文库-INPUT(人)|NA|MANUAL_RISK+IMBALANCE, count=2, reason=总量25.0G低于最小门槛2095.0G[0m
[32m2026-05-20 16:36:18[0m | [1mINFO    [0m | [1m主流程规则分桶跳过: bucket=manual_or_risk:YC项目1000个自建库测序数据质控技术服务（委托）合同|S|客户-CHIP-SEQ文库|NA|SCATTERED+MANUAL_RISK, count=7, reason=总量23.2G低于最小门槛2095.0G[0m
[32m2026-05-20 16:36:18[0m | [1mINFO    [0m | [1m主流程规则分桶跳过: bucket=manual_or_risk:YC厦门大学2025年-自建库测序项目-补充协议|S|客户-人重测序文库|NA|SCATTERED+MANUAL_RISK, count=4, reason=总量20.0G低于最小门槛2095.0G[0m
[32m2026-05-20 16:36:18[0m | [1mINFO    [0m | [1m主流程规则分桶跳过: bucket=manual_or_risk:YC派真生物-2025自建库测序技术服务（委托）合同分析技术服务（委托）合同|S|客户-PCR产物|NA|SCATTERED+MANUAL_RISK+IMBALANCE, count=2, reason=总量20.0G低于最小门槛1257.0G[0m
[32m2026-05-20 16:36:18[0m | [1mINFO    [0m | [1m主流程规则分桶跳过: bucket=manual_or_risk:YC银丰基因自建库测序技术服务（委托）合同2025|S|客户-人外显子文库|NA|SCATTERED+MANUAL_RISK, count=2, reason=总量20.0G低于最小门槛2095.0G[0m
[32m2026-05-20 16:36:18[0m | [1mINFO    [0m | [1m主流程规则分桶跳过: bucket=manual_or_risk:YC（极速周期）2025年深圳易基因自建库测序分析技术服务（委托）合同|S|客户-METHYLATION文库|NA|SCATTERED+MANUAL_RISK+IMBALANCE, count=1, reason=总量20.0G低于最小门槛2074.1G[0m
[32m2026-05-20 16:36:18[0m | [1mINFO    [0m | [1m主流程规则分桶跳过: bucket=manual_or_risk:YC项目1000个自建库测序数据质控技术服务（委托）合同|S|客户-动植物全基因组重测序文库|NA|SCATTERED+MANUAL_RISK, count=2, reason=总量18.2G低于最小门槛2095.0G[0m
[32m2026-05-20 16:36:18[0m | [1mINFO    [0m | [1m主流程规则分桶跳过: bucket=manual_or_risk:YC郑州大学2025年自建库测序技术服务（委托）合同|S|客户-人外显子文库|NA|SCATTERED+MANUAL_RISK, count=3, reason=总量18.0G低于最小门槛2095.0G[0m
[32m2026-05-20 16:36:18[0m | [1mINFO    [0m | [1m主流程规则分桶跳过: bucket=manual_or_risk:自建库测序散样分析技术服务（委托）合同|S|客户-动植物全基因组重测序文库|NA|SCATTERED+MANUAL_RISK, count=2, reason=总量12.0G低于最小门槛2095.0G[0m
[32m2026-05-20 16:36:18[0m | [1mINFO    [0m | [1m主流程规则分桶跳过: bucket=manual_or_risk:YC-中国科学院北京基因组研究所20000G自建库文库测序技术服务（委托）合同|S|客户-真核普通转录组文库|NA|SCATTERED+MANUAL_RISK, count=2, reason=总量10.0G低于最小门槛2095.0G[0m
[32m2026-05-20 16:36:18[0m | [1mINFO    [0m | [1m主流程规则分桶跳过: bucket=manual_or_risk:工生所XPLUS自建库测序分析技术服务（委托）合同|S|客户-动植物全基因组重测序文库|NA|MANUAL_RISK, count=1, reason=总量10.0G低于最小门槛2095.0G[0m
[32m2026-05-20 16:36:18[0m | [1mINFO    [0m | [1m主流程规则分桶跳过: bucket=manual_or_risk:YC项目1000个自建库测序数据质控技术服务（委托）合同|S|客户-其他碱基不均衡文库|NA|SCATTERED+MANUAL_RISK+IMBALANCE, count=4, reason=总量9.3G低于最小门槛1676.0G[0m
[32m2026-05-20 16:36:18[0m | [1mINFO    [0m | [1m主流程规则分桶跳过: bucket=manual_or_risk:湖大100例自建库测序XPLUS分析技术服务（委托）合同|S|客户-其他碱基均衡文库|NA|MANUAL_RISK, count=1, reason=总量9.0G低于最小门槛2095.0G[0m
[32m2026-05-20 16:36:18[0m | [1mINFO    [0m | [1m主流程规则分桶跳过: bucket=manual_or_risk:YC2025年凯德维斯医学XPLUS自建库测序技术服务（委托）合同|S|客户-人重测序文库|NA|SCATTERED+MANUAL_RISK, count=1, reason=总量8.4G低于最小门槛2095.0G[0m
[32m2026-05-20 16:36:18[0m | [1mINFO    [0m | [1m主流程规则分桶跳过: bucket=manual_or_risk:YC-25-上海桐树医学检验实验室散文库纯测序技术服务（委托）补充合同|S|客户-人目标区域文库|NA|SCATTERED+MANUAL_RISK, count=2, reason=总量6.1G低于最小门槛2095.0G[0m
[32m2026-05-20 16:36:18[0m | [1mINFO    [0m | [1m主流程规则分桶跳过: bucket=manual_or_risk:YC项目1000个自建库测序数据质控技术服务（委托）合同|S|客户-真核普通转录组文库|NA|SCATTERED+MANUAL_RISK, count=1, reason=总量6.0G低于最小门槛2095.0G[0m
[32m2026-05-20 16:36:18[0m | [1mINFO    [0m | [1m主流程规则分桶跳过: bucket=manual_or_risk:（极速周期）北生所300例文库测序技术服务（委托）合同|S|客户-CUT-TAG文库|NA|MANUAL_RISK+IMBALANCE, count=1, reason=总量6.0G低于最小门槛1676.0G[0m
[32m2026-05-20 16:36:18[0m | [1mINFO    [0m | [1m主流程规则分桶跳过: bucket=manual_or_risk:YC（极速周期）2025年深圳易基因自建库测序分析技术服务（委托）合同|S|客户-CHIP-SEQ文库|NA|SCATTERED+MANUAL_RISK, count=4, reason=总量5.6G低于最小门槛2095.0G[0m
[32m2026-05-20 16:36:18[0m | [1mINFO    [0m | [1m主流程规则分桶跳过: bucket=manual_or_risk:YC-中国科学院北京基因组研究所20000G自建库文库测序技术服务（委托）合同|S|客户-人重测序文库|NA|SCATTERED+MANUAL_RISK, count=2, reason=总量4.0G低于最小门槛2095.0G[0m
[32m2026-05-20 16:36:18[0m | [1mINFO    [0m | [1m主流程规则分桶跳过: bucket=manual_or_risk:YC宏微特斯测序技术服务（委托）合同2025|S|客户-其他碱基不均衡文库|NA|SCATTERED+MANUAL_RISK+IMBALANCE, count=3, reason=总量3.0G低于最小门槛1676.0G[0m
[32m2026-05-20 16:36:18[0m | [1mINFO    [0m | [1m主流程规则分桶跳过: bucket=manual_or_risk:（极速周期）吉林大学自建库新平台500个样本技术服务（委托）合同|S|客户-动植物全基因组重测序文库|NA|MANUAL_RISK, count=1, reason=总量3.0G低于最小门槛2095.0G[0m
[32m2026-05-20 16:36:18[0m | [1mINFO    [0m | [1m主流程规则分桶跳过: bucket=manual_or_risk:YC-第三医学中心麦老师自建库测序技术服务（委托）合同|S|客户-真核普通转录组文库|NA|SCATTERED+MANUAL_RISK, count=1, reason=总量2.7G低于最小门槛2095.0G[0m
[32m2026-05-20 16:36:18[0m | [1mINFO    [0m | [1m主流程规则分桶跳过: bucket=manual_or_risk:YC高博博仁医院测序技术服务（委托）合同2025|S|客户-动植物全基因组重测序文库|NA|SCATTERED+MANUAL_RISK, count=1, reason=总量2.5G低于最小门槛2095.0G[0m
[32m2026-05-20 16:36:18[0m | [1mINFO    [0m | [1m主流程规则分桶跳过: bucket=manual_or_risk:医学委托科服混样子项目|S|客户DNA文库|NA|SCATTERED+MANUAL_RISK, count=1, reason=总量2.4G低于最小门槛2095.0G[0m
[32m2026-05-20 16:36:18[0m | [1mINFO    [0m | [1m主流程规则分桶跳过: bucket=manual_or_risk:H101SC241104YC（极速周期）自建库测序技术服务（委托）合同-2|S|客户-PCR产物|NA|SCATTERED+MANUAL_RISK+IMBALANCE, count=1, reason=总量2.2G低于最小门槛1257.0G[0m
[32m2026-05-20 16:36:18[0m | [1mINFO    [0m | [1m主流程规则分桶跳过: bucket=manual_or_risk:YC（极速周期）动物所自建库 XPLUS 测序技术服务（委托）合同-LL|S|客户-真核普通转录组文库|NA|SCATTERED+MANUAL_RISK, count=2, reason=总量2.1G低于最小门槛2095.0G[0m
[32m2026-05-20 16:36:18[0m | [1mINFO    [0m | [1m主流程规则分桶跳过: bucket=manual_or_risk:工生所200例自建库测序技术服务（委托）合同|S|客户-动植物全基因组重测序文库|NA|MANUAL_RISK, count=1, reason=总量2.0G低于最小门槛2095.0G[0m
[32m2026-05-20 16:36:18[0m | [1mINFO    [0m | [1m主流程规则分桶跳过: bucket=manual_or_risk:南京林业大学-40个自建库库检+测序-尹慧娟分析技术服务（委托）合同|S|客户-真核普通转录组文库|NA|MANUAL_RISK, count=1, reason=总量1.8G低于最小门槛2095.0G[0m
[32m2026-05-20 16:36:18[0m | [1mINFO    [0m | [1m主流程规则分桶跳过: bucket=manual_or_risk:YC北京优吉测序技术服务（委托）合同2025|S|客户-PCR产物|NA|SCATTERED+MANUAL_RISK+IMBALANCE, count=1, reason=总量1.0G低于最小门槛1257.0G[0m
[32m2026-05-20 16:36:18[0m | [1mINFO    [0m | [1m主流程规则分桶跳过: bucket=manual_or_risk:南京农业大学1000个梨DNA样本重测序(XPLUS平台)技术服务（委托）合同|S|DNA小片段文库|NA|MANUAL_RISK, count=1, reason=总量1.0G低于最小门槛2095.0G[0m
[32m2026-05-20 16:36:18[0m | [1mINFO    [0m | [1m主流程规则分桶跳过: bucket=manual_or_risk:浙江农林大学10个自建库测序X技术服务（委托）合同|S|客户-动植物全基因组重测序文库|NA|MANUAL_RISK, count=1, reason=总量1.0G低于最小门槛2095.0G[0m
[32m2026-05-20 16:36:18[0m | [1mINFO    [0m | [1m主流程规则分桶跳过: bucket=manual_or_risk:YC（极速周期）2025年深圳易基因自建库测序分析技术服务（委托）合同|S|客户-真核普通转录组文库|NA|SCATTERED+MANUAL_RISK, count=1, reason=总量0.8G低于最小门槛2095.0G[0m
[32m2026-05-20 16:36:18[0m | [1mINFO    [0m | [1m主流程规则分桶跳过: bucket=manual_or_risk:（极速周期）清华50例文库技术服务（委托）合同|S|客户-其他碱基均衡文库|NA|MANUAL_RISK, count=1, reason=总量0.8G低于最小门槛2095.0G[0m
[32m2026-05-20 16:36:18[0m | [1mINFO    [0m | [1m主流程规则分桶跳过: bucket=ten_x:南方科技大学20例单细胞测序分析技术服务（委托）合同|S|10X转录组-3'文库|NA|TENX+MANUAL_RISK+IMBALANCE, count=3, reason=总量354.0G低于最小门槛1995.0G[0m
[32m2026-05-20 16:36:18[0m | [1mINFO    [0m | [1m主流程规则分桶跳过: bucket=ten_x:浙江大学国际健康医学研究院肿瘤完整基因组图谱计划一期（第一批）分析技术服务（委托）合同|S|10X转录组-3'文库|NA|TENX+MANUAL_RISK+IMBALANCE, count=4, reason=总量305.3G低于最小门槛1995.0G[0m
[32m2026-05-20 16:36:18[0m | [1mINFO    [0m | [1m主流程规则分桶跳过: bucket=ten_x:中山大学5个10X GENOMICS 3'单细胞转录组分析技术服务（委托）合同|S|10X转录组-3'文库|NA|TENX+MANUAL_RISK+IMBALANCE, count=4, reason=总量210.0G低于最小门槛1995.0G[0m
[32m2026-05-20 16:36:18[0m | [1mINFO    [0m | [1m主流程规则分桶跳过: bucket=ten_x:吉大中日联谊医院单细胞转录组测序分析技术服务（委托）合同|S|10X转录组-3'文库|NA|TENX+MANUAL_RISK+IMBALANCE, count=1, reason=总量120.0G低于最小门槛1995.0G[0m
[32m2026-05-20 16:36:18[0m | [1mINFO    [0m | [1m主流程规则分桶跳过: bucket=ten_x:中山眼科35例单细胞转录组分析技术服务（委托）合同|S|10X转录组-3'文库|NA|TENX+MANUAL_RISK+IMBALANCE, count=2, reason=总量111.8G低于最小门槛1995.0G[0m
[32m2026-05-20 16:36:18[0m | [1mINFO    [0m | [1m主流程规则分桶跳过: bucket=ten_x:山东大学16个单细胞测序分析技术服务（委托）合同-张晓鲁|S|10X转录组-3'文库|NA|TENX+MANUAL_RISK+IMBALANCE, count=2, reason=总量110.0G低于最小门槛1995.0G[0m
[32m2026-05-20 16:36:18[0m | [1mINFO    [0m | [1m主流程规则分桶跳过: bucket=ten_x:3个单细胞分析技术服务（委托）合同|S|10X转录组-3'文库|NA|TENX+MANUAL_RISK+IMBALANCE, count=1, reason=总量100.0G低于最小门槛1995.0G[0m
[32m2026-05-20 16:36:18[0m | [1mINFO    [0m | [1m主流程规则分桶跳过: bucket=ten_x:LXL-单细胞转录组测序分析技术服务（委托）合同|S|10X转录组-3'文库|NA|TENX+MANUAL_RISK+IMBALANCE, count=1, reason=总量100.0G低于最小门槛1995.0G[0m
[32m2026-05-20 16:36:18[0m | [1mINFO    [0m | [1m主流程规则分桶跳过: bucket=ten_x:南科大6个单细胞转录组分析技术服务（委托）合同|S|10X转录组-3'文库|NA|TENX+MANUAL_RISK+IMBALANCE, count=1, reason=总量100.0G低于最小门槛1995.0G[0m
[32m2026-05-20 16:36:18[0m | [1mINFO    [0m | [1m主流程规则分桶跳过: bucket=ten_x:厦门大学100个单细胞转录组+50个单细胞ATAC测序技术服务（委托）合同|S|10X转录组-3'文库|NA|TENX+MANUAL_RISK+IMBALANCE, count=1, reason=总量100.0G低于最小门槛1995.0G[0m
[32m2026-05-20 16:36:18[0m | [1mINFO    [0m | [1m主流程规则分桶跳过: bucket=ten_x:四川大学华西医院6例软骨10X3端单细胞转录组分析技术服务（委托）合同|S|10X转录组-3'文库|NA|TENX+MANUAL_RISK+IMBALANCE, count=1, reason=总量100.0G低于最小门槛1995.0G[0m
[32m2026-05-20 16:36:18[0m | [1mINFO    [0m | [1m主流程规则分桶跳过: bucket=ten_x:北京大学第一医院自建库测序技术服务（委托）合同|S|客户-单细胞文库|NA|TENX+MANUAL_RISK+IMBALANCE, count=1, reason=总量42.8G低于最小门槛1843.6G[0m
[32m2026-05-20 16:36:18[0m | [1mINFO    [0m | [1m主流程规则分桶跳过: bucket=ten_x:YC苏州德运康瑞-2025年度自建库项目技术服务（委托）合同|S|客户-单细胞文库|NA|TENX+SCATTERED+MANUAL_RISK+IMBALANCE, count=4, reason=总量40.0G低于最小门槛1843.6G[0m
[32m2026-05-20 16:36:18[0m | [1mINFO    [0m | [1m主流程规则分桶跳过: bucket=ten_x:JQ_华西医院10X单细胞建库测序分析技术服务（委托）合同|S|10X转录组-3'文库|NA|TENX+MANUAL_RISK+IMBALANCE, count=2, reason=总量7.9G低于最小门槛1995.0G[0m
[32m2026-05-20 16:36:18[0m | [1mINFO    [0m | [1m主流程规则分桶跳过: bucket=ten_x:22个10X单细胞建库测序150G CELL RANGER分析技术服务（委托）合同|S|10X转录组-3'文库|NA|TENX+MANUAL_RISK+IMBALANCE, count=1, reason=总量4.9G低于最小门槛1995.0G[0m
[32m2026-05-20 16:36:18[0m | [1mINFO    [0m | [1m主流程规则分桶跳过: bucket=ten_x:四川大学华西医院5例肺癌组织单细胞建库测序分析技术服务（委托）合同|S|10X转录组-3'文库|NA|TENX+MANUAL_RISK+IMBALANCE, count=1, reason=总量3.1G低于最小门槛1995.0G[0m
[32m2026-05-20 16:36:18[0m | [1mINFO    [0m | [1m主流程规则分桶预调度: bucket=general:林大300个样本的DNA小片段建库测序分析技术服务（委托）合同|Z|微生物常规小片段文库|NA|NORMAL, count=29, data=10550.0G[0m
[32m2026-05-20 16:36:18[0m | [1mINFO    [0m | [1m开始逐Lane贪心排机 - 文库数: 29[0m
[32m2026-05-20 16:36:18[0m | [1mINFO    [0m | [1m预拆分完成: 使用外层已拆分文库[0m
[32m2026-05-20 16:36:18[0m | [1mINFO    [0m | [1m使用外部传入的全局分析报告（全量文库），跳过内部分析[0m
[32m2026-05-20 16:36:18[0m | [1mINFO    [0m | [1m处理机器类型 NovaSeq X Plus - 文库数: 29 - Lane容量: 1100GB, 利用率区间: [100%, 100%], 特殊文库上限: 350GB[0m
[32m2026-05-20 16:36:18[0m | [1mINFO    [0m | [1m剩余池总量1600.0GB不足最小成Lane门槛2095.0GB，跳过后续随机重试[0m
[32m2026-05-20 16:36:18[0m | [1mINFO    [0m | [1m最后填充策略: 尝试将8个未分配文库塞入已有Lane[0m
[32m2026-05-20 16:36:18[0m | [1mINFO    [0m | [1m挪移优化: 未分配8个文库(1600GB)，需要从现有Lane挪出495GB[0m
[32m2026-05-20 16:36:18[0m | [33m[1mWARNING [0m | [33m[1m挪移优化: 挪出数据量0GB不足，放弃挪移[0m
[32m2026-05-20 16:36:18[0m | [1mINFO    [0m | [1m逐Lane贪心排机完成 - Lane数: 4, 已分配: 21/29, 未分配: 8, 平均利用率: 102.9%, 耗时: 0.02秒[0m
[32m2026-05-20 16:36:18[0m | [1mINFO    [0m | [1mIndex校验器初始化完成（真实数据验证版本）[0m
[32m2026-05-20 16:36:18[0m | [1mINFO    [0m | [1m成Lane校验程序初始化完成 (严格模式: False, 碱基不均衡上限: 35%, 特殊文库关键词: 9个)[0m
[32m2026-05-20 16:36:18[0m | [1mINFO    [0m | [1m最终验证结果: 4条Lane通过，8个文库未分配[0m
[32m2026-05-20 16:36:18[0m | [1mINFO    [0m | [1m主流程规则分桶预调度: bucket=general:黑龙江省疾控100个微生物全基因组分析技术服务（委托）合同|Z|微生物常规小片段文库|NA|NORMAL, count=7, data=3150.0G[0m
[32m2026-05-20 16:36:18[0m | [1mINFO    [0m | [1m开始逐Lane贪心排机 - 文库数: 7[0m
[32m2026-05-20 16:36:18[0m | [1mINFO    [0m | [1m预拆分完成: 使用外层已拆分文库[0m
[32m2026-05-20 16:36:18[0m | [1mINFO    [0m | [1m使用外部传入的全局分析报告（全量文库），跳过内部分析[0m
[32m2026-05-20 16:36:18[0m | [1mINFO    [0m | [1m处理机器类型 NovaSeq X Plus - 文库数: 7 - Lane容量: 1100GB, 利用率区间: [100%, 100%], 特殊文库上限: 350GB[0m
[32m2026-05-20 16:36:18[0m | [1mINFO    [0m | [1m剩余池总量900.0GB不足最小成Lane门槛2095.0GB，跳过后续随机重试[0m
[32m2026-05-20 16:36:18[0m | [1mINFO    [0m | [1m最后填充策略: 尝试将2个未分配文库塞入已有Lane[0m
[32m2026-05-20 16:36:18[0m | [1mINFO    [0m | [1m挪移优化: 未分配2个文库(900GB)，需要从现有Lane挪出1195GB[0m
[32m2026-05-20 16:36:18[0m | [33m[1mWARNING [0m | [33m[1m挪移优化: 挪出数据量0GB不足，放弃挪移[0m
[32m2026-05-20 16:36:18[0m | [1mINFO    [0m | [1m逐Lane贪心排机完成 - Lane数: 1, 已分配: 5/7, 未分配: 2, 平均利用率: 103.4%, 耗时: 0.00秒[0m
[32m2026-05-20 16:36:18[0m | [1mINFO    [0m | [1mIndex校验器初始化完成（真实数据验证版本）[0m
[32m2026-05-20 16:36:18[0m | [1mINFO    [0m | [1m成Lane校验程序初始化完成 (严格模式: False, 碱基不均衡上限: 35%, 特殊文库关键词: 9个)[0m
[32m2026-05-20 16:36:18[0m | [1mINFO    [0m | [1m最终验证结果: 1条Lane通过，2个文库未分配[0m
[32m2026-05-20 16:36:18[0m | [1mINFO    [0m | [1m主流程规则分桶预调度: bucket=general:1183个样本二代框架图建库测序组装技术服务（委托）合同|Z|DNA小片段文库|NA|NORMAL, count=292, data=2323.0G[0m
[32m2026-05-20 16:36:18[0m | [1mINFO    [0m | [1m开始逐Lane贪心排机 - 文库数: 292[0m
[32m2026-05-20 16:36:18[0m | [1mINFO    [0m | [1m预拆分完成: 使用外层已拆分文库[0m
[32m2026-05-20 16:36:18[0m | [1mINFO    [0m | [1m使用外部传入的全局分析报告（全量文库），跳过内部分析[0m
[32m2026-05-20 16:36:18[0m | [1mINFO    [0m | [1m处理机器类型 Nova X-25B - 文库数: 292 - Lane容量: 1050.0GB, 利用率区间: [100%, 100%], 特殊文库上限: 350GB[0m
[32m2026-05-20 16:36:19[0m | [1mINFO    [0m | [1m剩余池总量216.0GB不足最小成Lane门槛2095.0GB，跳过后续随机重试[0m
[32m2026-05-20 16:36:19[0m | [1mINFO    [0m | [1m最后填充策略: 尝试将24个未分配文库塞入已有Lane[0m
[32m2026-05-20 16:36:20[0m | [1mINFO    [0m | [1m最后填充策略: 成功塞入15个文库，踢出0个违反规则的文库，剩余9个无法分配[0m
[32m2026-05-20 16:36:20[0m | [1mINFO    [0m | [1m挪移优化: 未分配9个文库(70GB)，需要从现有Lane挪出2025GB[0m
[32m2026-05-20 16:36:28[0m | [33m[1mWARNING [0m | [33m[1m挪移优化: 挪出数据量153GB不足，放弃挪移[0m
[32m2026-05-20 16:36:28[0m | [1mINFO    [0m | [1m逐Lane贪心排机完成 - Lane数: 1, 已分配: 283/292, 未分配: 9, 平均利用率: 103.6%, 耗时: 9.95秒[0m
[32m2026-05-20 16:36:28[0m | [1mINFO    [0m | [1mIndex校验器初始化完成（真实数据验证版本）[0m
[32m2026-05-20 16:36:28[0m | [1mINFO    [0m | [1m成Lane校验程序初始化完成 (严格模式: False, 碱基不均衡上限: 35%, 特殊文库关键词: 9个)[0m
[32m2026-05-20 16:36:28[0m | [1mINFO    [0m | [1m最终验证结果: 1条Lane通过，9个文库未分配[0m
[32m2026-05-20 16:36:28[0m | [1mINFO    [0m | [1m主流程规则分桶跳过: bucket=general:交医68个PCR-小片段建库测序XPLUS技术服务（委托）合同|Z|动植物全基因组重测序文库|NA|NORMAL, count=4, reason=总量1800.0G低于最小门槛2095.0G[0m
[32m2026-05-20 16:36:28[0m | [1mINFO    [0m | [1m主流程规则分桶跳过: bucket=general:河南大学三亚研究院戚赛鸽398个花生重测序育种分析技术服务（委托）合同|Z|DNA小片段文库|NA|NORMAL, count=37, reason=总量925.0G低于最小门槛2095.0G[0m
[32m2026-05-20 16:36:28[0m | [1mINFO    [0m | [1m主流程规则分桶跳过: bucket=general:生物所54例宏基因组测序技术服务（委托）合同|Z|META文库|NA|NORMAL, count=6, reason=总量600.0G低于最小门槛2095.0G[0m
[32m2026-05-20 16:36:28[0m | [1mINFO    [0m | [1m主流程规则分桶跳过: bucket=general:西南科大120个宏基因测序分析技术服务（委托）合同|Z|META文库|NA|NORMAL, count=1, reason=总量100.0G低于最小门槛2095.0G[0m
[32m2026-05-20 16:36:28[0m | [1mINFO    [0m | [1m主流程规则分桶跳过: bucket=general:四川大学50个宏基因建库测序需CLEAN分析技术服务（委托）合同|Z|DNA小片段文库|NA|NORMAL, count=2, reason=总量30.0G低于最小门槛2095.0G[0m
[32m2026-05-20 16:36:28[0m | [1mINFO    [0m | [1m主流程规则分桶跳过: bucket=general:JL-样本建库测序分析技术服务（委托）合同|Z|DNA小片段文库|NA|NORMAL, count=5, reason=总量5.0G低于最小门槛2095.0G[0m
[32m2026-05-20 16:36:28[0m | [1mINFO    [0m | [1m主流程规则分桶预调度完成: 分桶=85，桶后尾货=304个/14735.3G[0m
[32m2026-05-20 16:36:28[0m | [1mINFO    [0m | [1m主流程尾货统一补排启动: count=304, data=14735.3G[0m
[32m2026-05-20 16:36:28[0m | [1mINFO    [0m | [1m开始逐Lane贪心排机 - 文库数: 304[0m
[32m2026-05-20 16:36:28[0m | [1mINFO    [0m | [1m预拆分完成: 使用外层已拆分文库[0m
[32m2026-05-20 16:36:28[0m | [1mINFO    [0m | [1m使用外部传入的全局分析报告（全量文库），跳过内部分析[0m
[32m2026-05-20 16:36:28[0m | [1mINFO    [0m | [1m处理机器类型 NovaSeq X Plus - 文库数: 112 - Lane容量: 1100GB, 利用率区间: [100%, 100%], 特殊文库上限: 350GB[0m
[32m2026-05-20 16:36:28[0m | [1mINFO    [0m | [1m碱基不均衡专用Lane策略: 43个碱基不均衡文库[0m
[32m2026-05-20 16:36:28[0m | [1mINFO    [0m | [1m专用Lane分组G31剩余合同量42.8G无法满足1.1或3.6T-NEW有效容量下限[0m
[32m2026-05-20 16:36:28[0m | [1mINFO    [0m | [1mIndex校验器初始化完成（真实数据验证版本）[0m
[32m2026-05-20 16:36:28[0m | [1mINFO    [0m | [1m成Lane校验程序初始化完成 (严格模式: False, 碱基不均衡上限: 35%, 特殊文库关键词: 9个)[0m
[32m2026-05-20 16:36:28[0m | [1mINFO    [0m | [1m专用Lane DL_NovaSeq X Plus_001 形成成功 - 分组=G4, 碱基不均衡=1037.5G, 平衡文库=0.0G, 总量(含平衡)=1037.5G, 模式=3.6T-NEW, 容量规则=tj_1595_special_combo_36t[0m
[32m2026-05-20 16:36:28[0m | [1mINFO    [0m | [1m专用Lane分组G4剩余合同量689.4G无法满足1.1或3.6T-NEW有效容量下限[0m
[32m2026-05-20 16:36:28[0m | [1mINFO    [0m | [1mIndex校验器初始化完成（真实数据验证版本）[0m
[32m2026-05-20 16:36:28[0m | [1mINFO    [0m | [1m成Lane校验程序初始化完成 (严格模式: False, 碱基不均衡上限: 35%, 特殊文库关键词: 9个)[0m
[32m2026-05-20 16:36:28[0m | [1mINFO    [0m | [1m专用Lane DL_NovaSeq X Plus_002 形成成功 - 分组=G34, 碱基不均衡=1000.0G, 平衡文库=0.0G, 总量(含平衡)=1000.0G, 模式=3.6T-NEW, 容量规则=tj_1595_special_combo_36t[0m
[32m2026-05-20 16:36:28[0m | [1mINFO    [0m | [1m专用Lane分组G34剩余合同量500.0G无法满足1.1或3.6T-NEW有效容量下限[0m
[32m2026-05-20 16:36:28[0m | [1mINFO    [0m | [1m形成2条专用Lane，剩余22个碱基不均衡文库[0m
[32m2026-05-20 16:36:28[0m | [1mINFO    [0m | [1m第二轮排机: 91 个未分配文库（随机顺序）[0m
[32m2026-05-20 16:36:28[0m | [1mINFO    [0m | [1m第三轮排机: 91 个未分配文库（小文库优先）[0m
[32m2026-05-20 16:36:28[0m | [1mINFO    [0m | [1m连续5轮无新Lane且未分配池不变，提前结束无效重试[0m
[32m2026-05-20 16:36:28[0m | [1mINFO    [0m | [1m专用Lane分组G31剩余合同量42.8G无法满足1.1或3.6T-NEW有效容量下限[0m
[32m2026-05-20 16:36:28[0m | [1mINFO    [0m | [1m专用Lane分组G34剩余合同量500.0G无法满足1.1或3.6T-NEW有效容量下限[0m
[32m2026-05-20 16:36:28[0m | [1mINFO    [0m | [1m专用Lane分组G4剩余合同量689.4G无法满足1.1或3.6T-NEW有效容量下限[0m
[32m2026-05-20 16:36:28[0m | [1mINFO    [0m | [1m专用Lane创建完成: 0条Lane, 22个碱基不均衡文库待分配, 69个中性文库待分配[0m
[32m2026-05-20 16:36:28[0m | [1mINFO    [0m | [1m处理机器类型 Nova X-25B - 文库数: 192 - Lane容量: 1050.0GB, 利用率区间: [100%, 100%], 特殊文库上限: 350GB[0m
[32m2026-05-20 16:36:28[0m | [1mINFO    [0m | [1m碱基不均衡专用Lane策略: 7个碱基不均衡文库[0m
[32m2026-05-20 16:36:28[0m | [1mINFO    [0m | [1m专用Lane分组G25剩余合同量66.0G无法满足1.1或3.6T-NEW有效容量下限[0m
[32m2026-05-20 16:36:28[0m | [1mINFO    [0m | [1m专用Lane分组G26剩余合同量6.0G无法满足1.1或3.6T-NEW有效容量下限[0m
[32m2026-05-20 16:36:28[0m | [1mINFO    [0m | [1m形成0条专用Lane，剩余7个碱基不均衡文库[0m
[32m2026-05-20 16:36:28[0m | [1mINFO    [0m | [1m第二轮排机: 192 个未分配文库（随机顺序）[0m
[32m2026-05-20 16:36:28[0m | [1mINFO    [0m | [1m第三轮排机: 192 个未分配文库（小文库优先）[0m
[32m2026-05-20 16:36:30[0m | [1mINFO    [0m | [1m连续5轮无新Lane且未分配池不变，提前结束无效重试[0m
[32m2026-05-20 16:36:30[0m | [1mINFO    [0m | [1m专用Lane分组G25剩余合同量66.0G无法满足1.1或3.6T-NEW有效容量下限[0m
[32m2026-05-20 16:36:30[0m | [1mINFO    [0m | [1m专用Lane分组G26剩余合同量6.0G无法满足1.1或3.6T-NEW有效容量下限[0m
[32m2026-05-20 16:36:30[0m | [1mINFO    [0m | [1m专用Lane创建完成: 0条Lane, 7个碱基不均衡文库待分配, 185个中性文库待分配[0m
[32m2026-05-20 16:36:30[0m | [1mINFO    [0m | [1m最后填充策略: 尝试将283个未分配文库塞入已有Lane[0m
[32m2026-05-20 16:36:30[0m | [1mINFO    [0m | [1m挪移优化: 未分配数据量12698GB已足够，尝试精选组建新Lane[0m
[32m2026-05-20 16:36:30[0m | [1mINFO    [0m | [1m残余精选: 内部108个, 客户175个[0m
[32m2026-05-20 16:36:30[0m | [1mINFO    [0m | [1mIndex校验器初始化完成（真实数据验证版本）[0m
[32m2026-05-20 16:36:30[0m | [1mINFO    [0m | [1m成Lane校验程序初始化完成 (严格模式: True, 碱基不均衡上限: 35%, 特殊文库关键词: 9个)[0m
[32m2026-05-20 16:36:30[0m | [1mINFO    [0m | [1m残余精选: 验证失败 - ValidationError(rule_type=<ValidationRuleType.CUSTOMER_PRODUCTION_MIX_RATIO: 'customer_production_mix_ratio'>, severity=<ValidationSeverity.ERROR: 'error'>, message='手工/客户侧与产线混合Lane少数侧占比0.2%不符合规则(应>=5%)', current_value=0.0022137550820579407, threshold_value=0.05, affected_libraries=[])[0m
[32m2026-05-20 16:36:30[0m | [1mINFO    [0m | [1m挪移优化: 精选组建失败，继续尝试挪移策略[0m
[32m2026-05-20 16:36:30[0m | [1mINFO    [0m | [1m挪移优化: 未分配283个文库(12698GB)，需要从现有Lane挪出-10603GB[0m
[32m2026-05-20 16:36:30[0m | [33m[1mWARNING [0m | [33m[1m挪移优化: 新Lane GL_Nova X-25B_009 验证失败: 容量超限: 12697.8GB > 2255.0GB，放弃创建[0m
[32m2026-05-20 16:36:30[0m | [1mINFO    [0m | [1m逐Lane贪心排机完成 - Lane数: 2, 已分配: 21/304, 未分配: 283, 平均利用率: 92.6%, 耗时: 1.97秒[0m
[32m2026-05-20 16:36:30[0m | [1mINFO    [0m | [1mIndex校验器初始化完成（真实数据验证版本）[0m
[32m2026-05-20 16:36:30[0m | [1mINFO    [0m | [1m成Lane校验程序初始化完成 (严格模式: False, 碱基不均衡上限: 35%, 特殊文库关键词: 9个)[0m
[32m2026-05-20 16:36:30[0m | [1mINFO    [0m | [1m最终验证结果: 2条Lane通过，283个文库未分配[0m
[32m2026-05-20 16:36:30[0m | [1mINFO    [0m | [1mwkspecialsplits边排边检查完成: 无需调整[0m
[32m2026-05-20 16:36:30[0m | [1mINFO    [0m | [1m验证完成：9条Lane通过验证[0m
[32m2026-05-20 16:36:30[0m | [1mINFO    [0m | [1m57规则二次改排救援已关闭，失败Lane文库回收到未分配池[0m
[32m2026-05-20 16:36:30[0m | [1mINFO    [0m | [1m补Lane尝试: variant=manual_or_risk:YC2025年武汉序拓生物自建库PE150测序技术服务（委托）合同|S|客户-ATAC-SEQ文库|NA|SCATTERED+MANUAL_RISK+IMBALANCE, lane_prefix=EX, pool_size=5, pool_data=2100.000G, prioritize_scattered_mix=True[0m
[32m2026-05-20 16:36:30[0m | [1mINFO    [0m | [1m补Lane尝试: variant=full_priority, lane_prefix=EX, pool_size=283, pool_data=12697.758G, prioritize_scattered_mix=True[0m
[32m2026-05-20 16:36:30[0m | [1mINFO    [0m | [1m全局优先级硬约束生效: stage=EX_build, 当前允许P0/P1(临检/SJ+YC)参与，暂缓较低优先级文库128个[0m
[32m2026-05-20 16:36:30[0m | [1mINFO    [0m | [1m补Lane尝试: variant=non_clinical_priority, lane_prefix=EX, pool_size=270, pool_data=12653.358G, prioritize_scattered_mix=True[0m
[32m2026-05-20 16:36:30[0m | [1mINFO    [0m | [1m全局优先级硬约束生效: stage=EX_build, 当前允许P0/P1(临检/SJ+YC)参与，暂缓较低优先级文库128个[0m
[32m2026-05-20 16:36:30[0m | [1mINFO    [0m | [1m补Lane尝试: variant=non_clinical_relaxed, lane_prefix=EX, pool_size=270, pool_data=12653.358G, prioritize_scattered_mix=False[0m
[32m2026-05-20 16:36:30[0m | [1mINFO    [0m | [1m全局优先级硬约束生效: stage=EX_build, 当前允许P0/P1(临检/SJ+YC)参与，暂缓较低优先级文库128个[0m
[32m2026-05-20 16:36:32[0m | [1mINFO    [0m | [1m补Lane尝试: variant=other_only_relaxed, lane_prefix=EX, pool_size=128, pool_data=8288.297G, prioritize_scattered_mix=False[0m
[32m2026-05-20 16:36:32[0m | [1mINFO    [0m | [1m补Lane尝试: variant=full_priority, lane_prefix=EX, pool_size=245, pool_data=10449.575G, prioritize_scattered_mix=True[0m
[32m2026-05-20 16:36:32[0m | [1mINFO    [0m | [1m全局优先级硬约束生效: stage=EX_build, 当前允许P0/P1(临检/SJ+YC)参与，暂缓较低优先级文库90个[0m
[32m2026-05-20 16:36:32[0m | [1mINFO    [0m | [1m补Lane尝试: variant=non_clinical_priority, lane_prefix=EX, pool_size=232, pool_data=10405.175G, prioritize_scattered_mix=True[0m
[32m2026-05-20 16:36:32[0m | [1mINFO    [0m | [1m全局优先级硬约束生效: stage=EX_build, 当前允许P0/P1(临检/SJ+YC)参与，暂缓较低优先级文库90个[0m
[32m2026-05-20 16:36:32[0m | [1mINFO    [0m | [1m补Lane尝试: variant=non_clinical_relaxed, lane_prefix=EX, pool_size=232, pool_data=10405.175G, prioritize_scattered_mix=False[0m
[32m2026-05-20 16:36:32[0m | [1mINFO    [0m | [1m全局优先级硬约束生效: stage=EX_build, 当前允许P0/P1(临检/SJ+YC)参与，暂缓较低优先级文库90个[0m
[32m2026-05-20 16:36:34[0m | [1mINFO    [0m | [1m补Lane尝试: variant=other_only_relaxed, lane_prefix=EX, pool_size=90, pool_data=6040.114G, prioritize_scattered_mix=False[0m
[32m2026-05-20 16:36:34[0m | [1mINFO    [0m | [1mLane数量提升新增Lane数: 2[0m
[32m2026-05-20 16:36:34[0m | [1mINFO    [0m | [1m补Lane尝试: variant=manual_or_risk:YC2025年武汉序拓生物自建库PE150测序技术服务（委托）合同|S|客户-ATAC-SEQ文库|NA|SCATTERED+MANUAL_RISK+IMBALANCE, lane_prefix=RB, pool_size=5, pool_data=2100.000G, prioritize_scattered_mix=True[0m
[32m2026-05-20 16:36:34[0m | [1mINFO    [0m | [1m补Lane尝试: variant=full_priority, lane_prefix=RB, pool_size=207, pool_data=8196.686G, prioritize_scattered_mix=True[0m
[32m2026-05-20 16:36:34[0m | [1mINFO    [0m | [1m全局优先级硬约束生效: stage=RB_build, 当前允许P0/P1(临检/SJ+YC)参与，暂缓较低优先级文库52个[0m
[32m2026-05-20 16:36:34[0m | [1mINFO    [0m | [1m补Lane尝试: variant=non_clinical_priority, lane_prefix=RB, pool_size=194, pool_data=8152.286G, prioritize_scattered_mix=True[0m
[32m2026-05-20 16:36:34[0m | [1mINFO    [0m | [1m全局优先级硬约束生效: stage=RB_build, 当前允许P0/P1(临检/SJ+YC)参与，暂缓较低优先级文库52个[0m
[32m2026-05-20 16:36:34[0m | [1mINFO    [0m | [1m补Lane尝试: variant=non_clinical_relaxed, lane_prefix=RB, pool_size=194, pool_data=8152.286G, prioritize_scattered_mix=False[0m
[32m2026-05-20 16:36:34[0m | [1mINFO    [0m | [1m全局优先级硬约束生效: stage=RB_build, 当前允许P0/P1(临检/SJ+YC)参与，暂缓较低优先级文库52个[0m
[32m2026-05-20 16:36:36[0m | [1mINFO    [0m | [1m补Lane尝试: variant=other_only_relaxed, lane_prefix=RB, pool_size=52, pool_data=3787.225G, prioritize_scattered_mix=False[0m
[32m2026-05-20 16:36:36[0m | [1mINFO    [0m | [1m跨Lane多文库交换完成：新增1条，剩余未分配187个[0m
[32m2026-05-20 16:36:36[0m | [1mINFO    [0m | [1m全局优先级硬约束跳过整Lane移除 GL_Nova X-25B_001: 当前允许P0/P1(临检/SJ+YC)参与，但高优先级池无法重组出合法Lane，保留原Lane[0m
[32m2026-05-20 16:36:36[0m | [1mINFO    [0m | [1m全局优先级硬约束跳过整Lane移除 GL_NovaSeq X Plus_001: 当前允许P0/P1(临检/SJ+YC)参与，但高优先级池无法重组出合法Lane，保留原Lane[0m
[32m2026-05-20 16:36:36[0m | [1mINFO    [0m | [1m全局优先级硬约束跳过整Lane移除 GL_NovaSeq X Plus_002: 当前允许P0/P1(临检/SJ+YC)参与，但高优先级池无法重组出合法Lane，保留原Lane[0m
[32m2026-05-20 16:36:36[0m | [1mINFO    [0m | [1m全局优先级硬约束跳过整Lane移除 GL_NovaSeq X Plus_003: 当前允许P0/P1(临检/SJ+YC)参与，但高优先级池无法重组出合法Lane，保留原Lane[0m
[32m2026-05-20 16:36:36[0m | [1mINFO    [0m | [1m全局优先级硬约束跳过整Lane移除 GL_NovaSeq X Plus_004: 当前允许P0/P1(临检/SJ+YC)参与，但高优先级池无法重组出合法Lane，保留原Lane[0m
[32m2026-05-20 16:36:36[0m | [1mINFO    [0m | [1m全局优先级硬约束跳过整Lane移除 GL_NovaSeq X Plus_001: 当前允许P0/P1(临检/SJ+YC)参与，但高优先级池无法重组出合法Lane，保留原Lane[0m
[32m2026-05-20 16:36:36[0m | [1mINFO    [0m | [1m全局优先级硬约束跳过整Lane移除 GL_Nova X-25B_001: 当前允许P0/P1(临检/SJ+YC)参与，但高优先级池无法重组出合法Lane，保留原Lane[0m
[32m2026-05-20 16:36:36[0m | [1mINFO    [0m | [1m全局优先级硬约束跳过整Lane移除 DL_NovaSeq X Plus_001: 当前允许P0/P1(临检/SJ+YC)参与，但高优先级池无法重组出合法Lane，保留原Lane[0m
[32m2026-05-20 16:36:36[0m | [1mINFO    [0m | [1m全局优先级硬约束跳过整Lane移除 DL_NovaSeq X Plus_002: 当前允许P0/P1(临检/SJ+YC)参与，但高优先级池无法重组出合法Lane，保留原Lane[0m
[32m2026-05-20 16:36:36[0m | [1mINFO    [0m | [1m全局优先级硬约束跳过整Lane移除 EX_Nova X-25B_005: 当前允许P0/P1(临检/SJ+YC)参与，但高优先级池无法重组出合法Lane，保留原Lane[0m
[32m2026-05-20 16:36:36[0m | [1mINFO    [0m | [1m全局优先级硬约束跳过整Lane移除 EX_Nova X-25B_009: 当前允许P0/P1(临检/SJ+YC)参与，但高优先级池无法重组出合法Lane，保留原Lane[0m
[32m2026-05-20 16:36:36[0m | [1mINFO    [0m | [1m全局优先级硬约束跳过整Lane移除 RB_Nova X-25B_005: 当前允许P0/P1(临检/SJ+YC)参与，但高优先级池无法重组出合法Lane，保留原Lane[0m
[32m2026-05-20 16:36:36[0m | [1mINFO    [0m | [1m全局优先级硬约束收口完成: 调整Lane=12，移除Lane=0，暂缓较低优先级文库=0[0m
[32m2026-05-20 16:36:36[0m | [1mINFO    [0m | [1m全局优先级硬约束收口后: 最终Lane数=12，未分配文库=187[0m
[32m2026-05-20 16:36:36[0m | [1mINFO    [0m | [1m补Lane尝试: variant=manual_or_risk:YC2025年武汉序拓生物自建库PE150测序技术服务（委托）合同|S|客户-ATAC-SEQ文库|NA|SCATTERED+MANUAL_RISK+IMBALANCE, lane_prefix=MG, pool_size=5, pool_data=2100.000G, prioritize_scattered_mix=True[0m
[32m2026-05-20 16:36:36[0m | [1mINFO    [0m | [1m补Lane尝试: variant=non_clinical_relaxed, lane_prefix=MG, pool_size=5, pool_data=2100.000G, prioritize_scattered_mix=False[0m
[32m2026-05-20 16:36:36[0m | [1mINFO    [0m | [1m补Lane尝试: variant=manual_or_risk:YC2025年武汉序拓生物自建库PE150测序技术服务（委托）合同|S|客户-ATAC-SEQ文库|NA|SCATTERED+MANUAL_RISK+IMBALANCE, lane_prefix=PG, pool_size=5, pool_data=2100.000G, prioritize_scattered_mix=True[0m
[32m2026-05-20 16:36:36[0m | [1mINFO    [0m | [1m补Lane尝试: variant=non_clinical_relaxed, lane_prefix=PG, pool_size=5, pool_data=2100.000G, prioritize_scattered_mix=False[0m
[32m2026-05-20 16:36:36[0m | [1mINFO    [0m | [1m补Lane尝试: variant=manual_or_risk:YC2025年武汉序拓生物自建库PE150测序技术服务（委托）合同|S|客户-ATAC-SEQ文库|NA|SCATTERED+MANUAL_RISK+IMBALANCE, lane_prefix=RM, pool_size=5, pool_data=2100.000G, prioritize_scattered_mix=True[0m
[32m2026-05-20 16:36:36[0m | [1mINFO    [0m | [1m补Lane尝试: variant=full_priority, lane_prefix=RM, pool_size=187, pool_data=5959.686G, prioritize_scattered_mix=True[0m
[32m2026-05-20 16:36:36[0m | [1mINFO    [0m | [1m全局优先级硬约束生效: stage=RM_build, 当前允许P0/P1(临检/SJ+YC)参与，暂缓较低优先级文库32个[0m
[32m2026-05-20 16:36:36[0m | [1mINFO    [0m | [1m补Lane尝试: variant=non_clinical_priority, lane_prefix=RM, pool_size=174, pool_data=5915.286G, prioritize_scattered_mix=True[0m
[32m2026-05-20 16:36:36[0m | [1mINFO    [0m | [1m全局优先级硬约束生效: stage=RM_build, 当前允许P0/P1(临检/SJ+YC)参与，暂缓较低优先级文库32个[0m
[32m2026-05-20 16:36:36[0m | [1mINFO    [0m | [1m补Lane尝试: variant=non_clinical_relaxed, lane_prefix=RM, pool_size=174, pool_data=5915.286G, prioritize_scattered_mix=False[0m
[32m2026-05-20 16:36:36[0m | [1mINFO    [0m | [1m全局优先级硬约束生效: stage=RM_build, 当前允许P0/P1(临检/SJ+YC)参与，暂缓较低优先级文库32个[0m
[32m2026-05-20 16:36:44[0m | [1mINFO    [0m | [1m补Lane跳过汇总: lane_prefix=RM, machine=Nova X-25B, reason_top=[总量100.0G低于最小门槛1995.0Gx8, 总量20.0G低于最小门槛2095.0Gx2, 总量6.0G低于最小门槛2095.0Gx2, 总量500.0G低于最小门槛2074.1Gx1][0m
[32m2026-05-20 16:36:44[0m | [1mINFO    [0m | [1m补Lane尝试: variant=manual_or_risk:YC2025年武汉序拓生物自建库PE150测序技术服务（委托）合同|S|客户-ATAC-SEQ文库|NA|SCATTERED+MANUAL_RISK+IMBALANCE, lane_prefix=GL, pool_size=5, pool_data=2100.000G, prioritize_scattered_mix=True[0m
[32m2026-05-20 16:36:44[0m | [1mINFO    [0m | [1m补Lane尝试: variant=full_priority, lane_prefix=GL, pool_size=37, pool_data=3650.225G, prioritize_scattered_mix=True[0m
[32m2026-05-20 16:36:44[0m | [1mINFO    [0m | [1m全局优先级硬约束生效: stage=GL_build, 当前允许P0/P1(临检/SJ+YC)参与，暂缓较低优先级文库32个[0m
[32m2026-05-20 16:36:44[0m | [1mINFO    [0m | [1m补Lane尝试: variant=non_clinical_relaxed, lane_prefix=GL, pool_size=37, pool_data=3650.225G, prioritize_scattered_mix=False[0m
[32m2026-05-20 16:36:44[0m | [1mINFO    [0m | [1m全局优先级硬约束生效: stage=GL_build, 当前允许P0/P1(临检/SJ+YC)参与，暂缓较低优先级文库32个[0m
[32m2026-05-20 16:36:44[0m | [1mINFO    [0m | [1m补Lane跳过汇总: lane_prefix=GL, machine=Nova X-25B, reason_top=[总量100.0G低于最小门槛1995.0Gx8, 总量300.0G低于最小门槛1995.0Gx1, 总量36.0G低于最小门槛1676.0Gx1, 总量30.0G低于最小门槛1676.0Gx1][0m
[32m2026-05-20 16:36:46[0m | [1mINFO    [0m | [1m剩余库分层重组搜索未新增Lane: 跳过拆分文库=0, 剩余未分配=187[0m
[32m2026-05-20 16:36:46[0m | [33m[1mWARNING [0m | [33m[1m检测到重复Lane ID，已自动重命名: GL_NovaSeq X Plus_001 -> GL_NovaSeq X Plus_005[0m
[32m2026-05-20 16:36:46[0m | [33m[1mWARNING [0m | [33m[1m检测到重复Lane ID，已自动重命名: GL_Nova X-25B_001 -> GL_Nova X-25B_002[0m
[32m2026-05-20 16:36:46[0m | [33m[1mWARNING [0m | [33m[1m最终收口发现重复Lane ID并已重命名: 2条[0m
[32m2026-05-20 16:36:46[0m | [1mINFO    [0m | [1m脚本内置 Pooling 预测已停用，后续统一调用 prediction_delivery[0m
[32m2026-05-20 16:36:46[0m | [33m[1mWARNING [0m | [33m[1mLane EX_Nova X-25B_005 利用率异常: 230.58% (数据量=2248.18GB, 容量=975.00GB)[0m
[32m2026-05-20 16:36:46[0m | [33m[1mWARNING [0m | [33m[1mLane EX_Nova X-25B_009 利用率异常: 231.07% (数据量=2252.89GB, 容量=975.00GB)[0m
[32m2026-05-20 16:36:46[0m | [33m[1mWARNING [0m | [33m[1mLane RB_Nova X-25B_005 利用率异常: 229.44% (数据量=2237.00GB, 容量=975.00GB)[0m
[32m2026-05-20 16:36:46[0m | [1mINFO    [0m | [1mIndex校验器初始化完成（真实数据验证版本）[0m
[32m2026-05-20 16:36:46[0m | [1mINFO    [0m | [1m成Lane校验程序初始化完成 (严格模式: True, 碱基不均衡上限: 35%, 特殊文库关键词: 9个)[0m
[32m2026-05-20 16:36:46[0m | [33m[1mWARNING [0m | [33m[1mLane内发现 1 个Index冲突[0m
[32m2026-05-20 16:36:47[0m | [33m[1mWARNING [0m | [33m[1mLane内发现 1 个Index冲突[0m
[32m2026-05-20 16:36:57[0m | [33m[1mWARNING [0m | [33m[1mLane内发现 1 个Index冲突[0m
[32m2026-05-20 16:36:58[0m | [33m[1mWARNING [0m | [33m[1mLane内发现 1 个Index冲突[0m
[32m2026-05-20 16:36:58[0m | [33m[1mWARNING [0m | [33m[1mLane内发现 2 个Index冲突[0m
[32m2026-05-20 16:36:58[0m | [33m[1mWARNING [0m | [33m[1mLane内发现 1 个Index冲突[0m
[32m2026-05-20 16:36:59[0m | [33m[1mWARNING [0m | [33m[1mLane内发现 1 个Index冲突[0m
[32m2026-05-20 16:37:00[0m | [33m[1mWARNING [0m | [33m[1mLane内发现 2 个Index冲突[0m
[32m2026-05-20 16:37:00[0m | [33m[1mWARNING [0m | [33m[1mLane内发现 4 个Index冲突[0m
[32m2026-05-20 16:37:01[0m | [33m[1mWARNING [0m | [33m[1mLane内发现 2 个Index冲突[0m
[32m2026-05-20 16:37:01[0m | [33m[1mWARNING [0m | [33m[1mLane内发现 2 个Index冲突[0m
[32m2026-05-20 16:37:01[0m | [33m[1mWARNING [0m | [33m[1mLane内发现 1 个Index冲突[0m
[32m2026-05-20 16:37:10[0m | [1mINFO    [0m | [1m1.1首轮Lane高优封顶生效: lane=GL_Nova X-25B_001, 保留高优144.7G, 回退10个/2000.0G到未分配池 (单Lane上限150.0G)[0m
[32m2026-05-20 16:37:10[0m | [1mINFO    [0m | [1m1.1首轮Lane高优封顶生效: lane=EX_Nova X-25B_005, 保留高优149.4G, 回退5个/30.0G到未分配池 (单Lane上限150.0G)[0m
[32m2026-05-20 16:37:10[0m | [1mINFO    [0m | [1m1.1首轮Lane高优封顶生效: lane=EX_Nova X-25B_009, 保留高优20.9G, 回退1个/200.0G到未分配池 (单Lane上限150.0G)[0m
[32m2026-05-20 16:37:10[0m | [1mINFO    [0m | [1m1.1首轮Lane高优封顶生效: lane=RB_Nova X-25B_005, 保留高优120.0G, 回退1个/200.0G到未分配池 (单Lane上限150.0G)[0m
[32m2026-05-20 16:37:10[0m | [1mINFO    [0m | [1m1.1首轮单Lane高优封顶完成: 调整Lane=4, 回退高优文库=17个/2430.0G[0m
[32m2026-05-20 16:37:10[0m | [1mINFO    [0m | [1mIndex校验器初始化完成（真实数据验证版本）[0m
[32m2026-05-20 16:37:10[0m | [1mINFO    [0m | [1m成Lane校验程序初始化完成 (严格模式: True, 碱基不均衡上限: 35%, 特殊文库关键词: 9个)[0m
[32m2026-05-20 16:37:10[0m | [1mINFO    [0m | [1m1.1首轮二次补排启动: 首轮剩余文库=204个[0m
[32m2026-05-20 16:37:10[0m | [1mINFO    [0m | [1m1.1首轮二次补排策略: expensive_rescue=True, peak_window_mixed=True, post_fill_optimization=True, rule_bucket_prescheduling=True[0m
[32m2026-05-20 16:37:10[0m | [1mINFO    [0m | [1m
================================================================================[0m
[32m2026-05-20 16:37:10[0m | [1mINFO    [0m | [1m排机流程：纯规则排机[0m
[32m2026-05-20 16:37:10[0m | [1mINFO    [0m | [1m================================================================================[0m
[32m2026-05-20 16:37:10[0m | [1mINFO    [0m | [1mIndex校验器初始化完成（真实数据验证版本）[0m
[32m2026-05-20 16:37:10[0m | [1mINFO    [0m | [1mIndex校验器初始化完成（真实数据验证版本）[0m
[32m2026-05-20 16:37:10[0m | [1mINFO    [0m | [1m成Lane校验程序初始化完成 (严格模式: True, 碱基不均衡上限: 35%, 特殊文库关键词: 9个)[0m
[32m2026-05-20 16:37:10[0m | [33m[1mWARNING [0m | [33m[1mPooling配置表不存在: /data/work/yuyongpeng/liblane_v2_deepseek/data/wktype_pooling_config.xlsx，将使用默认策略[0m
[32m2026-05-20 16:37:10[0m | [1mINFO    [0m | [1m产出效率修正表不存在: /data/work/yuyongpeng/liblane_v2_deepseek/data/production_efficiency_correction.csv，跳过后校准[0m
[32m2026-05-20 16:37:10[0m | [33m[1mWARNING [0m | [33m[1m模型文件不存在: models/loutput_pre_lane_v5/lightgbm_model.pkl[0m
[32m2026-05-20 16:37:10[0m | [33m[1mWARNING [0m | [33m[1mloutput预测器不可用，将使用规则降级策略[0m
[32m2026-05-20 16:37:10[0m | [1mINFO    [0m | [1m逐Lane贪心排机器初始化完成 - 基础容量: 985.0GB, 利用率区间: [100%, 100%], 配置模式: 按机型自动[0m
[32m2026-05-20 16:37:10[0m | [1mINFO    [0m | [1m启用检查: Index=True, 碱基不均衡=True, 规则检查器=False[0m
[32m2026-05-20 16:37:10[0m | [1mINFO    [0m | [1m排机阶段：Pooling优化器已禁用（V6流程不需要）[0m
[32m2026-05-20 16:37:10[0m | [1mINFO    [0m | [1mIndex校验器初始化完成（真实数据验证版本）[0m
[32m2026-05-20 16:37:10[0m | [1mINFO    [0m | [1m成Lane校验程序初始化完成 (严格模式: True, 碱基不均衡上限: 35%, 特殊文库关键词: 9个)[0m
[32m2026-05-20 16:37:10[0m | [1mINFO    [0m | [1m严格校验容量区间改为按统一配置表动态解析[0m
[32m2026-05-20 16:37:10[0m | [1mINFO    [0m | [1m主流程前置拆分完成: 无需拆分[0m
[32m2026-05-20 16:37:10[0m | [1mINFO    [0m | [1m全局优先级硬约束生效: stage=mixed_peak_window, 当前允许P0/P1(临检/SJ+YC)参与，暂缓较低优先级文库49个[0m
[32m2026-05-20 16:37:10[0m | [1mINFO    [0m | [1m混排Peak窗口: 261-409bp, 80个文库/3706G, 理论最多1条Lane[0m
[32m2026-05-20 16:37:10[0m | [1mINFO    [0m | [1m混排Lane预抽取完成: 新增Lane=0，使用文库=0个/0.0G，剩余待排=204个/8389.7G[0m
[32m2026-05-20 16:37:10[0m | [1mINFO    [0m | [1m主流程规则分桶预调度: bucket=manual_or_risk:YC2025年武汉序拓生物自建库PE150测序技术服务（委托）合同|S|客户-ATAC-SEQ文库|NA|SCATTERED+MANUAL_RISK+IMBALANCE, count=5, data=2100.0G[0m
[32m2026-05-20 16:37:10[0m | [1mINFO    [0m | [1m主流程规则分桶跳过: bucket=manual_or_risk:（极速周期）清华项目1000个自建库测序+2000个RNA文库测序技术服务（委托）合同|S|客户-真核普通转录组文库|NA|MANUAL_RISK, count=10, reason=总量2000.0G低于最小门槛2095.0G[0m
[32m2026-05-20 16:37:10[0m | [1mINFO    [0m | [1m主流程规则分桶跳过: bucket=manual_or_risk:YC-（极速周期）2025年上海近岸生物年度框架协议分析技术服务（委托）合同|S|客户-METHYLATION文库|NA|SCATTERED+MANUAL_RISK+IMBALANCE, count=5, reason=总量500.0G低于最小门槛2074.1G[0m
[32m2026-05-20 16:37:10[0m | [1mINFO    [0m | [1m主流程规则分桶跳过: bucket=manual_or_risk:（极速周期）北大SH自建库散样XP建库测序技术服务（委托）合同|S|客户-真核普通转录组文库|NA|SCATTERED+MANUAL_RISK, count=2, reason=总量400.0G低于最小门槛2095.0G[0m
[32m2026-05-20 16:37:10[0m | [1mINFO    [0m | [1m主流程规则分桶跳过: bucket=manual_or_risk:YC宏微特斯测序技术服务（委托）合同2025|S|客户-META文库|NA|SCATTERED+MANUAL_RISK, count=14, reason=总量381.0G低于最小门槛2095.0G[0m
[32m2026-05-20 16:37:10[0m | [1mINFO    [0m | [1m主流程规则分桶跳过: bucket=manual_or_risk:YC-中国科学院北京基因组研究所20000G自建库文库测序技术服务（委托）合同|S|客户-METHYLATION文库|NA|SCATTERED+MANUAL_RISK+IMBALANCE, count=3, reason=总量300.0G低于最小门槛2074.1G[0m
[32m2026-05-20 16:37:10[0m | [1mINFO    [0m | [1m主流程规则分桶跳过: bucket=manual_or_risk:四川农业大学100个样本单细胞建库测序技术服务（委托）合同|S|墨卓转录组-3端文库|NA|MANUAL_RISK+IMBALANCE, count=3, reason=总量300.0G低于最小门槛1995.0G[0m
[32m2026-05-20 16:37:10[0m | [1mINFO    [0m | [1m主流程规则分桶跳过: bucket=manual_or_risk:YC大连晶泰测序技术服务（委托）合同2025|S|客户-METHYLATION文库|NA|SCATTERED+MANUAL_RISK+IMBALANCE, count=2, reason=总量200.0G低于最小门槛2074.1G[0m
[32m2026-05-20 16:37:10[0m | [1mINFO    [0m | [1m主流程规则分桶跳过: bucket=manual_or_risk:YC项目1000个自建库测序数据质控技术服务（委托）合同|S|客户-其他碱基均衡文库|NA|SCATTERED+MANUAL_RISK, count=13, reason=总量193.8G低于最小门槛2095.0G[0m
[32m2026-05-20 16:37:10[0m | [1mINFO    [0m | [1m主流程规则分桶跳过: bucket=manual_or_risk:广妇儿15例墨卓单细胞带矩阵分析技术服务（委托）合同|S|墨卓转录组-3端文库|NA|MANUAL_RISK+IMBALANCE, count=1, reason=总量100.0G低于最小门槛1995.0G[0m
[32m2026-05-20 16:37:10[0m | [1mINFO    [0m | [1m主流程规则分桶跳过: bucket=manual_or_risk:西北农林科技大学4例样本单细胞转录组（墨卓平台）建库测序技术服务（委托）合同|S|墨卓转录组-3端文库|NA|MANUAL_RISK+IMBALANCE, count=1, reason=总量100.0G低于最小门槛1995.0G[0m
[32m2026-05-20 16:37:10[0m | [1mINFO    [0m | [1m主流程规则分桶跳过: bucket=manual_or_risk:YC大连基恩测序技术服务（委托）合同2025|S|客户-人重测序文库|NA|SCATTERED+MANUAL_RISK, count=6, reason=总量87.6G低于最小门槛2095.0G[0m
[32m2026-05-20 16:37:10[0m | [1mINFO    [0m | [1m主流程规则分桶跳过: bucket=manual_or_risk:YC郑州大学2025年自建库测序技术服务（委托）合同|S|客户-扩增子文库|NA|SCATTERED+MANUAL_RISK+IMBALANCE, count=4, reason=总量72.0G低于最小门槛1466.5G[0m
[32m2026-05-20 16:37:10[0m | [1mINFO    [0m | [1m主流程规则分桶跳过: bucket=manual_or_risk:YC（极速周期）2025年泛因生物自建库合同分析技术服务（委托）合同|S|客户-PCR产物|NA|SCATTERED+MANUAL_RISK+IMBALANCE, count=2, reason=总量50.0G低于最小门槛1257.0G[0m
[32m2026-05-20 16:37:10[0m | [1mINFO    [0m | [1m主流程规则分桶跳过: bucket=manual_or_risk:YC宏微特斯测序技术服务（委托）合同2025|S|客户-人外显子文库|NA|SCATTERED+MANUAL_RISK, count=3, reason=总量47.7G低于最小门槛2095.0G[0m
[32m2026-05-20 16:37:10[0m | [1mINFO    [0m | [1m主流程规则分桶跳过: bucket=manual_or_risk:YC-中国科学院北京基因组研究所（专用）25000G自建库文库测序技术服务（委托）合同-YYG|S|客户-真核普通转录组文库|NA|SCATTERED+MANUAL_RISK, count=6, reason=总量43.0G低于最小门槛2095.0G[0m
[32m2026-05-20 16:37:10[0m | [1mINFO    [0m | [1m主流程规则分桶跳过: bucket=manual_or_risk:医学委托科服混样子项目|S|全基因组文库|NA|SCATTERED+MANUAL_RISK, count=12, reason=总量42.0G低于最小门槛2095.0G[0m
[32m2026-05-20 16:37:10[0m | [1mINFO    [0m | [1m主流程规则分桶跳过: bucket=manual_or_risk:YC因诺惟康纯测序技术服务（委托）合同2025|S|客户-DNA PCR FREE（人）|NA|SCATTERED+MANUAL_RISK, count=4, reason=总量40.0G低于最小门槛2095.0G[0m
[32m2026-05-20 16:37:10[0m | [1mINFO    [0m | [1m主流程规则分桶跳过: bucket=manual_or_risk:YC宏微特斯测序技术服务（委托）合同2025|S|客户-扩增子文库|NA|SCATTERED+MANUAL_RISK+IMBALANCE, count=13, reason=总量39.0G低于最小门槛1466.5G[0m
[32m2026-05-20 16:37:10[0m | [1mINFO    [0m | [1m主流程规则分桶跳过: bucket=manual_or_risk:YC2025年武汉序拓生物自建库PE150测序技术服务（委托）合同|S|客户-SMALL RNA文库|NA|SCATTERED+MANUAL_RISK, count=9, reason=总量36.0G低于最小门槛2095.0G[0m
[32m2026-05-20 16:37:10[0m | [1mINFO    [0m | [1m主流程规则分桶跳过: bucket=manual_or_risk:中南大学湘雅二医院18个ATAC自建库测序分析技术服务（委托）合同|S|客户-ATAC-SEQ文库|NA|MANUAL_RISK+IMBALANCE, count=3, reason=总量36.0G低于最小门槛1676.0G[0m
[32m2026-05-20 16:37:10[0m | [1mINFO    [0m | [1m主流程规则分桶跳过: bucket=manual_or_risk:YC-25-上海桐树医学检验实验室散文库纯测序技术服务（委托）补充合同|S|客户-METHYLATION文库|NA|SCATTERED+MANUAL_RISK+IMBALANCE, count=2, reason=总量32.0G低于最小门槛2074.1G[0m
[32m2026-05-20 16:37:10[0m | [1mINFO    [0m | [1m主流程规则分桶跳过: bucket=manual_or_risk:24.12.27华中农业大学X-PLUS平台自建库测序技术服务（委托）合同|S|客户-动植物全基因组重测序文库|NA|MANUAL_RISK, count=5, reason=总量30.0G低于最小门槛2095.0G[0m
[32m2026-05-20 16:37:10[0m | [1mINFO    [0m | [1m主流程规则分桶跳过: bucket=manual_or_risk:红杨树X PLUS自建库测序技术服务（委托）合同|S|客户-ATAC-SEQ文库|NA|MANUAL_RISK+IMBALANCE, count=3, reason=总量30.0G低于最小门槛1676.0G[0m
[32m2026-05-20 16:37:10[0m | [1mINFO    [0m | [1m主流程规则分桶跳过: bucket=manual_or_risk:YC项目1000个自建库测序数据质控技术服务（委托）合同|S|客户-CHIP-SEQ文库|NA|SCATTERED+MANUAL_RISK, count=7, reason=总量23.2G低于最小门槛2095.0G[0m
[32m2026-05-20 16:37:10[0m | [1mINFO    [0m | [1m主流程规则分桶跳过: bucket=manual_or_risk:YC厦门大学2025年-自建库测序项目-补充协议|S|客户-人重测序文库|NA|SCATTERED+MANUAL_RISK, count=4, reason=总量20.0G低于最小门槛2095.0G[0m
[32m2026-05-20 16:37:10[0m | [1mINFO    [0m | [1m主流程规则分桶跳过: bucket=manual_or_risk:YC派真生物-2025自建库测序技术服务（委托）合同分析技术服务（委托）合同|S|客户-PCR产物|NA|SCATTERED+MANUAL_RISK+IMBALANCE, count=2, reason=总量20.0G低于最小门槛1257.0G[0m
[32m2026-05-20 16:37:10[0m | [1mINFO    [0m | [1m主流程规则分桶跳过: bucket=manual_or_risk:YC银丰基因自建库测序技术服务（委托）合同2025|S|客户-人外显子文库|NA|SCATTERED+MANUAL_RISK, count=2, reason=总量20.0G低于最小门槛2095.0G[0m
[32m2026-05-20 16:37:10[0m | [1mINFO    [0m | [1m主流程规则分桶跳过: bucket=manual_or_risk:YC（极速周期）2025年深圳易基因自建库测序分析技术服务（委托）合同|S|客户-METHYLATION文库|NA|SCATTERED+MANUAL_RISK+IMBALANCE, count=1, reason=总量20.0G低于最小门槛2074.1G[0m
[32m2026-05-20 16:37:10[0m | [1mINFO    [0m | [1m主流程规则分桶跳过: bucket=manual_or_risk:YC项目1000个自建库测序数据质控技术服务（委托）合同|S|客户-动植物全基因组重测序文库|NA|SCATTERED+MANUAL_RISK, count=2, reason=总量18.2G低于最小门槛2095.0G[0m
[32m2026-05-20 16:37:10[0m | [1mINFO    [0m | [1m主流程规则分桶跳过: bucket=manual_or_risk:YC郑州大学2025年自建库测序技术服务（委托）合同|S|客户-人外显子文库|NA|SCATTERED+MANUAL_RISK, count=3, reason=总量18.0G低于最小门槛2095.0G[0m
[32m2026-05-20 16:37:10[0m | [1mINFO    [0m | [1m主流程规则分桶跳过: bucket=manual_or_risk:YC-中国科学院北京基因组研究所20000G自建库文库测序技术服务（委托）合同|S|客户-真核普通转录组文库|NA|SCATTERED+MANUAL_RISK, count=2, reason=总量10.0G低于最小门槛2095.0G[0m
[32m2026-05-20 16:37:10[0m | [1mINFO    [0m | [1m主流程规则分桶跳过: bucket=manual_or_risk:YC项目1000个自建库测序数据质控技术服务（委托）合同|S|客户-其他碱基不均衡文库|NA|SCATTERED+MANUAL_RISK+IMBALANCE, count=4, reason=总量9.3G低于最小门槛1676.0G[0m
[32m2026-05-20 16:37:10[0m | [1mINFO    [0m | [1m主流程规则分桶跳过: bucket=manual_or_risk:YC2025年凯德维斯医学XPLUS自建库测序技术服务（委托）合同|S|客户-人重测序文库|NA|SCATTERED+MANUAL_RISK, count=1, reason=总量8.4G低于最小门槛2095.0G[0m
[32m2026-05-20 16:37:10[0m | [1mINFO    [0m | [1m主流程规则分桶跳过: bucket=manual_or_risk:YC-25-上海桐树医学检验实验室散文库纯测序技术服务（委托）补充合同|S|客户-人目标区域文库|NA|SCATTERED+MANUAL_RISK, count=2, reason=总量6.1G低于最小门槛2095.0G[0m
[32m2026-05-20 16:37:10[0m | [1mINFO    [0m | [1m主流程规则分桶跳过: bucket=manual_or_risk:YC项目1000个自建库测序数据质控技术服务（委托）合同|S|客户-真核普通转录组文库|NA|SCATTERED+MANUAL_RISK, count=1, reason=总量6.0G低于最小门槛2095.0G[0m
[32m2026-05-20 16:37:10[0m | [1mINFO    [0m | [1m主流程规则分桶跳过: bucket=manual_or_risk:自建库测序散样分析技术服务（委托）合同|S|客户-动植物全基因组重测序文库|NA|SCATTERED+MANUAL_RISK, count=1, reason=总量6.0G低于最小门槛2095.0G[0m
[32m2026-05-20 16:37:10[0m | [1mINFO    [0m | [1m主流程规则分桶跳过: bucket=manual_or_risk:（极速周期）北生所300例文库测序技术服务（委托）合同|S|客户-CUT-TAG文库|NA|MANUAL_RISK+IMBALANCE, count=1, reason=总量6.0G低于最小门槛1676.0G[0m
[32m2026-05-20 16:37:10[0m | [1mINFO    [0m | [1m主流程规则分桶跳过: bucket=manual_or_risk:YC（极速周期）2025年深圳易基因自建库测序分析技术服务（委托）合同|S|客户-CHIP-SEQ文库|NA|SCATTERED+MANUAL_RISK, count=4, reason=总量5.6G低于最小门槛2095.0G[0m
[32m2026-05-20 16:37:10[0m | [1mINFO    [0m | [1m主流程规则分桶跳过: bucket=manual_or_risk:YC-中国科学院北京基因组研究所20000G自建库文库测序技术服务（委托）合同|S|客户-人重测序文库|NA|SCATTERED+MANUAL_RISK, count=2, reason=总量4.0G低于最小门槛2095.0G[0m
[32m2026-05-20 16:37:10[0m | [1mINFO    [0m | [1m主流程规则分桶跳过: bucket=manual_or_risk:YC宏微特斯测序技术服务（委托）合同2025|S|客户-其他碱基不均衡文库|NA|SCATTERED+MANUAL_RISK+IMBALANCE, count=3, reason=总量3.0G低于最小门槛1676.0G[0m
[32m2026-05-20 16:37:10[0m | [1mINFO    [0m | [1m主流程规则分桶跳过: bucket=manual_or_risk:YC-第三医学中心麦老师自建库测序技术服务（委托）合同|S|客户-真核普通转录组文库|NA|SCATTERED+MANUAL_RISK, count=1, reason=总量2.7G低于最小门槛2095.0G[0m
[32m2026-05-20 16:37:10[0m | [1mINFO    [0m | [1m主流程规则分桶跳过: bucket=manual_or_risk:YC高博博仁医院测序技术服务（委托）合同2025|S|客户-动植物全基因组重测序文库|NA|SCATTERED+MANUAL_RISK, count=1, reason=总量2.5G低于最小门槛2095.0G[0m
[32m2026-05-20 16:37:10[0m | [1mINFO    [0m | [1m主流程规则分桶跳过: bucket=manual_or_risk:医学委托科服混样子项目|S|客户DNA文库|NA|SCATTERED+MANUAL_RISK, count=1, reason=总量2.4G低于最小门槛2095.0G[0m
[32m2026-05-20 16:37:10[0m | [1mINFO    [0m | [1m主流程规则分桶跳过: bucket=manual_or_risk:H101SC241104YC（极速周期）自建库测序技术服务（委托）合同-2|S|客户-PCR产物|NA|SCATTERED+MANUAL_RISK+IMBALANCE, count=1, reason=总量2.2G低于最小门槛1257.0G[0m
[32m2026-05-20 16:37:10[0m | [1mINFO    [0m | [1m主流程规则分桶跳过: bucket=manual_or_risk:YC（极速周期）动物所自建库 XPLUS 测序技术服务（委托）合同-LL|S|客户-真核普通转录组文库|NA|SCATTERED+MANUAL_RISK, count=2, reason=总量2.1G低于最小门槛2095.0G[0m
[32m2026-05-20 16:37:10[0m | [1mINFO    [0m | [1m主流程规则分桶跳过: bucket=manual_or_risk:YC北京优吉测序技术服务（委托）合同2025|S|客户-PCR产物|NA|SCATTERED+MANUAL_RISK+IMBALANCE, count=1, reason=总量1.0G低于最小门槛1257.0G[0m
[32m2026-05-20 16:37:10[0m | [1mINFO    [0m | [1m主流程规则分桶跳过: bucket=manual_or_risk:YC（极速周期）2025年深圳易基因自建库测序分析技术服务（委托）合同|S|客户-真核普通转录组文库|NA|SCATTERED+MANUAL_RISK, count=1, reason=总量0.8G低于最小门槛2095.0G[0m
[32m2026-05-20 16:37:10[0m | [1mINFO    [0m | [1m主流程规则分桶跳过: bucket=ten_x:3个单细胞分析技术服务（委托）合同|S|10X转录组-3'文库|NA|TENX+MANUAL_RISK+IMBALANCE, count=1, reason=总量100.0G低于最小门槛1995.0G[0m
[32m2026-05-20 16:37:10[0m | [1mINFO    [0m | [1m主流程规则分桶跳过: bucket=ten_x:LXL-单细胞转录组测序分析技术服务（委托）合同|S|10X转录组-3'文库|NA|TENX+MANUAL_RISK+IMBALANCE, count=1, reason=总量100.0G低于最小门槛1995.0G[0m
[32m2026-05-20 16:37:10[0m | [1mINFO    [0m | [1m主流程规则分桶跳过: bucket=ten_x:南科大6个单细胞转录组分析技术服务（委托）合同|S|10X转录组-3'文库|NA|TENX+MANUAL_RISK+IMBALANCE, count=1, reason=总量100.0G低于最小门槛1995.0G[0m
[32m2026-05-20 16:37:10[0m | [1mINFO    [0m | [1m主流程规则分桶跳过: bucket=ten_x:厦门大学100个单细胞转录组+50个单细胞ATAC测序技术服务（委托）合同|S|10X转录组-3'文库|NA|TENX+MANUAL_RISK+IMBALANCE, count=1, reason=总量100.0G低于最小门槛1995.0G[0m
[32m2026-05-20 16:37:10[0m | [1mINFO    [0m | [1m主流程规则分桶跳过: bucket=ten_x:四川大学华西医院6例软骨10X3端单细胞转录组分析技术服务（委托）合同|S|10X转录组-3'文库|NA|TENX+MANUAL_RISK+IMBALANCE, count=1, reason=总量100.0G低于最小门槛1995.0G[0m
[32m2026-05-20 16:37:10[0m | [1mINFO    [0m | [1m主流程规则分桶跳过: bucket=ten_x:山东大学16个单细胞测序分析技术服务（委托）合同-张晓鲁|S|10X转录组-3'文库|NA|TENX+MANUAL_RISK+IMBALANCE, count=1, reason=总量100.0G低于最小门槛1995.0G[0m
[32m2026-05-20 16:37:10[0m | [1mINFO    [0m | [1m主流程规则分桶跳过: bucket=ten_x:南方科技大学20例单细胞测序分析技术服务（委托）合同|S|10X转录组-3'文库|NA|TENX+MANUAL_RISK+IMBALANCE, count=1, reason=总量68.0G低于最小门槛1995.0G[0m
[32m2026-05-20 16:37:10[0m | [1mINFO    [0m | [1m主流程规则分桶跳过: bucket=ten_x:北京大学第一医院自建库测序技术服务（委托）合同|S|客户-单细胞文库|NA|TENX+MANUAL_RISK+IMBALANCE, count=1, reason=总量42.8G低于最小门槛1843.6G[0m
[32m2026-05-20 16:37:10[0m | [1mINFO    [0m | [1m主流程规则分桶跳过: bucket=ten_x:YC苏州德运康瑞-2025年度自建库项目技术服务（委托）合同|S|客户-单细胞文库|NA|TENX+SCATTERED+MANUAL_RISK+IMBALANCE, count=4, reason=总量40.0G低于最小门槛1843.6G[0m
[32m2026-05-20 16:37:10[0m | [1mINFO    [0m | [1m主流程规则分桶跳过: bucket=ten_x:JQ_华西医院10X单细胞建库测序分析技术服务（委托）合同|S|10X转录组-3'文库|NA|TENX+MANUAL_RISK+IMBALANCE, count=2, reason=总量7.9G低于最小门槛1995.0G[0m
[32m2026-05-20 16:37:10[0m | [1mINFO    [0m | [1m主流程规则分桶跳过: bucket=ten_x:浙江大学国际健康医学研究院肿瘤完整基因组图谱计划一期（第一批）分析技术服务（委托）合同|S|10X转录组-3'文库|NA|TENX+MANUAL_RISK+IMBALANCE, count=2, reason=总量5.3G低于最小门槛1995.0G[0m
[32m2026-05-20 16:37:10[0m | [1mINFO    [0m | [1m主流程规则分桶跳过: bucket=ten_x:四川大学华西医院5例肺癌组织单细胞建库测序分析技术服务（委托）合同|S|10X转录组-3'文库|NA|TENX+MANUAL_RISK+IMBALANCE, count=1, reason=总量3.1G低于最小门槛1995.0G[0m
[32m2026-05-20 16:37:10[0m | [1mINFO    [0m | [1m主流程规则分桶跳过: bucket=ten_x:中山大学5个10X GENOMICS 3'单细胞转录组分析技术服务（委托）合同|S|10X转录组-3'文库|NA|TENX+MANUAL_RISK+IMBALANCE, count=1, reason=总量2.6G低于最小门槛1995.0G[0m
[32m2026-05-20 16:37:10[0m | [1mINFO    [0m | [1m主流程规则分桶跳过: bucket=ten_x:中山眼科35例单细胞转录组分析技术服务（委托）合同|S|10X转录组-3'文库|NA|TENX+MANUAL_RISK+IMBALANCE, count=1, reason=总量2.5G低于最小门槛1995.0G[0m
[32m2026-05-20 16:37:10[0m | [1mINFO    [0m | [1m主流程规则分桶跳过: bucket=general:生物所54例宏基因组测序技术服务（委托）合同|Z|META文库|NA|NORMAL, count=2, reason=总量200.0G低于最小门槛2095.0G[0m
[32m2026-05-20 16:37:10[0m | [1mINFO    [0m | [1m主流程规则分桶跳过: bucket=general:河南大学三亚研究院戚赛鸽398个花生重测序育种分析技术服务（委托）合同|Z|DNA小片段文库|NA|NORMAL, count=1, reason=总量25.0G低于最小门槛2095.0G[0m
[32m2026-05-20 16:37:10[0m | [1mINFO    [0m | [1m主流程规则分桶跳过: bucket=general:四川大学50个宏基因建库测序需CLEAN分析技术服务（委托）合同|Z|DNA小片段文库|NA|NORMAL, count=1, reason=总量15.0G低于最小门槛2095.0G[0m
[32m2026-05-20 16:37:10[0m | [1mINFO    [0m | [1m主流程规则分桶预调度完成: 分桶=65，桶后尾货=204个/8389.7G[0m
[32m2026-05-20 16:37:10[0m | [1mINFO    [0m | [1m主流程尾货统一补排启动: count=204, data=8389.7G[0m
[32m2026-05-20 16:37:10[0m | [1mINFO    [0m | [1m开始逐Lane贪心排机 - 文库数: 204[0m
[32m2026-05-20 16:37:10[0m | [1mINFO    [0m | [1m预拆分完成: 使用外层已拆分文库[0m
[32m2026-05-20 16:37:10[0m | [1mINFO    [0m | [1m===== 批次全局分析报告 =====[0m
[32m2026-05-20 16:37:10[0m | [1mINFO    [0m | [1m机器类型: Nova X-25B[0m
[32m2026-05-20 16:37:10[0m | [1mINFO    [0m | [1m文库总数: 204[0m
[32m2026-05-20 16:37:10[0m | [1mINFO    [0m | [1m总数据量: 8389.7 GB[0m
[32m2026-05-20 16:37:10[0m | [1mINFO    [0m | [1m预估Lane数: 4~5[0m
[32m2026-05-20 16:37:10[0m | [1mINFO    [0m | [1m--- 特征标记 ---[0m
[32m2026-05-20 16:37:10[0m | [1mINFO    [0m | [1m  包Lane文库: 无[0m
[32m2026-05-20 16:37:10[0m | [1mINFO    [0m | [1m  碱基不均衡: 有[0m
[32m2026-05-20 16:37:10[0m | [1mINFO    [0m | [1m  客户文库:   无[0m
[32m2026-05-20 16:37:10[0m | [1mINFO    [0m | [1m  10bp文库:   有[0m
[32m2026-05-20 16:37:10[0m | [1mINFO    [0m | [1m  非10bp文库: 有[0m
[32m2026-05-20 16:37:10[0m | [1mINFO    [0m | [1m  特殊组合:   有[0m
[32m2026-05-20 16:37:10[0m | [1mINFO    [0m | [1m--- 分组画像 ---[0m
[32m2026-05-20 16:37:10[0m | [1mINFO    [0m | [1m  [imbalance] 碱基不均衡文库: 79个文库, 4692.6GB, 预估3~3条Lane[0m
[32m2026-05-20 16:37:10[0m | [1mINFO    [0m | [1m  [non_10bp] 非10碱基文库: 155个文库, 5088.3GB, 预估3~3条Lane[0m
[32m2026-05-20 16:37:10[0m | [1mINFO    [0m | [1m  [all] 全部文库: 204个文库, 8389.7GB, 预估4~5条Lane[0m
[32m2026-05-20 16:37:10[0m | [1mINFO    [0m | [1m  [10bp] 10碱基文库: 49个文库, 3301.4GB, 预估2~2条Lane[0m
[32m2026-05-20 16:37:10[0m | [1mINFO    [0m | [1m  [special_combo_b] 10X 3端/Visium组合: 19个文库, 1189.4GB, 预估1~1条Lane[0m
[32m2026-05-20 16:37:10[0m | [1mINFO    [0m | [1m--- 专用Lane推荐 ---[0m
[32m2026-05-20 16:37:10[0m | [1mINFO    [0m | [1m  [imbalance] 碱基不均衡文库数据量充足，可包专用Lane避免混排占比限制 - 约2条Lane, 4692.6GB, 置信度: high[0m
[32m2026-05-20 16:37:10[0m | [1mINFO    [0m | [1m  [non_10bp] 非10bp文库集中排入专用Lane，避免触发10bp>=40%混排规则 - 约2条Lane, 5088.3GB, 置信度: high[0m
[32m2026-05-20 16:37:10[0m | [1mINFO    [0m | [1m--- 混排约束 ---[0m
[32m2026-05-20 16:37:10[0m | [1mINFO    [0m | [1m  [10bp_min_40pct] 10bp vs non_10bp: 10bp数据量全局占比仅39.4%，不足40%红线，若全部混排将违规，建议非10bp文库走专用Lane[0m
[32m2026-05-20 16:37:10[0m | [1mINFO    [0m | [1m  [imbalance_max_30pct] imbalance vs all: 碱基不均衡文库全局占比55.9%，超过30%上限，必须拆分为专用Lane[0m
[32m2026-05-20 16:37:10[0m | [1mINFO    [0m | [1m--- 尾部风险 ---[0m
[32m2026-05-20 16:37:10[0m | [1mINFO    [0m | [1m  [imbalance] 碱基不均衡文库排完整Lane后剩余502.6GB，不足半Lane(1048GB)，需要大文库骨架携带或混入散样Lane - 502.6GB, 79个, 严重程度: medium[0m
[32m2026-05-20 16:37:10[0m | [1mINFO    [0m | [1m  [non_10bp] 非10碱基文库排完整Lane后剩余898.3GB，不足半Lane(1048GB)，需要大文库骨架携带或混入散样Lane - 898.3GB, 155个, 严重程度: medium[0m
[32m2026-05-20 16:37:10[0m | [1mINFO    [0m | [1m--- 策略建议 ---[0m
[32m2026-05-20 16:37:10[0m | [1mINFO    [0m | [1m  - 碱基不均衡文库数据量充足，优先形成专用Lane[0m
[32m2026-05-20 16:37:10[0m | [1mINFO    [0m | [1m  - 非10bp文库建议走专用Lane，避免10bp>=40%混排红线[0m
[32m2026-05-20 16:37:10[0m | [1mINFO    [0m | [1m  - 10bp全局占比不足40%，需要非10bp专用Lane或骨架预留策略[0m
[32m2026-05-20 16:37:10[0m | [1mINFO    [0m | [1m===== 报告结束 =====[0m
[32m2026-05-20 16:37:10[0m | [1mINFO    [0m | [1m保留外部传入的策略执行计划，仅使用批次分析报告[0m
[32m2026-05-20 16:37:10[0m | [1mINFO    [0m | [1m处理机器类型 NovaSeq X Plus - 文库数: 24 - Lane容量: 1100GB, 利用率区间: [100%, 100%], 特殊文库上限: 350GB[0m
[32m2026-05-20 16:37:10[0m | [1mINFO    [0m | [1m碱基不均衡专用Lane策略: 20个碱基不均衡文库[0m
[32m2026-05-20 16:37:10[0m | [1mINFO    [0m | [1m专用Lane分组G31剩余合同量42.8G无法满足1.1或3.6T-NEW有效容量下限[0m
[32m2026-05-20 16:37:10[0m | [1mINFO    [0m | [1m专用Lane分组G34剩余合同量500.0G无法满足1.1或3.6T-NEW有效容量下限[0m
[32m2026-05-20 16:37:10[0m | [1mINFO    [0m | [1m专用Lane分组G4剩余合同量689.4G无法满足1.1或3.6T-NEW有效容量下限[0m
[32m2026-05-20 16:37:10[0m | [1mINFO    [0m | [1m形成0条专用Lane，剩余20个碱基不均衡文库[0m
[32m2026-05-20 16:37:10[0m | [1mINFO    [0m | [1m剩余池总量1463.2GB不足最小成Lane门槛2095.0GB，跳过后续随机重试[0m
[32m2026-05-20 16:37:10[0m | [1mINFO    [0m | [1m专用Lane分组G31剩余合同量42.8G无法满足1.1或3.6T-NEW有效容量下限[0m
[32m2026-05-20 16:37:10[0m | [1mINFO    [0m | [1m专用Lane分组G34剩余合同量500.0G无法满足1.1或3.6T-NEW有效容量下限[0m
[32m2026-05-20 16:37:10[0m | [1mINFO    [0m | [1m专用Lane分组G4剩余合同量689.4G无法满足1.1或3.6T-NEW有效容量下限[0m
[32m2026-05-20 16:37:10[0m | [1mINFO    [0m | [1m专用Lane创建完成: 0条Lane, 20个碱基不均衡文库待分配, 4个中性文库待分配[0m
[32m2026-05-20 16:37:10[0m | [1mINFO    [0m | [1m处理机器类型 Nova X-25B - 文库数: 180 - Lane容量: 1050.0GB, 利用率区间: [100%, 100%], 特殊文库上限: 350GB[0m
[32m2026-05-20 16:37:10[0m | [1mINFO    [0m | [1m碱基不均衡专用Lane策略: 7个碱基不均衡文库[0m
[32m2026-05-20 16:37:10[0m | [1mINFO    [0m | [1m专用Lane分组G25剩余合同量66.0G无法满足1.1或3.6T-NEW有效容量下限[0m
[32m2026-05-20 16:37:10[0m | [1mINFO    [0m | [1m专用Lane分组G26剩余合同量6.0G无法满足1.1或3.6T-NEW有效容量下限[0m
[32m2026-05-20 16:37:10[0m | [1mINFO    [0m | [1m形成0条专用Lane，剩余7个碱基不均衡文库[0m
[32m2026-05-20 16:37:10[0m | [1mINFO    [0m | [1m第二轮排机: 180 个未分配文库（随机顺序）[0m
[32m2026-05-20 16:37:10[0m | [1mINFO    [0m | [1m第三轮排机: 180 个未分配文库（小文库优先）[0m
[32m2026-05-20 16:37:10[0m | [1mINFO    [0m | [1m连续5轮无新Lane且未分配池不变，提前结束无效重试[0m
[32m2026-05-20 16:37:10[0m | [1mINFO    [0m | [1m专用Lane分组G25剩余合同量66.0G无法满足1.1或3.6T-NEW有效容量下限[0m
[32m2026-05-20 16:37:10[0m | [1mINFO    [0m | [1m专用Lane分组G26剩余合同量6.0G无法满足1.1或3.6T-NEW有效容量下限[0m
[32m2026-05-20 16:37:10[0m | [1mINFO    [0m | [1m专用Lane创建完成: 0条Lane, 7个碱基不均衡文库待分配, 173个中性文库待分配[0m
[32m2026-05-20 16:37:10[0m | [1mINFO    [0m | [1m逐Lane贪心排机完成 - Lane数: 0, 已分配: 0/204, 未分配: 204, 平均利用率: 0.0%, 耗时: 0.52秒[0m
[32m2026-05-20 16:37:10[0m | [1mINFO    [0m | [1mIndex校验器初始化完成（真实数据验证版本）[0m
[32m2026-05-20 16:37:10[0m | [1mINFO    [0m | [1m成Lane校验程序初始化完成 (严格模式: False, 碱基不均衡上限: 35%, 特殊文库关键词: 9个)[0m
[32m2026-05-20 16:37:10[0m | [1mINFO    [0m | [1m最终验证结果: 0条Lane通过，204个文库未分配[0m
[32m2026-05-20 16:37:10[0m | [1mINFO    [0m | [1mwkspecialsplits边排边检查完成: 无需调整[0m
[32m2026-05-20 16:37:10[0m | [1mINFO    [0m | [1m验证完成：0条Lane通过验证[0m
[32m2026-05-20 16:37:10[0m | [1mINFO    [0m | [1m57规则二次改排救援已关闭，失败Lane文库回收到未分配池[0m
[32m2026-05-20 16:37:10[0m | [1mINFO    [0m | [1m高成本救援(EX/RB)跳过: 当前0条Lane通过验证，未分配池=204个/8389.7G，继续做高成本救援收益过低[0m
[32m2026-05-20 16:37:10[0m | [1mINFO    [0m | [1m分层重组救援跳过: 当前0条Lane通过验证，未分配池=204个/8389.7G，跳过[0m
[32m2026-05-20 16:37:10[0m | [1mINFO    [0m | [1m剩余库分层重组搜索未新增Lane: 跳过拆分文库=0, 剩余未分配=204[0m
[32m2026-05-20 16:37:10[0m | [1mINFO    [0m | [1m脚本内置 Pooling 预测已停用，后续统一调用 prediction_delivery[0m
[32m2026-05-20 16:37:10[0m | [1mINFO    [0m | [1mIndex校验器初始化完成（真实数据验证版本）[0m
[32m2026-05-20 16:37:10[0m | [1mINFO    [0m | [1m成Lane校验程序初始化完成 (严格模式: True, 碱基不均衡上限: 35%, 特殊文库关键词: 9个)[0m
[32m2026-05-20 16:37:10[0m | [1mINFO    [0m | [1m1.1首轮二次补排完成: 新增Lane=0, 剩余文库=204[0m
[32m2026-05-20 16:37:10[0m | [1mINFO    [0m | [1m步骤1.5-3候选池接收1.1剩余文库204个，继续进入3.6T-NEW[0m
[32m2026-05-20 16:37:10[0m | [1mINFO    [0m | [1m1.1首轮排机完成: 生成12条Lane[0m
[32m2026-05-20 16:37:10[0m | [1mINFO    [0m | [1m三阶段未成Lane池顺序消耗完成: 3.6T-NEW最终候选池=235个文库, 1.1 Lane=12条[0m
[32m2026-05-20 16:37:10[0m | [1mINFO    [0m | [1mIndex校验器初始化完成（真实数据验证版本）[0m
[32m2026-05-20 16:37:10[0m | [1mINFO    [0m | [1m成Lane校验程序初始化完成 (严格模式: True, 碱基不均衡上限: 35%, 特殊文库关键词: 9个)[0m
[32m2026-05-20 16:37:10[0m | [1mINFO    [0m | [1m补Lane尝试: variant=full_priority, lane_prefix=GL, pool_size=17, pool_data=4500.000G, prioritize_scattered_mix=True[0m
[32m2026-05-20 16:37:10[0m | [1mINFO    [0m | [1m全局优先级硬约束生效: stage=GL_build, 当前允许P0/P1(临检/SJ+YC)参与，暂缓较低优先级文库12个[0m
[32m2026-05-20 16:37:10[0m | [1mINFO    [0m | [1m补Lane尝试: variant=non_clinical_relaxed, lane_prefix=GL, pool_size=17, pool_data=4500.000G, prioritize_scattered_mix=False[0m
[32m2026-05-20 16:37:10[0m | [1mINFO    [0m | [1m全局优先级硬约束生效: stage=GL_build, 当前允许P0/P1(临检/SJ+YC)参与，暂缓较低优先级文库12个[0m
[32m2026-05-20 16:37:10[0m | [1mINFO    [0m | [1m补Lane尝试: variant=other_only_relaxed, lane_prefix=GL, pool_size=12, pool_data=2400.000G, prioritize_scattered_mix=False[0m
[32m2026-05-20 16:37:11[0m | [1mINFO    [0m | [1m补Lane尝试: variant=full_priority, lane_prefix=GL, pool_size=6, pool_data=2300.000G, prioritize_scattered_mix=True[0m
[32m2026-05-20 16:37:11[0m | [1mINFO    [0m | [1m全局优先级硬约束生效: stage=GL_build, 当前允许P0/P1(临检/SJ+YC)参与，暂缓较低优先级文库1个[0m
[32m2026-05-20 16:37:11[0m | [1mINFO    [0m | [1m补Lane尝试: variant=non_clinical_relaxed, lane_prefix=GL, pool_size=6, pool_data=2300.000G, prioritize_scattered_mix=False[0m
[32m2026-05-20 16:37:11[0m | [1mINFO    [0m | [1m全局优先级硬约束生效: stage=GL_build, 当前允许P0/P1(临检/SJ+YC)参与，暂缓较低优先级文库1个[0m
[32m2026-05-20 16:37:11[0m | [1mINFO    [0m | [1m补Lane跳过汇总: lane_prefix=GL, machine=Nova X-25B, reason_top=[总量200.0G低于最小门槛2095.0Gx2, 严格构Lane失败x1][0m
[32m2026-05-20 16:37:11[0m | [1mINFO    [0m | [1m小拆分原始文库1.1 regroup完成: 新增Lane=1, 消耗文库=11, 剩余3.6候选=224[0m
[32m2026-05-20 16:37:11[0m | [1mINFO    [0m | [1m
================================================================================[0m
[32m2026-05-20 16:37:11[0m | [1mINFO    [0m | [1m步骤1.6: 尾货碱基不均衡专Lane二次抽取[0m
[32m2026-05-20 16:37:11[0m | [1mINFO    [0m | [1m================================================================================[0m
[32m2026-05-20 16:37:11[0m | [1mINFO    [0m | [1mIndex校验器初始化完成（真实数据验证版本）[0m
[32m2026-05-20 16:37:11[0m | [1mINFO    [0m | [1mIndex校验器初始化完成（真实数据验证版本）[0m
[32m2026-05-20 16:37:11[0m | [1mINFO    [0m | [1m成Lane校验程序初始化完成 (严格模式: True, 碱基不均衡上限: 35%, 特殊文库关键词: 9个)[0m
[32m2026-05-20 16:37:11[0m | [33m[1mWARNING [0m | [33m[1mPooling配置表不存在: /data/work/yuyongpeng/liblane_v2_deepseek/data/wktype_pooling_config.xlsx，将使用默认策略[0m
[32m2026-05-20 16:37:11[0m | [1mINFO    [0m | [1m产出效率修正表不存在: /data/work/yuyongpeng/liblane_v2_deepseek/data/production_efficiency_correction.csv，跳过后校准[0m
[32m2026-05-20 16:37:11[0m | [33m[1mWARNING [0m | [33m[1m模型文件不存在: models/loutput_pre_lane_v5/lightgbm_model.pkl[0m
[32m2026-05-20 16:37:11[0m | [33m[1mWARNING [0m | [33m[1mloutput预测器不可用，将使用规则降级策略[0m
[32m2026-05-20 16:37:11[0m | [1mINFO    [0m | [1m逐Lane贪心排机器初始化完成 - 基础容量: 985.0GB, 利用率区间: [100%, 100%], 配置模式: 按机型自动[0m
[32m2026-05-20 16:37:11[0m | [1mINFO    [0m | [1m启用检查: Index=True, 碱基不均衡=True, 规则检查器=False[0m
[32m2026-05-20 16:37:11[0m | [1mINFO    [0m | [1m专用Lane分组G25剩余合同量66.0G无法满足1.1或3.6T-NEW有效容量下限[0m
[32m2026-05-20 16:37:11[0m | [1mINFO    [0m | [1m专用Lane分组G34剩余合同量500.0G无法满足1.1或3.6T-NEW有效容量下限[0m
[32m2026-05-20 16:37:11[0m | [1mINFO    [0m | [1m专用Lane分组G4剩余合同量689.4G无法满足1.1或3.6T-NEW有效容量下限[0m
[32m2026-05-20 16:37:11[0m | [1mINFO    [0m | [1m尾货碱基不均衡专Lane二次抽取未形成新Lane[0m
[32m2026-05-20 16:37:11[0m | [1mINFO    [0m | [1m
================================================================================[0m
[32m2026-05-20 16:37:11[0m | [1mINFO    [0m | [1m步骤2: 处理普通文库（使用GreedyLaneScheduler）[0m
[32m2026-05-20 16:37:11[0m | [1mINFO    [0m | [1m================================================================================[0m
[32m2026-05-20 16:37:11[0m | [1mINFO    [0m | [1mIndex校验器初始化完成（真实数据验证版本）[0m
[32m2026-05-20 16:37:11[0m | [1mINFO    [0m | [1m成Lane校验程序初始化完成 (严格模式: True, 碱基不均衡上限: 35%, 特殊文库关键词: 9个)[0m
[32m2026-05-20 16:37:11[0m | [1mINFO    [0m | [1m步骤2前置拆分家族构建未构建出完整拆分Lane[0m
[32m2026-05-20 16:37:11[0m | [1mINFO    [0m | [1m排机超时保护已启动，最大允许时间: 10 分钟[0m
[32m2026-05-20 16:37:11[0m | [1mINFO    [0m | [1m
================================================================================[0m
[32m2026-05-20 16:37:11[0m | [1mINFO    [0m | [1m排机流程：纯规则排机[0m
[32m2026-05-20 16:37:11[0m | [1mINFO    [0m | [1m================================================================================[0m
[32m2026-05-20 16:37:11[0m | [1mINFO    [0m | [1mIndex校验器初始化完成（真实数据验证版本）[0m
[32m2026-05-20 16:37:11[0m | [1mINFO    [0m | [1mIndex校验器初始化完成（真实数据验证版本）[0m
[32m2026-05-20 16:37:11[0m | [1mINFO    [0m | [1m成Lane校验程序初始化完成 (严格模式: True, 碱基不均衡上限: 35%, 特殊文库关键词: 9个)[0m
[32m2026-05-20 16:37:11[0m | [33m[1mWARNING [0m | [33m[1mPooling配置表不存在: /data/work/yuyongpeng/liblane_v2_deepseek/data/wktype_pooling_config.xlsx，将使用默认策略[0m
[32m2026-05-20 16:37:11[0m | [1mINFO    [0m | [1m产出效率修正表不存在: /data/work/yuyongpeng/liblane_v2_deepseek/data/production_efficiency_correction.csv，跳过后校准[0m
[32m2026-05-20 16:37:11[0m | [33m[1mWARNING [0m | [33m[1m模型文件不存在: models/loutput_pre_lane_v5/lightgbm_model.pkl[0m
[32m2026-05-20 16:37:11[0m | [33m[1mWARNING [0m | [33m[1mloutput预测器不可用，将使用规则降级策略[0m
[32m2026-05-20 16:37:11[0m | [1mINFO    [0m | [1m逐Lane贪心排机器初始化完成 - 基础容量: 985.0GB, 利用率区间: [100%, 100%], 配置模式: 按机型自动[0m
[32m2026-05-20 16:37:11[0m | [1mINFO    [0m | [1m启用检查: Index=True, 碱基不均衡=True, 规则检查器=False[0m
[32m2026-05-20 16:37:11[0m | [1mINFO    [0m | [1m排机阶段：Pooling优化器已禁用（V6流程不需要）[0m
[32m2026-05-20 16:37:11[0m | [1mINFO    [0m | [1mIndex校验器初始化完成（真实数据验证版本）[0m
[32m2026-05-20 16:37:11[0m | [1mINFO    [0m | [1m成Lane校验程序初始化完成 (严格模式: True, 碱基不均衡上限: 35%, 特殊文库关键词: 9个)[0m
[32m2026-05-20 16:37:11[0m | [1mINFO    [0m | [1m严格校验容量区间改为按统一配置表动态解析[0m
[32m2026-05-20 16:37:11[0m | [1mINFO    [0m | [1m============================================================[0m
[32m2026-05-20 16:37:11[0m | [1mINFO    [0m | [1m[拆分] 开始文库拆分预处理[0m
[32m2026-05-20 16:37:11[0m | [1mINFO    [0m | [1m  拆分规则: 1.1模式文库（兼容旧名1.0）不拆分；3.6T-NEW模式按 单index >100.0G、多index >300.0G[0m
[32m2026-05-20 16:37:11[0m | [1mINFO    [0m | [1m  最小保留数据量: >2.0G[0m
[32m2026-05-20 16:37:11[0m | [1mINFO    [0m | [1m------------------------------------------------------------[0m
[32m2026-05-20 16:37:11[0m | [1mINFO    [0m | [1m 拆分完成[0m
[32m2026-05-20 16:37:11[0m | [1mINFO    [0m | [1m  原始文库数: 9[0m
[32m2026-05-20 16:37:11[0m | [1mINFO    [0m | [1m  拆分文库数: 9[0m
[32m2026-05-20 16:37:11[0m | [1mINFO    [0m | [1m  最终文库数: 63[0m
[32m2026-05-20 16:37:11[0m | [1mINFO    [0m | [1m============================================================[0m
[32m2026-05-20 16:37:11[0m | [1mINFO    [0m | [1m主流程前置拆分完成: 原始文库224个，触发拆分9个，拆分后文库278个[0m
[32m2026-05-20 16:37:11[0m | [1mINFO    [0m | [1m全局优先级硬约束生效: stage=mixed_peak_window, 当前允许P0/P1(临检/SJ+YC)参与，暂缓较低优先级文库120个[0m
[32m2026-05-20 16:37:11[0m | [1mINFO    [0m | [1m混排Peak窗口: 261-409bp, 83个文库/3803G, 理论最多3条Lane[0m
[32m2026-05-20 16:37:11[0m | [1mINFO    [0m | [1m混排Lane预抽取完成: 新增Lane=0，使用文库=0个/0.0G，剩余待排=278个/12760.1G[0m
[32m2026-05-20 16:37:11[0m | [1mINFO    [0m | [1m主流程规则分桶预调度: bucket=manual_or_risk:YC2025年武汉序拓生物自建库PE150测序技术服务（委托）合同|S|客户-ATAC-SEQ文库|NA|SCATTERED+MANUAL_RISK+IMBALANCE, count=5, data=2100.0G[0m
[32m2026-05-20 16:37:11[0m | [1mINFO    [0m | [1m主流程规则分桶跳过: bucket=manual_or_risk:YC-（极速周期）2025年上海近岸生物年度框架协议分析技术服务（委托）合同|S|客户-METHYLATION文库|NA|SCATTERED+MANUAL_RISK+IMBALANCE, count=5, reason=总量500.0G低于最小门槛2074.1G[0m
[32m2026-05-20 16:37:11[0m | [1mINFO    [0m | [1m主流程规则分桶跳过: bucket=manual_or_risk:YC宏微特斯测序技术服务（委托）合同2025|S|客户-META文库|NA|SCATTERED+MANUAL_RISK, count=14, reason=总量381.0G低于最小门槛2095.0G[0m
[32m2026-05-20 16:37:11[0m | [1mINFO    [0m | [1m主流程规则分桶跳过: bucket=manual_or_risk:YC-中国科学院北京基因组研究所20000G自建库文库测序技术服务（委托）合同|S|客户-METHYLATION文库|NA|SCATTERED+MANUAL_RISK+IMBALANCE, count=3, reason=总量300.0G低于最小门槛2074.1G[0m
[32m2026-05-20 16:37:11[0m | [1mINFO    [0m | [1m主流程规则分桶跳过: bucket=manual_or_risk:四川农业大学100个样本单细胞建库测序技术服务（委托）合同|S|墨卓转录组-3端文库|NA|MANUAL_RISK+IMBALANCE, count=3, reason=总量300.0G低于最小门槛1995.0G[0m
[32m2026-05-20 16:37:11[0m | [1mINFO    [0m | [1m主流程规则分桶跳过: bucket=manual_or_risk:上海吉凯25年人WES年度协议测序分析技术服务（委托）合同Q1|S|外显子文库|NA|MANUAL_RISK, count=6, reason=总量240.0G低于最小门槛995.0G[0m
[32m2026-05-20 16:37:11[0m | [1mINFO    [0m | [1m主流程规则分桶跳过: bucket=manual_or_risk:YC大连晶泰测序技术服务（委托）合同2025|S|客户-METHYLATION文库|NA|SCATTERED+MANUAL_RISK+IMBALANCE, count=2, reason=总量200.0G低于最小门槛2074.1G[0m
[32m2026-05-20 16:37:11[0m | [1mINFO    [0m | [1m主流程规则分桶跳过: bucket=manual_or_risk:（极速周期）清华项目1000个自建库测序+2000个RNA文库测序技术服务（委托）合同|S|客户-真核普通转录组文库|NA|MANUAL_RISK, count=1, reason=总量200.0G低于最小门槛995.0G[0m
[32m2026-05-20 16:37:11[0m | [1mINFO    [0m | [1m主流程规则分桶跳过: bucket=manual_or_risk:YC项目1000个自建库测序数据质控技术服务（委托）合同|S|客户-其他碱基均衡文库|NA|SCATTERED+MANUAL_RISK, count=13, reason=总量193.8G低于最小门槛2095.0G[0m
[32m2026-05-20 16:37:11[0m | [1mINFO    [0m | [1m主流程规则分桶跳过: bucket=manual_or_risk:同济大学200例WES测序分析技术服务（委托）合同|S|外显子文库|NA|MANUAL_RISK, count=4, reason=总量160.0G低于最小门槛995.0G[0m
[32m2026-05-20 16:37:11[0m | [1mINFO    [0m | [1m主流程规则分桶跳过: bucket=manual_or_risk:YC（极速周期）2025年深圳易基因自建库测序分析技术服务（委托）合同|S|客户-METHYLATION文库|NA|SCATTERED+MANUAL_RISK+IMBALANCE, count=4, reason=总量117.7G低于最小门槛985.0G[0m
[32m2026-05-20 16:37:11[0m | [1mINFO    [0m | [1m主流程规则分桶跳过: bucket=manual_or_risk:广妇儿15例墨卓单细胞带矩阵分析技术服务（委托）合同|S|墨卓转录组-3端文库|NA|MANUAL_RISK+IMBALANCE, count=1, reason=总量100.0G低于最小门槛1995.0G[0m
[32m2026-05-20 16:37:11[0m | [1mINFO    [0m | [1m主流程规则分桶跳过: bucket=manual_or_risk:西北农林科技大学4例样本单细胞转录组（墨卓平台）建库测序技术服务（委托）合同|S|墨卓转录组-3端文库|NA|MANUAL_RISK+IMBALANCE, count=1, reason=总量100.0G低于最小门槛1995.0G[0m
[32m2026-05-20 16:37:11[0m | [1mINFO    [0m | [1m主流程规则分桶跳过: bucket=manual_or_risk:YC大连基恩测序技术服务（委托）合同2025|S|客户-人重测序文库|NA|SCATTERED+MANUAL_RISK, count=6, reason=总量87.6G低于最小门槛2095.0G[0m
[32m2026-05-20 16:37:11[0m | [1mINFO    [0m | [1m主流程规则分桶跳过: bucket=manual_or_risk:1500个FFPE样本外显子建库测序技术服务（委托）合同|S|外显子文库|NA|MANUAL_RISK, count=1, reason=总量80.0G低于最小门槛995.0G[0m
[32m2026-05-20 16:37:11[0m | [1mINFO    [0m | [1m主流程规则分桶跳过: bucket=manual_or_risk:YC郑州大学2025年自建库测序技术服务（委托）合同|S|客户-扩增子文库|NA|SCATTERED+MANUAL_RISK+IMBALANCE, count=4, reason=总量72.0G低于最小门槛1466.5G[0m
[32m2026-05-20 16:37:11[0m | [1mINFO    [0m | [1m主流程规则分桶跳过: bucket=manual_or_risk:YC（极速周期）2025年泛因生物自建库合同分析技术服务（委托）合同|S|客户-PCR产物|NA|SCATTERED+MANUAL_RISK+IMBALANCE, count=2, reason=总量50.0G低于最小门槛1257.0G[0m
[32m2026-05-20 16:37:11[0m | [1mINFO    [0m | [1m主流程规则分桶跳过: bucket=manual_or_risk:北大医院50例外显子建库测序MAPPING技术服务（委托）合同|S|外显子文库|NA|MANUAL_RISK, count=2, reason=总量50.0G低于最小门槛995.0G[0m
[32m2026-05-20 16:37:11[0m | [1mINFO    [0m | [1m主流程规则分桶跳过: bucket=manual_or_risk:YC宏微特斯测序技术服务（委托）合同2025|S|客户-人外显子文库|NA|SCATTERED+MANUAL_RISK, count=3, reason=总量47.7G低于最小门槛2095.0G[0m
[32m2026-05-20 16:37:11[0m | [1mINFO    [0m | [1m主流程规则分桶跳过: bucket=manual_or_risk:YC-中国科学院北京基因组研究所（专用）25000G自建库文库测序技术服务（委托）合同-YYG|S|客户-真核普通转录组文库|NA|SCATTERED+MANUAL_RISK, count=6, reason=总量43.0G低于最小门槛2095.0G[0m
[32m2026-05-20 16:37:11[0m | [1mINFO    [0m | [1m主流程规则分桶跳过: bucket=manual_or_risk:医学委托科服混样子项目|S|全基因组文库|NA|SCATTERED+MANUAL_RISK, count=12, reason=总量42.0G低于最小门槛2095.0G[0m
[32m2026-05-20 16:37:11[0m | [1mINFO    [0m | [1m主流程规则分桶跳过: bucket=manual_or_risk:YC因诺惟康纯测序技术服务（委托）合同2025|S|客户-DNA PCR FREE（人）|NA|SCATTERED+MANUAL_RISK, count=4, reason=总量40.0G低于最小门槛2095.0G[0m
[32m2026-05-20 16:37:11[0m | [1mINFO    [0m | [1m主流程规则分桶跳过: bucket=manual_or_risk:2025年基石WES年框架分析技术服务（委托）合同|S|外显子文库|NA|MANUAL_RISK, count=1, reason=总量40.0G低于最小门槛995.0G[0m
[32m2026-05-20 16:37:11[0m | [1mINFO    [0m | [1m主流程规则分桶跳过: bucket=manual_or_risk:YC宏微特斯测序技术服务（委托）合同2025|S|客户-扩增子文库|NA|SCATTERED+MANUAL_RISK+IMBALANCE, count=13, reason=总量39.0G低于最小门槛1466.5G[0m
[32m2026-05-20 16:37:11[0m | [1mINFO    [0m | [1m主流程规则分桶跳过: bucket=manual_or_risk:YC2025年武汉序拓生物自建库PE150测序技术服务（委托）合同|S|客户-SMALL RNA文库|NA|SCATTERED+MANUAL_RISK, count=9, reason=总量36.0G低于最小门槛2095.0G[0m
[32m2026-05-20 16:37:11[0m | [1mINFO    [0m | [1m主流程规则分桶跳过: bucket=manual_or_risk:中南大学湘雅二医院18个ATAC自建库测序分析技术服务（委托）合同|S|客户-ATAC-SEQ文库|NA|MANUAL_RISK+IMBALANCE, count=3, reason=总量36.0G低于最小门槛1676.0G[0m
[32m2026-05-20 16:37:11[0m | [1mINFO    [0m | [1m主流程规则分桶跳过: bucket=manual_or_risk:YC-25-上海桐树医学检验实验室散文库纯测序技术服务（委托）补充合同|S|客户-METHYLATION文库|NA|SCATTERED+MANUAL_RISK+IMBALANCE, count=2, reason=总量32.0G低于最小门槛2074.1G[0m
[32m2026-05-20 16:37:11[0m | [1mINFO    [0m | [1m主流程规则分桶跳过: bucket=manual_or_risk:24.12.27华中农业大学X-PLUS平台自建库测序技术服务（委托）合同|S|客户-动植物全基因组重测序文库|NA|MANUAL_RISK, count=5, reason=总量30.0G低于最小门槛2095.0G[0m
[32m2026-05-20 16:37:11[0m | [1mINFO    [0m | [1m主流程规则分桶跳过: bucket=manual_or_risk:红杨树X PLUS自建库测序技术服务（委托）合同|S|客户-ATAC-SEQ文库|NA|MANUAL_RISK+IMBALANCE, count=3, reason=总量30.0G低于最小门槛1676.0G[0m
[32m2026-05-20 16:37:11[0m | [1mINFO    [0m | [1m主流程规则分桶跳过: bucket=manual_or_risk:YC项目1000个自建库测序数据质控技术服务（委托）合同|S|客户-CHIP-SEQ文库|NA|SCATTERED+MANUAL_RISK, count=7, reason=总量23.2G低于最小门槛2095.0G[0m
[32m2026-05-20 16:37:11[0m | [1mINFO    [0m | [1m主流程规则分桶跳过: bucket=manual_or_risk:YC厦门大学2025年-自建库测序项目-补充协议|S|客户-人重测序文库|NA|SCATTERED+MANUAL_RISK, count=4, reason=总量20.0G低于最小门槛2095.0G[0m
[32m2026-05-20 16:37:11[0m | [1mINFO    [0m | [1m主流程规则分桶跳过: bucket=manual_or_risk:YC派真生物-2025自建库测序技术服务（委托）合同分析技术服务（委托）合同|S|客户-PCR产物|NA|SCATTERED+MANUAL_RISK+IMBALANCE, count=2, reason=总量20.0G低于最小门槛1257.0G[0m
[32m2026-05-20 16:37:11[0m | [1mINFO    [0m | [1m主流程规则分桶跳过: bucket=manual_or_risk:YC银丰基因自建库测序技术服务（委托）合同2025|S|客户-人外显子文库|NA|SCATTERED+MANUAL_RISK, count=2, reason=总量20.0G低于最小门槛2095.0G[0m
[32m2026-05-20 16:37:11[0m | [1mINFO    [0m | [1m主流程规则分桶跳过: bucket=manual_or_risk:2025年安琪尔WES建库测序分析技术服务（委托）合同|S|外显子文库|NA|MANUAL_RISK, count=1, reason=总量20.0G低于最小门槛995.0G[0m
[32m2026-05-20 16:37:11[0m | [1mINFO    [0m | [1m主流程规则分桶跳过: bucket=manual_or_risk:YC项目1000个自建库测序数据质控技术服务（委托）合同|S|客户-动植物全基因组重测序文库|NA|SCATTERED+MANUAL_RISK, count=2, reason=总量18.2G低于最小门槛2095.0G[0m
[32m2026-05-20 16:37:11[0m | [1mINFO    [0m | [1m主流程规则分桶跳过: bucket=manual_or_risk:YC郑州大学2025年自建库测序技术服务（委托）合同|S|客户-人外显子文库|NA|SCATTERED+MANUAL_RISK, count=3, reason=总量18.0G低于最小门槛2095.0G[0m
[32m2026-05-20 16:37:11[0m | [1mINFO    [0m | [1m主流程规则分桶跳过: bucket=manual_or_risk:神外所50例150XWES建库测序+50例500XWES建库测序分析技术服务（委托）合同|S|外显子文库|NA|MANUAL_RISK, count=1, reason=总量12.0G低于最小门槛995.0G[0m
[32m2026-05-20 16:37:11[0m | [1mINFO    [0m | [1m主流程规则分桶跳过: bucket=manual_or_risk:YC-中国科学院北京基因组研究所20000G自建库文库测序技术服务（委托）合同|S|客户-真核普通转录组文库|NA|SCATTERED+MANUAL_RISK, count=2, reason=总量10.0G低于最小门槛2095.0G[0m
[32m2026-05-20 16:37:11[0m | [1mINFO    [0m | [1m主流程规则分桶跳过: bucket=manual_or_risk:50个外显子测序分析技术服务（委托）合同-W|S|外显子文库|NA|MANUAL_RISK, count=1, reason=总量10.0G低于最小门槛995.0G[0m
[32m2026-05-20 16:37:11[0m | [1mINFO    [0m | [1m主流程规则分桶跳过: bucket=manual_or_risk:浙江大学700例外显子测序XPLUS技术服务（委托）合同|S|外显子文库|NA|MANUAL_RISK, count=1, reason=总量10.0G低于最小门槛995.0G[0m
[32m2026-05-20 16:37:11[0m | [1mINFO    [0m | [1m主流程规则分桶跳过: bucket=manual_or_risk:YC项目1000个自建库测序数据质控技术服务（委托）合同|S|客户-其他碱基不均衡文库|NA|SCATTERED+MANUAL_RISK+IMBALANCE, count=4, reason=总量9.3G低于最小门槛1676.0G[0m
[32m2026-05-20 16:37:11[0m | [1mINFO    [0m | [1m主流程规则分桶跳过: bucket=manual_or_risk:YC2025年凯德维斯医学XPLUS自建库测序技术服务（委托）合同|S|客户-人重测序文库|NA|SCATTERED+MANUAL_RISK, count=1, reason=总量8.4G低于最小门槛2095.0G[0m
[32m2026-05-20 16:37:11[0m | [1mINFO    [0m | [1m主流程规则分桶跳过: bucket=manual_or_risk:YC-25-上海桐树医学检验实验室散文库纯测序技术服务（委托）补充合同|S|客户-人目标区域文库|NA|SCATTERED+MANUAL_RISK, count=2, reason=总量6.1G低于最小门槛2095.0G[0m
[32m2026-05-20 16:37:11[0m | [1mINFO    [0m | [1m主流程规则分桶跳过: bucket=manual_or_risk:YC项目1000个自建库测序数据质控技术服务（委托）合同|S|客户-真核普通转录组文库|NA|SCATTERED+MANUAL_RISK, count=1, reason=总量6.0G低于最小门槛2095.0G[0m
[32m2026-05-20 16:37:11[0m | [1mINFO    [0m | [1m主流程规则分桶跳过: bucket=manual_or_risk:自建库测序散样分析技术服务（委托）合同|S|客户-动植物全基因组重测序文库|NA|SCATTERED+MANUAL_RISK, count=1, reason=总量6.0G低于最小门槛2095.0G[0m
[32m2026-05-20 16:37:11[0m | [1mINFO    [0m | [1m主流程规则分桶跳过: bucket=manual_or_risk:（极速周期）北生所300例文库测序技术服务（委托）合同|S|客户-CUT-TAG文库|NA|MANUAL_RISK+IMBALANCE, count=1, reason=总量6.0G低于最小门槛1676.0G[0m
[32m2026-05-20 16:37:11[0m | [1mINFO    [0m | [1m主流程规则分桶跳过: bucket=manual_or_risk:YC（极速周期）2025年深圳易基因自建库测序分析技术服务（委托）合同|S|客户-CHIP-SEQ文库|NA|SCATTERED+MANUAL_RISK, count=4, reason=总量5.6G低于最小门槛2095.0G[0m
[32m2026-05-20 16:37:11[0m | [1mINFO    [0m | [1m主流程规则分桶跳过: bucket=manual_or_risk:YC-中国科学院北京基因组研究所20000G自建库文库测序技术服务（委托）合同|S|客户-人重测序文库|NA|SCATTERED+MANUAL_RISK, count=2, reason=总量4.0G低于最小门槛2095.0G[0m
[32m2026-05-20 16:37:11[0m | [1mINFO    [0m | [1m主流程规则分桶跳过: bucket=manual_or_risk:YC宏微特斯测序技术服务（委托）合同2025|S|客户-其他碱基不均衡文库|NA|SCATTERED+MANUAL_RISK+IMBALANCE, count=3, reason=总量3.0G低于最小门槛1676.0G[0m
[32m2026-05-20 16:37:11[0m | [1mINFO    [0m | [1m主流程规则分桶跳过: bucket=manual_or_risk:YC-第三医学中心麦老师自建库测序技术服务（委托）合同|S|客户-真核普通转录组文库|NA|SCATTERED+MANUAL_RISK, count=1, reason=总量2.7G低于最小门槛2095.0G[0m
[32m2026-05-20 16:37:11[0m | [1mINFO    [0m | [1m主流程规则分桶跳过: bucket=manual_or_risk:YC高博博仁医院测序技术服务（委托）合同2025|S|客户-动植物全基因组重测序文库|NA|SCATTERED+MANUAL_RISK, count=1, reason=总量2.5G低于最小门槛2095.0G[0m
[32m2026-05-20 16:37:11[0m | [1mINFO    [0m | [1m主流程规则分桶跳过: bucket=manual_or_risk:医学委托科服混样子项目|S|客户DNA文库|NA|SCATTERED+MANUAL_RISK, count=1, reason=总量2.4G低于最小门槛2095.0G[0m
[32m2026-05-20 16:37:11[0m | [1mINFO    [0m | [1m主流程规则分桶跳过: bucket=manual_or_risk:H101SC241104YC（极速周期）自建库测序技术服务（委托）合同-2|S|客户-PCR产物|NA|SCATTERED+MANUAL_RISK+IMBALANCE, count=1, reason=总量2.2G低于最小门槛1257.0G[0m
[32m2026-05-20 16:37:11[0m | [1mINFO    [0m | [1m主流程规则分桶跳过: bucket=manual_or_risk:YC（极速周期）动物所自建库 XPLUS 测序技术服务（委托）合同-LL|S|客户-真核普通转录组文库|NA|SCATTERED+MANUAL_RISK, count=2, reason=总量2.1G低于最小门槛2095.0G[0m
[32m2026-05-20 16:37:11[0m | [1mINFO    [0m | [1m主流程规则分桶跳过: bucket=manual_or_risk:YC北京优吉测序技术服务（委托）合同2025|S|客户-PCR产物|NA|SCATTERED+MANUAL_RISK+IMBALANCE, count=1, reason=总量1.0G低于最小门槛1257.0G[0m
[32m2026-05-20 16:37:11[0m | [1mINFO    [0m | [1m主流程规则分桶跳过: bucket=manual_or_risk:YC（极速周期）2025年深圳易基因自建库测序分析技术服务（委托）合同|S|客户-真核普通转录组文库|NA|SCATTERED+MANUAL_RISK, count=1, reason=总量0.8G低于最小门槛2095.0G[0m
[32m2026-05-20 16:37:11[0m | [1mINFO    [0m | [1m主流程规则分桶跳过: bucket=ten_x:3个单细胞分析技术服务（委托）合同|S|10X转录组-3'文库|NA|TENX+MANUAL_RISK+IMBALANCE, count=1, reason=总量100.0G低于最小门槛1995.0G[0m
[32m2026-05-20 16:37:11[0m | [1mINFO    [0m | [1m主流程规则分桶跳过: bucket=ten_x:LXL-单细胞转录组测序分析技术服务（委托）合同|S|10X转录组-3'文库|NA|TENX+MANUAL_RISK+IMBALANCE, count=1, reason=总量100.0G低于最小门槛1995.0G[0m
[32m2026-05-20 16:37:11[0m | [1mINFO    [0m | [1m主流程规则分桶跳过: bucket=ten_x:南科大6个单细胞转录组分析技术服务（委托）合同|S|10X转录组-3'文库|NA|TENX+MANUAL_RISK+IMBALANCE, count=1, reason=总量100.0G低于最小门槛1995.0G[0m
[32m2026-05-20 16:37:11[0m | [1mINFO    [0m | [1m主流程规则分桶跳过: bucket=ten_x:厦门大学100个单细胞转录组+50个单细胞ATAC测序技术服务（委托）合同|S|10X转录组-3'文库|NA|TENX+MANUAL_RISK+IMBALANCE, count=1, reason=总量100.0G低于最小门槛1995.0G[0m
[32m2026-05-20 16:37:11[0m | [1mINFO    [0m | [1m主流程规则分桶跳过: bucket=ten_x:四川大学华西医院6例软骨10X3端单细胞转录组分析技术服务（委托）合同|S|10X转录组-3'文库|NA|TENX+MANUAL_RISK+IMBALANCE, count=1, reason=总量100.0G低于最小门槛1995.0G[0m
[32m2026-05-20 16:37:11[0m | [1mINFO    [0m | [1m主流程规则分桶跳过: bucket=ten_x:山东大学16个单细胞测序分析技术服务（委托）合同-张晓鲁|S|10X转录组-3'文库|NA|TENX+MANUAL_RISK+IMBALANCE, count=1, reason=总量100.0G低于最小门槛1995.0G[0m
[32m2026-05-20 16:37:11[0m | [1mINFO    [0m | [1m主流程规则分桶跳过: bucket=ten_x:南方科技大学20例单细胞测序分析技术服务（委托）合同|S|10X转录组-3'文库|NA|TENX+MANUAL_RISK+IMBALANCE, count=1, reason=总量68.0G低于最小门槛1995.0G[0m
[32m2026-05-20 16:37:11[0m | [1mINFO    [0m | [1m主流程规则分桶跳过: bucket=ten_x:北京大学第一医院自建库测序技术服务（委托）合同|S|客户-单细胞文库|NA|TENX+MANUAL_RISK+IMBALANCE, count=1, reason=总量42.8G低于最小门槛1843.6G[0m
[32m2026-05-20 16:37:11[0m | [1mINFO    [0m | [1m主流程规则分桶跳过: bucket=ten_x:YC苏州德运康瑞-2025年度自建库项目技术服务（委托）合同|S|客户-单细胞文库|NA|TENX+SCATTERED+MANUAL_RISK+IMBALANCE, count=4, reason=总量40.0G低于最小门槛1843.6G[0m
[32m2026-05-20 16:37:11[0m | [1mINFO    [0m | [1m主流程规则分桶跳过: bucket=ten_x:JQ_华西医院10X单细胞建库测序分析技术服务（委托）合同|S|10X转录组-3'文库|NA|TENX+MANUAL_RISK+IMBALANCE, count=2, reason=总量7.9G低于最小门槛1995.0G[0m
[32m2026-05-20 16:37:11[0m | [1mINFO    [0m | [1m主流程规则分桶跳过: bucket=ten_x:浙江大学国际健康医学研究院肿瘤完整基因组图谱计划一期（第一批）分析技术服务（委托）合同|S|10X转录组-3'文库|NA|TENX+MANUAL_RISK+IMBALANCE, count=2, reason=总量5.3G低于最小门槛1995.0G[0m
[32m2026-05-20 16:37:11[0m | [1mINFO    [0m | [1m主流程规则分桶跳过: bucket=ten_x:四川大学华西医院5例肺癌组织单细胞建库测序分析技术服务（委托）合同|S|10X转录组-3'文库|NA|TENX+MANUAL_RISK+IMBALANCE, count=1, reason=总量3.1G低于最小门槛1995.0G[0m
[32m2026-05-20 16:37:11[0m | [1mINFO    [0m | [1m主流程规则分桶跳过: bucket=ten_x:中山大学5个10X GENOMICS 3'单细胞转录组分析技术服务（委托）合同|S|10X转录组-3'文库|NA|TENX+MANUAL_RISK+IMBALANCE, count=1, reason=总量2.6G低于最小门槛1995.0G[0m
[32m2026-05-20 16:37:11[0m | [1mINFO    [0m | [1m主流程规则分桶跳过: bucket=ten_x:中山眼科35例单细胞转录组分析技术服务（委托）合同|S|10X转录组-3'文库|NA|TENX+MANUAL_RISK+IMBALANCE, count=1, reason=总量2.5G低于最小门槛1995.0G[0m
[32m2026-05-20 16:37:11[0m | [1mINFO    [0m | [1m主流程规则分桶预调度: bucket=general:铂安诺微生物建库测序技术服务（委托）合同|Z|DNA小片段文库|NA|NORMAL, count=28, data=2600.0G[0m
[32m2026-05-20 16:37:11[0m | [1mINFO    [0m | [1m开始逐Lane贪心排机 - 文库数: 28[0m
[32m2026-05-20 16:37:11[0m | [1mINFO    [0m | [1m预拆分完成: 使用外层已拆分文库[0m
[32m2026-05-20 16:37:11[0m | [1mINFO    [0m | [1m===== 批次全局分析报告 =====[0m
[32m2026-05-20 16:37:11[0m | [1mINFO    [0m | [1m机器类型: NovaSeq X Plus[0m
[32m2026-05-20 16:37:11[0m | [1mINFO    [0m | [1m文库总数: 28[0m
[32m2026-05-20 16:37:11[0m | [1mINFO    [0m | [1m总数据量: 2600.0 GB[0m
[32m2026-05-20 16:37:11[0m | [1mINFO    [0m | [1m预估Lane数: 3~3[0m
[32m2026-05-20 16:37:11[0m | [1mINFO    [0m | [1m--- 特征标记 ---[0m
[32m2026-05-20 16:37:11[0m | [1mINFO    [0m | [1m  包Lane文库: 无[0m
[32m2026-05-20 16:37:11[0m | [1mINFO    [0m | [1m  碱基不均衡: 无[0m
[32m2026-05-20 16:37:11[0m | [1mINFO    [0m | [1m  客户文库:   无[0m
[32m2026-05-20 16:37:11[0m | [1mINFO    [0m | [1m  10bp文库:   有[0m
[32m2026-05-20 16:37:11[0m | [1mINFO    [0m | [1m  非10bp文库: 无[0m
[32m2026-05-20 16:37:11[0m | [1mINFO    [0m | [1m  特殊组合:   无[0m
[32m2026-05-20 16:37:11[0m | [1mINFO    [0m | [1m--- 分组画像 ---[0m
[32m2026-05-20 16:37:11[0m | [1mINFO    [0m | [1m  [10bp] 10碱基文库: 28个文库, 2600.0GB, 预估3~3条Lane[0m
[32m2026-05-20 16:37:11[0m | [1mINFO    [0m | [1m  [all] 全部文库: 28个文库, 2600.0GB, 预估3~3条Lane[0m
[32m2026-05-20 16:37:11[0m | [1mINFO    [0m | [1m--- 策略建议 ---[0m
[32m2026-05-20 16:37:11[0m | [1mINFO    [0m | [1m  - 数据分布较均匀，可按常规贪心排机流程处理[0m
[32m2026-05-20 16:37:11[0m | [1mINFO    [0m | [1m===== 报告结束 =====[0m
[32m2026-05-20 16:37:11[0m | [1mINFO    [0m | [1m保留外部传入的策略执行计划，仅使用批次分析报告[0m
[32m2026-05-20 16:37:11[0m | [1mINFO    [0m | [1m处理机器类型 NovaSeq X Plus - 文库数: 28 - Lane容量: 1100GB, 利用率区间: [100%, 100%], 特殊文库上限: 350GB[0m
[32m2026-05-20 16:37:11[0m | [1mINFO    [0m | [1m第二轮排机: 28 个未分配文库（随机顺序）[0m
[32m2026-05-20 16:37:11[0m | [1mINFO    [0m | [1m第三轮排机: 28 个未分配文库（小文库优先）[0m
[32m2026-05-20 16:37:11[0m | [1mINFO    [0m | [1m连续5轮无新Lane且未分配池不变，提前结束无效重试[0m
[32m2026-05-20 16:37:11[0m | [1mINFO    [0m | [1m逐Lane贪心排机完成 - Lane数: 0, 已分配: 0/28, 未分配: 28, 平均利用率: 0.0%, 耗时: 0.01秒[0m
[32m2026-05-20 16:37:11[0m | [1mINFO    [0m | [1mIndex校验器初始化完成（真实数据验证版本）[0m
[32m2026-05-20 16:37:11[0m | [1mINFO    [0m | [1m成Lane校验程序初始化完成 (严格模式: False, 碱基不均衡上限: 35%, 特殊文库关键词: 9个)[0m
[32m2026-05-20 16:37:11[0m | [1mINFO    [0m | [1m最终验证结果: 0条Lane通过，28个文库未分配[0m
[32m2026-05-20 16:37:11[0m | [1mINFO    [0m | [1m主流程规则分桶预调度: bucket=general:浙江大学医学院附属第一医院28个原核转录组分析技术服务（委托）合同|Z|原核链特异性转录组文库|NA|NORMAL, count=21, data=1950.0G[0m
[32m2026-05-20 16:37:11[0m | [1mINFO    [0m | [1m开始逐Lane贪心排机 - 文库数: 21[0m
[32m2026-05-20 16:37:11[0m | [1mINFO    [0m | [1m预拆分完成: 使用外层已拆分文库[0m
[32m2026-05-20 16:37:11[0m | [1mINFO    [0m | [1m使用外部传入的全局分析报告（全量文库），跳过内部分析[0m
[32m2026-05-20 16:37:11[0m | [1mINFO    [0m | [1m处理机器类型 NovaSeq X Plus - 文库数: 21 - Lane容量: 1100GB, 利用率区间: [100%, 100%], 特殊文库上限: 350GB[0m
[32m2026-05-20 16:37:11[0m | [1mINFO    [0m | [1m第二轮排机: 21 个未分配文库（随机顺序）[0m
[32m2026-05-20 16:37:11[0m | [1mINFO    [0m | [1m第三轮排机: 21 个未分配文库（小文库优先）[0m
[32m2026-05-20 16:37:11[0m | [1mINFO    [0m | [1m连续5轮无新Lane且未分配池不变，提前结束无效重试[0m
[32m2026-05-20 16:37:11[0m | [1mINFO    [0m | [1m逐Lane贪心排机完成 - Lane数: 0, 已分配: 0/21, 未分配: 21, 平均利用率: 0.0%, 耗时: 0.01秒[0m
[32m2026-05-20 16:37:11[0m | [1mINFO    [0m | [1mIndex校验器初始化完成（真实数据验证版本）[0m
[32m2026-05-20 16:37:11[0m | [1mINFO    [0m | [1m成Lane校验程序初始化完成 (严格模式: False, 碱基不均衡上限: 35%, 特殊文库关键词: 9个)[0m
[32m2026-05-20 16:37:11[0m | [1mINFO    [0m | [1m最终验证结果: 0条Lane通过，21个文库未分配[0m
[32m2026-05-20 16:37:11[0m | [1mINFO    [0m | [1m主流程规则分桶跳过: bucket=general:交医68个PCR-小片段建库测序XPLUS技术服务（委托）合同|Z|动植物全基因组重测序文库|NA|NORMAL, count=7, reason=总量650.0G低于最小门槛995.0G[0m
[32m2026-05-20 16:37:11[0m | [1mINFO    [0m | [1m主流程规则分桶跳过: bucket=general:浙江大学100例链特+普转建库测序技术服务（委托）合同|Z|真核链特异性转录组文库|NA|NORMAL, count=7, reason=总量650.0G低于最小门槛995.0G[0m
[32m2026-05-20 16:37:11[0m | [1mINFO    [0m | [1m主流程规则分桶跳过: bucket=general:生物所54例宏基因组测序技术服务（委托）合同|Z|META文库|NA|NORMAL, count=2, reason=总量200.0G低于最小门槛2095.0G[0m
[32m2026-05-20 16:37:11[0m | [1mINFO    [0m | [1m主流程规则分桶跳过: bucket=general:河南大学三亚研究院戚赛鸽398个花生重测序育种分析技术服务（委托）合同|Z|DNA小片段文库|NA|NORMAL, count=2, reason=总量25.8G低于最小门槛995.0G[0m
[32m2026-05-20 16:37:11[0m | [1mINFO    [0m | [1m主流程规则分桶跳过: bucket=general:四川大学50个宏基因建库测序需CLEAN分析技术服务（委托）合同|Z|DNA小片段文库|NA|NORMAL, count=1, reason=总量15.0G低于最小门槛2095.0G[0m
[32m2026-05-20 16:37:11[0m | [1mINFO    [0m | [1m主流程规则分桶预调度完成: 分桶=77，桶后尾货=278个/12760.1G[0m
[32m2026-05-20 16:37:11[0m | [1mINFO    [0m | [1m主流程尾货统一补排启动: count=278, data=12760.1G[0m
[32m2026-05-20 16:37:11[0m | [1mINFO    [0m | [1m开始逐Lane贪心排机 - 文库数: 278[0m
[32m2026-05-20 16:37:11[0m | [1mINFO    [0m | [1m预拆分完成: 使用外层已拆分文库[0m
[32m2026-05-20 16:37:11[0m | [1mINFO    [0m | [1m使用外部传入的全局分析报告（全量文库），跳过内部分析[0m
[32m2026-05-20 16:37:11[0m | [1mINFO    [0m | [1m处理机器类型 Nova X-25B - 文库数: 189 - Lane容量: 1050.0GB, 利用率区间: [100%, 100%], 特殊文库上限: 350GB[0m
[32m2026-05-20 16:37:11[0m | [1mINFO    [0m | [1m碱基不均衡专用Lane策略: 7个碱基不均衡文库[0m
[32m2026-05-20 16:37:11[0m | [1mINFO    [0m | [1m专用Lane分组G25剩余合同量66.0G无法满足1.1或3.6T-NEW有效容量下限[0m
[32m2026-05-20 16:37:11[0m | [1mINFO    [0m | [1m专用Lane分组G26剩余合同量6.0G无法满足1.1或3.6T-NEW有效容量下限[0m
[32m2026-05-20 16:37:11[0m | [1mINFO    [0m | [1m形成0条专用Lane，剩余7个碱基不均衡文库[0m
[32m2026-05-20 16:37:11[0m | [33m[1mWARNING [0m | [33m[1m剩余 92 个文库无法分配（全部有约束冲突）[0m
[32m2026-05-20 16:37:11[0m | [1mINFO    [0m | [1m第二轮排机: 190 个未分配文库（随机顺序）[0m
[32m2026-05-20 16:37:12[0m | [33m[1mWARNING [0m | [33m[1m剩余 93 个文库无法分配（全部有约束冲突）[0m
[32m2026-05-20 16:37:12[0m | [1mINFO    [0m | [1m第三轮排机: 191 个未分配文库（小文库优先）[0m
[32m2026-05-20 16:37:12[0m | [33m[1mWARNING [0m | [33m[1m剩余 94 个文库无法分配（全部有约束冲突）[0m
[32m2026-05-20 16:37:12[0m | [33m[1mWARNING [0m | [33m[1m剩余 95 个文库无法分配（全部有约束冲突）[0m
[32m2026-05-20 16:37:13[0m | [33m[1mWARNING [0m | [33m[1m剩余 96 个文库无法分配（全部有约束冲突）[0m
[32m2026-05-20 16:37:13[0m | [33m[1mWARNING [0m | [33m[1m剩余 97 个文库无法分配（全部有约束冲突）[0m
[32m2026-05-20 16:37:13[0m | [33m[1mWARNING [0m | [33m[1m剩余 98 个文库无法分配（全部有约束冲突）[0m
[32m2026-05-20 16:37:14[0m | [33m[1mWARNING [0m | [33m[1m剩余 99 个文库无法分配（全部有约束冲突）[0m
[32m2026-05-20 16:37:14[0m | [33m[1mWARNING [0m | [33m[1m剩余 100 个文库无法分配（全部有约束冲突）[0m
[32m2026-05-20 16:37:15[0m | [33m[1mWARNING [0m | [33m[1m剩余 101 个文库无法分配（全部有约束冲突）[0m
[32m2026-05-20 16:37:15[0m | [33m[1mWARNING [0m | [33m[1m剩余 102 个文库无法分配（全部有约束冲突）[0m
[32m2026-05-20 16:37:15[0m | [1mINFO    [0m | [1m连续8轮无新Lane，停止尝试[0m
[32m2026-05-20 16:37:15[0m | [1mINFO    [0m | [1m专用Lane分组G25剩余合同量66.0G无法满足1.1或3.6T-NEW有效容量下限[0m
[32m2026-05-20 16:37:15[0m | [1mINFO    [0m | [1m专用Lane分组G26剩余合同量6.0G无法满足1.1或3.6T-NEW有效容量下限[0m
[32m2026-05-20 16:37:15[0m | [1mINFO    [0m | [1m专用Lane创建完成: 0条Lane, 7个碱基不均衡文库待分配, 193个中性文库待分配[0m
[32m2026-05-20 16:37:15[0m | [1mINFO    [0m | [1m处理机器类型 NovaSeq X Plus - 文库数: 89 - Lane容量: 1100GB, 利用率区间: [100%, 100%], 特殊文库上限: 350GB[0m
[32m2026-05-20 16:37:15[0m | [1mINFO    [0m | [1m碱基不均衡专用Lane策略: 20个碱基不均衡文库[0m
[32m2026-05-20 16:37:15[0m | [1mINFO    [0m | [1m专用Lane分组G31剩余合同量42.8G无法满足1.1或3.6T-NEW有效容量下限[0m
[32m2026-05-20 16:37:15[0m | [1mINFO    [0m | [1m专用Lane分组G34剩余合同量500.0G无法满足1.1或3.6T-NEW有效容量下限[0m
[32m2026-05-20 16:37:15[0m | [1mINFO    [0m | [1m专用Lane分组G4剩余合同量689.4G无法满足1.1或3.6T-NEW有效容量下限[0m
[32m2026-05-20 16:37:15[0m | [1mINFO    [0m | [1m形成0条专用Lane，剩余20个碱基不均衡文库[0m
[32m2026-05-20 16:37:15[0m | [1mINFO    [0m | [1m第二轮排机: 76 个未分配文库（随机顺序）[0m
[32m2026-05-20 16:37:15[0m | [1mINFO    [0m | [1m第三轮排机: 76 个未分配文库（小文库优先）[0m
[32m2026-05-20 16:37:15[0m | [1mINFO    [0m | [1m连续5轮无新Lane且未分配池不变，提前结束无效重试[0m
[32m2026-05-20 16:37:15[0m | [1mINFO    [0m | [1m专用Lane分组G31剩余合同量42.8G无法满足1.1或3.6T-NEW有效容量下限[0m
[32m2026-05-20 16:37:15[0m | [1mINFO    [0m | [1m专用Lane分组G34剩余合同量500.0G无法满足1.1或3.6T-NEW有效容量下限[0m
[32m2026-05-20 16:37:15[0m | [1mINFO    [0m | [1m专用Lane分组G4剩余合同量689.4G无法满足1.1或3.6T-NEW有效容量下限[0m
[32m2026-05-20 16:37:15[0m | [1mINFO    [0m | [1m专用Lane创建完成: 0条Lane, 20个碱基不均衡文库待分配, 56个中性文库待分配[0m
[32m2026-05-20 16:37:15[0m | [1mINFO    [0m | [1m最后填充策略: 尝试将276个未分配文库塞入已有Lane[0m
[32m2026-05-20 16:37:15[0m | [1mINFO    [0m | [1m最后填充策略: 成功塞入26个文库，踢出17个违反规则的文库，剩余246个无法分配[0m
[32m2026-05-20 16:37:15[0m | [33m[1mWARNING [0m | [33m[1m最后填充策略未分配池重建修正: 旧算法=263个，新算法=248个[0m
[32m2026-05-20 16:37:15[0m | [1mINFO    [0m | [1m挪移优化: 未分配数据量11656GB已足够，尝试精选组建新Lane[0m
[32m2026-05-20 16:37:15[0m | [1mINFO    [0m | [1m残余精选: 内部98个, 客户150个[0m
[32m2026-05-20 16:37:15[0m | [1mINFO    [0m | [1mIndex校验器初始化完成（真实数据验证版本）[0m
[32m2026-05-20 16:37:15[0m | [1mINFO    [0m | [1m成Lane校验程序初始化完成 (严格模式: True, 碱基不均衡上限: 35%, 特殊文库关键词: 9个)[0m
[32m2026-05-20 16:37:15[0m | [1mINFO    [0m | [1m残余精选: 成功创建DL_NovaSeq X Plus_001，12个文库，1105GB，客户占比0.0%[0m
[32m2026-05-20 16:37:15[0m | [1mINFO    [0m | [1m残余精选: 剩余236个文库无法分配[0m
[32m2026-05-20 16:37:15[0m | [1mINFO    [0m | [1m逐Lane贪心排机完成 - Lane数: 2, 已分配: 42/278, 未分配: 236, 平均利用率: 102.8%, 耗时: 4.60秒[0m
[32m2026-05-20 16:37:15[0m | [1mINFO    [0m | [1mIndex校验器初始化完成（真实数据验证版本）[0m
[32m2026-05-20 16:37:15[0m | [1mINFO    [0m | [1m成Lane校验程序初始化完成 (严格模式: False, 碱基不均衡上限: 35%, 特殊文库关键词: 9个)[0m
[32m2026-05-20 16:37:15[0m | [1mINFO    [0m | [1m最终验证结果: 2条Lane通过，236个文库未分配[0m
[32m2026-05-20 16:37:15[0m | [1mINFO    [0m | [1mwkspecialsplits边排边检查完成: 无需调整[0m
[32m2026-05-20 16:37:15[0m | [1mINFO    [0m | [1m验证完成：2条Lane通过验证[0m
[32m2026-05-20 16:37:15[0m | [1mINFO    [0m | [1m57规则二次改排救援已关闭，失败Lane文库回收到未分配池[0m
[32m2026-05-20 16:37:15[0m | [1mINFO    [0m | [1m补Lane尝试: variant=manual_or_risk:YC2025年武汉序拓生物自建库PE150测序技术服务（委托）合同|S|客户-ATAC-SEQ文库|NA|SCATTERED+MANUAL_RISK+IMBALANCE, lane_prefix=EX, pool_size=5, pool_data=2100.000G, prioritize_scattered_mix=True[0m
[32m2026-05-20 16:37:15[0m | [1mINFO    [0m | [1m补Lane尝试: variant=general:铂安诺微生物建库测序技术服务（委托）合同|Z|DNA小片段文库|NA|NORMAL, lane_prefix=EX, pool_size=26, pool_data=2414.286G, prioritize_scattered_mix=True[0m
[32m2026-05-20 16:37:15[0m | [1mINFO    [0m | [1m补Lane尝试: variant=general:浙江大学医学院附属第一医院28个原核转录组分析技术服务（委托）合同|Z|原核链特异性转录组文库|NA|NORMAL, lane_prefix=EX, pool_size=18, pool_data=1671.429G, prioritize_scattered_mix=True[0m
[32m2026-05-20 16:37:15[0m | [1mINFO    [0m | [1m补Lane尝试: variant=full_priority, lane_prefix=EX, pool_size=236, pool_data=10550.952G, prioritize_scattered_mix=True[0m
[32m2026-05-20 16:37:15[0m | [1mINFO    [0m | [1m全局优先级硬约束生效: stage=EX_build, 当前允许P0/P1(临检/SJ+YC)参与，暂缓较低优先级文库92个[0m
[32m2026-05-20 16:37:15[0m | [1mINFO    [0m | [1m补Lane尝试: variant=non_clinical_priority, lane_prefix=EX, pool_size=233, pool_data=10538.952G, prioritize_scattered_mix=True[0m
[32m2026-05-20 16:37:15[0m | [1mINFO    [0m | [1m全局优先级硬约束生效: stage=EX_build, 当前允许P0/P1(临检/SJ+YC)参与，暂缓较低优先级文库92个[0m
[32m2026-05-20 16:37:15[0m | [1mINFO    [0m | [1m补Lane尝试: variant=non_clinical_relaxed, lane_prefix=EX, pool_size=233, pool_data=10538.952G, prioritize_scattered_mix=False[0m
[32m2026-05-20 16:37:15[0m | [1mINFO    [0m | [1m全局优先级硬约束生效: stage=EX_build, 当前允许P0/P1(临检/SJ+YC)参与，暂缓较低优先级文库92个[0m
[32m2026-05-20 16:37:17[0m | [1mINFO    [0m | [1m补Lane尝试: variant=other_only_relaxed, lane_prefix=EX, pool_size=92, pool_data=6227.233G, prioritize_scattered_mix=False[0m
[32m2026-05-20 16:37:17[0m | [1mINFO    [0m | [1m补Lane尝试: variant=general:铂安诺微生物建库测序技术服务（委托）合同|Z|DNA小片段文库|NA|NORMAL, lane_prefix=EX, pool_size=22, pool_data=2042.857G, prioritize_scattered_mix=True[0m
[32m2026-05-20 16:37:17[0m | [1mINFO    [0m | [1m补Lane尝试: variant=general:浙江大学医学院附属第一医院28个原核转录组分析技术服务（委托）合同|Z|原核链特异性转录组文库|NA|NORMAL, lane_prefix=EX, pool_size=15, pool_data=1392.857G, prioritize_scattered_mix=True[0m
[32m2026-05-20 16:37:17[0m | [1mINFO    [0m | [1m补Lane尝试: variant=full_priority, lane_prefix=EX, pool_size=221, pool_data=9505.238G, prioritize_scattered_mix=True[0m
[32m2026-05-20 16:37:17[0m | [1mINFO    [0m | [1m全局优先级硬约束生效: stage=EX_build, 当前允许P0/P1(临检/SJ+YC)参与，暂缓较低优先级文库77个[0m
[32m2026-05-20 16:37:17[0m | [1mINFO    [0m | [1m补Lane尝试: variant=non_clinical_priority, lane_prefix=EX, pool_size=218, pool_data=9493.238G, prioritize_scattered_mix=True[0m
[32m2026-05-20 16:37:17[0m | [1mINFO    [0m | [1m全局优先级硬约束生效: stage=EX_build, 当前允许P0/P1(临检/SJ+YC)参与，暂缓较低优先级文库77个[0m
[32m2026-05-20 16:37:17[0m | [1mINFO    [0m | [1m补Lane尝试: variant=non_clinical_relaxed, lane_prefix=EX, pool_size=218, pool_data=9493.238G, prioritize_scattered_mix=False[0m
[32m2026-05-20 16:37:17[0m | [1mINFO    [0m | [1m全局优先级硬约束生效: stage=EX_build, 当前允许P0/P1(临检/SJ+YC)参与，暂缓较低优先级文库77个[0m
[32m2026-05-20 16:37:19[0m | [1mINFO    [0m | [1m补Lane尝试: variant=other_only_relaxed, lane_prefix=EX, pool_size=77, pool_data=5181.519G, prioritize_scattered_mix=False[0m
[32m2026-05-20 16:37:19[0m | [1mINFO    [0m | [1mLane数量提升新增Lane数: 2[0m
[32m2026-05-20 16:37:19[0m | [1mINFO    [0m | [1m补Lane尝试: variant=manual_or_risk:YC2025年武汉序拓生物自建库PE150测序技术服务（委托）合同|S|客户-ATAC-SEQ文库|NA|SCATTERED+MANUAL_RISK+IMBALANCE, lane_prefix=RB, pool_size=5, pool_data=2100.000G, prioritize_scattered_mix=True[0m
[32m2026-05-20 16:37:19[0m | [1mINFO    [0m | [1m补Lane尝试: variant=general:铂安诺微生物建库测序技术服务（委托）合同|Z|DNA小片段文库|NA|NORMAL, lane_prefix=RB, pool_size=19, pool_data=1764.286G, prioritize_scattered_mix=True[0m
[32m2026-05-20 16:37:19[0m | [1mINFO    [0m | [1m补Lane尝试: variant=general:浙江大学医学院附属第一医院28个原核转录组分析技术服务（委托）合同|Z|原核链特异性转录组文库|NA|NORMAL, lane_prefix=RB, pool_size=12, pool_data=1114.286G, prioritize_scattered_mix=True[0m
[32m2026-05-20 16:37:19[0m | [1mINFO    [0m | [1m补Lane尝试: variant=full_priority, lane_prefix=RB, pool_size=205, pool_data=8420.381G, prioritize_scattered_mix=True[0m
[32m2026-05-20 16:37:19[0m | [1mINFO    [0m | [1m全局优先级硬约束生效: stage=RB_build, 当前允许P0/P1(临检/SJ+YC)参与，暂缓较低优先级文库61个[0m
[32m2026-05-20 16:37:19[0m | [1mINFO    [0m | [1m补Lane尝试: variant=non_clinical_priority, lane_prefix=RB, pool_size=202, pool_data=8408.381G, prioritize_scattered_mix=True[0m
[32m2026-05-20 16:37:19[0m | [1mINFO    [0m | [1m全局优先级硬约束生效: stage=RB_build, 当前允许P0/P1(临检/SJ+YC)参与，暂缓较低优先级文库61个[0m
[32m2026-05-20 16:37:19[0m | [1mINFO    [0m | [1m补Lane尝试: variant=non_clinical_relaxed, lane_prefix=RB, pool_size=202, pool_data=8408.381G, prioritize_scattered_mix=False[0m
[32m2026-05-20 16:37:19[0m | [1mINFO    [0m | [1m全局优先级硬约束生效: stage=RB_build, 当前允许P0/P1(临检/SJ+YC)参与，暂缓较低优先级文库61个[0m
[32m2026-05-20 16:37:21[0m | [1mINFO    [0m | [1m补Lane尝试: variant=other_only_relaxed, lane_prefix=RB, pool_size=61, pool_data=4096.662G, prioritize_scattered_mix=False[0m
[32m2026-05-20 16:37:21[0m | [1mINFO    [0m | [1m跨Lane多文库交换完成：新增1条，剩余未分配190个[0m
[32m2026-05-20 16:37:21[0m | [1mINFO    [0m | [1mIndex校验器初始化完成（真实数据验证版本）[0m
[32m2026-05-20 16:37:21[0m | [1mINFO    [0m | [1m成Lane校验程序初始化完成 (严格模式: True, 碱基不均衡上限: 35%, 特殊文库关键词: 9个)[0m
[32m2026-05-20 16:37:21[0m | [1mINFO    [0m | [1mLane PKG_LANE_0002 尝试补平衡文库模板: sample_id=phix, test_no=Novaseq X Plus-PE150, index_seq=GGGGGGGGGG;ACCGAGATCT[0m
[32m2026-05-20 16:37:21[0m | [1mINFO    [0m | [1mLane PKG_LANE_0002 平衡文库补充成功: sample_id=phix, 数据量=100.000G[0m
[32m2026-05-20 16:37:21[0m | [1mINFO    [0m | [1mLane PKG_LANE_0003 尝试补平衡文库模板: sample_id=phix, test_no=Novaseq X Plus-PE150, index_seq=GGGGGGGGGG;ACCGAGATCT[0m
[32m2026-05-20 16:37:21[0m | [1mINFO    [0m | [1mLane PKG_LANE_0003 平衡文库补充成功: sample_id=phix, 数据量=100.000G[0m
[32m2026-05-20 16:37:21[0m | [1mINFO    [0m | [1mLane PKG_LANE_0004 尝试补平衡文库模板: sample_id=phix, test_no=Novaseq X Plus-PE150, index_seq=GGGGGGGGGG;ACCGAGATCT[0m
[32m2026-05-20 16:37:21[0m | [1mINFO    [0m | [1mLane PKG_LANE_0004 平衡文库补充成功: sample_id=phix, 数据量=100.000G[0m
[32m2026-05-20 16:37:21[0m | [1mINFO    [0m | [1mLane PKG_LANE_0005 尝试补平衡文库模板: sample_id=phix, test_no=Novaseq X Plus-PE150, index_seq=GGGGGGGGGG;ACCGAGATCT[0m
[32m2026-05-20 16:37:21[0m | [1mINFO    [0m | [1mLane PKG_LANE_0005 平衡文库补充成功: sample_id=phix, 数据量=100.000G[0m
[32m2026-05-20 16:37:21[0m | [1mINFO    [0m | [1mLane PKG_LANE_0006 尝试补平衡文库模板: sample_id=phix, test_no=Novaseq X Plus-PE150, index_seq=GGGGGGGGGG;ACCGAGATCT[0m
[32m2026-05-20 16:37:21[0m | [1mINFO    [0m | [1mLane PKG_LANE_0006 平衡文库补充成功: sample_id=phix, 数据量=100.000G[0m
[32m2026-05-20 16:37:21[0m | [1mINFO    [0m | [1mLane PKG_LANE_0007 尝试补平衡文库模板: sample_id=phix, test_no=Novaseq X Plus-PE150, index_seq=GGGGGGGGGG;ACCGAGATCT[0m
[32m2026-05-20 16:37:21[0m | [1mINFO    [0m | [1mLane PKG_LANE_0007 平衡文库补充成功: sample_id=phix, 数据量=100.000G[0m
[32m2026-05-20 16:37:21[0m | [1mINFO    [0m | [1mLane PKG_LANE_0008 尝试补平衡文库模板: sample_id=phix, test_no=Novaseq X Plus-PE150, index_seq=GGGGGGGGGG;ACCGAGATCT[0m
[32m2026-05-20 16:37:21[0m | [1mINFO    [0m | [1mLane PKG_LANE_0008 平衡文库补充成功: sample_id=phix, 数据量=100.000G[0m
[32m2026-05-20 16:37:21[0m | [1mINFO    [0m | [1mLane PKG_LANE_0009 尝试补平衡文库模板: sample_id=phix, test_no=Novaseq X Plus-PE150, index_seq=GGGGGGGGGG;ACCGAGATCT[0m
[32m2026-05-20 16:37:21[0m | [1mINFO    [0m | [1mLane PKG_LANE_0009 平衡文库补充成功: sample_id=phix, 数据量=100.000G[0m
[32m2026-05-20 16:37:21[0m | [1mINFO    [0m | [1mLane PKG_LANE_0001 尝试补平衡文库模板: sample_id=phix, test_no=Novaseq X Plus-PE150, index_seq=GGGGGGGGGG;ACCGAGATCT[0m
[32m2026-05-20 16:37:21[0m | [1mINFO    [0m | [1mLane PKG_LANE_0001 平衡文库补充成功: sample_id=phix, 数据量=100.000G[0m
[32m2026-05-20 16:37:21[0m | [1mINFO    [0m | [1mLane LS_NovaX-25B_001 尝试补平衡文库模板: sample_id=phix, test_no=Novaseq X Plus-PE150, index_seq=GGGGGGGGGG;ACCGAGATCT[0m
[32m2026-05-20 16:37:21[0m | [1mINFO    [0m | [1mLane LS_NovaX-25B_001 平衡文库补充成功: sample_id=phix, 数据量=50.000G[0m
[32m2026-05-20 16:37:21[0m | [1mINFO    [0m | [1mLane LS_NovaX-25B_002 尝试补平衡文库模板: sample_id=phix, test_no=Novaseq X Plus-PE150, index_seq=GGGGGGGGGG;ACCGAGATCT[0m
[32m2026-05-20 16:37:21[0m | [1mINFO    [0m | [1mLane LS_NovaX-25B_002 平衡文库补充成功: sample_id=phix, 数据量=49.974G[0m
[32m2026-05-20 16:37:21[0m | [1mINFO    [0m | [1m预构建Lane平衡文库前置处理完成: 需补平衡文库Lane=11，成功=11，失败移除=0，专Lane保留=0[0m
[32m2026-05-20 16:37:21[0m | [33m[1mWARNING [0m | [33m[1mLane GL_Nova X-25B_002 终态过滤淘汰: 含按规则应拆分文库但不是3.6T-NEW模式，应拆分文库只能排入3.6T-NEW Lane[0m
[32m2026-05-20 16:37:21[0m | [33m[1mWARNING [0m | [33m[1mLane GL_Nova X-25B_042 终态过滤淘汰: 含按规则应拆分文库但不是3.6T-NEW模式，应拆分文库只能排入3.6T-NEW Lane[0m
[32m2026-05-20 16:37:21[0m | [33m[1mWARNING [0m | [33m[1mLane GL_Nova X-25B_036 终态过滤淘汰: 含按规则应拆分文库但不是3.6T-NEW模式，应拆分文库只能排入3.6T-NEW Lane[0m
[32m2026-05-20 16:37:21[0m | [33m[1mWARNING [0m | [33m[1mLane GL_Nova X-25B_050 终态过滤淘汰: 含按规则应拆分文库但不是3.6T-NEW模式，应拆分文库只能排入3.6T-NEW Lane[0m
[32m2026-05-20 16:37:21[0m | [33m[1mWARNING [0m | [33m[1mLane GL_Nova X-25B_002 终态过滤淘汰: 含按规则应拆分文库但不是3.6T-NEW模式，应拆分文库只能排入3.6T-NEW Lane[0m
[32m2026-05-20 16:37:21[0m | [33m[1mWARNING [0m | [33m[1mLane GL_Nova X-25B_062 终态过滤淘汰: 含按规则应拆分文库但不是3.6T-NEW模式，应拆分文库只能排入3.6T-NEW Lane[0m
[32m2026-05-20 16:37:21[0m | [33m[1mWARNING [0m | [33m[1mLane GL_Nova X-25B_002 终态过滤淘汰: 含按规则应拆分文库但不是3.6T-NEW模式，应拆分文库只能排入3.6T-NEW Lane[0m
[32m2026-05-20 16:37:21[0m | [33m[1mWARNING [0m | [33m[1mLane GL_Nova X-25B_050 终态过滤淘汰: 含按规则应拆分文库但不是3.6T-NEW模式，应拆分文库只能排入3.6T-NEW Lane[0m
[32m2026-05-20 16:37:21[0m | [33m[1mWARNING [0m | [33m[1mLane GL_Nova X-25B_001 终态过滤淘汰: ['Lane有效数据量144.7G(原始144.7G+平衡0.0G)低于下限2095G，规则=tj_1595_mode_1_1，需添加约1950.3G的文库'][0m
[32m2026-05-20 16:37:21[0m | [33m[1mWARNING [0m | [33m[1mLane DL_NovaSeq X Plus_001 终态过滤淘汰: ['Lane有效数据量1037.5G(原始1037.5G+平衡0.0G)低于下限1995G，规则=tj_1595_mode_1_1_special_combo，需添加约957.5G的文库'][0m
[32m2026-05-20 16:37:21[0m | [33m[1mWARNING [0m | [33m[1mLane DL_NovaSeq X Plus_002 终态过滤淘汰: ['Lane有效数据量1000.0G(原始1000.0G+平衡0.0G)低于下限1995G，规则=tj_1595_mode_1_1_special_combo，需添加约995.0G的文库'][0m
[32m2026-05-20 16:37:21[0m | [33m[1mWARNING [0m | [33m[1mLane EX_Nova X-25B_009 终态过滤淘汰: ['手工/客户侧与产线混合Lane少数侧占比1.0%不符合规则(应>=5%)', 'Lane有效数据量2052.9G(原始2052.9G+平衡0.0G)低于下限2095G，规则=tj_1595_mode_1_1，需添加约42.1G的文库'][0m
[32m2026-05-20 16:37:21[0m | [33m[1mWARNING [0m | [33m[1mLane RB_Nova X-25B_005 终态过滤淘汰: ['Lane有效数据量2037.0G(原始2037.0G+平衡0.0G)低于下限2095G，规则=tj_1595_mode_1_1，需添加约58.0G的文库'][0m
[32m2026-05-20 16:37:21[0m | [1mINFO    [0m | [1m
合并19条预构建Lane到最终结果（过滤掉13条未通过严格校验的预构建Lane）[0m
[32m2026-05-20 16:37:21[0m | [1mINFO    [0m | [1m最终Lane总数: 24 (预构建Lane: 19, 普通Lane: 5)[0m
[32m2026-05-20 16:37:21[0m | [1mINFO    [0m | [1m全局预拆分回滚完成: 9个原始文库因拆分子文库未全部成Lane而回滚[0m
[32m2026-05-20 16:37:21[0m | [1mINFO    [0m | [1m全局优先级硬约束跳过整Lane移除 LS_NovaX-25B_001: 当前允许P0(仅临检/SJ)参与，但高优先级池无法重组出合法Lane，保留原Lane[0m
[32m2026-05-20 16:37:21[0m | [1mINFO    [0m | [1m全局优先级硬约束跳过Lane裁剪 LS_NovaX-25B_002: 裁剪后会失效，且高优先级池无法重组合法Lane，保留原Lane[0m
[32m2026-05-20 16:37:21[0m | [1mINFO    [0m | [1m全局优先级硬约束跳过整Lane移除 GL_NovaSeq X Plus_001: 当前允许P0(仅临检/SJ)参与，但高优先级池无法重组出合法Lane，保留原Lane[0m
[32m2026-05-20 16:37:21[0m | [1mINFO    [0m | [1m全局优先级硬约束跳过整Lane移除 GL_NovaSeq X Plus_002: 当前允许P0(仅临检/SJ)参与，但高优先级池无法重组出合法Lane，保留原Lane[0m
[32m2026-05-20 16:37:21[0m | [1mINFO    [0m | [1m全局优先级硬约束跳过整Lane移除 GL_NovaSeq X Plus_003: 当前允许P0(仅临检/SJ)参与，但高优先级池无法重组出合法Lane，保留原Lane[0m
[32m2026-05-20 16:37:21[0m | [1mINFO    [0m | [1m全局优先级硬约束跳过整Lane移除 GL_NovaSeq X Plus_004: 当前允许P0(仅临检/SJ)参与，但高优先级池无法重组出合法Lane，保留原Lane[0m
[32m2026-05-20 16:37:21[0m | [1mINFO    [0m | [1m全局优先级硬约束跳过整Lane移除 GL_NovaSeq X Plus_005: 当前允许P0(仅临检/SJ)参与，但高优先级池无法重组出合法Lane，保留原Lane[0m
[32m2026-05-20 16:37:21[0m | [1mINFO    [0m | [1m全局优先级硬约束跳过整Lane移除 GL_Nova X-25B_002: 当前允许P0(仅临检/SJ)参与，但高优先级池无法重组出合法Lane，保留原Lane[0m
[32m2026-05-20 16:37:21[0m | [1mINFO    [0m | [1m全局优先级硬约束跳过整Lane移除 EX_Nova X-25B_005: 当前允许P0(仅临检/SJ)参与，但高优先级池无法重组出合法Lane，保留原Lane[0m
[32m2026-05-20 16:37:21[0m | [1mINFO    [0m | [1m全局优先级硬约束跳过整Lane移除 GL_Nova X-25B_001: 当前允许P0(仅临检/SJ)参与，但高优先级池无法重组出合法Lane，保留原Lane[0m
[32m2026-05-20 16:37:21[0m | [1mINFO    [0m | [1m全局优先级硬约束跳过Lane裁剪 GL_NovaSeq X Plus_001: 裁剪后会失效，且高优先级池无法重组合法Lane，保留原Lane[0m
[32m2026-05-20 16:37:21[0m | [1mINFO    [0m | [1m全局优先级硬约束跳过整Lane移除 DL_NovaSeq X Plus_001: 当前允许P0(仅临检/SJ)参与，但高优先级池无法重组出合法Lane，保留原Lane[0m
[32m2026-05-20 16:37:21[0m | [1mINFO    [0m | [1m全局优先级硬约束跳过整Lane移除 EX_NovaSeq X Plus_007: 当前允许P0(仅临检/SJ)参与，但高优先级池无法重组出合法Lane，保留原Lane[0m
[32m2026-05-20 16:37:21[0m | [1mINFO    [0m | [1m全局优先级硬约束跳过整Lane移除 EX_NovaSeq X Plus_013: 当前允许P0(仅临检/SJ)参与，但高优先级池无法重组出合法Lane，保留原Lane[0m
[32m2026-05-20 16:37:21[0m | [1mINFO    [0m | [1m全局优先级硬约束跳过整Lane移除 RB_NovaSeq X Plus_007: 当前允许P0(仅临检/SJ)参与，但高优先级池无法重组出合法Lane，保留原Lane[0m
[32m2026-05-20 16:37:21[0m | [1mINFO    [0m | [1m全局优先级硬约束收口完成: 调整Lane=15，移除Lane=0，暂缓较低优先级文库=0[0m
[32m2026-05-20 16:37:21[0m | [1mINFO    [0m | [1m全局优先级硬约束收口后: 最终Lane数=24，未分配文库=519[0m
[32m2026-05-20 16:37:21[0m | [1mINFO    [0m | [1m分层重组救援（大池降配）: 未分配=519个/24944.1G，每机台每阶段限 4 条[0m
[32m2026-05-20 16:37:22[0m | [1mINFO    [0m | [1m补Lane尝试: variant=general:林大300个样本的DNA小片段建库测序分析技术服务（委托）合同|Z|微生物常规小片段文库|NA|NORMAL, lane_prefix=MG, pool_size=36, pool_data=6500.000G, prioritize_scattered_mix=True[0m
[32m2026-05-20 16:37:22[0m | [1mINFO    [0m | [1m补Lane尝试: variant=general:林大300个样本的DNA小片段建库测序分析技术服务（委托）合同|Z|微生物常规小片段文库|NA|NORMAL:relaxed, lane_prefix=MG, pool_size=36, pool_data=6500.000G, prioritize_scattered_mix=False[0m
[32m2026-05-20 16:37:22[0m | [1mINFO    [0m | [1m补Lane尝试: variant=general:林大300个样本的DNA小片段建库测序分析技术服务（委托）合同|Z|微生物常规小片段文库|NA|NORMAL, lane_prefix=MG, pool_size=30, pool_data=5400.000G, prioritize_scattered_mix=True[0m
[32m2026-05-20 16:37:22[0m | [1mINFO    [0m | [1m补Lane尝试: variant=non_clinical_relaxed, lane_prefix=MG, pool_size=30, pool_data=5400.000G, prioritize_scattered_mix=False[0m
[32m2026-05-20 16:37:22[0m | [1mINFO    [0m | [1m补Lane跳过汇总: lane_prefix=PG, machine=Nova X-25B, reason_top=[严格构Lane失败x1, 同池严格失败缓存命中x1][0m
[32m2026-05-20 16:37:22[0m | [1mINFO    [0m | [1m补Lane尝试: variant=full_priority, lane_prefix=PG, pool_size=16, pool_data=1149.658G, prioritize_scattered_mix=True[0m
[32m2026-05-20 16:37:22[0m | [1mINFO    [0m | [1m补Lane尝试: variant=non_clinical_relaxed, lane_prefix=PG, pool_size=16, pool_data=1149.658G, prioritize_scattered_mix=False[0m
[32m2026-05-20 16:37:22[0m | [1mINFO    [0m | [1m补Lane跳过汇总: lane_prefix=PG, machine=Nova X-25B, reason_top=[总量500.0G低于最小门槛2074.1Gx1, 总量300.0G低于最小门槛2074.1Gx1, 总量200.0G低于最小门槛2074.1Gx1, 总量117.7G低于最小门槛985.0Gx1][0m
[32m2026-05-20 16:37:22[0m | [1mINFO    [0m | [1m补Lane尝试: variant=manual_or_risk:医学委托科服混样子项目|S|IDT全外文库|NA|SCATTERED+MANUAL_RISK, lane_prefix=PG, pool_size=14, pool_data=1134.000G, prioritize_scattered_mix=True[0m
[32m2026-05-20 16:37:22[0m | [1mINFO    [0m | [1m补Lane尝试: variant=manual_or_risk:医学委托科服混样子项目|S|IDT全外文库|NA|SCATTERED+MANUAL_RISK, lane_prefix=RM, pool_size=14, pool_data=1134.000G, prioritize_scattered_mix=True[0m
[32m2026-05-20 16:37:22[0m | [1mINFO    [0m | [1m补Lane尝试: variant=general:林大300个样本的DNA小片段建库测序分析技术服务（委托）合同|Z|微生物常规小片段文库|NA|NORMAL, lane_prefix=RM, pool_size=24, pool_data=4300.000G, prioritize_scattered_mix=True[0m
[32m2026-05-20 16:37:22[0m | [1mINFO    [0m | [1m补Lane尝试: variant=full_priority, lane_prefix=RM, pool_size=498, pool_data=16894.081G, prioritize_scattered_mix=True[0m
[32m2026-05-20 16:37:22[0m | [1mINFO    [0m | [1m全局优先级硬约束生效: stage=RM_build, 当前允许P0(仅临检/SJ)参与，暂缓较低优先级文库329个[0m
[32m2026-05-20 16:37:22[0m | [1mINFO    [0m | [1m补Lane尝试: variant=non_clinical_priority, lane_prefix=RM, pool_size=329, pool_data=14138.581G, prioritize_scattered_mix=True[0m
[32m2026-05-20 16:37:22[0m | [1mINFO    [0m | [1m全局优先级硬约束生效: stage=RM_build, 当前允许P0/P1(临检/SJ+YC)参与，暂缓较低优先级文库186个[0m
[32m2026-05-20 16:37:22[0m | [1mINFO    [0m | [1m补Lane尝试: variant=non_clinical_relaxed, lane_prefix=RM, pool_size=329, pool_data=14138.581G, prioritize_scattered_mix=False[0m
[32m2026-05-20 16:37:22[0m | [1mINFO    [0m | [1m全局优先级硬约束生效: stage=RM_build, 当前允许P0/P1(临检/SJ+YC)参与，暂缓较低优先级文库186个[0m
[32m2026-05-20 16:37:29[0m | [1mINFO    [0m | [1m补Lane尝试: variant=other_only_relaxed, lane_prefix=RM, pool_size=186, pool_data=9815.062G, prioritize_scattered_mix=False[0m
[32m2026-05-20 16:37:29[0m | [1mINFO    [0m | [1m补Lane尝试: variant=general:林大300个样本的DNA小片段建库测序分析技术服务（委托）合同|Z|微生物常规小片段文库|NA|NORMAL, lane_prefix=GL, pool_size=24, pool_data=4300.000G, prioritize_scattered_mix=True[0m
[32m2026-05-20 16:37:29[0m | [1mINFO    [0m | [1m补Lane尝试: variant=full_priority, lane_prefix=GL, pool_size=191, pool_data=12017.062G, prioritize_scattered_mix=True[0m
[32m2026-05-20 16:37:29[0m | [1mINFO    [0m | [1m全局优先级硬约束生效: stage=GL_build, 当前允许P0/P1(临检/SJ+YC)参与，暂缓较低优先级文库185个[0m
[32m2026-05-20 16:37:29[0m | [1mINFO    [0m | [1m补Lane尝试: variant=non_clinical_priority, lane_prefix=GL, pool_size=190, pool_data=11895.062G, prioritize_scattered_mix=True[0m
[32m2026-05-20 16:37:29[0m | [1mINFO    [0m | [1m全局优先级硬约束生效: stage=GL_build, 当前允许P0/P1(临检/SJ+YC)参与，暂缓较低优先级文库185个[0m
[32m2026-05-20 16:37:29[0m | [1mINFO    [0m | [1m补Lane尝试: variant=non_clinical_relaxed, lane_prefix=GL, pool_size=190, pool_data=11895.062G, prioritize_scattered_mix=False[0m
[32m2026-05-20 16:37:29[0m | [1mINFO    [0m | [1m全局优先级硬约束生效: stage=GL_build, 当前允许P0/P1(临检/SJ+YC)参与，暂缓较低优先级文库185个[0m
[32m2026-05-20 16:37:29[0m | [1mINFO    [0m | [1m补Lane尝试: variant=other_only_relaxed, lane_prefix=GL, pool_size=185, pool_data=9795.062G, prioritize_scattered_mix=False[0m
[32m2026-05-20 16:37:29[0m | [1mINFO    [0m | [1m终态普通尾货全局1.1 regroup成功: lane=GL_Nova X-25B_001, 机型=Nova X-25B, 文库数=66, 数据量=2199.2G[0m
[32m2026-05-20 16:37:29[0m | [1mINFO    [0m | [1m补Lane尝试: variant=general:林大300个样本的DNA小片段建库测序分析技术服务（委托）合同|Z|微生物常规小片段文库|NA|NORMAL, lane_prefix=GL, pool_size=16, pool_data=2900.000G, prioritize_scattered_mix=True[0m
[32m2026-05-20 16:37:29[0m | [1mINFO    [0m | [1m补Lane尝试: variant=full_priority, lane_prefix=GL, pool_size=125, pool_data=9817.849G, prioritize_scattered_mix=True[0m
[32m2026-05-20 16:37:29[0m | [1mINFO    [0m | [1m全局优先级硬约束生效: stage=GL_build, 当前允许P0/P1(临检/SJ+YC)参与，暂缓较低优先级文库119个[0m
[32m2026-05-20 16:37:29[0m | [1mINFO    [0m | [1m补Lane尝试: variant=non_clinical_priority, lane_prefix=GL, pool_size=124, pool_data=9695.849G, prioritize_scattered_mix=True[0m
[32m2026-05-20 16:37:29[0m | [1mINFO    [0m | [1m全局优先级硬约束生效: stage=GL_build, 当前允许P0/P1(临检/SJ+YC)参与，暂缓较低优先级文库119个[0m
[32m2026-05-20 16:37:29[0m | [1mINFO    [0m | [1m补Lane尝试: variant=non_clinical_relaxed, lane_prefix=GL, pool_size=124, pool_data=9695.849G, prioritize_scattered_mix=False[0m
[32m2026-05-20 16:37:29[0m | [1mINFO    [0m | [1m全局优先级硬约束生效: stage=GL_build, 当前允许P0/P1(临检/SJ+YC)参与，暂缓较低优先级文库119个[0m
[32m2026-05-20 16:37:29[0m | [1mINFO    [0m | [1m补Lane尝试: variant=other_only_relaxed, lane_prefix=GL, pool_size=119, pool_data=7595.849G, prioritize_scattered_mix=False[0m
[32m2026-05-20 16:37:30[0m | [1mINFO    [0m | [1m终态普通尾货全局1.1 regroup成功: lane=GL_Nova X-25B_002, 机型=Nova X-25B, 文库数=54, 数据量=2237.7G[0m
[32m2026-05-20 16:37:30[0m | [1mINFO    [0m | [1m补Lane尝试: variant=full_priority, lane_prefix=GL, pool_size=71, pool_data=7580.197G, prioritize_scattered_mix=True[0m
[32m2026-05-20 16:37:30[0m | [1mINFO    [0m | [1m全局优先级硬约束生效: stage=GL_build, 当前允许P0/P1(临检/SJ+YC)参与，暂缓较低优先级文库65个[0m
[32m2026-05-20 16:37:30[0m | [1mINFO    [0m | [1m补Lane尝试: variant=non_clinical_priority, lane_prefix=GL, pool_size=70, pool_data=7458.197G, prioritize_scattered_mix=True[0m
[32m2026-05-20 16:37:30[0m | [1mINFO    [0m | [1m全局优先级硬约束生效: stage=GL_build, 当前允许P0/P1(临检/SJ+YC)参与，暂缓较低优先级文库65个[0m
[32m2026-05-20 16:37:30[0m | [1mINFO    [0m | [1m补Lane尝试: variant=non_clinical_relaxed, lane_prefix=GL, pool_size=70, pool_data=7458.197G, prioritize_scattered_mix=False[0m
[32m2026-05-20 16:37:30[0m | [1mINFO    [0m | [1m全局优先级硬约束生效: stage=GL_build, 当前允许P0/P1(临检/SJ+YC)参与，暂缓较低优先级文库65个[0m
[32m2026-05-20 16:37:30[0m | [1mINFO    [0m | [1m补Lane尝试: variant=other_only_relaxed, lane_prefix=GL, pool_size=65, pool_data=5358.197G, prioritize_scattered_mix=False[0m
[32m2026-05-20 16:37:30[0m | [1mINFO    [0m | [1m终态普通尾货全局1.1 regroup成功: lane=GL_Nova X-25B_003, 机型=Nova X-25B, 文库数=20, 数据量=2223.1G[0m
[32m2026-05-20 16:37:30[0m | [1mINFO    [0m | [1m补Lane尝试: variant=full_priority, lane_prefix=GL, pool_size=51, pool_data=5357.070G, prioritize_scattered_mix=True[0m
[32m2026-05-20 16:37:30[0m | [1mINFO    [0m | [1m全局优先级硬约束生效: stage=GL_build, 当前允许P0/P1(临检/SJ+YC)参与，暂缓较低优先级文库45个[0m
[32m2026-05-20 16:37:30[0m | [1mINFO    [0m | [1m补Lane尝试: variant=non_clinical_priority, lane_prefix=GL, pool_size=50, pool_data=5235.070G, prioritize_scattered_mix=True[0m
[32m2026-05-20 16:37:30[0m | [1mINFO    [0m | [1m全局优先级硬约束生效: stage=GL_build, 当前允许P0/P1(临检/SJ+YC)参与，暂缓较低优先级文库45个[0m
[32m2026-05-20 16:37:30[0m | [1mINFO    [0m | [1m补Lane尝试: variant=non_clinical_relaxed, lane_prefix=GL, pool_size=50, pool_data=5235.070G, prioritize_scattered_mix=False[0m
[32m2026-05-20 16:37:30[0m | [1mINFO    [0m | [1m全局优先级硬约束生效: stage=GL_build, 当前允许P0/P1(临检/SJ+YC)参与，暂缓较低优先级文库45个[0m
[32m2026-05-20 16:37:30[0m | [1mINFO    [0m | [1m补Lane尝试: variant=other_only_relaxed, lane_prefix=GL, pool_size=45, pool_data=3135.070G, prioritize_scattered_mix=False[0m
[32m2026-05-20 16:37:30[0m | [1mINFO    [0m | [1m补Lane跳过汇总: lane_prefix=GL, machine=Nova X-25B, reason_top=[总量6.0G低于最小门槛2095.0Gx2, 总量900.0G低于最小门槛1995.0Gx1, 总量122.0G低于最小门槛2095.0Gx1, 总量100.0G低于最小门槛1995.0Gx1][0m
[32m2026-05-20 16:37:32[0m | [1mINFO    [0m | [1m剩余库分层重组搜索完成: 新增Lane=5 (大簇专项=2, 高约束专项=0, 专lane=0, 混排lane=0, 普通lane=3), 跳过拆分文库=9, 剩余未分配=367[0m
[32m2026-05-20 16:37:32[0m | [33m[1mWARNING [0m | [33m[1m检测到重复Lane ID，已自动重命名: GL_NovaSeq X Plus_001 -> GL_NovaSeq X Plus_006[0m
[32m2026-05-20 16:37:32[0m | [33m[1mWARNING [0m | [33m[1m检测到重复Lane ID，已自动重命名: GL_Nova X-25B_001 -> GL_Nova X-25B_003[0m
[32m2026-05-20 16:37:32[0m | [33m[1mWARNING [0m | [33m[1m检测到重复Lane ID，已自动重命名: GL_Nova X-25B_002 -> GL_Nova X-25B_004[0m
[32m2026-05-20 16:37:32[0m | [33m[1mWARNING [0m | [33m[1m检测到重复Lane ID，已自动重命名: GL_Nova X-25B_003 -> GL_Nova X-25B_005[0m
[32m2026-05-20 16:37:32[0m | [33m[1mWARNING [0m | [33m[1m最终收口发现重复Lane ID并已重命名: 4条[0m
[32m2026-05-20 16:37:32[0m | [1mINFO    [0m | [1m脚本内置 Pooling 预测已停用，后续统一调用 prediction_delivery[0m
[32m2026-05-20 16:37:32[0m | [33m[1mWARNING [0m | [33m[1mLane PKG_LANE_0002 利用率异常: 400.00% (数据量=1000.00GB, 容量=250.00GB)[0m
[32m2026-05-20 16:37:32[0m | [33m[1mWARNING [0m | [33m[1mLane PKG_LANE_0003 利用率异常: 400.00% (数据量=1000.00GB, 容量=250.00GB)[0m
[32m2026-05-20 16:37:32[0m | [33m[1mWARNING [0m | [33m[1mLane PKG_LANE_0004 利用率异常: 400.00% (数据量=1000.00GB, 容量=250.00GB)[0m
[32m2026-05-20 16:37:32[0m | [33m[1mWARNING [0m | [33m[1mLane PKG_LANE_0005 利用率异常: 400.00% (数据量=1000.00GB, 容量=250.00GB)[0m
[32m2026-05-20 16:37:32[0m | [33m[1mWARNING [0m | [33m[1mLane PKG_LANE_0006 利用率异常: 400.00% (数据量=1000.00GB, 容量=250.00GB)[0m
[32m2026-05-20 16:37:32[0m | [33m[1mWARNING [0m | [33m[1mLane PKG_LANE_0007 利用率异常: 400.00% (数据量=1000.00GB, 容量=250.00GB)[0m
[32m2026-05-20 16:37:32[0m | [33m[1mWARNING [0m | [33m[1mLane PKG_LANE_0008 利用率异常: 400.00% (数据量=1000.00GB, 容量=250.00GB)[0m
[32m2026-05-20 16:37:32[0m | [33m[1mWARNING [0m | [33m[1mLane PKG_LANE_0009 利用率异常: 400.00% (数据量=1000.00GB, 容量=250.00GB)[0m
[32m2026-05-20 16:37:32[0m | [33m[1mWARNING [0m | [33m[1mLane PKG_LANE_0001 利用率异常: 400.00% (数据量=1000.00GB, 容量=250.00GB)[0m
[32m2026-05-20 16:37:32[0m | [33m[1mWARNING [0m | [33m[1mLane LS_NovaX-25B_001 利用率异常: 400.00% (数据量=1000.00GB, 容量=250.00GB)[0m
[32m2026-05-20 16:37:32[0m | [33m[1mWARNING [0m | [33m[1mLane LS_NovaX-25B_002 利用率异常: 399.79% (数据量=999.47GB, 容量=250.00GB)[0m
[32m2026-05-20 16:37:32[0m | [33m[1mWARNING [0m | [33m[1mLane EX_Nova X-25B_005 利用率异常: 227.51% (数据量=2218.18GB, 容量=975.00GB)[0m
[32m2026-05-20 16:37:32[0m | [33m[1mWARNING [0m | [33m[1mLane GL_Nova X-25B_001 利用率异常: 225.64% (数据量=2200.00GB, 容量=975.00GB)[0m
[32m2026-05-20 16:37:32[0m | [33m[1mWARNING [0m | [33m[1mLane GL_Nova X-25B_003 利用率异常: 225.56% (数据量=2199.21GB, 容量=975.00GB)[0m
[32m2026-05-20 16:37:32[0m | [33m[1mWARNING [0m | [33m[1mLane GL_Nova X-25B_004 利用率异常: 229.50% (数据量=2237.65GB, 容量=975.00GB)[0m
[32m2026-05-20 16:37:32[0m | [33m[1mWARNING [0m | [33m[1mLane GL_Nova X-25B_005 利用率异常: 228.01% (数据量=2223.13GB, 容量=975.00GB)[0m
[32m2026-05-20 16:37:32[0m | [1mINFO    [0m | [1mIndex校验器初始化完成（真实数据验证版本）[0m
[32m2026-05-20 16:37:32[0m | [1mINFO    [0m | [1m成Lane校验程序初始化完成 (严格模式: True, 碱基不均衡上限: 35%, 特殊文库关键词: 9个)[0m
[32m2026-05-20 16:37:32[0m | [1mINFO    [0m | [1m排后包Lane校验通过[0m
[32m2026-05-20 16:37:32[0m | [1mINFO    [0m | [1m排后校验通过：包Lane编号文库拆分规则满足约束[0m
[32m2026-05-20 16:37:32[0m | [1mINFO    [0m | [1mIndex校验器初始化完成（真实数据验证版本）[0m
[32m2026-05-20 16:37:32[0m | [1mINFO    [0m | [1m成Lane校验程序初始化完成 (严格模式: True, 碱基不均衡上限: 35%, 特殊文库关键词: 9个)[0m
[32m2026-05-20 16:37:32[0m | [1mINFO    [0m | [1m平衡文库后处理完成: 需补平衡文库Lane=11，成功=11，失败移除=0，专Lane保留=0，回收文库=0[0m
[32m2026-05-20 16:37:32[0m | [1mINFO    [0m | [1m排后包Lane校验通过[0m
[32m2026-05-20 16:37:32[0m | [1mINFO    [0m | [1mIndex校验器初始化完成（真实数据验证版本）[0m
[32m2026-05-20 16:37:32[0m | [1mINFO    [0m | [1m成Lane校验程序初始化完成 (严格模式: True, 碱基不均衡上限: 35%, 特殊文库关键词: 9个)[0m
[32m2026-05-20 16:37:32[0m | [1mINFO    [0m | [1m排后包Lane校验通过[0m
[32m2026-05-20 16:37:32[0m | [1mINFO    [0m | [1m排后校验通过：包Lane编号文库拆分规则满足约束[0m
[32m2026-05-20 16:37:32[0m | [33m[1mWARNING [0m | [33m[1mLane GL_NovaSeq X Plus_006 终态过滤淘汰: 含按规则应拆分文库但不是3.6T-NEW模式，应拆分文库只能排入3.6T-NEW Lane[0m
[32m2026-05-20 16:37:32[0m | [33m[1mWARNING [0m | [33m[1mLane EX_NovaSeq X Plus_007 终态过滤淘汰: ['Lane有效数据量210.0G(原始210.0G+平衡0.0G)低于下限995G，规则=tj_1595_standard_pe150_25b，需添加约785.0G的文库'][0m
[32m2026-05-20 16:37:32[0m | [33m[1mWARNING [0m | [33m[1mLane EX_NovaSeq X Plus_013 终态过滤淘汰: ['10bp Index占比29.2%低于40%要求', 'Lane有效数据量342.0G(原始342.0G+平衡0.0G)低于下限995G，规则=tj_1595_standard_pe150_25b，需添加约653.0G的文库'][0m
[32m2026-05-20 16:37:32[0m | [33m[1mWARNING [0m | [33m[1mLane RB_NovaSeq X Plus_007 终态过滤淘汰: ['10bp Index占比39.1%低于40%要求', 'Lane有效数据量256.0G(原始256.0G+平衡0.0G)低于下限995G，规则=tj_1595_standard_pe150_25b，需添加约739.0G的文库'][0m
[32m2026-05-20 16:37:32[0m | [33m[1mWARNING [0m | [33m[1mLane内发现 3 个Index冲突[0m
[32m2026-05-20 16:37:33[0m | [33m[1mWARNING [0m | [33m[1mLane内发现 5 个Index冲突[0m
[32m2026-05-20 16:37:34[0m | [33m[1mWARNING [0m | [33m[1mLane内发现 1 个Index冲突[0m
[32m2026-05-20 16:37:34[0m | [33m[1mWARNING [0m | [33m[1mLane内发现 2 个Index冲突[0m
[32m2026-05-20 16:37:34[0m | [33m[1mWARNING [0m | [33m[1mLane内发现 2 个Index冲突[0m
[32m2026-05-20 16:37:34[0m | [1mINFO    [0m | [1m终态淘汰前修复Lane EX_NovaSeq X Plus_007: 补入23个未分配文库，数据量=1039.9G[0m
[32m2026-05-20 16:37:34[0m | [1mINFO    [0m | [1m终态淘汰前修复完成: 尝试4条，修复1条，补入23个文库[0m
[32m2026-05-20 16:37:35[0m | [33m[1mWARNING [0m | [33m[1mLane GL_NovaSeq X Plus_006 终态过滤淘汰: 含按规则应拆分文库但不是3.6T-NEW模式，应拆分文库只能排入3.6T-NEW Lane[0m
[32m2026-05-20 16:37:35[0m | [33m[1mWARNING [0m | [33m[1mLane EX_NovaSeq X Plus_013 终态过滤淘汰: ['10bp Index占比29.2%低于40%要求', 'Lane有效数据量342.0G(原始342.0G+平衡0.0G)低于下限995G，规则=tj_1595_standard_pe150_25b，需添加约653.0G的文库'][0m
[32m2026-05-20 16:37:35[0m | [33m[1mWARNING [0m | [33m[1mLane RB_NovaSeq X Plus_007 终态过滤淘汰: ['10bp Index占比39.1%低于40%要求', 'Lane有效数据量256.0G(原始256.0G+平衡0.0G)低于下限995G，规则=tj_1595_standard_pe150_25b，需添加约739.0G的文库'][0m
[32m2026-05-20 16:37:35[0m | [33m[1mWARNING [0m | [33m[1m终态总复核淘汰Lane GL_NovaSeq X Plus_006: 回收23个原始文库到未分配池[0m
[32m2026-05-20 16:37:35[0m | [33m[1mWARNING [0m | [33m[1m终态总复核淘汰Lane EX_NovaSeq X Plus_013: 回收8个原始文库到未分配池[0m
[32m2026-05-20 16:37:35[0m | [33m[1mWARNING [0m | [33m[1m终态总复核淘汰Lane RB_NovaSeq X Plus_007: 回收6个原始文库到未分配池[0m
[32m2026-05-20 16:37:35[0m | [1mINFO    [0m | [1m终态总复核完成: 淘汰3条不合规非包Lane，回收37个文库到未分配池，当前有效Lane=26，未分配=381[0m
[32m2026-05-20 16:37:35[0m | [33m[1mWARNING [0m | [33m[1m终态总复核: 淘汰3条不合规Lane，回收37个文库[0m
[32m2026-05-20 16:37:35[0m | [1mINFO    [0m | [1m补Lane跳过汇总: lane_prefix=MG, machine=Nova X-25B, reason_top=[严格构Lane失败x1, 同池严格失败缓存命中x1][0m
[32m2026-05-20 16:37:35[0m | [1mINFO    [0m | [1m补Lane尝试: variant=manual_or_risk:医学委托科服混样子项目|S|IDT全外文库|NA|SCATTERED+MANUAL_RISK, lane_prefix=MG, pool_size=14, pool_data=1134.000G, prioritize_scattered_mix=True[0m
[32m2026-05-20 16:37:35[0m | [1mINFO    [0m | [1m未分配大簇专项regroup跳过: machine=Nova X-25B, count=115, data=455.0G, reason=总量455.0G低于最小门槛995.0G[0m
[32m2026-05-20 16:37:35[0m | [1mINFO    [0m | [1m补Lane跳过汇总: lane_prefix=PG, machine=Nova X-25B, reason_top=[严格构Lane失败x1, 同池严格失败缓存命中x1][0m
[32m2026-05-20 16:37:35[0m | [1mINFO    [0m | [1m补Lane跳过汇总: lane_prefix=PG, machine=Nova X-25B, reason_top=[总量500.0G低于最小门槛2074.1Gx1, 总量300.0G低于最小门槛2074.1Gx1, 总量200.0G低于最小门槛2074.1Gx1, 总量117.7G低于最小门槛985.0Gx1][0m
[32m2026-05-20 16:37:35[0m | [1mINFO    [0m | [1m补Lane跳过汇总: lane_prefix=PG, machine=Nova X-25B, reason_top=[严格构Lane失败x1][0m
[32m2026-05-20 16:37:35[0m | [1mINFO    [0m | [1m补Lane尝试: variant=full_priority, lane_prefix=RM, pool_size=372, pool_data=10456.389G, prioritize_scattered_mix=True[0m
[32m2026-05-20 16:37:35[0m | [1mINFO    [0m | [1m全局优先级硬约束生效: stage=RM_build, 当前允许P0(仅临检/SJ)参与，暂缓较低优先级文库197个[0m
[32m2026-05-20 16:37:35[0m | [1mINFO    [0m | [1m补Lane尝试: variant=non_clinical_priority, lane_prefix=RM, pool_size=197, pool_data=7797.489G, prioritize_scattered_mix=True[0m
[32m2026-05-20 16:37:35[0m | [1mINFO    [0m | [1m全局优先级硬约束生效: stage=RM_build, 当前允许P0/P1(临检/SJ+YC)参与，暂缓较低优先级文库67个[0m
[32m2026-05-20 16:37:35[0m | [1mINFO    [0m | [1m补Lane尝试: variant=non_clinical_relaxed, lane_prefix=RM, pool_size=197, pool_data=7797.489G, prioritize_scattered_mix=False[0m
[32m2026-05-20 16:37:35[0m | [1mINFO    [0m | [1m全局优先级硬约束生效: stage=RM_build, 当前允许P0/P1(临检/SJ+YC)参与，暂缓较低优先级文库67个[0m
[32m2026-05-20 16:37:38[0m | [1mINFO    [0m | [1m补Lane尝试: variant=other_only_relaxed, lane_prefix=RM, pool_size=67, pool_data=3553.870G, prioritize_scattered_mix=False[0m
[32m2026-05-20 16:37:38[0m | [1mINFO    [0m | [1m补Lane尝试: variant=full_priority, lane_prefix=GL, pool_size=60, pool_data=5261.070G, prioritize_scattered_mix=True[0m
[32m2026-05-20 16:37:38[0m | [1mINFO    [0m | [1m全局优先级硬约束生效: stage=GL_build, 当前允许P0/P1(临检/SJ+YC)参与，暂缓较低优先级文库55个[0m
[32m2026-05-20 16:37:38[0m | [1mINFO    [0m | [1m补Lane尝试: variant=non_clinical_relaxed, lane_prefix=GL, pool_size=60, pool_data=5261.070G, prioritize_scattered_mix=False[0m
[32m2026-05-20 16:37:38[0m | [1mINFO    [0m | [1m全局优先级硬约束生效: stage=GL_build, 当前允许P0/P1(临检/SJ+YC)参与，暂缓较低优先级文库55个[0m
[32m2026-05-20 16:37:38[0m | [1mINFO    [0m | [1m补Lane尝试: variant=other_only_relaxed, lane_prefix=GL, pool_size=55, pool_data=3161.070G, prioritize_scattered_mix=False[0m
[32m2026-05-20 16:37:39[0m | [1mINFO    [0m | [1m补Lane跳过汇总: lane_prefix=GL, machine=Nova X-25B, reason_top=[总量6.0G低于最小门槛2095.0Gx3, 总量900.0G低于最小门槛1995.0Gx1, 总量209.0G低于最小门槛2095.0Gx1, 总量100.0G低于最小门槛1995.0Gx1][0m
[32m2026-05-20 16:37:39[0m | [1mINFO    [0m | [1m终态普通尾货全局1.1 regroup成功: lane=GL_Nova X-25B_001, 机型=Nova X-25B, 文库数=18, 数据量=2015.2G[0m
[32m2026-05-20 16:37:39[0m | [1mINFO    [0m | [1m补Lane尝试: variant=full_priority, lane_prefix=GL, pool_size=42, pool_data=3245.831G, prioritize_scattered_mix=True[0m
[32m2026-05-20 16:37:39[0m | [1mINFO    [0m | [1m全局优先级硬约束生效: stage=GL_build, 当前允许P0/P1(临检/SJ+YC)参与，暂缓较低优先级文库37个[0m
[32m2026-05-20 16:37:39[0m | [1mINFO    [0m | [1m补Lane尝试: variant=non_clinical_relaxed, lane_prefix=GL, pool_size=42, pool_data=3245.831G, prioritize_scattered_mix=False[0m
[32m2026-05-20 16:37:39[0m | [1mINFO    [0m | [1m全局优先级硬约束生效: stage=GL_build, 当前允许P0/P1(临检/SJ+YC)参与，暂缓较低优先级文库37个[0m
[32m2026-05-20 16:37:39[0m | [1mINFO    [0m | [1m补Lane跳过汇总: lane_prefix=GL, machine=Nova X-25B, reason_top=[总量6.0G低于最小门槛2095.0Gx3, 总量10.0G低于最小门槛1995.0Gx2, 总量209.0G低于最小门槛2095.0Gx1, 总量36.0G低于最小门槛1676.0Gx1][0m
[32m2026-05-20 16:37:40[0m | [1mINFO    [0m | [1m终态回收池分层重组补Lane完成: 新增Lane=1 (大簇专项=0, 高约束专项=0, 混排lane=0, 普通lane=1), 跳过拆分规则文库=9, 剩余未分配=363[0m
[32m2026-05-20 16:37:41[0m | [1mINFO    [0m | [1m终态全局3.6跨机型混排补Lane成功: 承载机型=Nova X-25B, 新增Lane=11, 使用原始/补料文库=348，剩余候选=15[0m
[32m2026-05-20 16:37:41[0m | [1mINFO    [0m | [1m终态全局3.6混排增量完成: 新增Lane=11，使用拆分原始文库=9，使用普通补料文库=339，剩余未分配=15[0m
[32m2026-05-20 16:37:41[0m | [31m[1mERROR   [0m | [31m[1m测试过程发生错误: name 're' is not defined[0m
Traceback (most recent call last):
  File "/data/work/yuyongpeng/liblane_v2_deepseek/paiji_complete2/paiji_complete/arrange_library/arrange_library_model6.py", line 17169, in main
    arrange_library(
  File "/data/work/yuyongpeng/liblane_v2_deepseek/paiji_complete2/paiji_complete/arrange_library/arrange_library_model6.py", line 16980, in arrange_library
    plain_36t_to_1_1_stats = _try_convert_plain_36t_tail_lanes_to_mode_1_1(
                             ^^^^^^^^^^^^^^^^^^^^^^^^^^^^^^^^^^^^^^^^^^^^^^
  File "/data/work/yuyongpeng/liblane_v2_deepseek/paiji_complete2/paiji_complete/arrange_library/arrange_library_model6.py", line 8362, in _try_convert_plain_36t_tail_lanes_to_mode_1_1
    match = re.search(r"GL_[^_]+_(\d+)$", lane_id)
            ^^
NameError: name 're' is not defined. Did you forget to import 're'
[32m2026-05-20 16:37:41[0m | [31m[1mERROR   [0m | [31m[1m测试过程发生错误: name 're' is not defined[0m
Traceback (most recent call last):
  File "/data/work/yuyongpeng/liblane_v2_deepseek/paiji_complete2/paiji_complete/arrange_library/arrange_library_model6.py", line 17193, in <module>
    main()
  File "/data/work/yuyongpeng/liblane_v2_deepseek/paiji_complete2/paiji_complete/arrange_library/arrange_library_model6.py", line 17169, in main
    arrange_library(
  File "/data/work/yuyongpeng/liblane_v2_deepseek/paiji_complete2/paiji_complete/arrange_library/arrange_library_model6.py", line 16980, in arrange_library
    plain_36t_to_1_1_stats = _try_convert_plain_36t_tail_lanes_to_mode_1_1(
                             ^^^^^^^^^^^^^^^^^^^^^^^^^^^^^^^^^^^^^^^^^^^^^^
  File "/data/work/yuyongpeng/liblane_v2_deepseek/paiji_complete2/paiji_complete/arrange_library/arrange_library_model6.py", line 8362, in _try_convert_plain_36t_tail_lanes_to_mode_1_1
    match = re.search(r"GL_[^_]+_(\d+)$", lane_id)
            ^^
NameError: name 're' is not defined. Did you forget to import 're'
real 124.76
user 137.72
sys 0.45
