2026-05-26 14:14:34.120 | INFO     | arrange_library.core.constraints.index_validator_verified:__init__:77 - Index校验器初始化完成（真实数据验证版本）
2026-05-26 14:14:34.639 | INFO     | arrange_library.core.constraints.index_validator_verified:__init__:77 - Index校验器初始化完成（真实数据验证版本）
[32m2026-05-26 14:14:34[0m | [1mINFO    [0m | [1m================================================================================[0m
[32m2026-05-26 14:14:34[0m | [1mINFO    [0m | [1marrange_library: 端到端排机流程 - 排机与 Pooling 预测[0m
[32m2026-05-26 14:14:34[0m | [1mINFO    [0m | [1m================================================================================[0m
[32m2026-05-26 14:14:34[0m | [1mINFO    [0m | [1m调用时间: 2026-05-26 14:14:34[0m
[32m2026-05-26 14:14:34[0m | [1mINFO    [0m | [1m随机种子: 42 (固定，确保可复现)[0m
[32m2026-05-26 14:14:34[0m | [1mINFO    [0m | [1m运行模式: arrange[0m
[32m2026-05-26 14:14:34[0m | [1mINFO    [0m | [1m
使用数据文件: arrange_library/49_sta.csv[0m
[32m2026-05-26 14:14:34[0m | [1mINFO    [0m | [1m从标准化CSV文件加载数据: arrange_library/49_sta.csv[0m
[32m2026-05-26 14:14:34[0m | [1mINFO    [0m | [1m读取 695 行数据[0m
[32m2026-05-26 14:14:34[0m | [1mINFO    [0m | [1m成功创建 695 个文库对象[0m
[32m2026-05-26 14:14:34[0m | [1mINFO    [0m | [1m成功转换 695 个测试文库[0m
[32m2026-05-26 14:14:34[0m | [1mINFO    [0m | [1mAI可排文库筛选完成: 可排=695，不可排=0，机型排除=0[0m
[32m2026-05-26 14:14:34[0m | [1mINFO    [0m | [1m统一排机规则配置已加载: profiles=7, constraints=2, loading_rules=4[0m
[32m2026-05-26 14:14:34[0m | [1mINFO    [0m | [1m1.1模式规则配置加载完成: /data/work/yuyongpeng/liblane_v2_deepseek/paiji_complete2/paiji_complete/arrange_library/config/mode_1_1_rules.json[0m
[32m2026-05-26 14:14:34[0m | [1mINFO    [0m | [1m排机配置管理器初始化完成[0m
[32m2026-05-26 14:14:34[0m | [1mINFO    [0m | [1m
================================================================================[0m
[32m2026-05-26 14:14:34[0m | [1mINFO    [0m | [1m步骤0.9: 提前处理1.1第二轮历史固定组合文库[0m
[32m2026-05-26 14:14:34[0m | [1mINFO    [0m | [1m================================================================================[0m
[32m2026-05-26 14:14:34[0m | [1mINFO    [0m | [1m1.1第二轮候选识别: 无符合条件的候选文库[0m
[32m2026-05-26 14:14:34[0m | [1mINFO    [0m | [1m1.1第二轮历史Lane前置直出: 无候选文库[0m
[32m2026-05-26 14:14:34[0m | [1mINFO    [0m | [1m
================================================================================[0m
[32m2026-05-26 14:14:34[0m | [1mINFO    [0m | [1m步骤1: 处理包Lane文库（wkbaleno字段有值的文库）[0m
[32m2026-05-26 14:14:34[0m | [1mINFO    [0m | [1m================================================================================[0m
[32m2026-05-26 14:14:34[0m | [1mINFO    [0m | [1m包Lane文库数: 0[0m
[32m2026-05-26 14:14:34[0m | [1mINFO    [0m | [1m普通文库数: 695[0m
[32m2026-05-26 14:14:34[0m | [1mINFO    [0m | [1m
================================================================================[0m
[32m2026-05-26 14:14:34[0m | [1mINFO    [0m | [1m步骤1.2: 处理10+24 Lane seq文库[0m
[32m2026-05-26 14:14:34[0m | [1mINFO    [0m | [1m================================================================================[0m
[32m2026-05-26 14:14:34[0m | [1mINFO    [0m | [1m10+24 Lane seq成Lane成功: lane=LS_NovaX-25B_001, 文库数=2, 合同量=950.000G, 平衡文库=50.000G, 有效总量=1000.000G[0m
[32m2026-05-26 14:14:34[0m | [1mINFO    [0m | [1m10+24 Lane seq成Lane成功: lane=LS_NovaX-25B_002, 文库数=8, 合同量=950.000G, 平衡文库=50.000G, 有效总量=1000.000G[0m
[32m2026-05-26 14:14:34[0m | [1mINFO    [0m | [1m10+24 Lane seq成Lane成功: lane=LS_NovaX-25B_003, 文库数=16, 合同量=950.000G, 平衡文库=50.000G, 有效总量=1000.000G[0m
[32m2026-05-26 14:14:34[0m | [1mINFO    [0m | [1m10+24 Lane seq处理完成: 输入文库=26, 生成Lane=3, 未分配=0[0m
[32m2026-05-26 14:14:34[0m | [1mINFO    [0m | [1m
================================================================================[0m
[32m2026-05-26 14:14:34[0m | [1mINFO    [0m | [1m步骤1.3: 1.1前碱基不均衡专Lane预抽取[0m
[32m2026-05-26 14:14:34[0m | [1mINFO    [0m | [1m================================================================================[0m
[32m2026-05-26 14:14:34[0m | [1mINFO    [0m | [1mIndex校验器初始化完成（真实数据验证版本）[0m
[32m2026-05-26 14:14:34[0m | [1mINFO    [0m | [1m成Lane校验程序初始化完成 (严格模式: True, 碱基不均衡上限: 35%, 特殊文库关键词: 9个)[0m
[32m2026-05-26 14:14:34[0m | [1mINFO    [0m | [1m步骤1.3 G53/G54组合碱基不均1.1专Lane未成Lane: group=G54, 候选1个/11.9G, 贪心选择1个/11.9G, 下限1995.0G[0m
[32m2026-05-26 14:14:34[0m | [1mINFO    [0m | [1mIndex校验器初始化完成（真实数据验证版本）[0m
[32m2026-05-26 14:14:34[0m | [1mINFO    [0m | [1mIndex校验器初始化完成（真实数据验证版本）[0m
[32m2026-05-26 14:14:34[0m | [1mINFO    [0m | [1m成Lane校验程序初始化完成 (严格模式: True, 碱基不均衡上限: 35%, 特殊文库关键词: 9个)[0m
[32m2026-05-26 14:14:34[0m | [33m[1mWARNING [0m | [33m[1mPooling配置表不存在: /data/work/yuyongpeng/liblane_v2_deepseek/data/wktype_pooling_config.xlsx，将使用默认策略[0m
[32m2026-05-26 14:14:34[0m | [1mINFO    [0m | [1m产出效率修正表不存在: /data/work/yuyongpeng/liblane_v2_deepseek/data/production_efficiency_correction.csv，跳过后校准[0m
[32m2026-05-26 14:14:34[0m | [33m[1mWARNING [0m | [33m[1m模型文件不存在: models/loutput_pre_lane_v5/lightgbm_model.pkl[0m
[32m2026-05-26 14:14:34[0m | [33m[1mWARNING [0m | [33m[1mloutput预测器不可用，将使用规则降级策略[0m
[32m2026-05-26 14:14:34[0m | [1mINFO    [0m | [1m逐Lane贪心排机器初始化完成 - 基础容量: 985.0GB, 利用率区间: [100%, 100%], 配置模式: 按机型自动[0m
[32m2026-05-26 14:14:34[0m | [1mINFO    [0m | [1m启用检查: Index=True, 碱基不均衡=True, 规则检查器=False[0m
[32m2026-05-26 14:14:34[0m | [1mINFO    [0m | [1mIndex校验器初始化完成（真实数据验证版本）[0m
[32m2026-05-26 14:14:34[0m | [1mINFO    [0m | [1m成Lane校验程序初始化完成 (严格模式: False, 碱基不均衡上限: 35%, 特殊文库关键词: 9个)[0m
[32m2026-05-26 14:14:34[0m | [1mINFO    [0m | [1m专用Lane DL_Nova X-25B_001 形成成功 - 分组=G26, 碱基不均衡=1750.0G, 平衡文库=437.5G, 总量(含平衡)=2187.5G, 模式=1.1, 容量规则=tj_1595_mode_1_1[0m
[32m2026-05-26 14:14:34[0m | [1mINFO    [0m | [1m专用Lane分组G26剩余合同量162.0G无法满足1.1或3.6T-NEW有效容量下限[0m
[32m2026-05-26 14:14:34[0m | [1mINFO    [0m | [1mIndex校验器初始化完成（真实数据验证版本）[0m
[32m2026-05-26 14:14:34[0m | [1mINFO    [0m | [1m成Lane校验程序初始化完成 (严格模式: False, 碱基不均衡上限: 35%, 特殊文库关键词: 9个)[0m
[32m2026-05-26 14:14:34[0m | [1mINFO    [0m | [1m专用Lane DL_Nova X-25B_002 形成成功 - 分组=G27, 碱基不均衡=2140.0G, 平衡文库=21.6G, 总量(含平衡)=2161.6G, 模式=1.1, 容量规则=tj_1595_mode_1_1[0m
[32m2026-05-26 14:14:34[0m | [1mINFO    [0m | [1mIndex校验器初始化完成（真实数据验证版本）[0m
[32m2026-05-26 14:14:34[0m | [1mINFO    [0m | [1m成Lane校验程序初始化完成 (严格模式: False, 碱基不均衡上限: 35%, 特殊文库关键词: 9个)[0m
[32m2026-05-26 14:14:34[0m | [1mINFO    [0m | [1m专用Lane DL_Nova X-25B_003 形成成功 - 分组=G50, 碱基不均衡=1380.0G, 平衡文库=743.1G, 总量(含平衡)=2123.1G, 模式=1.1, 容量规则=tj_1595_mode_1_1[0m
[32m2026-05-26 14:14:34[0m | [1mINFO    [0m | [1mIndex校验器初始化完成（真实数据验证版本）[0m
[32m2026-05-26 14:14:34[0m | [1mINFO    [0m | [1m成Lane校验程序初始化完成 (严格模式: False, 碱基不均衡上限: 35%, 特殊文库关键词: 9个)[0m
[32m2026-05-26 14:14:34[0m | [1mINFO    [0m | [1m专用Lane DL_Nova X-25B_004 形成成功 - 分组=G29, 碱基不均衡=1300.0G, 平衡文库=866.7G, 总量(含平衡)=2166.7G, 模式=1.1, 容量规则=tj_1595_mode_1_1[0m
[32m2026-05-26 14:14:34[0m | [1mINFO    [0m | [1m专用Lane分组G22剩余合同量14.3G无法满足1.1或3.6T-NEW有效容量下限[0m
[32m2026-05-26 14:14:34[0m | [1mINFO    [0m | [1m专用Lane分组G18剩余合同量2.8G无法满足1.1或3.6T-NEW有效容量下限[0m
[32m2026-05-26 14:14:34[0m | [1mINFO    [0m | [1m专用Lane分组G4剩余合同量11.9G无法满足1.1或3.6T-NEW有效容量下限[0m
[32m2026-05-26 14:14:34[0m | [1mINFO    [0m | [1m专用Lane分组G23剩余合同量1.0G无法满足1.1或3.6T-NEW有效容量下限[0m
[32m2026-05-26 14:14:34[0m | [1mINFO    [0m | [1m全局跨机型碱基不均专Lane预抽取: 承载机型=Nova X-25B, 生成Lane=4, 消耗6570.0G, 剩余不均文库=14个/191.9G[0m
[32m2026-05-26 14:14:34[0m | [1mINFO    [0m | [1m全局碱基不均专Lane预抽取完成: 生成Lane=4, 后续普通排机池 669 -> 608[0m
[32m2026-05-26 14:14:34[0m | [1mINFO    [0m | [1m1.1前碱基不均衡专Lane预抽取完成: 生成Lane=4, 剩余进入1.1普通尝试文库=608[0m
[32m2026-05-26 14:14:34[0m | [1mINFO    [0m | [1m
================================================================================[0m
[32m2026-05-26 14:14:34[0m | [1mINFO    [0m | [1m步骤1.4: 1.1前客户文库纯Lane预抽取[0m
[32m2026-05-26 14:14:34[0m | [1mINFO    [0m | [1m================================================================================[0m
[32m2026-05-26 14:14:34[0m | [1mINFO    [0m | [1mIndex校验器初始化完成（真实数据验证版本）[0m
[32m2026-05-26 14:14:34[0m | [1mINFO    [0m | [1m成Lane校验程序初始化完成 (严格模式: True, 碱基不均衡上限: 35%, 特殊文库关键词: 9个)[0m
[32m2026-05-26 14:14:35[0m | [1mINFO    [0m | [1m客户文库1.1优先Lane跳过: FKDL候选6个/331.1G，按加测/混合150.0G封顶后可用6个/331.1G，不足1.1容量[0m
[32m2026-05-26 14:14:35[0m | [1mINFO    [0m | [1m1.1前客户文库纯Lane预抽取完成: 生成Lane=3, 消耗文库=94, 剩余进入1.1普通尝试文库=514[0m
[32m2026-05-26 14:14:35[0m | [1mINFO    [0m | [1m
================================================================================[0m
[32m2026-05-26 14:14:35[0m | [1mINFO    [0m | [1m步骤1.5: 1.1首轮排机[0m
[32m2026-05-26 14:14:35[0m | [1mINFO    [0m | [1m================================================================================[0m
[32m2026-05-26 14:14:35[0m | [1mINFO    [0m | [1m命中拆分规则且当前合同量>500G的原始文库15个：从1.1候选池移出，保留到3.6T-NEW流程拆分与排机[0m
[32m2026-05-26 14:14:35[0m | [1mINFO    [0m | [1m步骤1.5-1: 1.1首轮使用剩余未成Lane全集，候选499个文库[0m
[32m2026-05-26 14:14:35[0m | [1mINFO    [0m | [1m1.1首轮策略: expensive_rescue=True, peak_window_mixed=False, post_fill_optimization=True, rule_bucket_prescheduling=True[0m
[32m2026-05-26 14:14:35[0m | [1mINFO    [0m | [1m
================================================================================[0m
[32m2026-05-26 14:14:35[0m | [1mINFO    [0m | [1m排机流程：纯规则排机[0m
[32m2026-05-26 14:14:35[0m | [1mINFO    [0m | [1m================================================================================[0m
[32m2026-05-26 14:14:35[0m | [1mINFO    [0m | [1mIndex校验器初始化完成（真实数据验证版本）[0m
[32m2026-05-26 14:14:35[0m | [1mINFO    [0m | [1mIndex校验器初始化完成（真实数据验证版本）[0m
[32m2026-05-26 14:14:35[0m | [1mINFO    [0m | [1m成Lane校验程序初始化完成 (严格模式: True, 碱基不均衡上限: 35%, 特殊文库关键词: 9个)[0m
[32m2026-05-26 14:14:35[0m | [33m[1mWARNING [0m | [33m[1mPooling配置表不存在: /data/work/yuyongpeng/liblane_v2_deepseek/data/wktype_pooling_config.xlsx，将使用默认策略[0m
[32m2026-05-26 14:14:35[0m | [1mINFO    [0m | [1m产出效率修正表不存在: /data/work/yuyongpeng/liblane_v2_deepseek/data/production_efficiency_correction.csv，跳过后校准[0m
[32m2026-05-26 14:14:35[0m | [33m[1mWARNING [0m | [33m[1m模型文件不存在: models/loutput_pre_lane_v5/lightgbm_model.pkl[0m
[32m2026-05-26 14:14:35[0m | [33m[1mWARNING [0m | [33m[1mloutput预测器不可用，将使用规则降级策略[0m
[32m2026-05-26 14:14:35[0m | [1mINFO    [0m | [1m逐Lane贪心排机器初始化完成 - 基础容量: 985.0GB, 利用率区间: [100%, 100%], 配置模式: 按机型自动[0m
[32m2026-05-26 14:14:35[0m | [1mINFO    [0m | [1m启用检查: Index=True, 碱基不均衡=True, 规则检查器=False[0m
[32m2026-05-26 14:14:35[0m | [1mINFO    [0m | [1m排机阶段：Pooling优化器已禁用（V6流程不需要）[0m
[32m2026-05-26 14:14:35[0m | [1mINFO    [0m | [1mIndex校验器初始化完成（真实数据验证版本）[0m
[32m2026-05-26 14:14:35[0m | [1mINFO    [0m | [1m成Lane校验程序初始化完成 (严格模式: True, 碱基不均衡上限: 35%, 特殊文库关键词: 9个)[0m
[32m2026-05-26 14:14:35[0m | [1mINFO    [0m | [1m严格校验容量区间改为按统一配置表动态解析[0m
[32m2026-05-26 14:14:35[0m | [1mINFO    [0m | [1m主流程前置拆分完成: 无需拆分[0m
[32m2026-05-26 14:14:35[0m | [1mINFO    [0m | [1mPeak窗口混排预构Lane已按调用方要求关闭[0m
[32m2026-05-26 14:14:35[0m | [1mINFO    [0m | [1m主流程规则分桶跳过: bucket=special_combo_a:SINGAPORE-NUS-DOM-4-SCRNA-4 GEM-X GENE EXPRESSION-120G-WBI-AMEA2025071734|S|10X转录组-3'文库|10X_CELLRANGER|TENX+MANUAL_RISK+IMBALANCE, count=1, reason=总量11.9G低于最小门槛1995.0G[0m
[32m2026-05-26 14:14:35[0m | [1mINFO    [0m | [1m主流程规则分桶跳过: bucket=manual_or_risk:（极速周期）北大SH自建库散样XP建库测序技术服务（委托）合同|S|客户-CUT-TAG文库|NA|SCATTERED+CUSTOMER+MANUAL_RISK+IMBALANCE, count=1, reason=总量150.0G低于最小门槛2095.0G[0m
[32m2026-05-26 14:14:35[0m | [1mINFO    [0m | [1m主流程规则分桶跳过: bucket=manual_or_risk:X PLUS自建库测序技术服务（委托）合同-FYX|S|客户-真核普通转录组文库|NA|CUSTOMER+MANUAL_RISK, count=1, reason=总量80.0G低于最小门槛2095.0G[0m
[32m2026-05-26 14:14:35[0m | [1mINFO    [0m | [1m主流程规则分桶跳过: bucket=manual_or_risk:迈途医药RNA核酸转录组建库测序分析项目技术服务（委托）合同|S|客户-真核普通转录组文库|NA|CUSTOMER+MANUAL_RISK, count=1, reason=总量80.0G低于最小门槛2095.0G[0m
[32m2026-05-26 14:14:35[0m | [1mINFO    [0m | [1m主流程规则分桶跳过: bucket=manual_or_risk:（极速周期）北生所1000个自建文库测序技术服务（委托）合同|S|客户-CUT-TAG文库|NA|CUSTOMER+MANUAL_RISK+IMBALANCE, count=2, reason=总量12.0G低于最小门槛2095.0G[0m
[32m2026-05-26 14:14:35[0m | [1mINFO    [0m | [1m主流程规则分桶跳过: bucket=manual_or_risk:24.12.27华中农业大学X-PLUS平台自建库测序技术服务（委托）合同|S|客户-动植物全基因组重测序文库|NA|CUSTOMER+MANUAL_RISK, count=1, reason=总量9.1G低于最小门槛2095.0G[0m
[32m2026-05-26 14:14:35[0m | [1mINFO    [0m | [1m主流程规则分桶跳过: bucket=manual_or_risk:2019年天津科服实验室测试项目-DNA平台|S|VIP-真核普通转录组文库|-|MANUAL_RISK, count=2, reason=总量5.0G低于最小门槛2095.0G[0m
[32m2026-05-26 14:14:35[0m | [1mINFO    [0m | [1m主流程规则分桶跳过: bucket=manual_or_risk:第七医学中心陶元东老师（周辉霞组）转录组+CUT&TAG测序分析项目协议-2025.7.3|S|CUT TAG文库（细胞）|-|MANUAL_RISK+IMBALANCE, count=1, reason=总量2.8G低于最小门槛2095.0G[0m
[32m2026-05-26 14:14:35[0m | [1mINFO    [0m | [1m主流程规则分桶跳过: bucket=manual_or_risk:林大300个样本的DNA小片段建库测序分析技术服务（委托）合同|S|微生物常规小片段文库|-|MANUAL_RISK, count=2, reason=总量1.6G低于最小门槛2095.0G[0m
[32m2026-05-26 14:14:35[0m | [1mINFO    [0m | [1m主流程规则分桶跳过: bucket=manual_or_risk:北京林业大学80个样本GBS测序分析技术服务（委托）合同|S|动植物简化基因组文库(GBS亲代)|NA|MANUAL_RISK+IMBALANCE, count=1, reason=总量1.0G低于最小门槛2095.0G[0m
[32m2026-05-26 14:14:35[0m | [1mINFO    [0m | [1m主流程规则分桶跳过: bucket=manual_or_risk:细菌噬菌体DNA样本NOVASEQ™ X PLUS建库测序分析技术服务（委托）合同-JJH|S|微生物常规小片段文库|-|MANUAL_RISK, count=1, reason=总量0.8G低于最小门槛2095.0G[0m
[32m2026-05-26 14:14:35[0m | [1mINFO    [0m | [1m主流程规则分桶跳过: bucket=ten_x:深圳湾实验室500例CDNA样本转录组建库测序及质控技术服务（委托）合同|S|单细胞文库|-|TENX+MANUAL_RISK+IMBALANCE, count=4, reason=总量10.9G低于最小门槛2095.0G[0m
[32m2026-05-26 14:14:35[0m | [1mINFO    [0m | [1m主流程规则分桶跳过: bucket=ten_x:NVUK2025070154-UKI-OXFUNI-MRNA-66-3GB-1-SMARTER|S|单细胞文库|-|TENX+MANUAL_RISK+IMBALANCE, count=1, reason=总量1.0G低于最小门槛2095.0G[0m
[32m2026-05-26 14:14:35[0m | [1mINFO    [0m | [1m主流程规则分桶跳过: bucket=ten_x:NVUK2025070211-UKI-UEA-20-MICE SMARTER AMPLIFICATION MRNASEQ-6GB-WOBI-Q3PRO|S|单细胞文库|-|TENX+MANUAL_RISK+IMBALANCE, count=1, reason=总量0.8G低于最小门槛2095.0G[0m
[32m2026-05-26 14:14:35[0m | [1mINFO    [0m | [1m主流程规则分桶跳过: bucket=ten_x:交医郑俊克组2个转录组微量扩增+单细胞建库测序分析技术服务（委托）合同|S|单细胞文库|NA|TENX+MANUAL_RISK+IMBALANCE, count=1, reason=总量0.8G低于最小门槛2095.0G[0m
[32m2026-05-26 14:14:35[0m | [1mINFO    [0m | [1m主流程规则分桶跳过: bucket=ten_x:新桥医院微量转录组测序分析技术服务（委托）合同|S|单细胞文库|-|TENX+MANUAL_RISK+IMBALANCE, count=1, reason=总量0.8G低于最小门槛2095.0G[0m
[32m2026-05-26 14:14:35[0m | [1mINFO    [0m | [1m主流程规则分桶预调度: bucket=general:项目10000个样本DNA小片段提取建库测序技术服务（委托）合同|Z|DNA小片段文库|NA|NORMAL, count=61, data=5755.0G[0m
[32m2026-05-26 14:14:35[0m | [1mINFO    [0m | [1m开始逐Lane贪心排机 - 文库数: 61[0m
[32m2026-05-26 14:14:35[0m | [1mINFO    [0m | [1m预拆分完成: 使用外层已拆分文库[0m
[32m2026-05-26 14:14:35[0m | [1mINFO    [0m | [1m===== 批次全局分析报告 =====[0m
[32m2026-05-26 14:14:35[0m | [1mINFO    [0m | [1m机器类型: Nova X-25B[0m
[32m2026-05-26 14:14:35[0m | [1mINFO    [0m | [1m文库总数: 61[0m
[32m2026-05-26 14:14:35[0m | [1mINFO    [0m | [1m总数据量: 5755.0 GB[0m
[32m2026-05-26 14:14:35[0m | [1mINFO    [0m | [1m预估Lane数: 3~3[0m
[32m2026-05-26 14:14:35[0m | [1mINFO    [0m | [1m--- 特征标记 ---[0m
[32m2026-05-26 14:14:35[0m | [1mINFO    [0m | [1m  包Lane文库: 无[0m
[32m2026-05-26 14:14:35[0m | [1mINFO    [0m | [1m  碱基不均衡: 无[0m
[32m2026-05-26 14:14:35[0m | [1mINFO    [0m | [1m  客户文库:   无[0m
[32m2026-05-26 14:14:35[0m | [1mINFO    [0m | [1m  10bp文库:   有[0m
[32m2026-05-26 14:14:35[0m | [1mINFO    [0m | [1m  非10bp文库: 无[0m
[32m2026-05-26 14:14:35[0m | [1mINFO    [0m | [1m  特殊组合:   无[0m
[32m2026-05-26 14:14:35[0m | [1mINFO    [0m | [1m--- 分组画像 ---[0m
[32m2026-05-26 14:14:35[0m | [1mINFO    [0m | [1m  [10bp] 10碱基文库: 61个文库, 5755.0GB, 预估3~3条Lane[0m
[32m2026-05-26 14:14:35[0m | [1mINFO    [0m | [1m  [all] 全部文库: 61个文库, 5755.0GB, 预估3~3条Lane[0m
[32m2026-05-26 14:14:35[0m | [1mINFO    [0m | [1m--- 策略建议 ---[0m
[32m2026-05-26 14:14:35[0m | [1mINFO    [0m | [1m  - 数据分布较均匀，可按常规贪心排机流程处理[0m
[32m2026-05-26 14:14:35[0m | [1mINFO    [0m | [1m===== 报告结束 =====[0m
[32m2026-05-26 14:14:35[0m | [1mINFO    [0m | [1m保留外部传入的策略执行计划，仅使用批次分析报告[0m
[32m2026-05-26 14:14:35[0m | [1mINFO    [0m | [1m处理机器类型 Nova X-25B - 文库数: 61 - Lane容量: 1050.0GB, 利用率区间: [100%, 100%], 特殊文库上限: 350GB[0m
[32m2026-05-26 14:14:35[0m | [1mINFO    [0m | [1m剩余池总量1361.0GB不足最小成Lane门槛2095.0GB，跳过后续随机重试[0m
[32m2026-05-26 14:14:35[0m | [1mINFO    [0m | [1m最后填充策略: 尝试将12个未分配文库塞入已有Lane[0m
[32m2026-05-26 14:14:35[0m | [1mINFO    [0m | [1m挪移优化: 未分配12个文库(1361GB)，需要从现有Lane挪出734GB[0m
[32m2026-05-26 14:14:35[0m | [33m[1mWARNING [0m | [33m[1m挪移优化: 挪出数据量60GB不足，放弃挪移[0m
[32m2026-05-26 14:14:35[0m | [1mINFO    [0m | [1m逐Lane贪心排机完成 - Lane数: 2, 已分配: 49/61, 未分配: 12, 平均利用率: 101.0%, 耗时: 0.07秒[0m
[32m2026-05-26 14:14:35[0m | [1mINFO    [0m | [1mIndex校验器初始化完成（真实数据验证版本）[0m
[32m2026-05-26 14:14:35[0m | [1mINFO    [0m | [1m成Lane校验程序初始化完成 (严格模式: False, 碱基不均衡上限: 35%, 特殊文库关键词: 9个)[0m
[32m2026-05-26 14:14:35[0m | [1mINFO    [0m | [1m最终验证结果: 2条Lane通过，12个文库未分配[0m
[32m2026-05-26 14:14:35[0m | [1mINFO    [0m | [1m主流程规则分桶预调度: bucket=general:协和医院多组学测序服务技术服务（委托）合同-2024|Z|DNA小片段文库|NA|NORMAL, count=156, data=5050.0G[0m
[32m2026-05-26 14:14:35[0m | [1mINFO    [0m | [1m开始逐Lane贪心排机 - 文库数: 156[0m
[32m2026-05-26 14:14:35[0m | [1mINFO    [0m | [1m预拆分完成: 使用外层已拆分文库[0m
[32m2026-05-26 14:14:35[0m | [1mINFO    [0m | [1m使用外部传入的全局分析报告（全量文库），跳过内部分析[0m
[32m2026-05-26 14:14:35[0m | [1mINFO    [0m | [1m处理机器类型 Nova X-25B - 文库数: 156 - Lane容量: 1050.0GB, 利用率区间: [100%, 100%], 特殊文库上限: 350GB[0m
[32m2026-05-26 14:14:35[0m | [1mINFO    [0m | [1m剩余池总量680.0GB不足最小成Lane门槛2095.0GB，跳过后续随机重试[0m
[32m2026-05-26 14:14:35[0m | [1mINFO    [0m | [1m最后填充策略: 尝试将34个未分配文库塞入已有Lane[0m
[32m2026-05-26 14:14:35[0m | [1mINFO    [0m | [1m最后填充策略: 成功塞入6个文库，踢出0个违反规则的文库，剩余28个无法分配[0m
[32m2026-05-26 14:14:35[0m | [1mINFO    [0m | [1m挪移优化: 未分配28个文库(560GB)，需要从现有Lane挪出1535GB[0m
[32m2026-05-26 14:14:35[0m | [33m[1mWARNING [0m | [33m[1m挪移优化: 挪出数据量220GB不足，放弃挪移[0m
[32m2026-05-26 14:14:35[0m | [1mINFO    [0m | [1m逐Lane贪心排机完成 - Lane数: 2, 已分配: 128/156, 未分配: 28, 平均利用率: 103.2%, 耗时: 0.43秒[0m
[32m2026-05-26 14:14:35[0m | [1mINFO    [0m | [1mIndex校验器初始化完成（真实数据验证版本）[0m
[32m2026-05-26 14:14:35[0m | [1mINFO    [0m | [1m成Lane校验程序初始化完成 (严格模式: False, 碱基不均衡上限: 35%, 特殊文库关键词: 9个)[0m
[32m2026-05-26 14:14:35[0m | [1mINFO    [0m | [1m最终验证结果: 2条Lane通过，28个文库未分配[0m
[32m2026-05-26 14:14:35[0m | [1mINFO    [0m | [1m主流程规则分桶预调度: bucket=general:浙江大学--徐浩老师3000个单菌建库测序-CLEAN技术服务（委托）合同|Z|DNA小片段文库|NA|NORMAL, count=82, data=3555.0G[0m
[32m2026-05-26 14:14:35[0m | [1mINFO    [0m | [1m开始逐Lane贪心排机 - 文库数: 82[0m
[32m2026-05-26 14:14:35[0m | [1mINFO    [0m | [1m预拆分完成: 使用外层已拆分文库[0m
[32m2026-05-26 14:14:35[0m | [1mINFO    [0m | [1m使用外部传入的全局分析报告（全量文库），跳过内部分析[0m
[32m2026-05-26 14:14:35[0m | [1mINFO    [0m | [1m处理机器类型 Nova X-25B - 文库数: 82 - Lane容量: 1050.0GB, 利用率区间: [100%, 100%], 特殊文库上限: 350GB[0m
[32m2026-05-26 14:14:35[0m | [1mINFO    [0m | [1m剩余池总量1440.0GB不足最小成Lane门槛2095.0GB，跳过后续随机重试[0m
[32m2026-05-26 14:14:35[0m | [1mINFO    [0m | [1m最后填充策略: 尝试将35个未分配文库塞入已有Lane[0m
[32m2026-05-26 14:14:35[0m | [1mINFO    [0m | [1m最后填充策略: 成功塞入3个文库，踢出0个违反规则的文库，剩余32个无法分配[0m
[32m2026-05-26 14:14:35[0m | [1mINFO    [0m | [1m挪移优化: 未分配32个文库(1305GB)，需要从现有Lane挪出790GB[0m
[32m2026-05-26 14:14:35[0m | [33m[1mWARNING [0m | [33m[1m挪移优化: 挪出数据量135GB不足，放弃挪移[0m
[32m2026-05-26 14:14:35[0m | [1mINFO    [0m | [1m逐Lane贪心排机完成 - Lane数: 1, 已分配: 50/82, 未分配: 32, 平均利用率: 103.4%, 耗时: 0.12秒[0m
[32m2026-05-26 14:14:35[0m | [1mINFO    [0m | [1mIndex校验器初始化完成（真实数据验证版本）[0m
[32m2026-05-26 14:14:35[0m | [1mINFO    [0m | [1m成Lane校验程序初始化完成 (严格模式: False, 碱基不均衡上限: 35%, 特殊文库关键词: 9个)[0m
[32m2026-05-26 14:14:35[0m | [1mINFO    [0m | [1m最终验证结果: 1条Lane通过，32个文库未分配[0m
[32m2026-05-26 14:14:35[0m | [1mINFO    [0m | [1m主流程规则分桶跳过: bucket=general:TJ-CO-BOSQUE-200-MICROBIAL-WGS-1G-XPLUS-WOBI-NVUS2024101106|Z|DNA小片段文库|NA|NORMAL, count=12, reason=总量1460.0G低于最小门槛2095.0G[0m
[32m2026-05-26 14:14:35[0m | [1mINFO    [0m | [1m主流程规则分桶跳过: bucket=general:深圳基因组所20个样本重测序分析技术服务（委托）合同|Z|DNA小片段文库|NA|NORMAL, count=7, reason=总量700.0G低于最小门槛2095.0G[0m
[32m2026-05-26 14:14:35[0m | [1mINFO    [0m | [1m主流程规则分桶跳过: bucket=general:2024年武汉赛维尔有参转录组及无参转录组分析技术服务（委托）合同|Z|VIP-真核普通转录组文库|NA|NORMAL, count=6, reason=总量600.0G低于最小门槛2095.0G[0m
[32m2026-05-26 14:14:35[0m | [1mINFO    [0m | [1m主流程规则分桶跳过: bucket=general:华北理工2库全转分析技术服务（委托）合同|Z|LNC非互作文库|NA|NORMAL, count=12, reason=总量360.0G低于最小门槛2095.0G[0m
[32m2026-05-26 14:14:35[0m | [1mINFO    [0m | [1m主流程规则分桶跳过: bucket=general:工生所18例细菌原核转录组测序分析技术服务（委托）合同|Z|原核链特异性转录组文库|NA|NORMAL, count=17, reason=总量204.0G低于最小门槛2095.0G[0m
[32m2026-05-26 14:14:35[0m | [1mINFO    [0m | [1m主流程规则分桶跳过: bucket=general:JAPAN-RHELIXA-10-ANIMAL-XPLUS-LNCRNASEQ-5GB-WOBI-RH241212448-AMEA2024121841|Z|LNC非互作文库|NA|NORMAL, count=10, reason=总量200.0G低于最小门槛2095.0G[0m
[32m2026-05-26 14:14:35[0m | [1mINFO    [0m | [1m主流程规则分桶跳过: bucket=general:2024年四季度微科盟常规标品建库测序框架合同分析技术服务（委托）合同|Z|DNA小片段文库|NA|NORMAL, count=2, reason=总量200.0G低于最小门槛2095.0G[0m
[32m2026-05-26 14:14:35[0m | [1mINFO    [0m | [1m主流程规则分桶跳过: bucket=general:【预付】2024年厦门飞朔预付款合同分析技术服务（委托）合同|Z|VIP-真核普通转录组文库|NA|NORMAL, count=2, reason=总量200.0G低于最小门槛2095.0G[0m
[32m2026-05-26 14:14:35[0m | [1mINFO    [0m | [1m主流程规则分桶跳过: bucket=general:湖大2个植物WGS测序分析技术服务（委托）合同|Z|DNA小片段文库|NA|NORMAL, count=2, reason=总量200.0G低于最小门槛2095.0G[0m
[32m2026-05-26 14:14:35[0m | [1mINFO    [0m | [1m主流程规则分桶跳过: bucket=general:西北农林科技大学2个混池BSA测序分析技术服务（委托）合同|Z|DNA小片段文库|NA|NORMAL, count=2, reason=总量200.0G低于最小门槛2095.0G[0m
[32m2026-05-26 14:14:35[0m | [1mINFO    [0m | [1m主流程规则分桶跳过: bucket=general:山西农业大学100个全基因组建库测序分析技术服务（委托）合同|Z|DNA小片段文库|NA|NORMAL, count=4, reason=总量180.0G低于最小门槛2095.0G[0m
[32m2026-05-26 14:14:35[0m | [1mINFO    [0m | [1m主流程规则分桶跳过: bucket=general:云南大学叶绿体与线粒体基因组的二代三代建库测序技术服务（委托）合同|Z|DNA小片段文库|NA|NORMAL, count=2, reason=总量180.0G低于最小门槛2095.0G[0m
[32m2026-05-26 14:14:35[0m | [1mINFO    [0m | [1m主流程规则分桶跳过: bucket=general:JAPAN-IWAI-12-MICROBIAL-XPLUS-PROKA RNA-3GB-WOBI-東京都新宿区-岩井東京-慶應-医学部-BIO2Q-LEONG先生-AMEA2024121837|Z|原核链特异性转录组文库|NA|NORMAL, count=12, reason=总量144.0G低于最小门槛2095.0G[0m
[32m2026-05-26 14:14:35[0m | [1mINFO    [0m | [1m主流程规则分桶跳过: bucket=general:吉林农大12个样本原核转录组分析技术服务（委托）合同|Z|原核链特异性转录组文库|NA|NORMAL, count=12, reason=总量144.0G低于最小门槛2095.0G[0m
[32m2026-05-26 14:14:35[0m | [1mINFO    [0m | [1m主流程规则分桶跳过: bucket=general:（极速周期）北大50个样本LNCRNA建库测序技术服务（委托）合同|Z|LNC非互作文库|NA|NORMAL, count=6, reason=总量140.0G低于最小门槛2095.0G[0m
[32m2026-05-26 14:14:35[0m | [1mINFO    [0m | [1m主流程规则分桶跳过: bucket=general:云南普利斯6个样本的全转录组（LNC+SMALL）测序分析技术服务（委托）合同|Z|LNC非互作文库|NA|NORMAL, count=6, reason=总量120.0G低于最小门槛2095.0G[0m
[32m2026-05-26 14:14:35[0m | [1mINFO    [0m | [1m主流程规则分桶跳过: bucket=general:军科院互作转录组测序分析技术服务（委托）合同|Z|LNC互作文库|NA|NORMAL, count=4, reason=总量120.0G低于最小门槛2095.0G[0m
[32m2026-05-26 14:14:35[0m | [1mINFO    [0m | [1m主流程规则分桶跳过: bucket=general:北师大12个原核转录组建库测序分析(X)技术服务（委托）合同-Y|Z|原核链特异性转录组文库|NA|NORMAL, count=9, reason=总量108.0G低于最小门槛2095.0G[0m
[32m2026-05-26 14:14:35[0m | [1mINFO    [0m | [1m主流程规则分桶跳过: bucket=general:100个扩增子+50个宏基因组+200个微生物全基因组建库测序分析技术服务（委托）合同|Z|DNA小片段文库|NA|NORMAL, count=1, reason=总量100.0G低于最小门槛2095.0G[0m
[32m2026-05-26 14:14:35[0m | [1mINFO    [0m | [1m主流程规则分桶跳过: bucket=general:康龙化成（北京）2024-2025年度建库测序分析技术服务（委托）合同|Z|VIP-真核普通转录组文库|NA|NORMAL, count=1, reason=总量100.0G低于最小门槛2095.0G[0m
[32m2026-05-26 14:14:35[0m | [1mINFO    [0m | [1m主流程规则分桶跳过: bucket=general:浙一4000株单菌二代建库测序技术服务（委托）合同-CLEAN|Z|DNA小片段文库|NA|NORMAL, count=1, reason=总量100.0G低于最小门槛2095.0G[0m
[32m2026-05-26 14:14:35[0m | [1mINFO    [0m | [1m主流程规则分桶跳过: bucket=general:赛默百合建库测序2024年度协议分析技术服务（委托）合同|Z|VIP-真核普通转录组文库|NA|NORMAL, count=1, reason=总量100.0G低于最小门槛2095.0G[0m
[32m2026-05-26 14:14:35[0m | [1mINFO    [0m | [1m主流程规则分桶跳过: bucket=general:BZ-US-CUBOULDER-255-PLANT-PAWGS-NOVASEQXPLUS-4GB-WOBI-NVUS2024101115|Z|DNA小片段文库|NA|NORMAL, count=1, reason=总量90.0G低于最小门槛2095.0G[0m
[32m2026-05-26 14:14:35[0m | [1mINFO    [0m | [1m主流程规则分桶跳过: bucket=general:中国科学院昆明动物研究所2000个动物样本测序技术服务（委托）合同|Z|DNA小片段文库|NA|NORMAL, count=1, reason=总量90.0G低于最小门槛2095.0G[0m
[32m2026-05-26 14:14:35[0m | [1mINFO    [0m | [1m主流程规则分桶跳过: bucket=general:山西农业大学626例GWAS分析分析技术服务（委托）合同|Z|动植物全基因组重测序文库|NA|NORMAL, count=1, reason=总量90.0G低于最小门槛2095.0G[0m
[32m2026-05-26 14:14:35[0m | [1mINFO    [0m | [1m主流程规则分桶跳过: bucket=general:JAPAN-RHELIXA-6-PROKA-XPLUS-PROKARYOTIC RNASEQ-1GB-WOBI-RH241212639-AMEA2024121833|Z|原核链特异性转录组文库|NA|NORMAL, count=6, reason=总量72.0G低于最小门槛2095.0G[0m
[32m2026-05-26 14:14:35[0m | [1mINFO    [0m | [1m主流程规则分桶跳过: bucket=general:山农15个原核转录组分析技术服务（委托）合同|Z|原核链特异性转录组文库|NA|NORMAL, count=6, reason=总量72.0G低于最小门槛2095.0G[0m
[32m2026-05-26 14:14:35[0m | [1mINFO    [0m | [1m主流程规则分桶跳过: bucket=general:农学院7个动植物全基因组测序分析技术服务（委托）合同|Z|DNA小片段文库|NA|NORMAL, count=2, reason=总量60.0G低于最小门槛2095.0G[0m
[32m2026-05-26 14:14:35[0m | [1mINFO    [0m | [1m主流程规则分桶跳过: bucket=general:海南大学100个DNA小片段建库测序分析技术服务（委托）合同-YY|Z|DNA小片段文库|NA|NORMAL, count=2, reason=总量60.0G低于最小门槛2095.0G[0m
[32m2026-05-26 14:14:35[0m | [1mINFO    [0m | [1m主流程规则分桶跳过: bucket=general:黄海所24个有参转录组-ZW分析技术服务（委托）合同|Z|VIP-真核普通转录组文库|NA|NORMAL, count=6, reason=总量56.0G低于最小门槛2095.0G[0m
[32m2026-05-26 14:14:35[0m | [1mINFO    [0m | [1m主流程规则分桶跳过: bucket=general:博奥晶典ILLUMINA建库测序及质控 技术服务（委托）合同-2025|Z|VIP-真核普通转录组文库|NA|NORMAL, count=8, reason=总量48.0G低于最小门槛2095.0G[0m
[32m2026-05-26 14:14:35[0m | [1mINFO    [0m | [1m主流程规则分桶跳过: bucket=general:中国科学技术大学3个RNA样本LNCRNA建库测序技术服务（委托）合同|Z|LNC非互作文库|NA|NORMAL, count=2, reason=总量40.0G低于最小门槛2095.0G[0m
[32m2026-05-26 14:14:35[0m | [1mINFO    [0m | [1m主流程规则分桶跳过: bucket=general:山农54个玉米样本转录组测序分析分析技术服务（委托）合同|Z|VIP-真核普通转录组文库|NA|NORMAL, count=4, reason=总量24.0G低于最小门槛2095.0G[0m
[32m2026-05-26 14:14:35[0m | [1mINFO    [0m | [1m主流程规则分桶跳过: bucket=general:JAPAN-RHELIXA-5-ANIMAL-XPLUS-LNCRNASEQ-6GB-WOBI-RH241212611-RH241212651-AMEA2024121842|Z|LNC非互作文库|NA|NORMAL, count=1, reason=总量20.0G低于最小门槛2095.0G[0m
[32m2026-05-26 14:14:35[0m | [1mINFO    [0m | [1m主流程规则分桶跳过: bucket=general:北大成都研究院10个LNC建库测序加比对分析技术服务（委托）合同|Z|LNC非互作文库|NA|NORMAL, count=1, reason=总量20.0G低于最小门槛2095.0G[0m
[32m2026-05-26 14:14:35[0m | [1mINFO    [0m | [1m主流程规则分桶跳过: bucket=general:浙江大学4个RNA样本LNC转录组建库测序技术服务（委托）合同|Z|LNC非互作文库|NA|NORMAL, count=1, reason=总量20.0G低于最小门槛2095.0G[0m
[32m2026-05-26 14:14:35[0m | [1mINFO    [0m | [1m主流程规则分桶跳过: bucket=general:TJ-US-TRANSITIONB-28-HUMAN-MRNASEQ-6G-WOBI-NVUS2025070802|Z|VIP-真核普通转录组文库|NA|NORMAL, count=3, reason=总量18.0G低于最小门槛2095.0G[0m
[32m2026-05-26 14:14:35[0m | [1mINFO    [0m | [1m主流程规则分桶跳过: bucket=general:植物所200个DNA建库测序技术服务（委托）合同|Z|DNA小片段文库|NA|NORMAL, count=1, reason=总量12.0G低于最小门槛2095.0G[0m
[32m2026-05-26 14:14:35[0m | [1mINFO    [0m | [1m主流程规则分桶跳过: bucket=general:赛默百合2023年XPLUS平台建库测序技术服务（委托）合同|Z|DNA小片段文库|NA|NORMAL, count=1, reason=总量12.0G低于最小门槛2095.0G[0m
[32m2026-05-26 14:14:35[0m | [1mINFO    [0m | [1m主流程规则分桶预调度完成: 分桶=58，桶后尾货=272个/10258.5G[0m
[32m2026-05-26 14:14:35[0m | [1mINFO    [0m | [1m主流程尾货统一补排启动: count=272, data=10258.5G[0m
[32m2026-05-26 14:14:35[0m | [1mINFO    [0m | [1m开始逐Lane贪心排机 - 文库数: 272[0m
[32m2026-05-26 14:14:35[0m | [1mINFO    [0m | [1m预拆分完成: 使用外层已拆分文库[0m
[32m2026-05-26 14:14:35[0m | [1mINFO    [0m | [1m使用外部传入的全局分析报告（全量文库），跳过内部分析[0m
[32m2026-05-26 14:14:35[0m | [1mINFO    [0m | [1m处理机器类型 Nova X-25B - 文库数: 242 - Lane容量: 1050.0GB, 利用率区间: [100%, 100%], 特殊文库上限: 350GB[0m
[32m2026-05-26 14:14:35[0m | [1mINFO    [0m | [1m碱基不均衡专用Lane策略: 5个碱基不均衡文库[0m
[32m2026-05-26 14:14:35[0m | [1mINFO    [0m | [1m专用Lane分组G26剩余合同量150.0G无法满足1.1或3.6T-NEW有效容量下限[0m
[32m2026-05-26 14:14:35[0m | [1mINFO    [0m | [1m专用Lane分组G4剩余合同量11.9G无法满足1.1或3.6T-NEW有效容量下限[0m
[32m2026-05-26 14:14:35[0m | [1mINFO    [0m | [1m专用Lane分组G18剩余合同量2.8G无法满足1.1或3.6T-NEW有效容量下限[0m
[32m2026-05-26 14:14:35[0m | [1mINFO    [0m | [1m专用Lane分组G22剩余合同量3.3G无法满足1.1或3.6T-NEW有效容量下限[0m
[32m2026-05-26 14:14:35[0m | [1mINFO    [0m | [1m形成0条专用Lane，剩余5个碱基不均衡文库[0m
[32m2026-05-26 14:14:36[0m | [1mINFO    [0m | [1m第二轮排机: 135 个未分配文库（随机顺序）[0m
[32m2026-05-26 14:14:36[0m | [1mINFO    [0m | [1m第三轮排机: 135 个未分配文库（小文库优先）[0m
[32m2026-05-26 14:14:36[0m | [1mINFO    [0m | [1m第12轮后剩余池总量1499.4GB不足最小成Lane门槛2095.0GB，提前结束随机重试[0m
[32m2026-05-26 14:14:36[0m | [1mINFO    [0m | [1m专用Lane分组G26剩余合同量150.0G无法满足1.1或3.6T-NEW有效容量下限[0m
[32m2026-05-26 14:14:36[0m | [1mINFO    [0m | [1m专用Lane分组G4剩余合同量11.9G无法满足1.1或3.6T-NEW有效容量下限[0m
[32m2026-05-26 14:14:36[0m | [1mINFO    [0m | [1m专用Lane分组G18剩余合同量2.8G无法满足1.1或3.6T-NEW有效容量下限[0m
[32m2026-05-26 14:14:36[0m | [1mINFO    [0m | [1m专用Lane分组G22剩余合同量3.3G无法满足1.1或3.6T-NEW有效容量下限[0m
[32m2026-05-26 14:14:36[0m | [1mINFO    [0m | [1m专用Lane创建完成: 0条Lane, 5个碱基不均衡文库待分配, 27个中性文库待分配[0m
[32m2026-05-26 14:14:36[0m | [1mINFO    [0m | [1m处理机器类型 NovaSeq X Plus - 文库数: 30 - Lane容量: 1100GB, 利用率区间: [100%, 100%], 特殊文库上限: 350GB[0m
[32m2026-05-26 14:14:36[0m | [1mINFO    [0m | [1m碱基不均衡专用Lane策略: 9个碱基不均衡文库[0m
[32m2026-05-26 14:14:36[0m | [1mINFO    [0m | [1m专用Lane分组G26剩余合同量12.0G无法满足1.1或3.6T-NEW有效容量下限[0m
[32m2026-05-26 14:14:36[0m | [1mINFO    [0m | [1m专用Lane分组G22剩余合同量11.0G无法满足1.1或3.6T-NEW有效容量下限[0m
[32m2026-05-26 14:14:36[0m | [1mINFO    [0m | [1m专用Lane分组G23剩余合同量1.0G无法满足1.1或3.6T-NEW有效容量下限[0m
[32m2026-05-26 14:14:36[0m | [1mINFO    [0m | [1m形成0条专用Lane，剩余9个碱基不均衡文库[0m
[32m2026-05-26 14:14:36[0m | [1mINFO    [0m | [1m剩余池总量170.0GB不足最小成Lane门槛2095.0GB，跳过后续随机重试[0m
[32m2026-05-26 14:14:36[0m | [1mINFO    [0m | [1m专用Lane分组G26剩余合同量12.0G无法满足1.1或3.6T-NEW有效容量下限[0m
[32m2026-05-26 14:14:36[0m | [1mINFO    [0m | [1m专用Lane分组G22剩余合同量11.0G无法满足1.1或3.6T-NEW有效容量下限[0m
[32m2026-05-26 14:14:36[0m | [1mINFO    [0m | [1m专用Lane分组G23剩余合同量1.0G无法满足1.1或3.6T-NEW有效容量下限[0m
[32m2026-05-26 14:14:36[0m | [1mINFO    [0m | [1m专用Lane创建完成: 0条Lane, 9个碱基不均衡文库待分配, 21个中性文库待分配[0m
[32m2026-05-26 14:14:36[0m | [1mINFO    [0m | [1m最后填充策略: 尝试将62个未分配文库塞入已有Lane[0m
[32m2026-05-26 14:14:36[0m | [1mINFO    [0m | [1m最后填充策略: 成功塞入46个文库，踢出59个违反规则的文库，剩余1个无法分配[0m
[32m2026-05-26 14:14:36[0m | [33m[1mWARNING [0m | [33m[1m最后填充策略未分配池重建修正: 旧算法=60个，新算法=45个[0m
[32m2026-05-26 14:14:36[0m | [1mINFO    [0m | [1m挪移优化: 未分配数据量2891GB已足够，尝试精选组建新Lane[0m
[32m2026-05-26 14:14:36[0m | [1mINFO    [0m | [1m残余精选: 内部44个, 客户1个[0m
[32m2026-05-26 14:14:36[0m | [1mINFO    [0m | [1mIndex校验器初始化完成（真实数据验证版本）[0m
[32m2026-05-26 14:14:36[0m | [1mINFO    [0m | [1m成Lane校验程序初始化完成 (严格模式: True, 碱基不均衡上限: 35%, 特殊文库关键词: 9个)[0m
[32m2026-05-26 14:14:36[0m | [1mINFO    [0m | [1m残余精选: 验证失败 - ValidationError(rule_type=<ValidationRuleType.CUSTOMER_PRODUCTION_MIX_RATIO: 'customer_production_mix_ratio'>, severity=<ValidationSeverity.ERROR: 'error'>, message='手工/客户侧与产线混合Lane少数侧占比0.6%不符合规则(应>=5%)', current_value=0.006151130663852018, threshold_value=0.05, affected_libraries=[])[0m
[32m2026-05-26 14:14:36[0m | [1mINFO    [0m | [1m挪移优化: 精选组建失败，继续尝试挪移策略[0m
[32m2026-05-26 14:14:36[0m | [1mINFO    [0m | [1m挪移优化: 未分配45个文库(2891GB)，需要从现有Lane挪出-796GB[0m
[32m2026-05-26 14:14:36[0m | [33m[1mWARNING [0m | [33m[1m挪移优化: 新Lane GL_NovaSeq X Plus_002 验证失败: 容量超限: 2891.3GB > 2255.0GB，放弃创建[0m
[32m2026-05-26 14:14:36[0m | [1mINFO    [0m | [1m逐Lane贪心排机完成 - Lane数: 4, 已分配: 227/272, 未分配: 45, 平均利用率: 88.5%, 耗时: 0.66秒[0m
[32m2026-05-26 14:14:36[0m | [1mINFO    [0m | [1mIndex校验器初始化完成（真实数据验证版本）[0m
[32m2026-05-26 14:14:36[0m | [1mINFO    [0m | [1m成Lane校验程序初始化完成 (严格模式: False, 碱基不均衡上限: 35%, 特殊文库关键词: 9个)[0m
[32m2026-05-26 14:14:36[0m | [33m[1mWARNING [0m | [33m[1mLane GL_Nova X-25B_001 验证失败: ['Lane有效数据量1700.0G(原始1700.0G+平衡0.0G)低于下限2095G，规则=tj_1595_mode_1_1，需添加约395.0G的文库'][0m
[32m2026-05-26 14:14:36[0m | [33m[1mWARNING [0m | [33m[1mLane GL_Nova X-25B_010 验证失败: ['Lane有效数据量1770.0G(原始1770.0G+平衡0.0G)低于下限2095G，规则=tj_1595_mode_1_1，需添加约325.0G的文库'][0m
[32m2026-05-26 14:14:36[0m | [33m[1mWARNING [0m | [33m[1mLane GL_Nova X-25B_015 验证失败: ['Lane有效数据量1643.0G(原始1643.0G+平衡0.0G)低于下限2095G，规则=tj_1595_mode_1_1，需添加约452.0G的文库'][0m
[32m2026-05-26 14:14:36[0m | [1mINFO    [0m | [1m有3条Lane验证失败，尝试挪移优化...[0m
[32m2026-05-26 14:14:36[0m | [1mINFO    [0m | [1mkeep_failed_lanes=True，保留3条验证失败的Lane供外层矫正（未分配池不变）[0m
[32m2026-05-26 14:14:36[0m | [1mINFO    [0m | [1m最终验证结果（含待矫正Lane）: 4条Lane，45个文库未分配[0m
[32m2026-05-26 14:14:36[0m | [1mINFO    [0m | [1mwkspecialsplits边排边检查完成: 无需调整[0m
[32m2026-05-26 14:14:36[0m | [33m[1mWARNING [0m | [33m[1mLane GL_Nova X-25B_001 验证失败 - 错误: ['capacity_insufficient'], 警告: [][0m
[32m2026-05-26 14:14:36[0m | [33m[1mWARNING [0m | [33m[1mLane GL_Nova X-25B_010 验证失败 - 错误: ['capacity_insufficient'], 警告: [][0m
[32m2026-05-26 14:14:36[0m | [33m[1mWARNING [0m | [33m[1mLane GL_Nova X-25B_015 验证失败 - 错误: ['capacity_insufficient'], 警告: [][0m
[32m2026-05-26 14:14:36[0m | [1mINFO    [0m | [1m验证完成：6条Lane通过验证[0m
[32m2026-05-26 14:14:36[0m | [1mINFO    [0m | [1m57规则二次改排救援已关闭，失败Lane文库回收到未分配池[0m
[32m2026-05-26 14:14:36[0m | [1mINFO    [0m | [1m补Lane尝试: variant=full_priority, lane_prefix=EX, pool_size=234, pool_data=8004.270G, prioritize_scattered_mix=True[0m
[32m2026-05-26 14:14:36[0m | [1mINFO    [0m | [1m补Lane尝试: variant=non_clinical_relaxed, lane_prefix=EX, pool_size=234, pool_data=8004.270G, prioritize_scattered_mix=False[0m
[32m2026-05-26 14:14:36[0m | [1mINFO    [0m | [1m补Lane尝试: variant=full_priority, lane_prefix=EX, pool_size=166, pool_data=5784.270G, prioritize_scattered_mix=True[0m
[32m2026-05-26 14:14:36[0m | [1mINFO    [0m | [1m补Lane尝试: variant=non_clinical_relaxed, lane_prefix=EX, pool_size=166, pool_data=5784.270G, prioritize_scattered_mix=False[0m
[32m2026-05-26 14:14:37[0m | [1mINFO    [0m | [1mLane数量提升新增Lane数: 2[0m
[32m2026-05-26 14:14:37[0m | [1mINFO    [0m | [1m补Lane尝试: variant=full_priority, lane_prefix=RB, pool_size=116, pool_data=3536.270G, prioritize_scattered_mix=True[0m
[32m2026-05-26 14:14:37[0m | [1mINFO    [0m | [1m补Lane尝试: variant=non_clinical_relaxed, lane_prefix=RB, pool_size=116, pool_data=3536.270G, prioritize_scattered_mix=False[0m
[32m2026-05-26 14:14:37[0m | [1mINFO    [0m | [1m跨Lane多文库交换完成：新增1条，剩余未分配62个[0m
[32m2026-05-26 14:14:37[0m | [1mINFO    [0m | [1m补Lane尝试跳过: lane_prefix=RM, pool_size=62, pool_data=1433.270G不足最小门槛2095.000G[0m
[32m2026-05-26 14:14:37[0m | [1mINFO    [0m | [1m补Lane尝试跳过: lane_prefix=GL, pool_size=62, pool_data=1433.270G不足最小门槛2095.000G[0m
[32m2026-05-26 14:14:37[0m | [1mINFO    [0m | [1m剩余库分层重组搜索未新增Lane: 跳过拆分文库=0, 剩余未分配=62[0m
[32m2026-05-26 14:14:37[0m | [33m[1mWARNING [0m | [33m[1m检测到重复Lane ID，已自动重命名: GL_Nova X-25B_001 -> GL_Nova X-25B_003[0m
[32m2026-05-26 14:14:37[0m | [33m[1mWARNING [0m | [33m[1m检测到重复Lane ID，已自动重命名: GL_Nova X-25B_002 -> GL_Nova X-25B_004[0m
[32m2026-05-26 14:14:37[0m | [33m[1mWARNING [0m | [33m[1m检测到重复Lane ID，已自动重命名: GL_Nova X-25B_001 -> GL_Nova X-25B_005[0m
[32m2026-05-26 14:14:37[0m | [33m[1mWARNING [0m | [33m[1m最终收口发现重复Lane ID并已重命名: 3条[0m
[32m2026-05-26 14:14:37[0m | [1mINFO    [0m | [1m脚本内置 Pooling 预测已停用，后续统一调用 prediction_delivery[0m
[32m2026-05-26 14:14:37[0m | [33m[1mWARNING [0m | [33m[1mLane EX_Nova X-25B_002 利用率异常: 227.69% (数据量=2220.00GB, 容量=975.00GB)[0m
[32m2026-05-26 14:14:37[0m | [33m[1mWARNING [0m | [33m[1mLane EX_Nova X-25B_004 利用率异常: 230.56% (数据量=2248.00GB, 容量=975.00GB)[0m
[32m2026-05-26 14:14:37[0m | [33m[1mWARNING [0m | [33m[1mLane RB_Nova X-25B_002 利用率异常: 215.69% (数据量=2103.00GB, 容量=975.00GB)[0m
[32m2026-05-26 14:14:37[0m | [1mINFO    [0m | [1mIndex校验器初始化完成（真实数据验证版本）[0m
[32m2026-05-26 14:14:37[0m | [1mINFO    [0m | [1m成Lane校验程序初始化完成 (严格模式: True, 碱基不均衡上限: 35%, 特殊文库关键词: 9个)[0m
[32m2026-05-26 14:14:37[0m | [1mINFO    [0m | [1m1.1首轮二次补排启动: 首轮剩余文库=62个[0m
[32m2026-05-26 14:14:37[0m | [1mINFO    [0m | [1m1.1首轮二次补排策略: expensive_rescue=True, peak_window_mixed=True, post_fill_optimization=True, rule_bucket_prescheduling=True[0m
[32m2026-05-26 14:14:37[0m | [1mINFO    [0m | [1m
================================================================================[0m
[32m2026-05-26 14:14:37[0m | [1mINFO    [0m | [1m排机流程：纯规则排机[0m
[32m2026-05-26 14:14:37[0m | [1mINFO    [0m | [1m================================================================================[0m
[32m2026-05-26 14:14:37[0m | [1mINFO    [0m | [1mIndex校验器初始化完成（真实数据验证版本）[0m
[32m2026-05-26 14:14:37[0m | [1mINFO    [0m | [1mIndex校验器初始化完成（真实数据验证版本）[0m
[32m2026-05-26 14:14:37[0m | [1mINFO    [0m | [1m成Lane校验程序初始化完成 (严格模式: True, 碱基不均衡上限: 35%, 特殊文库关键词: 9个)[0m
[32m2026-05-26 14:14:37[0m | [33m[1mWARNING [0m | [33m[1mPooling配置表不存在: /data/work/yuyongpeng/liblane_v2_deepseek/data/wktype_pooling_config.xlsx，将使用默认策略[0m
[32m2026-05-26 14:14:37[0m | [1mINFO    [0m | [1m产出效率修正表不存在: /data/work/yuyongpeng/liblane_v2_deepseek/data/production_efficiency_correction.csv，跳过后校准[0m
[32m2026-05-26 14:14:37[0m | [33m[1mWARNING [0m | [33m[1m模型文件不存在: models/loutput_pre_lane_v5/lightgbm_model.pkl[0m
[32m2026-05-26 14:14:37[0m | [33m[1mWARNING [0m | [33m[1mloutput预测器不可用，将使用规则降级策略[0m
[32m2026-05-26 14:14:37[0m | [1mINFO    [0m | [1m逐Lane贪心排机器初始化完成 - 基础容量: 985.0GB, 利用率区间: [100%, 100%], 配置模式: 按机型自动[0m
[32m2026-05-26 14:14:37[0m | [1mINFO    [0m | [1m启用检查: Index=True, 碱基不均衡=True, 规则检查器=False[0m
[32m2026-05-26 14:14:37[0m | [1mINFO    [0m | [1m排机阶段：Pooling优化器已禁用（V6流程不需要）[0m
[32m2026-05-26 14:14:37[0m | [1mINFO    [0m | [1mIndex校验器初始化完成（真实数据验证版本）[0m
[32m2026-05-26 14:14:37[0m | [1mINFO    [0m | [1m成Lane校验程序初始化完成 (严格模式: True, 碱基不均衡上限: 35%, 特殊文库关键词: 9个)[0m
[32m2026-05-26 14:14:37[0m | [1mINFO    [0m | [1m严格校验容量区间改为按统一配置表动态解析[0m
[32m2026-05-26 14:14:37[0m | [1mINFO    [0m | [1m主流程前置拆分完成: 无需拆分[0m
[32m2026-05-26 14:14:37[0m | [1mINFO    [0m | [1m混排窗口内总量1283G不足以形成Lane(最小2095G)[0m
[32m2026-05-26 14:14:37[0m | [1mINFO    [0m | [1m主流程规则分桶跳过: bucket=special_combo_a:SINGAPORE-NUS-DOM-4-SCRNA-4 GEM-X GENE EXPRESSION-120G-WBI-AMEA2025071734|S|10X转录组-3'文库|10X_CELLRANGER|TENX+MANUAL_RISK+IMBALANCE, count=1, reason=总量11.9G低于最小门槛1995.0G[0m
[32m2026-05-26 14:14:37[0m | [1mINFO    [0m | [1m主流程规则分桶跳过: bucket=manual_or_risk:（极速周期）北大SH自建库散样XP建库测序技术服务（委托）合同|S|客户-CUT-TAG文库|NA|SCATTERED+CUSTOMER+MANUAL_RISK+IMBALANCE, count=1, reason=总量150.0G低于最小门槛2095.0G[0m
[32m2026-05-26 14:14:37[0m | [1mINFO    [0m | [1m主流程规则分桶跳过: bucket=manual_or_risk:（极速周期）北生所1000个自建文库测序技术服务（委托）合同|S|客户-CUT-TAG文库|NA|CUSTOMER+MANUAL_RISK+IMBALANCE, count=2, reason=总量12.0G低于最小门槛2095.0G[0m
[32m2026-05-26 14:14:37[0m | [1mINFO    [0m | [1m主流程规则分桶跳过: bucket=manual_or_risk:第七医学中心陶元东老师（周辉霞组）转录组+CUT&TAG测序分析项目协议-2025.7.3|S|CUT TAG文库（细胞）|-|MANUAL_RISK+IMBALANCE, count=1, reason=总量2.8G低于最小门槛2095.0G[0m
[32m2026-05-26 14:14:37[0m | [1mINFO    [0m | [1m主流程规则分桶跳过: bucket=manual_or_risk:2019年天津科服实验室测试项目-DNA平台|S|VIP-真核普通转录组文库|-|MANUAL_RISK, count=1, reason=总量2.7G低于最小门槛2095.0G[0m
[32m2026-05-26 14:14:37[0m | [1mINFO    [0m | [1m主流程规则分桶跳过: bucket=manual_or_risk:北京林业大学80个样本GBS测序分析技术服务（委托）合同|S|动植物简化基因组文库(GBS亲代)|NA|MANUAL_RISK+IMBALANCE, count=1, reason=总量1.0G低于最小门槛2095.0G[0m
[32m2026-05-26 14:14:37[0m | [1mINFO    [0m | [1m主流程规则分桶跳过: bucket=manual_or_risk:林大300个样本的DNA小片段建库测序分析技术服务（委托）合同|S|微生物常规小片段文库|-|MANUAL_RISK, count=1, reason=总量0.8G低于最小门槛2095.0G[0m
[32m2026-05-26 14:14:37[0m | [1mINFO    [0m | [1m主流程规则分桶跳过: bucket=manual_or_risk:细菌噬菌体DNA样本NOVASEQ™ X PLUS建库测序分析技术服务（委托）合同-JJH|S|微生物常规小片段文库|-|MANUAL_RISK, count=1, reason=总量0.8G低于最小门槛2095.0G[0m
[32m2026-05-26 14:14:37[0m | [1mINFO    [0m | [1m主流程规则分桶跳过: bucket=ten_x:深圳湾实验室500例CDNA样本转录组建库测序及质控技术服务（委托）合同|S|单细胞文库|-|TENX+MANUAL_RISK+IMBALANCE, count=4, reason=总量10.9G低于最小门槛2095.0G[0m
[32m2026-05-26 14:14:37[0m | [1mINFO    [0m | [1m主流程规则分桶跳过: bucket=ten_x:NVUK2025070154-UKI-OXFUNI-MRNA-66-3GB-1-SMARTER|S|单细胞文库|-|TENX+MANUAL_RISK+IMBALANCE, count=1, reason=总量1.0G低于最小门槛2095.0G[0m
[32m2026-05-26 14:14:37[0m | [1mINFO    [0m | [1m主流程规则分桶跳过: bucket=ten_x:NVUK2025070211-UKI-UEA-20-MICE SMARTER AMPLIFICATION MRNASEQ-6GB-WOBI-Q3PRO|S|单细胞文库|-|TENX+MANUAL_RISK+IMBALANCE, count=1, reason=总量0.8G低于最小门槛2095.0G[0m
[32m2026-05-26 14:14:37[0m | [1mINFO    [0m | [1m主流程规则分桶跳过: bucket=ten_x:交医郑俊克组2个转录组微量扩增+单细胞建库测序分析技术服务（委托）合同|S|单细胞文库|NA|TENX+MANUAL_RISK+IMBALANCE, count=1, reason=总量0.8G低于最小门槛2095.0G[0m
[32m2026-05-26 14:14:37[0m | [1mINFO    [0m | [1m主流程规则分桶跳过: bucket=ten_x:新桥医院微量转录组测序分析技术服务（委托）合同|S|单细胞文库|-|TENX+MANUAL_RISK+IMBALANCE, count=1, reason=总量0.8G低于最小门槛2095.0G[0m
[32m2026-05-26 14:14:37[0m | [1mINFO    [0m | [1m主流程规则分桶跳过: bucket=general:深圳基因组所20个样本重测序分析技术服务（委托）合同|Z|DNA小片段文库|NA|NORMAL, count=2, reason=总量200.0G低于最小门槛2095.0G[0m
[32m2026-05-26 14:14:37[0m | [1mINFO    [0m | [1m主流程规则分桶跳过: bucket=general:项目10000个样本DNA小片段提取建库测序技术服务（委托）合同|Z|DNA小片段文库|NA|NORMAL, count=2, reason=总量200.0G低于最小门槛2095.0G[0m
[32m2026-05-26 14:14:37[0m | [1mINFO    [0m | [1m主流程规则分桶跳过: bucket=general:协和医院多组学测序服务技术服务（委托）合同-2024|Z|DNA小片段文库|NA|NORMAL, count=9, reason=总量180.0G低于最小门槛2095.0G[0m
[32m2026-05-26 14:14:37[0m | [1mINFO    [0m | [1m主流程规则分桶跳过: bucket=general:TJ-CO-BOSQUE-200-MICROBIAL-WGS-1G-XPLUS-WOBI-NVUS2024101106|Z|DNA小片段文库|NA|NORMAL, count=3, reason=总量90.0G低于最小门槛2095.0G[0m
[32m2026-05-26 14:14:37[0m | [1mINFO    [0m | [1m主流程规则分桶跳过: bucket=general:华北理工2库全转分析技术服务（委托）合同|Z|LNC非互作文库|NA|NORMAL, count=3, reason=总量90.0G低于最小门槛2095.0G[0m
[32m2026-05-26 14:14:37[0m | [1mINFO    [0m | [1m主流程规则分桶跳过: bucket=general:BZ-US-CUBOULDER-255-PLANT-PAWGS-NOVASEQXPLUS-4GB-WOBI-NVUS2024101115|Z|DNA小片段文库|NA|NORMAL, count=1, reason=总量90.0G低于最小门槛2095.0G[0m
[32m2026-05-26 14:14:37[0m | [1mINFO    [0m | [1m主流程规则分桶跳过: bucket=general:JAPAN-RHELIXA-10-ANIMAL-XPLUS-LNCRNASEQ-5GB-WOBI-RH241212448-AMEA2024121841|Z|LNC非互作文库|NA|NORMAL, count=4, reason=总量80.0G低于最小门槛2095.0G[0m
[32m2026-05-26 14:14:37[0m | [1mINFO    [0m | [1m主流程规则分桶跳过: bucket=general:JAPAN-IWAI-12-MICROBIAL-XPLUS-PROKA RNA-3GB-WOBI-東京都新宿区-岩井東京-慶應-医学部-BIO2Q-LEONG先生-AMEA2024121837|Z|原核链特异性转录组文库|NA|NORMAL, count=4, reason=总量48.0G低于最小门槛2095.0G[0m
[32m2026-05-26 14:14:37[0m | [1mINFO    [0m | [1m主流程规则分桶跳过: bucket=general:浙江大学--徐浩老师3000个单菌建库测序-CLEAN技术服务（委托）合同|Z|DNA小片段文库|NA|NORMAL, count=1, reason=总量45.0G低于最小门槛2095.0G[0m
[32m2026-05-26 14:14:37[0m | [1mINFO    [0m | [1m主流程规则分桶跳过: bucket=general:工生所18例细菌原核转录组测序分析技术服务（委托）合同|Z|原核链特异性转录组文库|NA|NORMAL, count=3, reason=总量36.0G低于最小门槛2095.0G[0m
[32m2026-05-26 14:14:37[0m | [1mINFO    [0m | [1m主流程规则分桶跳过: bucket=general:军科院互作转录组测序分析技术服务（委托）合同|Z|LNC互作文库|NA|NORMAL, count=1, reason=总量30.0G低于最小门槛2095.0G[0m
[32m2026-05-26 14:14:37[0m | [1mINFO    [0m | [1m主流程规则分桶跳过: bucket=general:海南大学100个DNA小片段建库测序分析技术服务（委托）合同-YY|Z|DNA小片段文库|NA|NORMAL, count=1, reason=总量30.0G低于最小门槛2095.0G[0m
[32m2026-05-26 14:14:37[0m | [1mINFO    [0m | [1m主流程规则分桶跳过: bucket=general:JAPAN-RHELIXA-6-PROKA-XPLUS-PROKARYOTIC RNASEQ-1GB-WOBI-RH241212639-AMEA2024121833|Z|原核链特异性转录组文库|NA|NORMAL, count=2, reason=总量24.0G低于最小门槛2095.0G[0m
[32m2026-05-26 14:14:37[0m | [1mINFO    [0m | [1m主流程规则分桶跳过: bucket=general:北师大12个原核转录组建库测序分析(X)技术服务（委托）合同-Y|Z|原核链特异性转录组文库|NA|NORMAL, count=2, reason=总量24.0G低于最小门槛2095.0G[0m
[32m2026-05-26 14:14:37[0m | [1mINFO    [0m | [1m主流程规则分桶跳过: bucket=general:黄海所24个有参转录组-ZW分析技术服务（委托）合同|Z|VIP-真核普通转录组文库|NA|NORMAL, count=2, reason=总量20.0G低于最小门槛2095.0G[0m
[32m2026-05-26 14:14:37[0m | [1mINFO    [0m | [1m主流程规则分桶跳过: bucket=general:（极速周期）北大50个样本LNCRNA建库测序技术服务（委托）合同|Z|LNC非互作文库|NA|NORMAL, count=1, reason=总量20.0G低于最小门槛2095.0G[0m
[32m2026-05-26 14:14:37[0m | [1mINFO    [0m | [1m主流程规则分桶跳过: bucket=general:山农54个玉米样本转录组测序分析分析技术服务（委托）合同|Z|VIP-真核普通转录组文库|NA|NORMAL, count=2, reason=总量12.0G低于最小门槛2095.0G[0m
[32m2026-05-26 14:14:37[0m | [1mINFO    [0m | [1m主流程规则分桶跳过: bucket=general:山农15个原核转录组分析技术服务（委托）合同|Z|原核链特异性转录组文库|NA|NORMAL, count=1, reason=总量12.0G低于最小门槛2095.0G[0m
[32m2026-05-26 14:14:37[0m | [1mINFO    [0m | [1m主流程规则分桶跳过: bucket=general:博奥晶典ILLUMINA建库测序及质控 技术服务（委托）合同-2025|Z|VIP-真核普通转录组文库|NA|NORMAL, count=1, reason=总量6.0G低于最小门槛2095.0G[0m
[32m2026-05-26 14:14:37[0m | [1mINFO    [0m | [1m主流程规则分桶预调度完成: 分桶=32，桶后尾货=62个/1433.3G[0m
[32m2026-05-26 14:14:37[0m | [1mINFO    [0m | [1m主流程尾货统一补排启动: count=62, data=1433.3G[0m
[32m2026-05-26 14:14:37[0m | [1mINFO    [0m | [1m开始逐Lane贪心排机 - 文库数: 62[0m
[32m2026-05-26 14:14:37[0m | [1mINFO    [0m | [1m预拆分完成: 使用外层已拆分文库[0m
[32m2026-05-26 14:14:37[0m | [1mINFO    [0m | [1m===== 批次全局分析报告 =====[0m
[32m2026-05-26 14:14:37[0m | [1mINFO    [0m | [1m机器类型: Nova X-25B[0m
[32m2026-05-26 14:14:37[0m | [1mINFO    [0m | [1m文库总数: 62[0m
[32m2026-05-26 14:14:37[0m | [1mINFO    [0m | [1m总数据量: 1433.3 GB[0m
[32m2026-05-26 14:14:37[0m | [1mINFO    [0m | [1m预估Lane数: 1~1[0m
[32m2026-05-26 14:14:37[0m | [1mINFO    [0m | [1m--- 特征标记 ---[0m
[32m2026-05-26 14:14:37[0m | [1mINFO    [0m | [1m  包Lane文库: 无[0m
[32m2026-05-26 14:14:37[0m | [1mINFO    [0m | [1m  碱基不均衡: 有[0m
[32m2026-05-26 14:14:37[0m | [1mINFO    [0m | [1m  客户文库:   无[0m
[32m2026-05-26 14:14:37[0m | [1mINFO    [0m | [1m  10bp文库:   有[0m
[32m2026-05-26 14:14:37[0m | [1mINFO    [0m | [1m  非10bp文库: 有[0m
[32m2026-05-26 14:14:37[0m | [1mINFO    [0m | [1m  特殊组合:   有[0m
[32m2026-05-26 14:14:37[0m | [1mINFO    [0m | [1m--- 分组画像 ---[0m
[32m2026-05-26 14:14:37[0m | [1mINFO    [0m | [1m  [imbalance] 碱基不均衡文库: 14个文库, 191.9GB, 预估1~1条Lane[0m
[32m2026-05-26 14:14:37[0m | [1mINFO    [0m | [1m  [10bp] 10碱基文库: 54个文库, 1265.1GB, 预估1~1条Lane[0m
[32m2026-05-26 14:14:37[0m | [1mINFO    [0m | [1m  [special_combo_b] 10X 3端/Visium组合: 1个文库, 11.9GB, 预估1~1条Lane[0m
[32m2026-05-26 14:14:37[0m | [1mINFO    [0m | [1m  [all] 全部文库: 62个文库, 1433.3GB, 预估1~1条Lane[0m
[32m2026-05-26 14:14:37[0m | [1mINFO    [0m | [1m  [non_10bp] 非10碱基文库: 8个文库, 168.2GB, 预估1~1条Lane[0m
[32m2026-05-26 14:14:37[0m | [1mINFO    [0m | [1m--- 尾部风险 ---[0m
[32m2026-05-26 14:14:37[0m | [1mINFO    [0m | [1m  [imbalance] 碱基不均衡文库排完整Lane后剩余191.9GB，不足半Lane(998GB)，需要大文库骨架携带或混入散样Lane - 191.9GB, 14个, 严重程度: high[0m
[32m2026-05-26 14:14:37[0m | [1mINFO    [0m | [1m  [non_10bp] 非10碱基文库排完整Lane后剩余168.2GB，不足半Lane(1048GB)，需要大文库骨架携带或混入散样Lane - 168.2GB, 8个, 严重程度: high[0m
[32m2026-05-26 14:14:37[0m | [1mINFO    [0m | [1m  [special_combo_b] 10X 3端/Visium组合排完整Lane后剩余11.9GB，不足半Lane(998GB)，需要大文库骨架携带或混入散样Lane - 11.9GB, 1个, 严重程度: high[0m
[32m2026-05-26 14:14:37[0m | [1mINFO    [0m | [1m--- 策略建议 ---[0m
[32m2026-05-26 14:14:37[0m | [1mINFO    [0m | [1m  - 存在3个高风险尾部分组，建议启用骨架预留(大带小)[0m
[32m2026-05-26 14:14:37[0m | [1mINFO    [0m | [1m===== 报告结束 =====[0m
[32m2026-05-26 14:14:37[0m | [1mINFO    [0m | [1m保留外部传入的策略执行计划，仅使用批次分析报告[0m
[32m2026-05-26 14:14:37[0m | [1mINFO    [0m | [1m处理机器类型 Nova X-25B - 文库数: 48 - Lane容量: 1050.0GB, 利用率区间: [100%, 100%], 特殊文库上限: 350GB[0m
[32m2026-05-26 14:14:37[0m | [1mINFO    [0m | [1m碱基不均衡专用Lane策略: 5个碱基不均衡文库[0m
[32m2026-05-26 14:14:37[0m | [1mINFO    [0m | [1m专用Lane分组G26剩余合同量150.0G无法满足1.1或3.6T-NEW有效容量下限[0m
[32m2026-05-26 14:14:37[0m | [1mINFO    [0m | [1m专用Lane分组G4剩余合同量11.9G无法满足1.1或3.6T-NEW有效容量下限[0m
[32m2026-05-26 14:14:37[0m | [1mINFO    [0m | [1m专用Lane分组G18剩余合同量2.8G无法满足1.1或3.6T-NEW有效容量下限[0m
[32m2026-05-26 14:14:37[0m | [1mINFO    [0m | [1m专用Lane分组G22剩余合同量3.3G无法满足1.1或3.6T-NEW有效容量下限[0m
[32m2026-05-26 14:14:37[0m | [1mINFO    [0m | [1m形成0条专用Lane，剩余5个碱基不均衡文库[0m
[32m2026-05-26 14:14:37[0m | [1mINFO    [0m | [1m剩余池总量1371.3GB不足最小成Lane门槛2095.0GB，跳过后续随机重试[0m
[32m2026-05-26 14:14:37[0m | [1mINFO    [0m | [1m专用Lane分组G26剩余合同量150.0G无法满足1.1或3.6T-NEW有效容量下限[0m
[32m2026-05-26 14:14:37[0m | [1mINFO    [0m | [1m专用Lane分组G4剩余合同量11.9G无法满足1.1或3.6T-NEW有效容量下限[0m
[32m2026-05-26 14:14:37[0m | [1mINFO    [0m | [1m专用Lane分组G18剩余合同量2.8G无法满足1.1或3.6T-NEW有效容量下限[0m
[32m2026-05-26 14:14:37[0m | [1mINFO    [0m | [1m专用Lane分组G22剩余合同量3.3G无法满足1.1或3.6T-NEW有效容量下限[0m
[32m2026-05-26 14:14:37[0m | [1mINFO    [0m | [1m专用Lane创建完成: 0条Lane, 5个碱基不均衡文库待分配, 43个中性文库待分配[0m
[32m2026-05-26 14:14:37[0m | [1mINFO    [0m | [1m处理机器类型 NovaSeq X Plus - 文库数: 14 - Lane容量: 1100GB, 利用率区间: [100%, 100%], 特殊文库上限: 350GB[0m
[32m2026-05-26 14:14:37[0m | [1mINFO    [0m | [1m碱基不均衡专用Lane策略: 9个碱基不均衡文库[0m
[32m2026-05-26 14:14:37[0m | [1mINFO    [0m | [1m专用Lane分组G26剩余合同量12.0G无法满足1.1或3.6T-NEW有效容量下限[0m
[32m2026-05-26 14:14:37[0m | [1mINFO    [0m | [1m专用Lane分组G22剩余合同量11.0G无法满足1.1或3.6T-NEW有效容量下限[0m
[32m2026-05-26 14:14:37[0m | [1mINFO    [0m | [1m专用Lane分组G23剩余合同量1.0G无法满足1.1或3.6T-NEW有效容量下限[0m
[32m2026-05-26 14:14:37[0m | [1mINFO    [0m | [1m形成0条专用Lane，剩余9个碱基不均衡文库[0m
[32m2026-05-26 14:14:37[0m | [1mINFO    [0m | [1m剩余池总量62.0GB不足最小成Lane门槛2095.0GB，跳过后续随机重试[0m
[32m2026-05-26 14:14:37[0m | [1mINFO    [0m | [1m专用Lane分组G26剩余合同量12.0G无法满足1.1或3.6T-NEW有效容量下限[0m
[32m2026-05-26 14:14:37[0m | [1mINFO    [0m | [1m专用Lane分组G22剩余合同量11.0G无法满足1.1或3.6T-NEW有效容量下限[0m
[32m2026-05-26 14:14:37[0m | [1mINFO    [0m | [1m专用Lane分组G23剩余合同量1.0G无法满足1.1或3.6T-NEW有效容量下限[0m
[32m2026-05-26 14:14:37[0m | [1mINFO    [0m | [1m专用Lane创建完成: 0条Lane, 9个碱基不均衡文库待分配, 5个中性文库待分配[0m
[32m2026-05-26 14:14:37[0m | [1mINFO    [0m | [1m逐Lane贪心排机完成 - Lane数: 0, 已分配: 0/62, 未分配: 62, 平均利用率: 0.0%, 耗时: 0.03秒[0m
[32m2026-05-26 14:14:37[0m | [1mINFO    [0m | [1mIndex校验器初始化完成（真实数据验证版本）[0m
[32m2026-05-26 14:14:37[0m | [1mINFO    [0m | [1m成Lane校验程序初始化完成 (严格模式: False, 碱基不均衡上限: 35%, 特殊文库关键词: 9个)[0m
[32m2026-05-26 14:14:37[0m | [1mINFO    [0m | [1m最终验证结果: 0条Lane通过，62个文库未分配[0m
[32m2026-05-26 14:14:38[0m | [1mINFO    [0m | [1mwkspecialsplits边排边检查完成: 无需调整[0m
[32m2026-05-26 14:14:38[0m | [1mINFO    [0m | [1m验证完成：0条Lane通过验证[0m
[32m2026-05-26 14:14:38[0m | [1mINFO    [0m | [1m57规则二次改排救援已关闭，失败Lane文库回收到未分配池[0m
[32m2026-05-26 14:14:38[0m | [1mINFO    [0m | [1m补Lane尝试跳过: lane_prefix=EX, pool_size=62, pool_data=1433.270G不足最小门槛2095.000G[0m
[32m2026-05-26 14:14:38[0m | [1mINFO    [0m | [1mLane数量提升停止: machine_type=Nova X-25B, 当前池首次构Lane失败，跳过同池重复尝试[0m
[32m2026-05-26 14:14:38[0m | [1mINFO    [0m | [1mLane数量提升未新增Lane[0m
[32m2026-05-26 14:14:38[0m | [1mINFO    [0m | [1m补Lane尝试跳过: lane_prefix=RB, pool_size=62, pool_data=1433.270G不足最小门槛2095.000G[0m
[32m2026-05-26 14:14:38[0m | [1mINFO    [0m | [1m跨Lane多文库交换停止: machine_type=Nova X-25B, 当前池首次构Lane失败，跳过同池重复尝试[0m
[32m2026-05-26 14:14:38[0m | [1mINFO    [0m | [1m跨Lane多文库交换未新增Lane，剩余未分配62个[0m
[32m2026-05-26 14:14:38[0m | [1mINFO    [0m | [1m补Lane尝试跳过: lane_prefix=RM, pool_size=62, pool_data=1433.270G不足最小门槛2095.000G[0m
[32m2026-05-26 14:14:38[0m | [1mINFO    [0m | [1m补Lane尝试跳过: lane_prefix=GL, pool_size=62, pool_data=1433.270G不足最小门槛2095.000G[0m
[32m2026-05-26 14:14:38[0m | [1mINFO    [0m | [1m剩余库分层重组搜索未新增Lane: 跳过拆分文库=0, 剩余未分配=62[0m
[32m2026-05-26 14:14:38[0m | [1mINFO    [0m | [1m脚本内置 Pooling 预测已停用，后续统一调用 prediction_delivery[0m
[32m2026-05-26 14:14:38[0m | [1mINFO    [0m | [1mIndex校验器初始化完成（真实数据验证版本）[0m
[32m2026-05-26 14:14:38[0m | [1mINFO    [0m | [1m成Lane校验程序初始化完成 (严格模式: True, 碱基不均衡上限: 35%, 特殊文库关键词: 9个)[0m
[32m2026-05-26 14:14:38[0m | [1mINFO    [0m | [1m1.1首轮二次补排完成: 新增Lane=0, 剩余文库=62[0m
[32m2026-05-26 14:14:38[0m | [1mINFO    [0m | [1m1.1首轮剩余中1个<=500G未拆分原始文库继续保留给1.1尾货抽取，不进入普通3.6T候选池[0m
[32m2026-05-26 14:14:38[0m | [1mINFO    [0m | [1m步骤1.5-3候选池接收1.1剩余可进3.6T文库61个，继续进入3.6T-NEW[0m
[32m2026-05-26 14:14:38[0m | [1mINFO    [0m | [1m1.1首轮排机完成: 生成9条Lane[0m
[32m2026-05-26 14:14:38[0m | [1mINFO    [0m | [1m步骤1.5后追加<=500G未拆分原始文库到尾货1.1池: 1个[0m
[32m2026-05-26 14:14:38[0m | [1mINFO    [0m | [1m1.1首轮排机阶段完成: 3.6T-NEW后续候选池=77个文库, 1.1 Lane=9条[0m
[32m2026-05-26 14:14:38[0m | [1mINFO    [0m | [1mIndex校验器初始化完成（真实数据验证版本）[0m
[32m2026-05-26 14:14:38[0m | [1mINFO    [0m | [1m成Lane校验程序初始化完成 (严格模式: True, 碱基不均衡上限: 35%, 特殊文库关键词: 9个)[0m
[32m2026-05-26 14:14:38[0m | [1mINFO    [0m | [1m
================================================================================[0m
[32m2026-05-26 14:14:38[0m | [1mINFO    [0m | [1m步骤1.6: 尾货1.1专Lane与普通Lane二次抽取[0m
[32m2026-05-26 14:14:38[0m | [1mINFO    [0m | [1m================================================================================[0m
[32m2026-05-26 14:14:38[0m | [1mINFO    [0m | [1mIndex校验器初始化完成（真实数据验证版本）[0m
[32m2026-05-26 14:14:38[0m | [1mINFO    [0m | [1mIndex校验器初始化完成（真实数据验证版本）[0m
[32m2026-05-26 14:14:38[0m | [1mINFO    [0m | [1m成Lane校验程序初始化完成 (严格模式: True, 碱基不均衡上限: 35%, 特殊文库关键词: 9个)[0m
[32m2026-05-26 14:14:38[0m | [33m[1mWARNING [0m | [33m[1mPooling配置表不存在: /data/work/yuyongpeng/liblane_v2_deepseek/data/wktype_pooling_config.xlsx，将使用默认策略[0m
[32m2026-05-26 14:14:38[0m | [1mINFO    [0m | [1m产出效率修正表不存在: /data/work/yuyongpeng/liblane_v2_deepseek/data/production_efficiency_correction.csv，跳过后校准[0m
[32m2026-05-26 14:14:38[0m | [33m[1mWARNING [0m | [33m[1m模型文件不存在: models/loutput_pre_lane_v5/lightgbm_model.pkl[0m
[32m2026-05-26 14:14:38[0m | [33m[1mWARNING [0m | [33m[1mloutput预测器不可用，将使用规则降级策略[0m
[32m2026-05-26 14:14:38[0m | [1mINFO    [0m | [1m逐Lane贪心排机器初始化完成 - 基础容量: 985.0GB, 利用率区间: [100%, 100%], 配置模式: 按机型自动[0m
[32m2026-05-26 14:14:38[0m | [1mINFO    [0m | [1m启用检查: Index=True, 碱基不均衡=True, 规则检查器=False[0m
[32m2026-05-26 14:14:38[0m | [1mINFO    [0m | [1m专用Lane分组G26剩余合同量162.0G无法满足1.1或3.6T-NEW有效容量下限[0m
[32m2026-05-26 14:14:38[0m | [1mINFO    [0m | [1m专用Lane分组G4剩余合同量11.9G无法满足1.1或3.6T-NEW有效容量下限[0m
[32m2026-05-26 14:14:38[0m | [1mINFO    [0m | [1m专用Lane分组G18剩余合同量2.8G无法满足1.1或3.6T-NEW有效容量下限[0m
[32m2026-05-26 14:14:38[0m | [1mINFO    [0m | [1m专用Lane分组G22剩余合同量14.3G无法满足1.1或3.6T-NEW有效容量下限[0m
[32m2026-05-26 14:14:38[0m | [1mINFO    [0m | [1m专用Lane分组G23剩余合同量1.0G无法满足1.1或3.6T-NEW有效容量下限[0m
[32m2026-05-26 14:14:38[0m | [1mINFO    [0m | [1m尾货1.1碱基不均衡专Lane二次抽取未形成新Lane[0m
[32m2026-05-26 14:14:38[0m | [1mINFO    [0m | [1mIndex校验器初始化完成（真实数据验证版本）[0m
[32m2026-05-26 14:14:38[0m | [1mINFO    [0m | [1m成Lane校验程序初始化完成 (严格模式: True, 碱基不均衡上限: 35%, 特殊文库关键词: 9个)[0m
[32m2026-05-26 14:14:38[0m | [1mINFO    [0m | [1m尾货1.1普通Lane二次抽取未形成新Lane，剩余进入普通3.6T排机文库=77[0m
[32m2026-05-26 14:14:38[0m | [1mINFO    [0m | [1m
================================================================================[0m
[32m2026-05-26 14:14:38[0m | [1mINFO    [0m | [1m步骤1.7: 1.1前文库类型专池预抽取[0m
[32m2026-05-26 14:14:38[0m | [1mINFO    [0m | [1m================================================================================[0m
[32m2026-05-26 14:14:38[0m | [1mINFO    [0m | [1mIndex校验器初始化完成（真实数据验证版本）[0m
[32m2026-05-26 14:14:38[0m | [1mINFO    [0m | [1m成Lane校验程序初始化完成 (严格模式: True, 碱基不均衡上限: 35%, 特殊文库关键词: 9个)[0m
[32m2026-05-26 14:14:38[0m | [1mINFO    [0m | [1m终态文库类型专池未成Lane: 文库类型=DNA小片段文库, 机型=Nova X-25B, 模式=1.1, 剩余文库=31, 剩余数据量=7768.0G, reason=hard_skip_total_below_min(total=835.0G,min=2095.0G)[0m
[32m2026-05-26 14:14:38[0m | [1mINFO    [0m | [1m终态文库类型拆分专池补Lane成功: 文库类型=DNA小片段文库, 机型=Nova X-25B, 新增Lane=5, 使用原始文库=15, 剩余文库=22[0m
[32m2026-05-26 14:14:38[0m | [1mINFO    [0m | [1m终态文库类型专池未成Lane: 文库类型=DNA小片段文库, 机型=NovaSeq X Plus, 模式=1.1, 剩余文库=3, 剩余数据量=1522.0G, reason=no_mode_eligible_libraries[0m
[32m2026-05-26 14:14:38[0m | [1mINFO    [0m | [1m终态文库类型专池未成Lane: 文库类型=DNA小片段文库, 机型=NovaSeq X Plus, 模式=3.6T-NEW, 剩余文库=3, 剩余数据量=1522.0G, reason=no_mode_eligible_libraries[0m
[32m2026-05-26 14:14:38[0m | [1mINFO    [0m | [1m终态文库类型专池未成Lane: 文库类型=Lnc非互作文库, 机型=Nova X-25B, 模式=1.1, 剩余文库=4, 剩余数据量=80.0G, reason=hard_skip_total_below_min(total=80.0G,min=2095.0G)[0m
[32m2026-05-26 14:14:38[0m | [1mINFO    [0m | [1m终态文库类型专池未成Lane: 文库类型=Lnc非互作文库, 机型=Nova X-25B, 模式=3.6T-NEW, 剩余文库=4, 剩余数据量=80.0G, reason=hard_skip_total_below_min(total=80.0G,min=995.0G)[0m
[32m2026-05-26 14:14:38[0m | [1mINFO    [0m | [1m终态文库类型碱基不均专Lane未成Lane: 文库类型=客户-CUT-Tag文库, 机型=Nova X-25B, 剩余文库=1, 剩余数据量=150.0G, reason=hard_skip_total_below_min(total=150.0G,min=1676.0G); g53_g54_fill=no_valid_g53_g54_fill_subset(best_total=0.0G,best_index_pairs=0, validation_top=[])[0m
[32m2026-05-26 14:14:38[0m | [1mINFO    [0m | [1m终态文库类型专池未成Lane: 文库类型=客户-CUT-Tag文库, 机型=Nova X-25B, 模式=3.6T-NEW, 剩余文库=1, 剩余数据量=150.0G, reason=no_mode_eligible_libraries[0m
[32m2026-05-26 14:14:38[0m | [1mINFO    [0m | [1m终态文库类型专池未成Lane: 文库类型=原核链特异性转录组文库, 机型=Nova X-25B, 模式=1.1, 剩余文库=12, 剩余数据量=144.0G, reason=hard_skip_total_below_min(total=144.0G,min=2095.0G)[0m
[32m2026-05-26 14:14:38[0m | [1mINFO    [0m | [1m终态文库类型专池未成Lane: 文库类型=原核链特异性转录组文库, 机型=Nova X-25B, 模式=3.6T-NEW, 剩余文库=12, 剩余数据量=144.0G, reason=hard_skip_total_below_min(total=144.0G,min=995.0G)[0m
[32m2026-05-26 14:14:38[0m | [1mINFO    [0m | [1m终态文库类型专池未成Lane: 文库类型=VIP-真核普通转录组文库, 机型=NovaSeq X Plus, 模式=1.1, 剩余文库=4, 剩余数据量=28.0G, reason=hard_skip_total_below_min(total=28.0G,min=2095.0G)[0m
[32m2026-05-26 14:14:38[0m | [1mINFO    [0m | [1m终态文库类型专池未成Lane: 文库类型=VIP-真核普通转录组文库, 机型=NovaSeq X Plus, 模式=3.6T-NEW, 剩余文库=4, 剩余数据量=28.0G, reason=hard_skip_total_below_min(total=28.0G,min=995.0G)[0m
[32m2026-05-26 14:14:38[0m | [1mINFO    [0m | [1m终态文库类型碱基不均专Lane未成Lane: 文库类型=客户-CUT-Tag文库, 机型=NovaSeq X Plus, 剩余文库=2, 剩余数据量=12.0G, reason=hard_skip_total_below_min(total=12.0G,min=1676.0G); g53_g54_fill=no_valid_g53_g54_fill_subset(best_total=0.0G,best_index_pairs=0, validation_top=[])[0m
[32m2026-05-26 14:14:38[0m | [1mINFO    [0m | [1m终态文库类型专池未成Lane: 文库类型=客户-CUT-Tag文库, 机型=NovaSeq X Plus, 模式=3.6T-NEW, 剩余文库=2, 剩余数据量=12.0G, reason=hard_skip_total_below_min(total=12.0G,min=995.0G)[0m
[32m2026-05-26 14:14:38[0m | [1mINFO    [0m | [1m终态文库类型碱基不均专Lane未成Lane: 文库类型=10X转录组-3'文库, 机型=Nova X-25B, 剩余文库=1, 剩余数据量=11.9G, reason=hard_skip_total_below_min(total=11.9G,min=1995.0G); g53_g54_fill=no_valid_g53_g54_fill_subset(best_total=0.0G,best_index_pairs=0, validation_top=[])[0m
[32m2026-05-26 14:14:38[0m | [1mINFO    [0m | [1m终态文库类型专池未成Lane: 文库类型=10X转录组-3'文库, 机型=Nova X-25B, 模式=3.6T-NEW, 剩余文库=1, 剩余数据量=11.9G, reason=hard_skip_total_below_min(total=11.9G,min=970.0G)[0m
[32m2026-05-26 14:14:38[0m | [1mINFO    [0m | [1m终态文库类型碱基不均专Lane未成Lane: 文库类型=单细胞文库, 机型=NovaSeq X Plus, 剩余文库=6, 剩余数据量=11.0G, reason=hard_skip_total_below_min(total=11.0G,min=1843.6G); g53_g54_fill=no_valid_g53_g54_fill_subset(best_total=0.0G,best_index_pairs=0, validation_top=[])[0m
[32m2026-05-26 14:14:38[0m | [1mINFO    [0m | [1m终态文库类型专池未成Lane: 文库类型=单细胞文库, 机型=NovaSeq X Plus, 模式=3.6T-NEW, 剩余文库=6, 剩余数据量=11.0G, reason=hard_skip_total_below_min(total=11.0G,min=995.0G)[0m
[32m2026-05-26 14:14:38[0m | [1mINFO    [0m | [1m终态文库类型碱基不均专Lane未成Lane: 文库类型=单细胞文库, 机型=Nova X-25B, 剩余文库=2, 剩余数据量=3.3G, reason=hard_skip_total_below_min(total=3.3G,min=1843.6G); g53_g54_fill=no_valid_g53_g54_fill_subset(best_total=0.0G,best_index_pairs=0, validation_top=[])[0m
[32m2026-05-26 14:14:38[0m | [1mINFO    [0m | [1m终态文库类型专池未成Lane: 文库类型=单细胞文库, 机型=Nova X-25B, 模式=3.6T-NEW, 剩余文库=2, 剩余数据量=3.3G, reason=hard_skip_total_below_min(total=3.3G,min=995.0G)[0m
[32m2026-05-26 14:14:38[0m | [1mINFO    [0m | [1m终态文库类型碱基不均专Lane未成Lane: 文库类型=CUT Tag文库（细胞）, 机型=Nova X-25B, 剩余文库=1, 剩余数据量=2.8G, reason=hard_skip_total_below_min(total=2.8G,min=1676.0G); g53_g54_fill=no_valid_g53_g54_fill_subset(best_total=0.0G,best_index_pairs=0, validation_top=[])[0m
[32m2026-05-26 14:14:38[0m | [1mINFO    [0m | [1m终态文库类型专池未成Lane: 文库类型=CUT Tag文库（细胞）, 机型=Nova X-25B, 模式=3.6T-NEW, 剩余文库=1, 剩余数据量=2.8G, reason=hard_skip_total_below_min(total=2.8G,min=995.0G)[0m
[32m2026-05-26 14:14:38[0m | [1mINFO    [0m | [1m终态文库类型专池未成Lane: 文库类型=VIP-真核普通转录组文库, 机型=Nova X-25B, 模式=1.1, 剩余文库=1, 剩余数据量=2.7G, reason=hard_skip_total_below_min(total=2.7G,min=2095.0G)[0m
[32m2026-05-26 14:14:38[0m | [1mINFO    [0m | [1m终态文库类型专池未成Lane: 文库类型=VIP-真核普通转录组文库, 机型=Nova X-25B, 模式=3.6T-NEW, 剩余文库=1, 剩余数据量=2.7G, reason=hard_skip_total_below_min(total=2.7G,min=995.0G)[0m
[32m2026-05-26 14:14:38[0m | [1mINFO    [0m | [1m终态文库类型专池未成Lane: 文库类型=微生物常规小片段文库, 机型=Nova X-25B, 模式=1.1, 剩余文库=2, 剩余数据量=1.6G, reason=hard_skip_total_below_min(total=1.6G,min=2095.0G)[0m
[32m2026-05-26 14:14:38[0m | [1mINFO    [0m | [1m终态文库类型专池未成Lane: 文库类型=微生物常规小片段文库, 机型=Nova X-25B, 模式=3.6T-NEW, 剩余文库=2, 剩余数据量=1.6G, reason=hard_skip_total_below_min(total=1.6G,min=995.0G)[0m
[32m2026-05-26 14:14:38[0m | [1mINFO    [0m | [1m终态文库类型碱基不均专Lane未成Lane: 文库类型=动植物简化基因组文库(GBS亲代), 机型=NovaSeq X Plus, 剩余文库=1, 剩余数据量=1.0G, reason=hard_skip_total_below_min(total=1.0G,min=1676.0G); g53_g54_fill=no_valid_g53_g54_fill_subset(best_total=0.0G,best_index_pairs=0, validation_top=[])[0m
[32m2026-05-26 14:14:38[0m | [1mINFO    [0m | [1m终态文库类型专池未成Lane: 文库类型=动植物简化基因组文库(GBS亲代), 机型=NovaSeq X Plus, 模式=3.6T-NEW, 剩余文库=1, 剩余数据量=1.0G, reason=hard_skip_total_below_min(total=1.0G,min=995.0G)[0m
[32m2026-05-26 14:14:38[0m | [1mINFO    [0m | [1m1.1前文库类型专池预抽取完成: 新增Lane=5, 使用文库=15, 剩余待排=62[0m
[32m2026-05-26 14:14:38[0m | [1mINFO    [0m | [1m步骤2前置分流: 1个<=500G未拆分原始文库已完成1.1多轮尝试但未成Lane；其中1个允许强制拆分后进3.6T，0个因拆分后过小保留未分配输出[0m
[32m2026-05-26 14:14:38[0m | [1mINFO    [0m | [1m
================================================================================[0m
[32m2026-05-26 14:14:38[0m | [1mINFO    [0m | [1m步骤2: 处理普通文库（使用GreedyLaneScheduler）[0m
[32m2026-05-26 14:14:38[0m | [1mINFO    [0m | [1m================================================================================[0m
[32m2026-05-26 14:14:38[0m | [1mINFO    [0m | [1mIndex校验器初始化完成（真实数据验证版本）[0m
[32m2026-05-26 14:14:38[0m | [1mINFO    [0m | [1m成Lane校验程序初始化完成 (严格模式: True, 碱基不均衡上限: 35%, 特殊文库关键词: 9个)[0m
[32m2026-05-26 14:14:38[0m | [1mINFO    [0m | [1m步骤2前置拆分家族构建未构建出完整拆分Lane[0m
[32m2026-05-26 14:14:38[0m | [1mINFO    [0m | [1m排机超时保护已启动，最大允许时间: 10 分钟[0m
[32m2026-05-26 14:14:38[0m | [1mINFO    [0m | [1m
================================================================================[0m
[32m2026-05-26 14:14:38[0m | [1mINFO    [0m | [1m排机流程：纯规则排机[0m
[32m2026-05-26 14:14:38[0m | [1mINFO    [0m | [1m================================================================================[0m
[32m2026-05-26 14:14:38[0m | [1mINFO    [0m | [1mIndex校验器初始化完成（真实数据验证版本）[0m
[32m2026-05-26 14:14:38[0m | [1mINFO    [0m | [1mIndex校验器初始化完成（真实数据验证版本）[0m
[32m2026-05-26 14:14:38[0m | [1mINFO    [0m | [1m成Lane校验程序初始化完成 (严格模式: True, 碱基不均衡上限: 35%, 特殊文库关键词: 9个)[0m
[32m2026-05-26 14:14:38[0m | [33m[1mWARNING [0m | [33m[1mPooling配置表不存在: /data/work/yuyongpeng/liblane_v2_deepseek/data/wktype_pooling_config.xlsx，将使用默认策略[0m
[32m2026-05-26 14:14:38[0m | [1mINFO    [0m | [1m产出效率修正表不存在: /data/work/yuyongpeng/liblane_v2_deepseek/data/production_efficiency_correction.csv，跳过后校准[0m
[32m2026-05-26 14:14:38[0m | [33m[1mWARNING [0m | [33m[1m模型文件不存在: models/loutput_pre_lane_v5/lightgbm_model.pkl[0m
[32m2026-05-26 14:14:38[0m | [33m[1mWARNING [0m | [33m[1mloutput预测器不可用，将使用规则降级策略[0m
[32m2026-05-26 14:14:38[0m | [1mINFO    [0m | [1m逐Lane贪心排机器初始化完成 - 基础容量: 985.0GB, 利用率区间: [100%, 100%], 配置模式: 按机型自动[0m
[32m2026-05-26 14:14:38[0m | [1mINFO    [0m | [1m启用检查: Index=True, 碱基不均衡=True, 规则检查器=False[0m
[32m2026-05-26 14:14:38[0m | [1mINFO    [0m | [1m排机阶段：Pooling优化器已禁用（V6流程不需要）[0m
[32m2026-05-26 14:14:38[0m | [1mINFO    [0m | [1mIndex校验器初始化完成（真实数据验证版本）[0m
[32m2026-05-26 14:14:38[0m | [1mINFO    [0m | [1m成Lane校验程序初始化完成 (严格模式: True, 碱基不均衡上限: 35%, 特殊文库关键词: 9个)[0m
[32m2026-05-26 14:14:38[0m | [1mINFO    [0m | [1m严格校验容量区间改为按统一配置表动态解析[0m
[32m2026-05-26 14:14:38[0m | [1mINFO    [0m | [1m============================================================[0m
[32m2026-05-26 14:14:38[0m | [1mINFO    [0m | [1m[拆分] 开始文库拆分预处理[0m
[32m2026-05-26 14:14:38[0m | [1mINFO    [0m | [1m  拆分规则: 1.1模式文库（兼容旧名1.0）不拆分；3.6T-NEW单对index >130.0G 拆分，多对index >300.0G 拆分[0m
[32m2026-05-26 14:14:38[0m | [1mINFO    [0m | [1m  最小保留数据量: >2.0G[0m
[32m2026-05-26 14:14:38[0m | [1mINFO    [0m | [1m------------------------------------------------------------[0m
[32m2026-05-26 14:14:38[0m | [1mINFO    [0m | [1m 拆分完成[0m
[32m2026-05-26 14:14:38[0m | [1mINFO    [0m | [1m  原始文库数: 7[0m
[32m2026-05-26 14:14:38[0m | [1mINFO    [0m | [1m  拆分文库数: 7[0m
[32m2026-05-26 14:14:38[0m | [1mINFO    [0m | [1m  最终文库数: 27[0m
[32m2026-05-26 14:14:38[0m | [1mINFO    [0m | [1m============================================================[0m
[32m2026-05-26 14:14:38[0m | [1mINFO    [0m | [1m主流程前置拆分完成: 原始文库62个，触发拆分7个，拆分后文库82个[0m
[32m2026-05-26 14:14:38[0m | [1mINFO    [0m | [1m混排Peak窗口: 409-502bp, 80个文库/4216G, 理论最多4条Lane[0m
[32m2026-05-26 14:14:38[0m | [1mINFO    [0m | [1m混排Lane预抽取完成: 新增Lane=0，使用文库=0个/0.0G，剩余待排=82个/4366.3G[0m
[32m2026-05-26 14:14:38[0m | [1mINFO    [0m | [1m主流程规则分桶跳过: bucket=special_combo_a:SINGAPORE-NUS-DOM-4-SCRNA-4 GEM-X GENE EXPRESSION-120G-WBI-AMEA2025071734|S|10X转录组-3'文库|10X_CELLRANGER|TENX+MANUAL_RISK+IMBALANCE, count=1, reason=总量11.9G低于最小门槛1995.0G[0m
[32m2026-05-26 14:14:38[0m | [1mINFO    [0m | [1m主流程规则分桶跳过: bucket=manual_or_risk:（极速周期）北大SH自建库散样XP建库测序技术服务（委托）合同|S|客户-CUT-TAG文库|NA|SCATTERED+CUSTOMER+MANUAL_RISK+IMBALANCE, count=2, reason=总量150.0G低于最小门槛995.0G[0m
[32m2026-05-26 14:14:38[0m | [1mINFO    [0m | [1m主流程规则分桶跳过: bucket=manual_or_risk:（极速周期）北生所1000个自建文库测序技术服务（委托）合同|S|客户-CUT-TAG文库|NA|CUSTOMER+MANUAL_RISK+IMBALANCE, count=2, reason=总量12.0G低于最小门槛2095.0G[0m
[32m2026-05-26 14:14:38[0m | [1mINFO    [0m | [1m主流程规则分桶跳过: bucket=manual_or_risk:第七医学中心陶元东老师（周辉霞组）转录组+CUT&TAG测序分析项目协议-2025.7.3|S|CUT TAG文库（细胞）|-|MANUAL_RISK+IMBALANCE, count=1, reason=总量2.8G低于最小门槛2095.0G[0m
[32m2026-05-26 14:14:38[0m | [1mINFO    [0m | [1m主流程规则分桶跳过: bucket=manual_or_risk:2019年天津科服实验室测试项目-DNA平台|S|VIP-真核普通转录组文库|-|MANUAL_RISK, count=1, reason=总量2.7G低于最小门槛2095.0G[0m
[32m2026-05-26 14:14:38[0m | [1mINFO    [0m | [1m主流程规则分桶跳过: bucket=manual_or_risk:北京林业大学80个样本GBS测序分析技术服务（委托）合同|S|动植物简化基因组文库(GBS亲代)|NA|MANUAL_RISK+IMBALANCE, count=1, reason=总量1.0G低于最小门槛2095.0G[0m
[32m2026-05-26 14:14:38[0m | [1mINFO    [0m | [1m主流程规则分桶跳过: bucket=manual_or_risk:林大300个样本的DNA小片段建库测序分析技术服务（委托）合同|S|微生物常规小片段文库|-|MANUAL_RISK, count=1, reason=总量0.8G低于最小门槛2095.0G[0m
[32m2026-05-26 14:14:38[0m | [1mINFO    [0m | [1m主流程规则分桶跳过: bucket=manual_or_risk:细菌噬菌体DNA样本NOVASEQ™ X PLUS建库测序分析技术服务（委托）合同-JJH|S|微生物常规小片段文库|-|MANUAL_RISK, count=1, reason=总量0.8G低于最小门槛2095.0G[0m
[32m2026-05-26 14:14:38[0m | [1mINFO    [0m | [1m主流程规则分桶跳过: bucket=ten_x:深圳湾实验室500例CDNA样本转录组建库测序及质控技术服务（委托）合同|S|单细胞文库|-|TENX+MANUAL_RISK+IMBALANCE, count=4, reason=总量10.9G低于最小门槛2095.0G[0m
[32m2026-05-26 14:14:38[0m | [1mINFO    [0m | [1m主流程规则分桶跳过: bucket=ten_x:NVUK2025070154-UKI-OXFUNI-MRNA-66-3GB-1-SMARTER|S|单细胞文库|-|TENX+MANUAL_RISK+IMBALANCE, count=1, reason=总量1.0G低于最小门槛2095.0G[0m
[32m2026-05-26 14:14:38[0m | [1mINFO    [0m | [1m主流程规则分桶跳过: bucket=ten_x:NVUK2025070211-UKI-UEA-20-MICE SMARTER AMPLIFICATION MRNASEQ-6GB-WOBI-Q3PRO|S|单细胞文库|-|TENX+MANUAL_RISK+IMBALANCE, count=1, reason=总量0.8G低于最小门槛2095.0G[0m
[32m2026-05-26 14:14:38[0m | [1mINFO    [0m | [1m主流程规则分桶跳过: bucket=ten_x:交医郑俊克组2个转录组微量扩增+单细胞建库测序分析技术服务（委托）合同|S|单细胞文库|NA|TENX+MANUAL_RISK+IMBALANCE, count=1, reason=总量0.8G低于最小门槛2095.0G[0m
[32m2026-05-26 14:14:38[0m | [1mINFO    [0m | [1m主流程规则分桶跳过: bucket=ten_x:新桥医院微量转录组测序分析技术服务（委托）合同|S|单细胞文库|-|TENX+MANUAL_RISK+IMBALANCE, count=1, reason=总量0.8G低于最小门槛2095.0G[0m
[32m2026-05-26 14:14:38[0m | [1mINFO    [0m | [1m主流程规则分桶预调度: bucket=general:项目10000个样本DNA小片段提取建库测序技术服务（委托）合同|Z|DNA小片段文库|NA|NORMAL, count=15, data=1761.0G[0m
[32m2026-05-26 14:14:38[0m | [1mINFO    [0m | [1m开始逐Lane贪心排机 - 文库数: 15[0m
[32m2026-05-26 14:14:38[0m | [1mINFO    [0m | [1m预拆分完成: 使用外层已拆分文库[0m
[32m2026-05-26 14:14:38[0m | [1mINFO    [0m | [1m===== 批次全局分析报告 =====[0m
[32m2026-05-26 14:14:38[0m | [1mINFO    [0m | [1m机器类型: Nova X-25B[0m
[32m2026-05-26 14:14:38[0m | [1mINFO    [0m | [1m文库总数: 15[0m
[32m2026-05-26 14:14:38[0m | [1mINFO    [0m | [1m总数据量: 1761.0 GB[0m
[32m2026-05-26 14:14:38[0m | [1mINFO    [0m | [1m预估Lane数: 2~2[0m
[32m2026-05-26 14:14:38[0m | [1mINFO    [0m | [1m--- 特征标记 ---[0m
[32m2026-05-26 14:14:38[0m | [1mINFO    [0m | [1m  包Lane文库: 无[0m
[32m2026-05-26 14:14:38[0m | [1mINFO    [0m | [1m  碱基不均衡: 无[0m
[32m2026-05-26 14:14:38[0m | [1mINFO    [0m | [1m  客户文库:   无[0m
[32m2026-05-26 14:14:38[0m | [1mINFO    [0m | [1m  10bp文库:   有[0m
[32m2026-05-26 14:14:38[0m | [1mINFO    [0m | [1m  非10bp文库: 无[0m
[32m2026-05-26 14:14:38[0m | [1mINFO    [0m | [1m  特殊组合:   无[0m
[32m2026-05-26 14:14:38[0m | [1mINFO    [0m | [1m--- 分组画像 ---[0m
[32m2026-05-26 14:14:38[0m | [1mINFO    [0m | [1m  [10bp] 10碱基文库: 15个文库, 1761.0GB, 预估2~2条Lane[0m
[32m2026-05-26 14:14:38[0m | [1mINFO    [0m | [1m  [all] 全部文库: 15个文库, 1761.0GB, 预估2~2条Lane[0m
[32m2026-05-26 14:14:38[0m | [1mINFO    [0m | [1m--- 策略建议 ---[0m
[32m2026-05-26 14:14:38[0m | [1mINFO    [0m | [1m  - 数据分布较均匀，可按常规贪心排机流程处理[0m
[32m2026-05-26 14:14:38[0m | [1mINFO    [0m | [1m===== 报告结束 =====[0m
[32m2026-05-26 14:14:38[0m | [1mINFO    [0m | [1m保留外部传入的策略执行计划，仅使用批次分析报告[0m
[32m2026-05-26 14:14:38[0m | [1mINFO    [0m | [1m处理机器类型 Nova X-25B - 文库数: 15 - Lane容量: 1050.0GB, 利用率区间: [100%, 100%], 特殊文库上限: 350GB[0m
[32m2026-05-26 14:14:38[0m | [1mINFO    [0m | [1m第二轮排机: 15 个未分配文库（随机顺序）[0m
[32m2026-05-26 14:14:38[0m | [1mINFO    [0m | [1m第三轮排机: 15 个未分配文库（小文库优先）[0m
[32m2026-05-26 14:14:38[0m | [1mINFO    [0m | [1m连续5轮无新Lane且未分配池不变，提前结束无效重试[0m
[32m2026-05-26 14:14:38[0m | [1mINFO    [0m | [1m逐Lane贪心排机完成 - Lane数: 0, 已分配: 0/15, 未分配: 15, 平均利用率: 0.0%, 耗时: 0.01秒[0m
[32m2026-05-26 14:14:38[0m | [1mINFO    [0m | [1mIndex校验器初始化完成（真实数据验证版本）[0m
[32m2026-05-26 14:14:38[0m | [1mINFO    [0m | [1m成Lane校验程序初始化完成 (严格模式: False, 碱基不均衡上限: 35%, 特殊文库关键词: 9个)[0m
[32m2026-05-26 14:14:38[0m | [1mINFO    [0m | [1m最终验证结果: 0条Lane通过，15个文库未分配[0m
[32m2026-05-26 14:14:38[0m | [1mINFO    [0m | [1m主流程规则分桶预调度: bucket=general:1000个样本宏基因组+1000个样本宏转录组建库测序技术服务（委托）合同|Z|DNA小片段文库|NA|NORMAL, count=12, data=1522.0G[0m
[32m2026-05-26 14:14:38[0m | [1mINFO    [0m | [1m开始逐Lane贪心排机 - 文库数: 12[0m
[32m2026-05-26 14:14:38[0m | [1mINFO    [0m | [1m预拆分完成: 使用外层已拆分文库[0m
[32m2026-05-26 14:14:38[0m | [1mINFO    [0m | [1m使用外部传入的全局分析报告（全量文库），跳过内部分析[0m
[32m2026-05-26 14:14:38[0m | [1mINFO    [0m | [1m处理机器类型 NovaSeq X Plus - 文库数: 12 - Lane容量: 1100GB, 利用率区间: [100%, 100%], 特殊文库上限: 350GB[0m
[32m2026-05-26 14:14:38[0m | [1mINFO    [0m | [1m第二轮排机: 12 个未分配文库（随机顺序）[0m
[32m2026-05-26 14:14:38[0m | [1mINFO    [0m | [1m第三轮排机: 12 个未分配文库（小文库优先）[0m
[32m2026-05-26 14:14:38[0m | [1mINFO    [0m | [1m连续5轮无新Lane且未分配池不变，提前结束无效重试[0m
[32m2026-05-26 14:14:38[0m | [1mINFO    [0m | [1m逐Lane贪心排机完成 - Lane数: 0, 已分配: 0/12, 未分配: 12, 平均利用率: 0.0%, 耗时: 0.01秒[0m
[32m2026-05-26 14:14:38[0m | [1mINFO    [0m | [1mIndex校验器初始化完成（真实数据验证版本）[0m
[32m2026-05-26 14:14:38[0m | [1mINFO    [0m | [1m成Lane校验程序初始化完成 (严格模式: False, 碱基不均衡上限: 35%, 特殊文库关键词: 9个)[0m
[32m2026-05-26 14:14:38[0m | [1mINFO    [0m | [1m最终验证结果: 0条Lane通过，12个文库未分配[0m
[32m2026-05-26 14:14:38[0m | [1mINFO    [0m | [1m主流程规则分桶跳过: bucket=general:深圳基因组所20个样本重测序分析技术服务（委托）合同|Z|DNA小片段文库|NA|NORMAL, count=2, reason=总量200.0G低于最小门槛2095.0G[0m
[32m2026-05-26 14:14:38[0m | [1mINFO    [0m | [1m主流程规则分桶跳过: bucket=general:协和医院多组学测序服务技术服务（委托）合同-2024|Z|DNA小片段文库|NA|NORMAL, count=9, reason=总量180.0G低于最小门槛2095.0G[0m
[32m2026-05-26 14:14:38[0m | [1mINFO    [0m | [1m主流程规则分桶跳过: bucket=general:TJ-CO-BOSQUE-200-MICROBIAL-WGS-1G-XPLUS-WOBI-NVUS2024101106|Z|DNA小片段文库|NA|NORMAL, count=3, reason=总量90.0G低于最小门槛2095.0G[0m
[32m2026-05-26 14:14:38[0m | [1mINFO    [0m | [1m主流程规则分桶跳过: bucket=general:BZ-US-CUBOULDER-255-PLANT-PAWGS-NOVASEQXPLUS-4GB-WOBI-NVUS2024101115|Z|DNA小片段文库|NA|NORMAL, count=1, reason=总量90.0G低于最小门槛2095.0G[0m
[32m2026-05-26 14:14:38[0m | [1mINFO    [0m | [1m主流程规则分桶跳过: bucket=general:JAPAN-RHELIXA-10-ANIMAL-XPLUS-LNCRNASEQ-5GB-WOBI-RH241212448-AMEA2024121841|Z|LNC非互作文库|NA|NORMAL, count=3, reason=总量60.0G低于最小门槛995.0G[0m
[32m2026-05-26 14:14:38[0m | [1mINFO    [0m | [1m主流程规则分桶跳过: bucket=general:JAPAN-IWAI-12-MICROBIAL-XPLUS-PROKA RNA-3GB-WOBI-東京都新宿区-岩井東京-慶應-医学部-BIO2Q-LEONG先生-AMEA2024121837|Z|原核链特异性转录组文库|NA|NORMAL, count=4, reason=总量48.0G低于最小门槛2095.0G[0m
[32m2026-05-26 14:14:38[0m | [1mINFO    [0m | [1m主流程规则分桶跳过: bucket=general:浙江大学--徐浩老师3000个单菌建库测序-CLEAN技术服务（委托）合同|Z|DNA小片段文库|NA|NORMAL, count=1, reason=总量45.0G低于最小门槛2095.0G[0m
[32m2026-05-26 14:14:38[0m | [1mINFO    [0m | [1m主流程规则分桶跳过: bucket=general:工生所18例细菌原核转录组测序分析技术服务（委托）合同|Z|原核链特异性转录组文库|NA|NORMAL, count=3, reason=总量36.0G低于最小门槛2095.0G[0m
[32m2026-05-26 14:14:38[0m | [1mINFO    [0m | [1m主流程规则分桶跳过: bucket=general:海南大学100个DNA小片段建库测序分析技术服务（委托）合同-YY|Z|DNA小片段文库|NA|NORMAL, count=1, reason=总量30.0G低于最小门槛2095.0G[0m
[32m2026-05-26 14:14:38[0m | [1mINFO    [0m | [1m主流程规则分桶跳过: bucket=general:JAPAN-RHELIXA-6-PROKA-XPLUS-PROKARYOTIC RNASEQ-1GB-WOBI-RH241212639-AMEA2024121833|Z|原核链特异性转录组文库|NA|NORMAL, count=2, reason=总量24.0G低于最小门槛2095.0G[0m
[32m2026-05-26 14:14:38[0m | [1mINFO    [0m | [1m主流程规则分桶跳过: bucket=general:北师大12个原核转录组建库测序分析(X)技术服务（委托）合同-Y|Z|原核链特异性转录组文库|NA|NORMAL, count=2, reason=总量24.0G低于最小门槛2095.0G[0m
[32m2026-05-26 14:14:38[0m | [1mINFO    [0m | [1m主流程规则分桶跳过: bucket=general:（极速周期）北大50个样本LNCRNA建库测序技术服务（委托）合同|Z|LNC非互作文库|NA|NORMAL, count=1, reason=总量20.0G低于最小门槛2095.0G[0m
[32m2026-05-26 14:14:38[0m | [1mINFO    [0m | [1m主流程规则分桶跳过: bucket=general:山农54个玉米样本转录组测序分析分析技术服务（委托）合同|Z|VIP-真核普通转录组文库|NA|NORMAL, count=2, reason=总量12.0G低于最小门槛2095.0G[0m
[32m2026-05-26 14:14:38[0m | [1mINFO    [0m | [1m主流程规则分桶跳过: bucket=general:山农15个原核转录组分析技术服务（委托）合同|Z|原核链特异性转录组文库|NA|NORMAL, count=1, reason=总量12.0G低于最小门槛2095.0G[0m
[32m2026-05-26 14:14:38[0m | [1mINFO    [0m | [1m主流程规则分桶跳过: bucket=general:黄海所24个有参转录组-ZW分析技术服务（委托）合同|Z|VIP-真核普通转录组文库|NA|NORMAL, count=1, reason=总量10.0G低于最小门槛995.0G[0m
[32m2026-05-26 14:14:38[0m | [1mINFO    [0m | [1m主流程规则分桶跳过: bucket=general:博奥晶典ILLUMINA建库测序及质控 技术服务（委托）合同-2025|Z|VIP-真核普通转录组文库|NA|NORMAL, count=1, reason=总量6.0G低于最小门槛2095.0G[0m
[32m2026-05-26 14:14:38[0m | [1mINFO    [0m | [1m主流程规则分桶预调度完成: 分桶=31，桶后尾货=82个/4366.3G[0m
[32m2026-05-26 14:14:38[0m | [1mINFO    [0m | [1m主流程尾货统一补排启动: count=82, data=4366.3G[0m
[32m2026-05-26 14:14:38[0m | [1mINFO    [0m | [1m开始逐Lane贪心排机 - 文库数: 82[0m
[32m2026-05-26 14:14:38[0m | [1mINFO    [0m | [1m预拆分完成: 使用外层已拆分文库[0m
[32m2026-05-26 14:14:38[0m | [1mINFO    [0m | [1m使用外部传入的全局分析报告（全量文库），跳过内部分析[0m
[32m2026-05-26 14:14:38[0m | [1mINFO    [0m | [1m处理机器类型 Nova X-25B - 文库数: 57 - Lane容量: 1050.0GB, 利用率区间: [100%, 100%], 特殊文库上限: 350GB[0m
[32m2026-05-26 14:14:38[0m | [1mINFO    [0m | [1m碱基不均衡专用Lane策略: 6个碱基不均衡文库[0m
[32m2026-05-26 14:14:38[0m | [1mINFO    [0m | [1m专用Lane分组G26剩余合同量150.0G无法满足1.1或3.6T-NEW有效容量下限[0m
[32m2026-05-26 14:14:38[0m | [1mINFO    [0m | [1m专用Lane分组G4剩余合同量11.9G无法满足1.1或3.6T-NEW有效容量下限[0m
[32m2026-05-26 14:14:38[0m | [1mINFO    [0m | [1m专用Lane分组G18剩余合同量2.8G无法满足1.1或3.6T-NEW有效容量下限[0m
[32m2026-05-26 14:14:38[0m | [1mINFO    [0m | [1m专用Lane分组G22剩余合同量3.3G无法满足1.1或3.6T-NEW有效容量下限[0m
[32m2026-05-26 14:14:38[0m | [1mINFO    [0m | [1m形成0条专用Lane，剩余6个碱基不均衡文库[0m
[32m2026-05-26 14:14:38[0m | [1mINFO    [0m | [1m3.6T-NEW拆分片段分散成功: 拆分家族0个，生成0条Lane，每个家族每Lane最多1片[0m
[32m2026-05-26 14:14:38[0m | [1mINFO    [0m | [1m3.6T-NEW拆分家族原子分散失败: 1个原始文库回滚为未分配并禁止继续成Lane[0m
[32m2026-05-26 14:14:38[0m | [1mINFO    [0m | [1m第二轮排机: 22 个未分配文库（随机顺序）[0m
[32m2026-05-26 14:14:38[0m | [1mINFO    [0m | [1m第三轮排机: 22 个未分配文库（小文库优先）[0m
[32m2026-05-26 14:14:38[0m | [1mINFO    [0m | [1m连续5轮无新Lane且未分配池不变，提前结束无效重试[0m
[32m2026-05-26 14:14:38[0m | [1mINFO    [0m | [1m专用Lane分组G4剩余合同量11.9G无法满足1.1或3.6T-NEW有效容量下限[0m
[32m2026-05-26 14:14:38[0m | [1mINFO    [0m | [1m专用Lane分组G18剩余合同量2.8G无法满足1.1或3.6T-NEW有效容量下限[0m
[32m2026-05-26 14:14:38[0m | [1mINFO    [0m | [1m专用Lane分组G22剩余合同量3.3G无法满足1.1或3.6T-NEW有效容量下限[0m
[32m2026-05-26 14:14:38[0m | [1mINFO    [0m | [1m专用Lane创建完成: 0条Lane, 4个碱基不均衡文库待分配, 18个中性文库待分配[0m
[32m2026-05-26 14:14:38[0m | [1mINFO    [0m | [1m处理机器类型 NovaSeq X Plus - 文库数: 25 - Lane容量: 1100GB, 利用率区间: [100%, 100%], 特殊文库上限: 350GB[0m
[32m2026-05-26 14:14:38[0m | [1mINFO    [0m | [1m碱基不均衡专用Lane策略: 9个碱基不均衡文库[0m
[32m2026-05-26 14:14:38[0m | [1mINFO    [0m | [1m专用Lane分组G26剩余合同量12.0G无法满足1.1或3.6T-NEW有效容量下限[0m
[32m2026-05-26 14:14:38[0m | [1mINFO    [0m | [1m专用Lane分组G22剩余合同量11.0G无法满足1.1或3.6T-NEW有效容量下限[0m
[32m2026-05-26 14:14:38[0m | [1mINFO    [0m | [1m专用Lane分组G23剩余合同量1.0G无法满足1.1或3.6T-NEW有效容量下限[0m
[32m2026-05-26 14:14:38[0m | [1mINFO    [0m | [1m形成0条专用Lane，剩余9个碱基不均衡文库[0m
[32m2026-05-26 14:14:38[0m | [1mINFO    [0m | [1m第二轮排机: 25 个未分配文库（随机顺序）[0m
[32m2026-05-26 14:14:38[0m | [1mINFO    [0m | [1m第三轮排机: 25 个未分配文库（小文库优先）[0m
[32m2026-05-26 14:14:38[0m | [1mINFO    [0m | [1m连续5轮无新Lane且未分配池不变，提前结束无效重试[0m
[32m2026-05-26 14:14:38[0m | [1mINFO    [0m | [1m专用Lane分组G26剩余合同量12.0G无法满足1.1或3.6T-NEW有效容量下限[0m
[32m2026-05-26 14:14:38[0m | [1mINFO    [0m | [1m专用Lane分组G22剩余合同量11.0G无法满足1.1或3.6T-NEW有效容量下限[0m
[32m2026-05-26 14:14:38[0m | [1mINFO    [0m | [1m专用Lane分组G23剩余合同量1.0G无法满足1.1或3.6T-NEW有效容量下限[0m
[32m2026-05-26 14:14:38[0m | [1mINFO    [0m | [1m专用Lane创建完成: 0条Lane, 9个碱基不均衡文库待分配, 16个中性文库待分配[0m
[32m2026-05-26 14:14:38[0m | [1mINFO    [0m | [1m最后填充策略: 尝试将48个未分配文库塞入已有Lane[0m
[32m2026-05-26 14:14:38[0m | [1mINFO    [0m | [1m最后填充策略: 成功塞入10个文库，踢出53个违反规则的文库，剩余25个无法分配[0m
[32m2026-05-26 14:14:38[0m | [33m[1mWARNING [0m | [33m[1m最后填充策略未分配池重建修正: 旧算法=78个，新算法=68个[0m
[32m2026-05-26 14:14:38[0m | [1mINFO    [0m | [1m挪移优化: 未分配数据量4155GB已足够，尝试精选组建新Lane[0m
[32m2026-05-26 14:14:38[0m | [1mINFO    [0m | [1m残余精选: 内部67个, 客户1个[0m
[32m2026-05-26 14:14:38[0m | [1mINFO    [0m | [1mIndex校验器初始化完成（真实数据验证版本）[0m
[32m2026-05-26 14:14:38[0m | [1mINFO    [0m | [1m成Lane校验程序初始化完成 (严格模式: True, 碱基不均衡上限: 35%, 特殊文库关键词: 9个)[0m
[32m2026-05-26 14:14:38[0m | [1mINFO    [0m | [1m残余精选: 验证失败 - ValidationError(rule_type=<ValidationRuleType.CUSTOMER_PRODUCTION_MIX_RATIO: 'customer_production_mix_ratio'>, severity=<ValidationSeverity.ERROR: 'error'>, message='手工/客户侧与产线混合Lane少数侧占比0.4%不符合规则(应>=5%)', current_value=0.0037847577483407727, threshold_value=0.05, affected_libraries=[])[0m
[32m2026-05-26 14:14:38[0m | [1mINFO    [0m | [1m挪移优化: 精选组建失败，继续尝试挪移策略[0m
[32m2026-05-26 14:14:38[0m | [1mINFO    [0m | [1m挪移优化: 未分配68个文库(4155GB)，需要从现有Lane挪出-3160GB[0m
[32m2026-05-26 14:14:38[0m | [33m[1mWARNING [0m | [33m[1m挪移优化: 新Lane GL_NovaSeq X Plus_009 验证失败: 容量超限: 4155.5GB > 1105.0GB，放弃创建[0m
[32m2026-05-26 14:14:38[0m | [1mINFO    [0m | [1m逐Lane贪心排机完成 - Lane数: 1, 已分配: 13/82, 未分配: 68, 平均利用率: 20.1%, 耗时: 0.13秒[0m
[32m2026-05-26 14:14:38[0m | [1mINFO    [0m | [1mIndex校验器初始化完成（真实数据验证版本）[0m
[32m2026-05-26 14:14:38[0m | [1mINFO    [0m | [1m成Lane校验程序初始化完成 (严格模式: False, 碱基不均衡上限: 35%, 特殊文库关键词: 9个)[0m
[32m2026-05-26 14:14:38[0m | [33m[1mWARNING [0m | [33m[1mLane GL_Nova X-25B_003 验证失败: ['Lane有效数据量210.8G(原始210.8G+平衡0.0G)低于下限995G，规则=tj_1595_standard_pe150_25b，需添加约784.2G的文库'][0m
[32m2026-05-26 14:14:38[0m | [1mINFO    [0m | [1m有1条Lane验证失败，尝试挪移优化...[0m
[32m2026-05-26 14:14:38[0m | [1mINFO    [0m | [1mkeep_failed_lanes=True，保留1条验证失败的Lane供外层矫正（未分配池不变）[0m
[32m2026-05-26 14:14:38[0m | [1mINFO    [0m | [1m最终验证结果（含待矫正Lane）: 1条Lane，68个文库未分配[0m
[32m2026-05-26 14:14:38[0m | [1mINFO    [0m | [1mwkspecialsplits边排边检查完成: 无需调整[0m
[32m2026-05-26 14:14:38[0m | [33m[1mWARNING [0m | [33m[1mLane GL_Nova X-25B_003 验证失败 - 错误: ['capacity_insufficient'], 警告: [][0m
[32m2026-05-26 14:14:38[0m | [1mINFO    [0m | [1m验证完成：0条Lane通过验证[0m
[32m2026-05-26 14:14:38[0m | [1mINFO    [0m | [1m57规则二次改排救援已关闭，失败Lane文库回收到未分配池[0m
[32m2026-05-26 14:14:38[0m | [1mINFO    [0m | [1m补Lane1.1候选过滤: lane_prefix=EX, 过滤按规则不能进1.1文库25个，剩余56个[0m
[32m2026-05-26 14:14:38[0m | [1mINFO    [0m | [1m补Lane尝试跳过: lane_prefix=EX, pool_size=56, pool_data=1283.270G不足最小门槛2095.000G[0m
[32m2026-05-26 14:14:38[0m | [1mINFO    [0m | [1mLane数量提升停止: machine_type=Nova X-25B, 当前池首次构Lane失败，跳过同池重复尝试[0m
[32m2026-05-26 14:14:38[0m | [1mINFO    [0m | [1mLane数量提升未新增Lane[0m
[32m2026-05-26 14:14:38[0m | [1mINFO    [0m | [1m补Lane1.1候选过滤: lane_prefix=RB, 过滤按规则不能进1.1文库25个，剩余56个[0m
[32m2026-05-26 14:14:38[0m | [1mINFO    [0m | [1m补Lane尝试跳过: lane_prefix=RB, pool_size=56, pool_data=1283.270G不足最小门槛2095.000G[0m
[32m2026-05-26 14:14:38[0m | [1mINFO    [0m | [1m跨Lane多文库交换停止: machine_type=Nova X-25B, 当前池首次构Lane失败，跳过同池重复尝试[0m
[32m2026-05-26 14:14:38[0m | [1mINFO    [0m | [1m跨Lane多文库交换未新增Lane，剩余未分配81个[0m
[32m2026-05-26 14:14:38[0m | [1mINFO    [0m | [1mIndex校验器初始化完成（真实数据验证版本）[0m
[32m2026-05-26 14:14:38[0m | [1mINFO    [0m | [1m成Lane校验程序初始化完成 (严格模式: True, 碱基不均衡上限: 35%, 特殊文库关键词: 9个)[0m
[32m2026-05-26 14:14:38[0m | [1mINFO    [0m | [1mLane LS_NovaX-25B_001 尝试补平衡文库模板: sample_id=phix, test_no=Novaseq X Plus-PE150, index_seq=GGGGGGGGGG;ACCGAGATCT[0m
[32m2026-05-26 14:14:38[0m | [1mINFO    [0m | [1mLane LS_NovaX-25B_001 平衡文库补充成功: sample_id=phix, 数据量=50.000G[0m
[32m2026-05-26 14:14:38[0m | [1mINFO    [0m | [1mLane LS_NovaX-25B_002 尝试补平衡文库模板: sample_id=phix, test_no=Novaseq X Plus-PE150, index_seq=GGGGGGGGGG;ACCGAGATCT[0m
[32m2026-05-26 14:14:38[0m | [1mINFO    [0m | [1mLane LS_NovaX-25B_002 平衡文库补充成功: sample_id=phix, 数据量=50.000G[0m
[32m2026-05-26 14:14:38[0m | [1mINFO    [0m | [1mLane LS_NovaX-25B_003 尝试补平衡文库模板: sample_id=phix, test_no=Novaseq X Plus-PE150, index_seq=GGGGGGGGGG;ACCGAGATCT[0m
[32m2026-05-26 14:14:38[0m | [1mINFO    [0m | [1mLane LS_NovaX-25B_003 平衡文库补充成功: sample_id=phix, 数据量=50.000G[0m
[32m2026-05-26 14:14:38[0m | [1mINFO    [0m | [1mLane DL_Nova X-25B_001 尝试补平衡文库模板: sample_id=phix, test_no=Novaseq X Plus-PE150, index_seq=GGGGGGGGGG;ACCGAGATCT[0m
[32m2026-05-26 14:14:38[0m | [1mINFO    [0m | [1mLane DL_Nova X-25B_001 平衡文库补充成功: sample_id=phix, 数据量=437.500G[0m
[32m2026-05-26 14:14:38[0m | [1mINFO    [0m | [1mLane DL_Nova X-25B_002 尝试补平衡文库模板: sample_id=phix, test_no=Novaseq X Plus-PE150, index_seq=GGGGGGGGGG;ACCGAGATCT[0m
[32m2026-05-26 14:14:38[0m | [1mINFO    [0m | [1mLane DL_Nova X-25B_002 平衡文库补充成功: sample_id=phix, 数据量=21.616G[0m
[32m2026-05-26 14:14:38[0m | [1mINFO    [0m | [1mLane DL_Nova X-25B_003 尝试补平衡文库模板: sample_id=phix, test_no=Novaseq X Plus-PE150, index_seq=GGGGGGGGGG;ACCGAGATCT[0m
[32m2026-05-26 14:14:38[0m | [1mINFO    [0m | [1mLane DL_Nova X-25B_003 平衡文库补充成功: sample_id=phix, 数据量=743.077G[0m
[32m2026-05-26 14:14:38[0m | [1mINFO    [0m | [1mLane DL_Nova X-25B_004 尝试补平衡文库模板: sample_id=phix, test_no=Novaseq X Plus-PE150, index_seq=GGGGGGGGGG;ACCGAGATCT[0m
[32m2026-05-26 14:14:38[0m | [1mINFO    [0m | [1mLane DL_Nova X-25B_004 平衡文库补充成功: sample_id=phix, 数据量=866.667G[0m
[32m2026-05-26 14:14:38[0m | [1mINFO    [0m | [1m预构建Lane平衡文库前置处理完成: 需补平衡文库Lane=7，成功=7，失败移除=0，专Lane保留=0[0m
[32m2026-05-26 14:14:38[0m | [33m[1mWARNING [0m | [33m[1mLane LS_NovaX-25B_001 终态过滤淘汰: 违反拆分文库/小原始文库3.6T硬约束，mode=Lane seq[0m
[32m2026-05-26 14:14:39[0m | [1mINFO    [0m | [1m
合并28条预构建Lane到最终结果（过滤掉1条未通过严格校验的预构建Lane）[0m
[32m2026-05-26 14:14:39[0m | [1mINFO    [0m | [1m最终Lane总数: 28 (预构建Lane: 28, 普通Lane: 0)[0m
[32m2026-05-26 14:14:39[0m | [1mINFO    [0m | [1m全局预拆分回滚完成: 7个原始文库因拆分子文库未全部成Lane而回滚[0m
[32m2026-05-26 14:14:39[0m | [1mINFO    [0m | [1m拆分失败回滚原始文库处理完成: 可回1.1候选=1个(合同量<=500.0G)，继续隔离=0个[0m
[32m2026-05-26 14:14:39[0m | [1mINFO    [0m | [1m补Lane跳过汇总: lane_prefix=RM, machine=Nova X-25B, reason_top=[总量0.8G低于最小门槛2095.0Gx5, 总量12.0G低于最小门槛2095.0Gx3, 总量1.0G低于最小门槛2095.0Gx2, 总量200.0G低于最小门槛2095.0Gx2][0m
[32m2026-05-26 14:14:39[0m | [1mINFO    [0m | [1m补Lane跳过汇总: lane_prefix=GL, machine=Nova X-25B, reason_top=[总量0.8G低于最小门槛2095.0Gx5, 总量12.0G低于最小门槛2095.0Gx3, 总量1.0G低于最小门槛2095.0Gx2, 总量200.0G低于最小门槛2095.0Gx2][0m
[32m2026-05-26 14:14:40[0m | [1mINFO    [0m | [1m剩余库分层重组搜索未新增Lane: 跳过拆分文库=6, 剩余未分配=63[0m
[32m2026-05-26 14:14:40[0m | [33m[1mWARNING [0m | [33m[1m终态文库去重: Lane内重复移除=51，空Lane移除=5，未分配与已分配冲突移除=0，未分配重复移除=0[0m
[32m2026-05-26 14:14:40[0m | [1mINFO    [0m | [1m脚本内置 Pooling 预测已停用，后续统一调用 prediction_delivery[0m
[32m2026-05-26 14:14:40[0m | [33m[1mWARNING [0m | [33m[1mLane LS_NovaX-25B_002 利用率异常: 400.00% (数据量=1000.00GB, 容量=250.00GB)[0m
[32m2026-05-26 14:14:40[0m | [33m[1mWARNING [0m | [33m[1mLane LS_NovaX-25B_003 利用率异常: 400.00% (数据量=1000.00GB, 容量=250.00GB)[0m
[32m2026-05-26 14:14:40[0m | [33m[1mWARNING [0m | [33m[1mLane DL_Nova X-25B_001 利用率异常: 208.33% (数据量=2187.50GB, 容量=1050.00GB)[0m
[32m2026-05-26 14:14:40[0m | [33m[1mWARNING [0m | [33m[1mLane DL_Nova X-25B_002 利用率异常: 205.87% (数据量=2161.62GB, 容量=1050.00GB)[0m
[32m2026-05-26 14:14:40[0m | [33m[1mWARNING [0m | [33m[1mLane DL_Nova X-25B_003 利用率异常: 202.20% (数据量=2123.08GB, 容量=1050.00GB)[0m
[32m2026-05-26 14:14:40[0m | [33m[1mWARNING [0m | [33m[1mLane DL_Nova X-25B_004 利用率异常: 206.35% (数据量=2166.67GB, 容量=1050.00GB)[0m
[32m2026-05-26 14:14:40[0m | [33m[1mWARNING [0m | [33m[1mLane CK_Nova X-25B_001 利用率异常: 226.15% (数据量=2205.00GB, 容量=975.00GB)[0m
[32m2026-05-26 14:14:40[0m | [33m[1mWARNING [0m | [33m[1mLane CK_Nova X-25B_002 利用率异常: 217.01% (数据量=2115.80GB, 容量=975.00GB)[0m
[32m2026-05-26 14:14:40[0m | [33m[1mWARNING [0m | [33m[1mLane CK_Nova X-25B_003 利用率异常: 230.21% (数据量=2244.59GB, 容量=975.00GB)[0m
[32m2026-05-26 14:14:40[0m | [33m[1mWARNING [0m | [33m[1mLane EX_Nova X-25B_002 利用率异常: 227.69% (数据量=2220.00GB, 容量=975.00GB)[0m
[32m2026-05-26 14:14:40[0m | [33m[1mWARNING [0m | [33m[1mLane EX_Nova X-25B_004 利用率异常: 230.56% (数据量=2248.00GB, 容量=975.00GB)[0m
[32m2026-05-26 14:14:40[0m | [33m[1mWARNING [0m | [33m[1mLane RB_Nova X-25B_002 利用率异常: 215.69% (数据量=2103.00GB, 容量=975.00GB)[0m
[32m2026-05-26 14:14:40[0m | [1mINFO    [0m | [1mIndex校验器初始化完成（真实数据验证版本）[0m
[32m2026-05-26 14:14:40[0m | [1mINFO    [0m | [1m成Lane校验程序初始化完成 (严格模式: True, 碱基不均衡上限: 35%, 特殊文库关键词: 9个)[0m
[32m2026-05-26 14:14:40[0m | [1mINFO    [0m | [1m拆分回滚原始文库回流1.1启动: 候选1个，合同量阈值<=500.0G[0m
[32m2026-05-26 14:14:40[0m | [1mINFO    [0m | [1m
================================================================================[0m
[32m2026-05-26 14:14:40[0m | [1mINFO    [0m | [1m排机流程：纯规则排机[0m
[32m2026-05-26 14:14:40[0m | [1mINFO    [0m | [1m================================================================================[0m
[32m2026-05-26 14:14:40[0m | [1mINFO    [0m | [1mIndex校验器初始化完成（真实数据验证版本）[0m
[32m2026-05-26 14:14:40[0m | [1mINFO    [0m | [1mIndex校验器初始化完成（真实数据验证版本）[0m
[32m2026-05-26 14:14:40[0m | [1mINFO    [0m | [1m成Lane校验程序初始化完成 (严格模式: True, 碱基不均衡上限: 35%, 特殊文库关键词: 9个)[0m
[32m2026-05-26 14:14:40[0m | [33m[1mWARNING [0m | [33m[1mPooling配置表不存在: /data/work/yuyongpeng/liblane_v2_deepseek/data/wktype_pooling_config.xlsx，将使用默认策略[0m
[32m2026-05-26 14:14:40[0m | [1mINFO    [0m | [1m产出效率修正表不存在: /data/work/yuyongpeng/liblane_v2_deepseek/data/production_efficiency_correction.csv，跳过后校准[0m
[32m2026-05-26 14:14:40[0m | [33m[1mWARNING [0m | [33m[1m模型文件不存在: models/loutput_pre_lane_v5/lightgbm_model.pkl[0m
[32m2026-05-26 14:14:40[0m | [33m[1mWARNING [0m | [33m[1mloutput预测器不可用，将使用规则降级策略[0m
[32m2026-05-26 14:14:40[0m | [1mINFO    [0m | [1m逐Lane贪心排机器初始化完成 - 基础容量: 985.0GB, 利用率区间: [100%, 100%], 配置模式: 按机型自动[0m
[32m2026-05-26 14:14:40[0m | [1mINFO    [0m | [1m启用检查: Index=True, 碱基不均衡=True, 规则检查器=False[0m
[32m2026-05-26 14:14:40[0m | [1mINFO    [0m | [1m排机阶段：Pooling优化器已禁用（V6流程不需要）[0m
[32m2026-05-26 14:14:40[0m | [1mINFO    [0m | [1mIndex校验器初始化完成（真实数据验证版本）[0m
[32m2026-05-26 14:14:40[0m | [1mINFO    [0m | [1m成Lane校验程序初始化完成 (严格模式: True, 碱基不均衡上限: 35%, 特殊文库关键词: 9个)[0m
[32m2026-05-26 14:14:40[0m | [1mINFO    [0m | [1m严格校验容量区间改为按统一配置表动态解析[0m
[32m2026-05-26 14:14:40[0m | [1mINFO    [0m | [1m============================================================[0m
[32m2026-05-26 14:14:40[0m | [1mINFO    [0m | [1m[拆分] 开始文库拆分预处理[0m
[32m2026-05-26 14:14:40[0m | [1mINFO    [0m | [1m  拆分规则: 1.1模式文库（兼容旧名1.0）不拆分；3.6T-NEW单对index >130.0G 拆分，多对index >300.0G 拆分[0m
[32m2026-05-26 14:14:40[0m | [1mINFO    [0m | [1m  最小保留数据量: >2.0G[0m
[32m2026-05-26 14:14:40[0m | [1mINFO    [0m | [1m------------------------------------------------------------[0m
[32m2026-05-26 14:14:40[0m | [1mINFO    [0m | [1m 拆分完成[0m
[32m2026-05-26 14:14:40[0m | [1mINFO    [0m | [1m  原始文库数: 1[0m
[32m2026-05-26 14:14:40[0m | [1mINFO    [0m | [1m  拆分文库数: 0[0m
[32m2026-05-26 14:14:40[0m | [1mINFO    [0m | [1m  最终文库数: 1[0m
[32m2026-05-26 14:14:40[0m | [1mINFO    [0m | [1m============================================================[0m
[32m2026-05-26 14:14:40[0m | [1mINFO    [0m | [1m主流程前置拆分完成: 无需拆分[0m
[32m2026-05-26 14:14:40[0m | [1mINFO    [0m | [1mPeak窗口混排预构Lane已按调用方要求关闭[0m
[32m2026-05-26 14:14:40[0m | [1mINFO    [0m | [1m开始逐Lane贪心排机 - 文库数: 1[0m
[32m2026-05-26 14:14:40[0m | [1mINFO    [0m | [1m预拆分完成: 使用外层已拆分文库[0m
[32m2026-05-26 14:14:40[0m | [1mINFO    [0m | [1m===== 批次全局分析报告 =====[0m
[32m2026-05-26 14:14:40[0m | [1mINFO    [0m | [1m机器类型: Nova X-25B[0m
[32m2026-05-26 14:14:40[0m | [1mINFO    [0m | [1m文库总数: 1[0m
[32m2026-05-26 14:14:40[0m | [1mINFO    [0m | [1m总数据量: 150.0 GB[0m
[32m2026-05-26 14:14:40[0m | [1mINFO    [0m | [1m预估Lane数: 1~1[0m
[32m2026-05-26 14:14:40[0m | [1mINFO    [0m | [1m--- 特征标记 ---[0m
[32m2026-05-26 14:14:40[0m | [1mINFO    [0m | [1m  包Lane文库: 无[0m
[32m2026-05-26 14:14:40[0m | [1mINFO    [0m | [1m  碱基不均衡: 有[0m
[32m2026-05-26 14:14:40[0m | [1mINFO    [0m | [1m  客户文库:   无[0m
[32m2026-05-26 14:14:40[0m | [1mINFO    [0m | [1m  10bp文库:   无[0m
[32m2026-05-26 14:14:40[0m | [1mINFO    [0m | [1m  非10bp文库: 有[0m
[32m2026-05-26 14:14:40[0m | [1mINFO    [0m | [1m  特殊组合:   无[0m
[32m2026-05-26 14:14:40[0m | [1mINFO    [0m | [1m--- 分组画像 ---[0m
[32m2026-05-26 14:14:40[0m | [1mINFO    [0m | [1m  [imbalance] 碱基不均衡文库: 1个文库, 150.0GB, 预估1~1条Lane[0m
[32m2026-05-26 14:14:40[0m | [1mINFO    [0m | [1m  [non_10bp] 非10碱基文库: 1个文库, 150.0GB, 预估1~1条Lane[0m
[32m2026-05-26 14:14:40[0m | [1mINFO    [0m | [1m  [all] 全部文库: 1个文库, 150.0GB, 预估1~1条Lane[0m
[32m2026-05-26 14:14:40[0m | [1mINFO    [0m | [1m--- 混排约束 ---[0m
[32m2026-05-26 14:14:40[0m | [1mINFO    [0m | [1m  [imbalance_max_30pct] imbalance vs all: 碱基不均衡文库全局占比100.0%，超过30%上限，必须拆分为专用Lane[0m
[32m2026-05-26 14:14:40[0m | [1mINFO    [0m | [1m--- 尾部风险 ---[0m
[32m2026-05-26 14:14:40[0m | [1mINFO    [0m | [1m  [imbalance] 碱基不均衡文库排完整Lane后剩余150.0GB，不足半Lane(498GB)，需要大文库骨架携带或混入散样Lane - 150.0GB, 1个, 严重程度: high[0m
[32m2026-05-26 14:14:40[0m | [1mINFO    [0m | [1m  [non_10bp] 非10碱基文库排完整Lane后剩余150.0GB，不足半Lane(498GB)，需要大文库骨架携带或混入散样Lane - 150.0GB, 1个, 严重程度: high[0m
[32m2026-05-26 14:14:40[0m | [1mINFO    [0m | [1m--- 策略建议 ---[0m
[32m2026-05-26 14:14:40[0m | [1mINFO    [0m | [1m  - 存在2个高风险尾部分组，建议启用骨架预留(大带小)[0m
[32m2026-05-26 14:14:40[0m | [1mINFO    [0m | [1m===== 报告结束 =====[0m
[32m2026-05-26 14:14:40[0m | [1mINFO    [0m | [1m保留外部传入的策略执行计划，仅使用批次分析报告[0m
[32m2026-05-26 14:14:40[0m | [1mINFO    [0m | [1m处理机器类型 Nova X-25B - 文库数: 1 - Lane容量: 1050.0GB, 利用率区间: [100%, 100%], 特殊文库上限: 350GB[0m
[32m2026-05-26 14:14:40[0m | [1mINFO    [0m | [1m碱基不均衡专用Lane策略: 1个碱基不均衡文库[0m
[32m2026-05-26 14:14:40[0m | [1mINFO    [0m | [1m专用Lane分组G26剩余合同量150.0G无法满足1.1或3.6T-NEW有效容量下限[0m
[32m2026-05-26 14:14:40[0m | [1mINFO    [0m | [1m形成0条专用Lane，剩余1个碱基不均衡文库[0m
[32m2026-05-26 14:14:40[0m | [33m[1mWARNING [0m | [33m[1m剩余 1 个文库无法分配（全部有约束冲突）[0m
[32m2026-05-26 14:14:40[0m | [1mINFO    [0m | [1m剩余池总量150.0GB不足最小成Lane门槛995.0GB，跳过后续随机重试[0m
[32m2026-05-26 14:14:40[0m | [1mINFO    [0m | [1m专用Lane分组G26剩余合同量150.0G无法满足1.1或3.6T-NEW有效容量下限[0m
[32m2026-05-26 14:14:40[0m | [1mINFO    [0m | [1m专用Lane创建完成: 0条Lane, 1个碱基不均衡文库待分配, 0个中性文库待分配[0m
[32m2026-05-26 14:14:40[0m | [1mINFO    [0m | [1m逐Lane贪心排机完成 - Lane数: 0, 已分配: 0/1, 未分配: 1, 平均利用率: 0.0%, 耗时: 0.00秒[0m
[32m2026-05-26 14:14:40[0m | [1mINFO    [0m | [1mIndex校验器初始化完成（真实数据验证版本）[0m
[32m2026-05-26 14:14:40[0m | [1mINFO    [0m | [1m成Lane校验程序初始化完成 (严格模式: False, 碱基不均衡上限: 35%, 特殊文库关键词: 9个)[0m
[32m2026-05-26 14:14:40[0m | [1mINFO    [0m | [1m最终验证结果: 0条Lane通过，1个文库未分配[0m
[32m2026-05-26 14:14:40[0m | [1mINFO    [0m | [1mwkspecialsplits边排边检查完成: 无需调整[0m
[32m2026-05-26 14:14:40[0m | [1mINFO    [0m | [1m验证完成：0条Lane通过验证[0m
[32m2026-05-26 14:14:40[0m | [1mINFO    [0m | [1m57规则二次改排救援已关闭，失败Lane文库回收到未分配池[0m
[32m2026-05-26 14:14:40[0m | [1mINFO    [0m | [1m补Lane尝试跳过: lane_prefix=EX, pool_size=1, pool_data=150.000G不足最小门槛2095.000G[0m
[32m2026-05-26 14:14:40[0m | [1mINFO    [0m | [1mLane数量提升停止: machine_type=Nova X-25B, 当前池首次构Lane失败，跳过同池重复尝试[0m
[32m2026-05-26 14:14:40[0m | [1mINFO    [0m | [1mLane数量提升未新增Lane[0m
[32m2026-05-26 14:14:40[0m | [1mINFO    [0m | [1m补Lane尝试跳过: lane_prefix=RB, pool_size=1, pool_data=150.000G不足最小门槛2095.000G[0m
[32m2026-05-26 14:14:40[0m | [1mINFO    [0m | [1m跨Lane多文库交换停止: machine_type=Nova X-25B, 当前池首次构Lane失败，跳过同池重复尝试[0m
[32m2026-05-26 14:14:40[0m | [1mINFO    [0m | [1m跨Lane多文库交换未新增Lane，剩余未分配1个[0m
[32m2026-05-26 14:14:40[0m | [1mINFO    [0m | [1m剩余库分层重组搜索未新增Lane: 跳过拆分文库=1, 剩余未分配=1[0m
[32m2026-05-26 14:14:40[0m | [1mINFO    [0m | [1m脚本内置 Pooling 预测已停用，后续统一调用 prediction_delivery[0m
[32m2026-05-26 14:14:40[0m | [1mINFO    [0m | [1m拆分回滚原始文库回流1.1完成: 新增Lane=0，剩余未分配=1[0m
[32m2026-05-26 14:14:40[0m | [1mINFO    [0m | [1m排后包Lane校验通过[0m
[32m2026-05-26 14:14:40[0m | [1mINFO    [0m | [1m排后校验通过：包Lane编号文库拆分规则满足约束[0m
[32m2026-05-26 14:14:40[0m | [1mINFO    [0m | [1mIndex校验器初始化完成（真实数据验证版本）[0m
[32m2026-05-26 14:14:40[0m | [1mINFO    [0m | [1m成Lane校验程序初始化完成 (严格模式: True, 碱基不均衡上限: 35%, 特殊文库关键词: 9个)[0m
[32m2026-05-26 14:14:40[0m | [1mINFO    [0m | [1m平衡文库后处理完成: 需补平衡文库Lane=6，成功=6，失败移除=0，专Lane保留=0，回收文库=0[0m
[32m2026-05-26 14:14:40[0m | [1mINFO    [0m | [1m排后包Lane校验通过[0m
[32m2026-05-26 14:14:40[0m | [1mINFO    [0m | [1mIndex校验器初始化完成（真实数据验证版本）[0m
[32m2026-05-26 14:14:40[0m | [1mINFO    [0m | [1m成Lane校验程序初始化完成 (严格模式: True, 碱基不均衡上限: 35%, 特殊文库关键词: 9个)[0m
[32m2026-05-26 14:14:40[0m | [1mINFO    [0m | [1m排后包Lane校验通过[0m
[32m2026-05-26 14:14:40[0m | [1mINFO    [0m | [1m排后校验通过：包Lane编号文库拆分规则满足约束[0m
[32m2026-05-26 14:14:41[0m | [33m[1mWARNING [0m | [33m[1mLane TS_Nova X-25B_016 终态过滤淘汰: ['Lane为空'][0m
[32m2026-05-26 14:14:41[0m | [33m[1mWARNING [0m | [33m[1mLane TS_Nova X-25B_017 终态过滤淘汰: ['Lane为空'][0m
[32m2026-05-26 14:14:41[0m | [33m[1mWARNING [0m | [33m[1mLane TS_Nova X-25B_018 终态过滤淘汰: ['Lane为空'][0m
[32m2026-05-26 14:14:41[0m | [33m[1mWARNING [0m | [33m[1mLane TS_Nova X-25B_019 终态过滤淘汰: ['Lane为空'][0m
[32m2026-05-26 14:14:41[0m | [33m[1mWARNING [0m | [33m[1mLane TS_Nova X-25B_020 终态过滤淘汰: ['Lane为空'][0m
[32m2026-05-26 14:14:41[0m | [33m[1mWARNING [0m | [33m[1m终态总复核淘汰Lane TS_Nova X-25B_016: 回收0个原始文库到未分配池[0m
[32m2026-05-26 14:14:41[0m | [33m[1mWARNING [0m | [33m[1m终态总复核淘汰Lane TS_Nova X-25B_017: 回收0个原始文库到未分配池[0m
[32m2026-05-26 14:14:41[0m | [33m[1mWARNING [0m | [33m[1m终态总复核淘汰Lane TS_Nova X-25B_018: 回收0个原始文库到未分配池[0m
[32m2026-05-26 14:14:41[0m | [33m[1mWARNING [0m | [33m[1m终态总复核淘汰Lane TS_Nova X-25B_019: 回收0个原始文库到未分配池[0m
[32m2026-05-26 14:14:41[0m | [33m[1mWARNING [0m | [33m[1m终态总复核淘汰Lane TS_Nova X-25B_020: 回收0个原始文库到未分配池[0m
[32m2026-05-26 14:14:41[0m | [1mINFO    [0m | [1m终态总复核完成: 淘汰5条不合规非包Lane，回收0个文库到未分配池，当前有效Lane=18，未分配=64[0m
[32m2026-05-26 14:14:41[0m | [33m[1mWARNING [0m | [33m[1m终态总复核: 淘汰5条不合规Lane，回收0个文库[0m
[32m2026-05-26 14:14:41[0m | [1mINFO    [0m | [1m补Lane跳过汇总: lane_prefix=RM, machine=Nova X-25B, reason_top=[总量0.8G低于最小门槛2095.0Gx5, 总量12.0G低于最小门槛2095.0Gx3, 总量1.0G低于最小门槛2095.0Gx2, 总量200.0G低于最小门槛2095.0Gx2][0m
[32m2026-05-26 14:14:41[0m | [1mINFO    [0m | [1m补Lane跳过汇总: lane_prefix=GL, machine=Nova X-25B, reason_top=[总量0.8G低于最小门槛2095.0Gx5, 总量12.0G低于最小门槛2095.0Gx3, 总量1.0G低于最小门槛2095.0Gx2, 总量200.0G低于最小门槛2095.0Gx2][0m
[32m2026-05-26 14:14:42[0m | [1mINFO    [0m | [1m终态回收池分层重组未新增Lane: 跳过拆分规则文库=7，剩余未分配=64[0m
[32m2026-05-26 14:14:42[0m | [1mINFO    [0m | [1m终态全局3.6跨机型增量混排补Lane成功: lane=GM_Nova X-25B_001, 承载机型=Nova X-25B, 文库数=30, 数据量=999.0G[0m
[32m2026-05-26 14:14:42[0m | [1mINFO    [0m | [1m终态全局3.6增量混排未成Lane明细: 机型=Nova X-25B, 候选items=25, best_total=134.3G, best_index_pairs=25, validation_top=[][0m
[32m2026-05-26 14:14:42[0m | [1mINFO    [0m | [1m终态全局3.6混排增量完成: 新增Lane=1，使用拆分原始文库=0，使用普通补料文库=30，剩余未分配=34[0m
[32m2026-05-26 14:14:42[0m | [1mINFO    [0m | [1m终态文库类型专池未成Lane: 文库类型=DNA小片段文库, 机型=Nova X-25B, 模式=1.1, 剩余文库=3, 剩余数据量=1561.0G, reason=no_mode_eligible_libraries[0m
[32m2026-05-26 14:14:42[0m | [1mINFO    [0m | [1m终态文库类型专池未成Lane: 文库类型=DNA小片段文库, 机型=Nova X-25B, 模式=3.6T-NEW, 剩余文库=3, 剩余数据量=1561.0G, reason=no_mode_eligible_libraries[0m
[32m2026-05-26 14:14:42[0m | [1mINFO    [0m | [1m终态文库类型专池未成Lane: 文库类型=DNA小片段文库, 机型=NovaSeq X Plus, 模式=1.1, 剩余文库=3, 剩余数据量=1522.0G, reason=no_mode_eligible_libraries[0m
[32m2026-05-26 14:14:42[0m | [1mINFO    [0m | [1m终态文库类型专池未成Lane: 文库类型=DNA小片段文库, 机型=NovaSeq X Plus, 模式=3.6T-NEW, 剩余文库=3, 剩余数据量=1522.0G, reason=no_mode_eligible_libraries[0m
[32m2026-05-26 14:14:42[0m | [1mINFO    [0m | [1m终态文库类型碱基不均专Lane未成Lane: 文库类型=10xATAC-seq文库, 机型=Nova X-25B, 剩余文库=1, 剩余数据量=500.0G, reason=hard_skip_total_below_min(total=500.0G,min=992.8G); g53_g54_fill=no_valid_g53_g54_fill_subset(best_total=0.0G,best_index_pairs=0, validation_top=[])[0m
[32m2026-05-26 14:14:42[0m | [1mINFO    [0m | [1m终态文库类型专池未成Lane: 文库类型=10xATAC-seq文库, 机型=Nova X-25B, 模式=3.6T-NEW, 剩余文库=1, 剩余数据量=500.0G, reason=no_mode_eligible_libraries[0m
[32m2026-05-26 14:14:42[0m | [1mINFO    [0m | [1m终态文库类型碱基不均专Lane未成Lane: 文库类型=客户-10X ATAC (Multiome)文库, 机型=Nova X-25B, 剩余文库=1, 剩余数据量=450.0G, reason=hard_skip_total_below_min(total=450.0G,min=992.8G); g53_g54_fill=no_valid_g53_g54_fill_subset(best_total=0.0G,best_index_pairs=0, validation_top=[])[0m
[32m2026-05-26 14:14:42[0m | [1mINFO    [0m | [1m终态文库类型专池未成Lane: 文库类型=客户-10X ATAC (Multiome)文库, 机型=Nova X-25B, 模式=3.6T-NEW, 剩余文库=1, 剩余数据量=450.0G, reason=no_mode_eligible_libraries[0m
[32m2026-05-26 14:14:42[0m | [1mINFO    [0m | [1m终态文库类型碱基不均专Lane未成Lane: 文库类型=客户-CUT-Tag文库, 机型=Nova X-25B, 剩余文库=1, 剩余数据量=150.0G, reason=hard_skip_total_below_min(total=150.0G,min=1676.0G); g53_g54_fill=no_valid_g53_g54_fill_subset(best_total=0.0G,best_index_pairs=0, validation_top=[])[0m
[32m2026-05-26 14:14:42[0m | [1mINFO    [0m | [1m终态文库类型专池未成Lane: 文库类型=客户-CUT-Tag文库, 机型=Nova X-25B, 模式=3.6T-NEW, 剩余文库=1, 剩余数据量=150.0G, reason=no_mode_eligible_libraries[0m
[32m2026-05-26 14:14:42[0m | [1mINFO    [0m | [1m终态文库类型专池未成Lane: 文库类型=原核链特异性转录组文库, 机型=Nova X-25B, 模式=1.1, 剩余文库=5, 剩余数据量=60.0G, reason=hard_skip_total_below_min(total=60.0G,min=2095.0G)[0m
[32m2026-05-26 14:14:42[0m | [1mINFO    [0m | [1m终态文库类型专池未成Lane: 文库类型=原核链特异性转录组文库, 机型=Nova X-25B, 模式=3.6T-NEW, 剩余文库=5, 剩余数据量=60.0G, reason=hard_skip_total_below_min(total=60.0G,min=995.0G)[0m
[32m2026-05-26 14:14:42[0m | [1mINFO    [0m | [1m终态文库类型专池未成Lane: 文库类型=VIP-真核普通转录组文库, 机型=NovaSeq X Plus, 模式=1.1, 剩余文库=4, 剩余数据量=28.0G, reason=hard_skip_total_below_min(total=28.0G,min=2095.0G)[0m
[32m2026-05-26 14:14:42[0m | [1mINFO    [0m | [1m终态文库类型专池未成Lane: 文库类型=VIP-真核普通转录组文库, 机型=NovaSeq X Plus, 模式=3.6T-NEW, 剩余文库=4, 剩余数据量=28.0G, reason=hard_skip_total_below_min(total=28.0G,min=995.0G)[0m
[32m2026-05-26 14:14:42[0m | [1mINFO    [0m | [1m终态文库类型碱基不均专Lane未成Lane: 文库类型=客户-CUT-Tag文库, 机型=NovaSeq X Plus, 剩余文库=2, 剩余数据量=12.0G, reason=hard_skip_total_below_min(total=12.0G,min=1676.0G); g53_g54_fill=no_valid_g53_g54_fill_subset(best_total=0.0G,best_index_pairs=0, validation_top=[])[0m
[32m2026-05-26 14:14:42[0m | [1mINFO    [0m | [1m终态文库类型专池未成Lane: 文库类型=客户-CUT-Tag文库, 机型=NovaSeq X Plus, 模式=3.6T-NEW, 剩余文库=2, 剩余数据量=12.0G, reason=hard_skip_total_below_min(total=12.0G,min=995.0G)[0m
[32m2026-05-26 14:14:42[0m | [1mINFO    [0m | [1m终态文库类型碱基不均专Lane未成Lane: 文库类型=10X转录组-3'文库, 机型=Nova X-25B, 剩余文库=1, 剩余数据量=11.9G, reason=hard_skip_total_below_min(total=11.9G,min=1995.0G); g53_g54_fill=no_valid_g53_g54_fill_subset(best_total=0.0G,best_index_pairs=0, validation_top=[])[0m
[32m2026-05-26 14:14:42[0m | [1mINFO    [0m | [1m终态文库类型专池未成Lane: 文库类型=10X转录组-3'文库, 机型=Nova X-25B, 模式=3.6T-NEW, 剩余文库=1, 剩余数据量=11.9G, reason=hard_skip_total_below_min(total=11.9G,min=970.0G)[0m
[32m2026-05-26 14:14:42[0m | [1mINFO    [0m | [1m终态文库类型碱基不均专Lane未成Lane: 文库类型=单细胞文库, 机型=NovaSeq X Plus, 剩余文库=6, 剩余数据量=11.0G, reason=hard_skip_total_below_min(total=11.0G,min=1843.6G); g53_g54_fill=no_valid_g53_g54_fill_subset(best_total=0.0G,best_index_pairs=0, validation_top=[])[0m
[32m2026-05-26 14:14:42[0m | [1mINFO    [0m | [1m终态文库类型专池未成Lane: 文库类型=单细胞文库, 机型=NovaSeq X Plus, 模式=3.6T-NEW, 剩余文库=6, 剩余数据量=11.0G, reason=hard_skip_total_below_min(total=11.0G,min=995.0G)[0m
[32m2026-05-26 14:14:42[0m | [1mINFO    [0m | [1m终态文库类型碱基不均专Lane未成Lane: 文库类型=单细胞文库, 机型=Nova X-25B, 剩余文库=2, 剩余数据量=3.3G, reason=hard_skip_total_below_min(total=3.3G,min=1843.6G); g53_g54_fill=no_valid_g53_g54_fill_subset(best_total=0.0G,best_index_pairs=0, validation_top=[])[0m
[32m2026-05-26 14:14:42[0m | [1mINFO    [0m | [1m终态文库类型专池未成Lane: 文库类型=单细胞文库, 机型=Nova X-25B, 模式=3.6T-NEW, 剩余文库=2, 剩余数据量=3.3G, reason=hard_skip_total_below_min(total=3.3G,min=995.0G)[0m
[32m2026-05-26 14:14:42[0m | [1mINFO    [0m | [1m终态文库类型碱基不均专Lane未成Lane: 文库类型=CUT Tag文库（细胞）, 机型=Nova X-25B, 剩余文库=1, 剩余数据量=2.8G, reason=hard_skip_total_below_min(total=2.8G,min=1676.0G); g53_g54_fill=no_valid_g53_g54_fill_subset(best_total=0.0G,best_index_pairs=0, validation_top=[])[0m
[32m2026-05-26 14:14:42[0m | [1mINFO    [0m | [1m终态文库类型专池未成Lane: 文库类型=CUT Tag文库（细胞）, 机型=Nova X-25B, 模式=3.6T-NEW, 剩余文库=1, 剩余数据量=2.8G, reason=hard_skip_total_below_min(total=2.8G,min=995.0G)[0m
[32m2026-05-26 14:14:42[0m | [1mINFO    [0m | [1m终态文库类型专池未成Lane: 文库类型=VIP-真核普通转录组文库, 机型=Nova X-25B, 模式=1.1, 剩余文库=1, 剩余数据量=2.7G, reason=hard_skip_total_below_min(total=2.7G,min=2095.0G)[0m
[32m2026-05-26 14:14:42[0m | [1mINFO    [0m | [1m终态文库类型专池未成Lane: 文库类型=VIP-真核普通转录组文库, 机型=Nova X-25B, 模式=3.6T-NEW, 剩余文库=1, 剩余数据量=2.7G, reason=hard_skip_total_below_min(total=2.7G,min=995.0G)[0m
[32m2026-05-26 14:14:42[0m | [1mINFO    [0m | [1m终态文库类型专池未成Lane: 文库类型=微生物常规小片段文库, 机型=Nova X-25B, 模式=1.1, 剩余文库=2, 剩余数据量=1.6G, reason=hard_skip_total_below_min(total=1.6G,min=2095.0G)[0m
[32m2026-05-26 14:14:42[0m | [1mINFO    [0m | [1m终态文库类型专池未成Lane: 文库类型=微生物常规小片段文库, 机型=Nova X-25B, 模式=3.6T-NEW, 剩余文库=2, 剩余数据量=1.6G, reason=hard_skip_total_below_min(total=1.6G,min=995.0G)[0m
[32m2026-05-26 14:14:42[0m | [1mINFO    [0m | [1m终态文库类型碱基不均专Lane未成Lane: 文库类型=动植物简化基因组文库(GBS亲代), 机型=NovaSeq X Plus, 剩余文库=1, 剩余数据量=1.0G, reason=hard_skip_total_below_min(total=1.0G,min=1676.0G); g53_g54_fill=no_valid_g53_g54_fill_subset(best_total=0.0G,best_index_pairs=0, validation_top=[])[0m
[32m2026-05-26 14:14:42[0m | [1mINFO    [0m | [1m终态文库类型专池未成Lane: 文库类型=动植物简化基因组文库(GBS亲代), 机型=NovaSeq X Plus, 模式=3.6T-NEW, 剩余文库=1, 剩余数据量=1.0G, reason=hard_skip_total_below_min(total=1.0G,min=995.0G)[0m
[32m2026-05-26 14:14:42[0m | [1mINFO    [0m | [1m终态文库类型专池增量未新增Lane: 跳过拆分规则文库=0，跳过不支持机型=0，剩余未分配=34[0m
[32m2026-05-26 14:14:42[0m | [1mINFO    [0m | [1mIndex校验器初始化完成（真实数据验证版本）[0m
[32m2026-05-26 14:14:42[0m | [1mINFO    [0m | [1m成Lane校验程序初始化完成 (严格模式: True, 碱基不均衡上限: 35%, 特殊文库关键词: 9个)[0m
[32m2026-05-26 14:14:42[0m | [1mINFO    [0m | [1mIndex校验器初始化完成（真实数据验证版本）[0m
[32m2026-05-26 14:14:42[0m | [1mINFO    [0m | [1m成Lane校验程序初始化完成 (严格模式: True, 碱基不均衡上限: 35%, 特殊文库关键词: 9个)[0m
[32m2026-05-26 14:14:42[0m | [1mINFO    [0m | [1m终态增量Lane平衡文库后处理完成: 需补平衡文库Lane=6，成功=6，失败移除=0，专Lane保留=0，回收文库=0[0m
[32m2026-05-26 14:14:42[0m | [1mINFO    [0m | [1marrange 收集排机结果，用于后续 prediction_delivery 预测[0m
[32m2026-05-26 14:14:42[0m | [33m[1mWARNING [0m | [33m[1m排机规则映射文件不存在，跳过显式排机规则解析: /data/work/yuyongpeng/liblane_v2_deepseek/paiji_complete2/merge_deal/config[0m
[32m2026-05-26 14:14:42[0m | [1mINFO    [0m | [1marrange Lane LS_NovaX-25B_002 排机浓度规则命中: 10_plus_24_or_atac_1_9, lsjnd=1.900[0m
[32m2026-05-26 14:14:42[0m | [1mINFO    [0m | [1marrange Lane LS_NovaX-25B_002 输出规则命中: tj_1595_10_plus_24_lane_seq, lsjfs=25B, lcxms=Lane seq[0m
[32m2026-05-26 14:14:42[0m | [1mINFO    [0m | [1marrange Lane LS_NovaX-25B_002 显式排机规则: P7P5[0m
[32m2026-05-26 14:14:42[0m | [1mINFO    [0m | [1marrange Lane LS_NovaX-25B_003 排机浓度规则命中: 10_plus_24_or_atac_1_9, lsjnd=1.900[0m
[32m2026-05-26 14:14:42[0m | [1mINFO    [0m | [1marrange Lane LS_NovaX-25B_003 输出规则命中: tj_1595_10_plus_24_lane_seq, lsjfs=25B, lcxms=Lane seq[0m
[32m2026-05-26 14:14:42[0m | [1mINFO    [0m | [1marrange Lane LS_NovaX-25B_003 显式排机规则: P7P5[0m
[32m2026-05-26 14:14:42[0m | [1mINFO    [0m | [1marrange Lane DL_Nova X-25B_001 排机浓度规则命中: no_loading_concentration_rule_matched, lsjnd=[0m
[32m2026-05-26 14:14:42[0m | [1mINFO    [0m | [1marrange Lane DL_Nova X-25B_001 输出规则命中: tj_1595_mode_1_1, lsjfs=25B, lcxms=1.1[0m
[32m2026-05-26 14:14:42[0m | [1mINFO    [0m | [1marrange Lane DL_Nova X-25B_001 显式排机规则: P7P5[0m
[32m2026-05-26 14:14:42[0m | [1mINFO    [0m | [1marrange Lane DL_Nova X-25B_002 排机浓度规则命中: no_loading_concentration_rule_matched, lsjnd=[0m
[32m2026-05-26 14:14:42[0m | [1mINFO    [0m | [1marrange Lane DL_Nova X-25B_002 输出规则命中: tj_1595_mode_1_1, lsjfs=25B, lcxms=1.1[0m
[32m2026-05-26 14:14:42[0m | [1mINFO    [0m | [1marrange Lane DL_Nova X-25B_002 显式排机规则: P7P5[0m
[32m2026-05-26 14:14:42[0m | [1mINFO    [0m | [1marrange Lane DL_Nova X-25B_003 排机浓度规则命中: no_loading_concentration_rule_matched, lsjnd=[0m
[32m2026-05-26 14:14:42[0m | [1mINFO    [0m | [1marrange Lane DL_Nova X-25B_003 输出规则命中: tj_1595_mode_1_1, lsjfs=25B, lcxms=1.1[0m
[32m2026-05-26 14:14:42[0m | [1mINFO    [0m | [1marrange Lane DL_Nova X-25B_003 显式排机规则: P7P5[0m
[32m2026-05-26 14:14:42[0m | [1mINFO    [0m | [1marrange Lane DL_Nova X-25B_004 排机浓度规则命中: no_loading_concentration_rule_matched, lsjnd=[0m
[32m2026-05-26 14:14:42[0m | [1mINFO    [0m | [1marrange Lane DL_Nova X-25B_004 输出规则命中: tj_1595_mode_1_1, lsjfs=25B, lcxms=1.1[0m
[32m2026-05-26 14:14:42[0m | [1mINFO    [0m | [1marrange Lane DL_Nova X-25B_004 显式排机规则: P7P5[0m
[32m2026-05-26 14:14:42[0m | [1mINFO    [0m | [1marrange Lane CK_Nova X-25B_001 排机浓度规则命中: no_loading_concentration_rule_matched, lsjnd=[0m
[32m2026-05-26 14:14:42[0m | [1mINFO    [0m | [1marrange Lane CK_Nova X-25B_001 输出规则命中: tj_1595_mode_1_1, lsjfs=25B, lcxms=1.1[0m
[32m2026-05-26 14:14:42[0m | [1mINFO    [0m | [1marrange Lane CK_Nova X-25B_001 显式排机规则: P7P5[0m
[32m2026-05-26 14:14:43[0m | [1mINFO    [0m | [1marrange Lane CK_Nova X-25B_002 排机浓度规则命中: no_loading_concentration_rule_matched, lsjnd=[0m
[32m2026-05-26 14:14:43[0m | [1mINFO    [0m | [1marrange Lane CK_Nova X-25B_002 输出规则命中: tj_1595_mode_1_1, lsjfs=25B, lcxms=1.1[0m
[32m2026-05-26 14:14:43[0m | [1mINFO    [0m | [1marrange Lane CK_Nova X-25B_002 显式排机规则: P7P5[0m
[32m2026-05-26 14:14:43[0m | [1mINFO    [0m | [1marrange Lane CK_Nova X-25B_003 排机浓度规则命中: no_loading_concentration_rule_matched, lsjnd=[0m
[32m2026-05-26 14:14:43[0m | [1mINFO    [0m | [1marrange Lane CK_Nova X-25B_003 输出规则命中: tj_1595_mode_1_1, lsjfs=25B, lcxms=1.1[0m
[32m2026-05-26 14:14:43[0m | [1mINFO    [0m | [1marrange Lane CK_Nova X-25B_003 显式排机规则: P7P5[0m
[32m2026-05-26 14:14:43[0m | [1mINFO    [0m | [1marrange Lane GL_Nova X-25B_001 排机浓度规则命中: no_loading_concentration_rule_matched, lsjnd=[0m
[32m2026-05-26 14:14:43[0m | [1mINFO    [0m | [1marrange Lane GL_Nova X-25B_001 输出规则命中: tj_1595_mode_1_1, lsjfs=25B, lcxms=1.1[0m
[32m2026-05-26 14:14:43[0m | [1mINFO    [0m | [1marrange Lane GL_Nova X-25B_001 显式排机规则: P7P5[0m
[32m2026-05-26 14:14:43[0m | [1mINFO    [0m | [1marrange Lane GL_Nova X-25B_002 排机浓度规则命中: no_loading_concentration_rule_matched, lsjnd=[0m
[32m2026-05-26 14:14:43[0m | [1mINFO    [0m | [1marrange Lane GL_Nova X-25B_002 输出规则命中: tj_1595_mode_1_1, lsjfs=25B, lcxms=1.1[0m
[32m2026-05-26 14:14:43[0m | [1mINFO    [0m | [1marrange Lane GL_Nova X-25B_002 显式排机规则: P7P5[0m
[32m2026-05-26 14:14:43[0m | [1mINFO    [0m | [1marrange Lane GL_Nova X-25B_003 排机浓度规则命中: no_loading_concentration_rule_matched, lsjnd=[0m
[32m2026-05-26 14:14:43[0m | [1mINFO    [0m | [1marrange Lane GL_Nova X-25B_003 输出规则命中: tj_1595_mode_1_1, lsjfs=25B, lcxms=1.1[0m
[32m2026-05-26 14:14:43[0m | [1mINFO    [0m | [1marrange Lane GL_Nova X-25B_003 显式排机规则: P7P5[0m
[32m2026-05-26 14:14:43[0m | [1mINFO    [0m | [1marrange Lane GL_Nova X-25B_004 排机浓度规则命中: no_loading_concentration_rule_matched, lsjnd=[0m
[32m2026-05-26 14:14:43[0m | [1mINFO    [0m | [1marrange Lane GL_Nova X-25B_004 输出规则命中: tj_1595_mode_1_1, lsjfs=25B, lcxms=1.1[0m
[32m2026-05-26 14:14:43[0m | [1mINFO    [0m | [1marrange Lane GL_Nova X-25B_004 显式排机规则: P7P5[0m
[32m2026-05-26 14:14:43[0m | [1mINFO    [0m | [1marrange Lane GL_Nova X-25B_005 排机浓度规则命中: no_loading_concentration_rule_matched, lsjnd=[0m
[32m2026-05-26 14:14:43[0m | [1mINFO    [0m | [1marrange Lane GL_Nova X-25B_005 输出规则命中: tj_1595_mode_1_1, lsjfs=25B, lcxms=1.1[0m
[32m2026-05-26 14:14:43[0m | [1mINFO    [0m | [1marrange Lane GL_Nova X-25B_005 显式排机规则: P7P5[0m
[32m2026-05-26 14:14:43[0m | [1mINFO    [0m | [1marrange Lane GL_Nova X-25B_009 排机浓度规则命中: no_loading_concentration_rule_matched, lsjnd=[0m
[32m2026-05-26 14:14:43[0m | [1mINFO    [0m | [1marrange Lane GL_Nova X-25B_009 输出规则命中: tj_1595_mode_1_1, lsjfs=25B, lcxms=1.1[0m
[32m2026-05-26 14:14:43[0m | [1mINFO    [0m | [1marrange Lane GL_Nova X-25B_009 显式排机规则: P7P5[0m
[32m2026-05-26 14:14:43[0m | [1mINFO    [0m | [1marrange Lane EX_Nova X-25B_002 排机浓度规则命中: no_loading_concentration_rule_matched, lsjnd=[0m
[32m2026-05-26 14:14:43[0m | [1mINFO    [0m | [1marrange Lane EX_Nova X-25B_002 输出规则命中: tj_1595_mode_1_1, lsjfs=25B, lcxms=1.1[0m
[32m2026-05-26 14:14:43[0m | [1mINFO    [0m | [1marrange Lane EX_Nova X-25B_002 显式排机规则: P7P5[0m
[32m2026-05-26 14:14:43[0m | [1mINFO    [0m | [1marrange Lane EX_Nova X-25B_004 排机浓度规则命中: no_loading_concentration_rule_matched, lsjnd=[0m
[32m2026-05-26 14:14:43[0m | [1mINFO    [0m | [1marrange Lane EX_Nova X-25B_004 输出规则命中: tj_1595_mode_1_1, lsjfs=25B, lcxms=1.1[0m
[32m2026-05-26 14:14:43[0m | [1mINFO    [0m | [1marrange Lane EX_Nova X-25B_004 显式排机规则: P7P5[0m
[32m2026-05-26 14:14:43[0m | [1mINFO    [0m | [1marrange Lane RB_Nova X-25B_002 排机浓度规则命中: no_loading_concentration_rule_matched, lsjnd=[0m
[32m2026-05-26 14:14:43[0m | [1mINFO    [0m | [1marrange Lane RB_Nova X-25B_002 输出规则命中: tj_1595_mode_1_1, lsjfs=25B, lcxms=1.1[0m
[32m2026-05-26 14:14:43[0m | [1mINFO    [0m | [1marrange Lane RB_Nova X-25B_002 显式排机规则: P7P5[0m
[32m2026-05-26 14:14:43[0m | [1mINFO    [0m | [1marrange Lane GM_Nova X-25B_001 排机浓度规则命中: no_loading_concentration_rule_matched, lsjnd=[0m
[32m2026-05-26 14:14:43[0m | [1mINFO    [0m | [1marrange Lane GM_Nova X-25B_001 输出规则命中: tj_1595_standard_pe150_25b, lsjfs=25B, lcxms=3.6T-NEW[0m
[32m2026-05-26 14:14:43[0m | [1mINFO    [0m | [1marrange Lane GM_Nova X-25B_001 显式排机规则: P7P5[0m
/data/work/yuyongpeng/liblane_v2_deepseek/paiji_complete2/paiji_complete/./arrange_library/arrange_library_model6.py:15666: FutureWarning: Downcasting object dtype arrays on .fillna, .ffill, .bfill is deprecated and will change in a future version. Call result.infer_objects(copy=False) instead. To opt-in to the future behavior, set `pd.set_option('future.no_silent_downcasting', True)`
  balance_mask = df[BALANCE_LIBRARY_MARKER_COLUMN].fillna(False).astype(bool)
[32m2026-05-26 14:14:43[0m | [1mINFO    [0m | [1m明细输出完成: arrange_library/49_sta_arrange_debug.csv[0m
[32m2026-05-26 14:14:43[0m | [1mINFO    [0m | [1m
================================================================================[0m
[32m2026-05-26 14:14:43[0m | [1mINFO    [0m | [1m步骤3: 跳过 prediction_delivery，保留下单量/预测产出空字段[0m
[32m2026-05-26 14:14:43[0m | [1mINFO    [0m | [1m================================================================================[0m
[32m2026-05-26 14:14:43[0m | [1mINFO    [0m | [1m已跳过 prediction_delivery 模型预测，输出保留下单量/预测产出字段空值: arrange_library/49_sta_arrange_debug.csv[0m
[32m2026-05-26 14:14:43[0m | [1mINFO    [0m | [1m输出后处理完成: 记录数=686, 平均下单量=nanG, 平均产出量=nanG[0m
[32m2026-05-26 14:14:43[0m | [1mINFO    [0m | [1m
端到端排机完成！[0m
[32m2026-05-26 14:14:43[0m | [1mINFO    [0m | [1m最终输出文件: arrange_library/49_sta_arrange_debug.csv[0m
[32m2026-05-26 14:14:43[0m | [1mINFO    [0m | [1m================================================================================[0m
