2026-05-28 21:38:23.782 | INFO     | arrange_library.core.constraints.index_validator_verified:__init__:77 - Index校验器初始化完成（真实数据验证版本）
2026-05-28 21:38:23.812 | DEBUG    | arrange_library.core.config.scheduling_config:_load_unified_config:519 - 统一配置文件已加载
2026-05-28 21:38:23.813 | INFO     | arrange_library.core.config.scheduling_config:_load_rule_matrix_config:789 - 统一排机规则配置已加载: profiles=7, constraints=2, loading_rules=4
2026-05-28 21:38:23.813 | INFO     | arrange_library.core.config.scheduling_config:_load_mode_1_1_rules:1709 - 1.1模式规则配置加载完成: /data/work/yuyongpeng/liblane_v2_deepseek/paiji_complete2/paiji_complete/arrange_library/config/mode_1_1_rules.json
2026-05-28 21:38:23.821 | DEBUG    | arrange_library.core.config.scheduling_config:_load_from_yaml:1739 - 机器配置已从YAML加载
2026-05-28 21:38:23.900 | DEBUG    | arrange_library.core.config.scheduling_config:_load_from_yaml:1764 - 业务规则配置已从YAML加载
2026-05-28 21:38:23.900 | INFO     | arrange_library.core.config.scheduling_config:__init__:434 - 排机配置管理器初始化完成
2026-05-28 21:38:24.388 | INFO     | arrange_library.core.constraints.index_validator_verified:__init__:77 - Index校验器初始化完成（真实数据验证版本）
[32m2026-05-28 21:38:24[0m | [1mINFO    [0m | [1m================================================================================[0m
[32m2026-05-28 21:38:24[0m | [1mINFO    [0m | [1marrange_library: 端到端排机流程 - 排机与 Pooling 预测[0m
[32m2026-05-28 21:38:24[0m | [1mINFO    [0m | [1m================================================================================[0m
[32m2026-05-28 21:38:24[0m | [1mINFO    [0m | [1m调用时间: 2026-05-28 21:38:24[0m
[32m2026-05-28 21:38:24[0m | [1mINFO    [0m | [1m随机种子: 42 (固定，确保可复现)[0m
[32m2026-05-28 21:38:24[0m | [1mINFO    [0m | [1m运行模式: arrange[0m
[32m2026-05-28 21:38:24[0m | [1mINFO    [0m | [1m
使用数据文件: arrange_library/31_sta.csv[0m
[32m2026-05-28 21:38:24[0m | [1mINFO    [0m | [1m从标准化CSV文件加载数据: arrange_library/31_sta.csv[0m
[32m2026-05-28 21:38:24[0m | [1mINFO    [0m | [1m读取 2884 行数据[0m
[32m2026-05-28 21:38:25[0m | [1mINFO    [0m | [1m成功创建 2884 个文库对象[0m
[32m2026-05-28 21:38:25[0m | [1mINFO    [0m | [1m成功转换 2884 个测试文库[0m
[32m2026-05-28 21:38:25[0m | [1mINFO    [0m | [1mAI可排文库筛选完成: 可排=2884，不可排=0，机型排除=0[0m
[32m2026-05-28 21:38:25[0m | [1mINFO    [0m | [1m
================================================================================[0m
[32m2026-05-28 21:38:25[0m | [1mINFO    [0m | [1m步骤0.9: 提前处理1.1第二轮历史固定组合文库[0m
[32m2026-05-28 21:38:25[0m | [1mINFO    [0m | [1m================================================================================[0m
[32m2026-05-28 21:38:25[0m | [1mINFO    [0m | [1m1.1第二轮候选识别: 无符合条件的候选文库[0m
[32m2026-05-28 21:38:25[0m | [1mINFO    [0m | [1m1.1第二轮历史Lane前置直出: 无候选文库[0m
[32m2026-05-28 21:38:25[0m | [1mINFO    [0m | [1m
================================================================================[0m
[32m2026-05-28 21:38:25[0m | [1mINFO    [0m | [1m步骤1: 处理包Lane文库（wkbaleno字段有值的文库）[0m
[32m2026-05-28 21:38:25[0m | [1mINFO    [0m | [1m================================================================================[0m
[32m2026-05-28 21:38:25[0m | [1mINFO    [0m | [1m包Lane文库数: 9[0m
[32m2026-05-28 21:38:25[0m | [1mINFO    [0m | [1m普通文库数: 2875[0m
[32m2026-05-28 21:38:25[0m | [1mINFO    [0m | [1m
使用PackageLaneScheduler处理包Lane文库...[0m
[32m2026-05-28 21:38:25[0m | [33m[1mWARNING [0m | [33m[1mPooling配置表不存在: /data/work/yuyongpeng/liblane_v2_deepseek/data/wktype_pooling_config.xlsx，将使用默认策略[0m
[32m2026-05-28 21:38:25[0m | [1mINFO    [0m | [1m产出效率修正表不存在: /data/work/yuyongpeng/liblane_v2_deepseek/data/production_efficiency_correction.csv，跳过后校准[0m
[32m2026-05-28 21:38:25[0m | [33m[1mWARNING [0m | [33m[1m模型文件不存在: models/loutput_pre_lane_v5/lightgbm_model.pkl[0m
[32m2026-05-28 21:38:25[0m | [33m[1mWARNING [0m | [33m[1mloutput预测器不可用，将使用规则降级策略[0m
[32m2026-05-28 21:38:25[0m | [1mINFO    [0m | [1m包Lane/FC排机程序初始化完成[0m
[32m2026-05-28 21:38:25[0m | [1mINFO    [0m | [1m============================================================[0m
[32m2026-05-28 21:38:25[0m | [1mINFO    [0m | [1m 开始包Lane/FC排机[0m
[32m2026-05-28 21:38:25[0m | [1mINFO    [0m | [1m============================================================[0m
[32m2026-05-28 21:38:25[0m | [1mINFO    [0m | [1m待排机文库总数: 9[0m
[32m2026-05-28 21:38:25[0m | [1mINFO    [0m | [1m  包Lane文库: 9[0m
[32m2026-05-28 21:38:25[0m | [1mINFO    [0m | [1m  Lane ID文库: 0[0m
[32m2026-05-28 21:38:25[0m | [1mINFO    [0m | [1m  包FC文库: 0[0m
[32m2026-05-28 21:38:25[0m | [1mINFO    [0m | [1m  RunCycle文库: 0[0m
[32m2026-05-28 21:38:25[0m | [1mINFO    [0m | [1m  普通文库: 0[0m
[32m2026-05-28 21:38:25[0m | [1mINFO    [0m | [1m------------------------------------------------------------[0m
[32m2026-05-28 21:38:25[0m | [1mINFO    [0m | [1m 包Lane/FC排机结果:[0m
[32m2026-05-28 21:38:25[0m | [1mINFO    [0m | [1m  生成Run数: 0[0m
[32m2026-05-28 21:38:25[0m | [1mINFO    [0m | [1m  生成Lane数: 0[0m
[32m2026-05-28 21:38:25[0m | [1mINFO    [0m | [1m  排机文库数: 0[0m
[32m2026-05-28 21:38:25[0m | [1mINFO    [0m | [1m  剩余文库数: 9[0m
[32m2026-05-28 21:38:25[0m | [1mINFO    [0m | [1m  失败包数: 2[0m
[32m2026-05-28 21:38:25[0m | [1mINFO    [0m | [1m    - package_lane_C2611048543: 有效数据量990.00G(合同990.00G+平衡0.00G)不在允许范围999.99G-1000.01G内，规则=package_lane_capacity[0m
[32m2026-05-28 21:38:25[0m | [1mINFO    [0m | [1m    - package_lane_C2611048542: 有效数据量495.00G(合同495.00G+平衡0.00G)不在允许范围999.99G-1000.01G内，规则=package_lane_capacity[0m
[32m2026-05-28 21:38:25[0m | [1mINFO    [0m | [1m============================================================[0m
[32m2026-05-28 21:38:25[0m | [1mINFO    [0m | [1m包Lane处理结果:[0m
[32m2026-05-28 21:38:25[0m | [1mINFO    [0m | [1m  - 成功生成Run数: 0[0m
[32m2026-05-28 21:38:25[0m | [1mINFO    [0m | [1m  - 成功生成Lane数: 0[0m
[32m2026-05-28 21:38:25[0m | [1mINFO    [0m | [1m  - 已分配文库数: 0[0m
[32m2026-05-28 21:38:25[0m | [1mINFO    [0m | [1m  - 失败包数: 2[0m
[32m2026-05-28 21:38:25[0m | [1mINFO    [0m | [1m  - 剩余未分配: 9[0m
[32m2026-05-28 21:38:25[0m | [33m[1mWARNING [0m | [33m[1m包Lane失败文库保持未分配，不进入普通排机: 9个文库，2个失败包[0m
[32m2026-05-28 21:38:25[0m | [1mINFO    [0m | [1m
包Lane处理完成，形成0条包Lane[0m
[32m2026-05-28 21:38:25[0m | [1mINFO    [0m | [1m剩余2875个文库进入普通排机流程[0m
[32m2026-05-28 21:38:25[0m | [1mINFO    [0m | [1m
================================================================================[0m
[32m2026-05-28 21:38:25[0m | [1mINFO    [0m | [1m步骤1.2: 处理10+24 Lane seq文库[0m
[32m2026-05-28 21:38:25[0m | [1mINFO    [0m | [1m================================================================================[0m
[32m2026-05-28 21:38:25[0m | [33m[1mWARNING [0m | [33m[1m10+24 Lane seq剩余9个文库未成Lane[0m
[32m2026-05-28 21:38:25[0m | [1mINFO    [0m | [1m10+24 Lane seq处理完成: 输入文库=9, 生成Lane=0, 未分配=9[0m
[32m2026-05-28 21:38:25[0m | [1mINFO    [0m | [1mIndex校验器初始化完成（真实数据验证版本）[0m
[32m2026-05-28 21:38:25[0m | [1mINFO    [0m | [1m成Lane校验程序初始化完成 (严格模式: True, 碱基不均衡上限: 35%, 特殊文库关键词: 9个)[0m
[32m2026-05-28 21:38:25[0m | [1mINFO    [0m | [1m
================================================================================[0m
[32m2026-05-28 21:38:25[0m | [1mINFO    [0m | [1m步骤1.3: 1.1前碱基不均衡专Lane预抽取[0m
[32m2026-05-28 21:38:25[0m | [1mINFO    [0m | [1m================================================================================[0m
[32m2026-05-28 21:38:25[0m | [1mINFO    [0m | [1m步骤1.3 G53/G54组合碱基不均1.1专Lane未成Lane: group=G54, 候选30个/2358.5G, 贪心选择18个/2102.8G, 下限1995.0G[0m
[32m2026-05-28 21:38:25[0m | [1mINFO    [0m | [1mIndex校验器初始化完成（真实数据验证版本）[0m
[32m2026-05-28 21:38:25[0m | [1mINFO    [0m | [1m成Lane校验程序初始化完成 (严格模式: True, 碱基不均衡上限: 35%, 特殊文库关键词: 9个)[0m
[32m2026-05-28 21:38:25[0m | [33m[1mWARNING [0m | [33m[1mPooling配置表不存在: /data/work/yuyongpeng/liblane_v2_deepseek/data/wktype_pooling_config.xlsx，将使用默认策略[0m
[32m2026-05-28 21:38:25[0m | [1mINFO    [0m | [1m产出效率修正表不存在: /data/work/yuyongpeng/liblane_v2_deepseek/data/production_efficiency_correction.csv，跳过后校准[0m
[32m2026-05-28 21:38:25[0m | [33m[1mWARNING [0m | [33m[1m模型文件不存在: models/loutput_pre_lane_v5/lightgbm_model.pkl[0m
[32m2026-05-28 21:38:25[0m | [33m[1mWARNING [0m | [33m[1mloutput预测器不可用，将使用规则降级策略[0m
[32m2026-05-28 21:38:25[0m | [1mINFO    [0m | [1m逐Lane贪心排机器初始化完成 - 基础容量: 985.0GB, 利用率区间: [100%, 100%], 配置模式: 按机型自动[0m
[32m2026-05-28 21:38:25[0m | [1mINFO    [0m | [1m启用检查: Index=True, 碱基不均衡=True, 规则检查器=False[0m
[32m2026-05-28 21:38:25[0m | [1mINFO    [0m | [1m专用Lane分组G50剩余合同量82.5G无法满足1.1或3.6T-NEW有效容量下限[0m
[32m2026-05-28 21:38:25[0m | [1mINFO    [0m | [1m专用Lane分组G25剩余合同量190.0G无法满足1.1或3.6T-NEW有效容量下限[0m
[32m2026-05-28 21:38:25[0m | [1mINFO    [0m | [1m专用Lane分组G29剩余合同量273.0G无法满足1.1或3.6T-NEW有效容量下限[0m
[32m2026-05-28 21:38:25[0m | [1mINFO    [0m | [1m专用Lane分组G31剩余合同量121.3G无法满足1.1或3.6T-NEW有效容量下限[0m
[32m2026-05-28 21:38:25[0m | [1mINFO    [0m | [1m专用Lane分组G36剩余合同量14.6G无法满足1.1或3.6T-NEW有效容量下限[0m
[32m2026-05-28 21:38:25[0m | [1mINFO    [0m | [1m专用Lane分组G33剩余合同量110.0G无法满足1.1或3.6T-NEW有效容量下限[0m
[32m2026-05-28 21:38:25[0m | [1mINFO    [0m | [1m专用Lane分组G4剩余合同量115.0G无法满足1.1或3.6T-NEW有效容量下限[0m
[32m2026-05-28 21:38:25[0m | [1mINFO    [0m | [1m专用Lane分组G24剩余合同量15.0G无法满足1.1或3.6T-NEW有效容量下限[0m
[32m2026-05-28 21:38:25[0m | [1mINFO    [0m | [1m专用Lane分组G6剩余合同量210.0G无法满足1.1或3.6T-NEW有效容量下限[0m
[32m2026-05-28 21:38:25[0m | [1mINFO    [0m | [1m专用Lane分组G22剩余合同量9.0G无法满足1.1或3.6T-NEW有效容量下限[0m
[32m2026-05-28 21:38:25[0m | [1mINFO    [0m | [1m专用Lane分组G35剩余合同量6.9G无法满足1.1或3.6T-NEW有效容量下限[0m
[32m2026-05-28 21:38:25[0m | [1mINFO    [0m | [1m专用Lane分组G52剩余合同量10.0G无法满足1.1或3.6T-NEW有效容量下限[0m
[32m2026-05-28 21:38:25[0m | [1mINFO    [0m | [1m专用Lane分组G5剩余合同量5.0G无法满足1.1或3.6T-NEW有效容量下限[0m
[32m2026-05-28 21:38:25[0m | [1mINFO    [0m | [1m1.1前碱基不均衡专Lane预抽取完成: 生成Lane=0, 剩余进入1.1普通尝试文库=2866[0m
[32m2026-05-28 21:38:25[0m | [1mINFO    [0m | [1m
================================================================================[0m
[32m2026-05-28 21:38:25[0m | [1mINFO    [0m | [1m步骤1.4: 1.1前客户文库纯Lane预抽取[0m
[32m2026-05-28 21:38:25[0m | [1mINFO    [0m | [1m================================================================================[0m
[32m2026-05-28 21:38:43[0m | [1mINFO    [0m | [1m1.1前客户文库纯Lane预抽取完成: 生成Lane=0, 消耗文库=0, 剩余进入1.1普通尝试文库=2866[0m
[32m2026-05-28 21:38:43[0m | [1mINFO    [0m | [1m
================================================================================[0m
[32m2026-05-28 21:38:43[0m | [1mINFO    [0m | [1m步骤1.5: 1.1首轮排机[0m
[32m2026-05-28 21:38:43[0m | [1mINFO    [0m | [1m================================================================================[0m
[32m2026-05-28 21:38:43[0m | [1mINFO    [0m | [1m命中拆分规则且当前合同量>500G的原始文库2个：从1.1候选池移出，保留到3.6T-NEW流程拆分与排机[0m
[32m2026-05-28 21:38:43[0m | [1mINFO    [0m | [1m步骤1.5-1: 1.1首轮使用剩余未成Lane全集，候选2864个文库[0m
[32m2026-05-28 21:38:43[0m | [1mINFO    [0m | [1m1.1首轮策略: expensive_rescue=True, peak_window_mixed=False, post_fill_optimization=True, rule_bucket_prescheduling=True[0m
[32m2026-05-28 21:38:43[0m | [1mINFO    [0m | [1m
================================================================================[0m
[32m2026-05-28 21:38:43[0m | [1mINFO    [0m | [1m排机流程：纯规则排机[0m
[32m2026-05-28 21:38:43[0m | [1mINFO    [0m | [1m================================================================================[0m
[32m2026-05-28 21:38:43[0m | [1mINFO    [0m | [1mIndex校验器初始化完成（真实数据验证版本）[0m
[32m2026-05-28 21:38:43[0m | [1mINFO    [0m | [1m成Lane校验程序初始化完成 (严格模式: True, 碱基不均衡上限: 35%, 特殊文库关键词: 9个)[0m
[32m2026-05-28 21:38:43[0m | [33m[1mWARNING [0m | [33m[1mPooling配置表不存在: /data/work/yuyongpeng/liblane_v2_deepseek/data/wktype_pooling_config.xlsx，将使用默认策略[0m
[32m2026-05-28 21:38:43[0m | [1mINFO    [0m | [1m产出效率修正表不存在: /data/work/yuyongpeng/liblane_v2_deepseek/data/production_efficiency_correction.csv，跳过后校准[0m
[32m2026-05-28 21:38:43[0m | [33m[1mWARNING [0m | [33m[1m模型文件不存在: models/loutput_pre_lane_v5/lightgbm_model.pkl[0m
[32m2026-05-28 21:38:43[0m | [33m[1mWARNING [0m | [33m[1mloutput预测器不可用，将使用规则降级策略[0m
[32m2026-05-28 21:38:43[0m | [1mINFO    [0m | [1m逐Lane贪心排机器初始化完成 - 基础容量: 985.0GB, 利用率区间: [100%, 100%], 配置模式: 按机型自动[0m
[32m2026-05-28 21:38:43[0m | [1mINFO    [0m | [1m启用检查: Index=True, 碱基不均衡=True, 规则检查器=False[0m
[32m2026-05-28 21:38:43[0m | [1mINFO    [0m | [1m排机阶段：Pooling优化器已禁用（V6流程不需要）[0m
[32m2026-05-28 21:38:43[0m | [1mINFO    [0m | [1m成Lane校验程序初始化完成 (严格模式: True, 碱基不均衡上限: 35%, 特殊文库关键词: 9个)[0m
[32m2026-05-28 21:38:43[0m | [1mINFO    [0m | [1m严格校验容量区间改为按统一配置表动态解析[0m
[32m2026-05-28 21:38:44[0m | [1mINFO    [0m | [1m主流程前置拆分完成: 无需拆分[0m
[32m2026-05-28 21:38:44[0m | [1mINFO    [0m | [1mPeak窗口混排预构Lane已按调用方要求关闭[0m
[32m2026-05-28 21:38:44[0m | [1mINFO    [0m | [1m主流程规则分桶预调度: bucket=manual_or_risk:HONG KONG-CUHK-PROF YU JUN-LIU YALI-912 HUMAN WES-15G-WOBI-AMEA2026050721|S|外显子文库|NA|MANUAL_RISK, count=38, data=2280.0G[0m
[32m2026-05-28 21:38:44[0m | [1mINFO    [0m | [1m开始逐Lane贪心排机 - 文库数: 38[0m
[32m2026-05-28 21:38:44[0m | [1mINFO    [0m | [1m预拆分完成: 使用外层已拆分文库[0m
[32m2026-05-28 21:38:44[0m | [1mINFO    [0m | [1m===== 批次全局分析报告 =====[0m
[32m2026-05-28 21:38:44[0m | [1mINFO    [0m | [1m机器类型: Nova X-25B[0m
[32m2026-05-28 21:38:44[0m | [1mINFO    [0m | [1m文库总数: 38[0m
[32m2026-05-28 21:38:44[0m | [1mINFO    [0m | [1m总数据量: 2280.0 GB[0m
[32m2026-05-28 21:38:44[0m | [1mINFO    [0m | [1m预估Lane数: 2~2[0m
[32m2026-05-28 21:38:44[0m | [1mINFO    [0m | [1m--- 特征标记 ---[0m
[32m2026-05-28 21:38:44[0m | [1mINFO    [0m | [1m  包Lane文库: 无[0m
[32m2026-05-28 21:38:44[0m | [1mINFO    [0m | [1m  碱基不均衡: 无[0m
[32m2026-05-28 21:38:44[0m | [1mINFO    [0m | [1m  客户文库:   无[0m
[32m2026-05-28 21:38:44[0m | [1mINFO    [0m | [1m  10bp文库:   无[0m
[32m2026-05-28 21:38:44[0m | [1mINFO    [0m | [1m  非10bp文库: 有[0m
[32m2026-05-28 21:38:44[0m | [1mINFO    [0m | [1m  特殊组合:   无[0m
[32m2026-05-28 21:38:44[0m | [1mINFO    [0m | [1m--- 分组画像 ---[0m
[32m2026-05-28 21:38:44[0m | [1mINFO    [0m | [1m  [non_10bp] 非10碱基文库: 38个文库, 2280.0GB, 预估2~2条Lane[0m
[32m2026-05-28 21:38:44[0m | [1mINFO    [0m | [1m  [all] 全部文库: 38个文库, 2280.0GB, 预估2~2条Lane[0m
[32m2026-05-28 21:38:44[0m | [1mINFO    [0m | [1m--- 专用Lane推荐 ---[0m
[32m2026-05-28 21:38:44[0m | [1mINFO    [0m | [1m  [non_10bp] 非10bp文库集中排入专用Lane，避免触发10bp>=40%混排规则 - 约1条Lane, 2280.0GB, 置信度: medium[0m
[32m2026-05-28 21:38:44[0m | [1mINFO    [0m | [1m--- 尾部风险 ---[0m
[32m2026-05-28 21:38:44[0m | [1mINFO    [0m | [1m  [non_10bp] 非10碱基文库排完整Lane后剩余185.0GB，不足半Lane(1048GB)，需要大文库骨架携带或混入散样Lane - 185.0GB, 38个, 严重程度: high[0m
[32m2026-05-28 21:38:44[0m | [1mINFO    [0m | [1m--- 策略建议 ---[0m
[32m2026-05-28 21:38:44[0m | [1mINFO    [0m | [1m  - 非10bp文库建议走专用Lane，避免10bp>=40%混排红线[0m
[32m2026-05-28 21:38:44[0m | [1mINFO    [0m | [1m  - 存在1个高风险尾部分组，建议启用骨架预留(大带小)[0m
[32m2026-05-28 21:38:44[0m | [1mINFO    [0m | [1m===== 报告结束 =====[0m
[32m2026-05-28 21:38:44[0m | [1mINFO    [0m | [1m保留外部传入的策略执行计划，仅使用批次分析报告[0m
[32m2026-05-28 21:38:44[0m | [1mINFO    [0m | [1m处理机器类型 Nova X-25B - 文库数: 38 - Lane容量: 1050.0GB, 利用率区间: [100%, 100%], 特殊文库上限: 350GB[0m
[32m2026-05-28 21:38:44[0m | [1mINFO    [0m | [1m第二轮排机: 38 个未分配文库（随机顺序）[0m
[32m2026-05-28 21:38:44[0m | [1mINFO    [0m | [1m第三轮排机: 38 个未分配文库（小文库优先）[0m
[32m2026-05-28 21:38:44[0m | [1mINFO    [0m | [1m连续5轮无新Lane且未分配池不变，提前结束无效重试[0m
[32m2026-05-28 21:38:44[0m | [1mINFO    [0m | [1m逐Lane贪心排机完成 - Lane数: 0, 已分配: 0/38, 未分配: 38, 平均利用率: 0.0%, 耗时: 0.13秒[0m
[32m2026-05-28 21:38:44[0m | [1mINFO    [0m | [1m成Lane校验程序初始化完成 (严格模式: False, 碱基不均衡上限: 35%, 特殊文库关键词: 9个)[0m
[32m2026-05-28 21:38:44[0m | [1mINFO    [0m | [1m最终验证结果: 0条Lane通过，38个文库未分配[0m
[32m2026-05-28 21:38:44[0m | [1mINFO    [0m | [1m主流程规则分桶跳过: bucket=manual_or_risk:中肿-贾卫华组自建库测序QC分析技术服务（委托）合同|S|客户-人重测序文库|NA|CUSTOMER+MANUAL_RISK, count=86, reason=总量860.0G低于最小门槛2095.0G[0m
[32m2026-05-28 21:38:44[0m | [1mINFO    [0m | [1m主流程规则分桶跳过: bucket=manual_or_risk:中肿纯自建库测序QC分析技术服务（委托）合同|S|客户-METHYLATION文库|NA|CUSTOMER+MANUAL_RISK+IMBALANCE, count=28, reason=总量840.0G低于最小门槛2095.0G[0m
[32m2026-05-28 21:38:44[0m | [1mINFO    [0m | [1m主流程规则分桶跳过: bucket=manual_or_risk:厦大712个去 GLOBIN去核糖体建 INC 文库测序技术服务（委托）合同|S|LNC非互作文库|NA|MANUAL_RISK, count=56, reason=总量560.0G低于最小门槛2095.0G[0m
[32m2026-05-28 21:38:44[0m | [1mINFO    [0m | [1m主流程规则分桶跳过: bucket=manual_or_risk:自建库测序服务（委托）合同|S|客户-METHYLATION文库|NA|CUSTOMER+MANUAL_RISK+IMBALANCE, count=12, reason=总量290.0G低于最小门槛2095.0G[0m
[32m2026-05-28 21:38:44[0m | [1mINFO    [0m | [1m主流程规则分桶跳过: bucket=manual_or_risk:【科研】云舟生物2026年-PE150自建库年度合作协议分析技术服务（委托）合同|S|客户-PCR产物|NA|CUSTOMER+MANUAL_RISK+IMBALANCE, count=4, reason=总量238.0G低于最小门槛2095.0G[0m
[32m2026-05-28 21:38:44[0m | [1mINFO    [0m | [1m主流程规则分桶跳过: bucket=manual_or_risk:中国科学院动物所NOVA自建库测序技术服务（委托）合同|S|客户-CHIP-SEQ文库|NA|CUSTOMER+MANUAL_RISK, count=34, reason=总量204.0G低于最小门槛2095.0G[0m
[32m2026-05-28 21:38:44[0m | [1mINFO    [0m | [1m主流程规则分桶跳过: bucket=manual_or_risk:苏州大学附属第四医院郭佳妮50个CUTTAG自建库测序技术服务（委托）合同|S|客户-CUT-TAG文库|NA|CUSTOMER+MANUAL_RISK+IMBALANCE, count=17, reason=总量204.0G低于最小门槛2095.0G[0m
[32m2026-05-28 21:38:44[0m | [1mINFO    [0m | [1m主流程规则分桶跳过: bucket=manual_or_risk:TJ-PA-LAS TABLAS-215-HUMAN-WES-X PLUS-12G-WBI-NVUS2025111505|S|外显子文库|NA|MANUAL_RISK, count=4, reason=总量192.0G低于最小门槛2095.0G[0m
[32m2026-05-28 21:38:44[0m | [1mINFO    [0m | [1m主流程规则分桶跳过: bucket=manual_or_risk:北医100例样本自建库测序分析技术服务（委托）合同|S|客户-CUT-TAG文库|NA|CUSTOMER+MANUAL_RISK+IMBALANCE, count=16, reason=总量160.0G低于最小门槛2095.0G[0m
[32m2026-05-28 21:38:44[0m | [1mINFO    [0m | [1m主流程规则分桶跳过: bucket=manual_or_risk:汕头大学医学院于丽君自建库测序（2026）分析技术服务（委托）合同|S|客户-ATAC-SEQ文库|NA|CUSTOMER+MANUAL_RISK+IMBALANCE, count=12, reason=总量144.0G低于最小门槛2095.0G[0m
[32m2026-05-28 21:38:44[0m | [1mINFO    [0m | [1m主流程规则分桶跳过: bucket=manual_or_risk:汕头大学医学院于丽君自建库测序（2026）分析技术服务（委托）合同|S|客户-CUT-TAG文库|NA|CUSTOMER+MANUAL_RISK+IMBALANCE, count=23, reason=总量138.0G低于最小门槛2095.0G[0m
[32m2026-05-28 21:38:44[0m | [1mINFO    [0m | [1m主流程规则分桶跳过: bucket=manual_or_risk:山东第一医科大学36例宏基因组测序分析（10G）技术服务（委托）合同-于文倩|S|DNA小片段文库|NA|MANUAL_RISK, count=15, reason=总量137.0G低于最小门槛2095.0G[0m
[32m2026-05-28 21:38:44[0m | [1mINFO    [0m | [1m主流程规则分桶跳过: bucket=manual_or_risk:TJ-UY-URU-2-HUMAN FFPE-WES-EXTRACTION-NOVASEQXPLUS-60GB-WOBI-NVUS2025110696|S|外显子文库|NA|MANUAL_RISK, count=2, reason=总量120.0G低于最小门槛2095.0G[0m
[32m2026-05-28 21:38:44[0m | [1mINFO    [0m | [1m主流程规则分桶跳过: bucket=manual_or_risk:首医陈萍组自建库测序（2026框架）技术服务（委托）合同|S|客户-CHIP-SEQ文库|NA|CUSTOMER+MANUAL_RISK, count=18, reason=总量108.0G低于最小门槛2095.0G[0m
[32m2026-05-28 21:38:44[0m | [1mINFO    [0m | [1m主流程规则分桶跳过: bucket=manual_or_risk:肇庆市第一人民医院9例外泌体全转录测序分析技术服务（委托）合同|S|外泌体LNCRNA文库(S)|NA|MANUAL_RISK+IMBALANCE, count=9, reason=总量108.0G低于最小门槛2095.0G[0m
[32m2026-05-28 21:38:44[0m | [1mINFO    [0m | [1m主流程规则分桶跳过: bucket=manual_or_risk:血研所17例ILLUMINA自建库测序技术服务（委托）合同|S|客户-其他碱基不均衡文库|NA|CUSTOMER+MANUAL_RISK+IMBALANCE, count=3, reason=总量100.0G低于最小门槛2095.0G[0m
[32m2026-05-28 21:38:44[0m | [1mINFO    [0m | [1m主流程规则分桶跳过: bucket=manual_or_risk:血研所30例墨卓+免疫组库测序分析技术服务（委托）合同|S|墨卓转录组-5端文库|NA|MANUAL_RISK+IMBALANCE, count=1, reason=总量100.0G低于最小门槛2095.0G[0m
[32m2026-05-28 21:38:44[0m | [1mINFO    [0m | [1m主流程规则分桶跳过: bucket=manual_or_risk:南科大RIBO-SEQ+MRNA-SEQ建库测序（含关联分析）技术服务（委托）合同|S|RIBO-SEQ文库|NA|MANUAL_RISK+IMBALANCE, count=8, reason=总量72.0G低于最小门槛2095.0G[0m
[32m2026-05-28 21:38:44[0m | [1mINFO    [0m | [1m主流程规则分桶跳过: bucket=manual_or_risk:基因组所XPLUS自建库测序技术服务（委托）合同ZXS|S|客户-PCR产物/CRISPR|NA|CUSTOMER+MANUAL_RISK+IMBALANCE, count=1, reason=总量70.0G低于最小门槛2095.0G[0m
[32m2026-05-28 21:38:44[0m | [1mINFO    [0m | [1m主流程规则分桶跳过: bucket=manual_or_risk:LZY组自建库测序技术服务合同-XPLUS CLEAN技术服务（委托）合同-26Q2|S|客户-真核普通转录组文库|NA|CUSTOMER+MANUAL_RISK, count=16, reason=总量64.0G低于最小门槛2095.0G[0m
[32m2026-05-28 21:38:44[0m | [1mINFO    [0m | [1m主流程规则分桶跳过: bucket=manual_or_risk:昆动40T自建库测序分析技术服务（委托）合同|S|客户-CUT-TAG文库|NA|CUSTOMER+MANUAL_RISK+IMBALANCE, count=12, reason=总量60.0G低于最小门槛2095.0G[0m
[32m2026-05-28 21:38:44[0m | [1mINFO    [0m | [1m主流程规则分桶跳过: bucket=manual_or_risk:100例PCR产物---PCRFREE建库测序40G技术服务（委托）合同|S|PCR-FREE (PCR产物单建)|NA|MANUAL_RISK+IMBALANCE, count=6, reason=总量60.0G低于最小门槛2095.0G[0m
[32m2026-05-28 21:38:44[0m | [1mINFO    [0m | [1m主流程规则分桶跳过: bucket=manual_or_risk:天津市肿瘤医院自建库测序技术服务（委托）合同-贾泽森|S|客户-CUT-TAG文库|NA|CUSTOMER+MANUAL_RISK+IMBALANCE, count=9, reason=总量54.0G低于最小门槛2095.0G[0m
[32m2026-05-28 21:38:44[0m | [1mINFO    [0m | [1m主流程规则分桶跳过: bucket=manual_or_risk:南昌大学6个拟南芥RIBOSEQ测序分析技术服务（委托）合同|S|RIBO-SEQ文库|NA|MANUAL_RISK+IMBALANCE, count=6, reason=总量54.0G低于最小门槛2095.0G[0m
[32m2026-05-28 21:38:44[0m | [1mINFO    [0m | [1m主流程规则分桶跳过: bucket=manual_or_risk:无锡市人民医院6个翻译组+转录组测序分析技术服务（委托）合同- CYB|S|RIBO-SEQ文库|NA|MANUAL_RISK+IMBALANCE, count=6, reason=总量54.0G低于最小门槛2095.0G[0m
[32m2026-05-28 21:38:44[0m | [1mINFO    [0m | [1m主流程规则分桶跳过: bucket=manual_or_risk:18个全血样本小RNA测序技术服务（委托）合同|S|SMALL RNA文库|NA|MANUAL_RISK, count=17, reason=总量51.0G低于最小门槛2095.0G[0m
[32m2026-05-28 21:38:44[0m | [1mINFO    [0m | [1m主流程规则分桶跳过: bucket=manual_or_risk:【药企】北京哲源-2026年全外显子+转录组建库测序项目分析技术服务（委托）合同|S|外显子文库|NA|MANUAL_RISK, count=1, reason=总量50.0G低于最小门槛2095.0G[0m
[32m2026-05-28 21:38:44[0m | [1mINFO    [0m | [1m主流程规则分桶跳过: bucket=manual_or_risk:神外所60例普通转录组（12G)+500X WES+150X WES测序分析-RXH-2605分析技术服务（委托）合同|S|外显子文库|NA|MANUAL_RISK, count=1, reason=总量50.0G低于最小门槛2095.0G[0m
[32m2026-05-28 21:38:44[0m | [1mINFO    [0m | [1m主流程规则分桶跳过: bucket=manual_or_risk:天津市肿瘤医院自建库测序技术服务（委托）合同-杨鹭|S|客户-CUT-TAG文库|NA|CUSTOMER+MANUAL_RISK+IMBALANCE, count=8, reason=总量48.0G低于最小门槛2095.0G[0m
[32m2026-05-28 21:38:44[0m | [1mINFO    [0m | [1m主流程规则分桶跳过: bucket=manual_or_risk:中国热带农业科学院  重测序+转录组测序技术服务（委托）合同|S|VIP-真核普通转录组文库|NA|MANUAL_RISK, count=22, reason=总量46.3G低于最小门槛2095.0G[0m
[32m2026-05-28 21:38:44[0m | [1mINFO    [0m | [1m主流程规则分桶跳过: bucket=manual_or_risk:25年12月武汉迈维全长转录组（KINNEX）+非编码测序分析技术服务（委托）合同|S|SMALL RNA文库|NA|MANUAL_RISK, count=12, reason=总量36.0G低于最小门槛2095.0G[0m
[32m2026-05-28 21:38:44[0m | [1mINFO    [0m | [1m主流程规则分桶跳过: bucket=manual_or_risk:福建医科大学6个CHIP-SEQ自建库测序分析技术服务（委托）合同|S|客户-CHIP-SEQ文库|NA|CUSTOMER+MANUAL_RISK, count=6, reason=总量36.0G低于最小门槛2095.0G[0m
[32m2026-05-28 21:38:44[0m | [1mINFO    [0m | [1m主流程规则分桶跳过: bucket=manual_or_risk:北京林业大学6个样本转录+RIBO建库测序分析技术服务（委托）合同|S|RIBO-SEQ文库|NA|MANUAL_RISK+IMBALANCE, count=4, reason=总量36.0G低于最小门槛2095.0G[0m
[32m2026-05-28 21:38:44[0m | [1mINFO    [0m | [1m主流程规则分桶跳过: bucket=manual_or_risk:凌恩-25-SMALL RNA建库测序项目技术服务（委托）合同|S|SMALL RNA文库|NA|MANUAL_RISK, count=7, reason=总量35.0G低于最小门槛2095.0G[0m
[32m2026-05-28 21:38:44[0m | [1mINFO    [0m | [1m主流程规则分桶跳过: bucket=manual_or_risk:天津医科大学自建库项目分析技术服务（委托）合同|S|客户-CHIP-SEQ文库|NA|CUSTOMER+MANUAL_RISK, count=2, reason=总量32.0G低于最小门槛2095.0G[0m
[32m2026-05-28 21:38:44[0m | [1mINFO    [0m | [1m主流程规则分桶跳过: bucket=manual_or_risk:2025年深圳晶泰自建库测序分析技术服务（委托）合同|S|客户-PCR产物|NA|CUSTOMER+MANUAL_RISK+IMBALANCE, count=3, reason=总量30.0G低于最小门槛2095.0G[0m
[32m2026-05-28 21:38:44[0m | [1mINFO    [0m | [1m主流程规则分桶跳过: bucket=manual_or_risk:项目100个WES建库测序技术服务（委托）合同|S|外显子文库|NA|MANUAL_RISK, count=1, reason=总量30.0G低于最小门槛2095.0G[0m
[32m2026-05-28 21:38:44[0m | [1mINFO    [0m | [1m主流程规则分桶跳过: bucket=manual_or_risk:海南省人民医院宏基因组建库测序分析技术服务（委托）合同|S|DNA小片段文库|NA|MANUAL_RISK, count=8, reason=总量28.0G低于最小门槛2095.0G[0m
[32m2026-05-28 21:38:44[0m | [1mINFO    [0m | [1m主流程规则分桶跳过: bucket=manual_or_risk:北医吴美璇老师8个样本自建库测序分析技术服务（委托）合同|S|客户-ATAC-SEQ文库|NA|CUSTOMER+MANUAL_RISK+IMBALANCE, count=4, reason=总量24.0G低于最小门槛2095.0G[0m
[32m2026-05-28 21:38:44[0m | [1mINFO    [0m | [1m主流程规则分桶跳过: bucket=manual_or_risk:基础所温达瀚老师（刘玉英组）自建库测序项目协议-2026.4.27|S|客户-CUT-TAG文库|NA|CUSTOMER+MANUAL_RISK+IMBALANCE, count=4, reason=总量24.0G低于最小门槛2095.0G[0m
[32m2026-05-28 21:38:44[0m | [1mINFO    [0m | [1m主流程规则分桶跳过: bucket=manual_or_risk:TJ-ARG-IATTGI-24-HUMAN-WES-NXPLUS PE150-12G-SHIPPING FEE-WOBI-NVUS2026012807|S|外显子文库|NA|MANUAL_RISK, count=1, reason=总量24.0G低于最小门槛2095.0G[0m
[32m2026-05-28 21:38:44[0m | [1mINFO    [0m | [1m主流程规则分桶跳过: bucket=manual_or_risk:MACAU-UM-PROF CHRIS-FOO CHING MAN-1PRELIB-20G-X PLUS-WOBI-AMEA2026051914|S|客户-CHIP-SEQ文库|NA|CUSTOMER+MANUAL_RISK, count=1, reason=总量20.0G低于最小门槛2095.0G[0m
[32m2026-05-28 21:38:44[0m | [1mINFO    [0m | [1m主流程规则分桶跳过: bucket=manual_or_risk:南方医科大学6个SMALLRNA分析技术服务（委托）合同|S|SMALL RNA文库|NA|MANUAL_RISK, count=6, reason=总量18.0G低于最小门槛2095.0G[0m
[32m2026-05-28 21:38:44[0m | [1mINFO    [0m | [1m主流程规则分桶跳过: bucket=manual_or_risk:XPLUS自建库测序20个6G+20个12G分析技术服务（委托）合同|S|客户-CUT-TAG文库|NA|CUSTOMER+MANUAL_RISK+IMBALANCE, count=3, reason=总量18.0G低于最小门槛2095.0G[0m
[32m2026-05-28 21:38:44[0m | [1mINFO    [0m | [1m主流程规则分桶跳过: bucket=manual_or_risk:广州医科大学附属第一医院刘骜楚自建库测序分析技术服务（委托）合同|S|客户-CUT-TAG文库|NA|CUSTOMER+MANUAL_RISK+IMBALANCE, count=3, reason=总量18.0G低于最小门槛2095.0G[0m
[32m2026-05-28 21:38:44[0m | [1mINFO    [0m | [1m主流程规则分桶跳过: bucket=manual_or_risk:新农大66个宏基因组+66个转录+36个扩增子+72个非靶代谢+6个单细胞分析技术服务（委托）合同|S|VIP-真核普通转录组文库|NA|MANUAL_RISK, count=3, reason=总量18.0G低于最小门槛2095.0G[0m
[32m2026-05-28 21:38:44[0m | [1mINFO    [0m | [1m主流程规则分桶跳过: bucket=manual_or_risk:湖大24例转录组测序分析技术服务（委托）合同|S|VIP-真核普通转录组文库|NA|MANUAL_RISK, count=3, reason=总量18.0G低于最小门槛2095.0G[0m
[32m2026-05-28 21:38:44[0m | [1mINFO    [0m | [1m主流程规则分桶跳过: bucket=manual_or_risk:50个ILLUMINA自建库分析技术服务（委托）合同|S|客户-CUT-TAG文库|NA|CUSTOMER+MANUAL_RISK+IMBALANCE, count=2, reason=总量16.0G低于最小门槛2095.0G[0m
[32m2026-05-28 21:38:44[0m | [1mINFO    [0m | [1m主流程规则分桶跳过: bucket=manual_or_risk:SINGAPORE-NUS-CSI-16-EXOSOMAL LNCRNA-12G-XPLUS-WOBI-AMEA2026031625|S|外泌体LNCRNA文库(S)|NA|MANUAL_RISK+IMBALANCE, count=4, reason=总量15.5G低于最小门槛2095.0G[0m
[32m2026-05-28 21:38:44[0m | [1mINFO    [0m | [1m主流程规则分桶跳过: bucket=manual_or_risk:MY-NEXTGENE-475-DNA-GBS 190M RAW BASES-WBI-AMEA2025092513|S|动植物简化基因组文库(GBS子代)|NA|MANUAL_RISK+IMBALANCE, count=3, reason=总量15.0G低于最小门槛2095.0G[0m
[32m2026-05-28 21:38:44[0m | [1mINFO    [0m | [1m主流程规则分桶跳过: bucket=manual_or_risk:广州真诺3000例转录组+外显子技术服务（委托）合同分析技术服务（委托）合同|S|外显子文库|NA|MANUAL_RISK, count=6, reason=总量14.2G低于最小门槛2095.0G[0m
[32m2026-05-28 21:38:44[0m | [1mINFO    [0m | [1m主流程规则分桶跳过: bucket=manual_or_risk:中国科学技术大学20个SMALL RNA建库测序分析技术服务（委托）合同|S|SMALL RNA文库|NA|MANUAL_RISK, count=4, reason=总量12.0G低于最小门槛2095.0G[0m
[32m2026-05-28 21:38:44[0m | [1mINFO    [0m | [1m主流程规则分桶跳过: bucket=manual_or_risk:中肿-自建库测序QC分析技术服务（委托）合同|S|客户-ATAC-SEQ文库|NA|CUSTOMER+MANUAL_RISK+IMBALANCE, count=2, reason=总量12.0G低于最小门槛2095.0G[0m
[32m2026-05-28 21:38:44[0m | [1mINFO    [0m | [1m主流程规则分桶跳过: bucket=manual_or_risk:诸章睿老师4个CUTTAG测序分析技术服务（委托）合同|S|客户-CUT-TAG文库|NA|CUSTOMER+MANUAL_RISK+IMBALANCE, count=2, reason=总量12.0G低于最小门槛2095.0G[0m
[32m2026-05-28 21:38:44[0m | [1mINFO    [0m | [1m主流程规则分桶跳过: bucket=manual_or_risk:长海医院6例医口转录组+3例MERIP微量建库测序分析技术服务（委托）合同|S|低起始量RNA甲基化文库-INPUT(人)|NA|MANUAL_RISK+IMBALANCE, count=2, reason=总量12.0G低于最小门槛2095.0G[0m
[32m2026-05-28 21:38:44[0m | [1mINFO    [0m | [1m主流程规则分桶跳过: bucket=manual_or_risk:长海医院6例医口转录组+3例MERIP微量建库测序分析技术服务（委托）合同|S|低起始量RNA甲基化文库-IP(人)|NA|MANUAL_RISK+IMBALANCE, count=2, reason=总量12.0G低于最小门槛2095.0G[0m
[32m2026-05-28 21:38:44[0m | [1mINFO    [0m | [1m主流程规则分桶跳过: bucket=manual_or_risk:一批RNA样本外泌体SMALL RNA测序分析技术服务（委托）合同|S|外泌体SMALL RNA|NA|MANUAL_RISK+IMBALANCE, count=6, reason=总量11.4G低于最小门槛2095.0G[0m
[32m2026-05-28 21:38:44[0m | [1mINFO    [0m | [1m主流程规则分桶跳过: bucket=manual_or_risk:（极速周期）北大CXM组-XP平台自建库测序分析技术服务（委托）合同|S|客户-全基因组文库|NA|CUSTOMER+MANUAL_RISK, count=2, reason=总量10.0G低于最小门槛2095.0G[0m
[32m2026-05-28 21:38:44[0m | [1mINFO    [0m | [1m主流程规则分桶跳过: bucket=manual_or_risk:2026年武汉序拓NOVAXPLUS自建库测序技术服务（委托）合同|S|客户-ATAC-SEQ文库|NA|CUSTOMER+MANUAL_RISK+IMBALANCE, count=1, reason=总量10.0G低于最小门槛2095.0G[0m
[32m2026-05-28 21:38:44[0m | [1mINFO    [0m | [1m主流程规则分桶跳过: bucket=manual_or_risk:260513-16例RRBS和64例转录组分析技术服务（委托）合同|S|RRBS文库|NA|MANUAL_RISK+IMBALANCE, count=1, reason=总量10.0G低于最小门槛2095.0G[0m
[32m2026-05-28 21:38:44[0m | [1mINFO    [0m | [1m主流程规则分桶跳过: bucket=manual_or_risk:中国科学技术大学4个RNA样本LNCRNA建库测序分析技术服务（委托）合同-LD|S|LNC非互作文库|NA|MANUAL_RISK, count=1, reason=总量10.0G低于最小门槛2095.0G[0m
[32m2026-05-28 21:38:44[0m | [1mINFO    [0m | [1m主流程规则分桶跳过: bucket=manual_or_risk:浙江大学600个样本外显子建库测序X技术服务（委托）合同|S|外显子文库|NA|MANUAL_RISK, count=1, reason=总量10.0G低于最小门槛2095.0G[0m
[32m2026-05-28 21:38:44[0m | [1mINFO    [0m | [1m主流程规则分桶跳过: bucket=manual_or_risk:苏州大学附属第一医院王芜萱12个样本转录组+DEEP DIA蛋白组和6个RIBO-SEQ分析技术服务（委托）合同|S|RIBO-SEQ文库|NA|MANUAL_RISK+IMBALANCE, count=1, reason=总量10.0G低于最小门槛2095.0G[0m
[32m2026-05-28 21:38:44[0m | [1mINFO    [0m | [1m主流程规则分桶跳过: bucket=manual_or_risk:首医创新平台自建库测序分析技术服务（委托）合同|S|客户-其他碱基不均衡文库|NA|CUSTOMER+MANUAL_RISK+IMBALANCE, count=1, reason=总量10.0G低于最小门槛2095.0G[0m
[32m2026-05-28 21:38:44[0m | [1mINFO    [0m | [1m主流程规则分桶跳过: bucket=manual_or_risk:药企百奥赛图26年年框分析技术服务（委托）合同|S|VIP-真核普通转录组文库|NA|MANUAL_RISK, count=9, reason=总量9.0G低于最小门槛2095.0G[0m
[32m2026-05-28 21:38:44[0m | [1mINFO    [0m | [1m主流程规则分桶跳过: bucket=manual_or_risk:30个转录组分析技术服务（委托）合同-0509|S|VIP-真核普通转录组文库|NA|MANUAL_RISK, count=3, reason=总量9.0G低于最小门槛2095.0G[0m
[32m2026-05-28 21:38:44[0m | [1mINFO    [0m | [1m主流程规则分桶跳过: bucket=manual_or_risk:大连市皮肤病医院MRNA+SMALL RNA测序分析技术服务（委托）合同|S|SMALL RNA文库|NA|MANUAL_RISK, count=3, reason=总量9.0G低于最小门槛2095.0G[0m
[32m2026-05-28 21:38:44[0m | [1mINFO    [0m | [1m主流程规则分桶跳过: bucket=manual_or_risk:吉林农业大学12个蓝狐皮肤+脂肪组织转录组（7G）测序技术服务（委托）合同|S|VIP-真核普通转录组文库|NA|MANUAL_RISK, count=12, reason=总量8.9G低于最小门槛2095.0G[0m
[32m2026-05-28 21:38:44[0m | [1mINFO    [0m | [1m主流程规则分桶跳过: bucket=manual_or_risk:血研所600例自建库测序分析技术服务（委托）合同|S|客户-METHYLATION文库|NA|CUSTOMER+MANUAL_RISK+IMBALANCE, count=8, reason=总量8.0G低于最小门槛2095.0G[0m
[32m2026-05-28 21:38:44[0m | [1mINFO    [0m | [1m主流程规则分桶跳过: bucket=manual_or_risk:东北农大100个自建库分析技术服务（委托）合同|S|客户-扩增子文库|NA|CUSTOMER+MANUAL_RISK+IMBALANCE, count=4, reason=总量7.2G低于最小门槛2095.0G[0m
[32m2026-05-28 21:38:44[0m | [1mINFO    [0m | [1m主流程规则分桶跳过: bucket=manual_or_risk:黄海所100个DNA甲基化和100个T7有参转录组测序分析-LM分析技术服务（委托）合同|S|微量 (METHYLATION文库)|NA|MANUAL_RISK+IMBALANCE, count=2, reason=总量6.9G低于最小门槛2095.0G[0m
[32m2026-05-28 21:38:44[0m | [1mINFO    [0m | [1m主流程规则分桶跳过: bucket=manual_or_risk:刘老师组散样文库 ILLUMINA PE150 X 平台测序、组织样本链特转录组建库测序及质控分析技术服务（委托）合同|S|客户-PCR产物/CRISPR|NA|SCATTERED+CUSTOMER+MANUAL_RISK+IMBALANCE, count=3, reason=总量6.5G低于最小门槛2095.0G[0m
[32m2026-05-28 21:38:44[0m | [1mINFO    [0m | [1m主流程规则分桶跳过: bucket=manual_or_risk:（极速周期）北大SY-自建库XPLUS测序技术服务（委托）合同|S|客户-扩增子文库|NA|CUSTOMER+MANUAL_RISK+IMBALANCE, count=1, reason=总量6.4G低于最小门槛2095.0G[0m
[32m2026-05-28 21:38:44[0m | [1mINFO    [0m | [1m主流程规则分桶跳过: bucket=manual_or_risk:40个ILLUMINA自建库测序分析分析技术服务（委托）合同|S|客户-CUT-TAG文库|NA|CUSTOMER+MANUAL_RISK+IMBALANCE, count=1, reason=总量6.0G低于最小门槛2095.0G[0m
[32m2026-05-28 21:38:44[0m | [1mINFO    [0m | [1m主流程规则分桶跳过: bucket=manual_or_risk:BZ-MX-UNAM-107-HUMAN-WES-XPLUS-12G-WBI-STD-NVUS2025032115|S|外显子文库|NA|MANUAL_RISK, count=1, reason=总量6.0G低于最小门槛2095.0G[0m
[32m2026-05-28 21:38:44[0m | [1mINFO    [0m | [1m主流程规则分桶跳过: bucket=manual_or_risk:中国科学技术大学6个自建库测序分析技术服务（委托）合同|S|客户-CUT-TAG文库|NA|CUSTOMER+MANUAL_RISK+IMBALANCE, count=1, reason=总量6.0G低于最小门槛2095.0G[0m
[32m2026-05-28 21:38:44[0m | [1mINFO    [0m | [1m主流程规则分桶跳过: bucket=manual_or_risk:华中农业大学8个CHIP SEQ样本自建库测序分析技术服务（委托）合同|S|客户-CHIP-SEQ文库|NA|CUSTOMER+MANUAL_RISK, count=1, reason=总量6.0G低于最小门槛2095.0G[0m
[32m2026-05-28 21:38:44[0m | [1mINFO    [0m | [1m主流程规则分桶跳过: bucket=manual_or_risk:天津医科大学自建库项目分析技术服务（委托）合同|S|客户-CUT-TAG文库|NA|CUSTOMER+MANUAL_RISK+IMBALANCE, count=1, reason=总量6.0G低于最小门槛2095.0G[0m
[32m2026-05-28 21:38:44[0m | [1mINFO    [0m | [1m主流程规则分桶跳过: bucket=manual_or_risk:天津市肿瘤医院10例自建库测序技术服务（委托）合同-陈敏|S|客户-CUT-TAG文库|NA|CUSTOMER+MANUAL_RISK+IMBALANCE, count=1, reason=总量6.0G低于最小门槛2095.0G[0m
[32m2026-05-28 21:38:44[0m | [1mINFO    [0m | [1m主流程规则分桶跳过: bucket=manual_or_risk:山东大学100例样本的自建库仅测序-周婵分析技术服务（委托）合同|S|客户-CUT-TAG文库|NA|CUSTOMER+MANUAL_RISK+IMBALANCE, count=1, reason=总量6.0G低于最小门槛2095.0G[0m
[32m2026-05-28 21:38:44[0m | [1mINFO    [0m | [1m主流程规则分桶跳过: bucket=manual_or_risk:无锡市人民医院6个CUT自建库测序分析分析技术服务（委托）合同- XDX|S|客户-CUT-TAG文库|NA|CUSTOMER+MANUAL_RISK+IMBALANCE, count=1, reason=总量6.0G低于最小门槛2095.0G[0m
[32m2026-05-28 21:38:44[0m | [1mINFO    [0m | [1m主流程规则分桶跳过: bucket=manual_or_risk:武汉轻工大学100个核酸建库测序+扩增子和宏基因组分析技术服务（委托）合同|S|DNA小片段文库|NA|MANUAL_RISK, count=1, reason=总量6.0G低于最小门槛2095.0G[0m
[32m2026-05-28 21:38:44[0m | [1mINFO    [0m | [1m主流程规则分桶跳过: bucket=manual_or_risk:湘湖实验室100个CUT&TAG文库自建库技术服务（委托）合同|S|客户-CUT-TAG文库|NA|CUSTOMER+MANUAL_RISK+IMBALANCE, count=1, reason=总量6.0G低于最小门槛2095.0G[0m
[32m2026-05-28 21:38:44[0m | [1mINFO    [0m | [1m主流程规则分桶跳过: bucket=manual_or_risk:贵州烟科院补油菜RIBO，M6A及链特异转录分析技术服务（委托）合同|S|RNA甲基化文库-INPUT|NA|MANUAL_RISK+IMBALANCE, count=1, reason=总量6.0G低于最小门槛2095.0G[0m
[32m2026-05-28 21:38:44[0m | [1mINFO    [0m | [1m主流程规则分桶跳过: bucket=manual_or_risk:贵州烟科院补油菜RIBO，M6A及链特异转录分析技术服务（委托）合同|S|RNA甲基化文库-IP|NA|MANUAL_RISK+IMBALANCE, count=1, reason=总量6.0G低于最小门槛2095.0G[0m
[32m2026-05-28 21:38:44[0m | [1mINFO    [0m | [1m主流程规则分桶跳过: bucket=manual_or_risk:（极速周期）北生所ZXY200例自建库测序技术服务（委托）合同|S|客户-CUT-TAG文库|NA|CUSTOMER+MANUAL_RISK+IMBALANCE, count=1, reason=总量6.0G低于最小门槛2095.0G[0m
[32m2026-05-28 21:38:44[0m | [1mINFO    [0m | [1m主流程规则分桶跳过: bucket=manual_or_risk:SD_自建库及PCR-FREE文库测序质控分析技术服务（委托）合同|S|客户-PCR产物|NA|CUSTOMER+MANUAL_RISK+IMBALANCE, count=5, reason=总量5.0G低于最小门槛2095.0G[0m
[32m2026-05-28 21:38:44[0m | [1mINFO    [0m | [1m主流程规则分桶跳过: bucket=manual_or_risk:（极速周期）华农张老师一批 LNC RNA建库测序分析技术服务（委托）合同|S|LNC非互作文库|NA|MANUAL_RISK, count=1, reason=总量5.0G低于最小门槛2095.0G[0m
[32m2026-05-28 21:38:44[0m | [1mINFO    [0m | [1m主流程规则分桶跳过: bucket=manual_or_risk:100样 XPLUS自建库测序技术服务（委托）合同|S|客户-全基因组文库|NA|CUSTOMER+MANUAL_RISK, count=4, reason=总量4.9G低于最小门槛2095.0G[0m
[32m2026-05-28 21:38:44[0m | [1mINFO    [0m | [1m主流程规则分桶跳过: bucket=manual_or_risk:解放军总医院62例转录组高级分析分析技术服务（委托）合同|S|VIP-真核普通转录组文库|NA|MANUAL_RISK, count=1, reason=总量4.4G低于最小门槛2095.0G[0m
[32m2026-05-28 21:38:44[0m | [1mINFO    [0m | [1m主流程规则分桶跳过: bucket=manual_or_risk:河北农业大学54个杨树转录组测序分析技术服务（委托）合同|S|VIP-真核普通转录组文库|NA|MANUAL_RISK, count=1, reason=总量4.1G低于最小门槛2095.0G[0m
[32m2026-05-28 21:38:44[0m | [1mINFO    [0m | [1m主流程规则分桶跳过: bucket=manual_or_risk:海洋三所2个自建库分析技术服务（委托）合同|S|客户-PCR产物/CRISPR|NA|CUSTOMER+MANUAL_RISK+IMBALANCE, count=2, reason=总量4.0G低于最小门槛2095.0G[0m
[32m2026-05-28 21:38:44[0m | [1mINFO    [0m | [1m主流程规则分桶跳过: bucket=manual_or_risk:5000个样本宏转录提取纯化建库测序技术服务（委托）合同|S|宏转录组|NA|MANUAL_RISK, count=1, reason=总量4.0G低于最小门槛2095.0G[0m
[32m2026-05-28 21:38:44[0m | [1mINFO    [0m | [1m主流程规则分桶跳过: bucket=manual_or_risk:神外所13例共提取+13例普通转录组建库测序+31例100XWES建库测序-SJ-2605分析技术服务（委托）合同|S|外显子文库|NA|MANUAL_RISK, count=1, reason=总量3.1G低于最小门槛2095.0G[0m
[32m2026-05-28 21:38:44[0m | [1mINFO    [0m | [1m主流程规则分桶跳过: bucket=manual_or_risk:186例样本转录组测序分析技术服务（委托）合同-CBB|S|VIP-真核普通转录组文库|NA|MANUAL_RISK, count=1, reason=总量3.0G低于最小门槛2095.0G[0m
[32m2026-05-28 21:38:44[0m | [1mINFO    [0m | [1m主流程规则分桶跳过: bucket=manual_or_risk:30例两库全转测序分析技术服务（委托）合同-HJL|S|SMALL RNA文库|NA|MANUAL_RISK, count=1, reason=总量3.0G低于最小门槛2095.0G[0m
[32m2026-05-28 21:38:44[0m | [1mINFO    [0m | [1m主流程规则分桶跳过: bucket=manual_or_risk:320个样本转录组技术服务合同分析技术服务（委托）合同|S|VIP-真核普通转录组文库|NA|MANUAL_RISK, count=1, reason=总量3.0G低于最小门槛2095.0G[0m
[32m2026-05-28 21:38:44[0m | [1mINFO    [0m | [1m主流程规则分桶跳过: bucket=manual_or_risk:XB_普通转录组XPLUS测序分析技术服务（委托）合同|S|VIP-真核普通转录组文库|NA|MANUAL_RISK, count=1, reason=总量3.0G低于最小门槛2095.0G[0m
[32m2026-05-28 21:38:44[0m | [1mINFO    [0m | [1m主流程规则分桶跳过: bucket=manual_or_risk:同济妇肿兀紫梦博士30个自建库测序和30个医口转录组和12个细胞ATAC建库测序和30个外显子建库测序技术服务（委托）合同|S|VIP-真核普通转录组文库|NA|MANUAL_RISK, count=1, reason=总量3.0G低于最小门槛2095.0G[0m
[32m2026-05-28 21:38:44[0m | [1mINFO    [0m | [1m主流程规则分桶跳过: bucket=manual_or_risk:四川农业大学500个样本小RNA测序分析技术服务（委托）合同|S|SMALL RNA文库|NA|MANUAL_RISK, count=1, reason=总量3.0G低于最小门槛2095.0G[0m
[32m2026-05-28 21:38:44[0m | [1mINFO    [0m | [1m主流程规则分桶跳过: bucket=manual_or_risk:鲁乘誉18个核桃转录组分析技术服务（委托）合同|S|VIP-真核普通转录组文库|NA|MANUAL_RISK, count=1, reason=总量2.6G低于最小门槛2095.0G[0m
[32m2026-05-28 21:38:44[0m | [1mINFO    [0m | [1m主流程规则分桶跳过: bucket=manual_or_risk:贵州医科大转录组及HQ非靶代谢检测分析技术服务（委托）合同|S|VIP-真核普通转录组文库|NA|MANUAL_RISK, count=1, reason=总量2.6G低于最小门槛2095.0G[0m
[32m2026-05-28 21:38:44[0m | [1mINFO    [0m | [1m主流程规则分桶跳过: bucket=manual_or_risk:哈医大蛋白+二三代人重+全外显子分析技术服务（委托）合同|S|外显子文库|NA|MANUAL_RISK, count=1, reason=总量2.3G低于最小门槛2095.0G[0m
[32m2026-05-28 21:38:44[0m | [1mINFO    [0m | [1m主流程规则分桶跳过: bucket=manual_or_risk:1000样本转录组建库测序技术服务（委托）合同|S|VIP-真核普通转录组文库|NA|MANUAL_RISK, count=2, reason=总量2.3G低于最小门槛2095.0G[0m
[32m2026-05-28 21:38:44[0m | [1mINFO    [0m | [1m主流程规则分桶跳过: bucket=manual_or_risk:大连市皮肤病医院MRNA+SMALL RNA测序分析技术服务（委托）合同|S|VIP-真核普通转录组文库|NA|MANUAL_RISK, count=1, reason=总量2.2G低于最小门槛2095.0G[0m
[32m2026-05-28 21:38:44[0m | [1mINFO    [0m | [1m主流程规则分桶跳过: bucket=manual_or_risk:中国农业大学100个样本 XPLUS自建库1G技术服务（委托）合同|S|客户-全基因组文库|NA|CUSTOMER+MANUAL_RISK, count=2, reason=总量2.0G低于最小门槛2095.0G[0m
[32m2026-05-28 21:38:44[0m | [1mINFO    [0m | [1m主流程规则分桶跳过: bucket=manual_or_risk:湘湖实验室100例自建库样本X平台测序技术服务（委托）合同|S|客户-PCR产物/CRISPR|NA|CUSTOMER+MANUAL_RISK+IMBALANCE, count=2, reason=总量2.0G低于最小门槛2095.0G[0m
[32m2026-05-28 21:38:44[0m | [1mINFO    [0m | [1m主流程规则分桶跳过: bucket=manual_or_risk:佛山市南海区人民医院8个转录组建库测序分析技术服务（委托）合同|S|VIP-真核普通转录组文库|NA|MANUAL_RISK, count=1, reason=总量2.0G低于最小门槛2095.0G[0m
[32m2026-05-28 21:38:44[0m | [1mINFO    [0m | [1m主流程规则分桶跳过: bucket=manual_or_risk:河北大学50例真核+原核转录组测序分析技术服务（委托）合同|S|VIP-真核普通转录组文库|NA|MANUAL_RISK, count=1, reason=总量2.0G低于最小门槛2095.0G[0m
[32m2026-05-28 21:38:44[0m | [1mINFO    [0m | [1m主流程规则分桶跳过: bucket=manual_or_risk:徐老师组 6 例小鼠细胞RIBO-SEQ +普通转录组测序分析及关联分析技术服务（委托）合同|S|RIBO-SEQ文库|NA|MANUAL_RISK+IMBALANCE, count=1, reason=总量2.0G低于最小门槛2095.0G[0m
[32m2026-05-28 21:38:44[0m | [1mINFO    [0m | [1m主流程规则分桶跳过: bucket=manual_or_risk:大连医科大学附属第一医院40个转录组技术服务（委托）合同|S|VIP-真核普通转录组文库|NA|MANUAL_RISK, count=2, reason=总量1.5G低于最小门槛2095.0G[0m
[32m2026-05-28 21:38:44[0m | [1mINFO    [0m | [1m主流程规则分桶跳过: bucket=manual_or_risk:环境+泉脉+2025年自建库测序框架分析技术服务（委托）合同|S|客户-扩增子文库|NA|CUSTOMER+MANUAL_RISK+IMBALANCE, count=2, reason=总量1.0G低于最小门槛2095.0G[0m
[32m2026-05-28 21:38:44[0m | [1mINFO    [0m | [1m主流程规则分桶跳过: bucket=manual_or_risk:18 个样本三库全转测序分析技术服务（委托）合同|S|SMALL RNA文库|NA|MANUAL_RISK, count=1, reason=总量1.0G低于最小门槛2095.0G[0m
[32m2026-05-28 21:38:44[0m | [1mINFO    [0m | [1m主流程规则分桶跳过: bucket=manual_or_risk:中大陈彦伊14例转录组建库测序分析技术服务（委托）合同|S|VIP-真核普通转录组文库|NA|MANUAL_RISK, count=1, reason=总量1.0G低于最小门槛2095.0G[0m
[32m2026-05-28 21:38:44[0m | [1mINFO    [0m | [1m主流程规则分桶跳过: bucket=manual_or_risk:作科所20个自建库测序分析技术服务（委托）合同|S|客户-全基因组文库|NA|CUSTOMER+MANUAL_RISK, count=1, reason=总量1.0G低于最小门槛2095.0G[0m
[32m2026-05-28 21:38:44[0m | [1mINFO    [0m | [1m主流程规则分桶跳过: bucket=manual_or_risk:作科所大豆全基因组脱靶插入检测分析技术服务（委托）合同|S|DNA小片段文库|NA|MANUAL_RISK, count=1, reason=总量1.0G低于最小门槛2095.0G[0m
[32m2026-05-28 21:38:44[0m | [1mINFO    [0m | [1m主流程规则分桶跳过: bucket=manual_or_risk:山东大学100例医口转录组10G-樊祥闯分析技术服务（委托）合同|S|VIP-真核普通转录组文库|NA|MANUAL_RISK, count=1, reason=总量1.0G低于最小门槛2095.0G[0m
[32m2026-05-28 21:38:44[0m | [1mINFO    [0m | [1m主流程规则分桶跳过: bucket=manual_or_risk:微生物建库测序1G（框架）技术服务（委托）合同|S|DNA小片段文库|NA|MANUAL_RISK, count=1, reason=总量1.0G低于最小门槛2095.0G[0m
[32m2026-05-28 21:38:44[0m | [1mINFO    [0m | [1m主流程规则分桶跳过: bucket=manual_or_risk:27个转录组分析技术服务（委托）合同-C|S|VIP-真核普通转录组文库|NA|MANUAL_RISK, count=1, reason=总量0.8G低于最小门槛2095.0G[0m
[32m2026-05-28 21:38:44[0m | [1mINFO    [0m | [1m主流程规则分桶跳过: bucket=manual_or_risk:放射所10例原核转录组测序分析技术服务（委托）合同-陈园方|S|原核链特异性转录组文库|NA|MANUAL_RISK, count=1, reason=总量0.8G低于最小门槛2095.0G[0m
[32m2026-05-28 21:38:44[0m | [1mINFO    [0m | [1m主流程规则分桶跳过: bucket=manual_or_risk:福建医科大学附属第一医院120个转录组建库测序技术服务（委托）合同-26.2.11|S|VIP-真核普通转录组文库|NA|MANUAL_RISK, count=1, reason=总量0.5G低于最小门槛2095.0G[0m
[32m2026-05-28 21:38:44[0m | [1mINFO    [0m | [1m主流程规则分桶跳过: bucket=manual_or_risk:同济胃肠外周颖彬老师200个ILLUMINA医口转录组测序分析技术服务（委托）合同|S|VIP-真核普通转录组文库|NA|MANUAL_RISK, count=1, reason=总量0.5G低于最小门槛2095.0G[0m
[32m2026-05-28 21:38:44[0m | [1mINFO    [0m | [1m主流程规则分桶跳过: bucket=manual_or_risk:安徽医科大学12个细胞真核有参转录组测序分析技术服务（委托）合同|S|VIP-真核普通转录组文库|NA|MANUAL_RISK, count=1, reason=总量0.5G低于最小门槛2095.0G[0m
[32m2026-05-28 21:38:44[0m | [1mINFO    [0m | [1m主流程规则分桶跳过: bucket=manual_or_risk:研究院117个样本转录组测序分析技术服务（委托）合同|S|VIP-真核普通转录组文库|NA|MANUAL_RISK, count=1, reason=总量0.5G低于最小门槛2095.0G[0m
[32m2026-05-28 21:38:44[0m | [1mINFO    [0m | [1m主流程规则分桶跳过: bucket=ten_x:王老师4例FFPE样品单细胞检测分析技术服务（委托）合同|S|10X FIXED GEMX RNA文库|NA|TENX+MANUAL_RISK+IMBALANCE, count=6, reason=总量960.0G低于最小门槛2095.0G[0m
[32m2026-05-28 21:38:44[0m | [1mINFO    [0m | [1m主流程规则分桶跳过: bucket=ten_x:血研所17例ILLUMINA自建库测序技术服务（委托）合同|S|客户-10X 3 单细胞转录组文库|NA|TENX+CUSTOMER+MANUAL_RISK+IMBALANCE, count=5, reason=总量810.0G低于最小门槛1995.0G[0m
[32m2026-05-28 21:38:44[0m | [1mINFO    [0m | [1m主流程规则分桶跳过: bucket=ten_x:单细胞数据质量提升专项（诺禾元启）|S|10X转录组文库-3V4文库|NA|TENX+MANUAL_RISK+IMBALANCE, count=4, reason=总量400.0G低于最小门槛1995.0G[0m
[32m2026-05-28 21:38:44[0m | [1mINFO    [0m | [1m主流程规则分桶跳过: bucket=ten_x:26-Q2-ZDQ-V4单细胞转录组测序分析技术服务（委托）合同|S|10X转录组文库-3V4文库|NA|TENX+MANUAL_RISK+IMBALANCE, count=2, reason=总量300.0G低于最小门槛1995.0G[0m
[32m2026-05-28 21:38:44[0m | [1mINFO    [0m | [1m主流程规则分桶跳过: bucket=ten_x:四川大学16个单细胞测序高级分析技术服务（委托）合同|S|10X转录组文库-3V4文库|NA|TENX+MANUAL_RISK+IMBALANCE, count=1, reason=总量200.0G低于最小门槛1995.0G[0m
[32m2026-05-28 21:38:44[0m | [1mINFO    [0m | [1m主流程规则分桶跳过: bucket=ten_x:血研所10X5'单细胞测序+免疫组库分析技术服务（委托）合同|S|10X转录组文库-5V3文库|NA|TENX+MANUAL_RISK+IMBALANCE, count=1, reason=总量200.0G低于最小门槛1995.0G[0m
[32m2026-05-28 21:38:44[0m | [1mINFO    [0m | [1m主流程规则分桶跳过: bucket=ten_x:药企-康龙--26年年框合同分析技术服务（委托）合同|S|客户-单细胞文库|NA|TENX+CUSTOMER+MANUAL_RISK+IMBALANCE, count=13, reason=总量121.3G低于最小门槛2095.0G[0m
[32m2026-05-28 21:38:44[0m | [1mINFO    [0m | [1m主流程规则分桶跳过: bucket=ten_x:Q2复旦中山 石一沁 20例10X3' V4 单细胞转录组测序矩阵分析技术服务（委托）合同|S|10X转录组文库-3V4文库|NA|TENX+MANUAL_RISK+IMBALANCE, count=2, reason=总量103.7G低于最小门槛1995.0G[0m
[32m2026-05-28 21:38:44[0m | [1mINFO    [0m | [1m主流程规则分桶跳过: bucket=ten_x:202605许弘弢老师-10例肿瘤组织-10XV4单细胞-1W细胞100G数据量矩阵分析技术服务（委托）合同|S|10X转录组文库-3V4文库|NA|TENX+MANUAL_RISK+IMBALANCE, count=1, reason=总量100.0G低于最小门槛1995.0G[0m
[32m2026-05-28 21:38:44[0m | [1mINFO    [0m | [1m主流程规则分桶跳过: bucket=ten_x:新疆30个样本10X单细胞建库测序技术服务（委托）合同|S|10X转录组文库-3V4文库|NA|TENX+MANUAL_RISK+IMBALANCE, count=1, reason=总量100.0G低于最小门槛1995.0G[0m
[32m2026-05-28 21:38:44[0m | [1mINFO    [0m | [1m主流程规则分桶跳过: bucket=ten_x:福建医科大学附属协和医院4个样本10X 3端单细胞转录组测序分析技术服务（委托）合同|S|10X转录组-3'文库|NA|TENX+MANUAL_RISK+IMBALANCE, count=1, reason=总量100.0G低于最小门槛1995.0G[0m
[32m2026-05-28 21:38:44[0m | [1mINFO    [0m | [1m主流程规则分桶跳过: bucket=ten_x:项目100个样本10X3''单细胞建库测序V4技术服务（委托）合同|S|10X转录组文库-3V4文库|NA|TENX+MANUAL_RISK+IMBALANCE, count=1, reason=总量100.0G低于最小门槛1995.0G[0m
[32m2026-05-28 21:38:44[0m | [1mINFO    [0m | [1m主流程规则分桶跳过: bucket=ten_x:血研所10X5'单细胞测序+免疫组库分析技术服务（委托）合同|S|10X转录组V(D)J-BCR文库|NA|TENX+MANUAL_RISK+IMBALANCE, count=4, reason=总量80.0G低于最小门槛1995.0G[0m
[32m2026-05-28 21:38:44[0m | [1mINFO    [0m | [1m主流程规则分桶跳过: bucket=ten_x:李老师12个单细胞5+T+B建库测序矩阵分析技术服务（委托）合同|S|10X转录组文库-5V3文库|NA|TENX+MANUAL_RISK+IMBALANCE, count=9, reason=总量77.8G低于最小门槛1995.0G[0m
[32m2026-05-28 21:38:44[0m | [1mINFO    [0m | [1m主流程规则分桶跳过: bucket=ten_x:LXL-26-Q1-单细胞转录组测序分析技术服务（委托）合同|S|10X转录组文库-3V4文库|NA|TENX+MANUAL_RISK+IMBALANCE, count=1, reason=总量50.0G低于最小门槛1995.0G[0m
[32m2026-05-28 21:38:44[0m | [1mINFO    [0m | [1m主流程规则分桶跳过: bucket=ten_x:中肿+36+单细胞TCR高级分析技术服务（委托）合同|S|10X转录组文库-5V3文库|NA|TENX+MANUAL_RISK+IMBALANCE, count=5, reason=总量41.8G低于最小门槛1995.0G[0m
[32m2026-05-28 21:38:44[0m | [1mINFO    [0m | [1m主流程规则分桶跳过: bucket=ten_x:上海市肺科医院10XGENOMICS 5'单细胞转录组以及TCR+BCR测序技术服务（委托）合同|S|10X转录组V(D)J-BCR文库|NA|TENX+MANUAL_RISK+IMBALANCE, count=2, reason=总量40.0G低于最小门槛1995.0G[0m
[32m2026-05-28 21:38:44[0m | [1mINFO    [0m | [1m主流程规则分桶跳过: bucket=ten_x:铂生卓越10X5'单细胞+TCR+BCR检测分析技术服务（委托）合同|S|10X转录组V(D)J-BCR文库|NA|TENX+MANUAL_RISK+IMBALANCE, count=3, reason=总量30.0G低于最小门槛1995.0G[0m
[32m2026-05-28 21:38:44[0m | [1mINFO    [0m | [1m主流程规则分桶跳过: bucket=ten_x:云南大学郭老师组自建库（ILLUMINA）测序技术服务（委托）合同|S|客户-10X 3 单细胞转录组文库|NA|TENX+CUSTOMER+MANUAL_RISK+IMBALANCE, count=1, reason=总量30.0G低于最小门槛1995.0G[0m
[32m2026-05-28 21:38:44[0m | [1mINFO    [0m | [1m主流程规则分桶跳过: bucket=ten_x:药企潜观基因26年单细胞年框分析技术服务（委托）合同|S|10X转录组V(D)J-BCR文库|NA|TENX+MANUAL_RISK+IMBALANCE, count=1, reason=总量20.0G低于最小门槛1995.0G[0m
[32m2026-05-28 21:38:44[0m | [1mINFO    [0m | [1m主流程规则分桶跳过: bucket=ten_x:（极速周期）安达生物临床样品单细胞V4意向分析技术服务（委托）合同|S|10X转录组V(D)J-BCR文库|NA|TENX+MANUAL_RISK+IMBALANCE, count=1, reason=总量20.0G低于最小门槛1995.0G[0m
[32m2026-05-28 21:38:44[0m | [1mINFO    [0m | [1m主流程规则分桶跳过: bucket=ten_x:12例单细胞转录组+TCR+BCR分析技术服务（委托）合同|S|10X转录组文库-5V3文库|NA|TENX+MANUAL_RISK+IMBALANCE, count=1, reason=总量19.8G低于最小门槛1995.0G[0m
[32m2026-05-28 21:38:44[0m | [1mINFO    [0m | [1m主流程规则分桶跳过: bucket=ten_x:华中科技大学40个单细胞转录组V4测序技术服务（委托）合同|S|10X转录组文库-3V4文库|NA|TENX+MANUAL_RISK+IMBALANCE, count=2, reason=总量14.0G低于最小门槛1995.0G[0m
[32m2026-05-28 21:38:44[0m | [1mINFO    [0m | [1m主流程规则分桶跳过: bucket=ten_x:交医松江30个小鼠脑区单细胞核转录组测序分析技术服务（委托）合同|S|10X转录组文库-3V4文库|NA|TENX+MANUAL_RISK+IMBALANCE, count=1, reason=总量12.8G低于最小门槛1995.0G[0m
[32m2026-05-28 21:38:44[0m | [1mINFO    [0m | [1m主流程规则分桶跳过: bucket=ten_x:南京医科大学7例单细胞转录组测序分析分析技术服务（委托）合同|S|10X转录组文库-3V4文库|NA|TENX+MANUAL_RISK+IMBALANCE, count=2, reason=总量10.0G低于最小门槛1995.0G[0m
[32m2026-05-28 21:38:44[0m | [1mINFO    [0m | [1m主流程规则分桶跳过: bucket=ten_x:南方医科大学18个单细胞分选+矩阵分析技术服务（委托）合同|S|10X转录组-3'文库|NA|TENX+MANUAL_RISK+IMBALANCE, count=2, reason=总量10.0G低于最小门槛1995.0G[0m
[32m2026-05-28 21:38:44[0m | [1mINFO    [0m | [1m主流程规则分桶跳过: bucket=ten_x:南京鼓楼医院王智康6例10X单细胞分析技术服务（委托）合同|S|10X转录组文库-3V4文库|NA|TENX+MANUAL_RISK+IMBALANCE, count=1, reason=总量10.0G低于最小门槛1995.0G[0m
[32m2026-05-28 21:38:44[0m | [1mINFO    [0m | [1m主流程规则分桶跳过: bucket=ten_x:山东省立医院50例单细胞5'+VDJ 分析技术服务（委托）合同|S|10X转录组V(D)J-BCR文库|NA|TENX+MANUAL_RISK+IMBALANCE, count=1, reason=总量10.0G低于最小门槛1995.0G[0m
[32m2026-05-28 21:38:44[0m | [1mINFO    [0m | [1m主流程规则分桶跳过: bucket=ten_x:（刘院长）26年30例单细胞转录组合同分析技术服务（委托）合同|S|10X转录组V(D)J-BCR文库|NA|TENX+MANUAL_RISK+IMBALANCE, count=1, reason=总量10.0G低于最小门槛1995.0G[0m
[32m2026-05-28 21:38:44[0m | [1mINFO    [0m | [1m主流程规则分桶跳过: bucket=ten_x:NVNL2026041302-BE_KULEUVEN_48 SMARTER MRNA 9GB_WOBI_PIERRE|S|单细胞文库|NA|TENX+MANUAL_RISK+IMBALANCE, count=1, reason=总量9.0G低于最小门槛2095.0G[0m
[32m2026-05-28 21:38:44[0m | [1mINFO    [0m | [1m主流程规则分桶跳过: bucket=ten_x:化物所客户自建库测序散样技术服务（委托）合同|S|客户－其它单细胞文库|NA|TENX+SCATTERED+CUSTOMER+MANUAL_RISK+IMBALANCE, count=4, reason=总量8.0G低于最小门槛2095.0G[0m
[32m2026-05-28 21:38:44[0m | [1mINFO    [0m | [1m主流程规则分桶跳过: bucket=ten_x:微生物所10X单细胞+TCR标准分析-HYX分析技术服务（委托）合同|S|10X转录组文库-5V3文库|NA|TENX+MANUAL_RISK+IMBALANCE, count=1, reason=总量7.5G低于最小门槛1995.0G[0m
[32m2026-05-28 21:38:44[0m | [1mINFO    [0m | [1m主流程规则分桶跳过: bucket=ten_x:药企-宜明凯尔单细胞转录组分析技术服务（委托）合同|S|10X转录组文库-5V3文库|NA|TENX+MANUAL_RISK+IMBALANCE, count=1, reason=总量7.3G低于最小门槛1995.0G[0m
[32m2026-05-28 21:38:44[0m | [1mINFO    [0m | [1m主流程规则分桶跳过: bucket=ten_x:20个血液样本单细胞测序分析技术服务（委托）合同|S|10X转录组文库-5V3文库|NA|TENX+MANUAL_RISK+IMBALANCE, count=1, reason=总量5.9G低于最小门槛1995.0G[0m
[32m2026-05-28 21:38:44[0m | [1mINFO    [0m | [1m主流程规则分桶跳过: bucket=ten_x:药企潜观基因26年单细胞年框分析技术服务（委托）合同|S|10X转录组文库-5V3文库|NA|TENX+MANUAL_RISK+IMBALANCE, count=1, reason=总量5.4G低于最小门槛1995.0G[0m
[32m2026-05-28 21:38:44[0m | [1mINFO    [0m | [1m主流程规则分桶跳过: bucket=ten_x:江门市中心医院10个10X 3'单细胞建库测序技术服务（委托）合同|S|10X转录组-3'文库|NA|TENX+MANUAL_RISK+IMBALANCE, count=1, reason=总量5.0G低于最小门槛1995.0G[0m
[32m2026-05-28 21:38:44[0m | [1mINFO    [0m | [1m主流程规则分桶跳过: bucket=ten_x:血研所8例10X5转录组+免疫组库分析技术服务（委托）合同|S|10X转录组-5'文库|NA|TENX+MANUAL_RISK+IMBALANCE, count=1, reason=总量5.0G低于最小门槛1995.0G[0m
[32m2026-05-28 21:38:44[0m | [1mINFO    [0m | [1m主流程规则分桶跳过: bucket=ten_x:48例10X GENOMICS 5端单细胞转录组+TCR+BCR建库测序技术服务（委托）合同|S|10X转录组文库-5V3文库|NA|TENX+MANUAL_RISK+IMBALANCE, count=1, reason=总量3.8G低于最小门槛1995.0G[0m
[32m2026-05-28 21:38:44[0m | [1mINFO    [0m | [1m主流程规则分桶跳过: bucket=ten_x:郑大一附院10X单细胞分析技术服务（委托）合同|S|10X转录组文库-3V4文库|NA|TENX+MANUAL_RISK+IMBALANCE, count=1, reason=总量3.0G低于最小门槛1995.0G[0m
[32m2026-05-28 21:38:44[0m | [1mINFO    [0m | [1m主流程规则分桶跳过: bucket=ten_x:26年Q2复旦肿瘤医院 邓朝强 50例10X 5'V3 转录组矩阵分析+TCR+BCR建库测序技术服务（委托）合同|S|10X转录组文库-5V3文库|NA|TENX+MANUAL_RISK+IMBALANCE, count=1, reason=总量2.1G低于最小门槛1995.0G[0m
[32m2026-05-28 21:38:44[0m | [1mINFO    [0m | [1m主流程规则分桶预调度: bucket=general:300例WGS高级标准分析技术服务（委托）合同-|Z|DNA小片段文库|NA|NORMAL, count=35, data=5250.0G[0m
[32m2026-05-28 21:38:44[0m | [1mINFO    [0m | [1m开始逐Lane贪心排机 - 文库数: 35[0m
[32m2026-05-28 21:38:44[0m | [1mINFO    [0m | [1m预拆分完成: 使用外层已拆分文库[0m
[32m2026-05-28 21:38:44[0m | [1mINFO    [0m | [1m使用外部传入的全局分析报告（全量文库），跳过内部分析[0m
[32m2026-05-28 21:38:44[0m | [1mINFO    [0m | [1m处理机器类型 Nova X-25B - 文库数: 35 - Lane容量: 1050.0GB, 利用率区间: [100%, 100%], 特殊文库上限: 350GB[0m
[32m2026-05-28 21:38:44[0m | [1mINFO    [0m | [1m剩余池总量750.0GB不足最小成Lane门槛2095.0GB，跳过后续随机重试[0m
[32m2026-05-28 21:38:44[0m | [1mINFO    [0m | [1m最后填充策略: 尝试将5个未分配文库塞入已有Lane[0m
[32m2026-05-28 21:38:44[0m | [1mINFO    [0m | [1m挪移优化: 未分配5个文库(750GB)，需要从现有Lane挪出1345GB[0m
[32m2026-05-28 21:38:44[0m | [33m[1mWARNING [0m | [33m[1m挪移优化: 挪出数据量300GB不足，放弃挪移[0m
[32m2026-05-28 21:38:44[0m | [1mINFO    [0m | [1m逐Lane贪心排机完成 - Lane数: 2, 已分配: 30/35, 未分配: 5, 平均利用率: 103.4%, 耗时: 0.02秒[0m
[32m2026-05-28 21:38:44[0m | [1mINFO    [0m | [1m成Lane校验程序初始化完成 (严格模式: False, 碱基不均衡上限: 35%, 特殊文库关键词: 9个)[0m
[32m2026-05-28 21:38:44[0m | [1mINFO    [0m | [1m最终验证结果: 2条Lane通过，5个文库未分配[0m
[32m2026-05-28 21:38:44[0m | [1mINFO    [0m | [1m主流程规则分桶跳过: bucket=general:中国医学科学院皮肤病医院（中国医学科学院皮肤病研究所）180例宏基因组测序10G技术服务（委托）合同|Z|DNA小片段文库|NA|NORMAL, count=122, reason=总量1220.0G低于最小门槛2095.0G[0m
[32m2026-05-28 21:38:44[0m | [1mINFO    [0m | [1m主流程规则分桶跳过: bucket=general:昆明科灵生物192个组织样品提取建库测序技术服务（委托）合同|Z|VIP-真核普通转录组文库|NA|NORMAL, count=174, reason=总量1044.0G低于最小门槛2095.0G[0m
[32m2026-05-28 21:38:44[0m | [1mINFO    [0m | [1m主流程规则分桶跳过: bucket=general:整形医院6例全基因组（90G）建库测序技术服务（委托）合同|Z|DNA小片段文库|NA|NORMAL, count=6, reason=总量540.0G低于最小门槛2095.0G[0m
[32m2026-05-28 21:38:44[0m | [1mINFO    [0m | [1m主流程规则分桶跳过: bucket=general:26年徐芳（施海韵）宏基因组ILLUMINA建库测序6G不分析技术服务（委托）合同|Z|DNA小片段文库|NA|NORMAL, count=88, reason=总量528.0G低于最小门槛2095.0G[0m
[32m2026-05-28 21:38:44[0m | [1mINFO    [0m | [1m主流程规则分桶跳过: bucket=general:DAVIS-US-UCB-2000-MICROBIAL-SHOTGUN METAGENOMICS-10GB-WOBI-NVUS2023102718|Z|DNA小片段文库|NA|NORMAL, count=25, reason=总量500.0G低于最小门槛2095.0G[0m
[32m2026-05-28 21:38:44[0m | [1mINFO    [0m | [1m主流程规则分桶跳过: bucket=general:山农60个土壤样本12G宏基因+扩增子测序分析分析技术服务（委托）合同|Z|DNA小片段文库|NA|NORMAL, count=34, reason=总量408.0G低于最小门槛2095.0G[0m
[32m2026-05-28 21:38:44[0m | [1mINFO    [0m | [1m主流程规则分桶跳过: bucket=general:内蒙古农业大学16S+LC-MS非靶向代谢组+血液转录组建库测序分析技术服务（委托）合同|Z|VIP-真核普通转录组文库|NA|NORMAL, count=61, reason=总量366.0G低于最小门槛2095.0G[0m
[32m2026-05-28 21:38:44[0m | [1mINFO    [0m | [1m主流程规则分桶跳过: bucket=general:（极速周期）【药企】2025年上海硕迪生物500个样品真核普转意向-2分析技术服务（委托）合同|Z|VIP-真核普通转录组文库|NA|NORMAL, count=55, reason=总量330.0G低于最小门槛2095.0G[0m
[32m2026-05-28 21:38:44[0m | [1mINFO    [0m | [1m主流程规则分桶跳过: bucket=general:南京农业大学63份RNA样本MRNA建库测序(XP)技术服务（委托）合同|Z|VIP-真核普通转录组文库|NA|NORMAL, count=53, reason=总量318.0G低于最小门槛2095.0G[0m
[32m2026-05-28 21:38:44[0m | [1mINFO    [0m | [1m主流程规则分桶跳过: bucket=general:2026年植物转录组分析技术服务（委托）合同|Z|VIP-真核普通转录组文库|NA|NORMAL, count=51, reason=总量306.0G低于最小门槛2095.0G[0m
[32m2026-05-28 21:38:44[0m | [1mINFO    [0m | [1m主流程规则分桶跳过: bucket=general:SJ-（极速周期）北京大学SH-26RNA建库测序技术服务（委托）合同|Z|VIP-真核普通转录组文库|NA|NORMAL, count=50, reason=总量300.0G低于最小门槛2095.0G[0m
[32m2026-05-28 21:38:44[0m | [1mINFO    [0m | [1m主流程规则分桶跳过: bucket=general:蜜蜂所1000份样本重测序XPLUS分析技术服务（委托）合同|Z|DNA小片段文库|NA|NORMAL, count=58, reason=总量290.0G低于最小门槛2095.0G[0m
[32m2026-05-28 21:38:44[0m | [1mINFO    [0m | [1m主流程规则分桶跳过: bucket=general:种业+影子+2026年框架合作分析技术服务（委托）合同|Z|VIP-真核普通转录组文库|NA|NORMAL, count=27, reason=总量216.0G低于最小门槛2095.0G[0m
[32m2026-05-28 21:38:44[0m | [1mINFO    [0m | [1m主流程规则分桶跳过: bucket=general:宏基因组测序分析（框架）技术服务（委托）合同|Z|DNA小片段文库|NA|NORMAL, count=35, reason=总量210.0G低于最小门槛2095.0G[0m
[32m2026-05-28 21:38:44[0m | [1mINFO    [0m | [1m主流程规则分桶跳过: bucket=general:精迪生物45个转录组和46个外显子多组学测序分析技术服务（委托）合同|Z|VIP-真核普通转录组文库|NA|NORMAL, count=32, reason=总量192.0G低于最小门槛2095.0G[0m
[32m2026-05-28 21:38:44[0m | [1mINFO    [0m | [1m主流程规则分桶跳过: bucket=general:植物园植物二代全基因组重测序技术服务（委托）合同|Z|DNA小片段文库|NA|NORMAL, count=8, reason=总量160.0G低于最小门槛2095.0G[0m
[32m2026-05-28 21:38:44[0m | [1mINFO    [0m | [1m主流程规则分桶跳过: bucket=general:2026年转录组测序分析技术服务（委托）合同|Z|VIP-真核普通转录组文库|NA|NORMAL, count=26, reason=总量156.0G低于最小门槛2095.0G[0m
[32m2026-05-28 21:38:44[0m | [1mINFO    [0m | [1m主流程规则分桶跳过: bucket=general:天津实验室-百趣-26.4.20-宏基因组+转录组项目技术服务（委托）合同|Z|DNA小片段文库|NA|NORMAL, count=25, reason=总量150.0G低于最小门槛2095.0G[0m
[32m2026-05-28 21:38:44[0m | [1mINFO    [0m | [1m主流程规则分桶跳过: bucket=general:（极速周期）宏基因组建库测序分析分析技术服务（委托）合同|Z|DNA小片段文库|NA|NORMAL, count=25, reason=总量150.0G低于最小门槛2095.0G[0m
[32m2026-05-28 21:38:44[0m | [1mINFO    [0m | [1m主流程规则分桶跳过: bucket=general:山东省立医院20例疾病全基因组高级分析技术服务（委托）合同-方振|Z|人重测序文库|NA|NORMAL, count=1, reason=总量150.0G低于最小门槛2095.0G[0m
[32m2026-05-28 21:38:44[0m | [1mINFO    [0m | [1m主流程规则分桶跳过: bucket=general:东北师范大学转录组+非靶分析技术服务（委托）合同|Z|VIP-真核普通转录组文库|NA|NORMAL, count=24, reason=总量144.0G低于最小门槛2095.0G[0m
[32m2026-05-28 21:38:44[0m | [1mINFO    [0m | [1m主流程规则分桶跳过: bucket=general:贵州大学100例转录组（XP)分析技术服务（委托）合同|Z|VIP-真核普通转录组文库|NA|NORMAL, count=24, reason=总量144.0G低于最小门槛2095.0G[0m
[32m2026-05-28 21:38:44[0m | [1mINFO    [0m | [1m主流程规则分桶跳过: bucket=general:25年12月武汉迈维全长转录组（KINNEX）+非编码测序分析技术服务（委托）合同|Z|LNC非互作文库|NA|NORMAL, count=12, reason=总量144.0G低于最小门槛2095.0G[0m
[32m2026-05-28 21:38:44[0m | [1mINFO    [0m | [1m主流程规则分桶跳过: bucket=general:真核6G转录组测序分析技术服务（委托）合同-HYX|Z|VIP-真核普通转录组文库|NA|NORMAL, count=23, reason=总量138.0G低于最小门槛2095.0G[0m
[32m2026-05-28 21:38:44[0m | [1mINFO    [0m | [1m主流程规则分桶跳过: bucket=general:新大30个涩芥样本重测序建库测序技术服务（委托）合同|Z|DNA小片段文库|NA|NORMAL, count=30, reason=总量120.0G低于最小门槛2095.0G[0m
[32m2026-05-28 21:38:44[0m | [1mINFO    [0m | [1m主流程规则分桶跳过: bucket=general:大连海洋大学85个海胆体腔液无参转录组技术服务（委托）合同|Z|VIP-真核普通转录组文库|NA|NORMAL, count=20, reason=总量120.0G低于最小门槛2095.0G[0m
[32m2026-05-28 21:38:44[0m | [1mINFO    [0m | [1m主流程规则分桶跳过: bucket=general:河北农业大学12例微生物多组学测序分析技术服务（委托）合同|Z|DNA小片段文库|NA|NORMAL, count=12, reason=总量120.0G低于最小门槛2095.0G[0m
[32m2026-05-28 21:38:44[0m | [1mINFO    [0m | [1m主流程规则分桶跳过: bucket=general:四川省人民医院6个MRNA建库测序技术服务（委托）合同|Z|VIP-真核普通转录组文库|NA|NORMAL, count=8, reason=总量120.0G低于最小门槛2095.0G[0m
[32m2026-05-28 21:38:44[0m | [1mINFO    [0m | [1m主流程规则分桶跳过: bucket=general:细菌真菌基因组二代测序技术服务（委托）合同-26|Z|DNA小片段文库|NA|NORMAL, count=119, reason=总量119.0G低于最小门槛2095.0G[0m
[32m2026-05-28 21:38:44[0m | [1mINFO    [0m | [1m主流程规则分桶跳过: bucket=general:2026年3月11日XP宏基因组6G建库测序分析技术服务（委托）合同|Z|DNA小片段文库|NA|NORMAL, count=18, reason=总量108.0G低于最小门槛2095.0G[0m
[32m2026-05-28 21:38:44[0m | [1mINFO    [0m | [1m主流程规则分桶跳过: bucket=general:15个玉米三代+12个ATAC+18个RNASEQ分析技术服务（委托）合同|Z|VIP-真核普通转录组文库|NA|NORMAL, count=17, reason=总量102.0G低于最小门槛2095.0G[0m
[32m2026-05-28 21:38:44[0m | [1mINFO    [0m | [1m主流程规则分桶跳过: bucket=general:2026年研科生物LNC RNA及M RNA测序分析技术服务（委托）合同|Z|LNC非互作文库|NA|NORMAL, count=10, reason=总量100.0G低于最小门槛2095.0G[0m
[32m2026-05-28 21:38:44[0m | [1mINFO    [0m | [1m主流程规则分桶跳过: bucket=general:安必奇表观与非编码测序技术服务（委托）合同|Z|LNC非互作文库|NA|NORMAL, count=10, reason=总量100.0G低于最小门槛2095.0G[0m
[32m2026-05-28 21:38:44[0m | [1mINFO    [0m | [1m主流程规则分桶跳过: bucket=general:DNA小片段建库测序-YZW-Y技术服务（委托）合同|Z|DNA小片段文库|NA|NORMAL, count=4, reason=总量100.0G低于最小门槛2095.0G[0m
[32m2026-05-28 21:38:44[0m | [1mINFO    [0m | [1m主流程规则分桶跳过: bucket=general:苏宛真张瑞鑫山西医科大学15个医口转录组分析技术服务（委托）合同|Z|VIP-真核普通转录组文库|NA|NORMAL, count=15, reason=总量90.0G低于最小门槛2095.0G[0m
[32m2026-05-28 21:38:44[0m | [1mINFO    [0m | [1m主流程规则分桶跳过: bucket=general:烟草中心21例烟草叶片微生物宏基因组测序分析技术服务（委托）合同|Z|META文库|NA|NORMAL, count=6, reason=总量90.0G低于最小门槛2095.0G[0m
[32m2026-05-28 21:38:44[0m | [1mINFO    [0m | [1m主流程规则分桶跳过: bucket=general:【药企】西安塞东医药-19例-小鼠脑组织转录组测序分析技术服务（委托）合同|Z|VIP-真核普通转录组文库|NA|NORMAL, count=14, reason=总量84.0G低于最小门槛2095.0G[0m
[32m2026-05-28 21:38:44[0m | [1mINFO    [0m | [1m主流程规则分桶跳过: bucket=general:滨州医学院附属医院27个细菌建库测序分析技术服务（委托）合同|Z|DNA小片段文库|NA|NORMAL, count=27, reason=总量81.0G低于最小门槛2095.0G[0m
[32m2026-05-28 21:38:44[0m | [1mINFO    [0m | [1m主流程规则分桶跳过: bucket=general:YSY北大医院20个样本真菌重测序分析技术服务（委托）合同|Z|DNA小片段文库|NA|NORMAL, count=15, reason=总量75.0G低于最小门槛2095.0G[0m
[32m2026-05-28 21:38:44[0m | [1mINFO    [0m | [1m主流程规则分桶跳过: bucket=general:中国医学科学院皮肤病医院（中国医学科学院皮肤病研究所）12例转录组+6例非靶测序分析技术服务（委托）合同|Z|VIP-真核普通转录组文库|NA|NORMAL, count=12, reason=总量72.0G低于最小门槛2095.0G[0m
[32m2026-05-28 21:38:44[0m | [1mINFO    [0m | [1m主流程规则分桶跳过: bucket=general:南方医科大学12个BULK转录组及30个16S扩增子分析技术服务（委托）合同|Z|VIP-真核普通转录组文库|NA|NORMAL, count=12, reason=总量72.0G低于最小门槛2095.0G[0m
[32m2026-05-28 21:38:44[0m | [1mINFO    [0m | [1m主流程规则分桶跳过: bucket=general:西北农林科技大学57个转录组测序分析技术服务（委托）合同|Z|VIP-真核普通转录组文库|NA|NORMAL, count=12, reason=总量72.0G低于最小门槛2095.0G[0m
[32m2026-05-28 21:38:44[0m | [1mINFO    [0m | [1m主流程规则分桶跳过: bucket=general:SINGAPORE-TLL-6-LNCRNA-12GB-WBI-AMEA2026051245|Z|LNC非互作文库|NA|NORMAL, count=6, reason=总量72.0G低于最小门槛2095.0G[0m
[32m2026-05-28 21:38:44[0m | [1mINFO    [0m | [1m主流程规则分桶跳过: bucket=general:生物物理6个样本链特转录建库测序技术服务（委托）合同|Z|真核链特异性转录组文库|NA|NORMAL, count=6, reason=总量72.0G低于最小门槛2095.0G[0m
[32m2026-05-28 21:38:44[0m | [1mINFO    [0m | [1m主流程规则分桶跳过: bucket=general:杭州市农科院BSA测序技术服务（委托）合同|Z|DNA小片段文库|NA|NORMAL, count=2, reason=总量70.0G低于最小门槛2095.0G[0m
[32m2026-05-28 21:38:44[0m | [1mINFO    [0m | [1m主流程规则分桶跳过: bucket=general:内蒙古农业大学16S+LC-MS非靶向代谢组+血液转录组建库测序分析技术服务（委托）合同|Z|真核普通转录组文库|NA|NORMAL, count=11, reason=总量66.0G低于最小门槛2095.0G[0m
[32m2026-05-28 21:38:44[0m | [1mINFO    [0m | [1m主流程规则分桶跳过: bucket=general:沈阳农大100例转录组建库测序技术服务（委托）合同|Z|VIP-真核普通转录组文库|NA|NORMAL, count=11, reason=总量66.0G低于最小门槛2095.0G[0m
[32m2026-05-28 21:38:44[0m | [1mINFO    [0m | [1m主流程规则分桶跳过: bucket=general:2026年吉林大学和平校区10个转录组建库测序分析技术服务（委托）合同|Z|VIP-真核普通转录组文库|NA|NORMAL, count=10, reason=总量60.0G低于最小门槛2095.0G[0m
[32m2026-05-28 21:38:44[0m | [1mINFO    [0m | [1m主流程规则分桶跳过: bucket=general:医科大-10例细胞样本转录组分析技术服务（委托）合同|Z|VIP-真核普通转录组文库|NA|NORMAL, count=10, reason=总量60.0G低于最小门槛2095.0G[0m
[32m2026-05-28 21:38:44[0m | [1mINFO    [0m | [1m主流程规则分桶跳过: bucket=general:转录组+脂质组分析技术服务（委托）合同|Z|VIP-真核普通转录组文库|NA|NORMAL, count=10, reason=总量60.0G低于最小门槛2095.0G[0m
[32m2026-05-28 21:38:44[0m | [1mINFO    [0m | [1m主流程规则分桶跳过: bucket=general:转录组+脂质组分析技术服务（委托）合同|Z|真核普通转录组文库|NA|NORMAL, count=10, reason=总量60.0G低于最小门槛2095.0G[0m
[32m2026-05-28 21:38:44[0m | [1mINFO    [0m | [1m主流程规则分桶跳过: bucket=general:中国科学院合肥物质科学研究院6个宏转录组测序分析技术服务（委托）合同|Z|宏转录组|NA|NORMAL, count=6, reason=总量60.0G低于最小门槛2095.0G[0m
[32m2026-05-28 21:38:44[0m | [1mINFO    [0m | [1m主流程规则分桶跳过: bucket=general:科大300例宏基因组测序技术服务（委托）合同|Z|DNA小片段文库|NA|NORMAL, count=6, reason=总量60.0G低于最小门槛2095.0G[0m
[32m2026-05-28 21:38:44[0m | [1mINFO    [0m | [1m主流程规则分桶跳过: bucket=general:扩增子（16S+ITS)+宏基因组+代谢组分析技术服务（委托）合同-Y|Z|META文库|NA|NORMAL, count=5, reason=总量60.0G低于最小门槛2095.0G[0m
[32m2026-05-28 21:38:44[0m | [1mINFO    [0m | [1m主流程规则分桶跳过: bucket=general:山东省立医院6例转录组分析技术服务（委托）合同-肖胜扬|Z|VIP-真核普通转录组文库|NA|NORMAL, count=9, reason=总量54.0G低于最小门槛2095.0G[0m
[32m2026-05-28 21:38:44[0m | [1mINFO    [0m | [1m主流程规则分桶跳过: bucket=general:江汉大学9个样本转录组测序分析技术服务（委托）合同|Z|VIP-真核普通转录组文库|NA|NORMAL, count=9, reason=总量54.0G低于最小门槛2095.0G[0m
[32m2026-05-28 21:38:44[0m | [1mINFO    [0m | [1m主流程规则分桶跳过: bucket=general:真核普通转录组建库测序（去 RRNA 建库）技术服务（委托）合同|Z|LNC非互作文库|NA|NORMAL, count=2, reason=总量50.0G低于最小门槛2095.0G[0m
[32m2026-05-28 21:38:44[0m | [1mINFO    [0m | [1m主流程规则分桶跳过: bucket=general:48个16S+8个转录组测序分析技术服务（委托）合同|Z|VIP-真核普通转录组文库|NA|NORMAL, count=8, reason=总量48.0G低于最小门槛2095.0G[0m
[32m2026-05-28 21:38:44[0m | [1mINFO    [0m | [1m主流程规则分桶跳过: bucket=general:北京林业大学8个样本转录组测序-技术服务（委托）合同|Z|VIP-真核普通转录组文库|NA|NORMAL, count=8, reason=总量48.0G低于最小门槛2095.0G[0m
[32m2026-05-28 21:38:44[0m | [1mINFO    [0m | [1m主流程规则分桶跳过: bucket=general:山西农业大学动物科学学院8例转录组测序分析技术服务（委托）合同|Z|VIP-真核普通转录组文库|NA|NORMAL, count=8, reason=总量48.0G低于最小门槛2095.0G[0m
[32m2026-05-28 21:38:44[0m | [1mINFO    [0m | [1m主流程规则分桶跳过: bucket=general:NVUK2026020518-EU-ES-IDIS-ANIMAL-30-MRNASEQ-7.5GB-FEB2026-WBI-QUANTIFICATION|Z|VIP-真核普通转录组文库|NA|NORMAL, count=6, reason=总量45.0G低于最小门槛2095.0G[0m
[32m2026-05-28 21:38:44[0m | [1mINFO    [0m | [1m主流程规则分桶跳过: bucket=general:博奥晶典ILLUMINA建库测序及质控 技术服务（委托）合同-2026年|Z|VIP-真核普通转录组文库|NA|NORMAL, count=7, reason=总量42.0G低于最小门槛2095.0G[0m
[32m2026-05-28 21:38:44[0m | [1mINFO    [0m | [1m主流程规则分桶跳过: bucket=general:天津实验室-百趣-26.4.20-宏基因组+转录组项目技术服务（委托）合同|Z|VIP-真核普通转录组文库|NA|NORMAL, count=7, reason=总量42.0G低于最小门槛2095.0G[0m
[32m2026-05-28 21:38:44[0m | [1mINFO    [0m | [1m主流程规则分桶跳过: bucket=general:江苏省中国科学院植物研究所-32个转录组测序分析-温珺分析技术服务（委托）合同|Z|VIP-真核普通转录组文库|NA|NORMAL, count=7, reason=总量42.0G低于最小门槛2095.0G[0m
[32m2026-05-28 21:38:44[0m | [1mINFO    [0m | [1m主流程规则分桶跳过: bucket=general:西湖大学于洪涛LAB温嫣然老师10个RNA-SEQ建库测序技术服务（委托）合同|Z|VIP-真核普通转录组文库|NA|NORMAL, count=7, reason=总量42.0G低于最小门槛2095.0G[0m
[32m2026-05-28 21:38:44[0m | [1mINFO    [0m | [1m主流程规则分桶跳过: bucket=general:多组学16S+META分析技术服务（委托）合同-DHJ|Z|DNA小片段文库|NA|NORMAL, count=4, reason=总量40.0G低于最小门槛2095.0G[0m
[32m2026-05-28 21:38:44[0m | [1mINFO    [0m | [1m主流程规则分桶跳过: bucket=general:山东省农科院作物所108样本转录组10G分析技术服务（委托）合同|Z|VIP-真核普通转录组文库|NA|NORMAL, count=4, reason=总量40.0G低于最小门槛2095.0G[0m
[32m2026-05-28 21:38:44[0m | [1mINFO    [0m | [1m主流程规则分桶跳过: bucket=general:26宏基因组补分析技术服务（委托）合同|Z|DNA小片段文库|NA|NORMAL, count=36, reason=总量37.3G低于最小门槛2095.0G[0m
[32m2026-05-28 21:38:44[0m | [1mINFO    [0m | [1m主流程规则分桶跳过: bucket=general:北部湾大学张巍老师真核转录组测序分析分析技术服务（委托）合同|Z|VIP-真核普通转录组文库|NA|NORMAL, count=6, reason=总量36.0G低于最小门槛2095.0G[0m
[32m2026-05-28 21:38:44[0m | [1mINFO    [0m | [1m主流程规则分桶跳过: bucket=general:天津实验室-百趣-25.10.23-宏基因组+转录组+WES+自建库项目技术服务（委托）合同|Z|VIP-真核普通转录组文库|NA|NORMAL, count=6, reason=总量36.0G低于最小门槛2095.0G[0m
[32m2026-05-28 21:38:44[0m | [1mINFO    [0m | [1m主流程规则分桶跳过: bucket=general:西农50个原核+原核互作转录组测序分析分析技术服务（委托）合同|Z|原核链特异性转录组文库|NA|NORMAL, count=12, reason=总量32.0G低于最小门槛2095.0G[0m
[32m2026-05-28 21:38:44[0m | [1mINFO    [0m | [1m主流程规则分桶跳过: bucket=general:浙江大学2个BSA测序分析X技术服务（委托）合同|Z|DNA小片段文库|NA|NORMAL, count=2, reason=总量32.0G低于最小门槛2095.0G[0m
[32m2026-05-28 21:38:44[0m | [1mINFO    [0m | [1m主流程规则分桶跳过: bucket=general:ZJP_12转录组分析技术服务（委托）合同|Z|VIP-真核普通转录组文库|NA|NORMAL, count=5, reason=总量30.0G低于最小门槛2095.0G[0m
[32m2026-05-28 21:38:44[0m | [1mINFO    [0m | [1m主流程规则分桶跳过: bucket=general:南昌大学第一附属医院6个细胞CHIPSEQ+转录组测序分析技术服务（委托）合同|Z|VIP-真核普通转录组文库|NA|NORMAL, count=5, reason=总量30.0G低于最小门槛2095.0G[0m
[32m2026-05-28 21:38:44[0m | [1mINFO    [0m | [1m主流程规则分桶跳过: bucket=general:山东省农科院300样本转录组测序分析技术服务（委托）合同|Z|VIP-真核普通转录组文库|NA|NORMAL, count=5, reason=总量30.0G低于最小门槛2095.0G[0m
[32m2026-05-28 21:38:44[0m | [1mINFO    [0m | [1m主流程规则分桶跳过: bucket=general:浙江大学7例小鼠肌肉样本转录组测序分析技术服务（委托）合同|Z|VIP-真核普通转录组文库|NA|NORMAL, count=5, reason=总量30.0G低于最小门槛2095.0G[0m
[32m2026-05-28 21:38:44[0m | [1mINFO    [0m | [1m主流程规则分桶跳过: bucket=general:枣庄学院180样本土壤宏基因组10G分析技术服务（委托）合同|Z|META文库|NA|NORMAL, count=3, reason=总量30.0G低于最小门槛2095.0G[0m
[32m2026-05-28 21:38:44[0m | [1mINFO    [0m | [1m主流程规则分桶跳过: bucket=general:港科大29个宏转录组-提取分析技术服务（委托）合同|Z|宏转录组|NA|NORMAL, count=1, reason=总量30.0G低于最小门槛2095.0G[0m
[32m2026-05-28 21:38:44[0m | [1mINFO    [0m | [1m主流程规则分桶跳过: bucket=general:2026- 北化DNA样本NOVASEQ™ X PLUS微生物全基因组建库测序技术服务（委托）合同-LMZ|Z|DNA小片段文库|NA|NORMAL, count=25, reason=总量25.0G低于最小门槛2095.0G[0m
[32m2026-05-28 21:38:44[0m | [1mINFO    [0m | [1m主流程规则分桶跳过: bucket=general:新农大10个小鼠细胞样本转录组测序分析技术服务（委托）合同|Z|VIP-真核普通转录组文库|NA|NORMAL, count=4, reason=总量24.0G低于最小门槛2095.0G[0m
[32m2026-05-28 21:38:44[0m | [1mINFO    [0m | [1m主流程规则分桶跳过: bucket=general:温州医科大学附属第二医院6例人源细胞转录组测序分析技术服务（委托）合同|Z|VIP-真核普通转录组文库|NA|NORMAL, count=4, reason=总量24.0G低于最小门槛2095.0G[0m
[32m2026-05-28 21:38:44[0m | [1mINFO    [0m | [1m主流程规则分桶跳过: bucket=general:科服+生命知源+2026年转录组框架合同分析技术服务（委托）合同|Z|VIP-真核普通转录组文库|NA|NORMAL, count=4, reason=总量24.0G低于最小门槛2095.0G[0m
[32m2026-05-28 21:38:44[0m | [1mINFO    [0m | [1m主流程规则分桶跳过: bucket=general:药企百济-25年年框分析技术服务（委托）合同|Z|VIP-真核普通转录组文库|NA|NORMAL, count=4, reason=总量24.0G低于最小门槛2095.0G[0m
[32m2026-05-28 21:38:44[0m | [1mINFO    [0m | [1m主流程规则分桶跳过: bucket=general:菌WGS2026Q1技术服务（委托）合同|Z|DNA小片段文库|NA|NORMAL, count=22, reason=总量22.0G低于最小门槛2095.0G[0m
[32m2026-05-28 21:38:44[0m | [1mINFO    [0m | [1m主流程规则分桶跳过: bucket=general:王老师真核普通转录组建库测序（ILLUMINA X PLUS）析技术服务（委托）合同-2026|Z|VIP-真核普通转录组文库|NA|NORMAL, count=7, reason=总量21.0G低于最小门槛2095.0G[0m
[32m2026-05-28 21:38:44[0m | [1mINFO    [0m | [1m主流程规则分桶跳过: bucket=general:新大2个甜瓜样本重测序技术服务（委托）合同|Z|DNA小片段文库|NA|NORMAL, count=2, reason=总量20.0G低于最小门槛2095.0G[0m
[32m2026-05-28 21:38:44[0m | [1mINFO    [0m | [1m主流程规则分桶跳过: bucket=general:江南大学9例原核转录组测序分析技术服务（委托）合同|Z|原核链特异性转录组文库|NA|NORMAL, count=9, reason=总量18.0G低于最小门槛2095.0G[0m
[32m2026-05-28 21:38:44[0m | [1mINFO    [0m | [1m主流程规则分桶跳过: bucket=general:江苏省中国科学院植物研究所-50例重测序-温珺分析技术服务（委托）合同|Z|DNA小片段文库|NA|NORMAL, count=6, reason=总量18.0G低于最小门槛2095.0G[0m
[32m2026-05-28 21:38:44[0m | [1mINFO    [0m | [1m主流程规则分桶跳过: bucket=general:182个XPLUS转录组建库测序技术服务（委托）合同|Z|VIP-真核普通转录组文库|NA|NORMAL, count=3, reason=总量18.0G低于最小门槛2095.0G[0m
[32m2026-05-28 21:38:44[0m | [1mINFO    [0m | [1m主流程规则分桶跳过: bucket=general:2026年1月25日ILLUMINA转录组测序分析技术服务（委托）合同|Z|VIP-真核普通转录组文库|NA|NORMAL, count=3, reason=总量18.0G低于最小门槛2095.0G[0m
[32m2026-05-28 21:38:44[0m | [1mINFO    [0m | [1m主流程规则分桶跳过: bucket=general:51个样本非靶代谢+27个样本12G宏基因组+24个样本转录组测序分析技术服务（委托）合同|Z|VIP-真核普通转录组文库|NA|NORMAL, count=3, reason=总量18.0G低于最小门槛2095.0G[0m
[32m2026-05-28 21:38:44[0m | [1mINFO    [0m | [1m主流程规则分桶跳过: bucket=general:华农兽医100个微生物建库测序技术服务（委托）合同|Z|DNA小片段文库|NA|NORMAL, count=3, reason=总量18.0G低于最小门槛2095.0G[0m
[32m2026-05-28 21:38:44[0m | [1mINFO    [0m | [1m主流程规则分桶跳过: bucket=general:南京市口腔医院3例RNASEQ+6例重分析分析技术服务（委托）合同|Z|VIP-真核普通转录组文库|NA|NORMAL, count=3, reason=总量18.0G低于最小门槛2095.0G[0m
[32m2026-05-28 21:38:44[0m | [1mINFO    [0m | [1m主流程规则分桶跳过: bucket=general:林科院100例转录组额度分析技术服务（委托）合同|Z|VIP-真核普通转录组文库|NA|NORMAL, count=3, reason=总量18.0G低于最小门槛2095.0G[0m
[32m2026-05-28 21:38:44[0m | [1mINFO    [0m | [1m主流程规则分桶跳过: bucket=general:济南市疾控1700例细菌框架图（拼接）+300例微生物全基因组建库测序+270例宏基因组测序分析+80例宏基因组建库测序分析技术服务（委托）合同|Z|META文库|NA|NORMAL, count=3, reason=总量18.0G低于最小门槛2095.0G[0m
[32m2026-05-28 21:38:44[0m | [1mINFO    [0m | [1m主流程规则分桶跳过: bucket=general:珠江医院刘晓舟3个转录组测序分析技术服务（委托）合同|Z|VIP-真核普通转录组文库|NA|NORMAL, count=3, reason=总量18.0G低于最小门槛2095.0G[0m
[32m2026-05-28 21:38:44[0m | [1mINFO    [0m | [1m主流程规则分桶跳过: bucket=general:微生物所细菌建库测序1G（新框架）26年4-6月分析技术服务（委托）合同|Z|DNA小片段文库|NA|NORMAL, count=17, reason=总量17.0G低于最小门槛2095.0G[0m
[32m2026-05-28 21:38:44[0m | [1mINFO    [0m | [1m主流程规则分桶跳过: bucket=general:NVUK2026052038-UA-GREENCLINIC-3-SHOTGUN METAGENOMICS-40GB PE150-WOBI|Z|DNA小片段文库|NA|NORMAL, count=2, reason=总量16.8G低于最小门槛2095.0G[0m
[32m2026-05-28 21:38:44[0m | [1mINFO    [0m | [1m主流程规则分桶跳过: bucket=general:广州医科大学附属第一医院卓超组600个细菌二代建库测序分析技术服务（委托）合同|Z|DNA小片段文库|NA|NORMAL, count=16, reason=总量16.0G低于最小门槛2095.0G[0m
[32m2026-05-28 21:38:44[0m | [1mINFO    [0m | [1m主流程规则分桶跳过: bucket=general:25Q3-JL-RNA建库测序技术服务（委托）合同|Z|LNC非互作文库|NA|NORMAL, count=3, reason=总量15.0G低于最小门槛2095.0G[0m
[32m2026-05-28 21:38:44[0m | [1mINFO    [0m | [1m主流程规则分桶跳过: bucket=general:复旦大学 马国-庞莉园 90例转录+120例非靶+30例（RAPID蛋白+脂质+非靶）测序分析技术服务（委托）合同|Z|DNA小片段文库|NA|NORMAL, count=12, reason=总量14.2G低于最小门槛2095.0G[0m
[32m2026-05-28 21:38:44[0m | [1mINFO    [0m | [1m主流程规则分桶跳过: bucket=general:25-Q4-DNA建库测序-JL分析技术服务（委托）合同|Z|DNA小片段文库|NA|NORMAL, count=14, reason=总量14.0G低于最小门槛2095.0G[0m
[32m2026-05-28 21:38:44[0m | [1mINFO    [0m | [1m主流程规则分桶跳过: bucket=general:盐城市第三人民医院16株细菌全基因组测序技术服务（委托）合同|Z|DNA小片段文库|NA|NORMAL, count=14, reason=总量14.0G低于最小门槛2095.0G[0m
[32m2026-05-28 21:38:44[0m | [1mINFO    [0m | [1m主流程规则分桶跳过: bucket=general:细菌基因组建库测序分析-L-Y分析技术服务（委托）合同|Z|DNA小片段文库|NA|NORMAL, count=7, reason=总量14.0G低于最小门槛2095.0G[0m
[32m2026-05-28 21:38:44[0m | [1mINFO    [0m | [1m主流程规则分桶跳过: bucket=general:海洋三所9个单菌和4个扩增子分析技术服务（委托）合同|Z|DNA小片段文库|NA|NORMAL, count=3, reason=总量12.0G低于最小门槛2095.0G[0m
[32m2026-05-28 21:38:44[0m | [1mINFO    [0m | [1m主流程规则分桶跳过: bucket=general:BZ-365例转录组测序分析技术服务（委托）合同|Z|VIP-真核普通转录组文库|NA|NORMAL, count=2, reason=总量12.0G低于最小门槛2095.0G[0m
[32m2026-05-28 21:38:44[0m | [1mINFO    [0m | [1m主流程规则分桶跳过: bucket=general:基础所王子乔老师（曹雪涛组）转录组测序分析项目协议-2026.5.14|Z|VIP-真核普通转录组文库|NA|NORMAL, count=2, reason=总量12.0G低于最小门槛2095.0G[0m
[32m2026-05-28 21:38:44[0m | [1mINFO    [0m | [1m主流程规则分桶跳过: bucket=general:宏基因组测序分析（框架）技术服务（委托）合同|Z|META文库|NA|NORMAL, count=2, reason=总量12.0G低于最小门槛2095.0G[0m
[32m2026-05-28 21:38:44[0m | [1mINFO    [0m | [1m主流程规则分桶跳过: bucket=general:药物所刘老师3例有参转录组分析技术服务（委托）合同|Z|VIP-真核普通转录组文库|NA|NORMAL, count=2, reason=总量12.0G低于最小门槛2095.0G[0m
[32m2026-05-28 21:38:44[0m | [1mINFO    [0m | [1m主流程规则分桶跳过: bucket=general:赣南医科大学4例人核酸样本+8例小鼠结直肠样本转录组测序分析技术服务（委托）合同|Z|VIP-真核普通转录组文库|NA|NORMAL, count=2, reason=总量12.0G低于最小门槛2095.0G[0m
[32m2026-05-28 21:38:44[0m | [1mINFO    [0m | [1m主流程规则分桶跳过: bucket=general:【药企】荣灿生物医药转录组和外显子建库测序分析技术服务（委托）合同|Z|VIP-真核普通转录组文库|NA|NORMAL, count=1, reason=总量12.0G低于最小门槛2095.0G[0m
[32m2026-05-28 21:38:44[0m | [1mINFO    [0m | [1m主流程规则分桶跳过: bucket=general:扬州大学-1000例细菌建库测序（交付CLEAN）分析技术服务（委托）合同|Z|DNA小片段文库|NA|NORMAL, count=10, reason=总量10.0G低于最小门槛2095.0G[0m
[32m2026-05-28 21:38:44[0m | [1mINFO    [0m | [1m主流程规则分桶跳过: bucket=general:疾控中心200例细菌框架图-惠青分析技术服务（委托）合同|Z|DNA小片段文库|NA|NORMAL, count=10, reason=总量10.0G低于最小门槛2095.0G[0m
[32m2026-05-28 21:38:44[0m | [1mINFO    [0m | [1m主流程规则分桶跳过: bucket=general:山东师范大学50例全基因组测序2G分析82技术服务（委托）合同|Z|DNA小片段文库|NA|NORMAL, count=5, reason=总量10.0G低于最小门槛2095.0G[0m
[32m2026-05-28 21:38:44[0m | [1mINFO    [0m | [1m主流程规则分桶跳过: bucket=general:山东师范大学50样本转录组8G建库测序技术服务（委托）合同|Z|VIP-真核普通转录组文库|NA|NORMAL, count=1, reason=总量8.0G低于最小门槛2095.0G[0m
[32m2026-05-28 21:38:44[0m | [1mINFO    [0m | [1m主流程规则分桶跳过: bucket=general:扩增子（16S+ITS)+宏基因组+代谢组分析技术服务（委托）合同-Y|Z|DNA小片段文库|NA|NORMAL, count=3, reason=总量7.7G低于最小门槛2095.0G[0m
[32m2026-05-28 21:38:44[0m | [1mINFO    [0m | [1m主流程规则分桶跳过: bucket=general:2026噬菌体测序分析技术服务（委托）合同|Z|DNA小片段文库|NA|NORMAL, count=7, reason=总量7.0G低于最小门槛2095.0G[0m
[32m2026-05-28 21:38:44[0m | [1mINFO    [0m | [1m主流程规则分桶跳过: bucket=general:福建医科大学附属第一医院120个转录组建库测序技术服务（委托）合同-26.2.11|Z|VIP-真核普通转录组文库|NA|NORMAL, count=2, reason=总量7.0G低于最小门槛2095.0G[0m
[32m2026-05-28 21:38:44[0m | [1mINFO    [0m | [1m主流程规则分桶跳过: bucket=general:元昇生物（武汉）有限公司6个样本基因组测序分析技术服务（委托）合同|Z|DNA小片段文库|NA|NORMAL, count=6, reason=总量6.0G低于最小门槛2095.0G[0m
[32m2026-05-28 21:38:44[0m | [1mINFO    [0m | [1m主流程规则分桶跳过: bucket=general:川北医学院原核转录组测序分析技术服务（委托）合同|Z|原核链特异性转录组文库|NA|NORMAL, count=6, reason=总量6.0G低于最小门槛2095.0G[0m
[32m2026-05-28 21:38:44[0m | [1mINFO    [0m | [1m主流程规则分桶跳过: bucket=general:广西大学6例原核转录组测序分析技术服务（委托）合同|Z|原核链特异性转录组文库|NA|NORMAL, count=6, reason=总量6.0G低于最小门槛2095.0G[0m
[32m2026-05-28 21:38:44[0m | [1mINFO    [0m | [1m主流程规则分桶跳过: bucket=general:微生物所细菌建库测序1G（新框架）26年4-6月分析技术服务（委托）合同|Z|微生物常规小片段文库|NA|NORMAL, count=6, reason=总量6.0G低于最小门槛2095.0G[0m
[32m2026-05-28 21:38:44[0m | [1mINFO    [0m | [1m主流程规则分桶跳过: bucket=general:江南大学赵小敏6个原核转录组+16S扩增子测序分析技术服务（委托）合同|Z|原核链特异性转录组文库|NA|NORMAL, count=6, reason=总量6.0G低于最小门槛2095.0G[0m
[32m2026-05-28 21:38:44[0m | [1mINFO    [0m | [1m主流程规则分桶跳过: bucket=general:原核转录组测序分析（2G）高级分析分析技术服务（委托）合同|Z|原核链特异性转录组文库|NA|NORMAL, count=3, reason=总量6.0G低于最小门槛2095.0G[0m
[32m2026-05-28 21:38:44[0m | [1mINFO    [0m | [1m主流程规则分桶跳过: bucket=general:天津大学6例原核转录组+分析分析技术服务（委托）合同|Z|原核链特异性转录组文库|NA|NORMAL, count=3, reason=总量6.0G低于最小门槛2095.0G[0m
[32m2026-05-28 21:38:44[0m | [1mINFO    [0m | [1m主流程规则分桶跳过: bucket=general:天津师范大学细菌真菌全基因组+5例原核转录组+6例真核转录组分析技术服务（委托）合同|Z|原核链特异性转录组文库|NA|NORMAL, count=3, reason=总量6.0G低于最小门槛2095.0G[0m
[32m2026-05-28 21:38:44[0m | [1mINFO    [0m | [1m主流程规则分桶跳过: bucket=general:100个转录组 XPLUS分析技术服务（委托）合同|Z|VIP-真核普通转录组文库|NA|NORMAL, count=1, reason=总量6.0G低于最小门槛2095.0G[0m
[32m2026-05-28 21:38:44[0m | [1mINFO    [0m | [1m主流程规则分桶跳过: bucket=general:16个转录组分析技术服务（委托）合同-LZ|Z|VIP-真核普通转录组文库|NA|NORMAL, count=1, reason=总量6.0G低于最小门槛2095.0G[0m
[32m2026-05-28 21:38:44[0m | [1mINFO    [0m | [1m主流程规则分桶跳过: bucket=general:26医口转录组分析技术服务（委托）合同|Z|VIP-真核普通转录组文库|NA|NORMAL, count=1, reason=总量6.0G低于最小门槛2095.0G[0m
[32m2026-05-28 21:38:44[0m | [1mINFO    [0m | [1m主流程规则分桶跳过: bucket=general:内蒙古农业大学36个转录组+LC-MS非靶向代谢组+16S微生物多样性测序分析技术服务（委托）合同|Z|VIP-真核普通转录组文库|NA|NORMAL, count=1, reason=总量6.0G低于最小门槛2095.0G[0m
[32m2026-05-28 21:38:44[0m | [1mINFO    [0m | [1m主流程规则分桶跳过: bucket=general:厦大12个微量提取-常量建库转录组分析技术服务（委托）合同|Z|VIP-真核普通转录组文库|NA|NORMAL, count=1, reason=总量6.0G低于最小门槛2095.0G[0m
[32m2026-05-28 21:38:44[0m | [1mINFO    [0m | [1m主流程规则分桶跳过: bucket=general:大连医科大学附属第一医院6个转录组技术服务（委托）合同|Z|VIP-真核普通转录组文库|NA|NORMAL, count=1, reason=总量6.0G低于最小门槛2095.0G[0m
[32m2026-05-28 21:38:44[0m | [1mINFO    [0m | [1m主流程规则分桶跳过: bucket=general:天津肿瘤医院200例转录+HQ代谢测序分析技术服务（委托）合同-彭碧佳|Z|VIP-真核普通转录组文库|NA|NORMAL, count=1, reason=总量6.0G低于最小门槛2095.0G[0m
[32m2026-05-28 21:38:44[0m | [1mINFO    [0m | [1m主流程规则分桶跳过: bucket=general:山东大学齐鲁医院80例DEEP DIA+80例转录组建库测序分析技术服务（委托）合同-余雯菲|Z|VIP-真核普通转录组文库|NA|NORMAL, count=1, reason=总量6.0G低于最小门槛2095.0G[0m
[32m2026-05-28 21:38:44[0m | [1mINFO    [0m | [1m主流程规则分桶跳过: bucket=general:山东省农业科学院6样本转录组+4样本扩增子双区域分析技术服务（委托）合同|Z|真核普通转录组文库|NA|NORMAL, count=1, reason=总量6.0G低于最小门槛2095.0G[0m
[32m2026-05-28 21:38:44[0m | [1mINFO    [0m | [1m主流程规则分桶跳过: bucket=general:山东省农科院300样本转录组测序分析技术服务（委托）合同|Z|真核普通转录组文库|NA|NORMAL, count=1, reason=总量6.0G低于最小门槛2095.0G[0m
[32m2026-05-28 21:38:44[0m | [1mINFO    [0m | [1m主流程规则分桶跳过: bucket=general:海大转录加代谢分析技术服务（委托）合同|Z|VIP-真核普通转录组文库|NA|NORMAL, count=1, reason=总量6.0G低于最小门槛2095.0G[0m
[32m2026-05-28 21:38:44[0m | [1mINFO    [0m | [1m主流程规则分桶跳过: bucket=general:清华大学HJZ4个转录组测序分析技术服务（委托）合同|Z|VIP-真核普通转录组文库|NA|NORMAL, count=1, reason=总量6.0G低于最小门槛2095.0G[0m
[32m2026-05-28 21:38:44[0m | [1mINFO    [0m | [1m主流程规则分桶跳过: bucket=general:湖大18个真核有参转录组分析技术服务（委托）合同|Z|VIP-真核普通转录组文库|NA|NORMAL, count=1, reason=总量6.0G低于最小门槛2095.0G[0m
[32m2026-05-28 21:38:44[0m | [1mINFO    [0m | [1m主流程规则分桶跳过: bucket=general:草原研究所48样本真核转录组分析技术服务（委托）合同|Z|VIP-真核普通转录组文库|NA|NORMAL, count=1, reason=总量6.0G低于最小门槛2095.0G[0m
[32m2026-05-28 21:38:44[0m | [1mINFO    [0m | [1m主流程规则分桶跳过: bucket=general:西农10个重测序+100个转录组测序技术服务（委托）合同|Z|VIP-真核普通转录组文库|NA|NORMAL, count=1, reason=总量6.0G低于最小门槛2095.0G[0m
[32m2026-05-28 21:38:44[0m | [1mINFO    [0m | [1m主流程规则分桶跳过: bucket=general:解放军总医院62例转录组高级分析分析技术服务（委托）合同|Z|VIP-真核普通转录组文库|NA|NORMAL, count=1, reason=总量6.0G低于最小门槛2095.0G[0m
[32m2026-05-28 21:38:44[0m | [1mINFO    [0m | [1m主流程规则分桶跳过: bucket=general:海科院1个1个PB真菌精细图带HIC+1个细菌完成图-FY分析技术服务（委托）合同|Z|DNA小片段文库|NA|NORMAL, count=3, reason=总量5.0G低于最小门槛2095.0G[0m
[32m2026-05-28 21:38:44[0m | [1mINFO    [0m | [1m主流程规则分桶跳过: bucket=general:青农1个鸭内脏DNA+RNA宏病毒建库测序-PQ分析技术服务（委托）合同|Z|DNA小片段文库|NA|NORMAL, count=1, reason=总量5.0G低于最小门槛2095.0G[0m
[32m2026-05-28 21:38:44[0m | [1mINFO    [0m | [1m主流程规则分桶跳过: bucket=general:济南市疾控1700例细菌框架图（拼接）+300例微生物全基因组建库测序+270例宏基因组测序分析+80例宏基因组建库测序分析技术服务（委托）合同|Z|DNA小片段文库|NA|NORMAL, count=4, reason=总量4.0G低于最小门槛2095.0G[0m
[32m2026-05-28 21:38:44[0m | [1mINFO    [0m | [1m主流程规则分桶跳过: bucket=general:烟草基因中心1例细菌样本二代+三代基因组分析技术服务（委托）合同|Z|DNA小片段文库|NA|NORMAL, count=4, reason=总量4.0G低于最小门槛2095.0G[0m
[32m2026-05-28 21:38:44[0m | [1mINFO    [0m | [1m主流程规则分桶跳过: bucket=general:青岛农业大学4个大肠杆菌重测序分析-LMJ分析技术服务（委托）合同|Z|DNA小片段文库|NA|NORMAL, count=4, reason=总量4.0G低于最小门槛2095.0G[0m
[32m2026-05-28 21:38:44[0m | [1mINFO    [0m | [1m主流程规则分桶跳过: bucket=general:海南省人民医院宏基因组建库测序分析技术服务（委托）合同|Z|DNA小片段文库|NA|NORMAL, count=4, reason=总量3.2G低于最小门槛2095.0G[0m
[32m2026-05-28 21:38:44[0m | [1mINFO    [0m | [1m主流程规则分桶跳过: bucket=general:山西医科大学50例细菌完成图测序分析分析技术服务（委托）合同|Z|DNA小片段文库|NA|NORMAL, count=3, reason=总量3.0G低于最小门槛2095.0G[0m
[32m2026-05-28 21:38:44[0m | [1mINFO    [0m | [1m主流程规则分桶跳过: bucket=general:项目50个原核转录组分析技术服务（委托）合同|Z|原核链特异性转录组文库|NA|NORMAL, count=3, reason=总量3.0G低于最小门槛2095.0G[0m
[32m2026-05-28 21:38:44[0m | [1mINFO    [0m | [1m主流程规则分桶跳过: bucket=general:2026年深圳惠通生物二代建库测序分析技术服务（委托）合同|Z|DNA小片段文库|NA|NORMAL, count=3, reason=总量2.4G低于最小门槛2095.0G[0m
[32m2026-05-28 21:38:44[0m | [1mINFO    [0m | [1m主流程规则分桶跳过: bucket=general:一批宏基因组、单菌基因组和16S扩增子建库测序分析技术服务（委托）合同|Z|DNA小片段文库|NA|NORMAL, count=3, reason=总量2.4G低于最小门槛2095.0G[0m
[32m2026-05-28 21:38:44[0m | [1mINFO    [0m | [1m主流程规则分桶跳过: bucket=general:上科大44例转录组建库测序6G+44例非靶代谢组分析技术服务（委托）合同|Z|VIP-真核普通转录组文库|NA|NORMAL, count=3, reason=总量2.4G低于最小门槛2095.0G[0m
[32m2026-05-28 21:38:44[0m | [1mINFO    [0m | [1m主流程规则分桶跳过: bucket=general:青岛极智ILLMINA平台DNA小片段+MRNA建库测序技术服务（委托）合同|Z|VIP-真核普通转录组文库|NA|NORMAL, count=3, reason=总量2.4G低于最小门槛2095.0G[0m
[32m2026-05-28 21:38:44[0m | [1mINFO    [0m | [1m主流程规则分桶跳过: bucket=general:全基因组重测序+分析分析技术服务（委托）合同|Z|DNA小片段文库|NA|NORMAL, count=2, reason=总量2.0G低于最小门槛2095.0G[0m
[32m2026-05-28 21:38:44[0m | [1mINFO    [0m | [1m主流程规则分桶跳过: bucket=general:民海-10-细菌完成图+细菌框架图分析技术服务（委托）合同|Z|DNA小片段文库|NA|NORMAL, count=2, reason=总量2.0G低于最小门槛2095.0G[0m
[32m2026-05-28 21:38:44[0m | [1mINFO    [0m | [1m主流程规则分桶跳过: bucket=general:厦门疾控75株单菌全基因组测序分析技术服务（委托）合同|Z|DNA小片段文库|NA|NORMAL, count=1, reason=总量2.0G低于最小门槛2095.0G[0m
[32m2026-05-28 21:38:44[0m | [1mINFO    [0m | [1m主流程规则分桶跳过: bucket=general:莆田疾控中心微生物全基因组，16S扩增子和宏基因组测序分析技术服务（委托）合同|Z|DNA小片段文库|NA|NORMAL, count=1, reason=总量2.0G低于最小门槛2095.0G[0m
[32m2026-05-28 21:38:44[0m | [1mINFO    [0m | [1m主流程规则分桶跳过: bucket=general:【工业】海天集团-2025年李雪飞老师全基因组建库测序项目分析技术服务（委托）合同|Z|VIP-真核普通转录组文库|NA|NORMAL, count=2, reason=总量1.6G低于最小门槛2095.0G[0m
[32m2026-05-28 21:38:44[0m | [1mINFO    [0m | [1m主流程规则分桶跳过: bucket=general:25年200个二代基因组测序分析技术服务（委托）合同|Z|DNA小片段文库|NA|NORMAL, count=1, reason=总量1.0G低于最小门槛2095.0G[0m
[32m2026-05-28 21:38:44[0m | [1mINFO    [0m | [1m主流程规则分桶跳过: bucket=general:Y-100个原核转录组XPLUS分析技术服务（委托）合同|Z|原核链特异性转录组文库|NA|NORMAL, count=1, reason=总量1.0G低于最小门槛2095.0G[0m
[32m2026-05-28 21:38:44[0m | [1mINFO    [0m | [1m主流程规则分桶跳过: bucket=general:南开大学6例原核转录组-0522分析技术服务（委托）合同|Z|原核链特异性转录组文库|NA|NORMAL, count=1, reason=总量1.0G低于最小门槛2095.0G[0m
[32m2026-05-28 21:38:44[0m | [1mINFO    [0m | [1m主流程规则分桶跳过: bucket=general:福建农林大学3例样本细菌框架图测序分析技术服务（委托）合同|Z|DNA小片段文库|NA|NORMAL, count=1, reason=总量1.0G低于最小门槛2095.0G[0m
[32m2026-05-28 21:38:44[0m | [1mINFO    [0m | [1m主流程规则分桶跳过: bucket=general:2025年蓝晶微生物宏基因组及扩增子测序分析技术服务（委托）合同|Z|DNA小片段文库|NA|NORMAL, count=1, reason=总量0.8G低于最小门槛2095.0G[0m
[32m2026-05-28 21:38:44[0m | [1mINFO    [0m | [1m主流程规则分桶跳过: bucket=general:29个样本宏基因组测序分析技术服务（委托）合同|Z|META文库|NA|NORMAL, count=1, reason=总量0.8G低于最小门槛2095.0G[0m
[32m2026-05-28 21:38:44[0m | [1mINFO    [0m | [1m主流程规则分桶跳过: bucket=general:400个样本细菌框架图提取建库测序组装技术服务（委托）合同|Z|DNA小片段文库|NA|NORMAL, count=1, reason=总量0.8G低于最小门槛2095.0G[0m
[32m2026-05-28 21:38:44[0m | [1mINFO    [0m | [1m主流程规则分桶跳过: bucket=general:内蒙古农业大学单菌建库测序质控分析技术服务（委托）合同|Z|DNA小片段文库|NA|NORMAL, count=1, reason=总量0.8G低于最小门槛2095.0G[0m
[32m2026-05-28 21:38:44[0m | [1mINFO    [0m | [1m主流程规则分桶跳过: bucket=general:微生物建库测序1G（框架）技术服务（委托）合同|Z|DNA小片段文库|NA|NORMAL, count=1, reason=总量0.8G低于最小门槛2095.0G[0m
[32m2026-05-28 21:38:44[0m | [1mINFO    [0m | [1m主流程规则分桶跳过: bucket=general:湖北中医药大学9个转录组学测序分析技术服务（委托）合同|Z|VIP-真核普通转录组文库|NA|NORMAL, count=1, reason=总量0.8G低于最小门槛2095.0G[0m
[32m2026-05-28 21:38:44[0m | [1mINFO    [0m | [1m主流程规则分桶跳过: bucket=general:胸科医院12例医口转录组-ILLUMINA分析技术服务（委托）合同|Z|VIP-真核普通转录组文库|NA|NORMAL, count=1, reason=总量0.8G低于最小门槛2095.0G[0m
[32m2026-05-28 21:38:44[0m | [1mINFO    [0m | [1m主流程规则分桶跳过: bucket=general:贵州108个土壤宏基因组测序分析赠高级分析分析技术服务（委托）合同|Z|DNA小片段文库|NA|NORMAL, count=1, reason=总量0.8G低于最小门槛2095.0G[0m
[32m2026-05-28 21:38:44[0m | [1mINFO    [0m | [1m主流程规则分桶跳过: bucket=general:项目1000个DNA建库测序技术服务（委托）合同|Z|DNA小片段文库|NA|NORMAL, count=1, reason=总量0.8G低于最小门槛2095.0G[0m
[32m2026-05-28 21:38:44[0m | [1mINFO    [0m | [1m主流程规则分桶预调度完成: 分桶=338，桶后尾货=2834个/25589.8G[0m
[32m2026-05-28 21:38:44[0m | [1mINFO    [0m | [1m主流程尾货统一补排启动: count=2834, data=25589.8G[0m
[32m2026-05-28 21:38:44[0m | [1mINFO    [0m | [1m开始逐Lane贪心排机 - 文库数: 2834[0m
[32m2026-05-28 21:38:44[0m | [1mINFO    [0m | [1m预拆分完成: 使用外层已拆分文库[0m
[32m2026-05-28 21:38:44[0m | [1mINFO    [0m | [1m使用外部传入的全局分析报告（全量文库），跳过内部分析[0m
[32m2026-05-28 21:38:44[0m | [1mINFO    [0m | [1m处理机器类型 Nova X-25B - 文库数: 2790 - Lane容量: 1050.0GB, 利用率区间: [100%, 100%], 特殊文库上限: 350GB[0m
[32m2026-05-28 21:38:44[0m | [1mINFO    [0m | [1m碱基不均衡专用Lane策略: 328个碱基不均衡文库[0m
[32m2026-05-28 21:38:44[0m | [1mINFO    [0m | [1m专用Lane分组G29剩余合同量273.0G无法满足1.1或3.6T-NEW有效容量下限[0m
[32m2026-05-28 21:38:44[0m | [1mINFO    [0m | [1m专用Lane分组G50剩余合同量82.5G无法满足1.1或3.6T-NEW有效容量下限[0m
[32m2026-05-28 21:38:44[0m | [1mINFO    [0m | [1m专用Lane分组G33剩余合同量110.0G无法满足1.1或3.6T-NEW有效容量下限[0m
[32m2026-05-28 21:38:44[0m | [1mINFO    [0m | [1m专用Lane分组G26剩余合同量794.0G无法满足1.1或3.6T-NEW有效容量下限[0m
[32m2026-05-28 21:38:44[0m | [1mINFO    [0m | [1m专用Lane分组G25剩余合同量190.0G无法满足1.1或3.6T-NEW有效容量下限[0m
[32m2026-05-28 21:38:44[0m | [1mINFO    [0m | [1m专用Lane分组G31剩余合同量121.3G无法满足1.1或3.6T-NEW有效容量下限[0m
[32m2026-05-28 21:38:44[0m | [1mINFO    [0m | [1m专用Lane分组G36剩余合同量7.4G无法满足1.1或3.6T-NEW有效容量下限[0m
[32m2026-05-28 21:38:44[0m | [1mINFO    [0m | [1m专用Lane分组G4剩余合同量115.0G无法满足1.1或3.6T-NEW有效容量下限[0m
[32m2026-05-28 21:38:44[0m | [1mINFO    [0m | [1m专用Lane分组G6剩余合同量210.0G无法满足1.1或3.6T-NEW有效容量下限[0m
[32m2026-05-28 21:38:44[0m | [1mINFO    [0m | [1m专用Lane分组G52剩余合同量10.0G无法满足1.1或3.6T-NEW有效容量下限[0m
[32m2026-05-28 21:38:44[0m | [1mINFO    [0m | [1m专用Lane分组G24剩余合同量15.0G无法满足1.1或3.6T-NEW有效容量下限[0m
[32m2026-05-28 21:38:44[0m | [1mINFO    [0m | [1m专用Lane分组G5剩余合同量5.0G无法满足1.1或3.6T-NEW有效容量下限[0m
[32m2026-05-28 21:38:44[0m | [1mINFO    [0m | [1m专用Lane分组G35剩余合同量6.9G无法满足1.1或3.6T-NEW有效容量下限[0m
[32m2026-05-28 21:38:44[0m | [1mINFO    [0m | [1m形成0条专用Lane，剩余328个碱基不均衡文库[0m
[32m2026-05-28 21:38:49[0m | [1mINFO    [0m | [1m第二轮排机: 2535 个未分配文库（随机顺序）[0m
[32m2026-05-28 21:38:52[0m | [1mINFO    [0m | [1m第三轮排机: 2535 个未分配文库（小文库优先）[0m
[32m2026-05-28 21:39:17[0m | [1mINFO    [0m | [1m连续5轮无新Lane且未分配池不变，提前结束无效重试[0m
[32m2026-05-28 21:39:17[0m | [1mINFO    [0m | [1m专用Lane分组G29剩余合同量273.0G无法满足1.1或3.6T-NEW有效容量下限[0m
[32m2026-05-28 21:39:17[0m | [1mINFO    [0m | [1m专用Lane分组G50剩余合同量82.5G无法满足1.1或3.6T-NEW有效容量下限[0m
[32m2026-05-28 21:39:17[0m | [1mINFO    [0m | [1m专用Lane分组G33剩余合同量110.0G无法满足1.1或3.6T-NEW有效容量下限[0m
[32m2026-05-28 21:39:17[0m | [1mINFO    [0m | [1m专用Lane分组G25剩余合同量190.0G无法满足1.1或3.6T-NEW有效容量下限[0m
[32m2026-05-28 21:39:17[0m | [1mINFO    [0m | [1m专用Lane分组G26剩余合同量794.0G无法满足1.1或3.6T-NEW有效容量下限[0m
[32m2026-05-28 21:39:17[0m | [1mINFO    [0m | [1m专用Lane分组G31剩余合同量121.3G无法满足1.1或3.6T-NEW有效容量下限[0m
[32m2026-05-28 21:39:17[0m | [1mINFO    [0m | [1m专用Lane分组G36剩余合同量7.4G无法满足1.1或3.6T-NEW有效容量下限[0m
[32m2026-05-28 21:39:17[0m | [1mINFO    [0m | [1m专用Lane分组G4剩余合同量115.0G无法满足1.1或3.6T-NEW有效容量下限[0m
[32m2026-05-28 21:39:17[0m | [1mINFO    [0m | [1m专用Lane分组G6剩余合同量210.0G无法满足1.1或3.6T-NEW有效容量下限[0m
[32m2026-05-28 21:39:17[0m | [1mINFO    [0m | [1m专用Lane分组G52剩余合同量10.0G无法满足1.1或3.6T-NEW有效容量下限[0m
[32m2026-05-28 21:39:17[0m | [1mINFO    [0m | [1m专用Lane分组G24剩余合同量15.0G无法满足1.1或3.6T-NEW有效容量下限[0m
[32m2026-05-28 21:39:17[0m | [1mINFO    [0m | [1m专用Lane分组G5剩余合同量5.0G无法满足1.1或3.6T-NEW有效容量下限[0m
[32m2026-05-28 21:39:17[0m | [1mINFO    [0m | [1m专用Lane分组G35剩余合同量6.9G无法满足1.1或3.6T-NEW有效容量下限[0m
[32m2026-05-28 21:39:17[0m | [1mINFO    [0m | [1m专用Lane创建完成: 0条Lane, 304个碱基不均衡文库待分配, 1844个中性文库待分配[0m
[32m2026-05-28 21:39:17[0m | [1mINFO    [0m | [1m处理机器类型 NovaSeq X Plus - 文库数: 44 - Lane容量: 1100GB, 利用率区间: [100%, 100%], 特殊文库上限: 350GB[0m
[32m2026-05-28 21:39:17[0m | [1mINFO    [0m | [1m碱基不均衡专用Lane策略: 31个碱基不均衡文库[0m
[32m2026-05-28 21:39:17[0m | [1mINFO    [0m | [1m专用Lane分组G26剩余合同量6.0G无法满足1.1或3.6T-NEW有效容量下限[0m
[32m2026-05-28 21:39:17[0m | [1mINFO    [0m | [1m专用Lane分组G36剩余合同量7.2G无法满足1.1或3.6T-NEW有效容量下限[0m
[32m2026-05-28 21:39:17[0m | [1mINFO    [0m | [1m专用Lane分组G22剩余合同量9.0G无法满足1.1或3.6T-NEW有效容量下限[0m
[32m2026-05-28 21:39:17[0m | [1mINFO    [0m | [1m形成0条专用Lane，剩余31个碱基不均衡文库[0m
[32m2026-05-28 21:39:17[0m | [1mINFO    [0m | [1m剩余池总量664.2GB不足最小成Lane门槛2095.0GB，跳过后续随机重试[0m
[32m2026-05-28 21:39:17[0m | [1mINFO    [0m | [1m专用Lane分组G26剩余合同量6.0G无法满足1.1或3.6T-NEW有效容量下限[0m
[32m2026-05-28 21:39:17[0m | [1mINFO    [0m | [1m专用Lane分组G36剩余合同量7.2G无法满足1.1或3.6T-NEW有效容量下限[0m
[32m2026-05-28 21:39:17[0m | [1mINFO    [0m | [1m专用Lane分组G22剩余合同量9.0G无法满足1.1或3.6T-NEW有效容量下限[0m
[32m2026-05-28 21:39:17[0m | [1mINFO    [0m | [1m专用Lane创建完成: 0条Lane, 31个碱基不均衡文库待分配, 13个中性文库待分配[0m
[32m2026-05-28 21:39:17[0m | [1mINFO    [0m | [1m最后填充策略: 尝试将2192个未分配文库塞入已有Lane[0m
[32m2026-05-28 21:39:23[0m | [1mINFO    [0m | [1m最后填充策略: 成功塞入33个文库，踢出0个违反规则的文库，剩余2159个无法分配[0m
[32m2026-05-28 21:39:24[0m | [1mINFO    [0m | [1m挪移优化: 未分配数据量21080GB已足够，尝试精选组建新Lane[0m
[32m2026-05-28 21:39:24[0m | [1mINFO    [0m | [1m残余精选: 内部1867个, 客户292个[0m
[32m2026-05-28 21:39:24[0m | [1mINFO    [0m | [1m成Lane校验程序初始化完成 (严格模式: True, 碱基不均衡上限: 35%, 特殊文库关键词: 9个)[0m
[32m2026-05-28 21:39:24[0m | [1mINFO    [0m | [1m残余精选: 验证失败 - ValidationError(rule_type=<ValidationRuleType.BASE_IMBALANCE_RATIO: 'base_imbalance_ratio'>, severity=<ValidationSeverity.ERROR: 'error'>, message='碱基不均衡占比57.4%超过35%限制', current_value=0.5742793791574279, threshold_value=0.35, affected_libraries=[14300579, 14300539, 14299913, 14299911, 14299929, 14304323, 14300628, 14300634, 14304594]), ValidationError(rule_type=<ValidationRuleType.SPECIAL_LIBRARY_LIMIT: 'special_library_limit'>, severity=<ValidationSeverity.ERROR: 'error'>, message='特殊文库总量1295.0G超过350.0G限制', current_value=1295.0, threshold_value=350.0, affected_libraries=[14300579, 14300539, 14299913, 14299911, 14299929, 14304323, 14300628, 14300634, 14304594])[0m
[32m2026-05-28 21:39:24[0m | [1mINFO    [0m | [1m挪移优化: 精选组建失败，继续尝试挪移策略[0m
[32m2026-05-28 21:39:24[0m | [1mINFO    [0m | [1m挪移优化: 未分配2159个文库(21080GB)，需要从现有Lane挪出-18985GB[0m
[32m2026-05-28 21:39:24[0m | [33m[1mWARNING [0m | [33m[1m挪移优化: 新Lane GL_NovaSeq X Plus_002 验证失败: 容量超限: 21079.9GB > 2255.0GB，放弃创建[0m
[32m2026-05-28 21:39:24[0m | [1mINFO    [0m | [1m逐Lane贪心排机完成 - Lane数: 2, 已分配: 675/2834, 未分配: 2159, 平均利用率: 106.7%, 耗时: 40.03秒[0m
[32m2026-05-28 21:39:24[0m | [1mINFO    [0m | [1m成Lane校验程序初始化完成 (严格模式: False, 碱基不均衡上限: 35%, 特殊文库关键词: 9个)[0m
[32m2026-05-28 21:39:24[0m | [1mINFO    [0m | [1m最终验证结果: 2条Lane通过，2159个文库未分配[0m
[32m2026-05-28 21:39:24[0m | [1mINFO    [0m | [1mwkspecialsplits边排边检查完成: 无需调整[0m
[32m2026-05-28 21:39:25[0m | [1mINFO    [0m | [1m验证完成：4条Lane通过验证[0m
[32m2026-05-28 21:39:25[0m | [1mINFO    [0m | [1m57规则二次改排救援已关闭，失败Lane文库回收到未分配池[0m
[32m2026-05-28 21:39:25[0m | [1mINFO    [0m | [1m高成本救援(EX/RB)跳过: 已有1.1 Lane成功落地，剩余未分配池=2159个/21079.9G，跳过高成本救援以保证主流程输出[0m
[32m2026-05-28 21:39:25[0m | [1mINFO    [0m | [1m分层重组救援（大池降配）: 未分配=2159个/21079.9G，每机台每阶段限 4 条[0m
[32m2026-05-28 21:39:25[0m | [1mINFO    [0m | [1m补Lane尝试: variant=manual_or_risk:HONG KONG-CUHK-PROF YU JUN-LIU YALI-912 HUMAN WES-15G-WOBI-AMEA2026050721|S|外显子文库|NA|MANUAL_RISK, lane_prefix=MG, pool_size=38, pool_data=2280.000G, prioritize_scattered_mix=True[0m
[32m2026-05-28 21:39:25[0m | [1mINFO    [0m | [1m补Lane尝试: variant=manual_or_risk:HONG KONG-CUHK-PROF YU JUN-LIU YALI-912 HUMAN WES-15G-WOBI-AMEA2026050721|S|外显子文库|NA|MANUAL_RISK:relaxed, lane_prefix=MG, pool_size=38, pool_data=2280.000G, prioritize_scattered_mix=False[0m
[32m2026-05-28 21:39:27[0m | [1mINFO    [0m | [1m未分配大簇专项regroup跳过: machine=Nova X-25B, count=93, data=930.0G, reason=总量930.0G低于最小门槛2095.0G[0m
[32m2026-05-28 21:39:27[0m | [1mINFO    [0m | [1m未分配大簇专项regroup跳过: machine=Nova X-25B, count=28, data=840.0G, reason=总量840.0G低于最小门槛2095.0G[0m
[32m2026-05-28 21:39:27[0m | [1mINFO    [0m | [1m未分配大簇专项regroup跳过: machine=Nova X-25B, count=112, data=672.0G, reason=总量672.0G低于最小门槛2095.0G[0m
[32m2026-05-28 21:39:27[0m | [1mINFO    [0m | [1m未分配大簇专项regroup跳过: machine=Nova X-25B, count=65, data=650.0G, reason=总量650.0G低于最小门槛2095.0G[0m
[32m2026-05-28 21:39:27[0m | [1mINFO    [0m | [1m未分配大簇专项regroup跳过: machine=Nova X-25B, count=34, data=408.0G, reason=总量408.0G低于最小门槛2095.0G[0m
[32m2026-05-28 21:39:27[0m | [1mINFO    [0m | [1m未分配大簇专项regroup跳过: machine=Nova X-25B, count=61, data=366.0G, reason=总量366.0G低于最小门槛2095.0G[0m
[32m2026-05-28 21:39:27[0m | [1mINFO    [0m | [1m未分配大簇专项regroup跳过: machine=Nova X-25B, count=55, data=330.0G, reason=总量330.0G低于最小门槛2095.0G[0m
[32m2026-05-28 21:39:27[0m | [1mINFO    [0m | [1m未分配大簇专项regroup跳过: machine=Nova X-25B, count=53, data=318.0G, reason=总量318.0G低于最小门槛2095.0G[0m
[32m2026-05-28 21:39:27[0m | [1mINFO    [0m | [1m未分配大簇专项regroup跳过: machine=Nova X-25B, count=51, data=306.0G, reason=总量306.0G低于最小门槛2095.0G[0m
[32m2026-05-28 21:39:27[0m | [1mINFO    [0m | [1m未分配大簇专项regroup跳过: machine=Nova X-25B, count=50, data=300.0G, reason=总量300.0G低于最小门槛2095.0G[0m
[32m2026-05-28 21:39:27[0m | [1mINFO    [0m | [1m补Lane尝试: variant=manual_or_risk:HONG KONG-CUHK-PROF YU JUN-LIU YALI-912 HUMAN WES-15G-WOBI-AMEA2026050721|S|外显子文库|NA|MANUAL_RISK, lane_prefix=RM, pool_size=38, pool_data=2280.000G, prioritize_scattered_mix=True[0m
[32m2026-05-28 21:39:27[0m | [1mINFO    [0m | [1m补Lane尝试: variant=manual_or_risk:HONG KONG-CUHK-PROF YU JUN-LIU YALI-912 HUMAN WES-15G-WOBI-AMEA2026050721|S|外显子文库|NA|MANUAL_RISK:relaxed, lane_prefix=RM, pool_size=38, pool_data=2280.000G, prioritize_scattered_mix=False[0m
[32m2026-05-28 21:39:28[0m | [1mINFO    [0m | [1m补Lane尝试: variant=full_priority, lane_prefix=RM, pool_size=2159, pool_data=21079.914G, prioritize_scattered_mix=True[0m
[32m2026-05-28 21:39:30[0m | [1mINFO    [0m | [1m补Lane尝试: variant=non_clinical_relaxed, lane_prefix=RM, pool_size=2159, pool_data=21079.914G, prioritize_scattered_mix=False[0m
[32m2026-05-28 21:39:37[0m | [1mINFO    [0m | [1m补Lane尝试: variant=full_priority, lane_prefix=RM, pool_size=1917, pool_data=18833.062G, prioritize_scattered_mix=True[0m
[32m2026-05-28 21:39:38[0m | [1mINFO    [0m | [1m补Lane尝试: variant=non_clinical_relaxed, lane_prefix=RM, pool_size=1917, pool_data=18833.062G, prioritize_scattered_mix=False[0m
[32m2026-05-28 21:39:49[0m | [1mINFO    [0m | [1m补Lane跳过汇总: lane_prefix=RM, machine=Nova X-25B, reason_top=[总量6.0G低于最小门槛2095.0Gx27, 总量12.0G低于最小门槛2095.0Gx15, 总量18.0G低于最小门槛2095.0Gx12, 总量1.0G低于最小门槛2095.0Gx11][0m
[32m2026-05-28 21:39:49[0m | [1mINFO    [0m | [1m补Lane尝试: variant=full_priority, lane_prefix=GL, pool_size=1917, pool_data=18833.062G, prioritize_scattered_mix=True[0m
[32m2026-05-28 21:39:49[0m | [1mINFO    [0m | [1m补Lane尝试: variant=non_clinical_relaxed, lane_prefix=GL, pool_size=1917, pool_data=18833.062G, prioritize_scattered_mix=False[0m
[32m2026-05-28 21:40:04[0m | [1mINFO    [0m | [1m终态普通尾货全局1.1 regroup成功: lane=GL_Nova X-25B_001, 机型=Nova X-25B, 文库数=272, 数据量=2134.1G[0m
[32m2026-05-28 21:40:05[0m | [1mINFO    [0m | [1m补Lane尝试: variant=full_priority, lane_prefix=GL, pool_size=1645, pool_data=16699.007G, prioritize_scattered_mix=True[0m
[32m2026-05-28 21:40:05[0m | [1mINFO    [0m | [1m补Lane尝试: variant=non_clinical_relaxed, lane_prefix=GL, pool_size=1645, pool_data=16699.007G, prioritize_scattered_mix=False[0m
[32m2026-05-28 21:40:18[0m | [1mINFO    [0m | [1m补Lane跳过汇总: lane_prefix=GL, machine=Nova X-25B, reason_top=[总量6.0G低于最小门槛2095.0Gx33, 总量12.0G低于最小门槛2095.0Gx14, 总量18.0G低于最小门槛2095.0Gx12, 总量1.0G低于最小门槛2095.0Gx8][0m
[32m2026-05-28 21:40:45[0m | [1mINFO    [0m | [1m补Lane尝试: variant=cluster_fast_path, lane_prefix=OG, pool_size=683, pool_data=3970.527G, prioritize_scattered_mix=False[0m
[32m2026-05-28 21:43:04[0m | [1mINFO    [0m | [1m补Lane尝试: variant=cluster_fast_path, lane_prefix=OG, pool_size=443, pool_data=2900.250G, prioritize_scattered_mix=False[0m
[32m2026-05-28 21:43:10[0m | [1mINFO    [0m | [1m剩余库分层重组搜索完成: 新增Lane=2 (大簇专项=0, 高约束专项=0, 专lane=0, 混排lane=1, 普通lane=1), 跳过拆分文库=0, 剩余未分配=1645[0m
[32m2026-05-28 21:43:10[0m | [33m[1mWARNING [0m | [33m[1m检测到重复Lane ID，已自动重命名: GL_Nova X-25B_002 -> GL_Nova X-25B_003[0m
[32m2026-05-28 21:43:10[0m | [33m[1mWARNING [0m | [33m[1m检测到重复Lane ID，已自动重命名: GL_Nova X-25B_001 -> GL_Nova X-25B_004[0m
[32m2026-05-28 21:43:10[0m | [33m[1mWARNING [0m | [33m[1m最终收口发现重复Lane ID并已重命名: 2条[0m
[32m2026-05-28 21:43:10[0m | [1mINFO    [0m | [1m脚本内置 Pooling 预测已停用，后续统一调用 prediction_delivery[0m
[32m2026-05-28 21:43:10[0m | [33m[1mWARNING [0m | [33m[1mLane RM_Nova X-25B_001 利用率异常: 230.45% (数据量=2246.85GB, 容量=975.00GB)[0m
[32m2026-05-28 21:43:10[0m | [33m[1mWARNING [0m | [33m[1mLane GL_Nova X-25B_004 利用率异常: 218.88% (数据量=2134.06GB, 容量=975.00GB)[0m
[32m2026-05-28 21:43:10[0m | [1mINFO    [0m | [1m1.1首轮二次补排启动: 首轮剩余文库=1645个[0m
[32m2026-05-28 21:43:10[0m | [1mINFO    [0m | [1m1.1首轮二次补排策略: expensive_rescue=True, peak_window_mixed=True, post_fill_optimization=True, rule_bucket_prescheduling=True[0m
[32m2026-05-28 21:43:10[0m | [1mINFO    [0m | [1m
================================================================================[0m
[32m2026-05-28 21:43:10[0m | [1mINFO    [0m | [1m排机流程：纯规则排机[0m
[32m2026-05-28 21:43:10[0m | [1mINFO    [0m | [1m================================================================================[0m
[32m2026-05-28 21:43:10[0m | [1mINFO    [0m | [1mIndex校验器初始化完成（真实数据验证版本）[0m
[32m2026-05-28 21:43:10[0m | [1mINFO    [0m | [1m成Lane校验程序初始化完成 (严格模式: True, 碱基不均衡上限: 35%, 特殊文库关键词: 9个)[0m
[32m2026-05-28 21:43:10[0m | [33m[1mWARNING [0m | [33m[1mPooling配置表不存在: /data/work/yuyongpeng/liblane_v2_deepseek/data/wktype_pooling_config.xlsx，将使用默认策略[0m
[32m2026-05-28 21:43:10[0m | [1mINFO    [0m | [1m产出效率修正表不存在: /data/work/yuyongpeng/liblane_v2_deepseek/data/production_efficiency_correction.csv，跳过后校准[0m
[32m2026-05-28 21:43:10[0m | [33m[1mWARNING [0m | [33m[1m模型文件不存在: models/loutput_pre_lane_v5/lightgbm_model.pkl[0m
[32m2026-05-28 21:43:10[0m | [33m[1mWARNING [0m | [33m[1mloutput预测器不可用，将使用规则降级策略[0m
[32m2026-05-28 21:43:10[0m | [1mINFO    [0m | [1m逐Lane贪心排机器初始化完成 - 基础容量: 985.0GB, 利用率区间: [100%, 100%], 配置模式: 按机型自动[0m
[32m2026-05-28 21:43:10[0m | [1mINFO    [0m | [1m启用检查: Index=True, 碱基不均衡=True, 规则检查器=False[0m
[32m2026-05-28 21:43:10[0m | [1mINFO    [0m | [1m排机阶段：Pooling优化器已禁用（V6流程不需要）[0m
[32m2026-05-28 21:43:10[0m | [1mINFO    [0m | [1m成Lane校验程序初始化完成 (严格模式: True, 碱基不均衡上限: 35%, 特殊文库关键词: 9个)[0m
[32m2026-05-28 21:43:10[0m | [1mINFO    [0m | [1m严格校验容量区间改为按统一配置表动态解析[0m
[32m2026-05-28 21:43:10[0m | [1mINFO    [0m | [1m主流程前置拆分完成: 无需拆分[0m
[32m2026-05-28 21:43:11[0m | [1mINFO    [0m | [1m混排Peak窗口: 348-498bp, 1488个文库/14528G, 理论最多6条Lane[0m
[32m2026-05-28 21:43:11[0m | [1mINFO    [0m | [1m混排Lane预抽取完成: 新增Lane=0，使用文库=0个/0.0G，剩余待排=1645个/16699.0G[0m
[32m2026-05-28 21:43:11[0m | [1mINFO    [0m | [1m主流程规则分桶跳过: bucket=manual_or_risk:HONG KONG-CUHK-PROF YU JUN-LIU YALI-912 HUMAN WES-15G-WOBI-AMEA2026050721|S|外显子文库|NA|MANUAL_RISK, count=27, reason=总量1620.0G低于最小门槛2095.0G[0m
[32m2026-05-28 21:43:11[0m | [1mINFO    [0m | [1m主流程规则分桶跳过: bucket=manual_or_risk:中肿纯自建库测序QC分析技术服务（委托）合同|S|客户-METHYLATION文库|NA|CUSTOMER+MANUAL_RISK+IMBALANCE, count=28, reason=总量840.0G低于最小门槛2095.0G[0m
[32m2026-05-28 21:43:11[0m | [1mINFO    [0m | [1m主流程规则分桶跳过: bucket=manual_or_risk:中肿-贾卫华组自建库测序QC分析技术服务（委托）合同|S|客户-人重测序文库|NA|CUSTOMER+MANUAL_RISK, count=54, reason=总量540.0G低于最小门槛2095.0G[0m
[32m2026-05-28 21:43:11[0m | [1mINFO    [0m | [1m主流程规则分桶跳过: bucket=manual_or_risk:自建库测序服务（委托）合同|S|客户-METHYLATION文库|NA|CUSTOMER+MANUAL_RISK+IMBALANCE, count=12, reason=总量290.0G低于最小门槛2095.0G[0m
[32m2026-05-28 21:43:11[0m | [1mINFO    [0m | [1m主流程规则分桶跳过: bucket=manual_or_risk:【科研】云舟生物2026年-PE150自建库年度合作协议分析技术服务（委托）合同|S|客户-PCR产物|NA|CUSTOMER+MANUAL_RISK+IMBALANCE, count=4, reason=总量238.0G低于最小门槛2095.0G[0m
[32m2026-05-28 21:43:11[0m | [1mINFO    [0m | [1m主流程规则分桶跳过: bucket=manual_or_risk:苏州大学附属第四医院郭佳妮50个CUTTAG自建库测序技术服务（委托）合同|S|客户-CUT-TAG文库|NA|CUSTOMER+MANUAL_RISK+IMBALANCE, count=17, reason=总量204.0G低于最小门槛2095.0G[0m
[32m2026-05-28 21:43:11[0m | [1mINFO    [0m | [1m主流程规则分桶跳过: bucket=manual_or_risk:北医100例样本自建库测序分析技术服务（委托）合同|S|客户-CUT-TAG文库|NA|CUSTOMER+MANUAL_RISK+IMBALANCE, count=16, reason=总量160.0G低于最小门槛2095.0G[0m
[32m2026-05-28 21:43:11[0m | [1mINFO    [0m | [1m主流程规则分桶跳过: bucket=manual_or_risk:汕头大学医学院于丽君自建库测序（2026）分析技术服务（委托）合同|S|客户-ATAC-SEQ文库|NA|CUSTOMER+MANUAL_RISK+IMBALANCE, count=12, reason=总量144.0G低于最小门槛2095.0G[0m
[32m2026-05-28 21:43:11[0m | [1mINFO    [0m | [1m主流程规则分桶跳过: bucket=manual_or_risk:汕头大学医学院于丽君自建库测序（2026）分析技术服务（委托）合同|S|客户-CUT-TAG文库|NA|CUSTOMER+MANUAL_RISK+IMBALANCE, count=23, reason=总量138.0G低于最小门槛2095.0G[0m
[32m2026-05-28 21:43:11[0m | [1mINFO    [0m | [1m主流程规则分桶跳过: bucket=manual_or_risk:血研所17例ILLUMINA自建库测序技术服务（委托）合同|S|客户-其他碱基不均衡文库|NA|CUSTOMER+MANUAL_RISK+IMBALANCE, count=3, reason=总量100.0G低于最小门槛2095.0G[0m
[32m2026-05-28 21:43:11[0m | [1mINFO    [0m | [1m主流程规则分桶跳过: bucket=manual_or_risk:TJ-PA-LAS TABLAS-215-HUMAN-WES-X PLUS-12G-WBI-NVUS2025111505|S|外显子文库|NA|MANUAL_RISK, count=2, reason=总量96.0G低于最小门槛2095.0G[0m
[32m2026-05-28 21:43:11[0m | [1mINFO    [0m | [1m主流程规则分桶跳过: bucket=manual_or_risk:山东第一医科大学36例宏基因组测序分析（10G）技术服务（委托）合同-于文倩|S|DNA小片段文库|NA|MANUAL_RISK, count=10, reason=总量70.0G低于最小门槛2095.0G[0m
[32m2026-05-28 21:43:11[0m | [1mINFO    [0m | [1m主流程规则分桶跳过: bucket=manual_or_risk:基因组所XPLUS自建库测序技术服务（委托）合同ZXS|S|客户-PCR产物/CRISPR|NA|CUSTOMER+MANUAL_RISK+IMBALANCE, count=1, reason=总量70.0G低于最小门槛2095.0G[0m
[32m2026-05-28 21:43:11[0m | [1mINFO    [0m | [1m主流程规则分桶跳过: bucket=manual_or_risk:南科大RIBO-SEQ+MRNA-SEQ建库测序（含关联分析）技术服务（委托）合同|S|RIBO-SEQ文库|NA|MANUAL_RISK+IMBALANCE, count=7, reason=总量63.0G低于最小门槛2095.0G[0m
[32m2026-05-28 21:43:11[0m | [1mINFO    [0m | [1m主流程规则分桶跳过: bucket=manual_or_risk:昆动40T自建库测序分析技术服务（委托）合同|S|客户-CUT-TAG文库|NA|CUSTOMER+MANUAL_RISK+IMBALANCE, count=12, reason=总量60.0G低于最小门槛2095.0G[0m
[32m2026-05-28 21:43:11[0m | [1mINFO    [0m | [1m主流程规则分桶跳过: bucket=manual_or_risk:肇庆市第一人民医院9例外泌体全转录测序分析技术服务（委托）合同|S|外泌体LNCRNA文库(S)|NA|MANUAL_RISK+IMBALANCE, count=5, reason=总量60.0G低于最小门槛2095.0G[0m
[32m2026-05-28 21:43:11[0m | [1mINFO    [0m | [1m主流程规则分桶跳过: bucket=manual_or_risk:TJ-UY-URU-2-HUMAN FFPE-WES-EXTRACTION-NOVASEQXPLUS-60GB-WOBI-NVUS2025110696|S|外显子文库|NA|MANUAL_RISK, count=1, reason=总量60.0G低于最小门槛2095.0G[0m
[32m2026-05-28 21:43:11[0m | [1mINFO    [0m | [1m主流程规则分桶跳过: bucket=manual_or_risk:天津市肿瘤医院自建库测序技术服务（委托）合同-贾泽森|S|客户-CUT-TAG文库|NA|CUSTOMER+MANUAL_RISK+IMBALANCE, count=9, reason=总量54.0G低于最小门槛2095.0G[0m
[32m2026-05-28 21:43:11[0m | [1mINFO    [0m | [1m主流程规则分桶跳过: bucket=manual_or_risk:【药企】北京哲源-2026年全外显子+转录组建库测序项目分析技术服务（委托）合同|S|外显子文库|NA|MANUAL_RISK, count=1, reason=总量50.0G低于最小门槛2095.0G[0m
[32m2026-05-28 21:43:11[0m | [1mINFO    [0m | [1m主流程规则分桶跳过: bucket=manual_or_risk:神外所60例普通转录组（12G)+500X WES+150X WES测序分析-RXH-2605分析技术服务（委托）合同|S|外显子文库|NA|MANUAL_RISK, count=1, reason=总量50.0G低于最小门槛2095.0G[0m
[32m2026-05-28 21:43:11[0m | [1mINFO    [0m | [1m主流程规则分桶跳过: bucket=manual_or_risk:天津市肿瘤医院自建库测序技术服务（委托）合同-杨鹭|S|客户-CUT-TAG文库|NA|CUSTOMER+MANUAL_RISK+IMBALANCE, count=8, reason=总量48.0G低于最小门槛2095.0G[0m
[32m2026-05-28 21:43:11[0m | [1mINFO    [0m | [1m主流程规则分桶跳过: bucket=manual_or_risk:中国热带农业科学院  重测序+转录组测序技术服务（委托）合同|S|VIP-真核普通转录组文库|NA|MANUAL_RISK, count=18, reason=总量42.5G低于最小门槛2095.0G[0m
[32m2026-05-28 21:43:11[0m | [1mINFO    [0m | [1m主流程规则分桶跳过: bucket=manual_or_risk:无锡市人民医院6个翻译组+转录组测序分析技术服务（委托）合同- CYB|S|RIBO-SEQ文库|NA|MANUAL_RISK+IMBALANCE, count=4, reason=总量36.0G低于最小门槛2095.0G[0m
[32m2026-05-28 21:43:11[0m | [1mINFO    [0m | [1m主流程规则分桶跳过: bucket=manual_or_risk:18个全血样本小RNA测序技术服务（委托）合同|S|SMALL RNA文库|NA|MANUAL_RISK, count=11, reason=总量33.0G低于最小门槛2095.0G[0m
[32m2026-05-28 21:43:11[0m | [1mINFO    [0m | [1m主流程规则分桶跳过: bucket=manual_or_risk:100例PCR产物---PCRFREE建库测序40G技术服务（委托）合同|S|PCR-FREE (PCR产物单建)|NA|MANUAL_RISK+IMBALANCE, count=3, reason=总量30.0G低于最小门槛2095.0G[0m
[32m2026-05-28 21:43:11[0m | [1mINFO    [0m | [1m主流程规则分桶跳过: bucket=manual_or_risk:2025年深圳晶泰自建库测序分析技术服务（委托）合同|S|客户-PCR产物|NA|CUSTOMER+MANUAL_RISK+IMBALANCE, count=3, reason=总量30.0G低于最小门槛2095.0G[0m
[32m2026-05-28 21:43:11[0m | [1mINFO    [0m | [1m主流程规则分桶跳过: bucket=manual_or_risk:天津医科大学自建库项目分析技术服务（委托）合同|S|客户-CHIP-SEQ文库|NA|CUSTOMER+MANUAL_RISK, count=1, reason=总量28.0G低于最小门槛2095.0G[0m
[32m2026-05-28 21:43:11[0m | [1mINFO    [0m | [1m主流程规则分桶跳过: bucket=manual_or_risk:北京林业大学6个样本转录+RIBO建库测序分析技术服务（委托）合同|S|RIBO-SEQ文库|NA|MANUAL_RISK+IMBALANCE, count=3, reason=总量27.0G低于最小门槛2095.0G[0m
[32m2026-05-28 21:43:11[0m | [1mINFO    [0m | [1m主流程规则分桶跳过: bucket=manual_or_risk:南昌大学6个拟南芥RIBOSEQ测序分析技术服务（委托）合同|S|RIBO-SEQ文库|NA|MANUAL_RISK+IMBALANCE, count=3, reason=总量27.0G低于最小门槛2095.0G[0m
[32m2026-05-28 21:43:11[0m | [1mINFO    [0m | [1m主流程规则分桶跳过: bucket=manual_or_risk:海南省人民医院宏基因组建库测序分析技术服务（委托）合同|S|DNA小片段文库|NA|MANUAL_RISK, count=7, reason=总量26.0G低于最小门槛2095.0G[0m
[32m2026-05-28 21:43:11[0m | [1mINFO    [0m | [1m主流程规则分桶跳过: bucket=manual_or_risk:凌恩-25-SMALL RNA建库测序项目技术服务（委托）合同|S|SMALL RNA文库|NA|MANUAL_RISK, count=5, reason=总量25.0G低于最小门槛2095.0G[0m
[32m2026-05-28 21:43:11[0m | [1mINFO    [0m | [1m主流程规则分桶跳过: bucket=manual_or_risk:北医吴美璇老师8个样本自建库测序分析技术服务（委托）合同|S|客户-ATAC-SEQ文库|NA|CUSTOMER+MANUAL_RISK+IMBALANCE, count=4, reason=总量24.0G低于最小门槛2095.0G[0m
[32m2026-05-28 21:43:11[0m | [1mINFO    [0m | [1m主流程规则分桶跳过: bucket=manual_or_risk:基础所温达瀚老师（刘玉英组）自建库测序项目协议-2026.4.27|S|客户-CUT-TAG文库|NA|CUSTOMER+MANUAL_RISK+IMBALANCE, count=4, reason=总量24.0G低于最小门槛2095.0G[0m
[32m2026-05-28 21:43:11[0m | [1mINFO    [0m | [1m主流程规则分桶跳过: bucket=manual_or_risk:TJ-ARG-IATTGI-24-HUMAN-WES-NXPLUS PE150-12G-SHIPPING FEE-WOBI-NVUS2026012807|S|外显子文库|NA|MANUAL_RISK, count=1, reason=总量24.0G低于最小门槛2095.0G[0m
[32m2026-05-28 21:43:11[0m | [1mINFO    [0m | [1m主流程规则分桶跳过: bucket=manual_or_risk:25年12月武汉迈维全长转录组（KINNEX）+非编码测序分析技术服务（委托）合同|S|SMALL RNA文库|NA|MANUAL_RISK, count=7, reason=总量21.0G低于最小门槛2095.0G[0m
[32m2026-05-28 21:43:11[0m | [1mINFO    [0m | [1m主流程规则分桶跳过: bucket=manual_or_risk:MACAU-UM-PROF CHRIS-FOO CHING MAN-1PRELIB-20G-X PLUS-WOBI-AMEA2026051914|S|客户-CHIP-SEQ文库|NA|CUSTOMER+MANUAL_RISK, count=1, reason=总量20.0G低于最小门槛2095.0G[0m
[32m2026-05-28 21:43:11[0m | [1mINFO    [0m | [1m主流程规则分桶跳过: bucket=manual_or_risk:XPLUS自建库测序20个6G+20个12G分析技术服务（委托）合同|S|客户-CUT-TAG文库|NA|CUSTOMER+MANUAL_RISK+IMBALANCE, count=3, reason=总量18.0G低于最小门槛2095.0G[0m
[32m2026-05-28 21:43:11[0m | [1mINFO    [0m | [1m主流程规则分桶跳过: bucket=manual_or_risk:广州医科大学附属第一医院刘骜楚自建库测序分析技术服务（委托）合同|S|客户-CUT-TAG文库|NA|CUSTOMER+MANUAL_RISK+IMBALANCE, count=3, reason=总量18.0G低于最小门槛2095.0G[0m
[32m2026-05-28 21:43:11[0m | [1mINFO    [0m | [1m主流程规则分桶跳过: bucket=manual_or_risk:新农大66个宏基因组+66个转录+36个扩增子+72个非靶代谢+6个单细胞分析技术服务（委托）合同|S|VIP-真核普通转录组文库|NA|MANUAL_RISK, count=3, reason=总量18.0G低于最小门槛2095.0G[0m
[32m2026-05-28 21:43:11[0m | [1mINFO    [0m | [1m主流程规则分桶跳过: bucket=manual_or_risk:湖大24例转录组测序分析技术服务（委托）合同|S|VIP-真核普通转录组文库|NA|MANUAL_RISK, count=3, reason=总量18.0G低于最小门槛2095.0G[0m
[32m2026-05-28 21:43:11[0m | [1mINFO    [0m | [1m主流程规则分桶跳过: bucket=manual_or_risk:50个ILLUMINA自建库分析技术服务（委托）合同|S|客户-CUT-TAG文库|NA|CUSTOMER+MANUAL_RISK+IMBALANCE, count=2, reason=总量16.0G低于最小门槛2095.0G[0m
[32m2026-05-28 21:43:11[0m | [1mINFO    [0m | [1m主流程规则分桶跳过: bucket=manual_or_risk:MY-NEXTGENE-475-DNA-GBS 190M RAW BASES-WBI-AMEA2025092513|S|动植物简化基因组文库(GBS子代)|NA|MANUAL_RISK+IMBALANCE, count=3, reason=总量15.0G低于最小门槛2095.0G[0m
[32m2026-05-28 21:43:11[0m | [1mINFO    [0m | [1m主流程规则分桶跳过: bucket=manual_or_risk:广州真诺3000例转录组+外显子技术服务（委托）合同分析技术服务（委托）合同|S|外显子文库|NA|MANUAL_RISK, count=6, reason=总量14.2G低于最小门槛2095.0G[0m
[32m2026-05-28 21:43:11[0m | [1mINFO    [0m | [1m主流程规则分桶跳过: bucket=manual_or_risk:中肿-自建库测序QC分析技术服务（委托）合同|S|客户-ATAC-SEQ文库|NA|CUSTOMER+MANUAL_RISK+IMBALANCE, count=2, reason=总量12.0G低于最小门槛2095.0G[0m
[32m2026-05-28 21:43:11[0m | [1mINFO    [0m | [1m主流程规则分桶跳过: bucket=manual_or_risk:诸章睿老师4个CUTTAG测序分析技术服务（委托）合同|S|客户-CUT-TAG文库|NA|CUSTOMER+MANUAL_RISK+IMBALANCE, count=2, reason=总量12.0G低于最小门槛2095.0G[0m
[32m2026-05-28 21:43:11[0m | [1mINFO    [0m | [1m主流程规则分桶跳过: bucket=manual_or_risk:2026年武汉序拓NOVAXPLUS自建库测序技术服务（委托）合同|S|客户-ATAC-SEQ文库|NA|CUSTOMER+MANUAL_RISK+IMBALANCE, count=1, reason=总量10.0G低于最小门槛2095.0G[0m
[32m2026-05-28 21:43:11[0m | [1mINFO    [0m | [1m主流程规则分桶跳过: bucket=manual_or_risk:260513-16例RRBS和64例转录组分析技术服务（委托）合同|S|RRBS文库|NA|MANUAL_RISK+IMBALANCE, count=1, reason=总量10.0G低于最小门槛2095.0G[0m
[32m2026-05-28 21:43:11[0m | [1mINFO    [0m | [1m主流程规则分桶跳过: bucket=manual_or_risk:厦大712个去 GLOBIN去核糖体建 INC 文库测序技术服务（委托）合同|S|LNC非互作文库|NA|MANUAL_RISK, count=1, reason=总量10.0G低于最小门槛2095.0G[0m
[32m2026-05-28 21:43:11[0m | [1mINFO    [0m | [1m主流程规则分桶跳过: bucket=manual_or_risk:苏州大学附属第一医院王芜萱12个样本转录组+DEEP DIA蛋白组和6个RIBO-SEQ分析技术服务（委托）合同|S|RIBO-SEQ文库|NA|MANUAL_RISK+IMBALANCE, count=1, reason=总量10.0G低于最小门槛2095.0G[0m
[32m2026-05-28 21:43:11[0m | [1mINFO    [0m | [1m主流程规则分桶跳过: bucket=manual_or_risk:首医创新平台自建库测序分析技术服务（委托）合同|S|客户-其他碱基不均衡文库|NA|CUSTOMER+MANUAL_RISK+IMBALANCE, count=1, reason=总量10.0G低于最小门槛2095.0G[0m
[32m2026-05-28 21:43:11[0m | [1mINFO    [0m | [1m主流程规则分桶跳过: bucket=manual_or_risk:30个转录组分析技术服务（委托）合同-0509|S|VIP-真核普通转录组文库|NA|MANUAL_RISK, count=3, reason=总量9.0G低于最小门槛2095.0G[0m
[32m2026-05-28 21:43:11[0m | [1mINFO    [0m | [1m主流程规则分桶跳过: bucket=manual_or_risk:中国科学技术大学20个SMALL RNA建库测序分析技术服务（委托）合同|S|SMALL RNA文库|NA|MANUAL_RISK, count=3, reason=总量9.0G低于最小门槛2095.0G[0m
[32m2026-05-28 21:43:11[0m | [1mINFO    [0m | [1m主流程规则分桶跳过: bucket=manual_or_risk:南方医科大学6个SMALLRNA分析技术服务（委托）合同|S|SMALL RNA文库|NA|MANUAL_RISK, count=3, reason=总量9.0G低于最小门槛2095.0G[0m
[32m2026-05-28 21:43:11[0m | [1mINFO    [0m | [1m主流程规则分桶跳过: bucket=manual_or_risk:血研所600例自建库测序分析技术服务（委托）合同|S|客户-METHYLATION文库|NA|CUSTOMER+MANUAL_RISK+IMBALANCE, count=8, reason=总量8.0G低于最小门槛2095.0G[0m
[32m2026-05-28 21:43:11[0m | [1mINFO    [0m | [1m主流程规则分桶跳过: bucket=manual_or_risk:东北农大100个自建库分析技术服务（委托）合同|S|客户-扩增子文库|NA|CUSTOMER+MANUAL_RISK+IMBALANCE, count=4, reason=总量7.2G低于最小门槛2095.0G[0m
[32m2026-05-28 21:43:11[0m | [1mINFO    [0m | [1m主流程规则分桶跳过: bucket=manual_or_risk:黄海所100个DNA甲基化和100个T7有参转录组测序分析-LM分析技术服务（委托）合同|S|微量 (METHYLATION文库)|NA|MANUAL_RISK+IMBALANCE, count=2, reason=总量6.9G低于最小门槛2095.0G[0m
[32m2026-05-28 21:43:11[0m | [1mINFO    [0m | [1m主流程规则分桶跳过: bucket=manual_or_risk:刘老师组散样文库 ILLUMINA PE150 X 平台测序、组织样本链特转录组建库测序及质控分析技术服务（委托）合同|S|客户-PCR产物/CRISPR|NA|SCATTERED+CUSTOMER+MANUAL_RISK+IMBALANCE, count=3, reason=总量6.5G低于最小门槛2095.0G[0m
[32m2026-05-28 21:43:11[0m | [1mINFO    [0m | [1m主流程规则分桶跳过: bucket=manual_or_risk:（极速周期）北大SY-自建库XPLUS测序技术服务（委托）合同|S|客户-扩增子文库|NA|CUSTOMER+MANUAL_RISK+IMBALANCE, count=1, reason=总量6.4G低于最小门槛2095.0G[0m
[32m2026-05-28 21:43:11[0m | [1mINFO    [0m | [1m主流程规则分桶跳过: bucket=manual_or_risk:一批RNA样本外泌体SMALL RNA测序分析技术服务（委托）合同|S|外泌体SMALL RNA|NA|MANUAL_RISK+IMBALANCE, count=2, reason=总量6.0G低于最小门槛2095.0G[0m
[32m2026-05-28 21:43:11[0m | [1mINFO    [0m | [1m主流程规则分桶跳过: bucket=manual_or_risk:40个ILLUMINA自建库测序分析分析技术服务（委托）合同|S|客户-CUT-TAG文库|NA|CUSTOMER+MANUAL_RISK+IMBALANCE, count=1, reason=总量6.0G低于最小门槛2095.0G[0m
[32m2026-05-28 21:43:11[0m | [1mINFO    [0m | [1m主流程规则分桶跳过: bucket=manual_or_risk:BZ-MX-UNAM-107-HUMAN-WES-XPLUS-12G-WBI-STD-NVUS2025032115|S|外显子文库|NA|MANUAL_RISK, count=1, reason=总量6.0G低于最小门槛2095.0G[0m
[32m2026-05-28 21:43:11[0m | [1mINFO    [0m | [1m主流程规则分桶跳过: bucket=manual_or_risk:中国科学技术大学6个自建库测序分析技术服务（委托）合同|S|客户-CUT-TAG文库|NA|CUSTOMER+MANUAL_RISK+IMBALANCE, count=1, reason=总量6.0G低于最小门槛2095.0G[0m
[32m2026-05-28 21:43:11[0m | [1mINFO    [0m | [1m主流程规则分桶跳过: bucket=manual_or_risk:天津医科大学自建库项目分析技术服务（委托）合同|S|客户-CUT-TAG文库|NA|CUSTOMER+MANUAL_RISK+IMBALANCE, count=1, reason=总量6.0G低于最小门槛2095.0G[0m
[32m2026-05-28 21:43:11[0m | [1mINFO    [0m | [1m主流程规则分桶跳过: bucket=manual_or_risk:天津市肿瘤医院10例自建库测序技术服务（委托）合同-陈敏|S|客户-CUT-TAG文库|NA|CUSTOMER+MANUAL_RISK+IMBALANCE, count=1, reason=总量6.0G低于最小门槛2095.0G[0m
[32m2026-05-28 21:43:11[0m | [1mINFO    [0m | [1m主流程规则分桶跳过: bucket=manual_or_risk:山东大学100例样本的自建库仅测序-周婵分析技术服务（委托）合同|S|客户-CUT-TAG文库|NA|CUSTOMER+MANUAL_RISK+IMBALANCE, count=1, reason=总量6.0G低于最小门槛2095.0G[0m
[32m2026-05-28 21:43:11[0m | [1mINFO    [0m | [1m主流程规则分桶跳过: bucket=manual_or_risk:无锡市人民医院6个CUT自建库测序分析分析技术服务（委托）合同- XDX|S|客户-CUT-TAG文库|NA|CUSTOMER+MANUAL_RISK+IMBALANCE, count=1, reason=总量6.0G低于最小门槛2095.0G[0m
[32m2026-05-28 21:43:11[0m | [1mINFO    [0m | [1m主流程规则分桶跳过: bucket=manual_or_risk:武汉轻工大学100个核酸建库测序+扩增子和宏基因组分析技术服务（委托）合同|S|DNA小片段文库|NA|MANUAL_RISK, count=1, reason=总量6.0G低于最小门槛2095.0G[0m
[32m2026-05-28 21:43:11[0m | [1mINFO    [0m | [1m主流程规则分桶跳过: bucket=manual_or_risk:湘湖实验室100个CUT&TAG文库自建库技术服务（委托）合同|S|客户-CUT-TAG文库|NA|CUSTOMER+MANUAL_RISK+IMBALANCE, count=1, reason=总量6.0G低于最小门槛2095.0G[0m
[32m2026-05-28 21:43:11[0m | [1mINFO    [0m | [1m主流程规则分桶跳过: bucket=manual_or_risk:（极速周期）北生所ZXY200例自建库测序技术服务（委托）合同|S|客户-CUT-TAG文库|NA|CUSTOMER+MANUAL_RISK+IMBALANCE, count=1, reason=总量6.0G低于最小门槛2095.0G[0m
[32m2026-05-28 21:43:11[0m | [1mINFO    [0m | [1m主流程规则分桶跳过: bucket=manual_or_risk:SD_自建库及PCR-FREE文库测序质控分析技术服务（委托）合同|S|客户-PCR产物|NA|CUSTOMER+MANUAL_RISK+IMBALANCE, count=5, reason=总量5.0G低于最小门槛2095.0G[0m
[32m2026-05-28 21:43:11[0m | [1mINFO    [0m | [1m主流程规则分桶跳过: bucket=manual_or_risk:吉林农业大学12个蓝狐皮肤+脂肪组织转录组（7G）测序技术服务（委托）合同|S|VIP-真核普通转录组文库|NA|MANUAL_RISK, count=7, reason=总量4.9G低于最小门槛2095.0G[0m
[32m2026-05-28 21:43:11[0m | [1mINFO    [0m | [1m主流程规则分桶跳过: bucket=manual_or_risk:解放军总医院62例转录组高级分析分析技术服务（委托）合同|S|VIP-真核普通转录组文库|NA|MANUAL_RISK, count=1, reason=总量4.4G低于最小门槛2095.0G[0m
[32m2026-05-28 21:43:11[0m | [1mINFO    [0m | [1m主流程规则分桶跳过: bucket=manual_or_risk:药企百奥赛图26年年框分析技术服务（委托）合同|S|VIP-真核普通转录组文库|NA|MANUAL_RISK, count=4, reason=总量4.0G低于最小门槛2095.0G[0m
[32m2026-05-28 21:43:11[0m | [1mINFO    [0m | [1m主流程规则分桶跳过: bucket=manual_or_risk:海洋三所2个自建库分析技术服务（委托）合同|S|客户-PCR产物/CRISPR|NA|CUSTOMER+MANUAL_RISK+IMBALANCE, count=2, reason=总量4.0G低于最小门槛2095.0G[0m
[32m2026-05-28 21:43:11[0m | [1mINFO    [0m | [1m主流程规则分桶跳过: bucket=manual_or_risk:5000个样本宏转录提取纯化建库测序技术服务（委托）合同|S|宏转录组|NA|MANUAL_RISK, count=1, reason=总量4.0G低于最小门槛2095.0G[0m
[32m2026-05-28 21:43:11[0m | [1mINFO    [0m | [1m主流程规则分桶跳过: bucket=manual_or_risk:神外所13例共提取+13例普通转录组建库测序+31例100XWES建库测序-SJ-2605分析技术服务（委托）合同|S|外显子文库|NA|MANUAL_RISK, count=1, reason=总量3.1G低于最小门槛2095.0G[0m
[32m2026-05-28 21:43:11[0m | [1mINFO    [0m | [1m主流程规则分桶跳过: bucket=manual_or_risk:30例两库全转测序分析技术服务（委托）合同-HJL|S|SMALL RNA文库|NA|MANUAL_RISK, count=1, reason=总量3.0G低于最小门槛2095.0G[0m
[32m2026-05-28 21:43:11[0m | [1mINFO    [0m | [1m主流程规则分桶跳过: bucket=manual_or_risk:320个样本转录组技术服务合同分析技术服务（委托）合同|S|VIP-真核普通转录组文库|NA|MANUAL_RISK, count=1, reason=总量3.0G低于最小门槛2095.0G[0m
[32m2026-05-28 21:43:11[0m | [1mINFO    [0m | [1m主流程规则分桶跳过: bucket=manual_or_risk:鲁乘誉18个核桃转录组分析技术服务（委托）合同|S|VIP-真核普通转录组文库|NA|MANUAL_RISK, count=1, reason=总量2.6G低于最小门槛2095.0G[0m
[32m2026-05-28 21:43:11[0m | [1mINFO    [0m | [1m主流程规则分桶跳过: bucket=manual_or_risk:贵州医科大转录组及HQ非靶代谢检测分析技术服务（委托）合同|S|VIP-真核普通转录组文库|NA|MANUAL_RISK, count=1, reason=总量2.6G低于最小门槛2095.0G[0m
[32m2026-05-28 21:43:11[0m | [1mINFO    [0m | [1m主流程规则分桶跳过: bucket=manual_or_risk:哈医大蛋白+二三代人重+全外显子分析技术服务（委托）合同|S|外显子文库|NA|MANUAL_RISK, count=1, reason=总量2.3G低于最小门槛2095.0G[0m
[32m2026-05-28 21:43:11[0m | [1mINFO    [0m | [1m主流程规则分桶跳过: bucket=manual_or_risk:1000样本转录组建库测序技术服务（委托）合同|S|VIP-真核普通转录组文库|NA|MANUAL_RISK, count=2, reason=总量2.3G低于最小门槛2095.0G[0m
[32m2026-05-28 21:43:11[0m | [1mINFO    [0m | [1m主流程规则分桶跳过: bucket=manual_or_risk:大连市皮肤病医院MRNA+SMALL RNA测序分析技术服务（委托）合同|S|VIP-真核普通转录组文库|NA|MANUAL_RISK, count=1, reason=总量2.2G低于最小门槛2095.0G[0m
[32m2026-05-28 21:43:11[0m | [1mINFO    [0m | [1m主流程规则分桶跳过: bucket=manual_or_risk:湘湖实验室100例自建库样本X平台测序技术服务（委托）合同|S|客户-PCR产物/CRISPR|NA|CUSTOMER+MANUAL_RISK+IMBALANCE, count=2, reason=总量2.0G低于最小门槛2095.0G[0m
[32m2026-05-28 21:43:11[0m | [1mINFO    [0m | [1m主流程规则分桶跳过: bucket=manual_or_risk:佛山市南海区人民医院8个转录组建库测序分析技术服务（委托）合同|S|VIP-真核普通转录组文库|NA|MANUAL_RISK, count=1, reason=总量2.0G低于最小门槛2095.0G[0m
[32m2026-05-28 21:43:11[0m | [1mINFO    [0m | [1m主流程规则分桶跳过: bucket=manual_or_risk:河北大学50例真核+原核转录组测序分析技术服务（委托）合同|S|VIP-真核普通转录组文库|NA|MANUAL_RISK, count=1, reason=总量2.0G低于最小门槛2095.0G[0m
[32m2026-05-28 21:43:11[0m | [1mINFO    [0m | [1m主流程规则分桶跳过: bucket=manual_or_risk:徐老师组 6 例小鼠细胞RIBO-SEQ +普通转录组测序分析及关联分析技术服务（委托）合同|S|RIBO-SEQ文库|NA|MANUAL_RISK+IMBALANCE, count=1, reason=总量2.0G低于最小门槛2095.0G[0m
[32m2026-05-28 21:43:11[0m | [1mINFO    [0m | [1m主流程规则分桶跳过: bucket=manual_or_risk:100样 XPLUS自建库测序技术服务（委托）合同|S|客户-全基因组文库|NA|CUSTOMER+MANUAL_RISK, count=1, reason=总量1.9G低于最小门槛2095.0G[0m
[32m2026-05-28 21:43:11[0m | [1mINFO    [0m | [1m主流程规则分桶跳过: bucket=manual_or_risk:环境+泉脉+2025年自建库测序框架分析技术服务（委托）合同|S|客户-扩增子文库|NA|CUSTOMER+MANUAL_RISK+IMBALANCE, count=2, reason=总量1.0G低于最小门槛2095.0G[0m
[32m2026-05-28 21:43:11[0m | [1mINFO    [0m | [1m主流程规则分桶跳过: bucket=manual_or_risk:18 个样本三库全转测序分析技术服务（委托）合同|S|SMALL RNA文库|NA|MANUAL_RISK, count=1, reason=总量1.0G低于最小门槛2095.0G[0m
[32m2026-05-28 21:43:11[0m | [1mINFO    [0m | [1m主流程规则分桶跳过: bucket=manual_or_risk:作科所大豆全基因组脱靶插入检测分析技术服务（委托）合同|S|DNA小片段文库|NA|MANUAL_RISK, count=1, reason=总量1.0G低于最小门槛2095.0G[0m
[32m2026-05-28 21:43:11[0m | [1mINFO    [0m | [1m主流程规则分桶跳过: bucket=manual_or_risk:山东大学100例医口转录组10G-樊祥闯分析技术服务（委托）合同|S|VIP-真核普通转录组文库|NA|MANUAL_RISK, count=1, reason=总量1.0G低于最小门槛2095.0G[0m
[32m2026-05-28 21:43:11[0m | [1mINFO    [0m | [1m主流程规则分桶跳过: bucket=manual_or_risk:微生物建库测序1G（框架）技术服务（委托）合同|S|DNA小片段文库|NA|MANUAL_RISK, count=1, reason=总量1.0G低于最小门槛2095.0G[0m
[32m2026-05-28 21:43:11[0m | [1mINFO    [0m | [1m主流程规则分桶跳过: bucket=manual_or_risk:同济胃肠外周颖彬老师200个ILLUMINA医口转录组测序分析技术服务（委托）合同|S|VIP-真核普通转录组文库|NA|MANUAL_RISK, count=1, reason=总量0.5G低于最小门槛2095.0G[0m
[32m2026-05-28 21:43:11[0m | [1mINFO    [0m | [1m主流程规则分桶跳过: bucket=manual_or_risk:安徽医科大学12个细胞真核有参转录组测序分析技术服务（委托）合同|S|VIP-真核普通转录组文库|NA|MANUAL_RISK, count=1, reason=总量0.5G低于最小门槛2095.0G[0m
[32m2026-05-28 21:43:11[0m | [1mINFO    [0m | [1m主流程规则分桶跳过: bucket=ten_x:王老师4例FFPE样品单细胞检测分析技术服务（委托）合同|S|10X FIXED GEMX RNA文库|NA|TENX+MANUAL_RISK+IMBALANCE, count=5, reason=总量780.0G低于最小门槛2095.0G[0m
[32m2026-05-28 21:43:11[0m | [1mINFO    [0m | [1m主流程规则分桶跳过: bucket=ten_x:血研所17例ILLUMINA自建库测序技术服务（委托）合同|S|客户-10X 3 单细胞转录组文库|NA|TENX+CUSTOMER+MANUAL_RISK+IMBALANCE, count=4, reason=总量720.0G低于最小门槛1995.0G[0m
[32m2026-05-28 21:43:11[0m | [1mINFO    [0m | [1m主流程规则分桶跳过: bucket=ten_x:单细胞数据质量提升专项（诺禾元启）|S|10X转录组文库-3V4文库|NA|TENX+MANUAL_RISK+IMBALANCE, count=4, reason=总量400.0G低于最小门槛1995.0G[0m
[32m2026-05-28 21:43:11[0m | [1mINFO    [0m | [1m主流程规则分桶跳过: bucket=ten_x:26-Q2-ZDQ-V4单细胞转录组测序分析技术服务（委托）合同|S|10X转录组文库-3V4文库|NA|TENX+MANUAL_RISK+IMBALANCE, count=2, reason=总量300.0G低于最小门槛1995.0G[0m
[32m2026-05-28 21:43:11[0m | [1mINFO    [0m | [1m主流程规则分桶跳过: bucket=ten_x:四川大学16个单细胞测序高级分析技术服务（委托）合同|S|10X转录组文库-3V4文库|NA|TENX+MANUAL_RISK+IMBALANCE, count=1, reason=总量200.0G低于最小门槛1995.0G[0m
[32m2026-05-28 21:43:11[0m | [1mINFO    [0m | [1m主流程规则分桶跳过: bucket=ten_x:血研所10X5'单细胞测序+免疫组库分析技术服务（委托）合同|S|10X转录组文库-5V3文库|NA|TENX+MANUAL_RISK+IMBALANCE, count=1, reason=总量200.0G低于最小门槛1995.0G[0m
[32m2026-05-28 21:43:11[0m | [1mINFO    [0m | [1m主流程规则分桶跳过: bucket=ten_x:药企-康龙--26年年框合同分析技术服务（委托）合同|S|客户-单细胞文库|NA|TENX+CUSTOMER+MANUAL_RISK+IMBALANCE, count=13, reason=总量121.3G低于最小门槛2095.0G[0m
[32m2026-05-28 21:43:11[0m | [1mINFO    [0m | [1m主流程规则分桶跳过: bucket=ten_x:202605许弘弢老师-10例肿瘤组织-10XV4单细胞-1W细胞100G数据量矩阵分析技术服务（委托）合同|S|10X转录组文库-3V4文库|NA|TENX+MANUAL_RISK+IMBALANCE, count=1, reason=总量100.0G低于最小门槛1995.0G[0m
[32m2026-05-28 21:43:11[0m | [1mINFO    [0m | [1m主流程规则分桶跳过: bucket=ten_x:Q2复旦中山 石一沁 20例10X3' V4 单细胞转录组测序矩阵分析技术服务（委托）合同|S|10X转录组文库-3V4文库|NA|TENX+MANUAL_RISK+IMBALANCE, count=1, reason=总量100.0G低于最小门槛1995.0G[0m
[32m2026-05-28 21:43:11[0m | [1mINFO    [0m | [1m主流程规则分桶跳过: bucket=ten_x:新疆30个样本10X单细胞建库测序技术服务（委托）合同|S|10X转录组文库-3V4文库|NA|TENX+MANUAL_RISK+IMBALANCE, count=1, reason=总量100.0G低于最小门槛1995.0G[0m
[32m2026-05-28 21:43:11[0m | [1mINFO    [0m | [1m主流程规则分桶跳过: bucket=ten_x:福建医科大学附属协和医院4个样本10X 3端单细胞转录组测序分析技术服务（委托）合同|S|10X转录组-3'文库|NA|TENX+MANUAL_RISK+IMBALANCE, count=1, reason=总量100.0G低于最小门槛1995.0G[0m
[32m2026-05-28 21:43:11[0m | [1mINFO    [0m | [1m主流程规则分桶跳过: bucket=ten_x:项目100个样本10X3''单细胞建库测序V4技术服务（委托）合同|S|10X转录组文库-3V4文库|NA|TENX+MANUAL_RISK+IMBALANCE, count=1, reason=总量100.0G低于最小门槛1995.0G[0m
[32m2026-05-28 21:43:11[0m | [1mINFO    [0m | [1m主流程规则分桶跳过: bucket=ten_x:血研所10X5'单细胞测序+免疫组库分析技术服务（委托）合同|S|10X转录组V(D)J-BCR文库|NA|TENX+MANUAL_RISK+IMBALANCE, count=4, reason=总量80.0G低于最小门槛1995.0G[0m
[32m2026-05-28 21:43:11[0m | [1mINFO    [0m | [1m主流程规则分桶跳过: bucket=ten_x:李老师12个单细胞5+T+B建库测序矩阵分析技术服务（委托）合同|S|10X转录组文库-5V3文库|NA|TENX+MANUAL_RISK+IMBALANCE, count=6, reason=总量53.4G低于最小门槛1995.0G[0m
[32m2026-05-28 21:43:11[0m | [1mINFO    [0m | [1m主流程规则分桶跳过: bucket=ten_x:上海市肺科医院10XGENOMICS 5'单细胞转录组以及TCR+BCR测序技术服务（委托）合同|S|10X转录组V(D)J-BCR文库|NA|TENX+MANUAL_RISK+IMBALANCE, count=2, reason=总量40.0G低于最小门槛1995.0G[0m
[32m2026-05-28 21:43:11[0m | [1mINFO    [0m | [1m主流程规则分桶跳过: bucket=ten_x:铂生卓越10X5'单细胞+TCR+BCR检测分析技术服务（委托）合同|S|10X转录组V(D)J-BCR文库|NA|TENX+MANUAL_RISK+IMBALANCE, count=3, reason=总量30.0G低于最小门槛1995.0G[0m
[32m2026-05-28 21:43:11[0m | [1mINFO    [0m | [1m主流程规则分桶跳过: bucket=ten_x:云南大学郭老师组自建库（ILLUMINA）测序技术服务（委托）合同|S|客户-10X 3 单细胞转录组文库|NA|TENX+CUSTOMER+MANUAL_RISK+IMBALANCE, count=1, reason=总量30.0G低于最小门槛1995.0G[0m
[32m2026-05-28 21:43:11[0m | [1mINFO    [0m | [1m主流程规则分桶跳过: bucket=ten_x:中肿+36+单细胞TCR高级分析技术服务（委托）合同|S|10X转录组文库-5V3文库|NA|TENX+MANUAL_RISK+IMBALANCE, count=3, reason=总量26.3G低于最小门槛1995.0G[0m
[32m2026-05-28 21:43:11[0m | [1mINFO    [0m | [1m主流程规则分桶跳过: bucket=ten_x:药企潜观基因26年单细胞年框分析技术服务（委托）合同|S|10X转录组V(D)J-BCR文库|NA|TENX+MANUAL_RISK+IMBALANCE, count=1, reason=总量20.0G低于最小门槛1995.0G[0m
[32m2026-05-28 21:43:11[0m | [1mINFO    [0m | [1m主流程规则分桶跳过: bucket=ten_x:（极速周期）安达生物临床样品单细胞V4意向分析技术服务（委托）合同|S|10X转录组V(D)J-BCR文库|NA|TENX+MANUAL_RISK+IMBALANCE, count=1, reason=总量20.0G低于最小门槛1995.0G[0m
[32m2026-05-28 21:43:11[0m | [1mINFO    [0m | [1m主流程规则分桶跳过: bucket=ten_x:12例单细胞转录组+TCR+BCR分析技术服务（委托）合同|S|10X转录组文库-5V3文库|NA|TENX+MANUAL_RISK+IMBALANCE, count=1, reason=总量19.8G低于最小门槛1995.0G[0m
[32m2026-05-28 21:43:11[0m | [1mINFO    [0m | [1m主流程规则分桶跳过: bucket=ten_x:交医松江30个小鼠脑区单细胞核转录组测序分析技术服务（委托）合同|S|10X转录组文库-3V4文库|NA|TENX+MANUAL_RISK+IMBALANCE, count=1, reason=总量12.8G低于最小门槛1995.0G[0m
[32m2026-05-28 21:43:11[0m | [1mINFO    [0m | [1m主流程规则分桶跳过: bucket=ten_x:南方医科大学18个单细胞分选+矩阵分析技术服务（委托）合同|S|10X转录组-3'文库|NA|TENX+MANUAL_RISK+IMBALANCE, count=2, reason=总量10.0G低于最小门槛1995.0G[0m
[32m2026-05-28 21:43:11[0m | [1mINFO    [0m | [1m主流程规则分桶跳过: bucket=ten_x:南京鼓楼医院王智康6例10X单细胞分析技术服务（委托）合同|S|10X转录组文库-3V4文库|NA|TENX+MANUAL_RISK+IMBALANCE, count=1, reason=总量10.0G低于最小门槛1995.0G[0m
[32m2026-05-28 21:43:11[0m | [1mINFO    [0m | [1m主流程规则分桶跳过: bucket=ten_x:山东省立医院50例单细胞5'+VDJ 分析技术服务（委托）合同|S|10X转录组V(D)J-BCR文库|NA|TENX+MANUAL_RISK+IMBALANCE, count=1, reason=总量10.0G低于最小门槛1995.0G[0m
[32m2026-05-28 21:43:11[0m | [1mINFO    [0m | [1m主流程规则分桶跳过: bucket=ten_x:（刘院长）26年30例单细胞转录组合同分析技术服务（委托）合同|S|10X转录组V(D)J-BCR文库|NA|TENX+MANUAL_RISK+IMBALANCE, count=1, reason=总量10.0G低于最小门槛1995.0G[0m
[32m2026-05-28 21:43:11[0m | [1mINFO    [0m | [1m主流程规则分桶跳过: bucket=ten_x:NVNL2026041302-BE_KULEUVEN_48 SMARTER MRNA 9GB_WOBI_PIERRE|S|单细胞文库|NA|TENX+MANUAL_RISK+IMBALANCE, count=1, reason=总量9.0G低于最小门槛2095.0G[0m
[32m2026-05-28 21:43:11[0m | [1mINFO    [0m | [1m主流程规则分桶跳过: bucket=ten_x:微生物所10X单细胞+TCR标准分析-HYX分析技术服务（委托）合同|S|10X转录组文库-5V3文库|NA|TENX+MANUAL_RISK+IMBALANCE, count=1, reason=总量7.5G低于最小门槛1995.0G[0m
[32m2026-05-28 21:43:11[0m | [1mINFO    [0m | [1m主流程规则分桶跳过: bucket=ten_x:药企-宜明凯尔单细胞转录组分析技术服务（委托）合同|S|10X转录组文库-5V3文库|NA|TENX+MANUAL_RISK+IMBALANCE, count=1, reason=总量7.3G低于最小门槛1995.0G[0m
[32m2026-05-28 21:43:11[0m | [1mINFO    [0m | [1m主流程规则分桶跳过: bucket=ten_x:华中科技大学40个单细胞转录组V4测序技术服务（委托）合同|S|10X转录组文库-3V4文库|NA|TENX+MANUAL_RISK+IMBALANCE, count=1, reason=总量7.0G低于最小门槛1995.0G[0m
[32m2026-05-28 21:43:11[0m | [1mINFO    [0m | [1m主流程规则分桶跳过: bucket=ten_x:20个血液样本单细胞测序分析技术服务（委托）合同|S|10X转录组文库-5V3文库|NA|TENX+MANUAL_RISK+IMBALANCE, count=1, reason=总量5.9G低于最小门槛1995.0G[0m
[32m2026-05-28 21:43:11[0m | [1mINFO    [0m | [1m主流程规则分桶跳过: bucket=ten_x:药企潜观基因26年单细胞年框分析技术服务（委托）合同|S|10X转录组文库-5V3文库|NA|TENX+MANUAL_RISK+IMBALANCE, count=1, reason=总量5.4G低于最小门槛1995.0G[0m
[32m2026-05-28 21:43:11[0m | [1mINFO    [0m | [1m主流程规则分桶跳过: bucket=ten_x:江门市中心医院10个10X 3'单细胞建库测序技术服务（委托）合同|S|10X转录组-3'文库|NA|TENX+MANUAL_RISK+IMBALANCE, count=1, reason=总量5.0G低于最小门槛1995.0G[0m
[32m2026-05-28 21:43:11[0m | [1mINFO    [0m | [1m主流程规则分桶跳过: bucket=ten_x:血研所8例10X5转录组+免疫组库分析技术服务（委托）合同|S|10X转录组-5'文库|NA|TENX+MANUAL_RISK+IMBALANCE, count=1, reason=总量5.0G低于最小门槛1995.0G[0m
[32m2026-05-28 21:43:11[0m | [1mINFO    [0m | [1m主流程规则分桶跳过: bucket=ten_x:郑大一附院10X单细胞分析技术服务（委托）合同|S|10X转录组文库-3V4文库|NA|TENX+MANUAL_RISK+IMBALANCE, count=1, reason=总量3.0G低于最小门槛1995.0G[0m
[32m2026-05-28 21:43:11[0m | [1mINFO    [0m | [1m主流程规则分桶跳过: bucket=general:中国医学科学院皮肤病医院（中国医学科学院皮肤病研究所）180例宏基因组测序10G技术服务（委托）合同|Z|DNA小片段文库|NA|NORMAL, count=71, reason=总量710.0G低于最小门槛2095.0G[0m
[32m2026-05-28 21:43:11[0m | [1mINFO    [0m | [1m主流程规则分桶跳过: bucket=general:300例WGS高级标准分析技术服务（委托）合同-|Z|DNA小片段文库|NA|NORMAL, count=4, reason=总量600.0G低于最小门槛2095.0G[0m
[32m2026-05-28 21:43:11[0m | [1mINFO    [0m | [1m主流程规则分桶跳过: bucket=general:昆明科灵生物192个组织样品提取建库测序技术服务（委托）合同|Z|VIP-真核普通转录组文库|NA|NORMAL, count=83, reason=总量498.0G低于最小门槛2095.0G[0m
[32m2026-05-28 21:43:11[0m | [1mINFO    [0m | [1m主流程规则分桶跳过: bucket=general:山农60个土壤样本12G宏基因+扩增子测序分析分析技术服务（委托）合同|Z|DNA小片段文库|NA|NORMAL, count=26, reason=总量312.0G低于最小门槛2095.0G[0m
[32m2026-05-28 21:43:11[0m | [1mINFO    [0m | [1m主流程规则分桶跳过: bucket=general:内蒙古农业大学16S+LC-MS非靶向代谢组+血液转录组建库测序分析技术服务（委托）合同|Z|VIP-真核普通转录组文库|NA|NORMAL, count=48, reason=总量288.0G低于最小门槛2095.0G[0m
[32m2026-05-28 21:43:11[0m | [1mINFO    [0m | [1m主流程规则分桶跳过: bucket=general:整形医院6例全基因组（90G）建库测序技术服务（委托）合同|Z|DNA小片段文库|NA|NORMAL, count=3, reason=总量270.0G低于最小门槛2095.0G[0m
[32m2026-05-28 21:43:11[0m | [1mINFO    [0m | [1m主流程规则分桶跳过: bucket=general:2026年植物转录组分析技术服务（委托）合同|Z|VIP-真核普通转录组文库|NA|NORMAL, count=42, reason=总量252.0G低于最小门槛2095.0G[0m
[32m2026-05-28 21:43:11[0m | [1mINFO    [0m | [1m主流程规则分桶跳过: bucket=general:（极速周期）【药企】2025年上海硕迪生物500个样品真核普转意向-2分析技术服务（委托）合同|Z|VIP-真核普通转录组文库|NA|NORMAL, count=42, reason=总量252.0G低于最小门槛2095.0G[0m
[32m2026-05-28 21:43:11[0m | [1mINFO    [0m | [1m主流程规则分桶跳过: bucket=general:SJ-（极速周期）北京大学SH-26RNA建库测序技术服务（委托）合同|Z|VIP-真核普通转录组文库|NA|NORMAL, count=39, reason=总量234.0G低于最小门槛2095.0G[0m
[32m2026-05-28 21:43:11[0m | [1mINFO    [0m | [1m主流程规则分桶跳过: bucket=general:蜜蜂所1000份样本重测序XPLUS分析技术服务（委托）合同|Z|DNA小片段文库|NA|NORMAL, count=46, reason=总量230.0G低于最小门槛2095.0G[0m
[32m2026-05-28 21:43:11[0m | [1mINFO    [0m | [1m主流程规则分桶跳过: bucket=general:南京农业大学63份RNA样本MRNA建库测序(XP)技术服务（委托）合同|Z|VIP-真核普通转录组文库|NA|NORMAL, count=38, reason=总量228.0G低于最小门槛2095.0G[0m
[32m2026-05-28 21:43:11[0m | [1mINFO    [0m | [1m主流程规则分桶跳过: bucket=general:种业+影子+2026年框架合作分析技术服务（委托）合同|Z|VIP-真核普通转录组文库|NA|NORMAL, count=23, reason=总量184.0G低于最小门槛2095.0G[0m
[32m2026-05-28 21:43:11[0m | [1mINFO    [0m | [1m主流程规则分桶跳过: bucket=general:精迪生物45个转录组和46个外显子多组学测序分析技术服务（委托）合同|Z|VIP-真核普通转录组文库|NA|NORMAL, count=26, reason=总量156.0G低于最小门槛2095.0G[0m
[32m2026-05-28 21:43:11[0m | [1mINFO    [0m | [1m主流程规则分桶跳过: bucket=general:山东省立医院20例疾病全基因组高级分析技术服务（委托）合同-方振|Z|人重测序文库|NA|NORMAL, count=1, reason=总量150.0G低于最小门槛2095.0G[0m
[32m2026-05-28 21:43:11[0m | [1mINFO    [0m | [1m主流程规则分桶跳过: bucket=general:宏基因组测序分析（框架）技术服务（委托）合同|Z|DNA小片段文库|NA|NORMAL, count=20, reason=总量120.0G低于最小门槛2095.0G[0m
[32m2026-05-28 21:43:11[0m | [1mINFO    [0m | [1m主流程规则分桶跳过: bucket=general:东北师范大学转录组+非靶分析技术服务（委托）合同|Z|VIP-真核普通转录组文库|NA|NORMAL, count=19, reason=总量114.0G低于最小门槛2095.0G[0m
[32m2026-05-28 21:43:11[0m | [1mINFO    [0m | [1m主流程规则分桶跳过: bucket=general:2026年转录组测序分析技术服务（委托）合同|Z|VIP-真核普通转录组文库|NA|NORMAL, count=17, reason=总量102.0G低于最小门槛2095.0G[0m
[32m2026-05-28 21:43:11[0m | [1mINFO    [0m | [1m主流程规则分桶跳过: bucket=general:真核6G转录组测序分析技术服务（委托）合同-HYX|Z|VIP-真核普通转录组文库|NA|NORMAL, count=16, reason=总量96.0G低于最小门槛2095.0G[0m
[32m2026-05-28 21:43:11[0m | [1mINFO    [0m | [1m主流程规则分桶跳过: bucket=general:25年12月武汉迈维全长转录组（KINNEX）+非编码测序分析技术服务（委托）合同|Z|LNC非互作文库|NA|NORMAL, count=8, reason=总量96.0G低于最小门槛2095.0G[0m
[32m2026-05-28 21:43:11[0m | [1mINFO    [0m | [1m主流程规则分桶跳过: bucket=general:大连海洋大学85个海胆体腔液无参转录组技术服务（委托）合同|Z|VIP-真核普通转录组文库|NA|NORMAL, count=15, reason=总量90.0G低于最小门槛2095.0G[0m
[32m2026-05-28 21:43:11[0m | [1mINFO    [0m | [1m主流程规则分桶跳过: bucket=general:河北农业大学12例微生物多组学测序分析技术服务（委托）合同|Z|DNA小片段文库|NA|NORMAL, count=9, reason=总量90.0G低于最小门槛2095.0G[0m
[32m2026-05-28 21:43:11[0m | [1mINFO    [0m | [1m主流程规则分桶跳过: bucket=general:细菌真菌基因组二代测序技术服务（委托）合同-26|Z|DNA小片段文库|NA|NORMAL, count=85, reason=总量85.0G低于最小门槛2095.0G[0m
[32m2026-05-28 21:43:11[0m | [1mINFO    [0m | [1m主流程规则分桶跳过: bucket=general:新大30个涩芥样本重测序建库测序技术服务（委托）合同|Z|DNA小片段文库|NA|NORMAL, count=19, reason=总量76.0G低于最小门槛2095.0G[0m
[32m2026-05-28 21:43:11[0m | [1mINFO    [0m | [1m主流程规则分桶跳过: bucket=general:四川省人民医院6个MRNA建库测序技术服务（委托）合同|Z|VIP-真核普通转录组文库|NA|NORMAL, count=5, reason=总量75.0G低于最小门槛2095.0G[0m
[32m2026-05-28 21:43:11[0m | [1mINFO    [0m | [1m主流程规则分桶跳过: bucket=general:15个玉米三代+12个ATAC+18个RNASEQ分析技术服务（委托）合同|Z|VIP-真核普通转录组文库|NA|NORMAL, count=12, reason=总量72.0G低于最小门槛2095.0G[0m
[32m2026-05-28 21:43:11[0m | [1mINFO    [0m | [1m主流程规则分桶跳过: bucket=general:SINGAPORE-TLL-6-LNCRNA-12GB-WBI-AMEA2026051245|Z|LNC非互作文库|NA|NORMAL, count=6, reason=总量72.0G低于最小门槛2095.0G[0m
[32m2026-05-28 21:43:11[0m | [1mINFO    [0m | [1m主流程规则分桶跳过: bucket=general:中国医学科学院皮肤病医院（中国医学科学院皮肤病研究所）12例转录组+6例非靶测序分析技术服务（委托）合同|Z|VIP-真核普通转录组文库|NA|NORMAL, count=11, reason=总量66.0G低于最小门槛2095.0G[0m
[32m2026-05-28 21:43:11[0m | [1mINFO    [0m | [1m主流程规则分桶跳过: bucket=general:沈阳农大100例转录组建库测序技术服务（委托）合同|Z|VIP-真核普通转录组文库|NA|NORMAL, count=10, reason=总量60.0G低于最小门槛2095.0G[0m
[32m2026-05-28 21:43:11[0m | [1mINFO    [0m | [1m主流程规则分桶跳过: bucket=general:西北农林科技大学57个转录组测序分析技术服务（委托）合同|Z|VIP-真核普通转录组文库|NA|NORMAL, count=10, reason=总量60.0G低于最小门槛2095.0G[0m
[32m2026-05-28 21:43:11[0m | [1mINFO    [0m | [1m主流程规则分桶跳过: bucket=general:安必奇表观与非编码测序技术服务（委托）合同|Z|LNC非互作文库|NA|NORMAL, count=6, reason=总量60.0G低于最小门槛2095.0G[0m
[32m2026-05-28 21:43:11[0m | [1mINFO    [0m | [1m主流程规则分桶跳过: bucket=general:烟草中心21例烟草叶片微生物宏基因组测序分析技术服务（委托）合同|Z|META文库|NA|NORMAL, count=4, reason=总量60.0G低于最小门槛2095.0G[0m
[32m2026-05-28 21:43:11[0m | [1mINFO    [0m | [1m主流程规则分桶跳过: bucket=general:2026年研科生物LNC RNA及M RNA测序分析技术服务（委托）合同|Z|LNC非互作文库|NA|NORMAL, count=5, reason=总量50.0G低于最小门槛2095.0G[0m
[32m2026-05-28 21:43:11[0m | [1mINFO    [0m | [1m主流程规则分桶跳过: bucket=general:【药企】西安塞东医药-19例-小鼠脑组织转录组测序分析技术服务（委托）合同|Z|VIP-真核普通转录组文库|NA|NORMAL, count=8, reason=总量48.0G低于最小门槛2095.0G[0m
[32m2026-05-28 21:43:11[0m | [1mINFO    [0m | [1m主流程规则分桶跳过: bucket=general:医科大-10例细胞样本转录组分析技术服务（委托）合同|Z|VIP-真核普通转录组文库|NA|NORMAL, count=8, reason=总量48.0G低于最小门槛2095.0G[0m
[32m2026-05-28 21:43:11[0m | [1mINFO    [0m | [1m主流程规则分桶跳过: bucket=general:苏宛真张瑞鑫山西医科大学15个医口转录组分析技术服务（委托）合同|Z|VIP-真核普通转录组文库|NA|NORMAL, count=8, reason=总量48.0G低于最小门槛2095.0G[0m
[32m2026-05-28 21:43:11[0m | [1mINFO    [0m | [1m主流程规则分桶跳过: bucket=general:扩增子（16S+ITS)+宏基因组+代谢组分析技术服务（委托）合同-Y|Z|META文库|NA|NORMAL, count=4, reason=总量48.0G低于最小门槛2095.0G[0m
[32m2026-05-28 21:43:11[0m | [1mINFO    [0m | [1m主流程规则分桶跳过: bucket=general:滨州医学院附属医院27个细菌建库测序分析技术服务（委托）合同|Z|DNA小片段文库|NA|NORMAL, count=15, reason=总量45.0G低于最小门槛2095.0G[0m
[32m2026-05-28 21:43:11[0m | [1mINFO    [0m | [1m主流程规则分桶跳过: bucket=general:2026年吉林大学和平校区10个转录组建库测序分析技术服务（委托）合同|Z|VIP-真核普通转录组文库|NA|NORMAL, count=7, reason=总量42.0G低于最小门槛2095.0G[0m
[32m2026-05-28 21:43:11[0m | [1mINFO    [0m | [1m主流程规则分桶跳过: bucket=general:北京林业大学8个样本转录组测序-技术服务（委托）合同|Z|VIP-真核普通转录组文库|NA|NORMAL, count=7, reason=总量42.0G低于最小门槛2095.0G[0m
[32m2026-05-28 21:43:11[0m | [1mINFO    [0m | [1m主流程规则分桶跳过: bucket=general:转录组+脂质组分析技术服务（委托）合同|Z|VIP-真核普通转录组文库|NA|NORMAL, count=7, reason=总量42.0G低于最小门槛2095.0G[0m
[32m2026-05-28 21:43:11[0m | [1mINFO    [0m | [1m主流程规则分桶跳过: bucket=general:科大300例宏基因组测序技术服务（委托）合同|Z|DNA小片段文库|NA|NORMAL, count=4, reason=总量40.0G低于最小门槛2095.0G[0m
[32m2026-05-28 21:43:11[0m | [1mINFO    [0m | [1m主流程规则分桶跳过: bucket=general:NVUK2026020518-EU-ES-IDIS-ANIMAL-30-MRNASEQ-7.5GB-FEB2026-WBI-QUANTIFICATION|Z|VIP-真核普通转录组文库|NA|NORMAL, count=5, reason=总量37.5G低于最小门槛2095.0G[0m
[32m2026-05-28 21:43:11[0m | [1mINFO    [0m | [1m主流程规则分桶跳过: bucket=general:48个16S+8个转录组测序分析技术服务（委托）合同|Z|VIP-真核普通转录组文库|NA|NORMAL, count=6, reason=总量36.0G低于最小门槛2095.0G[0m
[32m2026-05-28 21:43:11[0m | [1mINFO    [0m | [1m主流程规则分桶跳过: bucket=general:南方医科大学12个BULK转录组及30个16S扩增子分析技术服务（委托）合同|Z|VIP-真核普通转录组文库|NA|NORMAL, count=6, reason=总量36.0G低于最小门槛2095.0G[0m
[32m2026-05-28 21:43:11[0m | [1mINFO    [0m | [1m主流程规则分桶跳过: bucket=general:山东省立医院6例转录组分析技术服务（委托）合同-肖胜扬|Z|VIP-真核普通转录组文库|NA|NORMAL, count=6, reason=总量36.0G低于最小门槛2095.0G[0m
[32m2026-05-28 21:43:11[0m | [1mINFO    [0m | [1m主流程规则分桶跳过: bucket=general:江汉大学9个样本转录组测序分析技术服务（委托）合同|Z|VIP-真核普通转录组文库|NA|NORMAL, count=6, reason=总量36.0G低于最小门槛2095.0G[0m
[32m2026-05-28 21:43:11[0m | [1mINFO    [0m | [1m主流程规则分桶跳过: bucket=general:西湖大学于洪涛LAB温嫣然老师10个RNA-SEQ建库测序技术服务（委托）合同|Z|VIP-真核普通转录组文库|NA|NORMAL, count=6, reason=总量36.0G低于最小门槛2095.0G[0m
[32m2026-05-28 21:43:11[0m | [1mINFO    [0m | [1m主流程规则分桶跳过: bucket=general:杭州市农科院BSA测序技术服务（委托）合同|Z|DNA小片段文库|NA|NORMAL, count=1, reason=总量35.0G低于最小门槛2095.0G[0m
[32m2026-05-28 21:43:11[0m | [1mINFO    [0m | [1m主流程规则分桶跳过: bucket=general:南昌大学第一附属医院6个细胞CHIPSEQ+转录组测序分析技术服务（委托）合同|Z|VIP-真核普通转录组文库|NA|NORMAL, count=5, reason=总量30.0G低于最小门槛2095.0G[0m
[32m2026-05-28 21:43:11[0m | [1mINFO    [0m | [1m主流程规则分桶跳过: bucket=general:天津实验室-百趣-25.10.23-宏基因组+转录组+WES+自建库项目技术服务（委托）合同|Z|VIP-真核普通转录组文库|NA|NORMAL, count=5, reason=总量30.0G低于最小门槛2095.0G[0m
[32m2026-05-28 21:43:11[0m | [1mINFO    [0m | [1m主流程规则分桶跳过: bucket=general:天津实验室-百趣-26.4.20-宏基因组+转录组项目技术服务（委托）合同|Z|VIP-真核普通转录组文库|NA|NORMAL, count=5, reason=总量30.0G低于最小门槛2095.0G[0m
[32m2026-05-28 21:43:11[0m | [1mINFO    [0m | [1m主流程规则分桶跳过: bucket=general:山西农业大学动物科学学院8例转录组测序分析技术服务（委托）合同|Z|VIP-真核普通转录组文库|NA|NORMAL, count=5, reason=总量30.0G低于最小门槛2095.0G[0m
[32m2026-05-28 21:43:11[0m | [1mINFO    [0m | [1m主流程规则分桶跳过: bucket=general:26宏基因组补分析技术服务（委托）合同|Z|DNA小片段文库|NA|NORMAL, count=27, reason=总量27.7G低于最小门槛2095.0G[0m
[32m2026-05-28 21:43:11[0m | [1mINFO    [0m | [1m主流程规则分桶跳过: bucket=general:山东省农科院300样本转录组测序分析技术服务（委托）合同|Z|VIP-真核普通转录组文库|NA|NORMAL, count=4, reason=总量24.0G低于最小门槛2095.0G[0m
[32m2026-05-28 21:43:11[0m | [1mINFO    [0m | [1m主流程规则分桶跳过: bucket=general:浙江大学7例小鼠肌肉样本转录组测序分析技术服务（委托）合同|Z|VIP-真核普通转录组文库|NA|NORMAL, count=4, reason=总量24.0G低于最小门槛2095.0G[0m
[32m2026-05-28 21:43:11[0m | [1mINFO    [0m | [1m主流程规则分桶跳过: bucket=general:山东省农科院作物所108样本转录组10G分析技术服务（委托）合同|Z|VIP-真核普通转录组文库|NA|NORMAL, count=2, reason=总量20.0G低于最小门槛2095.0G[0m
[32m2026-05-28 21:43:11[0m | [1mINFO    [0m | [1m主流程规则分桶跳过: bucket=general:江南大学9例原核转录组测序分析技术服务（委托）合同|Z|原核链特异性转录组文库|NA|NORMAL, count=9, reason=总量18.0G低于最小门槛2095.0G[0m
[32m2026-05-28 21:43:11[0m | [1mINFO    [0m | [1m主流程规则分桶跳过: bucket=general:2026年1月25日ILLUMINA转录组测序分析技术服务（委托）合同|Z|VIP-真核普通转录组文库|NA|NORMAL, count=3, reason=总量18.0G低于最小门槛2095.0G[0m
[32m2026-05-28 21:43:11[0m | [1mINFO    [0m | [1m主流程规则分桶跳过: bucket=general:北部湾大学张巍老师真核转录组测序分析分析技术服务（委托）合同|Z|VIP-真核普通转录组文库|NA|NORMAL, count=3, reason=总量18.0G低于最小门槛2095.0G[0m
[32m2026-05-28 21:43:11[0m | [1mINFO    [0m | [1m主流程规则分桶跳过: bucket=general:博奥晶典ILLUMINA建库测序及质控 技术服务（委托）合同-2026年|Z|VIP-真核普通转录组文库|NA|NORMAL, count=3, reason=总量18.0G低于最小门槛2095.0G[0m
[32m2026-05-28 21:43:11[0m | [1mINFO    [0m | [1m主流程规则分桶跳过: bucket=general:新农大10个小鼠细胞样本转录组测序分析技术服务（委托）合同|Z|VIP-真核普通转录组文库|NA|NORMAL, count=3, reason=总量18.0G低于最小门槛2095.0G[0m
[32m2026-05-28 21:43:11[0m | [1mINFO    [0m | [1m主流程规则分桶跳过: bucket=general:林科院100例转录组额度分析技术服务（委托）合同|Z|VIP-真核普通转录组文库|NA|NORMAL, count=3, reason=总量18.0G低于最小门槛2095.0G[0m
[32m2026-05-28 21:43:11[0m | [1mINFO    [0m | [1m主流程规则分桶跳过: bucket=general:济南市疾控1700例细菌框架图（拼接）+300例微生物全基因组建库测序+270例宏基因组测序分析+80例宏基因组建库测序分析技术服务（委托）合同|Z|META文库|NA|NORMAL, count=3, reason=总量18.0G低于最小门槛2095.0G[0m
[32m2026-05-28 21:43:11[0m | [1mINFO    [0m | [1m主流程规则分桶跳过: bucket=general:科服+生命知源+2026年转录组框架合同分析技术服务（委托）合同|Z|VIP-真核普通转录组文库|NA|NORMAL, count=3, reason=总量18.0G低于最小门槛2095.0G[0m
[32m2026-05-28 21:43:11[0m | [1mINFO    [0m | [1m主流程规则分桶跳过: bucket=general:菌WGS2026Q1技术服务（委托）合同|Z|DNA小片段文库|NA|NORMAL, count=17, reason=总量17.0G低于最小门槛2095.0G[0m
[32m2026-05-28 21:43:11[0m | [1mINFO    [0m | [1m主流程规则分桶跳过: bucket=general:NVUK2026052038-UA-GREENCLINIC-3-SHOTGUN METAGENOMICS-40GB PE150-WOBI|Z|DNA小片段文库|NA|NORMAL, count=2, reason=总量16.8G低于最小门槛2095.0G[0m
[32m2026-05-28 21:43:11[0m | [1mINFO    [0m | [1m主流程规则分桶跳过: bucket=general:西农50个原核+原核互作转录组测序分析分析技术服务（委托）合同|Z|原核链特异性转录组文库|NA|NORMAL, count=6, reason=总量16.0G低于最小门槛2095.0G[0m
[32m2026-05-28 21:43:11[0m | [1mINFO    [0m | [1m主流程规则分桶跳过: bucket=general:浙江大学2个BSA测序分析X技术服务（委托）合同|Z|DNA小片段文库|NA|NORMAL, count=1, reason=总量16.0G低于最小门槛2095.0G[0m
[32m2026-05-28 21:43:11[0m | [1mINFO    [0m | [1m主流程规则分桶跳过: bucket=general:王老师真核普通转录组建库测序（ILLUMINA X PLUS）析技术服务（委托）合同-2026|Z|VIP-真核普通转录组文库|NA|NORMAL, count=5, reason=总量15.0G低于最小门槛2095.0G[0m
[32m2026-05-28 21:43:11[0m | [1mINFO    [0m | [1m主流程规则分桶跳过: bucket=general:25Q3-JL-RNA建库测序技术服务（委托）合同|Z|LNC非互作文库|NA|NORMAL, count=3, reason=总量15.0G低于最小门槛2095.0G[0m
[32m2026-05-28 21:43:11[0m | [1mINFO    [0m | [1m主流程规则分桶跳过: bucket=general:江苏省中国科学院植物研究所-50例重测序-温珺分析技术服务（委托）合同|Z|DNA小片段文库|NA|NORMAL, count=4, reason=总量12.0G低于最小门槛2095.0G[0m
[32m2026-05-28 21:43:11[0m | [1mINFO    [0m | [1m主流程规则分桶跳过: bucket=general:海洋三所9个单菌和4个扩增子分析技术服务（委托）合同|Z|DNA小片段文库|NA|NORMAL, count=3, reason=总量12.0G低于最小门槛2095.0G[0m
[32m2026-05-28 21:43:11[0m | [1mINFO    [0m | [1m主流程规则分桶跳过: bucket=general:182个XPLUS转录组建库测序技术服务（委托）合同|Z|VIP-真核普通转录组文库|NA|NORMAL, count=2, reason=总量12.0G低于最小门槛2095.0G[0m
[32m2026-05-28 21:43:11[0m | [1mINFO    [0m | [1m主流程规则分桶跳过: bucket=general:ZJP_12转录组分析技术服务（委托）合同|Z|VIP-真核普通转录组文库|NA|NORMAL, count=2, reason=总量12.0G低于最小门槛2095.0G[0m
[32m2026-05-28 21:43:11[0m | [1mINFO    [0m | [1m主流程规则分桶跳过: bucket=general:南京市口腔医院3例RNASEQ+6例重分析分析技术服务（委托）合同|Z|VIP-真核普通转录组文库|NA|NORMAL, count=2, reason=总量12.0G低于最小门槛2095.0G[0m
[32m2026-05-28 21:43:11[0m | [1mINFO    [0m | [1m主流程规则分桶跳过: bucket=general:基础所王子乔老师（曹雪涛组）转录组测序分析项目协议-2026.5.14|Z|VIP-真核普通转录组文库|NA|NORMAL, count=2, reason=总量12.0G低于最小门槛2095.0G[0m
[32m2026-05-28 21:43:11[0m | [1mINFO    [0m | [1m主流程规则分桶跳过: bucket=general:宏基因组测序分析（框架）技术服务（委托）合同|Z|META文库|NA|NORMAL, count=2, reason=总量12.0G低于最小门槛2095.0G[0m
[32m2026-05-28 21:43:11[0m | [1mINFO    [0m | [1m主流程规则分桶跳过: bucket=general:江苏省中国科学院植物研究所-32个转录组测序分析-温珺分析技术服务（委托）合同|Z|VIP-真核普通转录组文库|NA|NORMAL, count=2, reason=总量12.0G低于最小门槛2095.0G[0m
[32m2026-05-28 21:43:11[0m | [1mINFO    [0m | [1m主流程规则分桶跳过: bucket=general:药企百济-25年年框分析技术服务（委托）合同|Z|VIP-真核普通转录组文库|NA|NORMAL, count=2, reason=总量12.0G低于最小门槛2095.0G[0m
[32m2026-05-28 21:43:11[0m | [1mINFO    [0m | [1m主流程规则分桶跳过: bucket=general:贵州大学100例转录组（XP)分析技术服务（委托）合同|Z|VIP-真核普通转录组文库|NA|NORMAL, count=2, reason=总量12.0G低于最小门槛2095.0G[0m
[32m2026-05-28 21:43:11[0m | [1mINFO    [0m | [1m主流程规则分桶跳过: bucket=general:赣南医科大学4例人核酸样本+8例小鼠结直肠样本转录组测序分析技术服务（委托）合同|Z|VIP-真核普通转录组文库|NA|NORMAL, count=2, reason=总量12.0G低于最小门槛2095.0G[0m
[32m2026-05-28 21:43:11[0m | [1mINFO    [0m | [1m主流程规则分桶跳过: bucket=general:【药企】荣灿生物医药转录组和外显子建库测序分析技术服务（委托）合同|Z|VIP-真核普通转录组文库|NA|NORMAL, count=1, reason=总量12.0G低于最小门槛2095.0G[0m
[32m2026-05-28 21:43:11[0m | [1mINFO    [0m | [1m主流程规则分桶跳过: bucket=general:盐城市第三人民医院16株细菌全基因组测序技术服务（委托）合同|Z|DNA小片段文库|NA|NORMAL, count=11, reason=总量11.0G低于最小门槛2095.0G[0m
[32m2026-05-28 21:43:11[0m | [1mINFO    [0m | [1m主流程规则分桶跳过: bucket=general:复旦大学 马国-庞莉园 90例转录+120例非靶+30例（RAPID蛋白+脂质+非靶）测序分析技术服务（委托）合同|Z|DNA小片段文库|NA|NORMAL, count=8, reason=总量10.8G低于最小门槛2095.0G[0m
[32m2026-05-28 21:43:11[0m | [1mINFO    [0m | [1m主流程规则分桶跳过: bucket=general:枣庄学院180样本土壤宏基因组10G分析技术服务（委托）合同|Z|META文库|NA|NORMAL, count=1, reason=总量10.0G低于最小门槛2095.0G[0m
[32m2026-05-28 21:43:11[0m | [1mINFO    [0m | [1m主流程规则分桶跳过: bucket=general:山东师范大学50样本转录组8G建库测序技术服务（委托）合同|Z|VIP-真核普通转录组文库|NA|NORMAL, count=1, reason=总量8.0G低于最小门槛2095.0G[0m
[32m2026-05-28 21:43:11[0m | [1mINFO    [0m | [1m主流程规则分桶跳过: bucket=general:扬州大学-1000例细菌建库测序（交付CLEAN）分析技术服务（委托）合同|Z|DNA小片段文库|NA|NORMAL, count=7, reason=总量7.0G低于最小门槛2095.0G[0m
[32m2026-05-28 21:43:11[0m | [1mINFO    [0m | [1m主流程规则分桶跳过: bucket=general:福建医科大学附属第一医院120个转录组建库测序技术服务（委托）合同-26.2.11|Z|VIP-真核普通转录组文库|NA|NORMAL, count=2, reason=总量7.0G低于最小门槛2095.0G[0m
[32m2026-05-28 21:43:11[0m | [1mINFO    [0m | [1m主流程规则分桶跳过: bucket=general:微生物所细菌建库测序1G（新框架）26年4-6月分析技术服务（委托）合同|Z|微生物常规小片段文库|NA|NORMAL, count=6, reason=总量6.0G低于最小门槛2095.0G[0m
[32m2026-05-28 21:43:11[0m | [1mINFO    [0m | [1m主流程规则分桶跳过: bucket=general:疾控中心200例细菌框架图-惠青分析技术服务（委托）合同|Z|DNA小片段文库|NA|NORMAL, count=6, reason=总量6.0G低于最小门槛2095.0G[0m
[32m2026-05-28 21:43:11[0m | [1mINFO    [0m | [1m主流程规则分桶跳过: bucket=general:原核转录组测序分析（2G）高级分析分析技术服务（委托）合同|Z|原核链特异性转录组文库|NA|NORMAL, count=3, reason=总量6.0G低于最小门槛2095.0G[0m
[32m2026-05-28 21:43:11[0m | [1mINFO    [0m | [1m主流程规则分桶跳过: bucket=general:天津大学6例原核转录组+分析分析技术服务（委托）合同|Z|原核链特异性转录组文库|NA|NORMAL, count=3, reason=总量6.0G低于最小门槛2095.0G[0m
[32m2026-05-28 21:43:11[0m | [1mINFO    [0m | [1m主流程规则分桶跳过: bucket=general:100个转录组 XPLUS分析技术服务（委托）合同|Z|VIP-真核普通转录组文库|NA|NORMAL, count=1, reason=总量6.0G低于最小门槛2095.0G[0m
[32m2026-05-28 21:43:11[0m | [1mINFO    [0m | [1m主流程规则分桶跳过: bucket=general:16个转录组分析技术服务（委托）合同-LZ|Z|VIP-真核普通转录组文库|NA|NORMAL, count=1, reason=总量6.0G低于最小门槛2095.0G[0m
[32m2026-05-28 21:43:11[0m | [1mINFO    [0m | [1m主流程规则分桶跳过: bucket=general:2026年3月11日XP宏基因组6G建库测序分析技术服务（委托）合同|Z|DNA小片段文库|NA|NORMAL, count=1, reason=总量6.0G低于最小门槛2095.0G[0m
[32m2026-05-28 21:43:11[0m | [1mINFO    [0m | [1m主流程规则分桶跳过: bucket=general:26医口转录组分析技术服务（委托）合同|Z|VIP-真核普通转录组文库|NA|NORMAL, count=1, reason=总量6.0G低于最小门槛2095.0G[0m
[32m2026-05-28 21:43:11[0m | [1mINFO    [0m | [1m主流程规则分桶跳过: bucket=general:51个样本非靶代谢+27个样本12G宏基因组+24个样本转录组测序分析技术服务（委托）合同|Z|VIP-真核普通转录组文库|NA|NORMAL, count=1, reason=总量6.0G低于最小门槛2095.0G[0m
[32m2026-05-28 21:43:11[0m | [1mINFO    [0m | [1m主流程规则分桶跳过: bucket=general:BZ-365例转录组测序分析技术服务（委托）合同|Z|VIP-真核普通转录组文库|NA|NORMAL, count=1, reason=总量6.0G低于最小门槛2095.0G[0m
[32m2026-05-28 21:43:11[0m | [1mINFO    [0m | [1m主流程规则分桶跳过: bucket=general:厦大12个微量提取-常量建库转录组分析技术服务（委托）合同|Z|VIP-真核普通转录组文库|NA|NORMAL, count=1, reason=总量6.0G低于最小门槛2095.0G[0m
[32m2026-05-28 21:43:11[0m | [1mINFO    [0m | [1m主流程规则分桶跳过: bucket=general:大连医科大学附属第一医院6个转录组技术服务（委托）合同|Z|VIP-真核普通转录组文库|NA|NORMAL, count=1, reason=总量6.0G低于最小门槛2095.0G[0m
[32m2026-05-28 21:43:11[0m | [1mINFO    [0m | [1m主流程规则分桶跳过: bucket=general:天津实验室-百趣-26.4.20-宏基因组+转录组项目技术服务（委托）合同|Z|DNA小片段文库|NA|NORMAL, count=1, reason=总量6.0G低于最小门槛2095.0G[0m
[32m2026-05-28 21:43:11[0m | [1mINFO    [0m | [1m主流程规则分桶跳过: bucket=general:天津肿瘤医院200例转录+HQ代谢测序分析技术服务（委托）合同-彭碧佳|Z|VIP-真核普通转录组文库|NA|NORMAL, count=1, reason=总量6.0G低于最小门槛2095.0G[0m
[32m2026-05-28 21:43:11[0m | [1mINFO    [0m | [1m主流程规则分桶跳过: bucket=general:山东大学齐鲁医院80例DEEP DIA+80例转录组建库测序分析技术服务（委托）合同-余雯菲|Z|VIP-真核普通转录组文库|NA|NORMAL, count=1, reason=总量6.0G低于最小门槛2095.0G[0m
[32m2026-05-28 21:43:11[0m | [1mINFO    [0m | [1m主流程规则分桶跳过: bucket=general:海大转录加代谢分析技术服务（委托）合同|Z|VIP-真核普通转录组文库|NA|NORMAL, count=1, reason=总量6.0G低于最小门槛2095.0G[0m
[32m2026-05-28 21:43:11[0m | [1mINFO    [0m | [1m主流程规则分桶跳过: bucket=general:清华大学HJZ4个转录组测序分析技术服务（委托）合同|Z|VIP-真核普通转录组文库|NA|NORMAL, count=1, reason=总量6.0G低于最小门槛2095.0G[0m
[32m2026-05-28 21:43:11[0m | [1mINFO    [0m | [1m主流程规则分桶跳过: bucket=general:温州医科大学附属第二医院6例人源细胞转录组测序分析技术服务（委托）合同|Z|VIP-真核普通转录组文库|NA|NORMAL, count=1, reason=总量6.0G低于最小门槛2095.0G[0m
[32m2026-05-28 21:43:11[0m | [1mINFO    [0m | [1m主流程规则分桶跳过: bucket=general:湖大18个真核有参转录组分析技术服务（委托）合同|Z|VIP-真核普通转录组文库|NA|NORMAL, count=1, reason=总量6.0G低于最小门槛2095.0G[0m
[32m2026-05-28 21:43:11[0m | [1mINFO    [0m | [1m主流程规则分桶跳过: bucket=general:草原研究所48样本真核转录组分析技术服务（委托）合同|Z|VIP-真核普通转录组文库|NA|NORMAL, count=1, reason=总量6.0G低于最小门槛2095.0G[0m
[32m2026-05-28 21:43:11[0m | [1mINFO    [0m | [1m主流程规则分桶跳过: bucket=general:药物所刘老师3例有参转录组分析技术服务（委托）合同|Z|VIP-真核普通转录组文库|NA|NORMAL, count=1, reason=总量6.0G低于最小门槛2095.0G[0m
[32m2026-05-28 21:43:11[0m | [1mINFO    [0m | [1m主流程规则分桶跳过: bucket=general:西农10个重测序+100个转录组测序技术服务（委托）合同|Z|VIP-真核普通转录组文库|NA|NORMAL, count=1, reason=总量6.0G低于最小门槛2095.0G[0m
[32m2026-05-28 21:43:11[0m | [1mINFO    [0m | [1m主流程规则分桶跳过: bucket=general:海科院1个1个PB真菌精细图带HIC+1个细菌完成图-FY分析技术服务（委托）合同|Z|DNA小片段文库|NA|NORMAL, count=3, reason=总量5.0G低于最小门槛2095.0G[0m
[32m2026-05-28 21:43:11[0m | [1mINFO    [0m | [1m主流程规则分桶跳过: bucket=general:扩增子（16S+ITS)+宏基因组+代谢组分析技术服务（委托）合同-Y|Z|DNA小片段文库|NA|NORMAL, count=2, reason=总量4.6G低于最小门槛2095.0G[0m
[32m2026-05-28 21:43:11[0m | [1mINFO    [0m | [1m主流程规则分桶跳过: bucket=general:广西大学6例原核转录组测序分析技术服务（委托）合同|Z|原核链特异性转录组文库|NA|NORMAL, count=4, reason=总量4.0G低于最小门槛2095.0G[0m
[32m2026-05-28 21:43:11[0m | [1mINFO    [0m | [1m主流程规则分桶跳过: bucket=general:烟草基因中心1例细菌样本二代+三代基因组分析技术服务（委托）合同|Z|DNA小片段文库|NA|NORMAL, count=4, reason=总量4.0G低于最小门槛2095.0G[0m
[32m2026-05-28 21:43:11[0m | [1mINFO    [0m | [1m主流程规则分桶跳过: bucket=general:山西医科大学50例细菌完成图测序分析分析技术服务（委托）合同|Z|DNA小片段文库|NA|NORMAL, count=3, reason=总量3.0G低于最小门槛2095.0G[0m
[32m2026-05-28 21:43:11[0m | [1mINFO    [0m | [1m主流程规则分桶跳过: bucket=general:2026年深圳惠通生物二代建库测序分析技术服务（委托）合同|Z|DNA小片段文库|NA|NORMAL, count=3, reason=总量2.4G低于最小门槛2095.0G[0m
[32m2026-05-28 21:43:11[0m | [1mINFO    [0m | [1m主流程规则分桶跳过: bucket=general:海南省人民医院宏基因组建库测序分析技术服务（委托）合同|Z|DNA小片段文库|NA|NORMAL, count=3, reason=总量2.4G低于最小门槛2095.0G[0m
[32m2026-05-28 21:43:11[0m | [1mINFO    [0m | [1m主流程规则分桶跳过: bucket=general:青岛极智ILLMINA平台DNA小片段+MRNA建库测序技术服务（委托）合同|Z|VIP-真核普通转录组文库|NA|NORMAL, count=3, reason=总量2.4G低于最小门槛2095.0G[0m
[32m2026-05-28 21:43:11[0m | [1mINFO    [0m | [1m主流程规则分桶跳过: bucket=general:微生物所细菌建库测序1G（新框架）26年4-6月分析技术服务（委托）合同|Z|DNA小片段文库|NA|NORMAL, count=2, reason=总量2.0G低于最小门槛2095.0G[0m
[32m2026-05-28 21:43:11[0m | [1mINFO    [0m | [1m主流程规则分桶跳过: bucket=general:济南市疾控1700例细菌框架图（拼接）+300例微生物全基因组建库测序+270例宏基因组测序分析+80例宏基因组建库测序分析技术服务（委托）合同|Z|DNA小片段文库|NA|NORMAL, count=2, reason=总量2.0G低于最小门槛2095.0G[0m
[32m2026-05-28 21:43:11[0m | [1mINFO    [0m | [1m主流程规则分桶跳过: bucket=general:莆田疾控中心微生物全基因组，16S扩增子和宏基因组测序分析技术服务（委托）合同|Z|DNA小片段文库|NA|NORMAL, count=1, reason=总量2.0G低于最小门槛2095.0G[0m
[32m2026-05-28 21:43:11[0m | [1mINFO    [0m | [1m主流程规则分桶跳过: bucket=general:【工业】海天集团-2025年李雪飞老师全基因组建库测序项目分析技术服务（委托）合同|Z|VIP-真核普通转录组文库|NA|NORMAL, count=2, reason=总量1.6G低于最小门槛2095.0G[0m
[32m2026-05-28 21:43:11[0m | [1mINFO    [0m | [1m主流程规则分桶跳过: bucket=general:一批宏基因组、单菌基因组和16S扩增子建库测序分析技术服务（委托）合同|Z|DNA小片段文库|NA|NORMAL, count=2, reason=总量1.6G低于最小门槛2095.0G[0m
[32m2026-05-28 21:43:11[0m | [1mINFO    [0m | [1m主流程规则分桶跳过: bucket=general:上科大44例转录组建库测序6G+44例非靶代谢组分析技术服务（委托）合同|Z|VIP-真核普通转录组文库|NA|NORMAL, count=2, reason=总量1.6G低于最小门槛2095.0G[0m
[32m2026-05-28 21:43:11[0m | [1mINFO    [0m | [1m主流程规则分桶跳过: bucket=general:2026- 北化DNA样本NOVASEQ™ X PLUS微生物全基因组建库测序技术服务（委托）合同-LMZ|Z|DNA小片段文库|NA|NORMAL, count=1, reason=总量1.0G低于最小门槛2095.0G[0m
[32m2026-05-28 21:43:11[0m | [1mINFO    [0m | [1m主流程规则分桶跳过: bucket=general:25年200个二代基因组测序分析技术服务（委托）合同|Z|DNA小片段文库|NA|NORMAL, count=1, reason=总量1.0G低于最小门槛2095.0G[0m
[32m2026-05-28 21:43:11[0m | [1mINFO    [0m | [1m主流程规则分桶跳过: bucket=general:南开大学6例原核转录组-0522分析技术服务（委托）合同|Z|原核链特异性转录组文库|NA|NORMAL, count=1, reason=总量1.0G低于最小门槛2095.0G[0m
[32m2026-05-28 21:43:11[0m | [1mINFO    [0m | [1m主流程规则分桶跳过: bucket=general:400个样本细菌框架图提取建库测序组装技术服务（委托）合同|Z|DNA小片段文库|NA|NORMAL, count=1, reason=总量0.8G低于最小门槛2095.0G[0m
[32m2026-05-28 21:43:11[0m | [1mINFO    [0m | [1m主流程规则分桶跳过: bucket=general:内蒙古农业大学单菌建库测序质控分析技术服务（委托）合同|Z|DNA小片段文库|NA|NORMAL, count=1, reason=总量0.8G低于最小门槛2095.0G[0m
[32m2026-05-28 21:43:11[0m | [1mINFO    [0m | [1m主流程规则分桶跳过: bucket=general:微生物建库测序1G（框架）技术服务（委托）合同|Z|DNA小片段文库|NA|NORMAL, count=1, reason=总量0.8G低于最小门槛2095.0G[0m
[32m2026-05-28 21:43:11[0m | [1mINFO    [0m | [1m主流程规则分桶跳过: bucket=general:湖北中医药大学9个转录组学测序分析技术服务（委托）合同|Z|VIP-真核普通转录组文库|NA|NORMAL, count=1, reason=总量0.8G低于最小门槛2095.0G[0m
[32m2026-05-28 21:43:11[0m | [1mINFO    [0m | [1m主流程规则分桶跳过: bucket=general:贵州108个土壤宏基因组测序分析赠高级分析分析技术服务（委托）合同|Z|DNA小片段文库|NA|NORMAL, count=1, reason=总量0.8G低于最小门槛2095.0G[0m
[32m2026-05-28 21:43:11[0m | [1mINFO    [0m | [1m主流程规则分桶跳过: bucket=general:项目1000个DNA建库测序技术服务（委托）合同|Z|DNA小片段文库|NA|NORMAL, count=1, reason=总量0.8G低于最小门槛2095.0G[0m
[32m2026-05-28 21:43:11[0m | [1mINFO    [0m | [1m主流程规则分桶预调度完成: 分桶=263，桶后尾货=1645个/16699.0G[0m
[32m2026-05-28 21:43:11[0m | [1mINFO    [0m | [1m主流程尾货统一补排启动: count=1645, data=16699.0G[0m
[32m2026-05-28 21:43:11[0m | [1mINFO    [0m | [1m开始逐Lane贪心排机 - 文库数: 1645[0m
[32m2026-05-28 21:43:11[0m | [1mINFO    [0m | [1m预拆分完成: 使用外层已拆分文库[0m
[32m2026-05-28 21:43:11[0m | [1mINFO    [0m | [1m===== 批次全局分析报告 =====[0m
[32m2026-05-28 21:43:11[0m | [1mINFO    [0m | [1m机器类型: Nova X-25B[0m
[32m2026-05-28 21:43:11[0m | [1mINFO    [0m | [1m文库总数: 1645[0m
[32m2026-05-28 21:43:11[0m | [1mINFO    [0m | [1m总数据量: 16699.0 GB[0m
[32m2026-05-28 21:43:11[0m | [1mINFO    [0m | [1m预估Lane数: 8~8[0m
[32m2026-05-28 21:43:11[0m | [1mINFO    [0m | [1m--- 特征标记 ---[0m
[32m2026-05-28 21:43:11[0m | [1mINFO    [0m | [1m  包Lane文库: 无[0m
[32m2026-05-28 21:43:11[0m | [1mINFO    [0m | [1m  碱基不均衡: 有[0m
[32m2026-05-28 21:43:11[0m | [1mINFO    [0m | [1m  客户文库:   无[0m
[32m2026-05-28 21:43:11[0m | [1mINFO    [0m | [1m  10bp文库:   有[0m
[32m2026-05-28 21:43:11[0m | [1mINFO    [0m | [1m  非10bp文库: 有[0m
[32m2026-05-28 21:43:11[0m | [1mINFO    [0m | [1m  特殊组合:   有[0m
[32m2026-05-28 21:43:11[0m | [1mINFO    [0m | [1m--- 分组画像 ---[0m
[32m2026-05-28 21:43:11[0m | [1mINFO    [0m | [1m  [non_10bp] 非10碱基文库: 275个文库, 4752.6GB, 预估3~3条Lane[0m
[32m2026-05-28 21:43:11[0m | [1mINFO    [0m | [1m  [all] 全部文库: 1645个文库, 16699.0GB, 预估8~8条Lane[0m
[32m2026-05-28 21:43:11[0m | [1mINFO    [0m | [1m  [imbalance] 碱基不均衡文库: 312个文库, 6549.7GB, 预估3~4条Lane[0m
[32m2026-05-28 21:43:11[0m | [1mINFO    [0m | [1m  [10bp] 10碱基文库: 1370个文库, 11946.4GB, 预估6~6条Lane[0m
[32m2026-05-28 21:43:11[0m | [1mINFO    [0m | [1m  [special_combo_b] 10X 3端/Visium组合: 24个文库, 2197.8GB, 预估2~2条Lane[0m
[32m2026-05-28 21:43:11[0m | [1mINFO    [0m | [1m  [special_combo_a] 10X 5端/VDJ组合: 29个文库, 540.7GB, 预估1~1条Lane[0m
[32m2026-05-28 21:43:11[0m | [1mINFO    [0m | [1m--- 专用Lane推荐 ---[0m
[32m2026-05-28 21:43:11[0m | [1mINFO    [0m | [1m  [imbalance] 碱基不均衡文库数据量充足，可包专用Lane避免混排占比限制 - 约3条Lane, 6549.7GB, 置信度: high[0m
[32m2026-05-28 21:43:11[0m | [1mINFO    [0m | [1m  [non_10bp] 非10bp文库集中排入专用Lane，避免触发10bp>=40%混排规则 - 约2条Lane, 4752.6GB, 置信度: high[0m
[32m2026-05-28 21:43:11[0m | [1mINFO    [0m | [1m  [special_combo_b] 10X 3端/Visium文库可独占Lane（与5端互斥） - 约1条Lane, 2197.8GB, 置信度: medium[0m
[32m2026-05-28 21:43:11[0m | [1mINFO    [0m | [1m--- 混排约束 ---[0m
[32m2026-05-28 21:43:11[0m | [1mINFO    [0m | [1m  [tj_1595_special_combo_groups_not_mixed] special_combo_a vs special_combo_b: 10X 5端/VDJ 与 10X 3端/Visium 文库不可混排，必须分开[0m
[32m2026-05-28 21:43:11[0m | [1mINFO    [0m | [1m  [imbalance_max_30pct] imbalance vs all: 碱基不均衡文库全局占比39.2%，超过30%上限，必须拆分为专用Lane[0m
[32m2026-05-28 21:43:11[0m | [1mINFO    [0m | [1m--- 尾部风险 ---[0m
[32m2026-05-28 21:43:11[0m | [1mINFO    [0m | [1m  [imbalance] 碱基不均衡文库排完整Lane后剩余264.7GB，不足半Lane(1048GB)，需要大文库骨架携带或混入散样Lane - 264.7GB, 312个, 严重程度: high[0m
[32m2026-05-28 21:43:11[0m | [1mINFO    [0m | [1m  [non_10bp] 非10碱基文库排完整Lane后剩余562.6GB，不足半Lane(1048GB)，需要大文库骨架携带或混入散样Lane - 562.6GB, 275个, 严重程度: medium[0m
[32m2026-05-28 21:43:11[0m | [1mINFO    [0m | [1m  [special_combo_a] 10X 5端/VDJ组合排完整Lane后剩余540.7GB，不足半Lane(998GB)，需要大文库骨架携带或混入散样Lane - 540.7GB, 29个, 严重程度: medium[0m
[32m2026-05-28 21:43:11[0m | [1mINFO    [0m | [1m  [special_combo_b] 10X 3端/Visium组合排完整Lane后剩余202.8GB，不足半Lane(998GB)，需要大文库骨架携带或混入散样Lane - 202.8GB, 24个, 严重程度: high[0m
[32m2026-05-28 21:43:11[0m | [1mINFO    [0m | [1m--- 策略建议 ---[0m
[32m2026-05-28 21:43:11[0m | [1mINFO    [0m | [1m  - 碱基不均衡文库数据量充足，优先形成专用Lane[0m
[32m2026-05-28 21:43:11[0m | [1mINFO    [0m | [1m  - 非10bp文库建议走专用Lane，避免10bp>=40%混排红线[0m
[32m2026-05-28 21:43:11[0m | [1mINFO    [0m | [1m  - 特殊10X组合文库应分别走专用Lane（互斥规则）[0m
[32m2026-05-28 21:43:11[0m | [1mINFO    [0m | [1m  - 存在2个高风险尾部分组，建议启用骨架预留(大带小)[0m
[32m2026-05-28 21:43:11[0m | [1mINFO    [0m | [1m===== 报告结束 =====[0m
[32m2026-05-28 21:43:11[0m | [1mINFO    [0m | [1m保留外部传入的策略执行计划，仅使用批次分析报告[0m
[32m2026-05-28 21:43:11[0m | [1mINFO    [0m | [1m处理机器类型 Nova X-25B - 文库数: 1612 - Lane容量: 1050.0GB, 利用率区间: [100%, 100%], 特殊文库上限: 350GB[0m
[32m2026-05-28 21:43:11[0m | [1mINFO    [0m | [1m碱基不均衡专用Lane策略: 286个碱基不均衡文库[0m
[32m2026-05-28 21:43:11[0m | [1mINFO    [0m | [1m专用Lane分组G29剩余合同量273.0G无法满足1.1或3.6T-NEW有效容量下限[0m
[32m2026-05-28 21:43:11[0m | [1mINFO    [0m | [1m专用Lane分组G50剩余合同量82.5G无法满足1.1或3.6T-NEW有效容量下限[0m
[32m2026-05-28 21:43:11[0m | [1mINFO    [0m | [1m专用Lane分组G33剩余合同量110.0G无法满足1.1或3.6T-NEW有效容量下限[0m
[32m2026-05-28 21:43:11[0m | [1mINFO    [0m | [1m专用Lane分组G26剩余合同量794.0G无法满足1.1或3.6T-NEW有效容量下限[0m
[32m2026-05-28 21:43:11[0m | [1mINFO    [0m | [1m专用Lane分组G25剩余合同量190.0G无法满足1.1或3.6T-NEW有效容量下限[0m
[32m2026-05-28 21:43:11[0m | [1mINFO    [0m | [1m专用Lane分组G31剩余合同量121.3G无法满足1.1或3.6T-NEW有效容量下限[0m
[32m2026-05-28 21:43:11[0m | [1mINFO    [0m | [1m专用Lane分组G36剩余合同量7.4G无法满足1.1或3.6T-NEW有效容量下限[0m
[32m2026-05-28 21:43:11[0m | [1mINFO    [0m | [1m专用Lane分组G4剩余合同量115.0G无法满足1.1或3.6T-NEW有效容量下限[0m
[32m2026-05-28 21:43:11[0m | [1mINFO    [0m | [1m专用Lane分组G6剩余合同量210.0G无法满足1.1或3.6T-NEW有效容量下限[0m
[32m2026-05-28 21:43:11[0m | [1mINFO    [0m | [1m专用Lane分组G52剩余合同量10.0G无法满足1.1或3.6T-NEW有效容量下限[0m
[32m2026-05-28 21:43:11[0m | [1mINFO    [0m | [1m专用Lane分组G24剩余合同量15.0G无法满足1.1或3.6T-NEW有效容量下限[0m
[32m2026-05-28 21:43:11[0m | [1mINFO    [0m | [1m专用Lane分组G5剩余合同量5.0G无法满足1.1或3.6T-NEW有效容量下限[0m
[32m2026-05-28 21:43:11[0m | [1mINFO    [0m | [1m专用Lane分组G35剩余合同量6.9G无法满足1.1或3.6T-NEW有效容量下限[0m
[32m2026-05-28 21:43:11[0m | [1mINFO    [0m | [1m形成0条专用Lane，剩余286个碱基不均衡文库[0m
[32m2026-05-28 21:43:14[0m | [1mINFO    [0m | [1m第二轮排机: 1310 个未分配文库（随机顺序）[0m
[32m2026-05-28 21:43:15[0m | [1mINFO    [0m | [1m第三轮排机: 1310 个未分配文库（小文库优先）[0m
[32m2026-05-28 21:43:21[0m | [1mINFO    [0m | [1m连续5轮无新Lane且未分配池不变，提前结束无效重试[0m
[32m2026-05-28 21:43:21[0m | [1mINFO    [0m | [1m专用Lane分组G29剩余合同量273.0G无法满足1.1或3.6T-NEW有效容量下限[0m
[32m2026-05-28 21:43:21[0m | [1mINFO    [0m | [1m专用Lane分组G50剩余合同量82.5G无法满足1.1或3.6T-NEW有效容量下限[0m
[32m2026-05-28 21:43:21[0m | [1mINFO    [0m | [1m专用Lane分组G33剩余合同量110.0G无法满足1.1或3.6T-NEW有效容量下限[0m
[32m2026-05-28 21:43:21[0m | [1mINFO    [0m | [1m专用Lane分组G25剩余合同量190.0G无法满足1.1或3.6T-NEW有效容量下限[0m
[32m2026-05-28 21:43:21[0m | [1mINFO    [0m | [1m专用Lane分组G26剩余合同量794.0G无法满足1.1或3.6T-NEW有效容量下限[0m
[32m2026-05-28 21:43:21[0m | [1mINFO    [0m | [1m专用Lane分组G31剩余合同量121.3G无法满足1.1或3.6T-NEW有效容量下限[0m
[32m2026-05-28 21:43:21[0m | [1mINFO    [0m | [1m专用Lane分组G36剩余合同量7.4G无法满足1.1或3.6T-NEW有效容量下限[0m
[32m2026-05-28 21:43:21[0m | [1mINFO    [0m | [1m专用Lane分组G4剩余合同量115.0G无法满足1.1或3.6T-NEW有效容量下限[0m
[32m2026-05-28 21:43:21[0m | [1mINFO    [0m | [1m专用Lane分组G6剩余合同量210.0G无法满足1.1或3.6T-NEW有效容量下限[0m
[32m2026-05-28 21:43:21[0m | [1mINFO    [0m | [1m专用Lane分组G52剩余合同量10.0G无法满足1.1或3.6T-NEW有效容量下限[0m
[32m2026-05-28 21:43:21[0m | [1mINFO    [0m | [1m专用Lane分组G5剩余合同量5.0G无法满足1.1或3.6T-NEW有效容量下限[0m
[32m2026-05-28 21:43:21[0m | [1mINFO    [0m | [1m专用Lane分组G24剩余合同量15.0G无法满足1.1或3.6T-NEW有效容量下限[0m
[32m2026-05-28 21:43:21[0m | [1mINFO    [0m | [1m专用Lane分组G35剩余合同量6.9G无法满足1.1或3.6T-NEW有效容量下限[0m
[32m2026-05-28 21:43:21[0m | [1mINFO    [0m | [1m专用Lane创建完成: 0条Lane, 278个碱基不均衡文库待分配, 1032个中性文库待分配[0m
[32m2026-05-28 21:43:21[0m | [1mINFO    [0m | [1m处理机器类型 NovaSeq X Plus - 文库数: 33 - Lane容量: 1100GB, 利用率区间: [100%, 100%], 特殊文库上限: 350GB[0m
[32m2026-05-28 21:43:21[0m | [1mINFO    [0m | [1m碱基不均衡专用Lane策略: 26个碱基不均衡文库[0m
[32m2026-05-28 21:43:21[0m | [1mINFO    [0m | [1m专用Lane分组G26剩余合同量6.0G无法满足1.1或3.6T-NEW有效容量下限[0m
[32m2026-05-28 21:43:21[0m | [1mINFO    [0m | [1m专用Lane分组G36剩余合同量7.2G无法满足1.1或3.6T-NEW有效容量下限[0m
[32m2026-05-28 21:43:21[0m | [1mINFO    [0m | [1m专用Lane分组G22剩余合同量9.0G无法满足1.1或3.6T-NEW有效容量下限[0m
[32m2026-05-28 21:43:21[0m | [1mINFO    [0m | [1m形成0条专用Lane，剩余26个碱基不均衡文库[0m
[32m2026-05-28 21:43:21[0m | [1mINFO    [0m | [1m剩余池总量589.2GB不足最小成Lane门槛2095.0GB，跳过后续随机重试[0m
[32m2026-05-28 21:43:21[0m | [1mINFO    [0m | [1m专用Lane分组G26剩余合同量6.0G无法满足1.1或3.6T-NEW有效容量下限[0m
[32m2026-05-28 21:43:21[0m | [1mINFO    [0m | [1m专用Lane分组G36剩余合同量7.2G无法满足1.1或3.6T-NEW有效容量下限[0m
[32m2026-05-28 21:43:21[0m | [1mINFO    [0m | [1m专用Lane分组G22剩余合同量9.0G无法满足1.1或3.6T-NEW有效容量下限[0m
[32m2026-05-28 21:43:21[0m | [1mINFO    [0m | [1m专用Lane创建完成: 0条Lane, 26个碱基不均衡文库待分配, 7个中性文库待分配[0m
[32m2026-05-28 21:43:21[0m | [1mINFO    [0m | [1m最后填充策略: 尝试将1343个未分配文库塞入已有Lane[0m
[32m2026-05-28 21:43:23[0m | [1mINFO    [0m | [1m最后填充策略: 成功塞入1个文库，踢出0个违反规则的文库，剩余1342个无法分配[0m
[32m2026-05-28 21:43:23[0m | [1mINFO    [0m | [1m挪移优化: 未分配数据量14444GB已足够，尝试精选组建新Lane[0m
[32m2026-05-28 21:43:23[0m | [1mINFO    [0m | [1m残余精选: 内部1118个, 客户224个[0m
[32m2026-05-28 21:43:23[0m | [1mINFO    [0m | [1m成Lane校验程序初始化完成 (严格模式: True, 碱基不均衡上限: 35%, 特殊文库关键词: 9个)[0m
[32m2026-05-28 21:43:23[0m | [1mINFO    [0m | [1m残余精选: 验证失败 - ValidationError(rule_type=<ValidationRuleType.BASE_IMBALANCE_RATIO: 'base_imbalance_ratio'>, severity=<ValidationSeverity.ERROR: 'error'>, message='碱基不均衡占比64.1%超过35%限制', current_value=0.6407982261640798, threshold_value=0.35, affected_libraries=[14300539, 14300579, 14299912, 14299928, 14299913, 14300634, 14300528, 14300519, 14300628, 14300611, 14304594]), ValidationError(rule_type=<ValidationRuleType.SPECIAL_LIBRARY_LIMIT: 'special_library_limit'>, severity=<ValidationSeverity.ERROR: 'error'>, message='特殊文库总量1445.0G超过350.0G限制', current_value=1445.0, threshold_value=350.0, affected_libraries=[14300539, 14300579, 14299912, 14299928, 14299913, 14300634, 14300528, 14300519, 14300628, 14300611, 14304594])[0m
[32m2026-05-28 21:43:23[0m | [1mINFO    [0m | [1m挪移优化: 精选组建失败，继续尝试挪移策略[0m
[32m2026-05-28 21:43:23[0m | [1mINFO    [0m | [1m挪移优化: 未分配1342个文库(14444GB)，需要从现有Lane挪出-12349GB[0m
[32m2026-05-28 21:43:23[0m | [33m[1mWARNING [0m | [33m[1m挪移优化: 新Lane GL_NovaSeq X Plus_002 验证失败: 容量超限: 14444.2GB > 2255.0GB，放弃创建[0m
[32m2026-05-28 21:43:23[0m | [1mINFO    [0m | [1m逐Lane贪心排机完成 - Lane数: 1, 已分配: 303/1645, 未分配: 1342, 平均利用率: 103.7%, 耗时: 11.85秒[0m
[32m2026-05-28 21:43:23[0m | [1mINFO    [0m | [1m成Lane校验程序初始化完成 (严格模式: False, 碱基不均衡上限: 35%, 特殊文库关键词: 9个)[0m
[32m2026-05-28 21:43:23[0m | [1mINFO    [0m | [1m最终验证结果: 1条Lane通过，1342个文库未分配[0m
[32m2026-05-28 21:43:23[0m | [1mINFO    [0m | [1mwkspecialsplits边排边检查完成: 无需调整[0m
[32m2026-05-28 21:43:23[0m | [1mINFO    [0m | [1m验证完成：1条Lane通过验证[0m
[32m2026-05-28 21:43:23[0m | [1mINFO    [0m | [1m57规则二次改排救援已关闭，失败Lane文库回收到未分配池[0m
[32m2026-05-28 21:43:23[0m | [1mINFO    [0m | [1m高成本救援(EX/RB)跳过: 已有1.1 Lane成功落地，剩余未分配池=1342个/14444.2G，跳过高成本救援以保证主流程输出[0m
[32m2026-05-28 21:43:23[0m | [1mINFO    [0m | [1m分层重组救援（大池降配）: 未分配=1342个/14444.2G，每机台每阶段限 4 条[0m
[32m2026-05-28 21:43:23[0m | [1mINFO    [0m | [1m未分配大簇专项regroup跳过: machine=Nova X-25B, count=27, data=1620.0G, reason=总量1620.0G低于最小门槛2095.0G[0m
[32m2026-05-28 21:43:23[0m | [1mINFO    [0m | [1m未分配大簇专项regroup跳过: machine=Nova X-25B, count=28, data=840.0G, reason=总量840.0G低于最小门槛2095.0G[0m
[32m2026-05-28 21:43:23[0m | [1mINFO    [0m | [1m未分配大簇专项regroup跳过: machine=Nova X-25B, count=71, data=710.0G, reason=总量710.0G低于最小门槛2095.0G[0m
[32m2026-05-28 21:43:23[0m | [1mINFO    [0m | [1m未分配大簇专项regroup跳过: machine=Nova X-25B, count=80, data=480.0G, reason=总量480.0G低于最小门槛2095.0G[0m
[32m2026-05-28 21:43:23[0m | [1mINFO    [0m | [1m未分配大簇专项regroup跳过: machine=Nova X-25B, count=26, data=312.0G, reason=总量312.0G低于最小门槛2095.0G[0m
[32m2026-05-28 21:43:24[0m | [1mINFO    [0m | [1m补Lane尝试: variant=full_priority, lane_prefix=RM, pool_size=1342, pool_data=14444.167G, prioritize_scattered_mix=True[0m
[32m2026-05-28 21:43:24[0m | [1mINFO    [0m | [1m补Lane尝试: variant=non_clinical_relaxed, lane_prefix=RM, pool_size=1342, pool_data=14444.167G, prioritize_scattered_mix=False[0m
[32m2026-05-28 21:43:33[0m | [1mINFO    [0m | [1m补Lane跳过汇总: lane_prefix=RM, machine=Nova X-25B, reason_top=[总量6.0G低于最小门槛2095.0Gx30, 总量12.0G低于最小门槛2095.0Gx14, 总量18.0G低于最小门槛2095.0Gx11, 总量2.0G低于最小门槛2095.0Gx7][0m
[32m2026-05-28 21:43:33[0m | [1mINFO    [0m | [1m补Lane尝试: variant=full_priority, lane_prefix=GL, pool_size=1342, pool_data=14444.167G, prioritize_scattered_mix=True[0m
[32m2026-05-28 21:43:33[0m | [1mINFO    [0m | [1m补Lane尝试: variant=non_clinical_relaxed, lane_prefix=GL, pool_size=1342, pool_data=14444.167G, prioritize_scattered_mix=False[0m
[32m2026-05-28 21:43:49[0m | [1mINFO    [0m | [1m补Lane跳过汇总: lane_prefix=GL, machine=Nova X-25B, reason_top=[总量6.0G低于最小门槛2095.0Gx30, 总量12.0G低于最小门槛2095.0Gx14, 总量18.0G低于最小门槛2095.0Gx11, 总量2.0G低于最小门槛2095.0Gx7][0m
[32m2026-05-28 21:44:18[0m | [1mINFO    [0m | [1m补Lane尝试: variant=cluster_fast_path, lane_prefix=OG, pool_size=527, pool_data=2961.527G, prioritize_scattered_mix=False[0m
[32m2026-05-28 21:44:21[0m | [1mINFO    [0m | [1m补Lane尝试跳过: lane_prefix=OG, pool_size=135, pool_data=779.060G不足最小门槛2095.000G[0m
[32m2026-05-28 21:44:21[0m | [1mINFO    [0m | [1m补Lane尝试: variant=cluster_fast_path, lane_prefix=OG, pool_size=443, pool_data=2900.250G, prioritize_scattered_mix=False[0m
[32m2026-05-28 21:44:31[0m | [1mINFO    [0m | [1m剩余库分层重组搜索完成: 新增Lane=1 (大簇专项=0, 高约束专项=0, 专lane=0, 混排lane=0, 普通lane=1), 跳过拆分文库=0, 剩余未分配=950[0m
[32m2026-05-28 21:44:31[0m | [1mINFO    [0m | [1m脚本内置 Pooling 预测已停用，后续统一调用 prediction_delivery[0m
[32m2026-05-28 21:44:31[0m | [33m[1mWARNING [0m | [33m[1mLane OG_Nova X-25B_001 利用率异常: 223.84% (数据量=2182.47GB, 容量=975.00GB)[0m
[32m2026-05-28 21:44:31[0m | [1mINFO    [0m | [1m1.1首轮二次补排完成: 新增Lane=2, 剩余文库=950[0m
[32m2026-05-28 21:44:31[0m | [1mINFO    [0m | [1m1.1首轮剩余中16个<=500G未拆分原始文库继续保留给1.1尾货抽取，不进入普通3.6T候选池[0m
[32m2026-05-28 21:44:31[0m | [1mINFO    [0m | [1m步骤1.5-3候选池接收1.1剩余可进3.6T文库934个，继续进入3.6T-NEW[0m
[32m2026-05-28 21:44:31[0m | [1mINFO    [0m | [1m1.1首轮排机完成: 生成8条Lane[0m
[32m2026-05-28 21:44:31[0m | [1mINFO    [0m | [1m步骤1.5后追加<=500G未拆分原始文库到尾货1.1池: 16个[0m
[32m2026-05-28 21:44:31[0m | [1mINFO    [0m | [1m1.1首轮排机阶段完成: 3.6T-NEW后续候选池=952个文库, 1.1 Lane=8条[0m
[32m2026-05-28 21:44:31[0m | [1mINFO    [0m | [1m补Lane尝试: variant=full_priority, lane_prefix=GL, pool_size=16, pool_data=2800.000G, prioritize_scattered_mix=True[0m
[32m2026-05-28 21:44:31[0m | [1mINFO    [0m | [1m补Lane尝试: variant=non_clinical_relaxed, lane_prefix=GL, pool_size=16, pool_data=2800.000G, prioritize_scattered_mix=False[0m
[32m2026-05-28 21:44:31[0m | [1mINFO    [0m | [1m补Lane跳过汇总: lane_prefix=GL, machine=Nova X-25B, reason_top=[总量200.0G低于最小门槛1995.0Gx2, 总量150.0G低于最小门槛2095.0Gx2, 总量720.0G低于最小门槛2095.0Gx1, 总量630.0G低于最小门槛1995.0Gx1][0m
[32m2026-05-28 21:44:31[0m | [1mINFO    [0m | [1m
================================================================================[0m
[32m2026-05-28 21:44:31[0m | [1mINFO    [0m | [1m步骤1.6: 尾货1.1专Lane与普通Lane二次抽取[0m
[32m2026-05-28 21:44:31[0m | [1mINFO    [0m | [1m================================================================================[0m
[32m2026-05-28 21:44:31[0m | [1mINFO    [0m | [1mIndex校验器初始化完成（真实数据验证版本）[0m
[32m2026-05-28 21:44:31[0m | [1mINFO    [0m | [1m成Lane校验程序初始化完成 (严格模式: True, 碱基不均衡上限: 35%, 特殊文库关键词: 9个)[0m
[32m2026-05-28 21:44:31[0m | [33m[1mWARNING [0m | [33m[1mPooling配置表不存在: /data/work/yuyongpeng/liblane_v2_deepseek/data/wktype_pooling_config.xlsx，将使用默认策略[0m
[32m2026-05-28 21:44:31[0m | [1mINFO    [0m | [1m产出效率修正表不存在: /data/work/yuyongpeng/liblane_v2_deepseek/data/production_efficiency_correction.csv，跳过后校准[0m
[32m2026-05-28 21:44:31[0m | [33m[1mWARNING [0m | [33m[1m模型文件不存在: models/loutput_pre_lane_v5/lightgbm_model.pkl[0m
[32m2026-05-28 21:44:31[0m | [33m[1mWARNING [0m | [33m[1mloutput预测器不可用，将使用规则降级策略[0m
[32m2026-05-28 21:44:31[0m | [1mINFO    [0m | [1m逐Lane贪心排机器初始化完成 - 基础容量: 985.0GB, 利用率区间: [100%, 100%], 配置模式: 按机型自动[0m
[32m2026-05-28 21:44:31[0m | [1mINFO    [0m | [1m启用检查: Index=True, 碱基不均衡=True, 规则检查器=False[0m
[32m2026-05-28 21:44:31[0m | [1mINFO    [0m | [1m专用Lane分组G29剩余合同量273.0G无法满足1.1或3.6T-NEW有效容量下限[0m
[32m2026-05-28 21:44:31[0m | [1mINFO    [0m | [1m专用Lane分组G50剩余合同量82.5G无法满足1.1或3.6T-NEW有效容量下限[0m
[32m2026-05-28 21:44:31[0m | [1mINFO    [0m | [1m专用Lane分组G33剩余合同量110.0G无法满足1.1或3.6T-NEW有效容量下限[0m
[32m2026-05-28 21:44:31[0m | [1mINFO    [0m | [1m专用Lane分组G25剩余合同量190.0G无法满足1.1或3.6T-NEW有效容量下限[0m
[32m2026-05-28 21:44:31[0m | [1mINFO    [0m | [1m专用Lane分组G31剩余合同量121.3G无法满足1.1或3.6T-NEW有效容量下限[0m
[32m2026-05-28 21:44:31[0m | [1mINFO    [0m | [1m专用Lane分组G36剩余合同量14.6G无法满足1.1或3.6T-NEW有效容量下限[0m
[32m2026-05-28 21:44:31[0m | [1mINFO    [0m | [1m专用Lane分组G4剩余合同量115.0G无法满足1.1或3.6T-NEW有效容量下限[0m
[32m2026-05-28 21:44:31[0m | [1mINFO    [0m | [1m专用Lane分组G6剩余合同量210.0G无法满足1.1或3.6T-NEW有效容量下限[0m
[32m2026-05-28 21:44:31[0m | [1mINFO    [0m | [1m专用Lane分组G52剩余合同量10.0G无法满足1.1或3.6T-NEW有效容量下限[0m
[32m2026-05-28 21:44:31[0m | [1mINFO    [0m | [1m专用Lane分组G5剩余合同量5.0G无法满足1.1或3.6T-NEW有效容量下限[0m
[32m2026-05-28 21:44:31[0m | [1mINFO    [0m | [1m专用Lane分组G24剩余合同量15.0G无法满足1.1或3.6T-NEW有效容量下限[0m
[32m2026-05-28 21:44:31[0m | [1mINFO    [0m | [1m专用Lane分组G35剩余合同量6.9G无法满足1.1或3.6T-NEW有效容量下限[0m
[32m2026-05-28 21:44:31[0m | [1mINFO    [0m | [1m专用Lane分组G22剩余合同量9.0G无法满足1.1或3.6T-NEW有效容量下限[0m
[32m2026-05-28 21:44:31[0m | [1mINFO    [0m | [1m尾货1.1碱基不均衡专Lane二次抽取未形成新Lane[0m
[32m2026-05-28 21:44:34[0m | [1mINFO    [0m | [1m步骤1.6 G55跨基础组碱基不均1.1专Lane未成Lane: 候选243个/3100.3G, 1.1真实量窗口=[1990.2,2142.2]G, validation_attempts=0, top_failures=[][0m
[32m2026-05-28 21:44:34[0m | [1mINFO    [0m | [1m尾货G55跨基础组碱基不均1.1专Lane未形成新Lane[0m
[32m2026-05-28 21:44:35[0m | [1mINFO    [0m | [1m补Lane尝试: variant=full_priority, lane_prefix=GL, pool_size=950, pool_data=12261.700G, prioritize_scattered_mix=True[0m
[32m2026-05-28 21:44:35[0m | [1mINFO    [0m | [1m补Lane尝试: variant=non_clinical_relaxed, lane_prefix=GL, pool_size=950, pool_data=12261.700G, prioritize_scattered_mix=False[0m
[32m2026-05-28 21:44:45[0m | [1mINFO    [0m | [1m补Lane跳过汇总: lane_prefix=GL, machine=Nova X-25B, reason_top=[总量6.0G低于最小门槛2095.0Gx32, 总量12.0G低于最小门槛2095.0Gx14, 总量1.0G低于最小门槛2095.0Gx7, 总量18.0G低于最小门槛2095.0Gx6][0m
[32m2026-05-28 21:45:20[0m | [1mINFO    [0m | [1m尾货1.1普通Lane二次抽取未形成新Lane，剩余进入普通3.6T排机文库=952[0m
[32m2026-05-28 21:45:20[0m | [1mINFO    [0m | [1m
================================================================================[0m
[32m2026-05-28 21:45:20[0m | [1mINFO    [0m | [1m步骤1.7: 1.1前文库类型专池预抽取[0m
[32m2026-05-28 21:45:20[0m | [1mINFO    [0m | [1m================================================================================[0m
[32m2026-05-28 21:45:22[0m | [1mINFO    [0m | [1m终态文库类型专池未成Lane: 文库类型=DNA小片段文库, 机型=Nova X-25B, 模式=1.1, 剩余文库=443, 剩余数据量=2900.2G, reason=no_valid_subset(best_shortage=194.6G,best_index_pairs=100)[0m
[32m2026-05-28 21:45:27[0m | [1mINFO    [0m | [1m终态文库类型专池补Lane成功: lane=TG_Nova X-25B_001, 文库类型=DNA小片段文库, 模式=3.6T-NEW, 文库数=66, 数据量=1000.4G[0m
[32m2026-05-28 21:45:28[0m | [1mINFO    [0m | [1m终态文库类型专池未成Lane: 文库类型=外显子文库, 机型=Nova X-25B, 模式=1.1, 剩余文库=42, 剩余数据量=1925.6G, reason=hard_skip_total_below_min(total=1925.6G,min=2095.0G)[0m
[32m2026-05-28 21:45:29[0m | [1mINFO    [0m | [1m终态文库类型专池未成Lane: 文库类型=外显子文库, 机型=Nova X-25B, 模式=3.6T-NEW, 剩余文库=42, 剩余数据量=1925.6G, reason=no_valid_subset(best_shortage=42.7G,best_index_pairs=61)[0m
[32m2026-05-28 21:45:29[0m | [1mINFO    [0m | [1m终态文库类型碱基不均专Lane未成Lane: 文库类型=客户-Methylation文库, 机型=Nova X-25B, 剩余文库=48, 剩余数据量=1138.0G, reason=hard_skip_total_below_min(total=1138.0G,min=2074.1G); g53_g54_fill=no_valid_g53_g54_fill_subset(best_total=0.0G,best_index_pairs=0, validation_top=[])[0m
[32m2026-05-28 21:45:29[0m | [1mINFO    [0m | [1m终态文库类型专池未成Lane: 文库类型=客户-Methylation文库, 机型=Nova X-25B, 模式=3.6T-NEW, 剩余文库=48, 剩余数据量=1138.0G, reason=no_valid_subset(best_shortage=63.0G,best_index_pairs=34)[0m
[32m2026-05-28 21:45:29[0m | [1mINFO    [0m | [1m终态文库类型碱基不均专Lane未成Lane: 文库类型=客户-CUT-Tag文库, 机型=Nova X-25B, 剩余文库=106, 剩余数据量=794.0G, reason=hard_skip_total_below_min(total=794.0G,min=1676.0G); g53_g54_fill=no_valid_g53_g54_fill_subset(best_total=0.0G,best_index_pairs=0, validation_top=[])[0m
[32m2026-05-28 21:45:29[0m | [1mINFO    [0m | [1m终态文库类型专池未成Lane: 文库类型=客户-CUT-Tag文库, 机型=Nova X-25B, 模式=3.6T-NEW, 剩余文库=106, 剩余数据量=794.0G, reason=hard_skip_total_below_min(total=794.0G,min=995.0G)[0m
[32m2026-05-28 21:45:29[0m | [1mINFO    [0m | [1m终态文库类型碱基不均专Lane未成Lane: 文库类型=10X Fixed gemx RNA文库, 机型=Nova X-25B, 剩余文库=5, 剩余数据量=780.0G, reason=hard_skip_total_below_min(total=780.0G,min=2095.0G); g53_g54_fill=no_valid_g53_g54_fill_subset(best_total=0.0G,best_index_pairs=0, validation_top=[])[0m
[32m2026-05-28 21:45:53[0m | [1mINFO    [0m | [1m终态文库类型专池未成Lane: 文库类型=10X Fixed gemx RNA文库, 机型=Nova X-25B, 模式=3.6T-NEW, 剩余文库=5, 剩余数据量=780.0G, reason=hard_skip_total_below_min(total=60.0G,min=995.0G)[0m
[32m2026-05-28 21:45:53[0m | [1mINFO    [0m | [1m终态文库类型专池未成Lane: 文库类型=VIP-真核普通转录组文库, 机型=Nova X-25B, 模式=1.1, 剩余文库=135, 剩余数据量=779.1G, reason=hard_skip_total_below_min(total=733.0G,min=2095.0G)[0m
[32m2026-05-28 21:45:53[0m | [1mINFO    [0m | [1m终态文库类型专池未成Lane: 文库类型=VIP-真核普通转录组文库, 机型=Nova X-25B, 模式=3.6T-NEW, 剩余文库=135, 剩余数据量=779.1G, reason=hard_skip_total_below_min(total=733.0G,min=995.0G)[0m
[32m2026-05-28 21:45:53[0m | [1mINFO    [0m | [1m终态文库类型碱基不均专Lane未成Lane: 文库类型=10X转录组文库-3V4文库, 机型=Nova X-25B, 剩余文库=7, 剩余数据量=760.0G, reason=hard_skip_total_below_min(total=760.0G,min=1995.0G); g53_g54_fill=no_valid_g53_g54_fill_subset(best_total=0.0G,best_index_pairs=0, validation_top=[])[0m
[32m2026-05-28 21:46:18[0m | [1mINFO    [0m | [1m终态文库类型专池未成Lane: 文库类型=10X转录组文库-3V4文库, 机型=Nova X-25B, 模式=3.6T-NEW, 剩余文库=7, 剩余数据量=760.0G, reason=hard_skip_total_below_min(total=410.0G,min=970.0G)[0m
[32m2026-05-28 21:46:19[0m | [1mINFO    [0m | [1m终态文库类型碱基不均专Lane未成Lane: 文库类型=客户-10X 3 单细胞转录组文库, 机型=Nova X-25B, 剩余文库=4, 剩余数据量=720.0G, reason=hard_skip_total_below_min(total=720.0G,min=1995.0G); g53_g54_fill=no_valid_g53_g54_fill_subset(best_total=0.0G,best_index_pairs=0, validation_top=[])[0m
[32m2026-05-28 21:46:43[0m | [1mINFO    [0m | [1m终态文库类型专池未成Lane: 文库类型=客户-10X 3 单细胞转录组文库, 机型=Nova X-25B, 模式=3.6T-NEW, 剩余文库=4, 剩余数据量=720.0G, reason=hard_skip_total_below_min(total=90.0G,min=970.0G)[0m
[32m2026-05-28 21:46:43[0m | [1mINFO    [0m | [1m终态文库类型碱基不均专Lane未成Lane: 文库类型=10X转录组文库-3V4文库, 机型=NovaSeq X Plus, 剩余文库=4, 剩余数据量=400.0G, reason=hard_skip_total_below_min(total=400.0G,min=1995.0G); g53_g54_fill=no_valid_g53_g54_fill_subset(best_total=0.0G,best_index_pairs=0, validation_top=[])[0m
[32m2026-05-28 21:46:43[0m | [1mINFO    [0m | [1m终态文库类型专池未成Lane: 文库类型=10X转录组文库-3V4文库, 机型=NovaSeq X Plus, 模式=3.6T-NEW, 剩余文库=4, 剩余数据量=400.0G, reason=hard_skip_total_below_min(total=400.0G,min=970.0G)[0m
[32m2026-05-28 21:46:43[0m | [1mINFO    [0m | [1m终态文库类型碱基不均专Lane未成Lane: 文库类型=10X转录组文库-5V3文库, 机型=Nova X-25B, 剩余文库=15, 剩余数据量=325.7G, reason=hard_skip_total_below_min(total=325.7G,min=1995.0G); g53_g54_fill=no_valid_g53_g54_fill_subset(best_total=0.0G,best_index_pairs=0, validation_top=[])[0m
[32m2026-05-28 21:47:06[0m | [1mINFO    [0m | [1m终态文库类型专池未成Lane: 文库类型=10X转录组文库-5V3文库, 机型=Nova X-25B, 模式=3.6T-NEW, 剩余文库=15, 剩余数据量=325.7G, reason=hard_skip_total_below_min(total=125.7G,min=970.0G)[0m
[32m2026-05-28 21:47:06[0m | [1mINFO    [0m | [1m终态文库类型碱基不均专Lane未成Lane: 文库类型=客户-PCR产物, 机型=Nova X-25B, 剩余文库=12, 剩余数据量=273.0G, reason=hard_skip_total_below_min(total=273.0G,min=1257.0G); g53_g54_fill=no_valid_g53_g54_fill_subset(best_total=0.0G,best_index_pairs=0, validation_top=[])[0m
[32m2026-05-28 21:47:30[0m | [1mINFO    [0m | [1m终态文库类型专池未成Lane: 文库类型=客户-PCR产物, 机型=Nova X-25B, 模式=3.6T-NEW, 剩余文库=12, 剩余数据量=273.0G, reason=hard_skip_total_below_min(total=123.0G,min=995.0G)[0m
[32m2026-05-28 21:47:30[0m | [1mINFO    [0m | [1m终态文库类型碱基不均专Lane未成Lane: 文库类型=10X转录组V(D)J-BCR文库, 机型=Nova X-25B, 剩余文库=13, 剩余数据量=210.0G, reason=hard_skip_total_below_min(total=210.0G,min=1995.0G); g53_g54_fill=no_valid_g53_g54_fill_subset(best_total=0.0G,best_index_pairs=0, validation_top=[])[0m
[32m2026-05-28 21:47:30[0m | [1mINFO    [0m | [1m终态文库类型专池未成Lane: 文库类型=10X转录组V(D)J-BCR文库, 机型=Nova X-25B, 模式=3.6T-NEW, 剩余文库=13, 剩余数据量=210.0G, reason=hard_skip_total_below_min(total=210.0G,min=970.0G)[0m
[32m2026-05-28 21:47:30[0m | [1mINFO    [0m | [1m终态文库类型碱基不均专Lane未成Lane: 文库类型=客户-ATAC-seq文库, 机型=Nova X-25B, 剩余文库=19, 剩余数据量=190.0G, reason=hard_skip_total_below_min(total=190.0G,min=1676.0G); g53_g54_fill=no_valid_g53_g54_fill_subset(best_total=0.0G,best_index_pairs=0, validation_top=[])[0m
[32m2026-05-28 21:47:30[0m | [1mINFO    [0m | [1m终态文库类型专池未成Lane: 文库类型=客户-ATAC-seq文库, 机型=Nova X-25B, 模式=3.6T-NEW, 剩余文库=19, 剩余数据量=190.0G, reason=hard_skip_total_below_min(total=190.0G,min=995.0G)[0m
[32m2026-05-28 21:47:30[0m | [1mINFO    [0m | [1m终态文库类型专池未成Lane: 文库类型=人重测序文库, 机型=Nova X-25B, 模式=1.1, 剩余文库=1, 剩余数据量=150.0G, reason=hard_skip_total_below_min(total=150.0G,min=2095.0G)[0m
[32m2026-05-28 21:47:58[0m | [1mINFO    [0m | [1m终态文库类型专池未成Lane: 文库类型=人重测序文库, 机型=Nova X-25B, 模式=3.6T-NEW, 剩余文库=1, 剩余数据量=150.0G, reason=no_mode_eligible_libraries[0m
[32m2026-05-28 21:47:58[0m | [1mINFO    [0m | [1m终态文库类型专池未成Lane: 文库类型=Meta文库, 机型=Nova X-25B, 模式=1.1, 剩余文库=14, 剩余数据量=148.0G, reason=hard_skip_total_below_min(total=148.0G,min=2095.0G)[0m
[32m2026-05-28 21:47:58[0m | [1mINFO    [0m | [1m终态文库类型专池未成Lane: 文库类型=Meta文库, 机型=Nova X-25B, 模式=3.6T-NEW, 剩余文库=14, 剩余数据量=148.0G, reason=hard_skip_total_below_min(total=148.0G,min=995.0G)[0m
[32m2026-05-28 21:47:58[0m | [1mINFO    [0m | [1m终态文库类型碱基不均专Lane未成Lane: 文库类型=Ribo-seq文库, 机型=NovaSeq X Plus, 剩余文库=16, 剩余数据量=137.0G, reason=hard_skip_total_below_min(total=137.0G,min=2095.0G); g53_g54_fill=no_valid_g53_g54_fill_subset(best_total=0.0G,best_index_pairs=0, validation_top=[])[0m
[32m2026-05-28 21:47:58[0m | [1mINFO    [0m | [1m终态文库类型专池未成Lane: 文库类型=Ribo-seq文库, 机型=NovaSeq X Plus, 模式=3.6T-NEW, 剩余文库=16, 剩余数据量=137.0G, reason=hard_skip_total_below_min(total=137.0G,min=995.0G)[0m
[32m2026-05-28 21:47:58[0m | [1mINFO    [0m | [1m终态文库类型碱基不均专Lane未成Lane: 文库类型=客户-单细胞文库, 机型=Nova X-25B, 剩余文库=13, 剩余数据量=121.3G, reason=hard_skip_total_below_min(total=121.3G,min=1843.6G); g53_g54_fill=no_valid_g53_g54_fill_subset(best_total=0.0G,best_index_pairs=0, validation_top=[])[0m
[32m2026-05-28 21:47:58[0m | [1mINFO    [0m | [1m终态文库类型专池未成Lane: 文库类型=客户-单细胞文库, 机型=Nova X-25B, 模式=3.6T-NEW, 剩余文库=13, 剩余数据量=121.3G, reason=hard_skip_total_below_min(total=121.3G,min=995.0G)[0m
[32m2026-05-28 21:47:58[0m | [1mINFO    [0m | [1m终态文库类型碱基不均专Lane未成Lane: 文库类型=10X转录组-3'文库, 机型=Nova X-25B, 剩余文库=4, 剩余数据量=115.0G, reason=hard_skip_total_below_min(total=115.0G,min=1995.0G); g53_g54_fill=no_valid_g53_g54_fill_subset(best_total=0.0G,best_index_pairs=0, validation_top=[])[0m
[32m2026-05-28 21:47:58[0m | [1mINFO    [0m | [1m终态文库类型专池未成Lane: 文库类型=10X转录组-3'文库, 机型=Nova X-25B, 模式=3.6T-NEW, 剩余文库=4, 剩余数据量=115.0G, reason=hard_skip_total_below_min(total=115.0G,min=970.0G)[0m
[32m2026-05-28 21:47:58[0m | [1mINFO    [0m | [1m终态文库类型碱基不均专Lane未成Lane: 文库类型=客户-其他碱基不均衡文库, 机型=Nova X-25B, 剩余文库=4, 剩余数据量=110.0G, reason=hard_skip_total_below_min(total=110.0G,min=1676.0G); g53_g54_fill=no_valid_g53_g54_fill_subset(best_total=0.0G,best_index_pairs=0, validation_top=[])[0m
[32m2026-05-28 21:47:58[0m | [1mINFO    [0m | [1m终态文库类型专池未成Lane: 文库类型=客户-其他碱基不均衡文库, 机型=Nova X-25B, 模式=3.6T-NEW, 剩余文库=4, 剩余数据量=110.0G, reason=hard_skip_total_below_min(total=110.0G,min=995.0G)[0m
[32m2026-05-28 21:47:58[0m | [1mINFO    [0m | [1m终态文库类型碱基不均专Lane未成Lane: 文库类型=客户-PCR产物/CRISPR, 机型=Nova X-25B, 剩余文库=8, 剩余数据量=82.5G, reason=hard_skip_total_below_min(total=82.5G,min=1361.8G); g53_g54_fill=no_valid_g53_g54_fill_subset(best_total=0.0G,best_index_pairs=0, validation_top=[])[0m
[32m2026-05-28 21:47:58[0m | [1mINFO    [0m | [1m终态文库类型专池未成Lane: 文库类型=客户-PCR产物/CRISPR, 机型=Nova X-25B, 模式=3.6T-NEW, 剩余文库=8, 剩余数据量=82.5G, reason=hard_skip_total_below_min(total=82.5G,min=995.0G)[0m
[32m2026-05-28 21:47:58[0m | [1mINFO    [0m | [1m终态文库类型碱基不均专Lane未成Lane: 文库类型=外泌体LncRNA文库(S), 机型=Nova X-25B, 剩余文库=4, 剩余数据量=48.0G, reason=hard_skip_total_below_min(total=48.0G,min=2095.0G); g53_g54_fill=no_valid_g53_g54_fill_subset(best_total=0.0G,best_index_pairs=0, validation_top=[])[0m
[32m2026-05-28 21:47:58[0m | [1mINFO    [0m | [1m终态文库类型专池未成Lane: 文库类型=外泌体LncRNA文库(S), 机型=Nova X-25B, 模式=3.6T-NEW, 剩余文库=4, 剩余数据量=48.0G, reason=hard_skip_total_below_min(total=48.0G,min=995.0G)[0m
[32m2026-05-28 21:47:58[0m | [1mINFO    [0m | [1m终态文库类型碱基不均专Lane未成Lane: 文库类型=Ribo-seq文库, 机型=Nova X-25B, 剩余文库=3, 剩余数据量=28.0G, reason=hard_skip_total_below_min(total=28.0G,min=2095.0G); g53_g54_fill=no_valid_g53_g54_fill_subset(best_total=0.0G,best_index_pairs=0, validation_top=[])[0m
[32m2026-05-28 21:47:58[0m | [1mINFO    [0m | [1m终态文库类型专池未成Lane: 文库类型=Ribo-seq文库, 机型=Nova X-25B, 模式=3.6T-NEW, 剩余文库=3, 剩余数据量=28.0G, reason=hard_skip_total_below_min(total=28.0G,min=995.0G)[0m
[32m2026-05-28 21:47:58[0m | [1mINFO    [0m | [1m终态文库类型碱基不均专Lane未成Lane: 文库类型=PCR-free (PCR产物单建), 机型=Nova X-25B, 剩余文库=2, 剩余数据量=20.0G, reason=hard_skip_total_below_min(total=20.0G,min=2095.0G); g53_g54_fill=no_valid_g53_g54_fill_subset(best_total=0.0G,best_index_pairs=0, validation_top=[])[0m
[32m2026-05-28 21:47:58[0m | [1mINFO    [0m | [1m终态文库类型专池未成Lane: 文库类型=PCR-free (PCR产物单建), 机型=Nova X-25B, 模式=3.6T-NEW, 剩余文库=2, 剩余数据量=20.0G, reason=hard_skip_total_below_min(total=20.0G,min=995.0G)[0m
[32m2026-05-28 21:47:58[0m | [1mINFO    [0m | [1m终态文库类型专池未成Lane: 文库类型=客户-Chip-seq文库, 机型=Nova X-25B, 模式=1.1, 剩余文库=1, 剩余数据量=20.0G, reason=hard_skip_total_below_min(total=20.0G,min=2095.0G)[0m
[32m2026-05-28 21:47:58[0m | [1mINFO    [0m | [1m终态文库类型专池未成Lane: 文库类型=客户-Chip-seq文库, 机型=Nova X-25B, 模式=3.6T-NEW, 剩余文库=1, 剩余数据量=20.0G, reason=hard_skip_total_below_min(total=20.0G,min=995.0G)[0m
[32m2026-05-28 21:47:58[0m | [1mINFO    [0m | [1m终态文库类型碱基不均专Lane未成Lane: 文库类型=动植物简化基因组文库(GBS子代), 机型=Nova X-25B, 剩余文库=3, 剩余数据量=15.0G, reason=hard_skip_total_below_min(total=15.0G,min=1676.0G); g53_g54_fill=no_valid_g53_g54_fill_subset(best_total=0.0G,best_index_pairs=0, validation_top=[])[0m
[32m2026-05-28 21:47:58[0m | [1mINFO    [0m | [1m终态文库类型专池未成Lane: 文库类型=动植物简化基因组文库(GBS子代), 机型=Nova X-25B, 模式=3.6T-NEW, 剩余文库=3, 剩余数据量=15.0G, reason=hard_skip_total_below_min(total=15.0G,min=995.0G)[0m
[32m2026-05-28 21:47:58[0m | [1mINFO    [0m | [1m终态文库类型专池未成Lane: 文库类型=small RNA文库, 机型=NovaSeq X Plus, 模式=1.1, 剩余文库=4, 剩余数据量=12.0G, reason=hard_skip_total_below_min(total=12.0G,min=2095.0G)[0m
[32m2026-05-28 21:47:58[0m | [1mINFO    [0m | [1m终态文库类型专池未成Lane: 文库类型=small RNA文库, 机型=NovaSeq X Plus, 模式=3.6T-NEW, 剩余文库=4, 剩余数据量=12.0G, reason=hard_skip_total_below_min(total=12.0G,min=995.0G)[0m
[32m2026-05-28 21:47:58[0m | [1mINFO    [0m | [1m终态文库类型碱基不均专Lane未成Lane: 文库类型=RRBS文库, 机型=Nova X-25B, 剩余文库=1, 剩余数据量=10.0G, reason=hard_skip_total_below_min(total=10.0G,min=1780.8G); g53_g54_fill=no_valid_g53_g54_fill_subset(best_total=0.0G,best_index_pairs=0, validation_top=[])[0m
[32m2026-05-28 21:47:58[0m | [1mINFO    [0m | [1m终态文库类型专池未成Lane: 文库类型=RRBS文库, 机型=Nova X-25B, 模式=3.6T-NEW, 剩余文库=1, 剩余数据量=10.0G, reason=hard_skip_total_below_min(total=10.0G,min=995.0G)[0m
[32m2026-05-28 21:47:58[0m | [1mINFO    [0m | [1m终态文库类型碱基不均专Lane未成Lane: 文库类型=单细胞文库, 机型=NovaSeq X Plus, 剩余文库=1, 剩余数据量=9.0G, reason=hard_skip_total_below_min(total=9.0G,min=1843.6G); g53_g54_fill=no_valid_g53_g54_fill_subset(best_total=0.0G,best_index_pairs=0, validation_top=[])[0m
[32m2026-05-28 21:47:58[0m | [1mINFO    [0m | [1m终态文库类型专池未成Lane: 文库类型=单细胞文库, 机型=NovaSeq X Plus, 模式=3.6T-NEW, 剩余文库=1, 剩余数据量=9.0G, reason=hard_skip_total_below_min(total=9.0G,min=995.0G)[0m
[32m2026-05-28 21:47:58[0m | [1mINFO    [0m | [1m终态文库类型碱基不均专Lane未成Lane: 文库类型=客户-扩增子文库, 机型=Nova X-25B, 剩余文库=3, 剩余数据量=7.4G, reason=hard_skip_total_below_min(total=7.4G,min=1466.5G); g53_g54_fill=no_valid_g53_g54_fill_subset(best_total=0.0G,best_index_pairs=0, validation_top=[])[0m
[32m2026-05-28 21:47:58[0m | [1mINFO    [0m | [1m终态文库类型专池未成Lane: 文库类型=客户-扩增子文库, 机型=Nova X-25B, 模式=3.6T-NEW, 剩余文库=3, 剩余数据量=7.4G, reason=hard_skip_total_below_min(total=7.4G,min=995.0G)[0m
[32m2026-05-28 21:47:58[0m | [1mINFO    [0m | [1m终态文库类型碱基不均专Lane未成Lane: 文库类型=客户-扩增子文库, 机型=NovaSeq X Plus, 剩余文库=4, 剩余数据量=7.2G, reason=hard_skip_total_below_min(total=7.2G,min=1466.5G); g53_g54_fill=no_valid_g53_g54_fill_subset(best_total=0.0G,best_index_pairs=0, validation_top=[])[0m
[32m2026-05-28 21:47:58[0m | [1mINFO    [0m | [1m终态文库类型专池未成Lane: 文库类型=客户-扩增子文库, 机型=NovaSeq X Plus, 模式=3.6T-NEW, 剩余文库=4, 剩余数据量=7.2G, reason=hard_skip_total_below_min(total=7.2G,min=995.0G)[0m
[32m2026-05-28 21:47:59[0m | [1mINFO    [0m | [1m终态文库类型碱基不均专Lane未成Lane: 文库类型=微量 (Methylation文库), 机型=Nova X-25B, 剩余文库=2, 剩余数据量=6.9G, reason=hard_skip_total_below_min(total=6.9G,min=2074.1G); g53_g54_fill=no_valid_g53_g54_fill_subset(best_total=0.0G,best_index_pairs=0, validation_top=[])[0m
[32m2026-05-28 21:47:59[0m | [1mINFO    [0m | [1m终态文库类型专池未成Lane: 文库类型=微量 (Methylation文库), 机型=Nova X-25B, 模式=3.6T-NEW, 剩余文库=2, 剩余数据量=6.9G, reason=hard_skip_total_below_min(total=6.9G,min=995.0G)[0m
[32m2026-05-28 21:47:59[0m | [1mINFO    [0m | [1m终态文库类型专池未成Lane: 文库类型=微生物常规小片段文库, 机型=Nova X-25B, 模式=1.1, 剩余文库=6, 剩余数据量=6.0G, reason=hard_skip_total_below_min(total=6.0G,min=2095.0G)[0m
[32m2026-05-28 21:47:59[0m | [1mINFO    [0m | [1m终态文库类型专池未成Lane: 文库类型=微生物常规小片段文库, 机型=Nova X-25B, 模式=3.6T-NEW, 剩余文库=6, 剩余数据量=6.0G, reason=hard_skip_total_below_min(total=6.0G,min=995.0G)[0m
[32m2026-05-28 21:47:59[0m | [1mINFO    [0m | [1m终态文库类型碱基不均专Lane未成Lane: 文库类型=客户-CUT-Tag文库, 机型=NovaSeq X Plus, 剩余文库=1, 剩余数据量=6.0G, reason=hard_skip_total_below_min(total=6.0G,min=1676.0G); g53_g54_fill=no_valid_g53_g54_fill_subset(best_total=0.0G,best_index_pairs=0, validation_top=[])[0m
[32m2026-05-28 21:47:59[0m | [1mINFO    [0m | [1m终态文库类型专池未成Lane: 文库类型=客户-CUT-Tag文库, 机型=NovaSeq X Plus, 模式=3.6T-NEW, 剩余文库=1, 剩余数据量=6.0G, reason=hard_skip_total_below_min(total=6.0G,min=995.0G)[0m
[32m2026-05-28 21:47:59[0m | [1mINFO    [0m | [1m终态文库类型碱基不均专Lane未成Lane: 文库类型=10X转录组-5'文库, 机型=Nova X-25B, 剩余文库=1, 剩余数据量=5.0G, reason=hard_skip_total_below_min(total=5.0G,min=1995.0G); g53_g54_fill=no_valid_g53_g54_fill_subset(best_total=0.0G,best_index_pairs=0, validation_top=[])[0m
[32m2026-05-28 21:47:59[0m | [1mINFO    [0m | [1m终态文库类型专池未成Lane: 文库类型=10X转录组-5'文库, 机型=Nova X-25B, 模式=3.6T-NEW, 剩余文库=1, 剩余数据量=5.0G, reason=hard_skip_total_below_min(total=5.0G,min=970.0G)[0m
[32m2026-05-28 21:47:59[0m | [1mINFO    [0m | [1m终态文库类型专池未成Lane: 文库类型=客户-全基因组文库, 机型=Nova X-25B, 模式=1.1, 剩余文库=1, 剩余数据量=1.9G, reason=hard_skip_total_below_min(total=1.9G,min=2095.0G)[0m
[32m2026-05-28 21:47:59[0m | [1mINFO    [0m | [1m终态文库类型专池未成Lane: 文库类型=客户-全基因组文库, 机型=Nova X-25B, 模式=3.6T-NEW, 剩余文库=1, 剩余数据量=1.9G, reason=hard_skip_total_below_min(total=1.9G,min=995.0G)[0m
[32m2026-05-28 21:47:59[0m | [1mINFO    [0m | [1m1.1前文库类型专池预抽取完成: 新增Lane=1, 使用文库=66, 剩余待排=886[0m
[32m2026-05-28 21:47:59[0m | [1mINFO    [0m | [1m步骤2前置分流: 16个<=500G未拆分原始文库已完成1.1多轮尝试但未成Lane；其中16个允许强制拆分后进3.6T，0个因拆分后过小保留未分配输出[0m
[32m2026-05-28 21:47:59[0m | [1mINFO    [0m | [1m
================================================================================[0m
[32m2026-05-28 21:47:59[0m | [1mINFO    [0m | [1m步骤2: 处理普通文库（使用GreedyLaneScheduler）[0m
[32m2026-05-28 21:47:59[0m | [1mINFO    [0m | [1m================================================================================[0m
[32m2026-05-28 21:47:59[0m | [33m[1mWARNING [0m | [33m[1mLane内发现 2 个Index冲突[0m
[32m2026-05-28 21:47:59[0m | [33m[1mWARNING [0m | [33m[1mLane内发现 1 个Index冲突[0m
[32m2026-05-28 21:47:59[0m | [1mINFO    [0m | [1m步骤2前置拆分家族构建未构建出完整拆分Lane[0m
[32m2026-05-28 21:47:59[0m | [1mINFO    [0m | [1m排机超时保护已启动，最大允许时间: 10 分钟[0m
[32m2026-05-28 21:47:59[0m | [1mINFO    [0m | [1m
================================================================================[0m
[32m2026-05-28 21:47:59[0m | [1mINFO    [0m | [1m排机流程：纯规则排机[0m
[32m2026-05-28 21:47:59[0m | [1mINFO    [0m | [1m================================================================================[0m
[32m2026-05-28 21:47:59[0m | [1mINFO    [0m | [1mIndex校验器初始化完成（真实数据验证版本）[0m
[32m2026-05-28 21:47:59[0m | [1mINFO    [0m | [1m成Lane校验程序初始化完成 (严格模式: True, 碱基不均衡上限: 35%, 特殊文库关键词: 9个)[0m
[32m2026-05-28 21:47:59[0m | [33m[1mWARNING [0m | [33m[1mPooling配置表不存在: /data/work/yuyongpeng/liblane_v2_deepseek/data/wktype_pooling_config.xlsx，将使用默认策略[0m
[32m2026-05-28 21:47:59[0m | [1mINFO    [0m | [1m产出效率修正表不存在: /data/work/yuyongpeng/liblane_v2_deepseek/data/production_efficiency_correction.csv，跳过后校准[0m
[32m2026-05-28 21:47:59[0m | [33m[1mWARNING [0m | [33m[1m模型文件不存在: models/loutput_pre_lane_v5/lightgbm_model.pkl[0m
[32m2026-05-28 21:47:59[0m | [33m[1mWARNING [0m | [33m[1mloutput预测器不可用，将使用规则降级策略[0m
[32m2026-05-28 21:47:59[0m | [1mINFO    [0m | [1m逐Lane贪心排机器初始化完成 - 基础容量: 985.0GB, 利用率区间: [100%, 100%], 配置模式: 按机型自动[0m
[32m2026-05-28 21:47:59[0m | [1mINFO    [0m | [1m启用检查: Index=True, 碱基不均衡=True, 规则检查器=False[0m
[32m2026-05-28 21:47:59[0m | [1mINFO    [0m | [1m排机阶段：Pooling优化器已禁用（V6流程不需要）[0m
[32m2026-05-28 21:47:59[0m | [1mINFO    [0m | [1m成Lane校验程序初始化完成 (严格模式: True, 碱基不均衡上限: 35%, 特殊文库关键词: 9个)[0m
[32m2026-05-28 21:47:59[0m | [1mINFO    [0m | [1m严格校验容量区间改为按统一配置表动态解析[0m
[32m2026-05-28 21:47:59[0m | [1mINFO    [0m | [1m============================================================[0m
[32m2026-05-28 21:47:59[0m | [1mINFO    [0m | [1m[拆分] 开始文库拆分预处理[0m
[32m2026-05-28 21:47:59[0m | [1mINFO    [0m | [1m  拆分规则: 1.1模式文库（兼容旧名1.0）不拆分；3.6T-NEW单对index >130.0G 拆分，多对index >300.0G 拆分[0m
[32m2026-05-28 21:47:59[0m | [1mINFO    [0m | [1m  最小保留数据量: >2.0G[0m
[32m2026-05-28 21:47:59[0m | [1mINFO    [0m | [1m------------------------------------------------------------[0m
[32m2026-05-28 21:47:59[0m | [1mINFO    [0m | [1m 拆分完成[0m
[32m2026-05-28 21:47:59[0m | [1mINFO    [0m | [1m  原始文库数: 16[0m
[32m2026-05-28 21:47:59[0m | [1mINFO    [0m | [1m  拆分文库数: 16[0m
[32m2026-05-28 21:47:59[0m | [1mINFO    [0m | [1m  最终文库数: 32[0m
[32m2026-05-28 21:47:59[0m | [1mINFO    [0m | [1m============================================================[0m
[32m2026-05-28 21:47:59[0m | [1mINFO    [0m | [1m主流程前置拆分完成: 原始文库886个，触发拆分16个，拆分后文库902个[0m
[32m2026-05-28 21:47:59[0m | [1mINFO    [0m | [1m混排Peak窗口: 358-507bp, 781个文库/9440G, 理论最多9条Lane[0m
[32m2026-05-28 21:47:59[0m | [1mINFO    [0m | [1m混排Lane预抽取完成: 新增Lane=0，使用文库=0个/0.0G，剩余待排=902个/11411.3G[0m
[32m2026-05-28 21:47:59[0m | [1mINFO    [0m | [1m主流程规则分桶跳过: bucket=manual_or_risk:HONG KONG-CUHK-PROF YU JUN-LIU YALI-912 HUMAN WES-15G-WOBI-AMEA2026050721|S|外显子文库|NA|MANUAL_RISK, count=27, reason=总量1620.0G低于最小门槛2095.0G[0m
[32m2026-05-28 21:47:59[0m | [1mINFO    [0m | [1m主流程规则分桶跳过: bucket=manual_or_risk:中肿纯自建库测序QC分析技术服务（委托）合同|S|客户-METHYLATION文库|NA|CUSTOMER+MANUAL_RISK+IMBALANCE, count=28, reason=总量840.0G低于最小门槛2095.0G[0m
[32m2026-05-28 21:47:59[0m | [1mINFO    [0m | [1m主流程规则分桶跳过: bucket=manual_or_risk:自建库测序服务（委托）合同|S|客户-METHYLATION文库|NA|CUSTOMER+MANUAL_RISK+IMBALANCE, count=12, reason=总量290.0G低于最小门槛2095.0G[0m
[32m2026-05-28 21:47:59[0m | [1mINFO    [0m | [1m主流程规则分桶跳过: bucket=manual_or_risk:【科研】云舟生物2026年-PE150自建库年度合作协议分析技术服务（委托）合同|S|客户-PCR产物|NA|CUSTOMER+MANUAL_RISK+IMBALANCE, count=5, reason=总量238.0G低于最小门槛995.0G[0m
[32m2026-05-28 21:47:59[0m | [1mINFO    [0m | [1m主流程规则分桶跳过: bucket=manual_or_risk:苏州大学附属第四医院郭佳妮50个CUTTAG自建库测序技术服务（委托）合同|S|客户-CUT-TAG文库|NA|CUSTOMER+MANUAL_RISK+IMBALANCE, count=17, reason=总量204.0G低于最小门槛2095.0G[0m
[32m2026-05-28 21:47:59[0m | [1mINFO    [0m | [1m主流程规则分桶跳过: bucket=manual_or_risk:北医100例样本自建库测序分析技术服务（委托）合同|S|客户-CUT-TAG文库|NA|CUSTOMER+MANUAL_RISK+IMBALANCE, count=16, reason=总量160.0G低于最小门槛2095.0G[0m
[32m2026-05-28 21:47:59[0m | [1mINFO    [0m | [1m主流程规则分桶跳过: bucket=manual_or_risk:汕头大学医学院于丽君自建库测序（2026）分析技术服务（委托）合同|S|客户-ATAC-SEQ文库|NA|CUSTOMER+MANUAL_RISK+IMBALANCE, count=12, reason=总量144.0G低于最小门槛2095.0G[0m
[32m2026-05-28 21:47:59[0m | [1mINFO    [0m | [1m主流程规则分桶跳过: bucket=manual_or_risk:汕头大学医学院于丽君自建库测序（2026）分析技术服务（委托）合同|S|客户-CUT-TAG文库|NA|CUSTOMER+MANUAL_RISK+IMBALANCE, count=23, reason=总量138.0G低于最小门槛2095.0G[0m
[32m2026-05-28 21:47:59[0m | [1mINFO    [0m | [1m主流程规则分桶跳过: bucket=manual_or_risk:血研所17例ILLUMINA自建库测序技术服务（委托）合同|S|客户-其他碱基不均衡文库|NA|CUSTOMER+MANUAL_RISK+IMBALANCE, count=3, reason=总量100.0G低于最小门槛2095.0G[0m
[32m2026-05-28 21:47:59[0m | [1mINFO    [0m | [1m主流程规则分桶跳过: bucket=manual_or_risk:TJ-PA-LAS TABLAS-215-HUMAN-WES-X PLUS-12G-WBI-NVUS2025111505|S|外显子文库|NA|MANUAL_RISK, count=2, reason=总量96.0G低于最小门槛2095.0G[0m
[32m2026-05-28 21:47:59[0m | [1mINFO    [0m | [1m主流程规则分桶跳过: bucket=manual_or_risk:基因组所XPLUS自建库测序技术服务（委托）合同ZXS|S|客户-PCR产物/CRISPR|NA|CUSTOMER+MANUAL_RISK+IMBALANCE, count=1, reason=总量70.0G低于最小门槛2095.0G[0m
[32m2026-05-28 21:47:59[0m | [1mINFO    [0m | [1m主流程规则分桶跳过: bucket=manual_or_risk:南科大RIBO-SEQ+MRNA-SEQ建库测序（含关联分析）技术服务（委托）合同|S|RIBO-SEQ文库|NA|MANUAL_RISK+IMBALANCE, count=7, reason=总量63.0G低于最小门槛2095.0G[0m
[32m2026-05-28 21:47:59[0m | [1mINFO    [0m | [1m主流程规则分桶跳过: bucket=manual_or_risk:昆动40T自建库测序分析技术服务（委托）合同|S|客户-CUT-TAG文库|NA|CUSTOMER+MANUAL_RISK+IMBALANCE, count=12, reason=总量60.0G低于最小门槛2095.0G[0m
[32m2026-05-28 21:47:59[0m | [1mINFO    [0m | [1m主流程规则分桶跳过: bucket=manual_or_risk:TJ-UY-URU-2-HUMAN FFPE-WES-EXTRACTION-NOVASEQXPLUS-60GB-WOBI-NVUS2025110696|S|外显子文库|NA|MANUAL_RISK, count=1, reason=总量60.0G低于最小门槛2095.0G[0m
[32m2026-05-28 21:47:59[0m | [1mINFO    [0m | [1m主流程规则分桶跳过: bucket=manual_or_risk:天津市肿瘤医院自建库测序技术服务（委托）合同-贾泽森|S|客户-CUT-TAG文库|NA|CUSTOMER+MANUAL_RISK+IMBALANCE, count=9, reason=总量54.0G低于最小门槛2095.0G[0m
[32m2026-05-28 21:47:59[0m | [1mINFO    [0m | [1m主流程规则分桶跳过: bucket=manual_or_risk:【药企】北京哲源-2026年全外显子+转录组建库测序项目分析技术服务（委托）合同|S|外显子文库|NA|MANUAL_RISK, count=1, reason=总量50.0G低于最小门槛2095.0G[0m
[32m2026-05-28 21:47:59[0m | [1mINFO    [0m | [1m主流程规则分桶跳过: bucket=manual_or_risk:神外所60例普通转录组（12G)+500X WES+150X WES测序分析-RXH-2605分析技术服务（委托）合同|S|外显子文库|NA|MANUAL_RISK, count=1, reason=总量50.0G低于最小门槛2095.0G[0m
[32m2026-05-28 21:47:59[0m | [1mINFO    [0m | [1m主流程规则分桶跳过: bucket=manual_or_risk:天津市肿瘤医院自建库测序技术服务（委托）合同-杨鹭|S|客户-CUT-TAG文库|NA|CUSTOMER+MANUAL_RISK+IMBALANCE, count=8, reason=总量48.0G低于最小门槛2095.0G[0m
[32m2026-05-28 21:47:59[0m | [1mINFO    [0m | [1m主流程规则分桶跳过: bucket=manual_or_risk:肇庆市第一人民医院9例外泌体全转录测序分析技术服务（委托）合同|S|外泌体LNCRNA文库(S)|NA|MANUAL_RISK+IMBALANCE, count=4, reason=总量48.0G低于最小门槛2095.0G[0m
[32m2026-05-28 21:47:59[0m | [1mINFO    [0m | [1m主流程规则分桶跳过: bucket=manual_or_risk:无锡市人民医院6个翻译组+转录组测序分析技术服务（委托）合同- CYB|S|RIBO-SEQ文库|NA|MANUAL_RISK+IMBALANCE, count=4, reason=总量36.0G低于最小门槛2095.0G[0m
[32m2026-05-28 21:47:59[0m | [1mINFO    [0m | [1m主流程规则分桶跳过: bucket=manual_or_risk:2025年深圳晶泰自建库测序分析技术服务（委托）合同|S|客户-PCR产物|NA|CUSTOMER+MANUAL_RISK+IMBALANCE, count=3, reason=总量30.0G低于最小门槛2095.0G[0m
[32m2026-05-28 21:47:59[0m | [1mINFO    [0m | [1m主流程规则分桶跳过: bucket=manual_or_risk:北京林业大学6个样本转录+RIBO建库测序分析技术服务（委托）合同|S|RIBO-SEQ文库|NA|MANUAL_RISK+IMBALANCE, count=3, reason=总量27.0G低于最小门槛2095.0G[0m
[32m2026-05-28 21:47:59[0m | [1mINFO    [0m | [1m主流程规则分桶跳过: bucket=manual_or_risk:南昌大学6个拟南芥RIBOSEQ测序分析技术服务（委托）合同|S|RIBO-SEQ文库|NA|MANUAL_RISK+IMBALANCE, count=3, reason=总量27.0G低于最小门槛2095.0G[0m
[32m2026-05-28 21:47:59[0m | [1mINFO    [0m | [1m主流程规则分桶跳过: bucket=manual_or_risk:海南省人民医院宏基因组建库测序分析技术服务（委托）合同|S|DNA小片段文库|NA|MANUAL_RISK, count=7, reason=总量26.0G低于最小门槛2095.0G[0m
[32m2026-05-28 21:47:59[0m | [1mINFO    [0m | [1m主流程规则分桶跳过: bucket=manual_or_risk:北医吴美璇老师8个样本自建库测序分析技术服务（委托）合同|S|客户-ATAC-SEQ文库|NA|CUSTOMER+MANUAL_RISK+IMBALANCE, count=4, reason=总量24.0G低于最小门槛2095.0G[0m
[32m2026-05-28 21:47:59[0m | [1mINFO    [0m | [1m主流程规则分桶跳过: bucket=manual_or_risk:基础所温达瀚老师（刘玉英组）自建库测序项目协议-2026.4.27|S|客户-CUT-TAG文库|NA|CUSTOMER+MANUAL_RISK+IMBALANCE, count=4, reason=总量24.0G低于最小门槛2095.0G[0m
[32m2026-05-28 21:47:59[0m | [1mINFO    [0m | [1m主流程规则分桶跳过: bucket=manual_or_risk:TJ-ARG-IATTGI-24-HUMAN-WES-NXPLUS PE150-12G-SHIPPING FEE-WOBI-NVUS2026012807|S|外显子文库|NA|MANUAL_RISK, count=1, reason=总量24.0G低于最小门槛2095.0G[0m
[32m2026-05-28 21:47:59[0m | [1mINFO    [0m | [1m主流程规则分桶跳过: bucket=manual_or_risk:100例PCR产物---PCRFREE建库测序40G技术服务（委托）合同|S|PCR-FREE (PCR产物单建)|NA|MANUAL_RISK+IMBALANCE, count=2, reason=总量20.0G低于最小门槛2095.0G[0m
[32m2026-05-28 21:47:59[0m | [1mINFO    [0m | [1m主流程规则分桶跳过: bucket=manual_or_risk:MACAU-UM-PROF CHRIS-FOO CHING MAN-1PRELIB-20G-X PLUS-WOBI-AMEA2026051914|S|客户-CHIP-SEQ文库|NA|CUSTOMER+MANUAL_RISK, count=1, reason=总量20.0G低于最小门槛2095.0G[0m
[32m2026-05-28 21:47:59[0m | [1mINFO    [0m | [1m主流程规则分桶跳过: bucket=manual_or_risk:XPLUS自建库测序20个6G+20个12G分析技术服务（委托）合同|S|客户-CUT-TAG文库|NA|CUSTOMER+MANUAL_RISK+IMBALANCE, count=3, reason=总量18.0G低于最小门槛2095.0G[0m
[32m2026-05-28 21:47:59[0m | [1mINFO    [0m | [1m主流程规则分桶跳过: bucket=manual_or_risk:广州医科大学附属第一医院刘骜楚自建库测序分析技术服务（委托）合同|S|客户-CUT-TAG文库|NA|CUSTOMER+MANUAL_RISK+IMBALANCE, count=3, reason=总量18.0G低于最小门槛2095.0G[0m
[32m2026-05-28 21:47:59[0m | [1mINFO    [0m | [1m主流程规则分桶跳过: bucket=manual_or_risk:50个ILLUMINA自建库分析技术服务（委托）合同|S|客户-CUT-TAG文库|NA|CUSTOMER+MANUAL_RISK+IMBALANCE, count=2, reason=总量16.0G低于最小门槛2095.0G[0m
[32m2026-05-28 21:47:59[0m | [1mINFO    [0m | [1m主流程规则分桶跳过: bucket=manual_or_risk:MY-NEXTGENE-475-DNA-GBS 190M RAW BASES-WBI-AMEA2025092513|S|动植物简化基因组文库(GBS子代)|NA|MANUAL_RISK+IMBALANCE, count=3, reason=总量15.0G低于最小门槛2095.0G[0m
[32m2026-05-28 21:47:59[0m | [1mINFO    [0m | [1m主流程规则分桶跳过: bucket=manual_or_risk:山东第一医科大学36例宏基因组测序分析（10G）技术服务（委托）合同-于文倩|S|DNA小片段文库|NA|MANUAL_RISK, count=6, reason=总量14.5G低于最小门槛995.0G[0m
[32m2026-05-28 21:47:59[0m | [1mINFO    [0m | [1m主流程规则分桶跳过: bucket=manual_or_risk:广州真诺3000例转录组+外显子技术服务（委托）合同分析技术服务（委托）合同|S|外显子文库|NA|MANUAL_RISK, count=6, reason=总量14.2G低于最小门槛2095.0G[0m
[32m2026-05-28 21:47:59[0m | [1mINFO    [0m | [1m主流程规则分桶跳过: bucket=manual_or_risk:中肿-自建库测序QC分析技术服务（委托）合同|S|客户-ATAC-SEQ文库|NA|CUSTOMER+MANUAL_RISK+IMBALANCE, count=2, reason=总量12.0G低于最小门槛2095.0G[0m
[32m2026-05-28 21:47:59[0m | [1mINFO    [0m | [1m主流程规则分桶跳过: bucket=manual_or_risk:诸章睿老师4个CUTTAG测序分析技术服务（委托）合同|S|客户-CUT-TAG文库|NA|CUSTOMER+MANUAL_RISK+IMBALANCE, count=2, reason=总量12.0G低于最小门槛2095.0G[0m
[32m2026-05-28 21:47:59[0m | [1mINFO    [0m | [1m主流程规则分桶跳过: bucket=manual_or_risk:2026年武汉序拓NOVAXPLUS自建库测序技术服务（委托）合同|S|客户-ATAC-SEQ文库|NA|CUSTOMER+MANUAL_RISK+IMBALANCE, count=1, reason=总量10.0G低于最小门槛2095.0G[0m
[32m2026-05-28 21:47:59[0m | [1mINFO    [0m | [1m主流程规则分桶跳过: bucket=manual_or_risk:260513-16例RRBS和64例转录组分析技术服务（委托）合同|S|RRBS文库|NA|MANUAL_RISK+IMBALANCE, count=1, reason=总量10.0G低于最小门槛2095.0G[0m
[32m2026-05-28 21:47:59[0m | [1mINFO    [0m | [1m主流程规则分桶跳过: bucket=manual_or_risk:苏州大学附属第一医院王芜萱12个样本转录组+DEEP DIA蛋白组和6个RIBO-SEQ分析技术服务（委托）合同|S|RIBO-SEQ文库|NA|MANUAL_RISK+IMBALANCE, count=1, reason=总量10.0G低于最小门槛2095.0G[0m
[32m2026-05-28 21:47:59[0m | [1mINFO    [0m | [1m主流程规则分桶跳过: bucket=manual_or_risk:首医创新平台自建库测序分析技术服务（委托）合同|S|客户-其他碱基不均衡文库|NA|CUSTOMER+MANUAL_RISK+IMBALANCE, count=1, reason=总量10.0G低于最小门槛2095.0G[0m
[32m2026-05-28 21:47:59[0m | [1mINFO    [0m | [1m主流程规则分桶跳过: bucket=manual_or_risk:中国科学技术大学20个SMALL RNA建库测序分析技术服务（委托）合同|S|SMALL RNA文库|NA|MANUAL_RISK, count=3, reason=总量9.0G低于最小门槛2095.0G[0m
[32m2026-05-28 21:47:59[0m | [1mINFO    [0m | [1m主流程规则分桶跳过: bucket=manual_or_risk:血研所600例自建库测序分析技术服务（委托）合同|S|客户-METHYLATION文库|NA|CUSTOMER+MANUAL_RISK+IMBALANCE, count=8, reason=总量8.0G低于最小门槛2095.0G[0m
[32m2026-05-28 21:47:59[0m | [1mINFO    [0m | [1m主流程规则分桶跳过: bucket=manual_or_risk:东北农大100个自建库分析技术服务（委托）合同|S|客户-扩增子文库|NA|CUSTOMER+MANUAL_RISK+IMBALANCE, count=4, reason=总量7.2G低于最小门槛2095.0G[0m
[32m2026-05-28 21:47:59[0m | [1mINFO    [0m | [1m主流程规则分桶跳过: bucket=manual_or_risk:黄海所100个DNA甲基化和100个T7有参转录组测序分析-LM分析技术服务（委托）合同|S|微量 (METHYLATION文库)|NA|MANUAL_RISK+IMBALANCE, count=2, reason=总量6.9G低于最小门槛2095.0G[0m
[32m2026-05-28 21:47:59[0m | [1mINFO    [0m | [1m主流程规则分桶跳过: bucket=manual_or_risk:刘老师组散样文库 ILLUMINA PE150 X 平台测序、组织样本链特转录组建库测序及质控分析技术服务（委托）合同|S|客户-PCR产物/CRISPR|NA|SCATTERED+CUSTOMER+MANUAL_RISK+IMBALANCE, count=3, reason=总量6.5G低于最小门槛2095.0G[0m
[32m2026-05-28 21:47:59[0m | [1mINFO    [0m | [1m主流程规则分桶跳过: bucket=manual_or_risk:（极速周期）北大SY-自建库XPLUS测序技术服务（委托）合同|S|客户-扩增子文库|NA|CUSTOMER+MANUAL_RISK+IMBALANCE, count=1, reason=总量6.4G低于最小门槛2095.0G[0m
[32m2026-05-28 21:47:59[0m | [1mINFO    [0m | [1m主流程规则分桶跳过: bucket=manual_or_risk:40个ILLUMINA自建库测序分析分析技术服务（委托）合同|S|客户-CUT-TAG文库|NA|CUSTOMER+MANUAL_RISK+IMBALANCE, count=1, reason=总量6.0G低于最小门槛2095.0G[0m
[32m2026-05-28 21:47:59[0m | [1mINFO    [0m | [1m主流程规则分桶跳过: bucket=manual_or_risk:BZ-MX-UNAM-107-HUMAN-WES-XPLUS-12G-WBI-STD-NVUS2025032115|S|外显子文库|NA|MANUAL_RISK, count=1, reason=总量6.0G低于最小门槛2095.0G[0m
[32m2026-05-28 21:47:59[0m | [1mINFO    [0m | [1m主流程规则分桶跳过: bucket=manual_or_risk:中国科学技术大学6个自建库测序分析技术服务（委托）合同|S|客户-CUT-TAG文库|NA|CUSTOMER+MANUAL_RISK+IMBALANCE, count=1, reason=总量6.0G低于最小门槛2095.0G[0m
[32m2026-05-28 21:47:59[0m | [1mINFO    [0m | [1m主流程规则分桶跳过: bucket=manual_or_risk:天津医科大学自建库项目分析技术服务（委托）合同|S|客户-CUT-TAG文库|NA|CUSTOMER+MANUAL_RISK+IMBALANCE, count=1, reason=总量6.0G低于最小门槛2095.0G[0m
[32m2026-05-28 21:47:59[0m | [1mINFO    [0m | [1m主流程规则分桶跳过: bucket=manual_or_risk:天津市肿瘤医院10例自建库测序技术服务（委托）合同-陈敏|S|客户-CUT-TAG文库|NA|CUSTOMER+MANUAL_RISK+IMBALANCE, count=1, reason=总量6.0G低于最小门槛2095.0G[0m
[32m2026-05-28 21:47:59[0m | [1mINFO    [0m | [1m主流程规则分桶跳过: bucket=manual_or_risk:山东大学100例样本的自建库仅测序-周婵分析技术服务（委托）合同|S|客户-CUT-TAG文库|NA|CUSTOMER+MANUAL_RISK+IMBALANCE, count=1, reason=总量6.0G低于最小门槛2095.0G[0m
[32m2026-05-28 21:47:59[0m | [1mINFO    [0m | [1m主流程规则分桶跳过: bucket=manual_or_risk:无锡市人民医院6个CUT自建库测序分析分析技术服务（委托）合同- XDX|S|客户-CUT-TAG文库|NA|CUSTOMER+MANUAL_RISK+IMBALANCE, count=1, reason=总量6.0G低于最小门槛2095.0G[0m
[32m2026-05-28 21:47:59[0m | [1mINFO    [0m | [1m主流程规则分桶跳过: bucket=manual_or_risk:武汉轻工大学100个核酸建库测序+扩增子和宏基因组分析技术服务（委托）合同|S|DNA小片段文库|NA|MANUAL_RISK, count=1, reason=总量6.0G低于最小门槛2095.0G[0m
[32m2026-05-28 21:47:59[0m | [1mINFO    [0m | [1m主流程规则分桶跳过: bucket=manual_or_risk:湘湖实验室100个CUT&TAG文库自建库技术服务（委托）合同|S|客户-CUT-TAG文库|NA|CUSTOMER+MANUAL_RISK+IMBALANCE, count=1, reason=总量6.0G低于最小门槛2095.0G[0m
[32m2026-05-28 21:47:59[0m | [1mINFO    [0m | [1m主流程规则分桶跳过: bucket=manual_or_risk:（极速周期）北生所ZXY200例自建库测序技术服务（委托）合同|S|客户-CUT-TAG文库|NA|CUSTOMER+MANUAL_RISK+IMBALANCE, count=1, reason=总量6.0G低于最小门槛2095.0G[0m
[32m2026-05-28 21:47:59[0m | [1mINFO    [0m | [1m主流程规则分桶跳过: bucket=manual_or_risk:SD_自建库及PCR-FREE文库测序质控分析技术服务（委托）合同|S|客户-PCR产物|NA|CUSTOMER+MANUAL_RISK+IMBALANCE, count=5, reason=总量5.0G低于最小门槛2095.0G[0m
[32m2026-05-28 21:47:59[0m | [1mINFO    [0m | [1m主流程规则分桶跳过: bucket=manual_or_risk:中国热带农业科学院  重测序+转录组测序技术服务（委托）合同|S|VIP-真核普通转录组文库|NA|MANUAL_RISK, count=2, reason=总量4.1G低于最小门槛995.0G[0m
[32m2026-05-28 21:47:59[0m | [1mINFO    [0m | [1m主流程规则分桶跳过: bucket=manual_or_risk:海洋三所2个自建库分析技术服务（委托）合同|S|客户-PCR产物/CRISPR|NA|CUSTOMER+MANUAL_RISK+IMBALANCE, count=2, reason=总量4.0G低于最小门槛2095.0G[0m
[32m2026-05-28 21:47:59[0m | [1mINFO    [0m | [1m主流程规则分桶跳过: bucket=manual_or_risk:神外所13例共提取+13例普通转录组建库测序+31例100XWES建库测序-SJ-2605分析技术服务（委托）合同|S|外显子文库|NA|MANUAL_RISK, count=1, reason=总量3.1G低于最小门槛2095.0G[0m
[32m2026-05-28 21:47:59[0m | [1mINFO    [0m | [1m主流程规则分桶跳过: bucket=manual_or_risk:30例两库全转测序分析技术服务（委托）合同-HJL|S|SMALL RNA文库|NA|MANUAL_RISK, count=1, reason=总量3.0G低于最小门槛2095.0G[0m
[32m2026-05-28 21:47:59[0m | [1mINFO    [0m | [1m主流程规则分桶跳过: bucket=manual_or_risk:哈医大蛋白+二三代人重+全外显子分析技术服务（委托）合同|S|外显子文库|NA|MANUAL_RISK, count=1, reason=总量2.3G低于最小门槛2095.0G[0m
[32m2026-05-28 21:47:59[0m | [1mINFO    [0m | [1m主流程规则分桶跳过: bucket=manual_or_risk:湘湖实验室100例自建库样本X平台测序技术服务（委托）合同|S|客户-PCR产物/CRISPR|NA|CUSTOMER+MANUAL_RISK+IMBALANCE, count=2, reason=总量2.0G低于最小门槛2095.0G[0m
[32m2026-05-28 21:47:59[0m | [1mINFO    [0m | [1m主流程规则分桶跳过: bucket=manual_or_risk:徐老师组 6 例小鼠细胞RIBO-SEQ +普通转录组测序分析及关联分析技术服务（委托）合同|S|RIBO-SEQ文库|NA|MANUAL_RISK+IMBALANCE, count=1, reason=总量2.0G低于最小门槛2095.0G[0m
[32m2026-05-28 21:47:59[0m | [1mINFO    [0m | [1m主流程规则分桶跳过: bucket=manual_or_risk:100样 XPLUS自建库测序技术服务（委托）合同|S|客户-全基因组文库|NA|CUSTOMER+MANUAL_RISK, count=1, reason=总量1.9G低于最小门槛2095.0G[0m
[32m2026-05-28 21:47:59[0m | [1mINFO    [0m | [1m主流程规则分桶跳过: bucket=manual_or_risk:1000样本转录组建库测序技术服务（委托）合同|S|VIP-真核普通转录组文库|NA|MANUAL_RISK, count=1, reason=总量1.8G低于最小门槛2095.0G[0m
[32m2026-05-28 21:47:59[0m | [1mINFO    [0m | [1m主流程规则分桶跳过: bucket=manual_or_risk:吉林农业大学12个蓝狐皮肤+脂肪组织转录组（7G）测序技术服务（委托）合同|S|VIP-真核普通转录组文库|NA|MANUAL_RISK, count=2, reason=总量1.4G低于最小门槛995.0G[0m
[32m2026-05-28 21:47:59[0m | [1mINFO    [0m | [1m主流程规则分桶跳过: bucket=manual_or_risk:环境+泉脉+2025年自建库测序框架分析技术服务（委托）合同|S|客户-扩增子文库|NA|CUSTOMER+MANUAL_RISK+IMBALANCE, count=2, reason=总量1.0G低于最小门槛2095.0G[0m
[32m2026-05-28 21:47:59[0m | [1mINFO    [0m | [1m主流程规则分桶跳过: bucket=manual_or_risk:作科所大豆全基因组脱靶插入检测分析技术服务（委托）合同|S|DNA小片段文库|NA|MANUAL_RISK, count=1, reason=总量1.0G低于最小门槛2095.0G[0m
[32m2026-05-28 21:47:59[0m | [1mINFO    [0m | [1m主流程规则分桶跳过: bucket=manual_or_risk:山东大学100例医口转录组10G-樊祥闯分析技术服务（委托）合同|S|VIP-真核普通转录组文库|NA|MANUAL_RISK, count=1, reason=总量1.0G低于最小门槛2095.0G[0m
[32m2026-05-28 21:47:59[0m | [1mINFO    [0m | [1m主流程规则分桶跳过: bucket=manual_or_risk:微生物建库测序1G（框架）技术服务（委托）合同|S|DNA小片段文库|NA|MANUAL_RISK, count=1, reason=总量1.0G低于最小门槛2095.0G[0m
[32m2026-05-28 21:47:59[0m | [1mINFO    [0m | [1m主流程规则分桶跳过: bucket=manual_or_risk:药企百奥赛图26年年框分析技术服务（委托）合同|S|VIP-真核普通转录组文库|NA|MANUAL_RISK, count=1, reason=总量1.0G低于最小门槛2095.0G[0m
[32m2026-05-28 21:47:59[0m | [1mINFO    [0m | [1m主流程规则分桶跳过: bucket=ten_x:王老师4例FFPE样品单细胞检测分析技术服务（委托）合同|S|10X FIXED GEMX RNA文库|NA|TENX+MANUAL_RISK+IMBALANCE, count=9, reason=总量780.0G低于最小门槛995.0G[0m
[32m2026-05-28 21:47:59[0m | [1mINFO    [0m | [1m主流程规则分桶跳过: bucket=ten_x:血研所17例ILLUMINA自建库测序技术服务（委托）合同|S|客户-10X 3 单细胞转录组文库|NA|TENX+CUSTOMER+MANUAL_RISK+IMBALANCE, count=7, reason=总量720.0G低于最小门槛970.0G[0m
[32m2026-05-28 21:47:59[0m | [1mINFO    [0m | [1m主流程规则分桶跳过: bucket=ten_x:单细胞数据质量提升专项（诺禾元启）|S|10X转录组文库-3V4文库|NA|TENX+MANUAL_RISK+IMBALANCE, count=4, reason=总量400.0G低于最小门槛1995.0G[0m
[32m2026-05-28 21:47:59[0m | [1mINFO    [0m | [1m主流程规则分桶跳过: bucket=ten_x:四川大学16个单细胞测序高级分析技术服务（委托）合同|S|10X转录组文库-3V4文库|NA|TENX+MANUAL_RISK+IMBALANCE, count=2, reason=总量200.0G低于最小门槛970.0G[0m
[32m2026-05-28 21:47:59[0m | [1mINFO    [0m | [1m主流程规则分桶跳过: bucket=ten_x:血研所10X5'单细胞测序+免疫组库分析技术服务（委托）合同|S|10X转录组文库-5V3文库|NA|TENX+MANUAL_RISK+IMBALANCE, count=2, reason=总量200.0G低于最小门槛970.0G[0m
[32m2026-05-28 21:47:59[0m | [1mINFO    [0m | [1m主流程规则分桶跳过: bucket=ten_x:26-Q2-ZDQ-V4单细胞转录组测序分析技术服务（委托）合同|S|10X转录组文库-3V4文库|NA|TENX+MANUAL_RISK+IMBALANCE, count=2, reason=总量150.0G低于最小门槛970.0G[0m
[32m2026-05-28 21:47:59[0m | [1mINFO    [0m | [1m主流程规则分桶跳过: bucket=ten_x:药企-康龙--26年年框合同分析技术服务（委托）合同|S|客户-单细胞文库|NA|TENX+CUSTOMER+MANUAL_RISK+IMBALANCE, count=13, reason=总量121.3G低于最小门槛2095.0G[0m
[32m2026-05-28 21:47:59[0m | [1mINFO    [0m | [1m主流程规则分桶跳过: bucket=ten_x:202605许弘弢老师-10例肿瘤组织-10XV4单细胞-1W细胞100G数据量矩阵分析技术服务（委托）合同|S|10X转录组文库-3V4文库|NA|TENX+MANUAL_RISK+IMBALANCE, count=1, reason=总量100.0G低于最小门槛1995.0G[0m
[32m2026-05-28 21:47:59[0m | [1mINFO    [0m | [1m主流程规则分桶跳过: bucket=ten_x:Q2复旦中山 石一沁 20例10X3' V4 单细胞转录组测序矩阵分析技术服务（委托）合同|S|10X转录组文库-3V4文库|NA|TENX+MANUAL_RISK+IMBALANCE, count=1, reason=总量100.0G低于最小门槛1995.0G[0m
[32m2026-05-28 21:47:59[0m | [1mINFO    [0m | [1m主流程规则分桶跳过: bucket=ten_x:新疆30个样本10X单细胞建库测序技术服务（委托）合同|S|10X转录组文库-3V4文库|NA|TENX+MANUAL_RISK+IMBALANCE, count=1, reason=总量100.0G低于最小门槛1995.0G[0m
[32m2026-05-28 21:47:59[0m | [1mINFO    [0m | [1m主流程规则分桶跳过: bucket=ten_x:福建医科大学附属协和医院4个样本10X 3端单细胞转录组测序分析技术服务（委托）合同|S|10X转录组-3'文库|NA|TENX+MANUAL_RISK+IMBALANCE, count=1, reason=总量100.0G低于最小门槛1995.0G[0m
[32m2026-05-28 21:47:59[0m | [1mINFO    [0m | [1m主流程规则分桶跳过: bucket=ten_x:项目100个样本10X3''单细胞建库测序V4技术服务（委托）合同|S|10X转录组文库-3V4文库|NA|TENX+MANUAL_RISK+IMBALANCE, count=1, reason=总量100.0G低于最小门槛1995.0G[0m
[32m2026-05-28 21:47:59[0m | [1mINFO    [0m | [1m主流程规则分桶跳过: bucket=ten_x:血研所10X5'单细胞测序+免疫组库分析技术服务（委托）合同|S|10X转录组V(D)J-BCR文库|NA|TENX+MANUAL_RISK+IMBALANCE, count=4, reason=总量80.0G低于最小门槛1995.0G[0m
[32m2026-05-28 21:47:59[0m | [1mINFO    [0m | [1m主流程规则分桶跳过: bucket=ten_x:李老师12个单细胞5+T+B建库测序矩阵分析技术服务（委托）合同|S|10X转录组文库-5V3文库|NA|TENX+MANUAL_RISK+IMBALANCE, count=6, reason=总量53.4G低于最小门槛1995.0G[0m
[32m2026-05-28 21:47:59[0m | [1mINFO    [0m | [1m主流程规则分桶跳过: bucket=ten_x:上海市肺科医院10XGENOMICS 5'单细胞转录组以及TCR+BCR测序技术服务（委托）合同|S|10X转录组V(D)J-BCR文库|NA|TENX+MANUAL_RISK+IMBALANCE, count=2, reason=总量40.0G低于最小门槛1995.0G[0m
[32m2026-05-28 21:47:59[0m | [1mINFO    [0m | [1m主流程规则分桶跳过: bucket=ten_x:铂生卓越10X5'单细胞+TCR+BCR检测分析技术服务（委托）合同|S|10X转录组V(D)J-BCR文库|NA|TENX+MANUAL_RISK+IMBALANCE, count=3, reason=总量30.0G低于最小门槛1995.0G[0m
[32m2026-05-28 21:47:59[0m | [1mINFO    [0m | [1m主流程规则分桶跳过: bucket=ten_x:中肿+36+单细胞TCR高级分析技术服务（委托）合同|S|10X转录组文库-5V3文库|NA|TENX+MANUAL_RISK+IMBALANCE, count=3, reason=总量26.3G低于最小门槛1995.0G[0m
[32m2026-05-28 21:47:59[0m | [1mINFO    [0m | [1m主流程规则分桶跳过: bucket=ten_x:药企潜观基因26年单细胞年框分析技术服务（委托）合同|S|10X转录组V(D)J-BCR文库|NA|TENX+MANUAL_RISK+IMBALANCE, count=1, reason=总量20.0G低于最小门槛1995.0G[0m
[32m2026-05-28 21:47:59[0m | [1mINFO    [0m | [1m主流程规则分桶跳过: bucket=ten_x:（极速周期）安达生物临床样品单细胞V4意向分析技术服务（委托）合同|S|10X转录组V(D)J-BCR文库|NA|TENX+MANUAL_RISK+IMBALANCE, count=1, reason=总量20.0G低于最小门槛1995.0G[0m
[32m2026-05-28 21:47:59[0m | [1mINFO    [0m | [1m主流程规则分桶跳过: bucket=ten_x:12例单细胞转录组+TCR+BCR分析技术服务（委托）合同|S|10X转录组文库-5V3文库|NA|TENX+MANUAL_RISK+IMBALANCE, count=1, reason=总量19.8G低于最小门槛1995.0G[0m
[32m2026-05-28 21:47:59[0m | [1mINFO    [0m | [1m主流程规则分桶跳过: bucket=ten_x:南方医科大学18个单细胞分选+矩阵分析技术服务（委托）合同|S|10X转录组-3'文库|NA|TENX+MANUAL_RISK+IMBALANCE, count=2, reason=总量10.0G低于最小门槛1995.0G[0m
[32m2026-05-28 21:47:59[0m | [1mINFO    [0m | [1m主流程规则分桶跳过: bucket=ten_x:南京鼓楼医院王智康6例10X单细胞分析技术服务（委托）合同|S|10X转录组文库-3V4文库|NA|TENX+MANUAL_RISK+IMBALANCE, count=1, reason=总量10.0G低于最小门槛1995.0G[0m
[32m2026-05-28 21:47:59[0m | [1mINFO    [0m | [1m主流程规则分桶跳过: bucket=ten_x:山东省立医院50例单细胞5'+VDJ 分析技术服务（委托）合同|S|10X转录组V(D)J-BCR文库|NA|TENX+MANUAL_RISK+IMBALANCE, count=1, reason=总量10.0G低于最小门槛1995.0G[0m
[32m2026-05-28 21:47:59[0m | [1mINFO    [0m | [1m主流程规则分桶跳过: bucket=ten_x:（刘院长）26年30例单细胞转录组合同分析技术服务（委托）合同|S|10X转录组V(D)J-BCR文库|NA|TENX+MANUAL_RISK+IMBALANCE, count=1, reason=总量10.0G低于最小门槛1995.0G[0m
[32m2026-05-28 21:47:59[0m | [1mINFO    [0m | [1m主流程规则分桶跳过: bucket=ten_x:NVNL2026041302-BE_KULEUVEN_48 SMARTER MRNA 9GB_WOBI_PIERRE|S|单细胞文库|NA|TENX+MANUAL_RISK+IMBALANCE, count=1, reason=总量9.0G低于最小门槛2095.0G[0m
[32m2026-05-28 21:47:59[0m | [1mINFO    [0m | [1m主流程规则分桶跳过: bucket=ten_x:微生物所10X单细胞+TCR标准分析-HYX分析技术服务（委托）合同|S|10X转录组文库-5V3文库|NA|TENX+MANUAL_RISK+IMBALANCE, count=1, reason=总量7.5G低于最小门槛1995.0G[0m
[32m2026-05-28 21:47:59[0m | [1mINFO    [0m | [1m主流程规则分桶跳过: bucket=ten_x:药企-宜明凯尔单细胞转录组分析技术服务（委托）合同|S|10X转录组文库-5V3文库|NA|TENX+MANUAL_RISK+IMBALANCE, count=1, reason=总量7.3G低于最小门槛1995.0G[0m
[32m2026-05-28 21:47:59[0m | [1mINFO    [0m | [1m主流程规则分桶跳过: bucket=ten_x:20个血液样本单细胞测序分析技术服务（委托）合同|S|10X转录组文库-5V3文库|NA|TENX+MANUAL_RISK+IMBALANCE, count=1, reason=总量5.9G低于最小门槛1995.0G[0m
[32m2026-05-28 21:47:59[0m | [1mINFO    [0m | [1m主流程规则分桶跳过: bucket=ten_x:药企潜观基因26年单细胞年框分析技术服务（委托）合同|S|10X转录组文库-5V3文库|NA|TENX+MANUAL_RISK+IMBALANCE, count=1, reason=总量5.4G低于最小门槛1995.0G[0m
[32m2026-05-28 21:47:59[0m | [1mINFO    [0m | [1m主流程规则分桶跳过: bucket=ten_x:江门市中心医院10个10X 3'单细胞建库测序技术服务（委托）合同|S|10X转录组-3'文库|NA|TENX+MANUAL_RISK+IMBALANCE, count=1, reason=总量5.0G低于最小门槛1995.0G[0m
[32m2026-05-28 21:47:59[0m | [1mINFO    [0m | [1m主流程规则分桶跳过: bucket=ten_x:血研所8例10X5转录组+免疫组库分析技术服务（委托）合同|S|10X转录组-5'文库|NA|TENX+MANUAL_RISK+IMBALANCE, count=1, reason=总量5.0G低于最小门槛1995.0G[0m
[32m2026-05-28 21:47:59[0m | [1mINFO    [0m | [1m主流程规则分桶跳过: bucket=general:300例WGS高级标准分析技术服务（委托）合同-|Z|DNA小片段文库|NA|NORMAL, count=10, reason=总量750.0G低于最小门槛995.0G[0m
[32m2026-05-28 21:47:59[0m | [1mINFO    [0m | [1m主流程规则分桶跳过: bucket=general:中国医学科学院皮肤病医院（中国医学科学院皮肤病研究所）180例宏基因组测序10G技术服务（委托）合同|Z|DNA小片段文库|NA|NORMAL, count=41, reason=总量410.0G低于最小门槛995.0G[0m
[32m2026-05-28 21:47:59[0m | [1mINFO    [0m | [1m主流程规则分桶跳过: bucket=general:蜜蜂所1000份样本重测序XPLUS分析技术服务（委托）合同|Z|DNA小片段文库|NA|NORMAL, count=46, reason=总量230.0G低于最小门槛2095.0G[0m
[32m2026-05-28 21:47:59[0m | [1mINFO    [0m | [1m主流程规则分桶跳过: bucket=general:山东省立医院20例疾病全基因组高级分析技术服务（委托）合同-方振|Z|人重测序文库|NA|NORMAL, count=2, reason=总量150.0G低于最小门槛995.0G[0m
[32m2026-05-28 21:47:59[0m | [1mINFO    [0m | [1m主流程规则分桶跳过: bucket=general:宏基因组测序分析（框架）技术服务（委托）合同|Z|DNA小片段文库|NA|NORMAL, count=20, reason=总量120.0G低于最小门槛2095.0G[0m
[32m2026-05-28 21:47:59[0m | [1mINFO    [0m | [1m主流程规则分桶跳过: bucket=general:内蒙古农业大学16S+LC-MS非靶向代谢组+血液转录组建库测序分析技术服务（委托）合同|Z|VIP-真核普通转录组文库|NA|NORMAL, count=19, reason=总量114.0G低于最小门槛995.0G[0m
[32m2026-05-28 21:47:59[0m | [1mINFO    [0m | [1m主流程规则分桶跳过: bucket=general:河北农业大学12例微生物多组学测序分析技术服务（委托）合同|Z|DNA小片段文库|NA|NORMAL, count=9, reason=总量90.0G低于最小门槛2095.0G[0m
[32m2026-05-28 21:47:59[0m | [1mINFO    [0m | [1m主流程规则分桶跳过: bucket=general:细菌真菌基因组二代测序技术服务（委托）合同-26|Z|DNA小片段文库|NA|NORMAL, count=85, reason=总量85.0G低于最小门槛2095.0G[0m
[32m2026-05-28 21:47:59[0m | [1mINFO    [0m | [1m主流程规则分桶跳过: bucket=general:昆明科灵生物192个组织样品提取建库测序技术服务（委托）合同|Z|VIP-真核普通转录组文库|NA|NORMAL, count=14, reason=总量84.0G低于最小门槛995.0G[0m
[32m2026-05-28 21:47:59[0m | [1mINFO    [0m | [1m主流程规则分桶跳过: bucket=general:新大30个涩芥样本重测序建库测序技术服务（委托）合同|Z|DNA小片段文库|NA|NORMAL, count=19, reason=总量76.0G低于最小门槛2095.0G[0m
[32m2026-05-28 21:47:59[0m | [1mINFO    [0m | [1m主流程规则分桶跳过: bucket=general:精迪生物45个转录组和46个外显子多组学测序分析技术服务（委托）合同|Z|VIP-真核普通转录组文库|NA|NORMAL, count=10, reason=总量60.0G低于最小门槛995.0G[0m
[32m2026-05-28 21:47:59[0m | [1mINFO    [0m | [1m主流程规则分桶跳过: bucket=general:烟草中心21例烟草叶片微生物宏基因组测序分析技术服务（委托）合同|Z|META文库|NA|NORMAL, count=4, reason=总量60.0G低于最小门槛2095.0G[0m
[32m2026-05-28 21:47:59[0m | [1mINFO    [0m | [1m主流程规则分桶跳过: bucket=general:大连海洋大学85个海胆体腔液无参转录组技术服务（委托）合同|Z|VIP-真核普通转录组文库|NA|NORMAL, count=9, reason=总量54.0G低于最小门槛995.0G[0m
[32m2026-05-28 21:47:59[0m | [1mINFO    [0m | [1m主流程规则分桶跳过: bucket=general:扩增子（16S+ITS)+宏基因组+代谢组分析技术服务（委托）合同-Y|Z|META文库|NA|NORMAL, count=4, reason=总量48.0G低于最小门槛2095.0G[0m
[32m2026-05-28 21:47:59[0m | [1mINFO    [0m | [1m主流程规则分桶跳过: bucket=general:滨州医学院附属医院27个细菌建库测序分析技术服务（委托）合同|Z|DNA小片段文库|NA|NORMAL, count=15, reason=总量45.0G低于最小门槛2095.0G[0m
[32m2026-05-28 21:47:59[0m | [1mINFO    [0m | [1m主流程规则分桶跳过: bucket=general:东北师范大学转录组+非靶分析技术服务（委托）合同|Z|VIP-真核普通转录组文库|NA|NORMAL, count=7, reason=总量42.0G低于最小门槛995.0G[0m
[32m2026-05-28 21:47:59[0m | [1mINFO    [0m | [1m主流程规则分桶跳过: bucket=general:（极速周期）【药企】2025年上海硕迪生物500个样品真核普转意向-2分析技术服务（委托）合同|Z|VIP-真核普通转录组文库|NA|NORMAL, count=7, reason=总量42.0G低于最小门槛995.0G[0m
[32m2026-05-28 21:47:59[0m | [1mINFO    [0m | [1m主流程规则分桶跳过: bucket=general:科大300例宏基因组测序技术服务（委托）合同|Z|DNA小片段文库|NA|NORMAL, count=4, reason=总量40.0G低于最小门槛2095.0G[0m
[32m2026-05-28 21:47:59[0m | [1mINFO    [0m | [1m主流程规则分桶跳过: bucket=general:南京农业大学63份RNA样本MRNA建库测序(XP)技术服务（委托）合同|Z|VIP-真核普通转录组文库|NA|NORMAL, count=5, reason=总量30.0G低于最小门槛995.0G[0m
[32m2026-05-28 21:47:59[0m | [1mINFO    [0m | [1m主流程规则分桶跳过: bucket=general:26宏基因组补分析技术服务（委托）合同|Z|DNA小片段文库|NA|NORMAL, count=27, reason=总量27.7G低于最小门槛2095.0G[0m
[32m2026-05-28 21:47:59[0m | [1mINFO    [0m | [1m主流程规则分桶跳过: bucket=general:2026年转录组测序分析技术服务（委托）合同|Z|VIP-真核普通转录组文库|NA|NORMAL, count=4, reason=总量24.0G低于最小门槛995.0G[0m
[32m2026-05-28 21:47:59[0m | [1mINFO    [0m | [1m主流程规则分桶跳过: bucket=general:浙江大学7例小鼠肌肉样本转录组测序分析技术服务（委托）合同|Z|VIP-真核普通转录组文库|NA|NORMAL, count=4, reason=总量24.0G低于最小门槛2095.0G[0m
[32m2026-05-28 21:47:59[0m | [1mINFO    [0m | [1m主流程规则分桶跳过: bucket=general:【药企】西安塞东医药-19例-小鼠脑组织转录组测序分析技术服务（委托）合同|Z|VIP-真核普通转录组文库|NA|NORMAL, count=3, reason=总量18.0G低于最小门槛995.0G[0m
[32m2026-05-28 21:47:59[0m | [1mINFO    [0m | [1m主流程规则分桶跳过: bucket=general:山东省农科院300样本转录组测序分析技术服务（委托）合同|Z|VIP-真核普通转录组文库|NA|NORMAL, count=3, reason=总量18.0G低于最小门槛995.0G[0m
[32m2026-05-28 21:47:59[0m | [1mINFO    [0m | [1m主流程规则分桶跳过: bucket=general:林科院100例转录组额度分析技术服务（委托）合同|Z|VIP-真核普通转录组文库|NA|NORMAL, count=3, reason=总量18.0G低于最小门槛2095.0G[0m
[32m2026-05-28 21:47:59[0m | [1mINFO    [0m | [1m主流程规则分桶跳过: bucket=general:济南市疾控1700例细菌框架图（拼接）+300例微生物全基因组建库测序+270例宏基因组测序分析+80例宏基因组建库测序分析技术服务（委托）合同|Z|META文库|NA|NORMAL, count=3, reason=总量18.0G低于最小门槛2095.0G[0m
[32m2026-05-28 21:47:59[0m | [1mINFO    [0m | [1m主流程规则分桶跳过: bucket=general:菌WGS2026Q1技术服务（委托）合同|Z|DNA小片段文库|NA|NORMAL, count=17, reason=总量17.0G低于最小门槛2095.0G[0m
[32m2026-05-28 21:47:59[0m | [1mINFO    [0m | [1m主流程规则分桶跳过: bucket=general:NVUK2026020518-EU-ES-IDIS-ANIMAL-30-MRNASEQ-7.5GB-FEB2026-WBI-QUANTIFICATION|Z|VIP-真核普通转录组文库|NA|NORMAL, count=2, reason=总量15.0G低于最小门槛995.0G[0m
[32m2026-05-28 21:47:59[0m | [1mINFO    [0m | [1m主流程规则分桶跳过: bucket=general:江苏省中国科学院植物研究所-50例重测序-温珺分析技术服务（委托）合同|Z|DNA小片段文库|NA|NORMAL, count=4, reason=总量12.0G低于最小门槛2095.0G[0m
[32m2026-05-28 21:47:59[0m | [1mINFO    [0m | [1m主流程规则分桶跳过: bucket=general:海洋三所9个单菌和4个扩增子分析技术服务（委托）合同|Z|DNA小片段文库|NA|NORMAL, count=3, reason=总量12.0G低于最小门槛2095.0G[0m
[32m2026-05-28 21:47:59[0m | [1mINFO    [0m | [1m主流程规则分桶跳过: bucket=general:南昌大学第一附属医院6个细胞CHIPSEQ+转录组测序分析技术服务（委托）合同|Z|VIP-真核普通转录组文库|NA|NORMAL, count=2, reason=总量12.0G低于最小门槛995.0G[0m
[32m2026-05-28 21:47:59[0m | [1mINFO    [0m | [1m主流程规则分桶跳过: bucket=general:天津实验室-百趣-25.10.23-宏基因组+转录组+WES+自建库项目技术服务（委托）合同|Z|VIP-真核普通转录组文库|NA|NORMAL, count=2, reason=总量12.0G低于最小门槛995.0G[0m
[32m2026-05-28 21:47:59[0m | [1mINFO    [0m | [1m主流程规则分桶跳过: bucket=general:天津实验室-百趣-26.4.20-宏基因组+转录组项目技术服务（委托）合同|Z|VIP-真核普通转录组文库|NA|NORMAL, count=2, reason=总量12.0G低于最小门槛995.0G[0m
[32m2026-05-28 21:47:59[0m | [1mINFO    [0m | [1m主流程规则分桶跳过: bucket=general:宏基因组测序分析（框架）技术服务（委托）合同|Z|META文库|NA|NORMAL, count=2, reason=总量12.0G低于最小门槛2095.0G[0m
[32m2026-05-28 21:47:59[0m | [1mINFO    [0m | [1m主流程规则分桶跳过: bucket=general:山东省立医院6例转录组分析技术服务（委托）合同-肖胜扬|Z|VIP-真核普通转录组文库|NA|NORMAL, count=2, reason=总量12.0G低于最小门槛995.0G[0m
[32m2026-05-28 21:47:59[0m | [1mINFO    [0m | [1m主流程规则分桶跳过: bucket=general:药企百济-25年年框分析技术服务（委托）合同|Z|VIP-真核普通转录组文库|NA|NORMAL, count=2, reason=总量12.0G低于最小门槛2095.0G[0m
[32m2026-05-28 21:47:59[0m | [1mINFO    [0m | [1m主流程规则分桶跳过: bucket=general:西北农林科技大学57个转录组测序分析技术服务（委托）合同|Z|VIP-真核普通转录组文库|NA|NORMAL, count=2, reason=总量12.0G低于最小门槛995.0G[0m
[32m2026-05-28 21:47:59[0m | [1mINFO    [0m | [1m主流程规则分桶跳过: bucket=general:西湖大学于洪涛LAB温嫣然老师10个RNA-SEQ建库测序技术服务（委托）合同|Z|VIP-真核普通转录组文库|NA|NORMAL, count=2, reason=总量12.0G低于最小门槛995.0G[0m
[32m2026-05-28 21:47:59[0m | [1mINFO    [0m | [1m主流程规则分桶跳过: bucket=general:转录组+脂质组分析技术服务（委托）合同|Z|VIP-真核普通转录组文库|NA|NORMAL, count=2, reason=总量12.0G低于最小门槛995.0G[0m
[32m2026-05-28 21:47:59[0m | [1mINFO    [0m | [1m主流程规则分桶跳过: bucket=general:【药企】荣灿生物医药转录组和外显子建库测序分析技术服务（委托）合同|Z|VIP-真核普通转录组文库|NA|NORMAL, count=1, reason=总量12.0G低于最小门槛2095.0G[0m
[32m2026-05-28 21:47:59[0m | [1mINFO    [0m | [1m主流程规则分桶跳过: bucket=general:盐城市第三人民医院16株细菌全基因组测序技术服务（委托）合同|Z|DNA小片段文库|NA|NORMAL, count=11, reason=总量11.0G低于最小门槛2095.0G[0m
[32m2026-05-28 21:47:59[0m | [1mINFO    [0m | [1m主流程规则分桶跳过: bucket=general:复旦大学 马国-庞莉园 90例转录+120例非靶+30例（RAPID蛋白+脂质+非靶）测序分析技术服务（委托）合同|Z|DNA小片段文库|NA|NORMAL, count=8, reason=总量10.8G低于最小门槛2095.0G[0m
[32m2026-05-28 21:47:59[0m | [1mINFO    [0m | [1m主流程规则分桶跳过: bucket=general:山东省农科院作物所108样本转录组10G分析技术服务（委托）合同|Z|VIP-真核普通转录组文库|NA|NORMAL, count=1, reason=总量10.0G低于最小门槛2095.0G[0m
[32m2026-05-28 21:47:59[0m | [1mINFO    [0m | [1m主流程规则分桶跳过: bucket=general:枣庄学院180样本土壤宏基因组10G分析技术服务（委托）合同|Z|META文库|NA|NORMAL, count=1, reason=总量10.0G低于最小门槛2095.0G[0m
[32m2026-05-28 21:47:59[0m | [1mINFO    [0m | [1m主流程规则分桶跳过: bucket=general:扬州大学-1000例细菌建库测序（交付CLEAN）分析技术服务（委托）合同|Z|DNA小片段文库|NA|NORMAL, count=7, reason=总量7.0G低于最小门槛2095.0G[0m
[32m2026-05-28 21:47:59[0m | [1mINFO    [0m | [1m主流程规则分桶跳过: bucket=general:微生物所细菌建库测序1G（新框架）26年4-6月分析技术服务（委托）合同|Z|微生物常规小片段文库|NA|NORMAL, count=6, reason=总量6.0G低于最小门槛2095.0G[0m
[32m2026-05-28 21:47:59[0m | [1mINFO    [0m | [1m主流程规则分桶跳过: bucket=general:疾控中心200例细菌框架图-惠青分析技术服务（委托）合同|Z|DNA小片段文库|NA|NORMAL, count=6, reason=总量6.0G低于最小门槛2095.0G[0m
[32m2026-05-28 21:47:59[0m | [1mINFO    [0m | [1m主流程规则分桶跳过: bucket=general:王老师真核普通转录组建库测序（ILLUMINA X PLUS）析技术服务（委托）合同-2026|Z|VIP-真核普通转录组文库|NA|NORMAL, count=2, reason=总量6.0G低于最小门槛995.0G[0m
[32m2026-05-28 21:47:59[0m | [1mINFO    [0m | [1m主流程规则分桶跳过: bucket=general:100个转录组 XPLUS分析技术服务（委托）合同|Z|VIP-真核普通转录组文库|NA|NORMAL, count=1, reason=总量6.0G低于最小门槛2095.0G[0m
[32m2026-05-28 21:47:59[0m | [1mINFO    [0m | [1m主流程规则分桶跳过: bucket=general:2026年1月25日ILLUMINA转录组测序分析技术服务（委托）合同|Z|VIP-真核普通转录组文库|NA|NORMAL, count=1, reason=总量6.0G低于最小门槛2095.0G[0m
[32m2026-05-28 21:47:59[0m | [1mINFO    [0m | [1m主流程规则分桶跳过: bucket=general:2026年3月11日XP宏基因组6G建库测序分析技术服务（委托）合同|Z|DNA小片段文库|NA|NORMAL, count=1, reason=总量6.0G低于最小门槛2095.0G[0m
[32m2026-05-28 21:47:59[0m | [1mINFO    [0m | [1m主流程规则分桶跳过: bucket=general:48个16S+8个转录组测序分析技术服务（委托）合同|Z|VIP-真核普通转录组文库|NA|NORMAL, count=1, reason=总量6.0G低于最小门槛2095.0G[0m
[32m2026-05-28 21:47:59[0m | [1mINFO    [0m | [1m主流程规则分桶跳过: bucket=general:医科大-10例细胞样本转录组分析技术服务（委托）合同|Z|VIP-真核普通转录组文库|NA|NORMAL, count=1, reason=总量6.0G低于最小门槛2095.0G[0m
[32m2026-05-28 21:47:59[0m | [1mINFO    [0m | [1m主流程规则分桶跳过: bucket=general:南京市口腔医院3例RNASEQ+6例重分析分析技术服务（委托）合同|Z|VIP-真核普通转录组文库|NA|NORMAL, count=1, reason=总量6.0G低于最小门槛2095.0G[0m
[32m2026-05-28 21:47:59[0m | [1mINFO    [0m | [1m主流程规则分桶跳过: bucket=general:南方医科大学12个BULK转录组及30个16S扩增子分析技术服务（委托）合同|Z|VIP-真核普通转录组文库|NA|NORMAL, count=1, reason=总量6.0G低于最小门槛2095.0G[0m
[32m2026-05-28 21:47:59[0m | [1mINFO    [0m | [1m主流程规则分桶跳过: bucket=general:大连医科大学附属第一医院6个转录组技术服务（委托）合同|Z|VIP-真核普通转录组文库|NA|NORMAL, count=1, reason=总量6.0G低于最小门槛2095.0G[0m
[32m2026-05-28 21:47:59[0m | [1mINFO    [0m | [1m主流程规则分桶跳过: bucket=general:天津实验室-百趣-26.4.20-宏基因组+转录组项目技术服务（委托）合同|Z|DNA小片段文库|NA|NORMAL, count=1, reason=总量6.0G低于最小门槛2095.0G[0m
[32m2026-05-28 21:47:59[0m | [1mINFO    [0m | [1m主流程规则分桶跳过: bucket=general:天津肿瘤医院200例转录+HQ代谢测序分析技术服务（委托）合同-彭碧佳|Z|VIP-真核普通转录组文库|NA|NORMAL, count=1, reason=总量6.0G低于最小门槛2095.0G[0m
[32m2026-05-28 21:47:59[0m | [1mINFO    [0m | [1m主流程规则分桶跳过: bucket=general:山东大学齐鲁医院80例DEEP DIA+80例转录组建库测序分析技术服务（委托）合同-余雯菲|Z|VIP-真核普通转录组文库|NA|NORMAL, count=1, reason=总量6.0G低于最小门槛2095.0G[0m
[32m2026-05-28 21:47:59[0m | [1mINFO    [0m | [1m主流程规则分桶跳过: bucket=general:山西农业大学动物科学学院8例转录组测序分析技术服务（委托）合同|Z|VIP-真核普通转录组文库|NA|NORMAL, count=1, reason=总量6.0G低于最小门槛2095.0G[0m
[32m2026-05-28 21:47:59[0m | [1mINFO    [0m | [1m主流程规则分桶跳过: bucket=general:江汉大学9个样本转录组测序分析技术服务（委托）合同|Z|VIP-真核普通转录组文库|NA|NORMAL, count=1, reason=总量6.0G低于最小门槛2095.0G[0m
[32m2026-05-28 21:47:59[0m | [1mINFO    [0m | [1m主流程规则分桶跳过: bucket=general:江苏省中国科学院植物研究所-32个转录组测序分析-温珺分析技术服务（委托）合同|Z|VIP-真核普通转录组文库|NA|NORMAL, count=1, reason=总量6.0G低于最小门槛2095.0G[0m
[32m2026-05-28 21:47:59[0m | [1mINFO    [0m | [1m主流程规则分桶跳过: bucket=general:海大转录加代谢分析技术服务（委托）合同|Z|VIP-真核普通转录组文库|NA|NORMAL, count=1, reason=总量6.0G低于最小门槛2095.0G[0m
[32m2026-05-28 21:47:59[0m | [1mINFO    [0m | [1m主流程规则分桶跳过: bucket=general:真核6G转录组测序分析技术服务（委托）合同-HYX|Z|VIP-真核普通转录组文库|NA|NORMAL, count=1, reason=总量6.0G低于最小门槛2095.0G[0m
[32m2026-05-28 21:47:59[0m | [1mINFO    [0m | [1m主流程规则分桶跳过: bucket=general:福建医科大学附属第一医院120个转录组建库测序技术服务（委托）合同-26.2.11|Z|VIP-真核普通转录组文库|NA|NORMAL, count=1, reason=总量6.0G低于最小门槛2095.0G[0m
[32m2026-05-28 21:47:59[0m | [1mINFO    [0m | [1m主流程规则分桶跳过: bucket=general:药物所刘老师3例有参转录组分析技术服务（委托）合同|Z|VIP-真核普通转录组文库|NA|NORMAL, count=1, reason=总量6.0G低于最小门槛2095.0G[0m
[32m2026-05-28 21:47:59[0m | [1mINFO    [0m | [1m主流程规则分桶跳过: bucket=general:赣南医科大学4例人核酸样本+8例小鼠结直肠样本转录组测序分析技术服务（委托）合同|Z|VIP-真核普通转录组文库|NA|NORMAL, count=1, reason=总量6.0G低于最小门槛2095.0G[0m
[32m2026-05-28 21:47:59[0m | [1mINFO    [0m | [1m主流程规则分桶跳过: bucket=general:海科院1个1个PB真菌精细图带HIC+1个细菌完成图-FY分析技术服务（委托）合同|Z|DNA小片段文库|NA|NORMAL, count=3, reason=总量5.0G低于最小门槛2095.0G[0m
[32m2026-05-28 21:47:59[0m | [1mINFO    [0m | [1m主流程规则分桶跳过: bucket=general:NVUK2026052038-UA-GREENCLINIC-3-SHOTGUN METAGENOMICS-40GB PE150-WOBI|Z|DNA小片段文库|NA|NORMAL, count=1, reason=总量4.9G低于最小门槛2095.0G[0m
[32m2026-05-28 21:47:59[0m | [1mINFO    [0m | [1m主流程规则分桶跳过: bucket=general:扩增子（16S+ITS)+宏基因组+代谢组分析技术服务（委托）合同-Y|Z|DNA小片段文库|NA|NORMAL, count=2, reason=总量4.6G低于最小门槛2095.0G[0m
[32m2026-05-28 21:47:59[0m | [1mINFO    [0m | [1m主流程规则分桶跳过: bucket=general:烟草基因中心1例细菌样本二代+三代基因组分析技术服务（委托）合同|Z|DNA小片段文库|NA|NORMAL, count=4, reason=总量4.0G低于最小门槛2095.0G[0m
[32m2026-05-28 21:47:59[0m | [1mINFO    [0m | [1m主流程规则分桶跳过: bucket=general:山西医科大学50例细菌完成图测序分析分析技术服务（委托）合同|Z|DNA小片段文库|NA|NORMAL, count=3, reason=总量3.0G低于最小门槛2095.0G[0m
[32m2026-05-28 21:47:59[0m | [1mINFO    [0m | [1m主流程规则分桶跳过: bucket=general:2026年深圳惠通生物二代建库测序分析技术服务（委托）合同|Z|DNA小片段文库|NA|NORMAL, count=3, reason=总量2.4G低于最小门槛2095.0G[0m
[32m2026-05-28 21:47:59[0m | [1mINFO    [0m | [1m主流程规则分桶跳过: bucket=general:海南省人民医院宏基因组建库测序分析技术服务（委托）合同|Z|DNA小片段文库|NA|NORMAL, count=3, reason=总量2.4G低于最小门槛2095.0G[0m
[32m2026-05-28 21:47:59[0m | [1mINFO    [0m | [1m主流程规则分桶跳过: bucket=general:微生物所细菌建库测序1G（新框架）26年4-6月分析技术服务（委托）合同|Z|DNA小片段文库|NA|NORMAL, count=2, reason=总量2.0G低于最小门槛2095.0G[0m
[32m2026-05-28 21:47:59[0m | [1mINFO    [0m | [1m主流程规则分桶跳过: bucket=general:济南市疾控1700例细菌框架图（拼接）+300例微生物全基因组建库测序+270例宏基因组测序分析+80例宏基因组建库测序分析技术服务（委托）合同|Z|DNA小片段文库|NA|NORMAL, count=2, reason=总量2.0G低于最小门槛2095.0G[0m
[32m2026-05-28 21:47:59[0m | [1mINFO    [0m | [1m主流程规则分桶跳过: bucket=general:莆田疾控中心微生物全基因组，16S扩增子和宏基因组测序分析技术服务（委托）合同|Z|DNA小片段文库|NA|NORMAL, count=1, reason=总量2.0G低于最小门槛2095.0G[0m
[32m2026-05-28 21:47:59[0m | [1mINFO    [0m | [1m主流程规则分桶跳过: bucket=general:一批宏基因组、单菌基因组和16S扩增子建库测序分析技术服务（委托）合同|Z|DNA小片段文库|NA|NORMAL, count=2, reason=总量1.6G低于最小门槛2095.0G[0m
[32m2026-05-28 21:47:59[0m | [1mINFO    [0m | [1m主流程规则分桶跳过: bucket=general:2026- 北化DNA样本NOVASEQ™ X PLUS微生物全基因组建库测序技术服务（委托）合同-LMZ|Z|DNA小片段文库|NA|NORMAL, count=1, reason=总量1.0G低于最小门槛2095.0G[0m
[32m2026-05-28 21:47:59[0m | [1mINFO    [0m | [1m主流程规则分桶跳过: bucket=general:25年200个二代基因组测序分析技术服务（委托）合同|Z|DNA小片段文库|NA|NORMAL, count=1, reason=总量1.0G低于最小门槛2095.0G[0m
[32m2026-05-28 21:47:59[0m | [1mINFO    [0m | [1m主流程规则分桶跳过: bucket=general:400个样本细菌框架图提取建库测序组装技术服务（委托）合同|Z|DNA小片段文库|NA|NORMAL, count=1, reason=总量0.8G低于最小门槛2095.0G[0m
[32m2026-05-28 21:47:59[0m | [1mINFO    [0m | [1m主流程规则分桶跳过: bucket=general:【工业】海天集团-2025年李雪飞老师全基因组建库测序项目分析技术服务（委托）合同|Z|VIP-真核普通转录组文库|NA|NORMAL, count=1, reason=总量0.8G低于最小门槛2095.0G[0m
[32m2026-05-28 21:47:59[0m | [1mINFO    [0m | [1m主流程规则分桶跳过: bucket=general:内蒙古农业大学单菌建库测序质控分析技术服务（委托）合同|Z|DNA小片段文库|NA|NORMAL, count=1, reason=总量0.8G低于最小门槛2095.0G[0m
[32m2026-05-28 21:47:59[0m | [1mINFO    [0m | [1m主流程规则分桶跳过: bucket=general:微生物建库测序1G（框架）技术服务（委托）合同|Z|DNA小片段文库|NA|NORMAL, count=1, reason=总量0.8G低于最小门槛2095.0G[0m
[32m2026-05-28 21:47:59[0m | [1mINFO    [0m | [1m主流程规则分桶跳过: bucket=general:贵州108个土壤宏基因组测序分析赠高级分析分析技术服务（委托）合同|Z|DNA小片段文库|NA|NORMAL, count=1, reason=总量0.8G低于最小门槛2095.0G[0m
[32m2026-05-28 21:47:59[0m | [1mINFO    [0m | [1m主流程规则分桶跳过: bucket=general:项目1000个DNA建库测序技术服务（委托）合同|Z|DNA小片段文库|NA|NORMAL, count=1, reason=总量0.8G低于最小门槛2095.0G[0m
[32m2026-05-28 21:47:59[0m | [1mINFO    [0m | [1m主流程规则分桶预调度完成: 分桶=190，桶后尾货=902个/11411.3G[0m
[32m2026-05-28 21:47:59[0m | [1mINFO    [0m | [1m主流程尾货统一补排启动: count=902, data=11411.3G[0m
[32m2026-05-28 21:47:59[0m | [1mINFO    [0m | [1m开始逐Lane贪心排机 - 文库数: 902[0m
[32m2026-05-28 21:47:59[0m | [1mINFO    [0m | [1m预拆分完成: 使用外层已拆分文库[0m
[32m2026-05-28 21:47:59[0m | [1mINFO    [0m | [1m===== 批次全局分析报告 =====[0m
[32m2026-05-28 21:47:59[0m | [1mINFO    [0m | [1m机器类型: Nova X-25B[0m
[32m2026-05-28 21:47:59[0m | [1mINFO    [0m | [1m文库总数: 902[0m
[32m2026-05-28 21:47:59[0m | [1mINFO    [0m | [1m总数据量: 11411.3 GB[0m
[32m2026-05-28 21:47:59[0m | [1mINFO    [0m | [1m预估Lane数: 11~12[0m
[32m2026-05-28 21:47:59[0m | [1mINFO    [0m | [1m--- 特征标记 ---[0m
[32m2026-05-28 21:47:59[0m | [1mINFO    [0m | [1m  包Lane文库: 无[0m
[32m2026-05-28 21:47:59[0m | [1mINFO    [0m | [1m  碱基不均衡: 有[0m
[32m2026-05-28 21:47:59[0m | [1mINFO    [0m | [1m  客户文库:   无[0m
[32m2026-05-28 21:47:59[0m | [1mINFO    [0m | [1m  10bp文库:   有[0m
[32m2026-05-28 21:47:59[0m | [1mINFO    [0m | [1m  非10bp文库: 有[0m
[32m2026-05-28 21:47:59[0m | [1mINFO    [0m | [1m  特殊组合:   有[0m
[32m2026-05-28 21:47:59[0m | [1mINFO    [0m | [1m--- 分组画像 ---[0m
[32m2026-05-28 21:47:59[0m | [1mINFO    [0m | [1m  [non_10bp] 非10碱基文库: 271个文库, 4696.6GB, 预估5~5条Lane[0m
[32m2026-05-28 21:47:59[0m | [1mINFO    [0m | [1m  [all] 全部文库: 902个文库, 11411.3GB, 预估11~12条Lane[0m
[32m2026-05-28 21:47:59[0m | [1mINFO    [0m | [1m  [imbalance] 碱基不均衡文库: 314个文库, 6318.9GB, 预估6~7条Lane[0m
[32m2026-05-28 21:47:59[0m | [1mINFO    [0m | [1m  [10bp] 10碱基文库: 631个文库, 6714.7GB, 预估7~7条Lane[0m
[32m2026-05-28 21:47:59[0m | [1mINFO    [0m | [1m  [special_combo_b] 10X 3端/Visium组合: 24个文库, 1995.0GB, 预估2~3条Lane[0m
[32m2026-05-28 21:47:59[0m | [1mINFO    [0m | [1m  [special_combo_a] 10X 5端/VDJ组合: 30个文库, 540.7GB, 预估1~1条Lane[0m
[32m2026-05-28 21:47:59[0m | [1mINFO    [0m | [1m--- 专用Lane推荐 ---[0m
[32m2026-05-28 21:47:59[0m | [1mINFO    [0m | [1m  [imbalance] 碱基不均衡文库数据量充足，可包专用Lane避免混排占比限制 - 约6条Lane, 6318.9GB, 置信度: high[0m
[32m2026-05-28 21:47:59[0m | [1mINFO    [0m | [1m  [non_10bp] 非10bp文库集中排入专用Lane，避免触发10bp>=40%混排规则 - 约4条Lane, 4696.6GB, 置信度: high[0m
[32m2026-05-28 21:47:59[0m | [1mINFO    [0m | [1m  [special_combo_b] 10X 3端/Visium文库可独占Lane（与5端互斥） - 约2条Lane, 1995.0GB, 置信度: high[0m
[32m2026-05-28 21:47:59[0m | [1mINFO    [0m | [1m--- 混排约束 ---[0m
[32m2026-05-28 21:47:59[0m | [1mINFO    [0m | [1m  [tj_1595_special_combo_groups_not_mixed] special_combo_a vs special_combo_b: 10X 5端/VDJ 与 10X 3端/Visium 文库不可混排，必须分开[0m
[32m2026-05-28 21:47:59[0m | [1mINFO    [0m | [1m  [imbalance_max_30pct] imbalance vs all: 碱基不均衡文库全局占比55.4%，超过30%上限，必须拆分为专用Lane[0m
[32m2026-05-28 21:47:59[0m | [1mINFO    [0m | [1m--- 尾部风险 ---[0m
[32m2026-05-28 21:47:59[0m | [1mINFO    [0m | [1m  [imbalance] 碱基不均衡文库排完整Lane后剩余348.9GB，不足半Lane(498GB)，需要大文库骨架携带或混入散样Lane - 348.9GB, 314个, 严重程度: medium[0m
[32m2026-05-28 21:47:59[0m | [1mINFO    [0m | [1m  [special_combo_b] 10X 3端/Visium组合排完整Lane后剩余55.0GB，不足半Lane(485GB)，需要大文库骨架携带或混入散样Lane - 55.0GB, 24个, 严重程度: high[0m
[32m2026-05-28 21:47:59[0m | [1mINFO    [0m | [1m--- 策略建议 ---[0m
[32m2026-05-28 21:47:59[0m | [1mINFO    [0m | [1m  - 碱基不均衡文库数据量充足，优先形成专用Lane[0m
[32m2026-05-28 21:47:59[0m | [1mINFO    [0m | [1m  - 非10bp文库建议走专用Lane，避免10bp>=40%混排红线[0m
[32m2026-05-28 21:47:59[0m | [1mINFO    [0m | [1m  - 特殊10X组合文库应分别走专用Lane（互斥规则）[0m
[32m2026-05-28 21:47:59[0m | [1mINFO    [0m | [1m  - 存在1个高风险尾部分组，建议启用骨架预留(大带小)[0m
[32m2026-05-28 21:47:59[0m | [1mINFO    [0m | [1m===== 报告结束 =====[0m
[32m2026-05-28 21:47:59[0m | [1mINFO    [0m | [1m保留外部传入的策略执行计划，仅使用批次分析报告[0m
[32m2026-05-28 21:47:59[0m | [1mINFO    [0m | [1m处理机器类型 NovaSeq X Plus - 文库数: 30 - Lane容量: 1100GB, 利用率区间: [100%, 100%], 特殊文库上限: 350GB[0m
[32m2026-05-28 21:47:59[0m | [1mINFO    [0m | [1m碱基不均衡专用Lane策略: 26个碱基不均衡文库[0m
[32m2026-05-28 21:47:59[0m | [1mINFO    [0m | [1m专用Lane分组G26剩余合同量6.0G无法满足1.1或3.6T-NEW有效容量下限[0m
[32m2026-05-28 21:47:59[0m | [1mINFO    [0m | [1m专用Lane分组G36剩余合同量7.2G无法满足1.1或3.6T-NEW有效容量下限[0m
[32m2026-05-28 21:47:59[0m | [1mINFO    [0m | [1m专用Lane分组G22剩余合同量9.0G无法满足1.1或3.6T-NEW有效容量下限[0m
[32m2026-05-28 21:47:59[0m | [1mINFO    [0m | [1m形成0条专用Lane，剩余26个碱基不均衡文库[0m
[32m2026-05-28 21:47:59[0m | [1mINFO    [0m | [1m剩余池总量571.2GB不足最小成Lane门槛995.0GB，跳过后续随机重试[0m
[32m2026-05-28 21:47:59[0m | [1mINFO    [0m | [1m专用Lane分组G26剩余合同量6.0G无法满足1.1或3.6T-NEW有效容量下限[0m
[32m2026-05-28 21:47:59[0m | [1mINFO    [0m | [1m专用Lane分组G36剩余合同量7.2G无法满足1.1或3.6T-NEW有效容量下限[0m
[32m2026-05-28 21:47:59[0m | [1mINFO    [0m | [1m专用Lane分组G22剩余合同量9.0G无法满足1.1或3.6T-NEW有效容量下限[0m
[32m2026-05-28 21:47:59[0m | [1mINFO    [0m | [1m专用Lane创建完成: 0条Lane, 26个碱基不均衡文库待分配, 4个中性文库待分配[0m
[32m2026-05-28 21:47:59[0m | [1mINFO    [0m | [1m处理机器类型 Nova X-25B - 文库数: 872 - Lane容量: 1050.0GB, 利用率区间: [100%, 100%], 特殊文库上限: 350GB[0m
[32m2026-05-28 21:47:59[0m | [1mINFO    [0m | [1m碱基不均衡专用Lane策略: 288个碱基不均衡文库[0m
[32m2026-05-28 21:47:59[0m | [1mINFO    [0m | [1m专用Lane分组G29剩余合同量273.0G无法满足1.1或3.6T-NEW有效容量下限[0m
[32m2026-05-28 21:47:59[0m | [1mINFO    [0m | [1m专用Lane分组G50剩余合同量82.5G无法满足1.1或3.6T-NEW有效容量下限[0m
[32m2026-05-28 21:47:59[0m | [1mINFO    [0m | [1m专用Lane分组G33剩余合同量110.0G无法满足1.1或3.6T-NEW有效容量下限[0m
[32m2026-05-28 21:47:59[0m | [1mINFO    [0m | [1m专用Lane分组G26剩余合同量794.0G无法满足1.1或3.6T-NEW有效容量下限[0m
[32m2026-05-28 21:47:59[0m | [1mINFO    [0m | [1m专用Lane分组G25剩余合同量190.0G无法满足1.1或3.6T-NEW有效容量下限[0m
[32m2026-05-28 21:47:59[0m | [1mINFO    [0m | [1m专用Lane分组G31剩余合同量121.3G无法满足1.1或3.6T-NEW有效容量下限[0m
[32m2026-05-28 21:47:59[0m | [1mINFO    [0m | [1m专用Lane分组G36剩余合同量7.4G无法满足1.1或3.6T-NEW有效容量下限[0m
[32m2026-05-28 21:47:59[0m | [1mINFO    [0m | [1m专用Lane分组G4剩余合同量115.0G无法满足1.1或3.6T-NEW有效容量下限[0m
[32m2026-05-28 21:47:59[0m | [1mINFO    [0m | [1m专用Lane分组G6剩余合同量210.0G无法满足1.1或3.6T-NEW有效容量下限[0m
[32m2026-05-28 21:47:59[0m | [1mINFO    [0m | [1m专用Lane分组G52剩余合同量10.0G无法满足1.1或3.6T-NEW有效容量下限[0m
[32m2026-05-28 21:47:59[0m | [1mINFO    [0m | [1m专用Lane分组G24剩余合同量15.0G无法满足1.1或3.6T-NEW有效容量下限[0m
[32m2026-05-28 21:47:59[0m | [1mINFO    [0m | [1m专用Lane分组G5剩余合同量5.0G无法满足1.1或3.6T-NEW有效容量下限[0m
[32m2026-05-28 21:47:59[0m | [1mINFO    [0m | [1m专用Lane分组G35剩余合同量6.9G无法满足1.1或3.6T-NEW有效容量下限[0m
[32m2026-05-28 21:47:59[0m | [1mINFO    [0m | [1m形成0条专用Lane，剩余288个碱基不均衡文库[0m
[32m2026-05-28 21:47:59[0m | [1mINFO    [0m | [1m3.6T-NEW拆分家族分组批量未成Lane: split_count=2, sample_type=dna小片段文库, imbalance_group=, 选中家族=4, lane_totals=[300.0, 300.0][0m
[32m2026-05-28 21:47:59[0m | [1mINFO    [0m | [1m3.6T-NEW拆分家族分组批量未成Lane: split_count=2, sample_type=人重测序文库, imbalance_group=, 选中家族=1, lane_totals=[75.0, 75.0][0m
[32m2026-05-28 21:47:59[0m | [1mINFO    [0m | [1m3.6T-NEW拆分片段分散成功: 拆分家族0个，生成0条Lane，每个家族每Lane最多1片[0m
[32m2026-05-28 21:47:59[0m | [1mINFO    [0m | [1m3.6T-NEW拆分家族原子分散失败: 16个原始文库回滚为未分配并禁止继续成Lane[0m
[32m2026-05-28 21:48:00[0m | [1mINFO    [0m | [1m第二轮排机: 840 个未分配文库（随机顺序）[0m
[32m2026-05-28 21:48:01[0m | [1mINFO    [0m | [1m第三轮排机: 416 个未分配文库（小文库优先）[0m
[32m2026-05-28 21:48:02[0m | [1mINFO    [0m | [1m连续5轮无新Lane且未分配池不变，提前结束无效重试[0m
[32m2026-05-28 21:48:02[0m | [1mINFO    [0m | [1m专用Lane分组G50剩余合同量82.5G无法满足1.1或3.6T-NEW有效容量下限[0m
[32m2026-05-28 21:48:02[0m | [1mINFO    [0m | [1m专用Lane分组G33剩余合同量110.0G无法满足1.1或3.6T-NEW有效容量下限[0m
[32m2026-05-28 21:48:02[0m | [1mINFO    [0m | [1m专用Lane分组G29剩余合同量123.0G无法满足1.1或3.6T-NEW有效容量下限[0m
[32m2026-05-28 21:48:02[0m | [1mINFO    [0m | [1m专用Lane分组G26剩余合同量794.0G无法满足1.1或3.6T-NEW有效容量下限[0m
[32m2026-05-28 21:48:02[0m | [1mINFO    [0m | [1m专用Lane分组G25剩余合同量190.0G无法满足1.1或3.6T-NEW有效容量下限[0m
[32m2026-05-28 21:48:02[0m | [1mINFO    [0m | [1m专用Lane分组G31剩余合同量121.3G无法满足1.1或3.6T-NEW有效容量下限[0m
[32m2026-05-28 21:48:02[0m | [1mINFO    [0m | [1m专用Lane分组G36剩余合同量7.4G无法满足1.1或3.6T-NEW有效容量下限[0m
[32m2026-05-28 21:48:02[0m | [1mINFO    [0m | [1m专用Lane分组G4剩余合同量115.0G无法满足1.1或3.6T-NEW有效容量下限[0m
[32m2026-05-28 21:48:02[0m | [1mINFO    [0m | [1m专用Lane分组G6剩余合同量210.0G无法满足1.1或3.6T-NEW有效容量下限[0m
[32m2026-05-28 21:48:02[0m | [1mINFO    [0m | [1m专用Lane分组G52剩余合同量10.0G无法满足1.1或3.6T-NEW有效容量下限[0m
[32m2026-05-28 21:48:02[0m | [1mINFO    [0m | [1m专用Lane分组G24剩余合同量15.0G无法满足1.1或3.6T-NEW有效容量下限[0m
[32m2026-05-28 21:48:02[0m | [1mINFO    [0m | [1m专用Lane分组G5剩余合同量5.0G无法满足1.1或3.6T-NEW有效容量下限[0m
[32m2026-05-28 21:48:02[0m | [1mINFO    [0m | [1m专用Lane分组G35剩余合同量6.9G无法满足1.1或3.6T-NEW有效容量下限[0m
[32m2026-05-28 21:48:02[0m | [1mINFO    [0m | [1m专用Lane创建完成: 0条Lane, 266个碱基不均衡文库待分配, 150个中性文库待分配[0m
[32m2026-05-28 21:48:02[0m | [1mINFO    [0m | [1m最后填充策略: 尝试将462个未分配文库塞入已有Lane[0m
[32m2026-05-28 21:48:03[0m | [1mINFO    [0m | [1m最后填充策略: 成功塞入5个文库，踢出0个违反规则的文库，剩余456个无法分配[0m
[32m2026-05-28 21:48:03[0m | [1mINFO    [0m | [1m挪移优化: 未分配数据量9025GB已足够，尝试精选组建新Lane[0m
[32m2026-05-28 21:48:03[0m | [1mINFO    [0m | [1m残余精选: 内部232个, 客户224个[0m
[32m2026-05-28 21:48:03[0m | [1mINFO    [0m | [1m成Lane校验程序初始化完成 (严格模式: True, 碱基不均衡上限: 35%, 特殊文库关键词: 9个)[0m
[32m2026-05-28 21:48:03[0m | [1mINFO    [0m | [1m残余精选: 验证失败 - ValidationError(rule_type=<ValidationRuleType.BASE_IMBALANCE_RATIO: 'base_imbalance_ratio'>, severity=<ValidationSeverity.ERROR: 'error'>, message='碱基不均衡占比81.0%超过35%限制', current_value=0.8099547511312217, threshold_value=0.35, affected_libraries=[14300579, 14299911, 14299912, 14299913, 14304324, 14304594]), ValidationError(rule_type=<ValidationRuleType.PEAK_SIZE: 'peak_size'>, severity=<ValidationSeverity.ERROR: 'error'>, message='Peak Size范围208bp超过150bp，最佳窗口覆盖54.3%<75%', current_value=208.0, threshold_value=150, affected_libraries=[])[0m
[32m2026-05-28 21:48:03[0m | [1mINFO    [0m | [1m挪移优化: 精选组建失败，继续尝试挪移策略[0m
[32m2026-05-28 21:48:03[0m | [1mINFO    [0m | [1m挪移优化: 未分配456个文库(9025GB)，需要从现有Lane挪出-8030GB[0m
[32m2026-05-28 21:48:03[0m | [33m[1mWARNING [0m | [33m[1m挪移优化: 新Lane GL_Nova X-25B_025 验证失败: 容量超限: 9025.0GB > 1105.0GB，放弃创建[0m
[32m2026-05-28 21:48:03[0m | [1mINFO    [0m | [1m逐Lane贪心排机完成 - Lane数: 2, 已分配: 430/902, 未分配: 456, 平均利用率: 115.0%, 耗时: 3.97秒[0m
[32m2026-05-28 21:48:03[0m | [1mINFO    [0m | [1m成Lane校验程序初始化完成 (严格模式: False, 碱基不均衡上限: 35%, 特殊文库关键词: 9个)[0m
[32m2026-05-28 21:48:03[0m | [33m[1mWARNING [0m | [33m[1mLane GL_Nova X-25B_016 验证失败: ['Lane有效数据量1281.5G(原始1281.5G+平衡0.0G)超过上限1105G，规则=tj_1595_standard_pe150_25b，需剔除约176.5G的文库', '组合1与组合2文库类型不可混排'][0m
[32m2026-05-28 21:48:03[0m | [1mINFO    [0m | [1m有1条Lane验证失败，尝试挪移优化...[0m
[32m2026-05-28 21:48:03[0m | [1mINFO    [0m | [1mkeep_failed_lanes=True，保留1条验证失败的Lane供外层矫正（未分配池不变）[0m
[32m2026-05-28 21:48:03[0m | [1mINFO    [0m | [1m最终验证结果（含待矫正Lane）: 2条Lane，456个文库未分配[0m
[32m2026-05-28 21:48:03[0m | [1mINFO    [0m | [1mwkspecialsplits边排边检查完成: 无需调整[0m
[32m2026-05-28 21:48:04[0m | [33m[1mWARNING [0m | [33m[1mLane GL_Nova X-25B_016 验证失败 - 错误: ['capacity_exceeded', 'rule_matrix_constraint'], 警告: [][0m
[32m2026-05-28 21:48:04[0m | [1mINFO    [0m | [1m验证完成：1条Lane通过验证[0m
[32m2026-05-28 21:48:04[0m | [1mINFO    [0m | [1m57规则二次改排救援已关闭，失败Lane文库回收到未分配池[0m
[32m2026-05-28 21:48:04[0m | [1mINFO    [0m | [1m补Lane尝试: variant=full_priority, lane_prefix=EX, pool_size=727, pool_data=10306.452G, prioritize_scattered_mix=True[0m
[32m2026-05-28 21:48:04[0m | [1mINFO    [0m | [1m补Lane尝试: variant=non_clinical_relaxed, lane_prefix=EX, pool_size=727, pool_data=10306.452G, prioritize_scattered_mix=False[0m
[32m2026-05-28 21:48:15[0m | [1mINFO    [0m | [1m补Lane跳过汇总: lane_prefix=EX, machine=Nova X-25B, reason_top=[总量6.0G低于最小门槛2095.0Gx20, 总量12.0G低于最小门槛2095.0Gx11, 总量1.0G低于最小门槛2095.0Gx6, 总量0.8G低于最小门槛2095.0Gx6][0m
[32m2026-05-28 21:48:15[0m | [1mINFO    [0m | [1mLane数量提升停止: machine_type=Nova X-25B, 当前池首次构Lane失败，跳过同池重复尝试[0m
[32m2026-05-28 21:48:15[0m | [1mINFO    [0m | [1mLane数量提升未新增Lane[0m
[32m2026-05-28 21:48:15[0m | [1mINFO    [0m | [1m补Lane尝试: variant=full_priority, lane_prefix=RB, pool_size=727, pool_data=10306.452G, prioritize_scattered_mix=True[0m
[32m2026-05-28 21:48:15[0m | [1mINFO    [0m | [1m补Lane尝试: variant=non_clinical_relaxed, lane_prefix=RB, pool_size=727, pool_data=10306.452G, prioritize_scattered_mix=False[0m
[32m2026-05-28 21:48:27[0m | [1mINFO    [0m | [1m补Lane跳过汇总: lane_prefix=RB, machine=Nova X-25B, reason_top=[总量6.0G低于最小门槛2095.0Gx20, 总量12.0G低于最小门槛2095.0Gx11, 总量1.0G低于最小门槛2095.0Gx6, 总量0.8G低于最小门槛2095.0Gx6][0m
[32m2026-05-28 21:48:27[0m | [1mINFO    [0m | [1m跨Lane多文库交换停止: machine_type=Nova X-25B, 当前池首次构Lane失败，跳过同池重复尝试[0m
[32m2026-05-28 21:48:27[0m | [1mINFO    [0m | [1m跨Lane多文库交换未新增Lane，剩余未分配727个[0m
[32m2026-05-28 21:48:27[0m | [1mINFO    [0m | [1m成Lane校验程序初始化完成 (严格模式: True, 碱基不均衡上限: 35%, 特殊文库关键词: 9个)[0m
[32m2026-05-28 21:48:28[0m | [1mINFO    [0m | [1m
合并9条预构建Lane到最终结果（过滤掉0条未通过严格校验的预构建Lane）[0m
[32m2026-05-28 21:48:28[0m | [1mINFO    [0m | [1m最终Lane总数: 10 (预构建Lane: 9, 普通Lane: 1)[0m
[32m2026-05-28 21:48:28[0m | [1mINFO    [0m | [1m全局预拆分回滚完成: 18个原始文库因拆分子文库未全部成Lane而回滚[0m
[32m2026-05-28 21:48:28[0m | [1mINFO    [0m | [1m拆分失败回滚原始文库处理完成: 可回1.1候选=16个(合同量<=500.0G)，继续隔离=0个[0m
[32m2026-05-28 21:48:28[0m | [1mINFO    [0m | [1m未分配大簇专项regroup跳过: machine=Nova X-25B, count=27, data=1620.0G, reason=总量1620.0G低于最小门槛2095.0G[0m
[32m2026-05-28 21:48:28[0m | [1mINFO    [0m | [1m未分配大簇专项regroup跳过: machine=Nova X-25B, count=28, data=840.0G, reason=总量840.0G低于最小门槛2095.0G[0m
[32m2026-05-28 21:48:28[0m | [1mINFO    [0m | [1m补Lane尝试: variant=full_priority, lane_prefix=RM, pool_size=713, pool_data=7806.452G, prioritize_scattered_mix=True[0m
[32m2026-05-28 21:48:28[0m | [1mINFO    [0m | [1m补Lane尝试: variant=non_clinical_relaxed, lane_prefix=RM, pool_size=713, pool_data=7806.452G, prioritize_scattered_mix=False[0m
