{
  "global": 1.1275964391691395,
  "by_sampletype": {
    "10X Visium FFPEV2空间转录组文库(V2)": 1.4397584594425423,
    "10X Visium空间转录组文库": 1.383059871753413,
    "10XFixed RNA文库": 1.1275964391691395,
    "10X转录组-3'文库": 1.2845094601642926,
    "10X转录组-3‘膜蛋白文库": 1.1275964391691395,
    "10X转录组-5'文库": 1.1090506593112497,
    "10X转录组-5‘膜蛋白文库": 0.8996253588283949,
    "10X转录组V(D)J-BCR文库": 0.9629127000596537,
    "10X转录组V(D)J-TCR文库": 0.9676797219793246,
    "10X转录组文库-3V4文库": 1.5179113539769278,
    "10X转录组文库-5V3文库": 1.2267508486811494,
    "10x HD Visium空间转录组文库(新)": 1.8289082367013139,
    "350bp微量(动植物全基因组重测序文库)": 1.1275964391691395,
    "ATAC-seq文库": 0.6733425414364641,
    "Agilent全外文库": 0.8698224852071006,
    "BD单细胞WTA文库": 1.377538374900522,
    "CUT Tag文库（动物组织）": 0.9111617312072893,
    "CUT Tag文库（细胞）": 1.1275964391691395,
    "Chip-seq文库": 1.7074826279701185,
    "DNA小片段文库": 0.9703779366700717,
    "EM-Seq文库": 1.279417435918007,
    "Hi-C文库(植物组织4碱基)": 1.1886976317203304,
    "Hi-C文库(细胞和动物组织4碱基)": 1.2305822765120769,
    "IDT全外文库": 0.8787435200789525,
    "LncRNA文库": 1.1275964391691395,
    "Lnc互作文库": 1.111700559976422,
    "Lnc非互作文库": 1.015228426395939,
    "Meta文库": 0.9400950544828467,
    "Meta文库-非常规": 0.9372071227741331,
    "PCR-free (PCR产物单建)": 1.2816607708061816,
    "PCR-free (人重测序文库)": 1.1288887097174332,
    "PCR-free (动植物小片段)": 1.1468407010319992,
    "PCR-free (微生物小片段)": 1.1275964391691395,
    "PCR-free (微量人重测序文库)": 1.1275964391691395,
    "PCR-free (微量动植物小片段)": 1.0519906127209528,
    "PCR-free(老师引物)": 1.1275964391691395,
    "RIP-seq文库": 0.8713343178202699,
    "RNA甲基化文库-IP": 1.1275964391691395,
    "RNA甲基化文库-Input": 1.1275964391691395,
    "RNA真普文库": 1.1497432111714414,
    "RRBS文库": 1.4728130360205836,
    "Ribo-seq文库": 0.9446598694235558,
    "VIP-Meta文库": 0.9646857875830351,
    "VIP-动植物全基因组重测序文库": 1.1275964391691395,
    "VIP-真核普通转录组文库": 1.0273972602739727,
    "circRNA": 1.1174849511693545,
    "denovo小片段文库": 1.1275964391691395,
    "mNGS文库": 1.219810000297805,
    "miniATAC-seq文库": 0.6335797254487856,
    "small RNA文库": 1.0869565217391304,
    "人SureSelect目标区域文库": 1.0554089709762533,
    "人外显子文库": 1.0845398967088058,
    "人重测序文库": 1.0397412199630314,
    "人重测序文库-非常规": 1.1609479799444318,
    "低起始量RNA甲基化文库-IP(人)": 1.1275964391691395,
    "低起始量RNA甲基化文库-Input(人)": 1.1275964391691395,
    "全基因组文库": 1.3715165547367303,
    "动植物全基因组重测序文库": 1.0229936059344211,
    "动植物全基因组重测序文库-非常规": 1.1275964391691395,
    "动植物简化基因组文库(GBS子代)": 1.308216231444855,
    "单细胞文库": 0.8268113594151444,
    "原核链特异性转录组文库": 1.2517044731435636,
    "墨卓转录组-3端文库": 1.2876989844148885,
    "墨卓转录组-5端文库": 1.1275964391691395,
    "外显子文库": 1.1117630751774965,
    "外泌体LncRNA文库(S)": 1.1275964391691395,
    "外泌体lncRNA文库": 1.097093584328667,
    "宏转录组": 1.0731707317073171,
    "客户-10X 3 单细胞转录组文库": 1.4787430683918668,
    "客户-10X 5 单细胞转录组文库": 1.1226305548334239,
    "客户-10X ATAC文库": 1.1275964391691395,
    "客户-10X Flex文库": 1.1275964391691395,
    "客户-10X VDJ文库": 0.9127552136140434,
    "客户-10X全基因组文库": 1.1275964391691395,
    "客户-10X转录组文库": 1.173672381163398,
    "客户-ATAC-seq文库": 0.7700581822888172,
    "客户-BD单细胞WTA文库": 1.1275964391691395,
    "客户-CUT-RUN文库": 1.1275964391691395,
    "客户-CUT-Tag文库": 0.8213294078222989,
    "客户-Chip-seq文库": 1.2802275960170697,
    "客户-DNA PCR free（人）": 1.1275964391691395,
    "客户-DNA PCR free（微生物）": 1.1275964391691395,
    "客户-Hi-C文库": 1.1435683870665856,
    "客户-Meta文库": 1.3402061855670104,
    "客户-Methylation文库": 1.4496757146288735,
    "客户-PCR产物": 1.2149246667390614,
    "客户-PCR产物/CRISPR": 1.1275964391691395,
    "客户-Ribo-seq 文库": 1.1275964391691395,
    "客户-Truseq mRNA 文库": 1.1275964391691395,
    "客户-small RNA文库": 1.0129547697106662,
    "客户-人外显子文库": 1.1379269053721395,
    "客户-人目标区域文库": 1.1339161974706826,
    "客户-人重测序文库": 1.1350821430699858,
    "客户-全基因组文库": 1.1275964391691395,
    "客户-其他碱基不均衡文库": 1.3168914633334394,
    "客户-其他碱基均衡文库": 1.0799136593821326,
    "客户-动植物全基因组重测序文库": 1.2548884178316633,
    "客户-单细胞文库": 1.2994059867026297,
    "客户-墨卓单细胞文库": 1.1275964391691395,
    "客户-寻因单细胞文库": 1.2935466226423498,
    "客户-微生物常规小片段文库": 0.9913258983890954,
    "客户-扩增子文库": 1.107011070110701,
    "客户-真核普通转录组文库": 1.1653503697369085,
    "客户-简化基因组": 1.0268258246694906,
    "客户DNA文库": 1.341948310139165,
    "客户文库-10X Visium 文库": 1.8047319016395003,
    "微生物小片段文库-非常规": 1.1275964391691395,
    "微生物常规小片段文库": 1.081954141343111,
    "微量 (Methylation文库)": 1.0482180293501047,
    "新筛Panel文库": 1.1275964391691395,
    "真核普通转录组文库": 0.9822547095908584,
    "真核链特异性转录组文库": 0.954653937947494,
    "肿瘤靶向基因检测文库": 1.1516651162790696,
    "遗传全外文库": 1.1275964391691395,
    "金诺全外文库": 0.885650251334445,
    "非常规微量(Chip-seq文库)": 1.2617765903537421,
    "非常规微量(人重测序文库)": 1.1275964391691395,
    "非常规微量(动植物全基因组重测序文库)": 1.1275964391691395
  }
}