{
  "small": {
    "train": {
      "MAE": 2.208296025158312,
      "RMSE": 3.231341316486116,
      "R2": -0.745471828287626,
      "MAPE": 47.80733463163069,
      "需求满足率": 98.27632500965964,
      "欠单率": 1.7236749903403472,
      "平均下单_合同": 1.6181802715810951,
      "平均过量比例": 0.679629049433552,
      "平均风控上调": 1.4101651020876695,
      "shortage_ACC": 0.5498929252048174,
      "shortage_Precision": 0.2534536626786706,
      "shortage_Recall": 0.9934713036057179,
      "shortage_F1": 0.4038718406855517,
      "shortage_AUC": 0.9437122369398967
    },
    "val": {
      "MAE": 2.4266099420108445,
      "RMSE": 3.424556932629509,
      "R2": -0.9349106665602107,
      "MAPE": 52.56008809568604,
      "需求满足率": 97.94465725230118,
      "欠单率": 2.0553427476988166,
      "平均下单_合同": 1.684057991072975,
      "平均过量比例": 0.7588904123928041,
      "平均风控上调": 1.4533901572172243,
      "shortage_ACC": 0.4436567377508433,
      "shortage_Precision": 0.2015244157802161,
      "shortage_Recall": 0.923963133640553,
      "shortage_F1": 0.3308808361410988,
      "shortage_AUC": 0.7595202406516186
    },
    "test": {
      "MAE": 2.3186010894937605,
      "RMSE": 3.4255803852299116,
      "R2": -0.7660312258203485,
      "MAPE": 49.6779053389151,
      "需求满足率": 95.86755935636323,
      "欠单率": 4.132440643636773,
      "平均下单_合同": 1.6586813418774538,
      "平均过量比例": 0.7011933669175658,
      "平均风控上调": 1.43482387968726,
      "shortage_ACC": 0.48413412850230675,
      "shortage_Precision": 0.2372408987981188,
      "shortage_Recall": 0.8688995215311005,
      "shortage_F1": 0.3727166997331874,
      "shortage_AUC": 0.773615834480288
    }
  },
  "large": {
    "train": {
      "MAE": 20.278659406976367,
      "RMSE": 31.644317680199162,
      "R2": -0.5094949412316392,
      "MAPE": 64.84099174372341,
      "需求满足率": 99.06652001339008,
      "欠单率": 0.9334799866099182,
      "平均下单_合同": 1.7046598342364612,
      "平均过量比例": 0.7474795688431842,
      "平均风控上调": 1.4854154725188353,
      "shortage_ACC": 0.5746449237243556,
      "shortage_Precision": 0.3793860262252915,
      "shortage_Recall": 0.9971341441011132,
      "shortage_F1": 0.5496450668853986,
      "shortage_AUC": 0.9426865151970849
    },
    "val": {
      "MAE": 21.538343116007578,
      "RMSE": 32.809493061833514,
      "R2": -0.5882991317013149,
      "MAPE": 68.84665740958245,
      "需求满足率": 98.32986331130623,
      "欠单率": 1.670136688693763,
      "平均下单_合同": 1.7542529213118774,
      "平均过量比例": 0.7952770752801385,
      "平均风控上调": 1.5134855207197169,
      "shortage_ACC": 0.4742916628949036,
      "shortage_Precision": 0.32170542635658916,
      "shortage_Recall": 0.9574090505767524,
      "shortage_F1": 0.4815889310421781,
      "shortage_AUC": 0.8136675128264996
    },
    "test": {
      "MAE": 21.461706940857336,
      "RMSE": 32.897776224932166,
      "R2": -0.5969078222411213,
      "MAPE": 69.22397363455197,
      "需求满足率": 98.38413678886353,
      "欠单率": 1.6158632111364757,
      "平均下单_合同": 1.7570559809032578,
      "平均过量比例": 0.7842985578607564,
      "平均风控上调": 1.5159881378621156,
      "shortage_ACC": 0.47647822389329036,
      "shortage_Precision": 0.3284354061361232,
      "shortage_Recall": 0.9539091840218504,
      "shortage_F1": 0.4886323889471843,
      "shortage_AUC": 0.8218508886329536
    }
  },
  "threshold": 7.0,
  "strategy": "contract_guarded_order_with_shortage_risk"
}