{
  "global": 1.1009174311926606,
  "by_sampletype": {
    "(微量)真核普通转录组文库": 1.1006626195294211,
    "10X Visium FFPEV2空间转录组文库(V2)": 1.1009174311926606,
    "10X Visium空间转录组文库": 1.1009174311926606,
    "10X转录组-3'文库": 1.5744420443209814,
    "10X转录组-3‘膜蛋白文库": 1.1009174311926606,
    "10X转录组-5'文库": 1.1370376477595192,
    "10X转录组-5‘膜蛋白文库": 1.1009174311926606,
    "10X转录组V(D)J-BCR文库": 0.8756567425569177,
    "10X转录组V(D)J-TCR文库": 0.8918639159295207,
    "10X转录组文库-3V4文库": 1.3943216423593137,
    "10X转录组文库-5V3文库": 1.1009174311926606,
    "10x HD Visium空间转录组文库(新)": 1.1009174311926606,
    "350bp微量(动植物全基因组重测序文库)": 1.1009174311926606,
    "ATAC-seq文库": 0.790513833992095,
    "Agilent全外文库": 1.1009174311926606,
    "BD单细胞WTA文库": 1.1009174311926606,
    "CUT Tag文库（动物组织）": 0.8379888268156425,
    "CUT Tag文库（细胞）": 0.75,
    "Chip-seq文库": 1.3175245806824756,
    "DNA小片段文库": 1.0373443983402488,
    "EM-Seq文库": 1.3124278104366718,
    "Hi-C文库(植物组织4碱基)": 1.156076817445682,
    "Hi-C文库(细胞和动物组织4碱基)": 1.2249443207126949,
    "IDT全外文库": 1.1009174311926606,
    "Lnc互作文库": 1.2503821348357773,
    "Lnc非互作文库": 1.3325611325611328,
    "Meta-Prep文库": 1.1009174311926606,
    "Meta文库": 1.0408697562462599,
    "Meta文库-非常规": 1.1009174311926606,
    "PCR-free (PCR产物单建)": 1.333447890712261,
    "PCR-free (人重测序文库)": 1.1009174311926606,
    "PCR-free (动植物小片段)": 1.0804274465691788,
    "PCR-free (微生物小片段)": 1.1450381679389312,
    "PCR-free (微量人重测序文库)": 1.1009174311926606,
    "PCR-free (微量动植物小片段)": 1.1009174311926606,
    "PCR-free (微量微生物小片段)": 1.1009174311926606,
    "PCR-free(老师引物)": 1.1009174311926606,
    "R LOOP CUT&Tag文库": 1.1009174311926606,
    "RIP-seq文库": 1.0351644606033064,
    "RNA甲基化文库-IP": 1.133393380350385,
    "RNA甲基化文库-Input": 1.094583152572292,
    "RNA真普文库": 1.9119081928505701,
    "RRBS文库": 1.6340782122905027,
    "Ribo-seq文库": 1.3485675506466746,
    "UMI mRNA-seq 文库": 1.1009174311926606,
    "VIP-Meta文库": 1.5353710170905832,
    "VIP-人重测序文库": 1.1009174311926606,
    "VIP-动植物全基因组重测序文库": 1.1496350364963501,
    "VIP-微生物常规小片段文库": 0.9865646758850645,
    "VIP-真核普通转录组文库": 1.0778443113772456,
    "circRNA": 1.5213991116751269,
    "denovo小片段文库": 1.1009174311926606,
    "mNGS文库": 1.3803157894736842,
    "small RNA文库": 1.0554160805770612,
    "人SureSelect目标区域文库": 1.0526315789473684,
    "人外显子文库": 1.25,
    "人重测序文库": 1.1913928012519563,
    "人重测序文库-非常规": 1.1009174311926606,
    "低起始量RNA甲基化文库-IP(人)": 1.1009174311926606,
    "低起始量RNA甲基化文库-IP(鼠)": 1.1009174311926606,
    "低起始量RNA甲基化文库-Input(人)": 1.1009174311926606,
    "低起始量RNA甲基化文库-Input(鼠)": 1.1009174311926606,
    "全基因组文库": 1.3262599469496021,
    "动植物全基因组重测序文库": 1.0135135135135136,
    "动植物全基因组重测序文库-非常规": 0.9009009009009009,
    "动植物简化基因组文库(GBS亲代)": 1.1009174311926606,
    "动植物简化基因组文库(GBS子代)": 1.1009174311926606,
    "单细胞文库": 0.8645533141210374,
    "原核链特异性转录组文库": 1.3372093023255813,
    "墨卓转录组-3端文库": 1.5480089423817547,
    "外显子文库": 1.2073921971252566,
    "外泌体lncRNA文库": 1.1283402680699102,
    "外泌体small RNA": 1.393355481727575,
    "宏转录组": 1.1783232978230664,
    "客户-10X 3 单细胞转录组文库": 1.1009174311926606,
    "客户-10X 5 单细胞转录组文库": 1.1009174311926606,
    "客户-10X ATAC文库": 1.1009174311926606,
    "客户-10X VDJ文库": 1.1009174311926606,
    "客户-10X转录组文库": 1.2123860603322323,
    "客户-ATAC-seq文库": 0.8447310368233498,
    "客户-BD单细胞WTA文库": 1.1009174311926606,
    "客户-CUT-RUN文库": 1.1009174311926606,
    "客户-CUT-Tag文库": 0.8088652906518868,
    "客户-Chip-seq文库": 1.125044355333098,
    "客户-DNA PCR free（人）": 0.8660336079690917,
    "客户-DNA PCR free（动植物）": 1.1009174311926606,
    "客户-DNA PCR free（微生物）": 1.1009174311926606,
    "客户-Hi-C文库": 1.1666666666666665,
    "客户-LncRNA文库": 1.1009174311926606,
    "客户-Meta文库": 1.153027436140019,
    "客户-Methylation文库": 1.4511051896967397,
    "客户-PCR产物": 1.2702445220704983,
    "客户-PCR产物/CRISPR": 1.1459155918224093,
    "客户-Truseq mRNA 文库": 1.2024218622156768,
    "客户-small RNA文库": 0.9926470588235294,
    "客户-人外显子文库": 1.2105263157894737,
    "客户-人目标区域文库": 1.2446811065280827,
    "客户-人重测序文库": 1.1071584364756888,
    "客户-全基因组文库": 1.1009174311926606,
    "客户-其他碱基不均衡文库": 1.3287354498613393,
    "客户-其他碱基均衡文库": 1.2115781075049605,
    "客户-动植物全基因组重测序文库": 1.2637362637362637,
    "客户-单细胞文库": 1.1271131718730758,
    "客户-寻因单细胞文库": 1.1009174311926606,
    "客户-微生物常规小片段文库": 0.9773814946228743,
    "客户-扩增子文库": 1.1494252873563218,
    "客户-真核普通转录组文库": 1.283606258222168,
    "客户DNA文库": 1.1811023622047243,
    "微生物小片段文库-非常规": 1.1009174311926606,
    "微生物常规小片段文库": 1.0204081632653061,
    "微量 (Methylation文库)": 1.308411214953271,
    "真核普通转录组文库": 1.081471363059811,
    "真核链特异性转录组文库": 1.0642501016808172,
    "肿瘤遗传易感基因筛查文库": 1.1009174311926606,
    "肿瘤靶向基因检测文库": 1.1009174311926606,
    "非常规微量(Chip-seq文库)": 1.1903667767368884,
    "非常规微量(动植物全基因组重测序文库)": 1.1009174311926606
  }
}