2026-07-07 11:46:35.997 | INFO     | arrange_library.core.constraints.index_validator_verified:__init__:80 - Index校验器初始化完成（真实数据验证版本）
2026-07-07 11:46:36.022 | INFO     | arrange_library.core.config.scheduling_config:_load_rule_matrix_config:789 - 统一排机规则配置已加载: profiles=52, constraints=3, loading_rules=4, lab_mappings=9
2026-07-07 11:46:36.023 | INFO     | arrange_library.core.config.scheduling_config:_load_mode_1_1_rules:1787 - 1.1模式规则配置加载完成: /data/work/yuyongpeng/liblane_v2_deepseek/paiji_complete2/paiji_complete/arrange_library/config/mode_1_1_rules.json
2026-07-07 11:46:36.107 | INFO     | arrange_library.core.config.scheduling_config:__init__:417 - 排机配置管理器初始化完成
2026-07-07 11:46:36.622 | INFO     | arrange_library.core.constraints.index_validator_verified:__init__:80 - Index校验器初始化完成（真实数据验证版本）
2026-07-07 11:46:36.629 | INFO     | __main__:arrange_library:20588 - ================================================================================
2026-07-07 11:46:36.629 | INFO     | __main__:arrange_library:20589 - arrange_library: 端到端排机流程 - 排机与 Pooling 预测
2026-07-07 11:46:36.629 | INFO     | __main__:arrange_library:20590 - ================================================================================
2026-07-07 11:46:36.629 | INFO     | __main__:arrange_library:20591 - 调用时间: 2026-07-07 11:46:36
2026-07-07 11:46:36.629 | INFO     | __main__:arrange_library:20592 - 随机种子: 42 (固定，确保可复现)
2026-07-07 11:46:36.629 | INFO     | __main__:arrange_library:20593 - 运行模式: arrange
2026-07-07 11:46:36.629 | INFO     | __main__:arrange_library:20599 - 
使用数据文件: arrange_library/473_sta.csv
2026-07-07 11:46:36.806 | INFO     | __main__:load_standardized_csv:19795 - 从标准化CSV文件加载数据: arrange_library/473_sta.csv
2026-07-07 11:46:36.834 | INFO     | __main__:load_standardized_csv:19797 - 读取 2600 行数据
2026-07-07 11:46:37.206 | INFO     | __main__:load_standardized_csv:19894 - 成功创建 2600 个文库对象
2026-07-07 11:46:37.208 | INFO     | __main__:arrange_library:20632 - 成功转换 2600 个测试文库
2026-07-07 11:46:37.212 | INFO     | __main__:arrange_library:20661 - AI可排文库筛选完成: 可排=2600，不可排=0，机型排除=0
2026-07-07 11:46:37.212 | INFO     | __main__:arrange_library:20684 - 
================================================================================
2026-07-07 11:46:37.212 | INFO     | __main__:arrange_library:20685 - 步骤0.9: 提前处理1.1第二轮历史固定组合文库
2026-07-07 11:46:37.212 | INFO     | __main__:arrange_library:20686 - ================================================================================
2026-07-07 11:46:37.216 | INFO     | arrange_library.core.scheduling.mode_1_1_round2:identify_round2_candidates:116 - 1.1第二轮候选识别: 候选文库=10, 分组数=3, 非候选文库=2590
2026-07-07 11:46:37.216 | INFO     | arrange_library.core.scheduling.mode_1_1_round2:schedule_round2:149 - 1.1第二轮直出Lane: 候选分组=3
2026-07-07 11:46:37.216 | INFO     | arrange_library.core.scheduling.mode_1_1_round2:schedule_round2:168 - 1.1第二轮直出完成: 生成Lane=3, 调度分组=3, 回流3.6T文库=0
2026-07-07 11:46:37.216 | INFO     | __main__:arrange_library:20696 - 1.1第二轮历史Lane前置直出完成: 候选文库=10, 生成Lane=3, 剩余进入后续排机文库=2590, 回流未成Lane池=0
2026-07-07 11:46:37.216 | INFO     | __main__:arrange_library:20709 - 
================================================================================
2026-07-07 11:46:37.216 | INFO     | __main__:arrange_library:20710 - 步骤1: 处理包Lane文库（wkbaleno字段有值的文库）
2026-07-07 11:46:37.216 | INFO     | __main__:arrange_library:20711 - ================================================================================
2026-07-07 11:46:37.218 | INFO     | __main__:arrange_library:20729 - 包Lane文库数: 0
2026-07-07 11:46:37.218 | INFO     | __main__:arrange_library:20730 - 普通文库数: 2590
2026-07-07 11:46:37.254 | INFO     | __main__:arrange_library:20791 - 
================================================================================
2026-07-07 11:46:37.254 | INFO     | __main__:arrange_library:20792 - 步骤1.2: 处理10+24 Lane seq文库
2026-07-07 11:46:37.254 | INFO     | __main__:arrange_library:20793 - ================================================================================
2026-07-07 11:46:37.256 | WARNING  | __main__:_build_10_plus_24_lane_seq_lanes:7906 - 10+24 Lane seq剩余10个文库未成Lane
2026-07-07 11:46:37.256 | INFO     | __main__:arrange_library:20803 - 10+24 Lane seq处理完成: 输入文库=10, 生成Lane=0, 未分配=10
2026-07-07 11:46:37.256 | INFO     | arrange_library.core.constraints.index_validator_verified:__init__:80 - Index校验器初始化完成（真实数据验证版本）
2026-07-07 11:46:37.256 | INFO     | arrange_library.core.constraints.lane_validator:__init__:163 - 成Lane校验程序初始化完成 (严格模式: True, 碱基不均衡上限: 35%, 特殊文库关键词: 9个)
2026-07-07 11:46:37.256 | INFO     | __main__:arrange_library:20817 - 
================================================================================
2026-07-07 11:46:37.256 | INFO     | __main__:arrange_library:20818 - 步骤1.3: 1.1前碱基不均衡专Lane预抽取
2026-07-07 11:46:37.256 | INFO     | __main__:arrange_library:20819 - ================================================================================
2026-07-07 11:46:37.259 | INFO     | arrange_library.core.constraints.index_validator_verified:__init__:80 - Index校验器初始化完成（真实数据验证版本）
2026-07-07 11:46:37.260 | INFO     | arrange_library.core.constraints.lane_validator:__init__:163 - 成Lane校验程序初始化完成 (严格模式: True, 碱基不均衡上限: 35%, 特殊文库关键词: 9个)
2026-07-07 11:46:37.261 | WARNING  | arrange_library.core.ai.pooling_coefficient_optimizer:_load_config:40 - Pooling配置表不存在: /data/work/yuyongpeng/liblane_v2_deepseek/data/wktype_pooling_config.xlsx，将使用默认策略
2026-07-07 11:46:37.261 | INFO     | arrange_library.core.ai.pooling_coefficient_optimizer:_load_efficiency_corrections:185 - 产出效率修正表不存在: /data/work/yuyongpeng/liblane_v2_deepseek/data/production_efficiency_correction.csv，跳过后校准
2026-07-07 11:46:37.261 | WARNING  | arrange_library.core.ai.loutput_predictor_wrapper:_load_model:150 - 模型文件不存在: models/loutput_pre_lane_v5/lightgbm_model.pkl
2026-07-07 11:46:37.261 | WARNING  | arrange_library.core.ai.pooling_coefficient_optimizer:__init__:164 - loutput预测器不可用，将使用规则降级策略
2026-07-07 11:46:37.261 | INFO     | arrange_library.core.scheduling.greedy_lane_scheduler:__init__:264 - 逐Lane贪心排机器初始化完成 - 基础容量: 985.0GB, 利用率区间: [100%, 100%], 配置模式: 按机型自动
2026-07-07 11:46:37.261 | INFO     | arrange_library.core.scheduling.greedy_lane_scheduler:__init__:267 - 启用检查: Index=True, 碱基不均衡=True, 规则检查器=False
2026-07-07 11:46:39.955 | INFO     | arrange_library.core.scheduling.greedy_lane_scheduler:_get_dedicated_lane_profile:982 - 专用Lane分组G36剩余合同量66.3G无法满足1.1或3.6T-NEW有效容量下限
2026-07-07 11:46:39.958 | INFO     | arrange_library.core.constraints.lane_validator:__init__:163 - 成Lane校验程序初始化完成 (严格模式: False, 碱基不均衡上限: 35%, 特殊文库关键词: 9个)
2026-07-07 11:46:39.959 | INFO     | arrange_library.core.scheduling.greedy_lane_scheduler:_build_group:2688 - 专用Lane DL_Nova X-25B_003 形成成功 - 分组=G31, 碱基不均衡=924.0G, 平衡文库=126.0G, 总量(含平衡)=1050.0G, 模式=3.6T-NEW, 容量规则=tj_1595_standard_pe150_25b
2026-07-07 11:46:39.960 | INFO     | arrange_library.core.scheduling.greedy_lane_scheduler:_get_dedicated_lane_profile:982 - 专用Lane分组G31剩余合同量706.3G无法满足1.1或3.6T-NEW有效容量下限
2026-07-07 11:46:39.961 | INFO     | arrange_library.core.scheduling.greedy_lane_scheduler:_get_dedicated_lane_profile:982 - 专用Lane分组G25剩余合同量628.5G无法满足1.1或3.6T-NEW有效容量下限
2026-07-07 11:46:39.962 | INFO     | arrange_library.core.scheduling.greedy_lane_scheduler:_get_dedicated_lane_profile:982 - 专用Lane分组G51剩余合同量411.5G无法满足1.1或3.6T-NEW有效容量下限
2026-07-07 11:46:39.963 | INFO     | arrange_library.core.scheduling.greedy_lane_scheduler:_get_dedicated_lane_profile:982 - 专用Lane分组G27剩余合同量205.8G无法满足1.1或3.6T-NEW有效容量下限
2026-07-07 11:46:39.964 | INFO     | arrange_library.core.scheduling.greedy_lane_scheduler:_get_dedicated_lane_profile:982 - 专用Lane分组G33剩余合同量619.0G无法满足1.1或3.6T-NEW有效容量下限
2026-07-07 11:46:39.966 | INFO     | arrange_library.core.scheduling.greedy_lane_scheduler:_get_dedicated_lane_profile:982 - 专用Lane分组G29剩余合同量544.0G无法满足1.1或3.6T-NEW有效容量下限
2026-07-07 11:46:39.966 | INFO     | arrange_library.core.scheduling.greedy_lane_scheduler:_get_dedicated_lane_profile:982 - 专用Lane分组G39剩余合同量24.0G无法满足1.1或3.6T-NEW有效容量下限
2026-07-07 11:46:39.967 | INFO     | arrange_library.core.scheduling.greedy_lane_scheduler:_get_dedicated_lane_profile:982 - 专用Lane分组G15剩余合同量160.0G无法满足1.1或3.6T-NEW有效容量下限
2026-07-07 11:46:39.968 | INFO     | arrange_library.core.scheduling.greedy_lane_scheduler:_get_dedicated_lane_profile:982 - 专用Lane分组G16剩余合同量69.0G无法满足1.1或3.6T-NEW有效容量下限
2026-07-07 11:46:39.970 | INFO     | arrange_library.core.scheduling.greedy_lane_scheduler:_get_dedicated_lane_profile:982 - 专用Lane分组G19剩余合同量570.4G无法满足1.1或3.6T-NEW有效容量下限
2026-07-07 11:46:39.970 | INFO     | arrange_library.core.scheduling.greedy_lane_scheduler:_get_dedicated_lane_profile:982 - 专用Lane分组G4剩余合同量1.7G无法满足1.1或3.6T-NEW有效容量下限
2026-07-07 11:46:40.230 | INFO     | arrange_library.core.constraints.lane_validator:__init__:163 - 成Lane校验程序初始化完成 (严格模式: False, 碱基不均衡上限: 35%, 特殊文库关键词: 9个)
2026-07-07 11:46:40.233 | INFO     | arrange_library.core.scheduling.greedy_lane_scheduler:_build_group:2688 - 专用Lane DL_Nova X-25B_004 形成成功 - 分组=G35, 碱基不均衡=2153.0G, 平衡文库=21.7G, 总量(含平衡)=2174.7G, 模式=1.1, 容量规则=tj_1595_mode_1_1
2026-07-07 11:46:40.234 | INFO     | arrange_library.core.scheduling.greedy_lane_scheduler:_get_dedicated_lane_profile:982 - 专用Lane分组G35剩余合同量639.0G无法满足1.1或3.6T-NEW有效容量下限
2026-07-07 11:46:40.234 | INFO     | arrange_library.core.scheduling.greedy_lane_scheduler:_get_dedicated_lane_profile:982 - 专用Lane分组G34剩余合同量114.0G无法满足1.1或3.6T-NEW有效容量下限
2026-07-07 11:46:40.235 | INFO     | arrange_library.core.scheduling.greedy_lane_scheduler:_get_dedicated_lane_profile:982 - 专用Lane分组G6剩余合同量150.0G无法满足1.1或3.6T-NEW有效容量下限
2026-07-07 11:46:40.235 | INFO     | arrange_library.core.scheduling.greedy_lane_scheduler:_get_dedicated_lane_profile:982 - 专用Lane分组G7剩余合同量160.0G无法满足1.1或3.6T-NEW有效容量下限
2026-07-07 11:46:40.237 | INFO     | arrange_library.core.constraints.lane_validator:__init__:163 - 成Lane校验程序初始化完成 (严格模式: False, 碱基不均衡上限: 35%, 特殊文库关键词: 9个)
2026-07-07 11:46:40.238 | INFO     | arrange_library.core.scheduling.greedy_lane_scheduler:_build_group:2688 - 专用Lane DL_Nova X-25B_005 形成成功 - 分组=G58, 碱基不均衡=950.0G, 平衡文库=50.0G, 总量(含平衡)=1000.0G, 模式=3.6T-NEW, 容量规则=tj_1595_standard_pe150_25b
2026-07-07 11:46:40.238 | INFO     | arrange_library.core.scheduling.greedy_lane_scheduler:_get_dedicated_lane_profile:982 - 专用Lane分组G58剩余合同量100.0G无法满足1.1或3.6T-NEW有效容量下限
2026-07-07 11:46:40.239 | INFO     | arrange_library.core.scheduling.greedy_lane_scheduler:_get_dedicated_lane_profile:982 - 专用Lane分组G18剩余合同量6.0G无法满足1.1或3.6T-NEW有效容量下限
2026-07-07 11:46:40.243 | INFO     | __main__:_extract_global_dedicated_imbalance_lanes:1191 - 全局跨机型碱基不均专Lane预抽取: 承载机型=Nova X-25B, 生成Lane=3, 消耗4027.0G, 剩余不均文库=774个/10968.1G
2026-07-07 11:46:40.249 | INFO     | __main__:_extract_global_dedicated_imbalance_lanes:1202 - 全局碱基不均专Lane预抽取完成: 生成Lane=3, 后续普通排机池 2580 -> 2523
2026-07-07 11:46:40.250 | INFO     | __main__:_keep_only_mode_1_1_prebuilt_lanes:2320 - 步骤1.3 单组碱基不均1.1专Lane: 回收2条非1.1预抽取Lane，返还22个文库/1874.0G继续参与1.1 G53/G54/G55
2026-07-07 11:46:40.250 | INFO     | arrange_library.core.constraints.lane_validator:__init__:163 - 成Lane校验程序初始化完成 (严格模式: True, 碱基不均衡上限: 35%, 特殊文库关键词: 9个)
2026-07-07 11:46:40.383 | INFO     | __main__:_consume_g53_g54_imbalance_as_mode_lanes:1642 - 步骤1.3 G53/G54组合碱基不均1.1专Lane成Lane成功: lane=DL_Nova X-25B_001, group=G54, 候选38个/2157.6G, 使用33个/2036.0G
2026-07-07 11:46:40.469 | INFO     | __main__:_consume_g53_g54_imbalance_as_mode_lanes:1630 - 步骤1.3 G53/G54组合碱基不均1.1专Lane未成Lane: group=G54, 候选5个/121.6G, 贪心选择4个/119.6G, 下限1995.0G, top_failures=[('capacity_out_of_rule_range', 1), ('index_pairs_less_than_5', 1)]
2026-07-07 11:46:40.469 | INFO     | arrange_library.core.constraints.lane_validator:__init__:163 - 成Lane校验程序初始化完成 (严格模式: True, 碱基不均衡上限: 35%, 特殊文库关键词: 9个)
2026-07-07 11:46:44.607 | INFO     | __main__:_materialize_balance_library_for_lane:7564 - Lane G55_TMP 尝试补平衡文库模板: sample_id=phix, test_no=Novaseq X Plus-PE150, index_seq=GGGGGGGGGG;ACCGAGATCT
2026-07-07 11:46:44.616 | INFO     | __main__:_materialize_balance_library_for_lane:7597 - Lane G55_TMP 平衡文库补充成功: sample_id=phix, 数据量=107.443G
2026-07-07 11:46:44.620 | INFO     | __main__:_consume_g55_imbalance_as_mode_lanes:16908 - 步骤1.3 G55跨基础组碱基不均1.1专Lane成Lane成功: lane=G55_Nova X-25B_001, 基础组=G35,G53, 使用36个/2041.4G
2026-07-07 11:46:50.128 | INFO     | __main__:_materialize_balance_library_for_lane:7564 - Lane G55_TMP 尝试补平衡文库模板: sample_id=phix, test_no=Novaseq X Plus-PE150, index_seq=GGGGGGGGGG;ACCGAGATCT
2026-07-07 11:46:50.131 | INFO     | __main__:_materialize_balance_library_for_lane:7597 - Lane G55_TMP 平衡文库补充成功: sample_id=phix, 数据量=108.227G
2026-07-07 11:46:50.133 | INFO     | __main__:_consume_g55_imbalance_as_mode_lanes:16908 - 步骤1.3 G55跨基础组碱基不均1.1专Lane成Lane成功: lane=G55_Nova X-25B_002, 基础组=G31,G58, 使用19个/2056.3G
2026-07-07 11:46:52.973 | INFO     | __main__:_consume_g55_imbalance_as_mode_lanes:16891 - 步骤1.3 G55跨基础组碱基不均1.1专Lane未成Lane: 候选700个/6470.4G, 1.1真实量窗口=[1990.2,2142.2]G, validation_attempts=0, top_failures=[('g55_budgeted_seed_customer_ratio', 19992), ('g55_budgeted_fill_high_phix_ratio', 7139), ('g55_budgeted_fill_duplicate', 6716), ('g55_budgeted_fill_index_conflict', 2650), ('g55_budgeted_seed_high_phix_ratio', 1776)]
2026-07-07 11:46:52.974 | INFO     | arrange_library.core.constraints.lane_validator:__init__:163 - 成Lane校验程序初始化完成 (严格模式: True, 碱基不均衡上限: 35%, 特殊文库关键词: 9个)
2026-07-07 11:46:52.974 | INFO     | __main__:arrange_library:20871 - 1.1前碱基不均衡专Lane预抽取完成: 单组=1, G53/G54=1, G55=2, G55消耗文库=55, 总生成Lane=4, 剩余进入1.1普通尝试文库=2457
2026-07-07 11:46:52.974 | INFO     | __main__:arrange_library:20884 - 
================================================================================
2026-07-07 11:46:52.974 | INFO     | __main__:arrange_library:20885 - 步骤1.4: 1.1前客户文库纯Lane预抽取
2026-07-07 11:46:52.974 | INFO     | __main__:arrange_library:20886 - ================================================================================
2026-07-07 11:47:17.497 | INFO     | __main__:_try_ck_customer_directed_repair:4440 - CK客户Lane专用修复未达轻目标: lane=CK_Nova X-25B_002, count=214, total=2246.3G, special=0.0G/786.2G, 10bp=3.5%, index_pairs=231
2026-07-07 11:47:48.687 | INFO     | __main__:_try_ck_customer_directed_repair:4440 - CK客户Lane专用修复未达轻目标: lane=CK_Nova X-25B_002, count=214, total=2248.1G, special=0.0G/786.8G, 10bp=3.5%, index_pairs=239
2026-07-07 11:48:17.936 | INFO     | __main__:_try_ck_customer_directed_repair:4440 - CK客户Lane专用修复未达轻目标: lane=CK_Nova X-25B_002, count=207, total=2253.3G, special=0.0G/788.7G, 10bp=3.4%, index_pairs=240
2026-07-07 11:48:59.455 | INFO     | __main__:_attempt_build_lane_from_pool:5500 - CK客户Lane构造早停: lane_prefix=CK, serial=2, 连续3次候选10bp低于40%，last=3.4%, count=194, total=2223.3G
2026-07-07 11:49:01.018 | INFO     | __main__:_try_ck_customer_directed_repair:4440 - CK客户Lane专用修复未达轻目标: lane=CK_Nova X-25B_002, count=108, total=2254.2G, special=745.6G/789.0G, 10bp=30.1%, index_pairs=119
2026-07-07 11:49:19.507 | INFO     | __main__:_try_ck_customer_directed_repair:4440 - CK客户Lane专用修复未达轻目标: lane=CK_Nova X-25B_002, count=99, total=2255.0G, special=745.6G/789.2G, 10bp=30.1%, index_pairs=110
2026-07-07 11:49:39.826 | INFO     | __main__:_try_ck_customer_directed_repair:4440 - CK客户Lane专用修复未达轻目标: lane=CK_Nova X-25B_002, count=120, total=2254.7G, special=725.6G/789.1G, 10bp=30.1%, index_pairs=139
2026-07-07 11:49:51.762 | INFO     | __main__:_attempt_build_lane_from_pool:5500 - CK客户Lane构造早停: lane_prefix=CK, serial=2, 连续3次候选10bp低于40%，last=28.1%, count=66, total=2157.7G
2026-07-07 11:49:51.764 | INFO     | arrange_library.core.constraints.lane_validator:__init__:163 - 成Lane校验程序初始化完成 (严格模式: True, 碱基不均衡上限: 35%, 特殊文库关键词: 9个)
2026-07-07 11:49:51.764 | INFO     | __main__:arrange_library:20901 - 1.1前客户文库纯Lane预抽取完成: 生成Lane=1, 消耗文库=172, 剩余进入1.1普通尝试文库=2285
2026-07-07 11:49:51.764 | INFO     | __main__:arrange_library:20912 - 
================================================================================
2026-07-07 11:49:51.764 | INFO     | __main__:arrange_library:20913 - 步骤1.5: 1.1首轮排机
2026-07-07 11:49:51.764 | INFO     | __main__:arrange_library:20914 - ================================================================================
2026-07-07 11:49:51.864 | INFO     | __main__:arrange_library:20943 - 步骤1.5-1: 1.1首轮使用剩余未成Lane全集，候选2285个文库
2026-07-07 11:49:51.918 | INFO     | __main__:arrange_library:20972 - 1.1首轮策略: expensive_rescue=True, peak_window_mixed=False, post_fill_optimization=True
2026-07-07 11:49:52.147 | INFO     | __main__:test_with_model:19997 - 
================================================================================
2026-07-07 11:49:52.147 | INFO     | __main__:test_with_model:19998 - 排机流程：纯规则排机
2026-07-07 11:49:52.147 | INFO     | __main__:test_with_model:19999 - ================================================================================
2026-07-07 11:49:52.147 | INFO     | arrange_library.core.constraints.index_validator_verified:__init__:80 - Index校验器初始化完成（真实数据验证版本）
2026-07-07 11:49:52.147 | INFO     | arrange_library.core.constraints.lane_validator:__init__:163 - 成Lane校验程序初始化完成 (严格模式: True, 碱基不均衡上限: 35%, 特殊文库关键词: 9个)
2026-07-07 11:49:52.149 | WARNING  | arrange_library.core.ai.pooling_coefficient_optimizer:_load_config:40 - Pooling配置表不存在: /data/work/yuyongpeng/liblane_v2_deepseek/data/wktype_pooling_config.xlsx，将使用默认策略
2026-07-07 11:49:52.149 | INFO     | arrange_library.core.ai.pooling_coefficient_optimizer:_load_efficiency_corrections:185 - 产出效率修正表不存在: /data/work/yuyongpeng/liblane_v2_deepseek/data/production_efficiency_correction.csv，跳过后校准
2026-07-07 11:49:52.149 | WARNING  | arrange_library.core.ai.loutput_predictor_wrapper:_load_model:150 - 模型文件不存在: models/loutput_pre_lane_v5/lightgbm_model.pkl
2026-07-07 11:49:52.149 | WARNING  | arrange_library.core.ai.pooling_coefficient_optimizer:__init__:164 - loutput预测器不可用，将使用规则降级策略
2026-07-07 11:49:52.149 | INFO     | arrange_library.core.scheduling.greedy_lane_scheduler:__init__:264 - 逐Lane贪心排机器初始化完成 - 基础容量: 985.0GB, 利用率区间: [100%, 100%], 配置模式: 按机型自动
2026-07-07 11:49:52.149 | INFO     | arrange_library.core.scheduling.greedy_lane_scheduler:__init__:267 - 启用检查: Index=True, 碱基不均衡=True, 规则检查器=False
2026-07-07 11:49:52.149 | INFO     | __main__:test_with_model:20025 - 排机阶段：Pooling优化器已禁用（V6流程不需要）
2026-07-07 11:49:52.149 | INFO     | arrange_library.core.constraints.lane_validator:__init__:163 - 成Lane校验程序初始化完成 (严格模式: True, 碱基不均衡上限: 35%, 特殊文库关键词: 9个)
2026-07-07 11:49:52.149 | INFO     | __main__:test_with_model:20029 - 严格校验容量区间改为按统一配置表动态解析
2026-07-07 11:49:52.161 | INFO     | __main__:test_with_model:20051 - 主流程前置拆分完成: 无需拆分
2026-07-07 11:49:52.161 | INFO     | __main__:test_with_model:20066 - Peak窗口混排预构Lane已按调用方要求关闭
2026-07-07 11:49:52.162 | INFO     | arrange_library.core.scheduling.greedy_lane_scheduler:schedule:1083 - 开始逐Lane贪心排机 - 文库数: 2285
2026-07-07 11:49:52.162 | INFO     | arrange_library.core.scheduling.greedy_lane_scheduler:schedule:1093 - 预拆分完成: 使用外层已拆分文库
2026-07-07 11:49:52.169 | INFO     | arrange_library.core.scheduling.greedy_lane_scheduler:_run_batch_analysis:468 - ===== 批次全局分析报告 =====
2026-07-07 11:49:52.169 | INFO     | arrange_library.core.scheduling.greedy_lane_scheduler:_run_batch_analysis:468 - 机器类型: Nova X-25B
2026-07-07 11:49:52.169 | INFO     | arrange_library.core.scheduling.greedy_lane_scheduler:_run_batch_analysis:468 - 文库总数: 2285
2026-07-07 11:49:52.169 | INFO     | arrange_library.core.scheduling.greedy_lane_scheduler:_run_batch_analysis:468 - 总数据量: 34492.4 GB
2026-07-07 11:49:52.169 | INFO     | arrange_library.core.scheduling.greedy_lane_scheduler:_run_batch_analysis:468 - 预估Lane数: 16~17
2026-07-07 11:49:52.169 | INFO     | arrange_library.core.scheduling.greedy_lane_scheduler:_run_batch_analysis:468 - --- 特征标记 ---
2026-07-07 11:49:52.169 | INFO     | arrange_library.core.scheduling.greedy_lane_scheduler:_run_batch_analysis:468 -   包Lane文库: 无
2026-07-07 11:49:52.169 | INFO     | arrange_library.core.scheduling.greedy_lane_scheduler:_run_batch_analysis:468 -   碱基不均衡: 有
2026-07-07 11:49:52.169 | INFO     | arrange_library.core.scheduling.greedy_lane_scheduler:_run_batch_analysis:468 -   客户文库:   无
2026-07-07 11:49:52.169 | INFO     | arrange_library.core.scheduling.greedy_lane_scheduler:_run_batch_analysis:468 -   10bp文库:   有
2026-07-07 11:49:52.169 | INFO     | arrange_library.core.scheduling.greedy_lane_scheduler:_run_batch_analysis:468 -   非10bp文库: 有
2026-07-07 11:49:52.169 | INFO     | arrange_library.core.scheduling.greedy_lane_scheduler:_run_batch_analysis:468 -   特殊组合:   有
2026-07-07 11:49:52.169 | INFO     | arrange_library.core.scheduling.greedy_lane_scheduler:_run_batch_analysis:468 - --- 分组画像 ---
2026-07-07 11:49:52.169 | INFO     | arrange_library.core.scheduling.greedy_lane_scheduler:_run_batch_analysis:468 -   [imbalance] 碱基不均衡文库: 708个文库, 6708.4GB, 预估3~4条Lane
2026-07-07 11:49:52.169 | INFO     | arrange_library.core.scheduling.greedy_lane_scheduler:_run_batch_analysis:468 -   [non_10bp] 非10碱基文库: 1053个文库, 12157.8GB, 预估6~6条Lane
2026-07-07 11:49:52.169 | INFO     | arrange_library.core.scheduling.greedy_lane_scheduler:_run_batch_analysis:468 -   [all] 全部文库: 2285个文库, 34492.4GB, 预估16~17条Lane
2026-07-07 11:49:52.169 | INFO     | arrange_library.core.scheduling.greedy_lane_scheduler:_run_batch_analysis:468 -   [10bp] 10碱基文库: 1232个文库, 22334.7GB, 预估10~11条Lane
2026-07-07 11:49:52.169 | INFO     | arrange_library.core.scheduling.greedy_lane_scheduler:_run_batch_analysis:468 -   [special_combo_a] 10X 5端/VDJ组合: 27个文库, 318.0GB, 预估1~1条Lane
2026-07-07 11:49:52.169 | INFO     | arrange_library.core.scheduling.greedy_lane_scheduler:_run_batch_analysis:468 -   [special_combo_b] 10X 3端/Visium组合: 5个文库, 121.6GB, 预估1~1条Lane
2026-07-07 11:49:52.169 | INFO     | arrange_library.core.scheduling.greedy_lane_scheduler:_run_batch_analysis:468 - --- 专用Lane推荐 ---
2026-07-07 11:49:52.169 | INFO     | arrange_library.core.scheduling.greedy_lane_scheduler:_run_batch_analysis:468 -   [imbalance] 碱基不均衡文库数据量充足，可包专用Lane避免混排占比限制 - 约3条Lane, 6708.4GB, 置信度: high
2026-07-07 11:49:52.169 | INFO     | arrange_library.core.scheduling.greedy_lane_scheduler:_run_batch_analysis:468 -   [non_10bp] 非10bp文库集中排入专用Lane，避免触发10bp>=40%混排规则 - 约5条Lane, 12157.8GB, 置信度: high
2026-07-07 11:49:52.169 | INFO     | arrange_library.core.scheduling.greedy_lane_scheduler:_run_batch_analysis:468 - --- 混排约束 ---
2026-07-07 11:49:52.169 | INFO     | arrange_library.core.scheduling.greedy_lane_scheduler:_run_batch_analysis:468 -   [tj_1595_special_combo_groups_not_mixed] special_combo_a vs special_combo_b: 10X 5端/VDJ 与 10X 3端/Visium 文库不可混排，必须分开
2026-07-07 11:49:52.169 | INFO     | arrange_library.core.scheduling.greedy_lane_scheduler:_run_batch_analysis:468 - --- 尾部风险 ---
2026-07-07 11:49:52.169 | INFO     | arrange_library.core.scheduling.greedy_lane_scheduler:_run_batch_analysis:468 -   [imbalance] 碱基不均衡文库排完整Lane后剩余423.4GB，不足半Lane(1048GB)，需要大文库骨架携带或混入散样Lane - 423.4GB, 708个, 严重程度: medium
2026-07-07 11:49:52.170 | INFO     | arrange_library.core.scheduling.greedy_lane_scheduler:_run_batch_analysis:468 -   [special_combo_a] 10X 5端/VDJ组合排完整Lane后剩余318.0GB，不足半Lane(998GB)，需要大文库骨架携带或混入散样Lane - 318.0GB, 27个, 严重程度: high
2026-07-07 11:49:52.170 | INFO     | arrange_library.core.scheduling.greedy_lane_scheduler:_run_batch_analysis:468 -   [special_combo_b] 10X 3端/Visium组合排完整Lane后剩余121.6GB，不足半Lane(998GB)，需要大文库骨架携带或混入散样Lane - 121.6GB, 5个, 严重程度: high
2026-07-07 11:49:52.170 | INFO     | arrange_library.core.scheduling.greedy_lane_scheduler:_run_batch_analysis:468 - --- 策略建议 ---
2026-07-07 11:49:52.170 | INFO     | arrange_library.core.scheduling.greedy_lane_scheduler:_run_batch_analysis:468 -   - 碱基不均衡文库数据量充足，优先形成专用Lane
2026-07-07 11:49:52.170 | INFO     | arrange_library.core.scheduling.greedy_lane_scheduler:_run_batch_analysis:468 -   - 非10bp文库建议走专用Lane，避免10bp>=40%混排红线
2026-07-07 11:49:52.170 | INFO     | arrange_library.core.scheduling.greedy_lane_scheduler:_run_batch_analysis:468 -   - 存在2个高风险尾部分组，建议启用骨架预留(大带小)
2026-07-07 11:49:52.170 | INFO     | arrange_library.core.scheduling.greedy_lane_scheduler:_run_batch_analysis:468 - ===== 报告结束 =====
2026-07-07 11:49:52.170 | INFO     | arrange_library.core.scheduling.greedy_lane_scheduler:_run_batch_analysis:474 - 保留外部传入的策略执行计划，仅使用批次分析报告
2026-07-07 11:49:52.174 | INFO     | arrange_library.core.scheduling.greedy_lane_scheduler:schedule:1129 - 处理机器类型 Nova X-25B - 文库数: 2285 - Lane容量: 1050.0GB, 利用率区间: [100%, 100%], 碱基不均占比上限: 35%
2026-07-07 11:49:52.174 | INFO     | arrange_library.core.scheduling.greedy_lane_scheduler:schedule:1157 - 碱基不均衡专用Lane策略: 708个碱基不均衡文库
2026-07-07 11:49:54.848 | INFO     | arrange_library.core.scheduling.greedy_lane_scheduler:_get_dedicated_lane_profile:982 - 专用Lane分组G36剩余合同量66.3G无法满足1.1或3.6T-NEW有效容量下限
2026-07-07 11:49:54.849 | INFO     | arrange_library.core.scheduling.greedy_lane_scheduler:_get_dedicated_lane_profile:982 - 专用Lane分组G25剩余合同量628.5G无法满足1.1或3.6T-NEW有效容量下限
2026-07-07 11:49:54.849 | INFO     | arrange_library.core.scheduling.greedy_lane_scheduler:_get_dedicated_lane_profile:982 - 专用Lane分组G51剩余合同量411.5G无法满足1.1或3.6T-NEW有效容量下限
2026-07-07 11:49:54.850 | INFO     | arrange_library.core.scheduling.greedy_lane_scheduler:_get_dedicated_lane_profile:982 - 专用Lane分组G27剩余合同量205.8G无法满足1.1或3.6T-NEW有效容量下限
2026-07-07 11:49:54.850 | INFO     | arrange_library.core.scheduling.greedy_lane_scheduler:_get_dedicated_lane_profile:982 - 专用Lane分组G31剩余合同量624.0G无法满足1.1或3.6T-NEW有效容量下限
2026-07-07 11:49:54.851 | INFO     | arrange_library.core.scheduling.greedy_lane_scheduler:_get_dedicated_lane_profile:982 - 专用Lane分组G33剩余合同量619.0G无法满足1.1或3.6T-NEW有效容量下限
2026-07-07 11:49:54.852 | INFO     | arrange_library.core.scheduling.greedy_lane_scheduler:_get_dedicated_lane_profile:982 - 专用Lane分组G29剩余合同量544.0G无法满足1.1或3.6T-NEW有效容量下限
2026-07-07 11:49:54.853 | INFO     | arrange_library.core.scheduling.greedy_lane_scheduler:_get_dedicated_lane_profile:982 - 专用Lane分组G16剩余合同量69.0G无法满足1.1或3.6T-NEW有效容量下限
2026-07-07 11:49:54.853 | INFO     | arrange_library.core.scheduling.greedy_lane_scheduler:_get_dedicated_lane_profile:982 - 专用Lane分组G19剩余合同量570.4G无法满足1.1或3.6T-NEW有效容量下限
2026-07-07 11:49:54.854 | INFO     | arrange_library.core.scheduling.greedy_lane_scheduler:_get_dedicated_lane_profile:982 - 专用Lane分组G6剩余合同量150.0G无法满足1.1或3.6T-NEW有效容量下限
2026-07-07 11:49:54.854 | INFO     | arrange_library.core.scheduling.greedy_lane_scheduler:_get_dedicated_lane_profile:982 - 专用Lane分组G7剩余合同量160.0G无法满足1.1或3.6T-NEW有效容量下限
2026-07-07 11:49:54.854 | INFO     | arrange_library.core.scheduling.greedy_lane_scheduler:_get_dedicated_lane_profile:982 - 专用Lane分组G18剩余合同量6.0G无法满足1.1或3.6T-NEW有效容量下限
2026-07-07 11:49:54.854 | INFO     | arrange_library.core.scheduling.greedy_lane_scheduler:schedule:1163 - 形成0条专用Lane，剩余708个碱基不均衡文库
2026-07-07 11:50:00.114 | INFO     | arrange_library.core.scheduling.greedy_lane_scheduler:schedule:1235 - 第二轮排机: 1225 个未分配文库（wkdeliverydate优先，轮转起点）
2026-07-07 11:50:00.834 | INFO     | arrange_library.core.scheduling.greedy_lane_scheduler:schedule:1251 - 第三轮排机: 1225 个未分配文库（小文库优先）
2026-07-07 11:50:04.981 | INFO     | arrange_library.core.scheduling.greedy_lane_scheduler:schedule:1294 - 连续5轮无新Lane且未分配池不变，提前结束无效重试
2026-07-07 11:50:07.645 | INFO     | arrange_library.core.scheduling.greedy_lane_scheduler:_get_dedicated_lane_profile:982 - 专用Lane分组G36剩余合同量66.3G无法满足1.1或3.6T-NEW有效容量下限
2026-07-07 11:50:07.646 | INFO     | arrange_library.core.scheduling.greedy_lane_scheduler:_get_dedicated_lane_profile:982 - 专用Lane分组G25剩余合同量628.5G无法满足1.1或3.6T-NEW有效容量下限
2026-07-07 11:50:07.646 | INFO     | arrange_library.core.scheduling.greedy_lane_scheduler:_get_dedicated_lane_profile:982 - 专用Lane分组G51剩余合同量411.5G无法满足1.1或3.6T-NEW有效容量下限
2026-07-07 11:50:07.647 | INFO     | arrange_library.core.scheduling.greedy_lane_scheduler:_get_dedicated_lane_profile:982 - 专用Lane分组G27剩余合同量205.8G无法满足1.1或3.6T-NEW有效容量下限
2026-07-07 11:50:07.647 | INFO     | arrange_library.core.scheduling.greedy_lane_scheduler:_get_dedicated_lane_profile:982 - 专用Lane分组G31剩余合同量624.0G无法满足1.1或3.6T-NEW有效容量下限
2026-07-07 11:50:07.648 | INFO     | arrange_library.core.scheduling.greedy_lane_scheduler:_get_dedicated_lane_profile:982 - 专用Lane分组G33剩余合同量619.0G无法满足1.1或3.6T-NEW有效容量下限
2026-07-07 11:50:07.649 | INFO     | arrange_library.core.scheduling.greedy_lane_scheduler:_get_dedicated_lane_profile:982 - 专用Lane分组G29剩余合同量544.0G无法满足1.1或3.6T-NEW有效容量下限
2026-07-07 11:50:07.649 | INFO     | arrange_library.core.scheduling.greedy_lane_scheduler:_get_dedicated_lane_profile:982 - 专用Lane分组G16剩余合同量69.0G无法满足1.1或3.6T-NEW有效容量下限
2026-07-07 11:50:07.650 | INFO     | arrange_library.core.scheduling.greedy_lane_scheduler:_get_dedicated_lane_profile:982 - 专用Lane分组G19剩余合同量570.4G无法满足1.1或3.6T-NEW有效容量下限
2026-07-07 11:50:07.650 | INFO     | arrange_library.core.scheduling.greedy_lane_scheduler:_get_dedicated_lane_profile:982 - 专用Lane分组G6剩余合同量150.0G无法满足1.1或3.6T-NEW有效容量下限
2026-07-07 11:50:07.650 | INFO     | arrange_library.core.scheduling.greedy_lane_scheduler:_get_dedicated_lane_profile:982 - 专用Lane分组G7剩余合同量160.0G无法满足1.1或3.6T-NEW有效容量下限
2026-07-07 11:50:07.651 | INFO     | arrange_library.core.scheduling.greedy_lane_scheduler:_get_dedicated_lane_profile:982 - 专用Lane分组G18剩余合同量6.0G无法满足1.1或3.6T-NEW有效容量下限
2026-07-07 11:50:07.651 | INFO     | arrange_library.core.scheduling.greedy_lane_scheduler:_build_imbalance_dedicated_lanes:1048 - 专用Lane创建完成: 0条Lane, 700个碱基不均衡文库待分配, 525个中性文库待分配
2026-07-07 11:50:07.651 | INFO     | arrange_library.core.scheduling.greedy_lane_scheduler:schedule:1385 - 最后填充策略: 尝试将1225个未分配文库塞入已有Lane
2026-07-07 11:50:19.335 | INFO     | arrange_library.core.scheduling.greedy_lane_scheduler:schedule:1756 - 最后填充策略: 成功塞入91个文库，踢出26个违反规则的文库，剩余1130个无法分配
2026-07-07 11:50:19.337 | WARNING  | arrange_library.core.scheduling.greedy_lane_scheduler:schedule:1766 - 最后填充策略未分配池重建修正: 旧算法=1156个，新算法=1155个
2026-07-07 11:50:19.353 | INFO     | arrange_library.core.scheduling.greedy_lane_scheduler:_optimize_by_redistribution:6239 - 挪移优化: 未分配数据量20790GB已足够，尝试精选组建新Lane
2026-07-07 11:50:19.359 | INFO     | arrange_library.core.scheduling.greedy_lane_scheduler:_try_form_lane_from_unassigned:6510 - 残余精选: 内部377个, 客户778个
2026-07-07 11:50:19.647 | INFO     | arrange_library.core.constraints.lane_validator:__init__:163 - 成Lane校验程序初始化完成 (严格模式: True, 碱基不均衡上限: 35%, 特殊文库关键词: 9个)
2026-07-07 11:50:19.649 | INFO     | arrange_library.core.scheduling.greedy_lane_scheduler:_try_form_lane_from_unassigned:6601 - 残余精选: 验证失败 - ValidationError(rule_type=<ValidationRuleType.CUSTOMER_PRODUCTION_MIX_RATIO: 'customer_production_mix_ratio'>, severity=<ValidationSeverity.ERROR: 'error'>, message='手工/客户侧与产线混合Lane少数侧占比0.2%不符合规则(应>=5%)', current_value=0.0022172949002217295, threshold_value=0.05, affected_libraries=[])
2026-07-07 11:50:19.649 | INFO     | arrange_library.core.scheduling.greedy_lane_scheduler:_optimize_by_redistribution:6243 - 挪移优化: 精选组建失败，继续尝试挪移策略
2026-07-07 11:50:19.649 | INFO     | arrange_library.core.scheduling.greedy_lane_scheduler:_optimize_by_redistribution:6246 - 挪移优化: 未分配1155个文库(20790GB)，需要从现有Lane挪出-18695GB
2026-07-07 11:50:19.656 | WARNING  | arrange_library.core.scheduling.greedy_lane_scheduler:_optimize_by_redistribution:6470 - 挪移优化: 新Lane GL_Nova X-25B_015 验证失败: 容量超限: 20790.0GB > 2255.0GB，放弃创建
2026-07-07 11:50:19.658 | INFO     | arrange_library.core.scheduling.greedy_lane_scheduler:schedule:1826 - 逐Lane贪心排机完成 - Lane数: 6, 已分配: 1130/2285, 未分配: 1155, 平均利用率: 105.0%, 耗时: 27.50秒
2026-07-07 11:50:19.658 | INFO     | arrange_library.core.constraints.lane_validator:__init__:163 - 成Lane校验程序初始化完成 (严格模式: False, 碱基不均衡上限: 35%, 特殊文库关键词: 9个)
2026-07-07 11:50:19.730 | WARNING  | arrange_library.core.scheduling.greedy_lane_scheduler:_validate_all_lanes:2135 - Lane GL_Nova X-25B_001 验证失败: ['Lane有效数据量2428.8G(原始2428.8G+平衡0.0G)超过上限2255G，规则=tj_1595_mode_1_1，需剔除约173.8G的文库']
2026-07-07 11:50:20.021 | INFO     | arrange_library.core.scheduling.greedy_lane_scheduler:_validate_all_lanes:2139 - 有1条Lane验证失败，尝试挪移优化...
2026-07-07 11:50:20.021 | INFO     | arrange_library.core.scheduling.greedy_lane_scheduler:_validate_all_lanes:2143 - keep_failed_lanes=True，保留1条验证失败的Lane供外层矫正（未分配池不变）
2026-07-07 11:50:20.021 | INFO     | arrange_library.core.scheduling.greedy_lane_scheduler:_validate_all_lanes:2148 - 最终验证结果（含待矫正Lane）: 6条Lane，1155个文库未分配
2026-07-07 11:50:20.245 | INFO     | __main__:_build_global_round_robin_lane:5708 - 全局轮转混排未成Lane: prefix=G1, pool_size=1155, best=0个/0.0G, min=2095.0G
2026-07-07 11:50:20.248 | INFO     | __main__:test_with_model:20122 - wkspecialsplits边排边检查完成: 无需调整
2026-07-07 11:50:21.026 | WARNING  | __main__:test_with_model:20152 - Lane GL_Nova X-25B_001 验证失败 - 错误: ['capacity_exceeded'], 警告: []
2026-07-07 11:50:21.026 | INFO     | __main__:test_with_model:20157 - 验证完成：5条Lane通过验证
2026-07-07 11:50:21.026 | INFO     | __main__:test_with_model:20178 - 57规则二次改排救援已关闭，失败Lane文库回收到未分配池
2026-07-07 11:50:21.030 | INFO     | __main__:_should_skip_expensive_rescue_stage:2713 - 高成本救援(EX/RB)跳过: 未分配池过大=1373个/23218.8G，优先保证主排机时效
2026-07-07 11:50:21.122 | INFO     | __main__:_build_global_round_robin_lane:5708 - 全局轮转混排未成Lane: prefix=G1, pool_size=1373, best=0个/0.0G, min=2095.0G
2026-07-07 11:50:21.122 | INFO     | __main__:test_with_model:20418 - 剩余库全局轮转混排未新增Lane: 剩余未分配=1373
2026-07-07 11:50:21.128 | INFO     | __main__:test_with_model:20448 - 脚本内置 Pooling 预测已停用，后续统一调用 prediction_delivery
2026-07-07 11:50:21.754 | INFO     | __main__:arrange_library:21053 - 1.1首轮二次补排启动: 首轮剩余文库=1373个
2026-07-07 11:50:21.754 | INFO     | __main__:arrange_library:21054 - 1.1首轮二次补排策略: expensive_rescue=True, peak_window_mixed=True, post_fill_optimization=True
2026-07-07 11:50:21.915 | INFO     | __main__:test_with_model:19997 - 
================================================================================
2026-07-07 11:50:21.915 | INFO     | __main__:test_with_model:19998 - 排机流程：纯规则排机
2026-07-07 11:50:21.915 | INFO     | __main__:test_with_model:19999 - ================================================================================
2026-07-07 11:50:21.915 | INFO     | arrange_library.core.constraints.index_validator_verified:__init__:80 - Index校验器初始化完成（真实数据验证版本）
2026-07-07 11:50:21.915 | INFO     | arrange_library.core.constraints.lane_validator:__init__:163 - 成Lane校验程序初始化完成 (严格模式: True, 碱基不均衡上限: 35%, 特殊文库关键词: 9个)
2026-07-07 11:50:21.917 | WARNING  | arrange_library.core.ai.pooling_coefficient_optimizer:_load_config:40 - Pooling配置表不存在: /data/work/yuyongpeng/liblane_v2_deepseek/data/wktype_pooling_config.xlsx，将使用默认策略
2026-07-07 11:50:21.917 | INFO     | arrange_library.core.ai.pooling_coefficient_optimizer:_load_efficiency_corrections:185 - 产出效率修正表不存在: /data/work/yuyongpeng/liblane_v2_deepseek/data/production_efficiency_correction.csv，跳过后校准
2026-07-07 11:50:21.917 | WARNING  | arrange_library.core.ai.loutput_predictor_wrapper:_load_model:150 - 模型文件不存在: models/loutput_pre_lane_v5/lightgbm_model.pkl
2026-07-07 11:50:21.917 | WARNING  | arrange_library.core.ai.pooling_coefficient_optimizer:__init__:164 - loutput预测器不可用，将使用规则降级策略
2026-07-07 11:50:21.917 | INFO     | arrange_library.core.scheduling.greedy_lane_scheduler:__init__:264 - 逐Lane贪心排机器初始化完成 - 基础容量: 985.0GB, 利用率区间: [100%, 100%], 配置模式: 按机型自动
2026-07-07 11:50:21.917 | INFO     | arrange_library.core.scheduling.greedy_lane_scheduler:__init__:267 - 启用检查: Index=True, 碱基不均衡=True, 规则检查器=False
2026-07-07 11:50:21.917 | INFO     | __main__:test_with_model:20025 - 排机阶段：Pooling优化器已禁用（V6流程不需要）
2026-07-07 11:50:21.917 | INFO     | arrange_library.core.constraints.lane_validator:__init__:163 - 成Lane校验程序初始化完成 (严格模式: True, 碱基不均衡上限: 35%, 特殊文库关键词: 9个)
2026-07-07 11:50:21.918 | INFO     | __main__:test_with_model:20029 - 严格校验容量区间改为按统一配置表动态解析
2026-07-07 11:50:21.925 | INFO     | __main__:test_with_model:20051 - 主流程前置拆分完成: 无需拆分
2026-07-07 11:50:22.103 | INFO     | __main__:_extract_mixed_lanes_by_peak_window:8174 - 混排Peak窗口: 356-506bp, 900个文库/18727G, 理论最多8条Lane
2026-07-07 11:50:22.352 | INFO     | __main__:_extract_mixed_lanes_by_peak_window:8210 - 混排Lane预抽取完成: 新增Lane=0，使用文库=0个/0.0G，剩余待排=1373个/23218.8G
2026-07-07 11:50:22.352 | INFO     | arrange_library.core.scheduling.greedy_lane_scheduler:schedule:1083 - 开始逐Lane贪心排机 - 文库数: 1373
2026-07-07 11:50:22.352 | INFO     | arrange_library.core.scheduling.greedy_lane_scheduler:schedule:1093 - 预拆分完成: 使用外层已拆分文库
2026-07-07 11:50:22.357 | INFO     | arrange_library.core.scheduling.greedy_lane_scheduler:_run_batch_analysis:468 - ===== 批次全局分析报告 =====
2026-07-07 11:50:22.357 | INFO     | arrange_library.core.scheduling.greedy_lane_scheduler:_run_batch_analysis:468 - 机器类型: Nova X-25B
2026-07-07 11:50:22.357 | INFO     | arrange_library.core.scheduling.greedy_lane_scheduler:_run_batch_analysis:468 - 文库总数: 1373
2026-07-07 11:50:22.357 | INFO     | arrange_library.core.scheduling.greedy_lane_scheduler:_run_batch_analysis:468 - 总数据量: 23218.8 GB
2026-07-07 11:50:22.357 | INFO     | arrange_library.core.scheduling.greedy_lane_scheduler:_run_batch_analysis:468 - 预估Lane数: 11~12
2026-07-07 11:50:22.357 | INFO     | arrange_library.core.scheduling.greedy_lane_scheduler:_run_batch_analysis:468 - --- 特征标记 ---
2026-07-07 11:50:22.357 | INFO     | arrange_library.core.scheduling.greedy_lane_scheduler:_run_batch_analysis:468 -   包Lane文库: 无
2026-07-07 11:50:22.357 | INFO     | arrange_library.core.scheduling.greedy_lane_scheduler:_run_batch_analysis:468 -   碱基不均衡: 有
2026-07-07 11:50:22.357 | INFO     | arrange_library.core.scheduling.greedy_lane_scheduler:_run_batch_analysis:468 -   客户文库:   无
2026-07-07 11:50:22.357 | INFO     | arrange_library.core.scheduling.greedy_lane_scheduler:_run_batch_analysis:468 -   10bp文库:   有
2026-07-07 11:50:22.358 | INFO     | arrange_library.core.scheduling.greedy_lane_scheduler:_run_batch_analysis:468 -   非10bp文库: 有
2026-07-07 11:50:22.358 | INFO     | arrange_library.core.scheduling.greedy_lane_scheduler:_run_batch_analysis:468 -   特殊组合:   有
2026-07-07 11:50:22.358 | INFO     | arrange_library.core.scheduling.greedy_lane_scheduler:_run_batch_analysis:468 - --- 分组画像 ---
2026-07-07 11:50:22.358 | INFO     | arrange_library.core.scheduling.greedy_lane_scheduler:_run_batch_analysis:468 -   [imbalance] 碱基不均衡文库: 700个文库, 6544.4GB, 预估3~4条Lane
2026-07-07 11:50:22.358 | INFO     | arrange_library.core.scheduling.greedy_lane_scheduler:_run_batch_analysis:468 -   [non_10bp] 非10碱基文库: 860个文库, 9205.8GB, 预估5~5条Lane
2026-07-07 11:50:22.358 | INFO     | arrange_library.core.scheduling.greedy_lane_scheduler:_run_batch_analysis:468 -   [all] 全部文库: 1373个文库, 23218.8GB, 预估11~12条Lane
2026-07-07 11:50:22.358 | INFO     | arrange_library.core.scheduling.greedy_lane_scheduler:_run_batch_analysis:468 -   [special_combo_b] 10X 3端/Visium组合: 4个文库, 21.6GB, 预估1~1条Lane
2026-07-07 11:50:22.358 | INFO     | arrange_library.core.scheduling.greedy_lane_scheduler:_run_batch_analysis:468 -   [10bp] 10碱基文库: 513个文库, 14013.0GB, 预估7~7条Lane
2026-07-07 11:50:22.358 | INFO     | arrange_library.core.scheduling.greedy_lane_scheduler:_run_batch_analysis:468 -   [special_combo_a] 10X 5端/VDJ组合: 25个文库, 310.0GB, 预估1~1条Lane
2026-07-07 11:50:22.358 | INFO     | arrange_library.core.scheduling.greedy_lane_scheduler:_run_batch_analysis:468 - --- 专用Lane推荐 ---
2026-07-07 11:50:22.358 | INFO     | arrange_library.core.scheduling.greedy_lane_scheduler:_run_batch_analysis:468 -   [imbalance] 碱基不均衡文库数据量充足，可包专用Lane避免混排占比限制 - 约3条Lane, 6544.4GB, 置信度: high
2026-07-07 11:50:22.358 | INFO     | arrange_library.core.scheduling.greedy_lane_scheduler:_run_batch_analysis:468 -   [non_10bp] 非10bp文库集中排入专用Lane，避免触发10bp>=40%混排规则 - 约4条Lane, 9205.8GB, 置信度: high
2026-07-07 11:50:22.358 | INFO     | arrange_library.core.scheduling.greedy_lane_scheduler:_run_batch_analysis:468 - --- 混排约束 ---
2026-07-07 11:50:22.358 | INFO     | arrange_library.core.scheduling.greedy_lane_scheduler:_run_batch_analysis:468 -   [tj_1595_special_combo_groups_not_mixed] special_combo_a vs special_combo_b: 10X 5端/VDJ 与 10X 3端/Visium 文库不可混排，必须分开
2026-07-07 11:50:22.358 | INFO     | arrange_library.core.scheduling.greedy_lane_scheduler:_run_batch_analysis:468 - --- 尾部风险 ---
2026-07-07 11:50:22.358 | INFO     | arrange_library.core.scheduling.greedy_lane_scheduler:_run_batch_analysis:468 -   [imbalance] 碱基不均衡文库排完整Lane后剩余259.4GB，不足半Lane(1048GB)，需要大文库骨架携带或混入散样Lane - 259.4GB, 700个, 严重程度: high
2026-07-07 11:50:22.358 | INFO     | arrange_library.core.scheduling.greedy_lane_scheduler:_run_batch_analysis:468 -   [non_10bp] 非10碱基文库排完整Lane后剩余825.8GB，不足半Lane(1048GB)，需要大文库骨架携带或混入散样Lane - 825.8GB, 860个, 严重程度: medium
2026-07-07 11:50:22.358 | INFO     | arrange_library.core.scheduling.greedy_lane_scheduler:_run_batch_analysis:468 -   [special_combo_a] 10X 5端/VDJ组合排完整Lane后剩余310.0GB，不足半Lane(998GB)，需要大文库骨架携带或混入散样Lane - 310.0GB, 25个, 严重程度: high
2026-07-07 11:50:22.358 | INFO     | arrange_library.core.scheduling.greedy_lane_scheduler:_run_batch_analysis:468 -   [special_combo_b] 10X 3端/Visium组合排完整Lane后剩余21.6GB，不足半Lane(998GB)，需要大文库骨架携带或混入散样Lane - 21.6GB, 4个, 严重程度: high
2026-07-07 11:50:22.358 | INFO     | arrange_library.core.scheduling.greedy_lane_scheduler:_run_batch_analysis:468 - --- 策略建议 ---
2026-07-07 11:50:22.358 | INFO     | arrange_library.core.scheduling.greedy_lane_scheduler:_run_batch_analysis:468 -   - 碱基不均衡文库数据量充足，优先形成专用Lane
2026-07-07 11:50:22.358 | INFO     | arrange_library.core.scheduling.greedy_lane_scheduler:_run_batch_analysis:468 -   - 非10bp文库建议走专用Lane，避免10bp>=40%混排红线
2026-07-07 11:50:22.358 | INFO     | arrange_library.core.scheduling.greedy_lane_scheduler:_run_batch_analysis:468 -   - 存在3个高风险尾部分组，建议启用骨架预留(大带小)
2026-07-07 11:50:22.358 | INFO     | arrange_library.core.scheduling.greedy_lane_scheduler:_run_batch_analysis:468 - ===== 报告结束 =====
2026-07-07 11:50:22.358 | INFO     | arrange_library.core.scheduling.greedy_lane_scheduler:_run_batch_analysis:474 - 保留外部传入的策略执行计划，仅使用批次分析报告
2026-07-07 11:50:22.360 | INFO     | arrange_library.core.scheduling.greedy_lane_scheduler:schedule:1129 - 处理机器类型 Nova X-25B - 文库数: 1373 - Lane容量: 1050.0GB, 利用率区间: [100%, 100%], 碱基不均占比上限: 35%
2026-07-07 11:50:22.361 | INFO     | arrange_library.core.scheduling.greedy_lane_scheduler:schedule:1157 - 碱基不均衡专用Lane策略: 700个碱基不均衡文库
2026-07-07 11:50:25.025 | INFO     | arrange_library.core.scheduling.greedy_lane_scheduler:_get_dedicated_lane_profile:982 - 专用Lane分组G36剩余合同量66.3G无法满足1.1或3.6T-NEW有效容量下限
2026-07-07 11:50:25.026 | INFO     | arrange_library.core.scheduling.greedy_lane_scheduler:_get_dedicated_lane_profile:982 - 专用Lane分组G25剩余合同量628.5G无法满足1.1或3.6T-NEW有效容量下限
2026-07-07 11:50:25.026 | INFO     | arrange_library.core.scheduling.greedy_lane_scheduler:_get_dedicated_lane_profile:982 - 专用Lane分组G51剩余合同量411.5G无法满足1.1或3.6T-NEW有效容量下限
2026-07-07 11:50:25.027 | INFO     | arrange_library.core.scheduling.greedy_lane_scheduler:_get_dedicated_lane_profile:982 - 专用Lane分组G27剩余合同量205.8G无法满足1.1或3.6T-NEW有效容量下限
2026-07-07 11:50:25.027 | INFO     | arrange_library.core.scheduling.greedy_lane_scheduler:_get_dedicated_lane_profile:982 - 专用Lane分组G31剩余合同量624.0G无法满足1.1或3.6T-NEW有效容量下限
2026-07-07 11:50:25.028 | INFO     | arrange_library.core.scheduling.greedy_lane_scheduler:_get_dedicated_lane_profile:982 - 专用Lane分组G33剩余合同量619.0G无法满足1.1或3.6T-NEW有效容量下限
2026-07-07 11:50:25.029 | INFO     | arrange_library.core.scheduling.greedy_lane_scheduler:_get_dedicated_lane_profile:982 - 专用Lane分组G29剩余合同量544.0G无法满足1.1或3.6T-NEW有效容量下限
2026-07-07 11:50:25.029 | INFO     | arrange_library.core.scheduling.greedy_lane_scheduler:_get_dedicated_lane_profile:982 - 专用Lane分组G16剩余合同量69.0G无法满足1.1或3.6T-NEW有效容量下限
2026-07-07 11:50:25.030 | INFO     | arrange_library.core.scheduling.greedy_lane_scheduler:_get_dedicated_lane_profile:982 - 专用Lane分组G19剩余合同量570.4G无法满足1.1或3.6T-NEW有效容量下限
2026-07-07 11:50:25.030 | INFO     | arrange_library.core.scheduling.greedy_lane_scheduler:_get_dedicated_lane_profile:982 - 专用Lane分组G6剩余合同量150.0G无法满足1.1或3.6T-NEW有效容量下限
2026-07-07 11:50:25.030 | INFO     | arrange_library.core.scheduling.greedy_lane_scheduler:_get_dedicated_lane_profile:982 - 专用Lane分组G7剩余合同量160.0G无法满足1.1或3.6T-NEW有效容量下限
2026-07-07 11:50:25.031 | INFO     | arrange_library.core.scheduling.greedy_lane_scheduler:_get_dedicated_lane_profile:982 - 专用Lane分组G18剩余合同量6.0G无法满足1.1或3.6T-NEW有效容量下限
2026-07-07 11:50:25.031 | INFO     | arrange_library.core.scheduling.greedy_lane_scheduler:schedule:1163 - 形成0条专用Lane，剩余700个碱基不均衡文库
2026-07-07 11:50:27.227 | INFO     | arrange_library.core.scheduling.greedy_lane_scheduler:schedule:1235 - 第二轮排机: 1162 个未分配文库（wkdeliverydate优先，轮转起点）
2026-07-07 11:50:28.448 | INFO     | arrange_library.core.scheduling.greedy_lane_scheduler:schedule:1251 - 第三轮排机: 1162 个未分配文库（小文库优先）
2026-07-07 11:50:35.740 | INFO     | arrange_library.core.scheduling.greedy_lane_scheduler:schedule:1294 - 连续5轮无新Lane且未分配池不变，提前结束无效重试
2026-07-07 11:50:38.403 | INFO     | arrange_library.core.scheduling.greedy_lane_scheduler:_get_dedicated_lane_profile:982 - 专用Lane分组G36剩余合同量66.3G无法满足1.1或3.6T-NEW有效容量下限
2026-07-07 11:50:38.403 | INFO     | arrange_library.core.scheduling.greedy_lane_scheduler:_get_dedicated_lane_profile:982 - 专用Lane分组G25剩余合同量628.5G无法满足1.1或3.6T-NEW有效容量下限
2026-07-07 11:50:38.404 | INFO     | arrange_library.core.scheduling.greedy_lane_scheduler:_get_dedicated_lane_profile:982 - 专用Lane分组G51剩余合同量411.5G无法满足1.1或3.6T-NEW有效容量下限
2026-07-07 11:50:38.404 | INFO     | arrange_library.core.scheduling.greedy_lane_scheduler:_get_dedicated_lane_profile:982 - 专用Lane分组G27剩余合同量205.8G无法满足1.1或3.6T-NEW有效容量下限
2026-07-07 11:50:38.405 | INFO     | arrange_library.core.scheduling.greedy_lane_scheduler:_get_dedicated_lane_profile:982 - 专用Lane分组G31剩余合同量624.0G无法满足1.1或3.6T-NEW有效容量下限
2026-07-07 11:50:38.405 | INFO     | arrange_library.core.scheduling.greedy_lane_scheduler:_get_dedicated_lane_profile:982 - 专用Lane分组G33剩余合同量619.0G无法满足1.1或3.6T-NEW有效容量下限
2026-07-07 11:50:38.406 | INFO     | arrange_library.core.scheduling.greedy_lane_scheduler:_get_dedicated_lane_profile:982 - 专用Lane分组G29剩余合同量544.0G无法满足1.1或3.6T-NEW有效容量下限
2026-07-07 11:50:38.406 | INFO     | arrange_library.core.scheduling.greedy_lane_scheduler:_get_dedicated_lane_profile:982 - 专用Lane分组G16剩余合同量69.0G无法满足1.1或3.6T-NEW有效容量下限
2026-07-07 11:50:38.407 | INFO     | arrange_library.core.scheduling.greedy_lane_scheduler:_get_dedicated_lane_profile:982 - 专用Lane分组G19剩余合同量570.4G无法满足1.1或3.6T-NEW有效容量下限
2026-07-07 11:50:38.407 | INFO     | arrange_library.core.scheduling.greedy_lane_scheduler:_get_dedicated_lane_profile:982 - 专用Lane分组G6剩余合同量150.0G无法满足1.1或3.6T-NEW有效容量下限
2026-07-07 11:50:38.407 | INFO     | arrange_library.core.scheduling.greedy_lane_scheduler:_get_dedicated_lane_profile:982 - 专用Lane分组G7剩余合同量160.0G无法满足1.1或3.6T-NEW有效容量下限
2026-07-07 11:50:38.408 | INFO     | arrange_library.core.scheduling.greedy_lane_scheduler:_get_dedicated_lane_profile:982 - 专用Lane分组G18剩余合同量6.0G无法满足1.1或3.6T-NEW有效容量下限
2026-07-07 11:50:38.408 | INFO     | arrange_library.core.scheduling.greedy_lane_scheduler:_build_imbalance_dedicated_lanes:1048 - 专用Lane创建完成: 0条Lane, 698个碱基不均衡文库待分配, 464个中性文库待分配
2026-07-07 11:50:38.408 | INFO     | arrange_library.core.scheduling.greedy_lane_scheduler:schedule:1385 - 最后填充策略: 尝试将1162个未分配文库塞入已有Lane
2026-07-07 11:50:40.473 | INFO     | arrange_library.core.scheduling.greedy_lane_scheduler:schedule:1756 - 最后填充策略: 成功塞入8个文库，踢出6个违反规则的文库，剩余1150个无法分配
2026-07-07 11:50:40.474 | WARNING  | arrange_library.core.scheduling.greedy_lane_scheduler:schedule:1766 - 最后填充策略未分配池重建修正: 旧算法=1156个，新算法=1155个
2026-07-07 11:50:40.484 | INFO     | arrange_library.core.scheduling.greedy_lane_scheduler:_optimize_by_redistribution:6239 - 挪移优化: 未分配数据量20790GB已足够，尝试精选组建新Lane
2026-07-07 11:50:40.490 | INFO     | arrange_library.core.scheduling.greedy_lane_scheduler:_try_form_lane_from_unassigned:6510 - 残余精选: 内部377个, 客户778个
2026-07-07 11:50:40.776 | INFO     | arrange_library.core.constraints.lane_validator:__init__:163 - 成Lane校验程序初始化完成 (严格模式: True, 碱基不均衡上限: 35%, 特殊文库关键词: 9个)
2026-07-07 11:50:40.778 | INFO     | arrange_library.core.scheduling.greedy_lane_scheduler:_try_form_lane_from_unassigned:6601 - 残余精选: 验证失败 - ValidationError(rule_type=<ValidationRuleType.CUSTOMER_PRODUCTION_MIX_RATIO: 'customer_production_mix_ratio'>, severity=<ValidationSeverity.ERROR: 'error'>, message='手工/客户侧与产线混合Lane少数侧占比0.2%不符合规则(应>=5%)', current_value=0.0022172949002217295, threshold_value=0.05, affected_libraries=[])
2026-07-07 11:50:40.778 | INFO     | arrange_library.core.scheduling.greedy_lane_scheduler:_optimize_by_redistribution:6243 - 挪移优化: 精选组建失败，继续尝试挪移策略
2026-07-07 11:50:40.778 | INFO     | arrange_library.core.scheduling.greedy_lane_scheduler:_optimize_by_redistribution:6246 - 挪移优化: 未分配1155个文库(20790GB)，需要从现有Lane挪出-18695GB
2026-07-07 11:50:40.785 | WARNING  | arrange_library.core.scheduling.greedy_lane_scheduler:_optimize_by_redistribution:6470 - 挪移优化: 新Lane GL_Nova X-25B_010 验证失败: 容量超限: 20790.0GB > 2255.0GB，放弃创建
2026-07-07 11:50:40.787 | INFO     | arrange_library.core.scheduling.greedy_lane_scheduler:schedule:1826 - 逐Lane贪心排机完成 - Lane数: 1, 已分配: 218/1373, 未分配: 1155, 平均利用率: 111.7%, 耗时: 18.43秒
2026-07-07 11:50:40.787 | INFO     | arrange_library.core.constraints.lane_validator:__init__:163 - 成Lane校验程序初始化完成 (严格模式: False, 碱基不均衡上限: 35%, 特殊文库关键词: 9个)
2026-07-07 11:50:40.858 | WARNING  | arrange_library.core.scheduling.greedy_lane_scheduler:_validate_all_lanes:2135 - Lane GL_Nova X-25B_001 验证失败: ['Lane有效数据量2428.8G(原始2428.8G+平衡0.0G)超过上限2255G，规则=tj_1595_mode_1_1，需剔除约173.8G的文库']
2026-07-07 11:50:40.858 | INFO     | arrange_library.core.scheduling.greedy_lane_scheduler:_validate_all_lanes:2139 - 有1条Lane验证失败，尝试挪移优化...
2026-07-07 11:50:40.858 | INFO     | arrange_library.core.scheduling.greedy_lane_scheduler:_validate_all_lanes:2143 - keep_failed_lanes=True，保留1条验证失败的Lane供外层矫正（未分配池不变）
2026-07-07 11:50:40.858 | INFO     | arrange_library.core.scheduling.greedy_lane_scheduler:_validate_all_lanes:2148 - 最终验证结果（含待矫正Lane）: 1条Lane，1155个文库未分配
2026-07-07 11:50:40.891 | INFO     | __main__:_build_global_round_robin_lane:5708 - 全局轮转混排未成Lane: prefix=G1, pool_size=1155, best=0个/0.0G, min=2095.0G
2026-07-07 11:50:40.892 | INFO     | __main__:test_with_model:20122 - wkspecialsplits边排边检查完成: 无需调整
2026-07-07 11:50:41.150 | WARNING  | __main__:test_with_model:20152 - Lane GL_Nova X-25B_001 验证失败 - 错误: ['capacity_exceeded'], 警告: []
2026-07-07 11:50:41.150 | INFO     | __main__:test_with_model:20157 - 验证完成：0条Lane通过验证
2026-07-07 11:50:41.150 | INFO     | __main__:test_with_model:20178 - 57规则二次改排救援已关闭，失败Lane文库回收到未分配池
2026-07-07 11:50:41.153 | INFO     | __main__:_should_skip_expensive_rescue_stage:2700 - 高成本救援(EX/RB)跳过: 当前0条Lane通过验证，未分配池=1373个/23218.8G，继续做高成本救援收益过低
2026-07-07 11:50:41.187 | INFO     | __main__:_build_global_round_robin_lane:5708 - 全局轮转混排未成Lane: prefix=G1, pool_size=1373, best=0个/0.0G, min=2095.0G
2026-07-07 11:50:41.187 | INFO     | __main__:test_with_model:20418 - 剩余库全局轮转混排未新增Lane: 剩余未分配=1373
2026-07-07 11:50:41.189 | INFO     | __main__:test_with_model:20448 - 脚本内置 Pooling 预测已停用，后续统一调用 prediction_delivery
2026-07-07 11:50:41.192 | INFO     | __main__:arrange_library:21124 - 1.1首轮二次补排完成: 新增Lane=0, 剩余文库=1373
2026-07-07 11:50:41.200 | INFO     | __main__:arrange_library:21137 - 1.1首轮剩余中8个<=500G未拆分原始文库继续保留给1.1尾货抽取，不进入普通3.6T候选池
2026-07-07 11:50:41.200 | INFO     | __main__:arrange_library:21143 - 步骤1.5-3候选池接收1.1剩余可进3.6T文库1365个，继续进入3.6T-NEW
2026-07-07 11:50:41.200 | INFO     | __main__:arrange_library:21147 - 1.1首轮排机完成: 生成8条Lane
2026-07-07 11:50:41.200 | INFO     | __main__:arrange_library:21167 - 步骤1.5后追加<=500G未拆分原始文库到尾货1.1池: 8个
2026-07-07 11:50:41.200 | INFO     | __main__:arrange_library:21172 - 1.1首轮排机阶段完成: 3.6T-NEW后续候选池=1373个文库, 1.1 Lane=8条
2026-07-07 11:50:41.210 | INFO     | __main__:arrange_library:21206 - 
================================================================================
2026-07-07 11:50:41.210 | INFO     | __main__:arrange_library:21207 - 步骤1.6: 尾货1.1专Lane、纯不均混排与普通Lane二次抽取
2026-07-07 11:50:41.210 | INFO     | __main__:arrange_library:21208 - ================================================================================
2026-07-07 11:50:41.211 | INFO     | arrange_library.core.constraints.index_validator_verified:__init__:80 - Index校验器初始化完成（真实数据验证版本）
2026-07-07 11:50:41.212 | INFO     | arrange_library.core.constraints.lane_validator:__init__:163 - 成Lane校验程序初始化完成 (严格模式: True, 碱基不均衡上限: 35%, 特殊文库关键词: 9个)
2026-07-07 11:50:41.213 | WARNING  | arrange_library.core.ai.pooling_coefficient_optimizer:_load_config:40 - Pooling配置表不存在: /data/work/yuyongpeng/liblane_v2_deepseek/data/wktype_pooling_config.xlsx，将使用默认策略
2026-07-07 11:50:41.213 | INFO     | arrange_library.core.ai.pooling_coefficient_optimizer:_load_efficiency_corrections:185 - 产出效率修正表不存在: /data/work/yuyongpeng/liblane_v2_deepseek/data/production_efficiency_correction.csv，跳过后校准
2026-07-07 11:50:41.213 | WARNING  | arrange_library.core.ai.loutput_predictor_wrapper:_load_model:150 - 模型文件不存在: models/loutput_pre_lane_v5/lightgbm_model.pkl
2026-07-07 11:50:41.214 | WARNING  | arrange_library.core.ai.pooling_coefficient_optimizer:__init__:164 - loutput预测器不可用，将使用规则降级策略
2026-07-07 11:50:41.214 | INFO     | arrange_library.core.scheduling.greedy_lane_scheduler:__init__:264 - 逐Lane贪心排机器初始化完成 - 基础容量: 985.0GB, 利用率区间: [100%, 100%], 配置模式: 按机型自动
2026-07-07 11:50:41.214 | INFO     | arrange_library.core.scheduling.greedy_lane_scheduler:__init__:267 - 启用检查: Index=True, 碱基不均衡=True, 规则检查器=False
2026-07-07 11:50:43.888 | INFO     | arrange_library.core.scheduling.greedy_lane_scheduler:_get_dedicated_lane_profile:982 - 专用Lane分组G36剩余合同量66.3G无法满足1.1或3.6T-NEW有效容量下限
2026-07-07 11:50:43.888 | INFO     | arrange_library.core.scheduling.greedy_lane_scheduler:_get_dedicated_lane_profile:982 - 专用Lane分组G25剩余合同量628.5G无法满足1.1或3.6T-NEW有效容量下限
2026-07-07 11:50:43.889 | INFO     | arrange_library.core.scheduling.greedy_lane_scheduler:_get_dedicated_lane_profile:982 - 专用Lane分组G51剩余合同量411.5G无法满足1.1或3.6T-NEW有效容量下限
2026-07-07 11:50:43.889 | INFO     | arrange_library.core.scheduling.greedy_lane_scheduler:_get_dedicated_lane_profile:982 - 专用Lane分组G27剩余合同量205.8G无法满足1.1或3.6T-NEW有效容量下限
2026-07-07 11:50:43.889 | INFO     | arrange_library.core.scheduling.greedy_lane_scheduler:_get_dedicated_lane_profile:982 - 专用Lane分组G31剩余合同量624.0G无法满足1.1或3.6T-NEW有效容量下限
2026-07-07 11:50:43.890 | INFO     | arrange_library.core.scheduling.greedy_lane_scheduler:_get_dedicated_lane_profile:982 - 专用Lane分组G33剩余合同量619.0G无法满足1.1或3.6T-NEW有效容量下限
2026-07-07 11:50:43.891 | INFO     | arrange_library.core.scheduling.greedy_lane_scheduler:_get_dedicated_lane_profile:982 - 专用Lane分组G29剩余合同量544.0G无法满足1.1或3.6T-NEW有效容量下限
2026-07-07 11:50:43.891 | INFO     | arrange_library.core.scheduling.greedy_lane_scheduler:_get_dedicated_lane_profile:982 - 专用Lane分组G16剩余合同量69.0G无法满足1.1或3.6T-NEW有效容量下限
2026-07-07 11:50:43.891 | INFO     | arrange_library.core.scheduling.greedy_lane_scheduler:_get_dedicated_lane_profile:982 - 专用Lane分组G19剩余合同量570.4G无法满足1.1或3.6T-NEW有效容量下限
2026-07-07 11:50:43.892 | INFO     | arrange_library.core.scheduling.greedy_lane_scheduler:_get_dedicated_lane_profile:982 - 专用Lane分组G6剩余合同量150.0G无法满足1.1或3.6T-NEW有效容量下限
2026-07-07 11:50:43.892 | INFO     | arrange_library.core.scheduling.greedy_lane_scheduler:_get_dedicated_lane_profile:982 - 专用Lane分组G7剩余合同量160.0G无法满足1.1或3.6T-NEW有效容量下限
2026-07-07 11:50:43.892 | INFO     | arrange_library.core.scheduling.greedy_lane_scheduler:_get_dedicated_lane_profile:982 - 专用Lane分组G18剩余合同量6.0G无法满足1.1或3.6T-NEW有效容量下限
2026-07-07 11:50:43.892 | INFO     | __main__:arrange_library:21232 - 尾货1.1碱基不均衡专Lane二次抽取未形成新Lane
2026-07-07 11:50:46.554 | INFO     | __main__:_consume_g55_imbalance_as_mode_lanes:16891 - 步骤1.6 G55跨基础组碱基不均1.1专Lane未成Lane: 候选697个/6362.4G, 1.1真实量窗口=[1990.2,2142.2]G, validation_attempts=0, top_failures=[('g55_budgeted_seed_customer_ratio', 16568), ('g55_budgeted_fill_high_phix_ratio', 3412), ('g55_budgeted_fill_duplicate', 3050), ('g55_budgeted_fill_index_conflict', 902), ('g55_budgeted_seed_high_phix_ratio', 807)]
2026-07-07 11:50:46.554 | INFO     | __main__:arrange_library:21256 - 尾货G55跨基础组碱基不均1.1专Lane未形成新Lane
2026-07-07 11:50:48.027 | INFO     | __main__:_try_build_near_min_global_mode_1_1_lane_from_pool:9055 - 全局1.1近下限构Lane成功: group=normal, variant=large_first, lane=GL_Nova X-25B_001, 使用235个/2105.4G
2026-07-07 11:51:22.224 | INFO     | __main__:_try_build_near_min_global_mode_1_1_lane_from_pool:9082 - 全局1.1近下限构Lane早停: 连续3次构造变体未新增Lane，pool_size=1138, pool_data=21113.4G
2026-07-07 11:51:22.226 | INFO     | __main__:_try_build_near_min_global_mode_1_1_lane_from_pool:9092 - 全局1.1近下限构Lane未成Lane: pool_size=1138, pool_data=21113.4G, best=231个/2254.8G/339对index, rejects={'over_max': 6117, 'incremental_index': 1677, 'imbalance_ratio': 165}, validation_top=[('customer_ratio: 客户文库占比99.5%不符合规则(应<=50%或=100%)', 72), ('customer_ratio: 客户文库占比97.3%不符合规则(应<=50%或=100%)', 69), ('index_10bp_ratio: 10bp Index占比0.5%低于40%要求', 48), ('index_10bp_ratio: 10bp Index占比2.3%低于40%要求', 48), ('index_10bp_ratio: 10bp Index占比2.2%低于40%要求', 39), ('index_10bp_ratio: 10bp Index占比1.0%低于40%要求', 9), ('index_10bp_ratio: 10bp Index占比1.9%低于40%要求', 9), ('index_10bp_ratio: 10bp Index占比1.5%低于40%要求', 6)]
2026-07-07 11:51:22.230 | INFO     | __main__:_try_build_global_mode_1_1_lane_from_pool:9247 - 全局1.1构Lane尝试: attempt=global_budgeted_ratio, lane_prefix=GL, pool_size=1138, pool_data=21113.4G, prioritize_scattered_mix=False
2026-07-07 11:51:28.990 | INFO     | __main__:_attempt_build_lane_from_pool:5527 - 全局1.1构Lane失败诊断: prefix=GL, machine=Nova X-25B, pool_size=1138, pool_data=21113.4G, attempts=20, index_retries=0, other_retries=20, best=177个/2253.9G/274对index, counters={'skip_incremental_index': 1441, 'full_validation_failed': 20, 'skip_over_max': 3}, validation_top=[('index_10bp_ratio: 10bp Index占比2.0%低于40%要求', 8), ('customer_ratio: 客户文库占比99.5%不符合规则(应<=50%或=100%)', 7), ('customer_production_mix_ratio: 手工/客户侧与产线混合Lane少数侧占比0.2%不符合规则(应>=5%)', 7), ('customer_ratio: 客户文库占比98.7%不符合规则(应<=50%或=100%)', 5), ('index_10bp_ratio: 10bp Index占比0.5%低于40%要求', 4), ('customer_ratio: 客户文库占比96.7%不符合规则(应<=50%或=100%)', 3), ('index_10bp_ratio: 10bp Index占比1.9%低于40%要求', 3), ('customer_ratio: 客户文库占比96.6%不符合规则(应<=50%或=100%)', 3)]
2026-07-07 11:51:28.993 | INFO     | __main__:_try_build_global_mode_1_1_lane_from_pool:9279 - 全局1.1构Lane未成Lane: lane_prefix=GL, pool_size=1138, pool_data=21113.4G
2026-07-07 11:51:28.994 | INFO     | arrange_library.core.constraints.lane_validator:__init__:163 - 成Lane校验程序初始化完成 (严格模式: True, 碱基不均衡上限: 35%, 特殊文库关键词: 9个)
2026-07-07 11:51:28.995 | INFO     | __main__:arrange_library:21270 - 尾货1.1普通Lane二次抽取完成: 新增Lane=1, 消耗文库=235, 剩余进入普通3.6T排机文库=1138
2026-07-07 11:51:30.091 | INFO     | __main__:arrange_library:21325 - 步骤2前置分流: 4个<=500G未拆分原始文库已完成1.1多轮尝试但未成Lane；其中4个允许强制拆分后进3.6T，0个因拆分后过小保留未分配输出
2026-07-07 11:51:30.091 | INFO     | __main__:arrange_library:21333 - 
================================================================================
2026-07-07 11:51:30.091 | INFO     | __main__:arrange_library:21334 - 步骤2: 处理普通文库（使用GreedyLaneScheduler）
2026-07-07 11:51:30.091 | INFO     | __main__:arrange_library:21335 - ================================================================================
2026-07-07 11:51:30.129 | INFO     | __main__:_proactively_build_split_family_lanes_from_pool:18133 - 步骤2前置拆分家族构建未构建出完整拆分Lane
2026-07-07 11:51:30.131 | INFO     | arrange_library.core.constraints.index_validator_verified:__init__:80 - Index校验器初始化完成（真实数据验证版本）
2026-07-07 11:51:30.131 | INFO     | arrange_library.core.constraints.lane_validator:__init__:163 - 成Lane校验程序初始化完成 (严格模式: True, 碱基不均衡上限: 35%, 特殊文库关键词: 9个)
2026-07-07 11:51:30.132 | WARNING  | arrange_library.core.ai.pooling_coefficient_optimizer:_load_config:40 - Pooling配置表不存在: /data/work/yuyongpeng/liblane_v2_deepseek/data/wktype_pooling_config.xlsx，将使用默认策略
2026-07-07 11:51:30.132 | INFO     | arrange_library.core.ai.pooling_coefficient_optimizer:_load_efficiency_corrections:185 - 产出效率修正表不存在: /data/work/yuyongpeng/liblane_v2_deepseek/data/production_efficiency_correction.csv，跳过后校准
2026-07-07 11:51:30.132 | WARNING  | arrange_library.core.ai.loutput_predictor_wrapper:_load_model:150 - 模型文件不存在: models/loutput_pre_lane_v5/lightgbm_model.pkl
2026-07-07 11:51:30.133 | WARNING  | arrange_library.core.ai.pooling_coefficient_optimizer:__init__:164 - loutput预测器不可用，将使用规则降级策略
2026-07-07 11:51:30.133 | INFO     | arrange_library.core.scheduling.greedy_lane_scheduler:__init__:264 - 逐Lane贪心排机器初始化完成 - 基础容量: 985.0GB, 利用率区间: [100%, 100%], 配置模式: 按机型自动
2026-07-07 11:51:30.133 | INFO     | arrange_library.core.scheduling.greedy_lane_scheduler:__init__:267 - 启用检查: Index=True, 碱基不均衡=True, 规则检查器=False
2026-07-07 11:51:31.288 | INFO     | arrange_library.core.scheduling.greedy_lane_scheduler:_get_dedicated_lane_profile:982 - 专用Lane分组G36剩余合同量58.3G无法满足1.1或3.6T-NEW有效容量下限
2026-07-07 11:51:31.289 | INFO     | arrange_library.core.scheduling.greedy_lane_scheduler:_get_dedicated_lane_profile:982 - 专用Lane分组G25剩余合同量608.5G无法满足1.1或3.6T-NEW有效容量下限
2026-07-07 11:51:31.290 | INFO     | arrange_library.core.scheduling.greedy_lane_scheduler:_get_dedicated_lane_profile:982 - 专用Lane分组G51剩余合同量400.0G无法满足1.1或3.6T-NEW有效容量下限
2026-07-07 11:51:31.290 | INFO     | arrange_library.core.scheduling.greedy_lane_scheduler:_get_dedicated_lane_profile:982 - 专用Lane分组G27剩余合同量205.0G无法满足1.1或3.6T-NEW有效容量下限
2026-07-07 11:51:31.290 | INFO     | arrange_library.core.scheduling.greedy_lane_scheduler:_get_dedicated_lane_profile:982 - 专用Lane分组G31剩余合同量24.0G无法满足1.1或3.6T-NEW有效容量下限
2026-07-07 11:51:31.291 | INFO     | arrange_library.core.scheduling.greedy_lane_scheduler:_get_dedicated_lane_profile:982 - 专用Lane分组G33剩余合同量619.0G无法满足1.1或3.6T-NEW有效容量下限
2026-07-07 11:51:31.291 | INFO     | arrange_library.core.scheduling.greedy_lane_scheduler:_get_dedicated_lane_profile:982 - 专用Lane分组G29剩余合同量544.0G无法满足1.1或3.6T-NEW有效容量下限
2026-07-07 11:51:31.292 | INFO     | arrange_library.core.scheduling.greedy_lane_scheduler:_get_dedicated_lane_profile:982 - 专用Lane分组G16剩余合同量69.0G无法满足1.1或3.6T-NEW有效容量下限
2026-07-07 11:51:31.292 | INFO     | arrange_library.core.scheduling.greedy_lane_scheduler:_get_dedicated_lane_profile:982 - 专用Lane分组G19剩余合同量570.4G无法满足1.1或3.6T-NEW有效容量下限
2026-07-07 11:51:31.293 | INFO     | arrange_library.core.scheduling.greedy_lane_scheduler:_get_dedicated_lane_profile:982 - 专用Lane分组G6剩余合同量150.0G无法满足1.1或3.6T-NEW有效容量下限
2026-07-07 11:51:31.293 | INFO     | arrange_library.core.scheduling.greedy_lane_scheduler:_get_dedicated_lane_profile:982 - 专用Lane分组G7剩余合同量160.0G无法满足1.1或3.6T-NEW有效容量下限
2026-07-07 11:51:31.293 | INFO     | arrange_library.core.scheduling.greedy_lane_scheduler:_get_dedicated_lane_profile:982 - 专用Lane分组G18剩余合同量6.0G无法满足1.1或3.6T-NEW有效容量下限
2026-07-07 11:51:31.316 | INFO     | __main__:_consume_g53_g54_imbalance_as_mode_lanes:1630 - 步骤2前置3.6 G53/G54组合碱基不均专Lane未成Lane: group=G54, 候选4个/21.6G, 贪心选择3个/19.6G, 下限970.0G, top_failures=[('capacity_out_of_rule_range', 1), ('index_pairs_less_than_5', 1)]
2026-07-07 11:51:32.766 | INFO     | __main__:_consume_g55_imbalance_as_mode_lanes:16891 - 步骤2前置3.6 G55跨基础组碱基不均专Lane未成Lane: 候选662个/5842.8G, 3.6T-NEW真实量窗口=[945.2,1049.8]G, validation_attempts=0, top_failures=[('g55_budgeted_seed_customer_ratio', 8409), ('g55_budgeted_fill_high_phix_ratio', 2924), ('g55_budgeted_fill_duplicate', 2743), ('g55_budgeted_fill_index_conflict', 1067), ('g55_budgeted_seed_high_phix_ratio', 905)]
2026-07-07 11:51:35.774 | INFO     | __main__:arrange_library:21389 - 步骤2前置3.6客户纯Lane抽取完成: 新增Lane=3, 使用文库=294, 剩余普通排机文库=844
2026-07-07 11:51:35.775 | INFO     | __main__:arrange_library:21419 - 排机超时保护已启动，最大允许时间: 10 分钟
2026-07-07 11:51:35.878 | INFO     | __main__:test_with_model:19997 - 
================================================================================
2026-07-07 11:51:35.878 | INFO     | __main__:test_with_model:19998 - 排机流程：纯规则排机
2026-07-07 11:51:35.878 | INFO     | __main__:test_with_model:19999 - ================================================================================
2026-07-07 11:51:35.878 | INFO     | arrange_library.core.constraints.index_validator_verified:__init__:80 - Index校验器初始化完成（真实数据验证版本）
2026-07-07 11:51:35.878 | INFO     | arrange_library.core.constraints.lane_validator:__init__:163 - 成Lane校验程序初始化完成 (严格模式: True, 碱基不均衡上限: 35%, 特殊文库关键词: 9个)
2026-07-07 11:51:35.880 | WARNING  | arrange_library.core.ai.pooling_coefficient_optimizer:_load_config:40 - Pooling配置表不存在: /data/work/yuyongpeng/liblane_v2_deepseek/data/wktype_pooling_config.xlsx，将使用默认策略
2026-07-07 11:51:35.880 | INFO     | arrange_library.core.ai.pooling_coefficient_optimizer:_load_efficiency_corrections:185 - 产出效率修正表不存在: /data/work/yuyongpeng/liblane_v2_deepseek/data/production_efficiency_correction.csv，跳过后校准
2026-07-07 11:51:35.880 | WARNING  | arrange_library.core.ai.loutput_predictor_wrapper:_load_model:150 - 模型文件不存在: models/loutput_pre_lane_v5/lightgbm_model.pkl
2026-07-07 11:51:35.880 | WARNING  | arrange_library.core.ai.pooling_coefficient_optimizer:__init__:164 - loutput预测器不可用，将使用规则降级策略
2026-07-07 11:51:35.880 | INFO     | arrange_library.core.scheduling.greedy_lane_scheduler:__init__:264 - 逐Lane贪心排机器初始化完成 - 基础容量: 985.0GB, 利用率区间: [100%, 100%], 配置模式: 按机型自动
2026-07-07 11:51:35.880 | INFO     | arrange_library.core.scheduling.greedy_lane_scheduler:__init__:267 - 启用检查: Index=True, 碱基不均衡=True, 规则检查器=False
2026-07-07 11:51:35.880 | INFO     | __main__:test_with_model:20025 - 排机阶段：Pooling优化器已禁用（V6流程不需要）
2026-07-07 11:51:35.881 | INFO     | arrange_library.core.constraints.lane_validator:__init__:163 - 成Lane校验程序初始化完成 (严格模式: True, 碱基不均衡上限: 35%, 特殊文库关键词: 9个)
2026-07-07 11:51:35.881 | INFO     | __main__:test_with_model:20029 - 严格校验容量区间改为按统一配置表动态解析
2026-07-07 11:51:35.885 | INFO     | arrange_library.core.preprocessing.library_splitter:split_libraries:45 - ============================================================
2026-07-07 11:51:35.885 | INFO     | arrange_library.core.preprocessing.library_splitter:split_libraries:46 - [拆分] 开始文库拆分预处理
2026-07-07 11:51:35.885 | INFO     | arrange_library.core.preprocessing.library_splitter:split_libraries:47 -   拆分规则: 1.1模式文库（兼容旧名1.0）不拆分；3.6T-NEW单对index >130.0G 拆分，多对index >300.0G 拆分
2026-07-07 11:51:35.885 | INFO     | arrange_library.core.preprocessing.library_splitter:split_libraries:53 -   最小保留数据量: >2.0G
2026-07-07 11:51:35.886 | INFO     | arrange_library.core.preprocessing.library_splitter:split_libraries:85 - ------------------------------------------------------------
2026-07-07 11:51:35.886 | INFO     | arrange_library.core.preprocessing.library_splitter:split_libraries:86 -  拆分完成
2026-07-07 11:51:35.886 | INFO     | arrange_library.core.preprocessing.library_splitter:split_libraries:87 -   原始文库数: 4
2026-07-07 11:51:35.886 | INFO     | arrange_library.core.preprocessing.library_splitter:split_libraries:88 -   拆分文库数: 4
2026-07-07 11:51:35.886 | INFO     | arrange_library.core.preprocessing.library_splitter:split_libraries:89 -   最终文库数: 8
2026-07-07 11:51:35.886 | INFO     | arrange_library.core.preprocessing.library_splitter:split_libraries:90 - ============================================================
2026-07-07 11:51:35.887 | INFO     | __main__:test_with_model:20044 - 主流程前置拆分完成: 原始文库844个，触发拆分4个，拆分后文库848个
2026-07-07 11:51:35.960 | INFO     | __main__:_extract_mixed_lanes_by_peak_window:8174 - 混排Peak窗口: 356-506bp, 541个文库/14998G, 理论最多15条Lane
2026-07-07 11:51:36.017 | INFO     | __main__:_extract_mixed_lanes_by_peak_window:8210 - 混排Lane预抽取完成: 新增Lane=0，使用文库=0个/0.0G，剩余待排=848个/18111.0G
2026-07-07 11:51:36.017 | INFO     | arrange_library.core.scheduling.greedy_lane_scheduler:schedule:1083 - 开始逐Lane贪心排机 - 文库数: 848
2026-07-07 11:51:36.017 | INFO     | arrange_library.core.scheduling.greedy_lane_scheduler:schedule:1093 - 预拆分完成: 使用外层已拆分文库
2026-07-07 11:51:36.020 | INFO     | arrange_library.core.scheduling.greedy_lane_scheduler:_run_batch_analysis:468 - ===== 批次全局分析报告 =====
2026-07-07 11:51:36.020 | INFO     | arrange_library.core.scheduling.greedy_lane_scheduler:_run_batch_analysis:468 - 机器类型: Nova X-25B
2026-07-07 11:51:36.020 | INFO     | arrange_library.core.scheduling.greedy_lane_scheduler:_run_batch_analysis:468 - 文库总数: 848
2026-07-07 11:51:36.020 | INFO     | arrange_library.core.scheduling.greedy_lane_scheduler:_run_batch_analysis:468 - 总数据量: 18111.0 GB
2026-07-07 11:51:36.020 | INFO     | arrange_library.core.scheduling.greedy_lane_scheduler:_run_batch_analysis:468 - 预估Lane数: 17~19
2026-07-07 11:51:36.020 | INFO     | arrange_library.core.scheduling.greedy_lane_scheduler:_run_batch_analysis:468 - --- 特征标记 ---
2026-07-07 11:51:36.020 | INFO     | arrange_library.core.scheduling.greedy_lane_scheduler:_run_batch_analysis:468 -   包Lane文库: 无
2026-07-07 11:51:36.020 | INFO     | arrange_library.core.scheduling.greedy_lane_scheduler:_run_batch_analysis:468 -   碱基不均衡: 有
2026-07-07 11:51:36.020 | INFO     | arrange_library.core.scheduling.greedy_lane_scheduler:_run_batch_analysis:468 -   客户文库:   无
2026-07-07 11:51:36.020 | INFO     | arrange_library.core.scheduling.greedy_lane_scheduler:_run_batch_analysis:468 -   10bp文库:   有
2026-07-07 11:51:36.020 | INFO     | arrange_library.core.scheduling.greedy_lane_scheduler:_run_batch_analysis:468 -   非10bp文库: 有
2026-07-07 11:51:36.020 | INFO     | arrange_library.core.scheduling.greedy_lane_scheduler:_run_batch_analysis:468 -   特殊组合:   有
2026-07-07 11:51:36.020 | INFO     | arrange_library.core.scheduling.greedy_lane_scheduler:_run_batch_analysis:468 - --- 分组画像 ---
2026-07-07 11:51:36.020 | INFO     | arrange_library.core.scheduling.greedy_lane_scheduler:_run_batch_analysis:468 -   [imbalance] 碱基不均衡文库: 509个文库, 5019.0GB, 预估5~6条Lane
2026-07-07 11:51:36.020 | INFO     | arrange_library.core.scheduling.greedy_lane_scheduler:_run_batch_analysis:468 -   [non_10bp] 非10碱基文库: 504个文库, 5656.5GB, 预估6~6条Lane
2026-07-07 11:51:36.020 | INFO     | arrange_library.core.scheduling.greedy_lane_scheduler:_run_batch_analysis:468 -   [all] 全部文库: 848个文库, 18111.0GB, 预估17~19条Lane
2026-07-07 11:51:36.020 | INFO     | arrange_library.core.scheduling.greedy_lane_scheduler:_run_batch_analysis:468 -   [special_combo_b] 10X 3端/Visium组合: 4个文库, 21.6GB, 预估1~1条Lane
2026-07-07 11:51:36.020 | INFO     | arrange_library.core.scheduling.greedy_lane_scheduler:_run_batch_analysis:468 -   [10bp] 10碱基文库: 344个文库, 12454.5GB, 预估12~13条Lane
2026-07-07 11:51:36.020 | INFO     | arrange_library.core.scheduling.greedy_lane_scheduler:_run_batch_analysis:468 -   [special_combo_a] 10X 5端/VDJ组合: 25个文库, 310.0GB, 预估1~1条Lane
2026-07-07 11:51:36.020 | INFO     | arrange_library.core.scheduling.greedy_lane_scheduler:_run_batch_analysis:468 - --- 专用Lane推荐 ---
2026-07-07 11:51:36.020 | INFO     | arrange_library.core.scheduling.greedy_lane_scheduler:_run_batch_analysis:468 -   [imbalance] 碱基不均衡文库数据量充足，可包专用Lane避免混排占比限制 - 约5条Lane, 5019.0GB, 置信度: high
2026-07-07 11:51:36.020 | INFO     | arrange_library.core.scheduling.greedy_lane_scheduler:_run_batch_analysis:468 -   [non_10bp] 非10bp文库集中排入专用Lane，避免触发10bp>=40%混排规则 - 约5条Lane, 5656.5GB, 置信度: high
2026-07-07 11:51:36.021 | INFO     | arrange_library.core.scheduling.greedy_lane_scheduler:_run_batch_analysis:468 - --- 混排约束 ---
2026-07-07 11:51:36.021 | INFO     | arrange_library.core.scheduling.greedy_lane_scheduler:_run_batch_analysis:468 -   [tj_1595_special_combo_groups_not_mixed] special_combo_a vs special_combo_b: 10X 5端/VDJ 与 10X 3端/Visium 文库不可混排，必须分开
2026-07-07 11:51:36.021 | INFO     | arrange_library.core.scheduling.greedy_lane_scheduler:_run_batch_analysis:468 - --- 尾部风险 ---
2026-07-07 11:51:36.021 | INFO     | arrange_library.core.scheduling.greedy_lane_scheduler:_run_batch_analysis:468 -   [imbalance] 碱基不均衡文库排完整Lane后剩余44.0GB，不足半Lane(498GB)，需要大文库骨架携带或混入散样Lane - 44.0GB, 509个, 严重程度: high
2026-07-07 11:51:36.021 | INFO     | arrange_library.core.scheduling.greedy_lane_scheduler:_run_batch_analysis:468 -   [special_combo_a] 10X 5端/VDJ组合排完整Lane后剩余310.0GB，不足半Lane(485GB)，需要大文库骨架携带或混入散样Lane - 310.0GB, 25个, 严重程度: medium
2026-07-07 11:51:36.021 | INFO     | arrange_library.core.scheduling.greedy_lane_scheduler:_run_batch_analysis:468 -   [special_combo_b] 10X 3端/Visium组合排完整Lane后剩余21.6GB，不足半Lane(485GB)，需要大文库骨架携带或混入散样Lane - 21.6GB, 4个, 严重程度: high
2026-07-07 11:51:36.021 | INFO     | arrange_library.core.scheduling.greedy_lane_scheduler:_run_batch_analysis:468 - --- 策略建议 ---
2026-07-07 11:51:36.021 | INFO     | arrange_library.core.scheduling.greedy_lane_scheduler:_run_batch_analysis:468 -   - 碱基不均衡文库数据量充足，优先形成专用Lane
2026-07-07 11:51:36.021 | INFO     | arrange_library.core.scheduling.greedy_lane_scheduler:_run_batch_analysis:468 -   - 非10bp文库建议走专用Lane，避免10bp>=40%混排红线
2026-07-07 11:51:36.021 | INFO     | arrange_library.core.scheduling.greedy_lane_scheduler:_run_batch_analysis:468 -   - 存在2个高风险尾部分组，建议启用骨架预留(大带小)
2026-07-07 11:51:36.021 | INFO     | arrange_library.core.scheduling.greedy_lane_scheduler:_run_batch_analysis:468 - ===== 报告结束 =====
2026-07-07 11:51:36.021 | INFO     | arrange_library.core.scheduling.greedy_lane_scheduler:_run_batch_analysis:474 - 保留外部传入的策略执行计划，仅使用批次分析报告
2026-07-07 11:51:36.022 | INFO     | arrange_library.core.scheduling.greedy_lane_scheduler:schedule:1129 - 处理机器类型 Nova X-25B - 文库数: 848 - Lane容量: 1050.0GB, 利用率区间: [100%, 100%], 碱基不均占比上限: 35%
2026-07-07 11:51:36.022 | INFO     | arrange_library.core.scheduling.greedy_lane_scheduler:schedule:1157 - 碱基不均衡专用Lane策略: 509个碱基不均衡文库
2026-07-07 11:51:36.294 | INFO     | arrange_library.core.scheduling.greedy_lane_scheduler:_get_dedicated_lane_profile:982 - 专用Lane分组G51剩余合同量320.0G无法满足1.1或3.6T-NEW有效容量下限
2026-07-07 11:51:36.294 | INFO     | arrange_library.core.scheduling.greedy_lane_scheduler:_get_dedicated_lane_profile:982 - 专用Lane分组G33剩余合同量422.0G无法满足1.1或3.6T-NEW有效容量下限
2026-07-07 11:51:36.472 | INFO     | arrange_library.core.scheduling.greedy_lane_scheduler:_get_dedicated_lane_profile:982 - 专用Lane分组G29剩余合同量538.0G无法满足1.1或3.6T-NEW有效容量下限
2026-07-07 11:51:36.472 | INFO     | arrange_library.core.scheduling.greedy_lane_scheduler:_get_dedicated_lane_profile:982 - 专用Lane分组G27剩余合同量75.0G无法满足1.1或3.6T-NEW有效容量下限
2026-07-07 11:51:36.472 | INFO     | arrange_library.core.scheduling.greedy_lane_scheduler:_get_dedicated_lane_profile:982 - 专用Lane分组G25剩余合同量500.0G无法满足1.1或3.6T-NEW有效容量下限
2026-07-07 11:51:36.473 | INFO     | arrange_library.core.scheduling.greedy_lane_scheduler:_get_dedicated_lane_profile:982 - 专用Lane分组G36剩余合同量37.0G无法满足1.1或3.6T-NEW有效容量下限
2026-07-07 11:51:36.473 | INFO     | arrange_library.core.scheduling.greedy_lane_scheduler:_get_dedicated_lane_profile:982 - 专用Lane分组G16剩余合同量69.0G无法满足1.1或3.6T-NEW有效容量下限
2026-07-07 11:51:36.473 | INFO     | arrange_library.core.scheduling.greedy_lane_scheduler:_get_dedicated_lane_profile:982 - 专用Lane分组G19剩余合同量570.4G无法满足1.1或3.6T-NEW有效容量下限
2026-07-07 11:51:36.474 | INFO     | arrange_library.core.scheduling.greedy_lane_scheduler:_get_dedicated_lane_profile:982 - 专用Lane分组G6剩余合同量150.0G无法满足1.1或3.6T-NEW有效容量下限
2026-07-07 11:51:36.474 | INFO     | arrange_library.core.scheduling.greedy_lane_scheduler:_get_dedicated_lane_profile:982 - 专用Lane分组G7剩余合同量160.0G无法满足1.1或3.6T-NEW有效容量下限
2026-07-07 11:51:36.474 | INFO     | arrange_library.core.scheduling.greedy_lane_scheduler:_get_dedicated_lane_profile:982 - 专用Lane分组G18剩余合同量6.0G无法满足1.1或3.6T-NEW有效容量下限
2026-07-07 11:51:36.474 | INFO     | arrange_library.core.scheduling.greedy_lane_scheduler:schedule:1163 - 形成0条专用Lane，剩余509个碱基不均衡文库
2026-07-07 11:51:36.477 | INFO     | arrange_library.core.scheduling.greedy_lane_scheduler:_schedule_3_6t_split_families_atomically:5249 - 3.6T-NEW拆分家族分组批量未成Lane: split_count=2, sample_type=客户-动植物全基因组重测序文库, imbalance_group=, 选中家族=3, lane_totals=[300.0, 300.0]
2026-07-07 11:51:36.478 | INFO     | arrange_library.core.scheduling.greedy_lane_scheduler:_schedule_3_6t_split_families_atomically:5249 - 3.6T-NEW拆分家族分组批量未成Lane: split_count=2, sample_type=客户-hi-c文库, imbalance_group=, 选中家族=1, lane_totals=[100.0, 100.0]
2026-07-07 11:51:36.478 | INFO     | arrange_library.core.scheduling.greedy_lane_scheduler:_schedule_3_6t_split_families_atomically:5268 - 3.6T-NEW拆分片段分散成功: 拆分家族0个，生成0条Lane，每个家族每Lane最多1片
2026-07-07 11:51:36.478 | INFO     | arrange_library.core.scheduling.greedy_lane_scheduler:schedule:1215 - 3.6T-NEW拆分家族原子分散失败: 4个原始文库回滚为未分配并禁止继续成Lane
2026-07-07 11:51:37.048 | INFO     | arrange_library.core.scheduling.greedy_lane_scheduler:schedule:1235 - 第二轮排机: 750 个未分配文库（wkdeliverydate优先，轮转起点）
2026-07-07 11:51:37.223 | INFO     | arrange_library.core.scheduling.greedy_lane_scheduler:schedule:1251 - 第三轮排机: 750 个未分配文库（小文库优先）
2026-07-07 11:51:38.217 | INFO     | arrange_library.core.scheduling.greedy_lane_scheduler:schedule:1294 - 连续5轮无新Lane且未分配池不变，提前结束无效重试
2026-07-07 11:51:38.490 | INFO     | arrange_library.core.scheduling.greedy_lane_scheduler:_get_dedicated_lane_profile:982 - 专用Lane分组G51剩余合同量320.0G无法满足1.1或3.6T-NEW有效容量下限
2026-07-07 11:51:38.491 | INFO     | arrange_library.core.scheduling.greedy_lane_scheduler:_get_dedicated_lane_profile:982 - 专用Lane分组G33剩余合同量422.0G无法满足1.1或3.6T-NEW有效容量下限
2026-07-07 11:51:38.669 | INFO     | arrange_library.core.scheduling.greedy_lane_scheduler:_get_dedicated_lane_profile:982 - 专用Lane分组G29剩余合同量538.0G无法满足1.1或3.6T-NEW有效容量下限
2026-07-07 11:51:38.669 | INFO     | arrange_library.core.scheduling.greedy_lane_scheduler:_get_dedicated_lane_profile:982 - 专用Lane分组G27剩余合同量75.0G无法满足1.1或3.6T-NEW有效容量下限
2026-07-07 11:51:38.670 | INFO     | arrange_library.core.scheduling.greedy_lane_scheduler:_get_dedicated_lane_profile:982 - 专用Lane分组G25剩余合同量500.0G无法满足1.1或3.6T-NEW有效容量下限
2026-07-07 11:51:38.670 | INFO     | arrange_library.core.scheduling.greedy_lane_scheduler:_get_dedicated_lane_profile:982 - 专用Lane分组G36剩余合同量37.0G无法满足1.1或3.6T-NEW有效容量下限
2026-07-07 11:51:38.671 | INFO     | arrange_library.core.scheduling.greedy_lane_scheduler:_get_dedicated_lane_profile:982 - 专用Lane分组G16剩余合同量69.0G无法满足1.1或3.6T-NEW有效容量下限
2026-07-07 11:51:38.671 | INFO     | arrange_library.core.scheduling.greedy_lane_scheduler:_get_dedicated_lane_profile:982 - 专用Lane分组G19剩余合同量570.4G无法满足1.1或3.6T-NEW有效容量下限
2026-07-07 11:51:38.671 | INFO     | arrange_library.core.scheduling.greedy_lane_scheduler:_get_dedicated_lane_profile:982 - 专用Lane分组G6剩余合同量150.0G无法满足1.1或3.6T-NEW有效容量下限
2026-07-07 11:51:38.672 | INFO     | arrange_library.core.scheduling.greedy_lane_scheduler:_get_dedicated_lane_profile:982 - 专用Lane分组G7剩余合同量160.0G无法满足1.1或3.6T-NEW有效容量下限
2026-07-07 11:51:38.672 | INFO     | arrange_library.core.scheduling.greedy_lane_scheduler:_get_dedicated_lane_profile:982 - 专用Lane分组G18剩余合同量6.0G无法满足1.1或3.6T-NEW有效容量下限
2026-07-07 11:51:38.672 | INFO     | arrange_library.core.scheduling.greedy_lane_scheduler:_build_imbalance_dedicated_lanes:1048 - 专用Lane创建完成: 0条Lane, 509个碱基不均衡文库待分配, 241个中性文库待分配
2026-07-07 11:51:38.672 | INFO     | arrange_library.core.scheduling.greedy_lane_scheduler:schedule:1385 - 最后填充策略: 尝试将754个未分配文库塞入已有Lane
2026-07-07 11:51:39.483 | INFO     | arrange_library.core.scheduling.greedy_lane_scheduler:schedule:1756 - 最后填充策略: 成功塞入11个文库，踢出0个违反规则的文库，剩余743个无法分配
2026-07-07 11:51:39.491 | INFO     | arrange_library.core.scheduling.greedy_lane_scheduler:_optimize_by_redistribution:6239 - 挪移优化: 未分配数据量15903GB已足够，尝试精选组建新Lane
2026-07-07 11:51:39.495 | INFO     | arrange_library.core.scheduling.greedy_lane_scheduler:_try_form_lane_from_unassigned:6510 - 残余精选: 内部318个, 客户425个
2026-07-07 11:51:39.629 | INFO     | arrange_library.core.constraints.lane_validator:__init__:163 - 成Lane校验程序初始化完成 (严格模式: True, 碱基不均衡上限: 35%, 特殊文库关键词: 9个)
2026-07-07 11:51:39.629 | INFO     | arrange_library.core.scheduling.greedy_lane_scheduler:_try_form_lane_from_unassigned:6601 - 残余精选: 验证失败 - ValidationError(rule_type=<ValidationRuleType.CUSTOMER_PRODUCTION_MIX_RATIO: 'customer_production_mix_ratio'>, severity=<ValidationSeverity.ERROR: 'error'>, message='手工/客户侧与产线混合Lane少数侧占比2.3%不符合规则(应>=5%)', current_value=0.02262443438914027, threshold_value=0.05, affected_libraries=[])
2026-07-07 11:51:39.629 | INFO     | arrange_library.core.scheduling.greedy_lane_scheduler:_optimize_by_redistribution:6243 - 挪移优化: 精选组建失败，继续尝试挪移策略
2026-07-07 11:51:39.630 | INFO     | arrange_library.core.scheduling.greedy_lane_scheduler:_optimize_by_redistribution:6246 - 挪移优化: 未分配743个文库(15903GB)，需要从现有Lane挪出-14908GB
2026-07-07 11:51:39.634 | WARNING  | arrange_library.core.scheduling.greedy_lane_scheduler:_optimize_by_redistribution:6470 - 挪移优化: 新Lane GL_Nova X-25B_015 验证失败: 容量超限: 15903.0GB > 1105.0GB，放弃创建
2026-07-07 11:51:39.634 | INFO     | arrange_library.core.scheduling.greedy_lane_scheduler:schedule:1826 - 逐Lane贪心排机完成 - Lane数: 2, 已分配: 101/848, 未分配: 743, 平均利用率: 105.1%, 耗时: 3.62秒
2026-07-07 11:51:39.635 | INFO     | arrange_library.core.constraints.lane_validator:__init__:163 - 成Lane校验程序初始化完成 (严格模式: False, 碱基不均衡上限: 35%, 特殊文库关键词: 9个)
2026-07-07 11:51:39.646 | INFO     | arrange_library.core.scheduling.greedy_lane_scheduler:_validate_all_lanes:2188 - 最终验证结果: 2条Lane通过，743个文库未分配
2026-07-07 11:51:39.791 | INFO     | __main__:_build_global_round_robin_lane:5708 - 全局轮转混排未成Lane: prefix=G3, pool_size=743, best=0个/0.0G, min=995.0G
2026-07-07 11:51:39.792 | INFO     | __main__:test_with_model:20122 - wkspecialsplits边排边检查完成: 无需调整
2026-07-07 11:51:39.811 | INFO     | __main__:test_with_model:20157 - 验证完成：2条Lane通过验证
2026-07-07 11:51:39.811 | INFO     | __main__:test_with_model:20178 - 57规则二次改排救援已关闭，失败Lane文库回收到未分配池
2026-07-07 11:51:39.813 | INFO     | __main__:_should_skip_expensive_rescue_stage:2713 - 高成本救援(EX/RB)跳过: 未分配池过大=743个/15903.0G，优先保证主排机时效
2026-07-07 11:51:39.813 | INFO     | arrange_library.core.constraints.lane_validator:__init__:163 - 成Lane校验程序初始化完成 (严格模式: True, 碱基不均衡上限: 35%, 特殊文库关键词: 9个)
2026-07-07 11:51:39.814 | INFO     | __main__:_materialize_balance_library_for_lane:7564 - Lane DL_Nova X-25B_004 尝试补平衡文库模板: sample_id=phix, test_no=Novaseq X Plus-PE150, index_seq=GGGGGGGGGG;ACCGAGATCT
2026-07-07 11:51:39.821 | INFO     | __main__:_materialize_balance_library_for_lane:7597 - Lane DL_Nova X-25B_004 平衡文库补充成功: sample_id=phix, 数据量=21.747G
2026-07-07 11:51:39.826 | INFO     | __main__:test_with_model:20273 - 预构建Lane平衡文库前置处理完成: 需补平衡文库Lane=3，成功=3，失败移除=0，专Lane保留=0
2026-07-07 11:51:41.270 | INFO     | __main__:test_with_model:20282 - 
合并17条预构建Lane到最终结果（过滤掉0条未通过严格校验的预构建Lane）
2026-07-07 11:51:41.270 | INFO     | __main__:test_with_model:20295 - 最终Lane总数: 19 (预构建Lane: 17, 普通Lane: 2)
2026-07-07 11:51:41.271 | INFO     | __main__:test_with_model:20310 - 全局预拆分回滚完成: 4个原始文库因拆分子文库未全部成Lane而回滚
2026-07-07 11:51:41.271 | INFO     | __main__:test_with_model:20338 - 拆分失败回滚原始文库处理完成: 可回1.1候选=4个(合同量<=500.0G)，继续隔离=0个
2026-07-07 11:51:41.301 | INFO     | __main__:_build_global_round_robin_lane:5708 - 全局轮转混排未成Lane: prefix=G3, pool_size=739, best=0个/0.0G, min=995.0G
2026-07-07 11:51:41.301 | INFO     | __main__:test_with_model:20418 - 剩余库全局轮转混排未新增Lane: 剩余未分配=739
2026-07-07 11:51:41.307 | WARNING  | __main__:_ensure_unique_lane_ids:348 - 检测到重复Lane ID，已自动重命名: GL_Nova X-25B_005 -> GL_Nova X-25B_007
2026-07-07 11:51:41.307 | WARNING  | __main__:_ensure_unique_lane_ids:348 - 检测到重复Lane ID，已自动重命名: GL_Nova X-25B_006 -> GL_Nova X-25B_008
2026-07-07 11:51:41.307 | WARNING  | __main__:test_with_model:20446 - 最终收口发现重复Lane ID并已重命名: 2条
2026-07-07 11:51:41.307 | INFO     | __main__:test_with_model:20448 - 脚本内置 Pooling 预测已停用，后续统一调用 prediction_delivery
2026-07-07 11:51:41.307 | WARNING  | __main__:analyze_solution:19952 - Lane DL_Nova X-25B_004 利用率异常: 207.12% (数据量=2174.75GB, 容量=1050.00GB)
2026-07-07 11:51:41.307 | WARNING  | __main__:analyze_solution:19952 - Lane DL_Nova X-25B_001 利用率异常: 208.82% (数据量=2035.96GB, 容量=975.00GB)
2026-07-07 11:51:41.307 | WARNING  | __main__:analyze_solution:19952 - Lane G55_Nova X-25B_001 利用率异常: 220.40% (数据量=2148.86GB, 容量=975.00GB)
2026-07-07 11:51:41.307 | WARNING  | __main__:analyze_solution:19952 - Lane G55_Nova X-25B_002 利用率异常: 222.00% (数据量=2164.55GB, 容量=975.00GB)
2026-07-07 11:51:41.307 | WARNING  | __main__:analyze_solution:19952 - Lane CK_Nova X-25B_001 利用率异常: 225.70% (数据量=2200.55GB, 容量=975.00GB)
2026-07-07 11:51:41.307 | WARNING  | __main__:analyze_solution:19952 - Lane GL_Nova X-25B_001 利用率异常: 215.94% (数据量=2105.41GB, 容量=975.00GB)
2026-07-07 11:51:41.325 | INFO     | __main__:_schedule_rollback_libraries_in_mode_1_1:20480 - 拆分回滚原始文库回流1.1启动: 候选4个，合同量阈值<=500.0G
2026-07-07 11:51:41.325 | INFO     | __main__:test_with_model:19997 - 
================================================================================
2026-07-07 11:51:41.325 | INFO     | __main__:test_with_model:19998 - 排机流程：纯规则排机
2026-07-07 11:51:41.325 | INFO     | __main__:test_with_model:19999 - ================================================================================
2026-07-07 11:51:41.325 | INFO     | arrange_library.core.constraints.index_validator_verified:__init__:80 - Index校验器初始化完成（真实数据验证版本）
2026-07-07 11:51:41.326 | INFO     | arrange_library.core.constraints.lane_validator:__init__:163 - 成Lane校验程序初始化完成 (严格模式: True, 碱基不均衡上限: 35%, 特殊文库关键词: 9个)
2026-07-07 11:51:41.327 | WARNING  | arrange_library.core.ai.pooling_coefficient_optimizer:_load_config:40 - Pooling配置表不存在: /data/work/yuyongpeng/liblane_v2_deepseek/data/wktype_pooling_config.xlsx，将使用默认策略
2026-07-07 11:51:41.327 | INFO     | arrange_library.core.ai.pooling_coefficient_optimizer:_load_efficiency_corrections:185 - 产出效率修正表不存在: /data/work/yuyongpeng/liblane_v2_deepseek/data/production_efficiency_correction.csv，跳过后校准
2026-07-07 11:51:41.327 | WARNING  | arrange_library.core.ai.loutput_predictor_wrapper:_load_model:150 - 模型文件不存在: models/loutput_pre_lane_v5/lightgbm_model.pkl
2026-07-07 11:51:41.327 | WARNING  | arrange_library.core.ai.pooling_coefficient_optimizer:__init__:164 - loutput预测器不可用，将使用规则降级策略
2026-07-07 11:51:41.327 | INFO     | arrange_library.core.scheduling.greedy_lane_scheduler:__init__:264 - 逐Lane贪心排机器初始化完成 - 基础容量: 985.0GB, 利用率区间: [100%, 100%], 配置模式: 按机型自动
2026-07-07 11:51:41.327 | INFO     | arrange_library.core.scheduling.greedy_lane_scheduler:__init__:267 - 启用检查: Index=True, 碱基不均衡=True, 规则检查器=False
2026-07-07 11:51:41.327 | INFO     | __main__:test_with_model:20025 - 排机阶段：Pooling优化器已禁用（V6流程不需要）
2026-07-07 11:51:41.328 | INFO     | arrange_library.core.constraints.lane_validator:__init__:163 - 成Lane校验程序初始化完成 (严格模式: True, 碱基不均衡上限: 35%, 特殊文库关键词: 9个)
2026-07-07 11:51:41.328 | INFO     | __main__:test_with_model:20029 - 严格校验容量区间改为按统一配置表动态解析
2026-07-07 11:51:41.328 | INFO     | arrange_library.core.preprocessing.library_splitter:split_libraries:45 - ============================================================
2026-07-07 11:51:41.328 | INFO     | arrange_library.core.preprocessing.library_splitter:split_libraries:46 - [拆分] 开始文库拆分预处理
2026-07-07 11:51:41.328 | INFO     | arrange_library.core.preprocessing.library_splitter:split_libraries:47 -   拆分规则: 1.1模式文库（兼容旧名1.0）不拆分；3.6T-NEW单对index >130.0G 拆分，多对index >300.0G 拆分
2026-07-07 11:51:41.328 | INFO     | arrange_library.core.preprocessing.library_splitter:split_libraries:53 -   最小保留数据量: >2.0G
2026-07-07 11:51:41.328 | INFO     | arrange_library.core.preprocessing.library_splitter:split_libraries:85 - ------------------------------------------------------------
2026-07-07 11:51:41.328 | INFO     | arrange_library.core.preprocessing.library_splitter:split_libraries:86 -  拆分完成
2026-07-07 11:51:41.328 | INFO     | arrange_library.core.preprocessing.library_splitter:split_libraries:87 -   原始文库数: 4
2026-07-07 11:51:41.328 | INFO     | arrange_library.core.preprocessing.library_splitter:split_libraries:88 -   拆分文库数: 0
2026-07-07 11:51:41.328 | INFO     | arrange_library.core.preprocessing.library_splitter:split_libraries:89 -   最终文库数: 4
2026-07-07 11:51:41.328 | INFO     | arrange_library.core.preprocessing.library_splitter:split_libraries:90 - ============================================================
2026-07-07 11:51:41.328 | INFO     | __main__:test_with_model:20051 - 主流程前置拆分完成: 无需拆分
2026-07-07 11:51:41.328 | INFO     | __main__:test_with_model:20066 - Peak窗口混排预构Lane已按调用方要求关闭
2026-07-07 11:51:41.328 | INFO     | arrange_library.core.scheduling.greedy_lane_scheduler:schedule:1083 - 开始逐Lane贪心排机 - 文库数: 4
2026-07-07 11:51:41.328 | INFO     | arrange_library.core.scheduling.greedy_lane_scheduler:schedule:1093 - 预拆分完成: 使用外层已拆分文库
2026-07-07 11:51:41.328 | INFO     | arrange_library.core.scheduling.greedy_lane_scheduler:_run_batch_analysis:468 - ===== 批次全局分析报告 =====
2026-07-07 11:51:41.328 | INFO     | arrange_library.core.scheduling.greedy_lane_scheduler:_run_batch_analysis:468 - 机器类型: Nova X-25B
2026-07-07 11:51:41.329 | INFO     | arrange_library.core.scheduling.greedy_lane_scheduler:_run_batch_analysis:468 - 文库总数: 4
2026-07-07 11:51:41.329 | INFO     | arrange_library.core.scheduling.greedy_lane_scheduler:_run_batch_analysis:468 - 总数据量: 800.0 GB
2026-07-07 11:51:41.329 | INFO     | arrange_library.core.scheduling.greedy_lane_scheduler:_run_batch_analysis:468 - 预估Lane数: 1~1
2026-07-07 11:51:41.329 | INFO     | arrange_library.core.scheduling.greedy_lane_scheduler:_run_batch_analysis:468 - --- 特征标记 ---
2026-07-07 11:51:41.329 | INFO     | arrange_library.core.scheduling.greedy_lane_scheduler:_run_batch_analysis:468 -   包Lane文库: 无
2026-07-07 11:51:41.329 | INFO     | arrange_library.core.scheduling.greedy_lane_scheduler:_run_batch_analysis:468 -   碱基不均衡: 无
2026-07-07 11:51:41.329 | INFO     | arrange_library.core.scheduling.greedy_lane_scheduler:_run_batch_analysis:468 -   客户文库:   无
2026-07-07 11:51:41.329 | INFO     | arrange_library.core.scheduling.greedy_lane_scheduler:_run_batch_analysis:468 -   10bp文库:   无
2026-07-07 11:51:41.329 | INFO     | arrange_library.core.scheduling.greedy_lane_scheduler:_run_batch_analysis:468 -   非10bp文库: 有
2026-07-07 11:51:41.329 | INFO     | arrange_library.core.scheduling.greedy_lane_scheduler:_run_batch_analysis:468 -   特殊组合:   无
2026-07-07 11:51:41.329 | INFO     | arrange_library.core.scheduling.greedy_lane_scheduler:_run_batch_analysis:468 - --- 分组画像 ---
2026-07-07 11:51:41.329 | INFO     | arrange_library.core.scheduling.greedy_lane_scheduler:_run_batch_analysis:468 -   [non_10bp] 非10碱基文库: 4个文库, 800.0GB, 预估1~1条Lane
2026-07-07 11:51:41.329 | INFO     | arrange_library.core.scheduling.greedy_lane_scheduler:_run_batch_analysis:468 -   [all] 全部文库: 4个文库, 800.0GB, 预估1~1条Lane
2026-07-07 11:51:41.329 | INFO     | arrange_library.core.scheduling.greedy_lane_scheduler:_run_batch_analysis:468 - --- 尾部风险 ---
2026-07-07 11:51:41.329 | INFO     | arrange_library.core.scheduling.greedy_lane_scheduler:_run_batch_analysis:468 -   [non_10bp] 非10碱基文库排完整Lane后剩余800.0GB，不足半Lane(1048GB)，需要大文库骨架携带或混入散样Lane - 800.0GB, 4个, 严重程度: medium
2026-07-07 11:51:41.329 | INFO     | arrange_library.core.scheduling.greedy_lane_scheduler:_run_batch_analysis:468 - --- 策略建议 ---
2026-07-07 11:51:41.329 | INFO     | arrange_library.core.scheduling.greedy_lane_scheduler:_run_batch_analysis:468 -   - 数据分布较均匀，可按常规贪心排机流程处理
2026-07-07 11:51:41.329 | INFO     | arrange_library.core.scheduling.greedy_lane_scheduler:_run_batch_analysis:468 - ===== 报告结束 =====
2026-07-07 11:51:41.329 | INFO     | arrange_library.core.scheduling.greedy_lane_scheduler:_run_batch_analysis:474 - 保留外部传入的策略执行计划，仅使用批次分析报告
2026-07-07 11:51:41.329 | INFO     | arrange_library.core.scheduling.greedy_lane_scheduler:schedule:1129 - 处理机器类型 Nova X-25B - 文库数: 4 - Lane容量: 1050.0GB, 利用率区间: [100%, 100%], 碱基不均占比上限: 35%
2026-07-07 11:51:41.330 | INFO     | arrange_library.core.scheduling.greedy_lane_scheduler:schedule:1228 - 剩余池总量800.0GB不足最小成Lane门槛2095.0GB，跳过后续随机重试
2026-07-07 11:51:41.330 | INFO     | arrange_library.core.scheduling.greedy_lane_scheduler:schedule:1826 - 逐Lane贪心排机完成 - Lane数: 0, 已分配: 0/4, 未分配: 4, 平均利用率: 0.0%, 耗时: 0.00秒
2026-07-07 11:51:41.331 | INFO     | arrange_library.core.constraints.lane_validator:__init__:163 - 成Lane校验程序初始化完成 (严格模式: False, 碱基不均衡上限: 35%, 特殊文库关键词: 9个)
2026-07-07 11:51:41.331 | INFO     | arrange_library.core.scheduling.greedy_lane_scheduler:_validate_all_lanes:2188 - 最终验证结果: 0条Lane通过，4个文库未分配
2026-07-07 11:51:41.331 | INFO     | __main__:test_with_model:20122 - wkspecialsplits边排边检查完成: 无需调整
2026-07-07 11:51:41.331 | INFO     | __main__:test_with_model:20157 - 验证完成：0条Lane通过验证
2026-07-07 11:51:41.331 | INFO     | __main__:test_with_model:20178 - 57规则二次改排救援已关闭，失败Lane文库回收到未分配池
2026-07-07 11:51:41.332 | INFO     | __main__:_attempt_build_rescue_lane_from_pool:5905 - 补Lane尝试跳过: lane_prefix=EX, pool_size=4, pool_data=800.000G不足最小门槛2095.000G
2026-07-07 11:51:41.332 | INFO     | __main__:_try_increase_lane_count:8272 - Lane数量提升停止: machine_type=Nova X-25B, 当前池首次构Lane失败，跳过同池重复尝试
2026-07-07 11:51:41.332 | INFO     | __main__:test_with_model:20197 - Lane数量提升未新增Lane
2026-07-07 11:51:41.332 | INFO     | __main__:_attempt_build_rescue_lane_from_pool:5905 - 补Lane尝试跳过: lane_prefix=RB, pool_size=4, pool_data=800.000G不足最小门槛2095.000G
2026-07-07 11:51:41.332 | INFO     | __main__:try_multi_lib_swap_rebalance:8403 - 跨Lane多文库交换停止: machine_type=Nova X-25B, 当前池首次构Lane失败，跳过同池重复尝试
2026-07-07 11:51:41.333 | INFO     | __main__:test_with_model:20229 - 跨Lane多文库交换未新增Lane，剩余未分配4个
2026-07-07 11:51:41.333 | INFO     | __main__:test_with_model:20418 - 剩余库全局轮转混排未新增Lane: 剩余未分配=4
2026-07-07 11:51:41.333 | INFO     | __main__:test_with_model:20448 - 脚本内置 Pooling 预测已停用，后续统一调用 prediction_delivery
2026-07-07 11:51:41.333 | INFO     | __main__:_schedule_rollback_libraries_in_mode_1_1:20517 - 拆分回滚原始文库回流1.1完成: 新增Lane=0，剩余未分配=4
2026-07-07 11:51:41.335 | INFO     | __main__:_validate_final_package_lanes:3207 - 排后包Lane校验通过
2026-07-07 11:51:41.337 | INFO     | __main__:_validate_no_split_for_package_lane_libraries:3301 - 排后校验通过：包Lane编号文库拆分规则满足约束
2026-07-07 11:51:41.337 | INFO     | arrange_library.core.constraints.lane_validator:__init__:163 - 成Lane校验程序初始化完成 (严格模式: True, 碱基不均衡上限: 35%, 特殊文库关键词: 9个)
2026-07-07 11:51:41.342 | INFO     | __main__:arrange_library:21507 - 平衡文库后处理完成: 需补平衡文库Lane=3，成功=3，失败移除=0，专Lane保留=0，回收文库=0
2026-07-07 11:51:41.344 | INFO     | __main__:_validate_final_package_lanes:3207 - 排后包Lane校验通过
2026-07-07 11:51:41.344 | INFO     | arrange_library.core.constraints.lane_validator:__init__:163 - 成Lane校验程序初始化完成 (严格模式: True, 碱基不均衡上限: 35%, 特殊文库关键词: 9个)
2026-07-07 11:51:41.356 | INFO     | __main__:_validate_final_package_lanes:3207 - 排后包Lane校验通过
2026-07-07 11:51:41.358 | INFO     | __main__:_validate_no_split_for_package_lane_libraries:3301 - 排后校验通过：包Lane编号文库拆分规则满足约束
2026-07-07 11:51:42.885 | INFO     | __main__:_consume_g53_g54_imbalance_as_mode_lanes:1630 - 终态3.6 G53/G54组合碱基不均专Lane未成Lane: group=G54, 候选4个/21.6G, 贪心选择3个/19.6G, 下限970.0G, top_failures=[('capacity_out_of_rule_range', 1), ('index_pairs_less_than_5', 1)]
2026-07-07 11:51:44.023 | INFO     | __main__:_consume_g55_imbalance_as_mode_lanes:16891 - 终态3.6 G55跨基础组碱基不均专Lane未成Lane: 候选507个/5017.0G, 3.6T-NEW真实量窗口=[945.2,1049.8]G, validation_attempts=0, top_failures=[('g55_budgeted_seed_customer_ratio', 11826), ('g55_budgeted_fill_duplicate', 2454), ('g55_budgeted_fill_high_phix_ratio', 2121), ('g55_budgeted_seed_high_phix_ratio', 820), ('g55_budgeted_fill_index_conflict', 752)]
2026-07-07 11:52:04.653 | INFO     | __main__:_consume_g53_g54_imbalance_as_mode_lanes:1630 - 终态3.6 G53/G54组合碱基不均专Lane未成Lane: group=G54, 候选4个/21.6G, 贪心选择3个/19.6G, 下限970.0G, top_failures=[('capacity_out_of_rule_range', 1), ('index_pairs_less_than_5', 1)]
2026-07-07 11:52:05.791 | INFO     | __main__:_consume_g55_imbalance_as_mode_lanes:16891 - 终态3.6 G55跨基础组碱基不均专Lane未成Lane: 候选507个/5017.0G, 3.6T-NEW真实量窗口=[945.2,1049.8]G, validation_attempts=0, top_failures=[('g55_budgeted_seed_customer_ratio', 11826), ('g55_budgeted_fill_duplicate', 2454), ('g55_budgeted_fill_high_phix_ratio', 2121), ('g55_budgeted_seed_high_phix_ratio', 820), ('g55_budgeted_fill_index_conflict', 752)]
2026-07-07 11:52:13.097 | INFO     | __main__:_try_build_single_36t_mixed_lane_from_items:15297 - 终态全局3.6增量混排未成Lane明细: 机型=Nova X-25B, 候选items=140, best_total=0.0G, best_index_pairs=0, repair_seed=0.0G/0对index, rejects={'imbalance_ratio': 16800}, validation_top=[]
2026-07-07 11:52:13.099 | INFO     | arrange_library.core.constraints.index_validator_verified:__init__:80 - Index校验器初始化完成（真实数据验证版本）
2026-07-07 11:52:13.100 | INFO     | arrange_library.core.constraints.lane_validator:__init__:163 - 成Lane校验程序初始化完成 (严格模式: True, 碱基不均衡上限: 35%, 特殊文库关键词: 9个)
2026-07-07 11:52:13.101 | WARNING  | arrange_library.core.ai.pooling_coefficient_optimizer:_load_config:40 - Pooling配置表不存在: /data/work/yuyongpeng/liblane_v2_deepseek/data/wktype_pooling_config.xlsx，将使用默认策略
2026-07-07 11:52:13.102 | INFO     | arrange_library.core.ai.pooling_coefficient_optimizer:_load_efficiency_corrections:185 - 产出效率修正表不存在: /data/work/yuyongpeng/liblane_v2_deepseek/data/production_efficiency_correction.csv，跳过后校准
2026-07-07 11:52:13.102 | WARNING  | arrange_library.core.ai.loutput_predictor_wrapper:_load_model:150 - 模型文件不存在: models/loutput_pre_lane_v5/lightgbm_model.pkl
2026-07-07 11:52:13.102 | WARNING  | arrange_library.core.ai.pooling_coefficient_optimizer:__init__:164 - loutput预测器不可用，将使用规则降级策略
2026-07-07 11:52:13.102 | INFO     | arrange_library.core.scheduling.greedy_lane_scheduler:__init__:264 - 逐Lane贪心排机器初始化完成 - 基础容量: 985.0GB, 利用率区间: [100%, 100%], 配置模式: 按机型自动
2026-07-07 11:52:13.102 | INFO     | arrange_library.core.scheduling.greedy_lane_scheduler:__init__:267 - 启用检查: Index=True, 碱基不均衡=True, 规则检查器=False
2026-07-07 11:52:13.374 | INFO     | arrange_library.core.scheduling.greedy_lane_scheduler:_get_dedicated_lane_profile:982 - 专用Lane分组G51剩余合同量320.0G无法满足1.1或3.6T-NEW有效容量下限
2026-07-07 11:52:13.375 | INFO     | arrange_library.core.scheduling.greedy_lane_scheduler:_get_dedicated_lane_profile:982 - 专用Lane分组G33剩余合同量422.0G无法满足1.1或3.6T-NEW有效容量下限
2026-07-07 11:52:13.554 | INFO     | arrange_library.core.scheduling.greedy_lane_scheduler:_get_dedicated_lane_profile:982 - 专用Lane分组G29剩余合同量538.0G无法满足1.1或3.6T-NEW有效容量下限
2026-07-07 11:52:13.554 | INFO     | arrange_library.core.scheduling.greedy_lane_scheduler:_get_dedicated_lane_profile:982 - 专用Lane分组G27剩余合同量75.0G无法满足1.1或3.6T-NEW有效容量下限
2026-07-07 11:52:13.555 | INFO     | arrange_library.core.scheduling.greedy_lane_scheduler:_get_dedicated_lane_profile:982 - 专用Lane分组G25剩余合同量500.0G无法满足1.1或3.6T-NEW有效容量下限
2026-07-07 11:52:13.555 | INFO     | arrange_library.core.scheduling.greedy_lane_scheduler:_get_dedicated_lane_profile:982 - 专用Lane分组G36剩余合同量37.0G无法满足1.1或3.6T-NEW有效容量下限
2026-07-07 11:52:13.555 | INFO     | arrange_library.core.scheduling.greedy_lane_scheduler:_get_dedicated_lane_profile:982 - 专用Lane分组G16剩余合同量69.0G无法满足1.1或3.6T-NEW有效容量下限
2026-07-07 11:52:13.556 | INFO     | arrange_library.core.scheduling.greedy_lane_scheduler:_get_dedicated_lane_profile:982 - 专用Lane分组G19剩余合同量570.4G无法满足1.1或3.6T-NEW有效容量下限
2026-07-07 11:52:13.556 | INFO     | arrange_library.core.scheduling.greedy_lane_scheduler:_get_dedicated_lane_profile:982 - 专用Lane分组G6剩余合同量150.0G无法满足1.1或3.6T-NEW有效容量下限
2026-07-07 11:52:13.556 | INFO     | arrange_library.core.scheduling.greedy_lane_scheduler:_get_dedicated_lane_profile:982 - 专用Lane分组G7剩余合同量160.0G无法满足1.1或3.6T-NEW有效容量下限
2026-07-07 11:52:13.557 | INFO     | arrange_library.core.scheduling.greedy_lane_scheduler:_get_dedicated_lane_profile:982 - 专用Lane分组G18剩余合同量6.0G无法满足1.1或3.6T-NEW有效容量下限
2026-07-07 11:52:13.572 | INFO     | __main__:_try_add_terminal_global_36t_mixed_lanes:17669 - 终态全局3.6跨机型普通混排补Lane成功: lane=GM_Nova X-25B_001, 承载机型=Nova X-25B, 文库数=12, 数据量=1080.0G
2026-07-07 11:52:13.581 | INFO     | __main__:_try_add_terminal_global_36t_mixed_lanes:17669 - 终态全局3.6跨机型普通混排补Lane成功: lane=GM_Nova X-25B_002, 承载机型=Nova X-25B, 文库数=12, 数据量=1080.0G
2026-07-07 11:52:13.590 | INFO     | __main__:_try_add_terminal_global_36t_mixed_lanes:17669 - 终态全局3.6跨机型普通混排补Lane成功: lane=GM_Nova X-25B_003, 承载机型=Nova X-25B, 文库数=12, 数据量=1080.0G
2026-07-07 11:52:13.598 | INFO     | __main__:_try_add_terminal_global_36t_mixed_lanes:17669 - 终态全局3.6跨机型普通混排补Lane成功: lane=GM_Nova X-25B_004, 承载机型=Nova X-25B, 文库数=12, 数据量=1080.0G
2026-07-07 11:52:13.606 | INFO     | __main__:_try_add_terminal_global_36t_mixed_lanes:17669 - 终态全局3.6跨机型普通混排补Lane成功: lane=GM_Nova X-25B_005, 承载机型=Nova X-25B, 文库数=12, 数据量=1080.0G
2026-07-07 11:52:13.613 | INFO     | __main__:_try_add_terminal_global_36t_mixed_lanes:17669 - 终态全局3.6跨机型普通混排补Lane成功: lane=GM_Nova X-25B_006, 承载机型=Nova X-25B, 文库数=12, 数据量=1080.0G
2026-07-07 11:52:13.621 | INFO     | __main__:_try_add_terminal_global_36t_mixed_lanes:17669 - 终态全局3.6跨机型普通混排补Lane成功: lane=GM_Nova X-25B_007, 承载机型=Nova X-25B, 文库数=12, 数据量=1080.0G
2026-07-07 11:52:13.629 | INFO     | __main__:_try_add_terminal_global_36t_mixed_lanes:17669 - 终态全局3.6跨机型普通混排补Lane成功: lane=GM_Nova X-25B_008, 承载机型=Nova X-25B, 文库数=12, 数据量=1080.0G
2026-07-07 11:52:13.710 | INFO     | __main__:_try_add_terminal_global_36t_mixed_lanes:17669 - 终态全局3.6跨机型普通混排补Lane成功: lane=GM_Nova X-25B_009, 承载机型=Nova X-25B, 文库数=62, 数据量=1002.0G
2026-07-07 11:52:13.711 | INFO     | __main__:arrange_library:21711 - 终态全局3.6混排增量完成: 新增Lane=9，使用拆分原始文库=0，使用普通补料文库=158，剩余未分配=595
2026-07-07 11:52:13.770 | WARNING  | arrange_library.core.constraints.index_validator_verified:validate_lane:177 - Lane内发现 4 个Index冲突
2026-07-07 11:52:13.877 | WARNING  | arrange_library.core.constraints.index_validator_verified:validate_lane:177 - Lane内发现 3 个Index冲突
2026-07-07 11:52:13.922 | WARNING  | arrange_library.core.constraints.index_validator_verified:validate_lane:177 - Lane内发现 3 个Index冲突
2026-07-07 11:52:14.022 | WARNING  | arrange_library.core.constraints.index_validator_verified:validate_lane:177 - Lane内发现 12 个Index冲突
2026-07-07 11:52:14.163 | WARNING  | arrange_library.core.constraints.index_validator_verified:validate_lane:177 - Lane内发现 4 个Index冲突
2026-07-07 11:52:14.480 | WARNING  | arrange_library.core.constraints.index_validator_verified:validate_lane:177 - Lane内发现 3 个Index冲突
2026-07-07 11:52:14.562 | WARNING  | arrange_library.core.constraints.index_validator_verified:validate_lane:177 - Lane内发现 2 个Index冲突
2026-07-07 11:52:14.717 | WARNING  | arrange_library.core.constraints.index_validator_verified:validate_lane:177 - Lane内发现 16 个Index冲突
2026-07-07 11:52:14.925 | WARNING  | arrange_library.core.constraints.index_validator_verified:validate_lane:177 - Lane内发现 14 个Index冲突
2026-07-07 11:52:15.363 | INFO     | __main__:_try_convert_mergeable_36t_tail_lanes_to_mode_1_1:9427 - 终态可合并3.6T Lane两两回收候选: 候选3.6T Lane=14，有效1.1配对=44
2026-07-07 11:52:15.364 | INFO     | __main__:_try_convert_mergeable_36t_tail_lanes_to_mode_1_1:9687 - 终态可合并3.6T Lane两两回收最大匹配: 选中配对=5，source_pairs=[('GL_Nova X-25B_007', 'GM_Nova X-25B_001'), ('GL_Nova X-25B_008', 'GM_Nova X-25B_002'), ('GM_Nova X-25B_003', 'GM_Nova X-25B_004'), ('GM_Nova X-25B_005', 'GM_Nova X-25B_006'), ('GM_Nova X-25B_007', 'GM_Nova X-25B_008')]
2026-07-07 11:52:15.365 | INFO     | __main__:arrange_library:21731 - 终态可合并3.6T Lane两两回收合并1.1完成: 回收3.6T Lane=10，新增1.1 Lane=5，使用文库=197
2026-07-07 11:52:16.915 | INFO     | __main__:_try_reflow_single_36t_dedicated_imbalance_with_unassigned_to_g55:9768 - 终态单条3.6T不均专Lane回流1.1 G55跳过: 未找到可回流3.6T不均专Lane，当前Lane数=23，未分配=595个/6830.5G
2026-07-07 11:52:16.916 | INFO     | arrange_library.core.constraints.lane_validator:__init__:163 - 成Lane校验程序初始化完成 (严格模式: True, 碱基不均衡上限: 35%, 特殊文库关键词: 9个)
2026-07-07 11:52:16.916 | INFO     | arrange_library.core.constraints.lane_validator:__init__:163 - 成Lane校验程序初始化完成 (严格模式: True, 碱基不均衡上限: 35%, 特殊文库关键词: 9个)
2026-07-07 11:52:16.922 | INFO     | __main__:arrange_library:21800 - 终态增量Lane平衡文库后处理完成: 需补平衡文库Lane=3，成功=3，失败移除=0，专Lane保留=0，回收文库=0
2026-07-07 11:53:09.861 | INFO     | __main__:arrange_library:21920 - 最终剩余10bp混排NB补Lane未新增Lane: 剩余未分配=595
2026-07-07 11:53:09.862 | INFO     | __main__:_collect_prediction_rows:18928 - arrange 收集排机结果，用于后续 prediction_delivery 预测
2026-07-07 11:53:09.866 | WARNING  | __main__:_load_lane_index_rule_mapping:11726 - 排机规则映射文件不存在，跳过显式排机规则解析: /data/work/yuyongpeng/liblane_v2_deepseek/paiji_complete2/merge_deal/config
2026-07-07 11:53:09.866 | INFO     | __main__:_collect_prediction_rows:18950 - arrange Lane DL_Nova X-25B_004 排机浓度规则命中: no_loading_concentration_rule_matched, lsjnd=
2026-07-07 11:53:09.866 | INFO     | __main__:_collect_prediction_rows:18954 - arrange Lane DL_Nova X-25B_004 输出规则命中: tj_1595_mode_1_1, lsjfs=25B, lcxms=1.1
2026-07-07 11:53:09.866 | INFO     | __main__:_collect_prediction_rows:18958 - arrange Lane DL_Nova X-25B_004 显式排机规则: P7P5
2026-07-07 11:53:09.867 | INFO     | __main__:_collect_prediction_rows:18950 - arrange Lane DL_Nova X-25B_001 排机浓度规则命中: special_10x_combo_group_b_customer_2_5, lsjnd=2.500
2026-07-07 11:53:09.867 | INFO     | __main__:_collect_prediction_rows:18954 - arrange Lane DL_Nova X-25B_001 输出规则命中: tj_1595_mode_1_1_special_combo, lsjfs=25B, lcxms=1.1
2026-07-07 11:53:09.867 | INFO     | __main__:_collect_prediction_rows:18958 - arrange Lane DL_Nova X-25B_001 显式排机规则: P7P5
2026-07-07 11:53:09.868 | INFO     | __main__:_collect_prediction_rows:18950 - arrange Lane G55_Nova X-25B_001 排机浓度规则命中: no_loading_concentration_rule_matched, lsjnd=
2026-07-07 11:53:09.868 | INFO     | __main__:_collect_prediction_rows:18954 - arrange Lane G55_Nova X-25B_001 输出规则命中: tj_1595_mode_1_1, lsjfs=25B, lcxms=1.1
2026-07-07 11:53:09.868 | INFO     | __main__:_collect_prediction_rows:18958 - arrange Lane G55_Nova X-25B_001 显式排机规则: P7P5
2026-07-07 11:53:09.869 | INFO     | __main__:_collect_prediction_rows:18950 - arrange Lane G55_Nova X-25B_002 排机浓度规则命中: no_loading_concentration_rule_matched, lsjnd=
2026-07-07 11:53:09.869 | INFO     | __main__:_collect_prediction_rows:18954 - arrange Lane G55_Nova X-25B_002 输出规则命中: tj_1595_mode_1_1, lsjfs=25B, lcxms=1.1
2026-07-07 11:53:09.869 | INFO     | __main__:_collect_prediction_rows:18958 - arrange Lane G55_Nova X-25B_002 显式排机规则: P7P5
2026-07-07 11:53:09.871 | INFO     | __main__:_collect_prediction_rows:18950 - arrange Lane CK_Nova X-25B_001 排机浓度规则命中: no_loading_concentration_rule_matched, lsjnd=
2026-07-07 11:53:09.871 | INFO     | __main__:_collect_prediction_rows:18954 - arrange Lane CK_Nova X-25B_001 输出规则命中: tj_1595_mode_1_1, lsjfs=25B, lcxms=1.1
2026-07-07 11:53:09.871 | INFO     | __main__:_collect_prediction_rows:18958 - arrange Lane CK_Nova X-25B_001 显式排机规则: P7P5
2026-07-07 11:53:09.873 | INFO     | __main__:_collect_prediction_rows:18950 - arrange Lane M11R2_001 排机浓度规则命中: no_loading_concentration_rule_matched, lsjnd=
2026-07-07 11:53:09.873 | INFO     | __main__:_collect_prediction_rows:18954 - arrange Lane M11R2_001 输出规则命中: tj_1595_mode_1_1, lsjfs=25B, lcxms=1.1
2026-07-07 11:53:09.873 | INFO     | __main__:_collect_prediction_rows:18958 - arrange Lane M11R2_001 显式排机规则: P7P5
2026-07-07 11:53:09.874 | INFO     | __main__:_collect_prediction_rows:18950 - arrange Lane M11R2_002 排机浓度规则命中: no_loading_concentration_rule_matched, lsjnd=
2026-07-07 11:53:09.874 | INFO     | __main__:_collect_prediction_rows:18954 - arrange Lane M11R2_002 输出规则命中: tj_1595_mode_1_1, lsjfs=25B, lcxms=1.1
2026-07-07 11:53:09.874 | INFO     | __main__:_collect_prediction_rows:18958 - arrange Lane M11R2_002 显式排机规则: P7P5
2026-07-07 11:53:09.874 | INFO     | __main__:_collect_prediction_rows:18950 - arrange Lane M11R2_003 排机浓度规则命中: special_10x_combo_group_b_non_customer_1_78, lsjnd=1.780
2026-07-07 11:53:09.875 | INFO     | __main__:_collect_prediction_rows:18954 - arrange Lane M11R2_003 输出规则命中: tj_1595_mode_1_1_special_combo, lsjfs=25B, lcxms=1.1
2026-07-07 11:53:09.875 | INFO     | __main__:_collect_prediction_rows:18958 - arrange Lane M11R2_003 显式排机规则: P7P5
2026-07-07 11:53:09.879 | INFO     | __main__:_collect_prediction_rows:18950 - arrange Lane GL_Nova X-25B_002 排机浓度规则命中: no_loading_concentration_rule_matched, lsjnd=
2026-07-07 11:53:09.879 | INFO     | __main__:_collect_prediction_rows:18954 - arrange Lane GL_Nova X-25B_002 输出规则命中: tj_1595_mode_1_1, lsjfs=25B, lcxms=1.1
2026-07-07 11:53:09.879 | INFO     | __main__:_collect_prediction_rows:18958 - arrange Lane GL_Nova X-25B_002 显式排机规则: P7P5
2026-07-07 11:53:09.883 | INFO     | __main__:_collect_prediction_rows:18950 - arrange Lane GL_Nova X-25B_003 排机浓度规则命中: no_loading_concentration_rule_matched, lsjnd=
2026-07-07 11:53:09.883 | INFO     | __main__:_collect_prediction_rows:18954 - arrange Lane GL_Nova X-25B_003 输出规则命中: tj_1595_mode_1_1, lsjfs=25B, lcxms=1.1
2026-07-07 11:53:09.883 | INFO     | __main__:_collect_prediction_rows:18958 - arrange Lane GL_Nova X-25B_003 显式排机规则: P7P5
2026-07-07 11:53:09.887 | INFO     | __main__:_collect_prediction_rows:18950 - arrange Lane GL_Nova X-25B_004 排机浓度规则命中: no_loading_concentration_rule_matched, lsjnd=
2026-07-07 11:53:09.887 | INFO     | __main__:_collect_prediction_rows:18954 - arrange Lane GL_Nova X-25B_004 输出规则命中: tj_1595_mode_1_1, lsjfs=25B, lcxms=1.1
2026-07-07 11:53:09.887 | INFO     | __main__:_collect_prediction_rows:18958 - arrange Lane GL_Nova X-25B_004 显式排机规则: P7P5
2026-07-07 11:53:09.893 | INFO     | __main__:_collect_prediction_rows:18950 - arrange Lane GL_Nova X-25B_005 排机浓度规则命中: no_loading_concentration_rule_matched, lsjnd=
2026-07-07 11:53:09.893 | INFO     | __main__:_collect_prediction_rows:18954 - arrange Lane GL_Nova X-25B_005 输出规则命中: tj_1595_mode_1_1, lsjfs=25B, lcxms=1.1
2026-07-07 11:53:09.893 | INFO     | __main__:_collect_prediction_rows:18958 - arrange Lane GL_Nova X-25B_005 显式排机规则: P7P5
2026-07-07 11:53:09.897 | INFO     | __main__:_collect_prediction_rows:18950 - arrange Lane GL_Nova X-25B_006 排机浓度规则命中: no_loading_concentration_rule_matched, lsjnd=
2026-07-07 11:53:09.897 | INFO     | __main__:_collect_prediction_rows:18954 - arrange Lane GL_Nova X-25B_006 输出规则命中: tj_1595_mode_1_1, lsjfs=25B, lcxms=1.1
2026-07-07 11:53:09.897 | INFO     | __main__:_collect_prediction_rows:18958 - arrange Lane GL_Nova X-25B_006 显式排机规则: P7P5
2026-07-07 11:53:09.901 | INFO     | __main__:_collect_prediction_rows:18950 - arrange Lane GL_Nova X-25B_001 排机浓度规则命中: no_loading_concentration_rule_matched, lsjnd=
2026-07-07 11:53:09.901 | INFO     | __main__:_collect_prediction_rows:18954 - arrange Lane GL_Nova X-25B_001 输出规则命中: tj_1595_mode_1_1, lsjfs=25B, lcxms=1.1
2026-07-07 11:53:09.901 | INFO     | __main__:_collect_prediction_rows:18958 - arrange Lane GL_Nova X-25B_001 显式排机规则: P7P5
2026-07-07 11:53:09.905 | INFO     | __main__:_collect_prediction_rows:18950 - arrange Lane CK36_Nova X-25B_001 排机浓度规则命中: no_loading_concentration_rule_matched, lsjnd=
2026-07-07 11:53:09.905 | INFO     | __main__:_collect_prediction_rows:18954 - arrange Lane CK36_Nova X-25B_001 输出规则命中: tj_1595_standard_pe150_25b, lsjfs=25B, lcxms=3.6T-NEW
2026-07-07 11:53:09.905 | INFO     | __main__:_collect_prediction_rows:18958 - arrange Lane CK36_Nova X-25B_001 显式排机规则: P7P5
2026-07-07 11:53:09.908 | INFO     | __main__:_collect_prediction_rows:18950 - arrange Lane CK36_Nova X-25B_002 排机浓度规则命中: no_loading_concentration_rule_matched, lsjnd=
2026-07-07 11:53:09.908 | INFO     | __main__:_collect_prediction_rows:18954 - arrange Lane CK36_Nova X-25B_002 输出规则命中: tj_1595_standard_pe150_25b, lsjfs=25B, lcxms=3.6T-NEW
2026-07-07 11:53:09.908 | INFO     | __main__:_collect_prediction_rows:18958 - arrange Lane CK36_Nova X-25B_002 显式排机规则: P7P5
2026-07-07 11:53:09.911 | INFO     | __main__:_collect_prediction_rows:18950 - arrange Lane CK36_Nova X-25B_003 排机浓度规则命中: no_loading_concentration_rule_matched, lsjnd=
2026-07-07 11:53:09.911 | INFO     | __main__:_collect_prediction_rows:18954 - arrange Lane CK36_Nova X-25B_003 输出规则命中: tj_1595_standard_pe150_25b, lsjfs=25B, lcxms=3.6T-NEW
2026-07-07 11:53:09.911 | INFO     | __main__:_collect_prediction_rows:18958 - arrange Lane CK36_Nova X-25B_003 显式排机规则: P7P5
2026-07-07 11:53:09.912 | INFO     | __main__:_collect_prediction_rows:18950 - arrange Lane GM_Nova X-25B_009 排机浓度规则命中: no_loading_concentration_rule_matched, lsjnd=
2026-07-07 11:53:09.912 | INFO     | __main__:_collect_prediction_rows:18954 - arrange Lane GM_Nova X-25B_009 输出规则命中: tj_1595_standard_pe150_25b, lsjfs=25B, lcxms=3.6T-NEW
2026-07-07 11:53:09.913 | INFO     | __main__:_collect_prediction_rows:18958 - arrange Lane GM_Nova X-25B_009 显式排机规则: P7P5
2026-07-07 11:53:09.914 | INFO     | __main__:_collect_prediction_rows:18950 - arrange Lane GL_Nova X-25B_009 排机浓度规则命中: no_loading_concentration_rule_matched, lsjnd=
2026-07-07 11:53:09.914 | INFO     | __main__:_collect_prediction_rows:18954 - arrange Lane GL_Nova X-25B_009 输出规则命中: tj_1595_mode_1_1, lsjfs=25B, lcxms=1.1
2026-07-07 11:53:09.914 | INFO     | __main__:_collect_prediction_rows:18958 - arrange Lane GL_Nova X-25B_009 显式排机规则: P7P5
2026-07-07 11:53:09.915 | INFO     | __main__:_collect_prediction_rows:18950 - arrange Lane GL_Nova X-25B_010 排机浓度规则命中: no_loading_concentration_rule_matched, lsjnd=
2026-07-07 11:53:09.915 | INFO     | __main__:_collect_prediction_rows:18954 - arrange Lane GL_Nova X-25B_010 输出规则命中: tj_1595_mode_1_1, lsjfs=25B, lcxms=1.1
2026-07-07 11:53:09.915 | INFO     | __main__:_collect_prediction_rows:18958 - arrange Lane GL_Nova X-25B_010 显式排机规则: P7P5
2026-07-07 11:53:09.916 | INFO     | __main__:_collect_prediction_rows:18950 - arrange Lane GL_Nova X-25B_011 排机浓度规则命中: no_loading_concentration_rule_matched, lsjnd=
2026-07-07 11:53:09.916 | INFO     | __main__:_collect_prediction_rows:18954 - arrange Lane GL_Nova X-25B_011 输出规则命中: tj_1595_mode_1_1, lsjfs=25B, lcxms=1.1
2026-07-07 11:53:09.916 | INFO     | __main__:_collect_prediction_rows:18958 - arrange Lane GL_Nova X-25B_011 显式排机规则: P7P5
2026-07-07 11:53:09.917 | INFO     | __main__:_collect_prediction_rows:18950 - arrange Lane GL_Nova X-25B_012 排机浓度规则命中: no_loading_concentration_rule_matched, lsjnd=
2026-07-07 11:53:09.917 | INFO     | __main__:_collect_prediction_rows:18954 - arrange Lane GL_Nova X-25B_012 输出规则命中: tj_1595_mode_1_1, lsjfs=25B, lcxms=1.1
2026-07-07 11:53:09.917 | INFO     | __main__:_collect_prediction_rows:18958 - arrange Lane GL_Nova X-25B_012 显式排机规则: P7P5
2026-07-07 11:53:09.917 | INFO     | __main__:_collect_prediction_rows:18950 - arrange Lane GL_Nova X-25B_013 排机浓度规则命中: no_loading_concentration_rule_matched, lsjnd=
2026-07-07 11:53:09.918 | INFO     | __main__:_collect_prediction_rows:18954 - arrange Lane GL_Nova X-25B_013 输出规则命中: tj_1595_mode_1_1, lsjfs=25B, lcxms=1.1
2026-07-07 11:53:09.918 | INFO     | __main__:_collect_prediction_rows:18958 - arrange Lane GL_Nova X-25B_013 显式排机规则: P7P5
/data/work/yuyongpeng/liblane_v2_deepseek/paiji_complete2/paiji_complete/arrange_library/arrange_library_model6.py:19292: FutureWarning: Downcasting object dtype arrays on .fillna, .ffill, .bfill is deprecated and will change in a future version. Call result.infer_objects(copy=False) instead. To opt-in to the future behavior, set `pd.set_option('future.no_silent_downcasting', True)`
  balance_mask = df[BALANCE_LIBRARY_MARKER_COLUMN].fillna(False).astype(bool)
/data/work/yuyongpeng/liblane_v2_deepseek/paiji_complete2/paiji_complete/arrange_library/arrange_library_model6.py:19715: FutureWarning: Downcasting object dtype arrays on .fillna, .ffill, .bfill is deprecated and will change in a future version. Call result.infer_objects(copy=False) instead. To opt-in to the future behavior, set `pd.set_option('future.no_silent_downcasting', True)`
  non_balance_mask = ~merged[BALANCE_LIBRARY_MARKER_COLUMN].fillna(False).astype(bool)
2026-07-07 11:53:10.265 | INFO     | __main__:_build_detail_output:19760 - 明细输出完成: arrange_library/run_outputs/473_sta_lane_output_v6_round2_nonzero_check.csv
2026-07-07 11:53:10.266 | INFO     | __main__:arrange_library:21948 - 
================================================================================
2026-07-07 11:53:10.266 | INFO     | __main__:arrange_library:21949 - 步骤3: 跳过 prediction_delivery，保留下单量/预测产出空字段
2026-07-07 11:53:10.266 | INFO     | __main__:arrange_library:21950 - ================================================================================
2026-07-07 11:53:10.385 | INFO     | __main__:_run_prediction_delivery:20560 - 已跳过 prediction_delivery 模型预测，输出保留下单量/预测产出字段空值: arrange_library/run_outputs/473_sta_lane_output_v6_round2_nonzero_check.csv
2026-07-07 11:53:10.387 | INFO     | __main__:arrange_library:21952 - 输出后处理完成: 记录数=2603, 平均下单量=nanG, 平均产出量=nanG
2026-07-07 11:53:10.387 | INFO     | __main__:arrange_library:21959 - 
端到端排机完成！
2026-07-07 11:53:10.387 | INFO     | __main__:arrange_library:21960 - 最终输出文件: arrange_library/run_outputs/473_sta_lane_output_v6_round2_nonzero_check.csv
2026-07-07 11:53:10.387 | INFO     | __main__:arrange_library:21961 - ================================================================================
