{
  "wkxpd_q70": 0.0063684672638688,
  "wkadaptorrate_q70": 5.59537678406e-05,
  "wkpeaksize_q30": 440.0,
  "wkqpcr_q60": 5.25,
  "L5_peak_quality_q40": 437.1734115355329,
  "L4_qpcr_x_peakquality_q40": 1801.1544555263956,
  "wkcontractdata_q70": 6.0,
  "L1_to_L5_quality_q30": 1687.489368527157
}