{
  "small_regression": {
    "train": {
      "MAE": 0.47792774345842576,
      "RMSE": 0.7484379044865573,
      "R2": 0.9369444174199081,
      "MAPE": 12.163910143699235,
      "预测达标率": 87.37215243584417,
      "预测理想率": 22.817640974868063,
      "预测不足率": 9.273976114494841
    },
    "val": {
      "MAE": 0.7785016463842943,
      "RMSE": 1.1917855015226713,
      "R2": 0.8442271200871512,
      "MAPE": 19.87058499596396,
      "预测达标率": 93.96270308806423,
      "预测理想率": 28.625567520918537,
      "预测不足率": 3.5270721548909987
    },
    "test": {
      "MAE": 0.7476036805885926,
      "RMSE": 1.1871761859244705,
      "R2": 0.8291134768919264,
      "MAPE": 20.865618369783938,
      "预测达标率": 91.9711373267667,
      "预测理想率": 24.380559691520634,
      "预测不足率": 5.18840911693964
    }
  },
  "large_regression": {
    "train": {
      "MAE": 2.375377050418361,
      "RMSE": 4.075661464558952,
      "R2": 0.9758781843223843,
      "MAPE": 10.862095010570464,
      "预测达标率": 84.93048256597278,
      "预测理想率": 35.11353456120426,
      "预测不足率": 9.915845460381059
    },
    "val": {
      "MAE": 3.6247617147600586,
      "RMSE": 6.81457244658819,
      "R2": 0.9326428879290588,
      "MAPE": 15.773415698404447,
      "预测达标率": 88.23016564952049,
      "预测理想率": 36.56025752799946,
      "预测不足率": 7.1289651934813225
    },
    "test": {
      "MAE": 3.4896839079546993,
      "RMSE": 6.732481031781116,
      "R2": 0.9335923155009161,
      "MAPE": 15.890715425723775,
      "预测达标率": 87.87316417623909,
      "预测理想率": 38.3227210187822,
      "预测不足率": 7.247304258791155
    }
  },
  "small_classifier": {
    "train": {
      "ACC": 0.8069092934239721,
      "Precision": 0.9818396416212881,
      "Recall": 0.7813177078330291,
      "F1": 0.8701761059369633,
      "AUC": 0.9437561197269699,
      "不足召回": 0.93031394750386
    },
    "val": {
      "ACC": 0.7007992195414806,
      "Precision": 0.9247989437042372,
      "Recall": 0.6962946226841392,
      "F1": 0.7944421530212415,
      "AUC": 0.7865551861059494,
      "不足召回": 0.7228489272284893
    },
    "test": {
      "ACC": 0.7335929446798763,
      "Precision": 0.9157970063808217,
      "Recall": 0.7339769631505998,
      "F1": 0.814867876472461,
      "AUC": 0.8135144304756728,
      "不足召回": 0.7320683111954459
    }
  },
  "large_classifier": {
    "train": {
      "ACC": 0.7817977892680036,
      "Precision": 0.9743831451935994,
      "Recall": 0.7419583494091574,
      "F1": 0.8424334112685096,
      "AUC": 0.9269930460571468,
      "不足召回": 0.9282792293481129
    },
    "val": {
      "ACC": 0.7177922339212662,
      "Precision": 0.9313343497656559,
      "Recall": 0.6961127759253788,
      "F1": 0.7967247959035796,
      "AUC": 0.8347482619095956,
      "不足召回": 0.8015989557839778
    },
    "test": {
      "ACC": 0.7193549419255751,
      "Precision": 0.9224581724581724,
      "Recall": 0.7013495331675297,
      "F1": 0.7968500289519398,
      "AUC": 0.8231038049288919,
      "不足召回": 0.7850133809099019
    }
  }
}