{
  "wkxpd_q70": 0.51,
  "wkadaptorrate_q70": 2.190958154948713e-06,
  "wkpeaksize_q30": 440.0,
  "wkqpcr_q60": 10.77,
  "L5_peak_quality_q40": 374.74,
  "L4_qpcr_x_peakquality_q40": 2131.0260000000026,
  "wkcontractdata_q70": 33.33,
  "L1_to_L5_quality_q30": 1591.3112179893399
}